,catapro,dlkcat,mmkcat,turnup,unikp,CatPred
r_0001_ENZ_YDL174C_and_YEL039C,0.0,0.0,0.0,0.0,0.0,0.0
r_0001_ENZ_YDL174C_and_YJR048W,0.0,0.0,0.0,0.0,0.0,0.0
r_0001_ENZ_YEL039C_and_YEL071W,0.0,0.0,0.0,0.0,0.0,0.0
r_0001_ENZ_YEL071W_and_YJR048W,0.0,0.0,0.0,0.0,0.0,0.0
r_0002_ENZ_YDL178W_and_YEL039C,0.0,0.0,0.0,0.0,0.0,0.0
r_0002_ENZ_YDL178W_and_YJR048W,0.0,0.0,0.0,0.0,0.0,0.0
r_0003_ENZ_YAL060W_REV,0.0,0.0,0.0,0.0,0.0,0.0
r_0003_ENZ_YAL060W_FWD,0.0,0.0,0.0,0.0,0.0,0.0
r_0004_ENZ_YEL039C_and_YML054C,0.0,0.0,0.0,0.0,0.0,0.0
r_0004_ENZ_YJR048W_and_YML054C,0.0,0.0,0.0,0.0,0.0,0.0
r_0005_ENZ_YPR165W_and_YLR342W,0.1587169739448232,0.291286466571434,0.2241150433940816,0.4558452209314288,0.1569274346886671,0.20666240570148
r_0005_ENZ_YPR165W_and_YGR032W,0.0,0.0,0.0,0.0,0.0,0.0
r_0005_ENZ_YPR165W_and_YMR306W,0.0,0.0,0.0,0.0,0.0,0.0
r_0006_ENZ_YGR143W,0.0530302025129387,0.0973240601029322,0.0748808765817063,0.1523061067743941,0.0524322851837449,0.0
r_0006_ENZ_YPR159W,0.0,0.0,0.0,0.0,0.0,0.0690496356739419
r_0007_ENZ_YIL020C,0.0163533833398672,0.0300126642485894,0.0230916651556658,0.0469679546948121,0.0161689983889052,0.02129343483798
r_0012_ENZ_YHR037W,0.0,0.0,0.0,0.0,0.0,0.0
r_0013_ENZ_YEL038W_and_YMR009W,4.079907192128425e-05,7.487678982265322e-05,5.761000570281283e-05,0.0001171775235598,4.033906100375795e-05,5.31237091036155e-05
r_0014_ENZ_YOL066C,0.0002147319443649,0.0003940883434169,0.0003032105378103,0.0006167237705407,0.0002123108344203,0.0002795984518885
r_0015_ENZ_YBR153W,0.0002147319443649,0.0003940883434169,0.0003032105378103,0.0006167237705407,0.0002123108344203,0.0002795984518885
r_0016_ENZ_YCL009C_and_YMR108W,0.0475308759688191,0.0,0.0,0.0,0.0469949637326442,0.0
r_0016_ENZ_YMR108W,0.0,0.0872313815585695,0.0671155961807452,0.136511691966878,0.0,0.0618890653511933
r_0017_ENZ_YNL256W,0.0,0.0,0.0,0.0,0.0,0.0
r_0018_ENZ_YER152C_REV,0.0,0.0,0.0,0.0,0.0,0.0
r_0018_ENZ_YER152C_FWD,0.0,0.0,0.0,0.0,0.0,0.0
r_0018_ENZ_YGL202W_REV,0.0,0.0,0.0,0.0,0.0,0.0
r_0018_ENZ_YGL202W_FWD,0.0,0.0,0.0996807622619753,0.2027485456030897,0.0697973954478228,0.0919182658122319
r_0018_ENZ_YJL060W_REV,0.0,0.0,0.0,0.0,0.0,0.0
r_0018_ENZ_YJL060W_FWD,0.0705933377212636,0.1295569301583291,0.0,0.0,0.0,0.0
r_0019_ENZ_YHR063C,4.079907192128425e-05,7.487678982265322e-05,5.761000570281283e-05,0.0001171775235598,4.033906100375795e-05,5.31237091036155e-05
r_0020_ENZ_YDR035W,0.0,0.0,0.0,0.0,0.0,0.0865995808583129
r_0020_ENZ_YBR249C,0.0665085813361522,0.1220603516598138,0.0939129144272385,0.1910168660571491,0.065758694829283,0.0
r_0021_ENZ_YDR204W_and_YGR255C_and_YLR201C_and_YML110C_and_YOL096C_and_YOR125C,0.0,0.0,0.0,0.0,0.0,0.0
r_0022_ENZ_YDR204W_and_YGR255C_and_YLR201C_and_YML110C_and_YOL096C_and_YOR125C,0.0,0.0,0.0,0.0,0.0,0.0
r_0023_ENZ_YGL009C_REV,0.0731092487877898,0.1341742740161521,0.1032333345158174,0.2099744018392547,0.0722849395318729,0.0951941865950968
r_0023_ENZ_YGL009C_FWD,0.0,0.0,0.0,0.0,0.0,0.0
r_0024_ENZ_YNL104C,0.0,0.0,0.0,0.0,0.0,0.0
r_0024_ENZ_YOR108W,0.0,0.0,0.0,0.0,0.0,0.0
r_0025_ENZ_YNL104C,0.0731092487877898,0.1341742740161521,0.1032333345158174,0.2099744018392547,0.0722849395318729,0.0951941865950968
r_0026_ENZ_YHR208W,0.0,0.0,5.761000570281283e-05,0.0,4.033906100375795e-05,0.0
r_0026_ENZ_YJR148W,4.079907192128425e-05,0.0,0.0,0.0,0.0,5.31237091036154e-05
r_0026_ENZ_YGL202W,0.0,0.0,0.0,0.0001171775235598,0.0,0.0
r_0026_ENZ_YHR137W,0.0,7.487678982265322e-05,0.0,0.0,0.0,0.0
r_0027_ENZ_YDR234W_REV,0.0,0.0,0.0,0.0,0.0,0.0
r_0027_ENZ_YDR234W_FWD,0.0705933377212636,0.1295569301583291,0.0996807622619753,0.2027485456030897,0.0697973954478228,0.0919182658122319
r_0028_ENZ_YPR001W,0.0,0.0,0.0,0.0,0.0,0.0
r_0029,0.0731092487877898,0.1341742740161521,0.1032333345158174,0.2099744018392547,0.0722849395318729,0.0951941865950968
r_0030,0.0,0.0,0.0,0.0,0.0,0.0
r_0032_ENZ_YOL064C,0.0141744817762875,0.0260138195019478,0.0200153283484363,0.0407107512054187,0.0140149187872607,0.0184566633490972
r_0033_ENZ_YGL248W,0.0,0.0,0.0,0.0,0.0,0.0
r_0033_ENZ_YOR360C,0.0,0.0,0.0,0.0,0.0,0.0
r_0034_ENZ_YOR360C,0.0,0.0,0.0,0.0,0.0,0.0
r_0035_ENZ_YOR360C,0.0,0.0,0.0,0.0,0.0,0.0
r_0036_ENZ_YOR360C,0.0,0.0,0.0,0.0,0.0,0.0
r_0037_ENZ_YOR360C,0.0,0.0,0.0,0.0,0.0,0.0
r_0038_ENZ_YDR487C,0.0004294638887298,0.0007881766868339,0.0006064210756206,0.0012334475410814,0.0004246216688406,0.0005591969037771
r_0039_ENZ_YDR127W,0.0665085813361522,0.1220603516598138,0.0939129144272385,0.1910168660571491,0.065758694829283,0.0865995808583129
r_0040_ENZ_YDR127W,0.0665085813361522,0.1220603516598138,0.0939129144272385,0.1910168660571491,0.065758694829283,0.0865995808583129
r_0041_ENZ_YBR265W,0.0,0.0,0.0,0.0,0.0,0.0
r_0042_ENZ_YBR249C,0.0,0.0,0.0,0.0,0.0,0.0
r_0042_ENZ_YDR035W,0.0,0.0,0.0,0.0,0.0,0.0
r_0043_ENZ_YPL252C,0.0,0.0,0.0,0.0,0.0,0.0
r_0043_ENZ_YDR376W,0.0,0.0,0.0,0.0,0.0,0.0
r_0044_ENZ_YDR538W_and_YDR539W,0.0,0.0,0.0,0.0,0.0,0.0
r_0045_ENZ_YLR231C,0.0013034229343784,0.0023921163034225,0.0018404880098111,0.0037435133793284,0.0012887267966529,0.001697162644737
r_0057_ENZ_YKR009C,0.0,0.0,0.0,0.0,0.0,0.0
r_0058_ENZ_YJR025C,0.0013034229343784,0.0023921163034225,0.0018404880098111,0.0037435133793284,0.0012887267966529,0.001697162644737
r_0059_ENZ_YER175C,0.0,0.0,0.0,0.0,0.0,0.0
r_0060_ENZ_YGL009C_REV,0.0731092487877898,0.134174274016152,0.1032333345158174,0.2099744018392547,0.0722849395318729,0.0951941865950968
r_0060_ENZ_YGL009C_FWD,0.0,0.0,0.0,0.0,0.0,0.0
r_0061_ENZ_YCL018W,0.0731092487877898,0.1341742740161521,0.1032333345158174,0.2099744018392547,0.0722849395318729,0.0951941865950968
r_0062_ENZ_YGR087C,0.0,0.0,0.0,0.0,0.0,0.0
r_0062_ENZ_YLR044C,0.0,0.0,0.0,0.0,0.0,0.0
r_0062_ENZ_YLR134W,0.0,0.0,0.0,0.0,0.0,0.0
r_0063_ENZ_YBR176W,4.079907192128425e-05,7.487678982265322e-05,5.761000570281283e-05,0.0001171775235598,4.033906100375795e-05,5.31237091036154e-05
r_0064_ENZ_YDL080C,0.0,0.0,0.0,0.0,0.0,0.0
r_0064_ENZ_YGR087C,0.0,0.0,0.0,0.0,0.0,0.0
r_0064_ENZ_YLR044C,0.0,0.0,0.0,0.0,0.0,0.0
r_0064_ENZ_YLR134W,0.0,0.0,0.0,0.0,0.0,0.0
r_0065_ENZ_YDR127W,0.0665085813361522,0.1220603516598138,0.0939129144272385,0.1910168660571491,0.065758694829283,0.0865995808583129
r_0066_ENZ_YNR033W,1.3614006212823992e-05,2.498520269791915e-05,1.922354942461568e-05,3.9100289752264095e-05,1.346050783172792e-05,1.77265430738174e-05
r_0067_ENZ_YMR289W,1.3614006212823992e-05,2.498520269791915e-05,1.922354942461568e-05,3.9100289752264095e-05,1.346050783172792e-05,1.77265430738174e-05
r_0068_ENZ_YGR019W,0.0,0.0,0.0,0.0,0.0,0.0
r_0069_ENZ_YCR053W,0.0,0.0,0.0,0.0,0.0,0.0
r_0070,0.0,0.0,0.0,0.0,0.0,0.0
r_0072_ENZ_YDL080C,0.0,0.0,0.0,0.0,0.0,0.0
r_0073_ENZ_YLR410W,0.0,0.0,0.0,0.0,0.0,0.0
r_0073_ENZ_YOR163W,0.0,0.0,0.0,0.0,0.0,0.0
r_0074_ENZ_YDR017C,0.0,0.0,0.0,0.0,0.0,0.0
r_0075_ENZ_YLR017W,4.0799071921285984e-05,7.487678982265322e-05,5.761000570281283e-05,0.0001171775235598,4.033906100375795e-05,5.31237091036155e-05
r_0076_ENZ_YER037W,0.0,0.0071224798547731,0.0,0.0,0.0,0.0
r_0076_ENZ_YGL224C,0.0,0.0,0.0,0.0,0.0,0.0
r_0077_ENZ_YOR155C,0.0,0.0,0.0,0.0,0.0,0.0
r_0078_ENZ_YER037W,0.0,0.0,0.0,0.0,0.0,0.0
r_0078_ENZ_YGL224C,0.0,0.0,0.0,0.0,0.0,0.0
r_0079_ENZ_YGR061C,0.0219892096454614,0.0403558549607418,0.0310500528141615,0.0631551455477924,0.0217415353350779,0.0286320744674493
r_0080_ENZ_YGL125W_and_YPL023C,0.0426390137286519,0.0781467592228097,0.060180489910796,0.1223886704272268,0.04213302937751,0.0554706467756566
r_0080_ENZ_YGL125W,0.0,0.0,0.0,0.0,0.0,0.0
r_0081_ENZ_YDR232W,0.0,0.0,0.0,0.0,0.0,0.0
r_0082_ENZ_YOR163W,0.0,0.0,0.0,0.0,0.0,0.0
r_0083_ENZ_YDR017C,0.0,0.0,0.0,0.0,0.0,0.0
r_0084_ENZ_YER183C,0.0,0.0,0.0,0.0,0.0,0.0
r_0085_ENZ_YER091C,0.0,0.0,0.0,0.0,0.0,0.0
r_0086_ENZ_YJR024C,4.079907192128425e-05,7.487678982265322e-05,5.761000570281283e-05,0.0001171775235598,4.033906100375795e-05,5.31237091036155e-05
r_0087_ENZ_YPR118W_REV,0.0,0.0,0.0,0.0,0.0,0.0
r_0087_ENZ_YPR118W_FWD,4.079907192128425e-05,7.487678982265322e-05,5.761000570281283e-05,0.0001171775235598,4.033906100375795e-05,5.31237091036155e-05
r_0088_ENZ_YLR410W_REV,0.0,0.0,0.0,0.0,0.0,0.0
r_0088_ENZ_YLR410W_FWD,0.0,0.0,0.0,0.0,0.0,0.0
r_0089_ENZ_YLR410W_REV,0.0,0.0,0.0,0.0,0.0,0.0
r_0089_ENZ_YLR410W_FWD,0.0,0.0,0.0,0.0,0.0,0.0
r_0090_ENZ_YIL107C,0.0,0.0,0.0,0.0,0.0,0.0
r_0090_ENZ_YOL136C,0.0,0.0,0.0,0.0,0.0,0.0
r_0091_ENZ_YGR248W,0.975869677881958,0.0,8.250804497411664,14.81909128518572,0.0,7.44433580150076
r_0091_ENZ_YHR163W,0.0,10.73800237382062,0.0,0.0,0.9311430891925944,0.0
r_0092_ENZ_YLR410W,0.0,0.0,0.0,0.0,0.0,0.0
r_0092_ENZ_YOR163W,0.0,0.0,0.0,0.0,0.0,0.0
r_0093_ENZ_YDR017C,0.0,0.0,0.0,0.0,0.0,0.0
r_0094,0.0,0.0,0.0,0.0,0.0,0.0
r_0095_ENZ_YGR087C,0.0,0.0,0.0,0.0,0.0,0.0
r_0095_ENZ_YLR044C,0.0,0.0,0.0,0.0,0.0,0.0
r_0095_ENZ_YLR134W,0.0,0.0,0.0,0.0,0.0,0.0
r_0096_ENZ_YLR355C,0.1384155916394758,0.2540282088611008,0.1954486376326885,0.3975383626781229,0.1368549511563161,0.180228355189988
r_0097_ENZ_YCL009C_and_YMR108W,0.1384155916394758,0.0,0.0,0.0,0.0,0.0
r_0097_ENZ_YMR108W,0.0,0.2540282088611008,0.1954486376326885,0.3975383626781229,0.1368549511563161,0.180228355189988
r_0099_ENZ_YKL192C_REV,0.0,0.0,0.0,0.0,0.0,0.0
r_0099_ENZ_YKL192C_FWD,0.0,0.0,0.0,0.0,0.0,0.0
r_0100_ENZ_YIL160C,0.0,0.0,0.0,0.0,0.0,0.0
r_0101_ENZ_YIL160C,0.0,0.0,0.0,0.0,0.0,0.0
r_0102_ENZ_YIL160C,0.0,0.0,0.0,0.0,0.0,0.0
r_0103_ENZ_YPL028W_REV,0.0,0.0,0.0,0.0,0.0,0.0
r_0103_ENZ_YPL028W_FWD,0.0,0.0,0.0,0.0,0.0,0.0
r_0104_ENZ_YPL028W_REV,0.0,0.0,0.0,0.0,0.0,0.0
r_0104_ENZ_YPL028W_FWD,0.0475125780103893,0.0871978000989182,0.0670897586937669,0.1364591390691271,0.0469768720843153,0.0619282511989008
r_0105_ENZ_YIL160C,0.0,0.0,0.0,0.0,0.0,0.0
r_0106_ENZ_YIL160C,0.0,0.0,0.0,0.0,0.0,0.0
r_0107_ENZ_YIL160C,0.0,0.0,0.0,0.0,0.0,0.0
r_0108_ENZ_YMR207C,0.0,0.0,0.0,0.0,0.0,0.0
r_0109_ENZ_YDL141W_and_YNR016C,0.2542357973179989,0.4665880733240036,0.3589916398485536,0.7301813430325997,0.2513692800935787,0.331035680578417
r_0111_ENZ_YBL015W,0.0,0.0,0.0,0.0,0.0,0.0
r_0112_ENZ_YAL054C,0.3086095772616145,0.0,0.0,0.0,0.3051299938269695,0.0
r_0112_ENZ_YLR153C,0.0,0.5663779435581385,0.4357697042778818,0.8863462894477893,0.0,0.401834763316328
r_0113_ENZ_YAL054C,0.0,0.0,0.0,0.0,0.0,0.0
r_0114_ENZ_YLR153C,0.0,0.0,0.0,0.0,0.0,0.0
r_0115_ENZ_YER069W,0.0396378386505715,0.0727456281208301,0.0559702954789744,0.1138423879174735,0.0391909206774564,0.051611688962656
r_0116_ENZ_YBR093C,0.0,0.0,0.0,0.0,0.0,0.0
r_0116_ENZ_YAR071W,0.0,0.0,0.0,0.0,0.0,0.0
r_0116_ENZ_YBR092C,0.0,0.0,0.0,0.0,0.0,0.0
r_0116_ENZ_YHR215W,0.0,0.0,0.0,0.0,0.0,0.0
r_0117_ENZ_YPR002W_REV,0.0,0.0,0.0,0.0,0.0,0.0
r_0117_ENZ_YPR002W_FWD,0.0,0.0,0.0,0.0,0.0,0.0
r_0118_ENZ_YOL140W,0.0396378386505715,0.0727456281208301,0.0559702954789744,0.1138423879174735,0.0391909206774564,0.051611688962656
r_0119_ENZ_YPL148C,0.0,0.0,0.0,0.0,0.0,0.0
r_0120_ENZ_YGL205W,0.0,0.0,0.0,0.0,0.0,0.0
r_0121_ENZ_YGL205W,0.0,0.0,0.0,0.0,0.0,0.0
r_0122_ENZ_YGL205W,0.0,0.0,0.0,0.0,0.0,0.0
r_0123_ENZ_YGL205W,0.0,0.0,0.0,0.0,0.0,0.0
r_0124_ENZ_YGL205W,0.0,0.0,0.0,0.0,0.0,0.0
r_0125_ENZ_YGL205W,0.0,0.0,0.0,0.0,0.0,0.0
r_0126_ENZ_YCR048W_REV,0.0,0.0,0.0,0.0,0.0,0.0
r_0126_ENZ_YCR048W_FWD,0.0,0.0,0.0,0.0,0.0,0.0
r_0127_ENZ_YCR048W,0.0,0.0040569552582577,0.0,0.0,0.0,0.0
r_0127_ENZ_YNR019W,0.0022105649795518,0.0,0.0031214107351235,0.0063488828979147,0.0021856407845468,0.0026413524310638
r_0128_ENZ_YCR048W_REV,0.0,0.0,0.0,0.0,0.0,0.0
r_0128_ENZ_YCR048W_FWD,0.0,0.0,0.0,0.0,0.0,0.0
r_0129_ENZ_YCR048W,0.0,0.0,0.0,0.0,0.0,0.0
r_0130_ENZ_YCR048W_REV,0.0,0.0,0.0,0.0,0.0,0.0
r_0130_ENZ_YCR048W_FWD,0.0,0.0,0.0,0.0,0.0,0.0
r_0131_ENZ_YCR048W_REV,0.0,0.0,0.0,0.0,0.0,0.0
r_0131_ENZ_YCR048W_FWD,0.0,0.0,0.0,0.0,0.0,0.0
r_0132_ENZ_YCR048W_REV,0.0,0.0,0.0,0.0,0.0,0.0
r_0132_ENZ_YCR048W_FWD,0.0,0.0,0.0,0.0,0.0,0.0
r_0132_ENZ_YNR019W_REV,0.0,0.0,0.0,0.0,0.0,0.0
r_0132_ENZ_YNR019W_FWD,0.0,0.0,0.0,0.0,0.0,0.0002474847977719
r_0133_ENZ_YCR048W_REV,0.0,0.0,0.0,0.0,0.0,0.0
r_0133_ENZ_YCR048W_FWD,0.0,0.0,0.0,0.0,0.0,0.0
r_0134_ENZ_YCR048W_REV,0.0,0.0,0.0,0.0,0.0,0.0
r_0134_ENZ_YCR048W_FWD,0.0,0.0,0.0,0.0,0.0,0.0
r_0135_ENZ_YCR048W_REV,0.0,0.0,0.0,0.0,0.0,0.0
r_0135_ENZ_YCR048W_FWD,0.0,0.0,0.0,0.0,0.0,0.0
r_0137_ENZ_YJL091C_REV,0.0,0.0,0.0,0.0,0.0,0.0
r_0137_ENZ_YJL091C_FWD,0.0,0.0,0.0,0.0,0.0,0.0
r_0138_ENZ_YNL141W,0.0,0.0,0.0,0.0,0.0,0.0
r_0139_ENZ_YDR441C,0.0,0.0,0.0425797665174757,0.0,0.0,0.0
r_0139_ENZ_YML022W,0.0,0.0,0.0,0.0,0.0,0.0
r_0140_ENZ_YNL141W,0.0,0.0,0.0,0.0,0.0,0.0
r_0142_ENZ_YJR105W,0.0301742834993849,0.0552707735294867,0.0,0.0865891742297619,0.0298088394036944,0.039240554482593
r_0143_ENZ_YML035C,0.0,0.0,0.0,0.0,0.0,0.0
r_0144_ENZ_YER043C,0.0301334844274636,0.055195896739664,0.0425221565117729,0.086471996706202,0.0297685003426907,0.0391874307734894
r_0145_ENZ_YOL052C,4.0799071921285984e-05,7.487678982265322e-05,5.761000570281283e-05,0.0001171775235598,4.033906100375795e-05,5.31237091036155e-05
r_0146_ENZ_YNR058W_REV,0.0,0.0,0.0,0.0,0.0,0.0
r_0146_ENZ_YNR058W_FWD,0.0,0.0,0.0,0.0,0.0,0.0
r_0147_ENZ_YJL005W,0.0,0.0,0.0,0.0,0.0,0.0
r_0148_ENZ_YDL166C,0.0,2.7476822777834458,0.0,0.0,0.0,1.94944592526168
r_0148_ENZ_YDR226W,1.500498094166778,0.0,2.15845273073418,4.300021154330599,1.4803079156501966,0.0
r_0149_ENZ_YER170W,0.0,0.0,0.0,0.0,0.0,0.0
r_0150_ENZ_YER170W_REV,0.0,0.0,0.0,0.0,0.0,0.0
r_0150_ENZ_YER170W_FWD,0.0,0.0,0.0,0.0,0.0,0.0
r_0151_ENZ_YLR359W,0.0219892096454614,0.0403558549607418,0.0310496889614927,0.0631544054792202,0.0217412805620602,0.0286317389492855
r_0152_ENZ_YLR359W_REV,0.0,0.0,0.0,0.0,0.0,0.0
r_0152_ENZ_YLR359W_FWD,0.0280358390016443,0.051452974922479,0.0395877839545334,0.0805207086933797,0.0277197339674839,0.0365049420357327
r_0153_ENZ_YNL220W,0.0280358390016443,0.051452974922479,0.0395877839545334,0.0805207086933797,0.0277197339674839,0.0365049420357327
r_0154_ENZ_YKL001C,0.0141744817762875,0.0260138195019478,0.0200153283484363,0.0407107512054187,0.0140149187872607,0.0184566633490972
r_0155_ENZ_YGR247W,0.0,0.0,0.0,0.0,0.0,0.0
r_0156_ENZ_YFL030W,4.079907192128252e-05,0.0,0.0,0.0,0.0,0.0
r_0157_ENZ_YOR335C,0.1131664010488075,0.2076894504526817,0.1597957184505202,0.325021085054469,0.1118904460446177,0.147351855973863
r_0158_ENZ_YGR177C,0.0,0.0,0.0,0.0,0.0,0.0
r_0158_ENZ_YOR377W,0.0,0.0,0.0,0.0,0.0,0.0
r_0159_ENZ_YGR177C,0.0,0.0,0.0,0.0,0.0,0.0
r_0159_ENZ_YOR377W,0.0,0.0,0.0,0.0,0.0,0.0
r_0160_ENZ_YGR177C,0.0,0.0,0.0,0.0,0.0,0.0
r_0160_ENZ_YOR377W,0.0,0.0,0.0,0.0,0.0,0.0
r_0161_ENZ_YGR177C,0.0,0.0,0.0,0.0,0.0,0.0
r_0161_ENZ_YOR377W,0.0,0.0,0.0,0.0,0.0,0.0
r_0162_ENZ_YGR177C,0.0,0.0,0.0,0.0,0.0,0.0
r_0162_ENZ_YOR377W,0.0,0.0,0.0,0.0,0.0,0.0
r_0163_ENZ_YMR303C,0.0,1.937958504159716,1.3974721866207702,0.0,0.0,0.0
r_0164_ENZ_YDR368W,0.0,0.0,0.0,0.0,0.0,0.0
r_0164_ENZ_YHR104W,0.0,0.0,0.0,0.0,0.0,0.0
r_0165_ENZ_YGL256W,0.0,0.0,0.0,0.0,0.0,0.0
r_0165_ENZ_YMR083W,0.0,1.937958504159716,1.3974721866207702,0.0,0.0,0.0
r_0166_ENZ_YBR145W,0.0,0.0,0.0,0.0,0.0,0.0
r_0166_ENZ_YDL168W,0.0,0.0,0.0,0.0,0.0,0.0
r_0166_ENZ_YOL086C,0.0,0.0,0.0,0.0,0.0,0.0
r_0167_ENZ_YGL256W,0.0,0.0,0.0,0.0,0.0,0.0
r_0167_ENZ_YMR083W,0.0,0.0,0.0,0.0,0.0,0.0
r_0168_ENZ_YCR105W,0.0,0.0,0.0,0.0,0.0,0.0
r_0168_ENZ_YDR368W,0.0,0.0,0.0,0.0,0.0,0.0
r_0168_ENZ_YMR318C,0.0,0.0,0.0,0.0,0.0,0.0
r_0169_ENZ_YBR145W,0.0,0.0,0.0,0.0,0.0,0.0
r_0169_ENZ_YDL168W,0.0,0.0,0.0,0.0,0.0,0.0
r_0169_ENZ_YOL086C,0.0,0.0,0.0,0.0,0.0,0.0
r_0170_ENZ_YGL256W,0.0,0.0,0.0,0.0,0.0,0.0
r_0170_ENZ_YMR083W,0.0,0.0,0.0,0.0,0.0,0.0
r_0171_ENZ_YCR105W,0.0,0.0,0.0,0.0,0.0,0.0
r_0171_ENZ_YMR318C,0.0,0.0,0.0,0.0,0.0,0.0
r_0172_ENZ_YMR170C,4.079907192128425e-05,7.487678982265322e-05,5.761000570281283e-05,0.0,4.033906100375795e-05,5.31237091036155e-05
r_0172_ENZ_YMR169C,0.0,0.0,0.0,0.0001171775235598,0.0,0.0
r_0173_ENZ_YPL061W,0.2944350954853269,0.5403641240561907,0.4157547397821142,0.8456362783109428,0.2911153298127264,0.383378435485395
r_0174_ENZ_YOR374W,0.0,0.0,0.0,0.0,0.0,0.0
r_0175_ENZ_YER073W,0.0,0.0,0.0,0.0,0.0,0.0
r_0175_ENZ_YOR374W,0.0,0.0,0.0,0.0,0.0,0.0
r_0176_ENZ_YOR374W,0.0,0.0,0.0,0.0,0.0,0.0
r_0177_ENZ_YPL061W,0.0,0.0,0.0,0.0,0.0,0.0
r_0178_ENZ_YER073W,0.0,0.0,0.0,0.0,0.0,0.0
r_0178_ENZ_YOR374W,0.0,0.0,0.0,0.0,0.0,0.0
r_0179_ENZ_YBR145W,0.0,0.0,0.0,0.0,0.0,0.0
r_0179_ENZ_YDL168W,0.0,0.0,0.0,0.0,0.0,0.0
r_0179_ENZ_YOL086C,0.0,0.0,0.0,0.0,0.0,0.0
r_0180_ENZ_YGL256W,0.0,0.0,0.0,0.0,0.0,0.0
r_0180_ENZ_YMR083W,0.0,0.0,0.0,0.0,0.0,0.0
r_0181_ENZ_YCR105W,0.0,0.0,0.0,0.0,0.0,0.0
r_0181_ENZ_YMR318C,0.0,0.0,0.0,0.0,0.0,0.0
r_0182_ENZ_YBR145W,0.0,0.0,0.0,0.0,0.0,0.0
r_0182_ENZ_YDL168W,0.0,0.0,0.0,0.0,0.0,0.0
r_0182_ENZ_YOL086C,0.0,0.0,0.0,0.0,0.0,0.0
r_0183_ENZ_YGL256W,0.0,0.0,0.0,0.0,0.0,0.0
r_0183_ENZ_YMR083W,0.0,0.0,0.0,0.0,0.0,0.0
r_0184_ENZ_YCR105W,0.0,0.0,0.0,0.0,0.0,0.0
r_0184_ENZ_YMR318C,0.0,0.0,0.0,0.0,0.0,0.0
r_0185_ENZ_YMR169C,0.0,0.0,0.0,0.0,0.0,0.0
r_0185_ENZ_YMR170C,0.0,0.0,0.0,0.0,0.0,0.0
r_0186_ENZ_YBR145W,0.0,0.0,0.0,0.0,0.0,0.0
r_0186_ENZ_YDL168W,0.0,0.0,0.0,0.0,0.0,0.0
r_0186_ENZ_YOL086C,0.0,0.0,0.0,0.0,0.0,0.0
r_0187_ENZ_YGL256W,0.0,0.0,0.0,0.0,0.0,0.0
r_0187_ENZ_YMR083W,0.0,0.0,0.0,0.0,0.0,0.0
r_0188_ENZ_YDR481C,0.0,2.498520269791915e-05,0.0,0.0,0.0,0.0
r_0189_ENZ_YIR029W_REV,0.0,0.0,0.0,0.0,0.0,0.0
r_0189_ENZ_YIR029W_FWD,0.0,0.0,0.0,0.0,0.0,0.0
r_0190_ENZ_YIR027C_REV,0.0,0.0,0.0,0.0,0.0,0.0
r_0190_ENZ_YIR027C_FWD,0.0,0.0,0.0,0.0,0.0,0.0
r_0191_ENZ_YBR208C,0.0,0.0,0.0,0.0,0.0,0.0
r_0192_ENZ_YBR199W,0.0,0.0,0.0,0.0,0.0,0.0
r_0192_ENZ_YBR205W,0.0,0.0,0.0,0.0,0.0,0.0
r_0192_ENZ_YDR483W,0.0,0.0,0.0,0.0,0.0,0.0
r_0192_ENZ_YJL139C,0.0,0.0,0.0,0.0,0.0,0.0
r_0192_ENZ_YKR061W,0.0,0.0,0.0,0.0,0.0,0.0
r_0192_ENZ_YNL029C,0.0,0.0,0.0,0.0,0.0,0.0
r_0192_ENZ_YOR099W,0.0,0.0,0.0,0.0,0.0,0.0
r_0192_ENZ_YPL053C,0.0,0.0,0.0,0.0,0.0,0.0
r_0193_ENZ_YPR026W,0.0,0.0,0.0,0.0,0.0,0.0
r_0193_ENZ_YBR001C,0.0,0.0,0.0,0.0,0.0,0.0
r_0194_ENZ_YDR001C,0.0,0.0,0.0,0.0,0.0,0.0
r_0195_ENZ_YBR126C_and_YDR074W_and_YML100W,0.0293216478504283,0.0538127648487827,0.0414034001345642,0.0842136333011156,0.0289910452779412,0.0381791697087656
r_0195_ENZ_YBR126C_and_YDR074W_and_YMR261C,0.0,0.0,0.0,0.0,0.0,0.0
r_0198_ENZ_YBR299W,0.0,0.0,0.0,0.0,0.0,0.0
r_0198_ENZ_YGR287C,0.0,0.0,0.0,0.0,0.0,0.0
r_0198_ENZ_YGR292W,0.0,0.0,0.0,0.0,0.0,0.0
r_0198_ENZ_YIL172C,0.0,0.0,0.0,0.0,0.0,0.0
r_0198_ENZ_YJL216C,0.0,0.0,0.0,0.0,0.0,0.0
r_0198_ENZ_YJL221C,0.0,0.0,0.0,0.0,0.0,0.0
r_0199_ENZ_YDR242W,0.0,0.0,0.0,0.0,0.0,0.0
r_0199_ENZ_YMR293C,0.0,0.0,0.0,0.0,0.0,0.0
r_0200,0.0,0.0,0.0,0.0,0.0,0.0
r_0201_ENZ_YOR374W,0.0,0.0,0.0,0.0,0.0,0.0
r_0202_ENZ_YDR354W,0.0083084924516786,0.01524822045578,0.0117319408256522,0.0238625175563098,0.0082148139179199,0.010818332753831
r_0203_ENZ_YER090W_and_YKL211C,0.0083084924516786,0.01524822045578,0.0117319408256522,0.0238625175563098,0.0082148139179199,0.010818332753831
r_0204_ENZ_YDR305C_REV,0.0,0.0,0.0,0.0,0.0,0.0
r_0204_ENZ_YDR305C_FWD,0.0,0.0,0.0,0.0,0.0,0.0
r_0205_ENZ_YHR104W,0.0,0.0,0.0,0.0,0.0,0.0
r_0206_ENZ_YPL111W,0.0,0.0,0.0,0.0,0.0,0.0
r_0207_ENZ_YHR018C_REV,0.0,0.0,0.0,0.0,0.0,0.0
r_0207_ENZ_YHR018C_FWD,0.0396378386505715,0.0727456281208301,0.0559702954789744,0.1138423879174735,0.0391909206774564,0.051611688962656
r_0208_ENZ_YOL058W_REV,0.0,0.0,0.0,0.0,0.0,0.0
r_0208_ENZ_YOL058W_FWD,0.0396378386505715,0.0727456281208301,0.0559702954789744,0.1138423879174735,0.0391909206774564,0.051611688962656
r_0209_ENZ_YDR341C,0.0396378386505715,0.0727456281208301,0.0559702954789744,0.1138423879174735,0.0391909206774564,0.051611688962656
r_0210_ENZ_YHR091C,0.0,0.0,0.0,0.0,0.0,0.0
r_0211_ENZ_YGR124W,0.0250850552299693,0.0460375278086339,0.0,0.0,0.0,0.0326627816302884
r_0211_ENZ_YPR145W,0.0,0.0,0.035421153148761,0.0720458704521276,0.0248022203827495,0.0
r_0212_ENZ_YHR019C,0.0250850552299693,0.0460375278086339,0.035421153148761,0.0720458704521276,0.0248022203827495,0.0326627816302884
r_0213_ENZ_YCR024C,0.0,0.0,0.0,0.0,0.0,0.0
r_0214_ENZ_YJL130C,0.0230339390550606,0.0422732021144936,0.0325248908327608,0.0661549346393496,0.0227742306121736,0.0299920615898016
r_0215_ENZ_YER052C,0.061384705079624,0.1126567209527903,0.0866777856250929,0.1763007683006831,0.0606925904510668,0.0799278773386967
r_0216_ENZ_YLR027C_REV,0.2725471594808628,0.5001941322725889,0.3848480534616659,0.7827727371552885,0.2694741810279704,0.354878563051536
r_0216_ENZ_YLR027C_FWD,0.0,0.0,0.0,0.0,0.0,0.0
r_0217_ENZ_YKL106W,-0.0,-0.0,-0.0,-0.0,-0.0,0.0
r_0218_ENZ_YLR027C_REV,0.0,0.0,0.0,0.0,0.0,0.0
r_0218_ENZ_YLR027C_FWD,0.0,0.0,0.0,0.0,0.0,0.0
r_0219_ENZ_YDR158W,0.061384705079624,0.1126567209527903,0.0866777856250929,0.1763007683006831,0.0606925904510668,0.0799278773386966
r_0220_ENZ_YLL018C,0.0733805728185315,0.1346722233926198,0.1036164554600504,0.2107536616730547,0.0725532043749797,0.0955474725450747
r_0221_ENZ_YPL104W,0.0,0.0,0.0,0.0,0.0,0.0
r_0222_ENZ_YDR530C,0.0,0.0,0.0,0.0,0.0,0.0
r_0223_ENZ_YCL050C,0.0,0.0,0.0,0.0,0.0,0.0
r_0224_ENZ_YCL050C,0.0,0.0,0.0,0.0,0.0,0.0
r_0225_ENZ_YER055C,0.0163533833398672,0.0300126642485894,0.0230916651556658,0.0469679546948121,0.0161689983889052,0.02129343483798
r_0226_ENZ_Q0080_and_Q0085_and_Q0130_and_YBL099W_and_YBR039W_and_YDL004W_and_YDR298C_and_YDR377W_and_YJR121W_and_YKL016C_and_YLR295C_and_YML081C-A_and_YPL078C_and_YPL271W_and_YDR322C-A_and_YPR020W_and_YOL077W-A,11.252917156058045,29.91448157630573,23.925104635641603,45.71191052782868,4.306356422592763,21.4132126678793
r_0227_ENZ_YCR024C-A_and_YEL017C-A_and_YGL008C,0.0,0.0,0.0,0.0,0.0,0.0
r_0227_ENZ_YCR024C-A_and_YEL017C-A_and_YPL036W,0.0,0.0,0.0,0.0,0.0,0.0
r_0227_ENZ_YER005W,0.0,0.0,0.716456749431198,0.0,0.0,0.0
r_0228_ENZ_YBR110W,0.0,0.0,0.0,0.0,0.0,0.0
r_0229_ENZ_YGR286C_REV,0.0,0.0,0.0,0.0,0.0,0.0
r_0229_ENZ_YGR286C_FWD,0.0,0.0,0.0,0.0,0.0,0.0
r_0230_ENZ_YDL141W,0.0,0.0,0.0,0.0,0.0,0.0
r_0231_ENZ_YNL280C,0.0079187630017315,0.014532966683153,0.0111816264489611,0.0227431898448545,0.0078294786807192,0.0103213751998168
r_0233_ENZ_YMR015C,0.0,0.0,0.0,0.0,0.0,0.0
r_0234_ENZ_YGL001C,0.0079187630017315,0.014532966683153,0.0111816264489611,0.0227431898448545,0.0078294786807192,0.0103213751998168
r_0235_ENZ_YGL001C,0.0079187630017315,0.014532966683153,0.0111816264489611,0.0227431898448545,0.0078294786807192,0.0103213751998168
r_0236_ENZ_YLR100W,0.0079187630017315,0.014532966683153,0.0111816264489611,0.0227431898448545,0.0078294786807192,0.0103213751998168
r_0237_ENZ_YLR100W,0.0079187630017315,0.014532966683153,0.0111816264489611,0.0227431898448545,0.0078294786807192,0.0103213751998168
r_0238_ENZ_YGR060W,0.0079187630017315,0.014532966683153,0.0111816264489611,0.0227431898448545,0.0078294786807192,0.0103213751998168
r_0239_ENZ_YGR060W,0.0079187630017315,0.014532966683153,0.0111816264489611,0.0227431898448545,0.0078294786807192,0.0103213751998168
r_0240_ENZ_YGR060W,0.0079187630017315,0.014532966683153,0.0111816264489611,0.0227431898448545,0.0078294786807192,0.0103213751998168
r_0241_ENZ_YGR060W,0.0079187630017315,0.014532966683153,0.0111816264489611,0.0227431898448545,0.0078294786807192,0.0103213751998168
r_0242_ENZ_YLR056W,0.0,0.0,0.0,0.0,0.0,0.0
r_0243_ENZ_YMR202W,0.0,0.0,0.0,0.0,0.0,0.0
r_0244_ENZ_YGL012W,0.0079187630017315,0.014532966683153,0.0111816264489611,0.0227431898448545,0.0078294786807192,0.0103213751998168
r_0249_ENZ_YDL090C_and_YKL019W,0.0,0.0,0.0,0.0,0.0,0.0
r_0250_ENZ_YJL130C,0.0626717777056321,0.1150188302353238,0.0,0.0,0.06196515128963,0.0816037505524577
r_0250_ENZ_YJR109C_and_YOR303W,0.0,0.0,0.0884951863117352,0.1799973225568231,0.0,0.0
r_0252_ENZ_YAR035W,0.0,0.0,0.0,0.0,0.0,0.0
r_0252_ENZ_YER024W,0.0,0.0,0.0,0.0,0.0,0.0
r_0253_ENZ_YML042W,0.0,0.0,0.0,0.0,0.0,0.0
r_0254_ENZ_YML042W,0.0,0.0,0.0,0.0,0.0,0.0
r_0255_ENZ_YGR088W,2.0399535960642125e-05,3.743839491132661e-05,2.880500285140641e-05,5.858876177994299e-05,2.016953050187897e-05,2.65618545518077e-05
r_0256_ENZ_YDR256C,0.0,0.0,0.0,0.0,0.0,0.0
r_0259_ENZ_YDR297W,0.0,0.0,0.0,0.0,0.0,0.0
r_0260_ENZ_YMR272C,0.0,0.0,0.0,0.0,0.0,0.0
r_0261_ENZ_YDR297W,0.0,0.0,0.0,0.0,0.0,0.0
r_0262_ENZ_YMR272C,0.0,0.0,0.0,0.0,0.0,0.0
r_0263_ENZ_YKL008C_and_YHL003C_and_YMR298W,0.0,0.0,0.0,0.0,0.0,0.0
r_0264_ENZ_YKL008C_and_YHL003C_and_YMR298W,0.0,0.0,0.0,0.0,0.0,0.0
r_0265_ENZ_YKL008C_and_YHL003C_and_YMR298W,0.0,0.0,0.0,0.0,0.0,0.0
r_0266_ENZ_YKL008C_and_YHL003C_and_YMR298W,0.0,0.0,0.0,0.0,0.0,0.0
r_0267_ENZ_YMR272C,0.0,0.0,0.0,0.0,0.0,0.0
r_0268_ENZ_YMR272C,0.0,0.0,0.0,0.0,0.0,0.0
r_0269_ENZ_YMR272C,0.0,0.0,0.0,0.0,0.0,0.0
r_0270_ENZ_YMR272C,0.0,0.0,0.0,0.0,0.0,0.0
r_0271_ENZ_YLR307W,0.0,0.0,0.0,0.0,0.0,0.0
r_0271_ENZ_YLR308W,0.0,0.0,0.0,0.0,0.0,0.0
r_0272_ENZ_YBR023C,0.005069821352974,0.0093044260569737,0.0071588010045921,0.014560848643276,0.0050126589455305,0.0066013196398678
r_0272_ENZ_YBR038W,0.0,0.0,0.0,0.0,0.0,0.0
r_0272_ENZ_YNL192W,0.0,0.0,0.0,0.0,0.0,0.0
r_0273_ENZ_YLR133W,0.0,0.0,0.0,0.0,0.0,0.0
r_0274_ENZ_YGR202C,0.0,0.0,0.0,0.0,0.0,0.0
r_0278_ENZ_YPR060C,0.0581864748782606,0.1067871460013358,0.0821617500521617,0.1671152482110871,0.0575304204035314,0.075763521561408
r_0279_ENZ_YGL148W,0.0665085813361522,0.1220603516598138,0.0939129144272385,0.1910168660571491,0.065758694829283,0.0865995808583129
r_0280_ENZ_YLR304C_REV,0.0,0.0,0.0,0.0,0.0,0.0
r_0280_ENZ_YLR304C_FWD,0.0,0.0,0.3182739607478714,0.0,0.0,0.0
r_0281_ENZ_YBR002C,0.0,0.0,0.0,0.0,0.0,0.0
r_0281_ENZ_YMR101C,0.0,0.0,0.0,0.0,0.0,0.0
r_0282_ENZ_YBR002C,0.0,0.0,0.0,0.0,0.0,0.0
r_0282_ENZ_YMR101C,0.0,0.0,0.0,0.0,0.0,0.0
r_0283_ENZ_YBR002C,0.0,0.0,0.0,0.0,0.0,0.0
r_0283_ENZ_YMR101C,0.0,0.0,0.0,0.0,0.0,0.0
r_0284_ENZ_YBR002C,0.0,0.0,0.0,0.0,0.0,0.0
r_0284_ENZ_YMR101C,0.0,0.0,0.0,0.0,0.0,0.0
r_0285_ENZ_YBR002C,0.0,0.0,0.0,0.0,0.0,0.0
r_0285_ENZ_YMR101C,0.0,0.0,0.0,0.0,0.0,0.0
r_0286_ENZ_YBR002C,0.0,0.0,0.0,0.0,0.0,0.0
r_0286_ENZ_YMR101C,0.0,0.0,0.0,0.0,0.0,0.0
r_0287_ENZ_YBR002C,0.0,0.0,0.0,0.0,0.0,0.0
r_0287_ENZ_YMR101C,0.0,0.0,0.0,0.0,0.0,0.0
r_0288_ENZ_YBR002C,0.0,0.0,0.0,0.0,0.0,0.0
r_0288_ENZ_YMR101C,0.0,0.0,0.0,0.0,0.0,0.0
r_0289_ENZ_YBR002C,0.0,0.0,0.0,0.0,0.0,0.0
r_0289_ENZ_YMR101C,0.0,0.0,0.0,0.0,0.0,0.0
r_0290_ENZ_YBR002C,0.0,0.0,0.0,0.0,0.0,0.0
r_0290_ENZ_YMR101C,0.0,0.0,0.0,0.0,0.0,0.0
r_0291_ENZ_YBR002C,0.0,0.0,0.0,0.0,0.0,0.0
r_0291_ENZ_YMR101C,0.0,0.0,0.0,0.0,0.0,0.0
r_0292_ENZ_YBR002C,0.0,0.0,0.0,0.0,0.0,0.0
r_0292_ENZ_YMR101C,0.0,0.0,0.0,0.0,0.0,0.0
r_0293_ENZ_YBR002C,0.0,0.0,0.0,0.0,0.0,0.0
r_0293_ENZ_YMR101C,0.0,0.0,0.0,0.0,0.0,0.0
r_0294_ENZ_YBR002C_REV,0.0,0.0,0.0,0.0,0.0,0.0
r_0294_ENZ_YBR002C_FWD,0.0,0.0,0.0,0.0,0.0,0.0
r_0294_ENZ_YMR101C_REV,0.0,0.0,0.0,0.0,0.0,0.0
r_0294_ENZ_YMR101C_FWD,0.0,0.0,0.0,0.0,0.0,0.0
r_0295_ENZ_YBR002C_REV,0.0,0.0,0.0,0.0,0.0,0.0
r_0295_ENZ_YBR002C_FWD,0.0,0.0,0.0,0.0,0.0,0.0
r_0295_ENZ_YMR101C_REV,0.0,0.0,0.0,0.0,0.0,0.0
r_0295_ENZ_YMR101C_FWD,0.0,0.0,0.0,0.0,0.0,0.0
r_0296_ENZ_YBR002C,0.0,0.0,0.0,0.0,0.0,0.0
r_0296_ENZ_YMR101C,0.0,0.0,0.0,0.0,0.0,0.0
r_0297_ENZ_YBR002C,0.0,0.0,0.0,0.0,0.0,0.0
r_0297_ENZ_YMR101C,0.0,0.0,0.0,0.0,0.0,0.0
r_0298_ENZ_YBR002C,0.0,0.0,0.0,0.0,0.0,0.0
r_0298_ENZ_YMR101C,0.0,0.0,0.0,0.0,0.0,0.0
r_0299_ENZ_YBR002C,0.0,0.0,0.0,0.0,0.0,0.0
r_0299_ENZ_YMR101C,0.0,0.0,0.0,0.0,0.0,0.0
r_0300_ENZ_YNR001C,0.2972110852067957,0.0,0.4196169440308386,0.853491919424451,0.2938196810950736,0.386939876115454
r_0300_ENZ_YPR001W,0.0,0.5453839023439429,0.0,0.0,0.0,0.0
r_0301_ENZ_YCR005C,0.0,0.0,0.0,0.0,0.0,0.0
r_0302_ENZ_YLR304C_REV,0.0,0.0,0.0,0.0,0.0,0.0
r_0302_ENZ_YLR304C_FWD,0.0,0.0,0.3182739607478714,0.0,0.0,0.0
r_0303_ENZ_YLR304C_REV,0.0,0.0,0.0,0.0,0.0,0.0
r_0303_ENZ_YLR304C_FWD,0.0,0.0,0.1013429832829672,0.0,0.065758694829283,0.0
r_0304_ENZ_YDR044W,0.0,0.0,0.0,0.0,0.0,0.0
r_0306_ENZ_YBL039C,0.0,0.0,0.0,0.0,0.0,0.0
r_0306_ENZ_YJR103W,0.0,0.0,0.0,0.0,0.0,0.0
r_0307_ENZ_YBL039C,0.005290591484036,0.024177141757186,0.0149410754320114,0.0303898289383561,0.0104618797717768,0.0137775606036284
r_0307_ENZ_YJR103W,0.005290591484036,0.0,0.0,0.0,0.0,0.0
r_0308_ENZ_YFR055W,0.0,0.0,0.0,0.0,0.0,0.0
r_0308_ENZ_YGL184C,0.0,0.0,0.0,0.0,0.0,0.0
r_0309_ENZ_YGR155W,0.0016689524750992,0.0030629570188021,0.0023566310967444,0.0047933374158216,0.0016501349794237,0.0021731118287661
r_0310_ENZ_YAL012W,0.0016689524750992,0.0030629570188021,0.0023566310967444,0.0047933374158216,0.0016501349794237,0.0021731118287661
r_0311_ENZ_YJR130C,0.0,0.0,0.0,0.0,0.0,0.0
r_0312_ENZ_YLR303W,-0.0,-0.0,-0.0,-0.0,-0.0,0.0
r_0313_ENZ_YNL247W,0.0016279386712274,0.0029876861406246,0.0022987178804951,0.0046755431684734,0.0016095836075794,0.0021197085212026
r_0314_ENZ_YLR245C,0.0,0.0071224798547731,0.0,0.0,0.0,0.0
r_0315_ENZ_YNR012W,0.0,0.0,0.0,0.0,0.0,0.0
r_0317_ENZ_YHR007C_and_YHR042W,0.0079187630017315,0.014532966683153,0.0111816264489611,0.0227431898448545,0.0078294786807192,0.0103213751998168
r_0318_ENZ_YPR062W,0.0,0.0,0.0,0.0,0.0,0.0
r_0319_ENZ_YML086C,0.0,0.0,0.0,0.0,0.0,0.0
r_0320_ENZ_YMR041C,0.0,0.0,0.0,0.0,0.0,0.0
r_0321_ENZ_YBR149W,0.0,0.0,0.0,0.0,0.0,0.0
r_0322_ENZ_YKL060C_REV,0.0,0.0,0.0,0.0,0.0,0.0
r_0322_ENZ_YKL060C_FWD,0.0,0.0,0.0,0.0,0.0,0.0
r_0323_ENZ_YDL246C,0.0,0.0,0.0,0.0,0.0,0.0
r_0323_ENZ_YJR159W,0.0,0.0,0.0,0.0,0.0,0.0
r_0326_ENZ_YHR144C_REV,0.0,0.0009458120964584,0.0,0.0,0.0,0.0
r_0326_ENZ_YHR144C_FWD,0.0007730350087755,0.0,0.0010915579489128,0.0022202055999726,0.0007643190128728,0.001006554438598
r_0327_ENZ_YHR144C,0.0,0.0,0.0,0.0,0.0,0.0
r_0328_ENZ_YNL141W,0.0,0.0,0.0,0.0,0.0,0.0
r_0329_ENZ_YLR245C,0.0,0.0,0.0,0.0,0.0,0.0
r_0330_ENZ_YDR454C_REV,0.0005153567058477,0.0009458120964584,0.0007277053463397,0.0014801371623765,0.0005095460415368,0.000671036335798
r_0330_ENZ_YDR454C_FWD,0.0,0.0,0.0,0.0,0.0,0.0
r_0331_ENZ_YHR068W,0.0,0.0,0.0,0.0,0.0,0.0
r_0332_ENZ_YCR036W,0.0,0.0,0.0,0.0,0.0,0.0
r_0334_ENZ_YDR196C,4.079907192128425e-05,0.0,0.0,0.0,2.220446049250313e-16,-1.0779232471267e-17
r_0335_ENZ_YNR057C_REV,0.0,0.0,0.0,0.0,0.0,0.0
r_0335_ENZ_YNR057C_FWD,0.0,0.0,0.0,0.0,0.0,0.0
r_0340_ENZ_YPL087W_REV,0.0,0.0,0.0,0.0,0.0,0.0
r_0340_ENZ_YPL087W_FWD,0.0,0.0,0.0,0.0,0.0,0.0
r_0341_ENZ_YPL087W_REV,0.0,0.0,0.0,0.0,0.0,0.0
r_0341_ENZ_YPL087W_FWD,0.0,0.0,0.0,0.0,0.0,0.0
r_0342_ENZ_YPL087W,0.0,0.0,0.0,0.0,0.0,0.0
r_0343_ENZ_YPL087W,0.0,0.0,0.0,0.0,0.0,0.0
r_0344_ENZ_YOR236W,0.0007866490149883,0.0014437032556297,0.0011107814983374,0.0022593058897248,0.0007777795207045,0.0010242809816718
r_0345_ENZ_YOR236W,0.0,0.0,0.0,0.0,0.0,0.0
r_0346_ENZ_YMR113W,1.3614006212823992e-05,2.498520269791915e-05,1.922354942461568e-05,3.9100289752264095e-05,1.346050783172792e-05,1.77265430738174e-05
r_0347_ENZ_YNL256W,1.3614006212823992e-05,2.498520269791915e-05,1.922354942461568e-05,3.9100289752264095e-05,1.346050783172792e-05,1.77265430738174e-05
r_0348_ENZ_YDL100C,1.3614006212823992e-05,0.0,1.922354942461568e-05,3.9100289752264095e-05,1.346050783172792e-05,1.77265430738174e-05
r_0349_ENZ_YLR420W_REV,0.0230339390550606,0.0422732021144936,0.0325248908327608,0.0661549346393496,0.0227742306121736,0.0299920615898016
r_0349_ENZ_YLR420W_FWD,0.0,0.0,0.0,0.0,0.0,0.0
r_0350_ENZ_YNL256W,1.3614006212823992e-05,2.498520269791915e-05,1.922354942461568e-05,3.9100289752264095e-05,1.346050783172792e-05,1.77265430738174e-05
r_0351_ENZ_YNL256W,0.0,0.0,0.0,0.0,0.0,0.0
r_0352_ENZ_YJR016C,0.1384155916394758,0.2540282088611008,0.1954486376326885,0.3975383626781229,0.1368549511563161,0.180228355189988
r_0353_ENZ_YJR016C,0.0475308759688191,0.0872313815585695,0.0671155961807452,0.136511691966878,0.0469949637326442,0.0618890653511933
r_0354_ENZ_YFL053W,0.0,0.0,0.0,0.0,0.0,0.0
r_0354_ENZ_YML070W,0.0,0.0,0.0,0.0,0.0,0.0
r_0355_ENZ_YJL167W,0.0158375260034631,0.029065933366306,0.0223632528979223,0.045486379689709,0.0156589573614384,0.0206427503996336
r_0356_ENZ_YKL152C_REV,0.0,0.0,0.0,0.0,0.0,0.0
r_0356_ENZ_YKL152C_FWD,0.0,0.0,0.0,0.0,0.0,0.0
r_0357_ENZ_YOR163W,0.0,0.0,0.0,0.0,0.0,0.0
r_0358_ENZ_YDR017C,0.0,0.0,0.0,0.0,0.0,0.0
r_0359_ENZ_YLR172C,0.0,0.0,0.0,0.0,0.0,0.0
r_0360_ENZ_YMR013C,0.0,0.0,0.0,0.0,0.0,0.0
r_0361_ENZ_YPR183W,0.1507504185786504,0.2766657886081249,0.2128659321162175,0.4329647683831213,0.1490507025040342,0.19628930283663
r_0362_ENZ_YAL023C_and_YDL095W,0.1507504185786504,0.2766657886081249,0.2128659321162175,0.4329647683831213,0.1490507025040342,0.0
r_0362_ENZ_YDL093W,0.0,0.0,0.0,0.0,0.0,0.0
r_0362_ENZ_YJR143C,0.0,0.0,0.0,0.0,0.0,0.0
r_0362_ENZ_YOR321W,0.0,0.0,0.0,0.0,0.0,0.19628930283663
r_0363_ENZ_YJR057W,0.0,0.0,0.0,0.0,0.0,0.0
r_0364_ENZ_YJR069C,0.0,0.0011822650746951,0.0,0.0,0.0,0.0
r_0364_ENZ_YBR252W,0.0,0.0011822650746951,0.0,0.0,0.0,0.0
r_0365_ENZ_YJR153W,0.0,0.0,0.0,0.0,0.0,0.0
r_0366_ENZ_YPL281C_REV,0.0,0.0,0.0,0.0,0.0,0.0
r_0366_ENZ_YPL281C_FWD,0.0,3.5215288385750307,0.0,0.0,0.0,0.0
r_0366_ENZ_YGR254W_REV,0.0,0.0,0.0,0.0,0.0,0.0
r_0366_ENZ_YGR254W_FWD,7.2804689222839345,0.0,2.709455052135782,5.510973820141286,14.019297464162838,0.0
r_0366_ENZ_YHR174W_REV,0.0,0.0,0.0,0.0,0.0,0.0
r_0366_ENZ_YHR174W_FWD,0.0,0.0,0.0,0.0,0.0,2.49864915830422
r_0366_ENZ_YMR323W_REV,0.0,0.0,0.0,0.0,0.0,0.0
r_0366_ENZ_YMR323W_FWD,0.0,0.0,0.0,0.0,0.0,0.0
r_0366_ENZ_YOR393W_REV,0.0,0.0,0.0,0.0,0.0,0.0
r_0366_ENZ_YOR393W_FWD,0.0,0.0,0.0,0.0,0.0,0.0
r_0368_ENZ_YDR147W,0.0,0.0,0.0,0.0,0.0,0.0
r_0368_ENZ_YLR133W,0.0,0.0,0.0,0.0,0.0,0.0
r_0369_ENZ_YOR126C,0.0,0.0,0.0,0.0,0.0,0.0
r_0370_ENZ_YDR261C,0.0,0.0,0.0,0.0,0.0,0.0
r_0370_ENZ_YGR282C,0.0,0.0,0.0,0.0,0.0,0.0
r_0370_ENZ_YLR300W,0.0,0.0,0.0,0.0,0.0,0.0
r_0370_ENZ_YNR067C,0.0,0.0,0.0,0.0,0.0,0.0
r_0370_ENZ_YOR190W,0.0,0.0,0.0,0.0,0.0,0.0
r_0373_ENZ_YPL069C,0.0,0.0,0.0,0.0,0.0,0.0
r_0399_ENZ_YER015W_REV,0.0,0.0,0.0,0.0,0.0,0.0
r_0399_ENZ_YER015W_FWD,0.0,0.0,0.0,0.0,0.0,0.0
r_0400_ENZ_YER015W_REV,0.0,0.0,0.0,0.0,0.0,0.0
r_0400_ENZ_YER015W_FWD,0.0,0.0,0.0,0.0,0.0,0.0
r_0402_ENZ_YER015W_REV,0.0,0.0,0.0,0.0,0.0,1.0668698075461601e-17
r_0402_ENZ_YER015W_FWD,0.0,0.0,0.0,0.0,0.0,0.0
r_0410_ENZ_YER015W_REV,0.0,0.0,0.0,0.0,0.0,0.0
r_0410_ENZ_YER015W_FWD,0.0,0.0,0.0,0.0,0.0,0.0
r_0412_ENZ_YER015W_REV,0.0,0.0,0.0,0.0,0.0,0.0
r_0412_ENZ_YER015W_FWD,0.0,0.0,0.0,0.0,0.0,0.0
r_0436_ENZ_YOR176W,0.0,0.0,0.0,0.0,0.0,0.0
r_0437_ENZ_YEL039C_and_YKR066C,0.0,0.0,0.0,0.0,0.0,0.0
r_0437_ENZ_YJR048W_and_YKR066C,0.0,0.0,0.0,0.0,0.0,0.0
r_0438_ENZ_Q0045_and_Q0250_and_Q0275_and_YDL067C_and_YEL039C_and_YGL187C_and_YGL191W_and_YHR051W_and_YIL111W_and_YLR038C_and_YLR395C_and_YMR256C,17.034022748186946,47.370169907270295,36.40245130234018,70.2486440135447,6.104746127949651,32.9120563389156
r_0438_ENZ_Q0045_and_Q0250_and_Q0275_and_YDL067C_and_YEL039C_and_YGL187C_and_YGL191W_and_YHR051W_and_YLR038C_and_YLR395C_and_YMR256C_and_YNL052W,0.0,0.0,0.0,0.0,0.0,0.0
r_0438_ENZ_Q0045_and_Q0250_and_Q0275_and_YDL067C_and_YGL187C_and_YGL191W_and_YHR051W_and_YIL111W_and_YJR048W_and_YLR038C_and_YLR395C_and_YMR256C,0.0,0.0,0.0,0.0,0.0,0.0
r_0438_ENZ_Q0045_and_Q0250_and_Q0275_and_YDL067C_and_YGL187C_and_YGL191W_and_YHR051W_and_YJR048W_and_YLR038C_and_YLR395C_and_YMR256C_and_YNL052W,0.0,0.0,0.0,0.0,0.0,0.0
r_0438_ENZ_Q0045_and_Q0250_and_Q0275_and_YDL067C_and_YHR116W_and_YDR231C_and_YGR062C_and_YJL003W_and_YPL132W_and_YLL018C-A,0.0,0.0,0.0,0.0,0.0,0.0
r_0439_ENZ_Q0105_and_YBL045C_and_YDR529C_and_YEL024W_and_YEL039C_and_YFR033C_and_YGR183C_and_YHR001W-A_and_YJL166W_and_YOR065W_and_YPR191W,8.517011374093473,23.685084953635148,18.20122565117009,35.12432200677235,3.0523730639748257,16.4560281694578
r_0439_ENZ_Q0105_and_YBL045C_and_YDR529C_and_YEL024W_and_YFR033C_and_YGR183C_and_YHR001W-A_and_YJL166W_and_YJR048W_and_YOR065W_and_YPR191W,0.0,0.0,0.0,0.0,0.0,0.0
r_0440_ENZ_YDL045C,2.147319451461092e-06,3.940883448506627e-06,3.03210538913412e-06,6.167237727843303e-06,2.123108351927195e-06,2.79598452905739e-06
r_0441_ENZ_YLR011W,0.0,0.0,0.0,0.0,0.0,0.0
r_0442_ENZ_YLR011W,0.0,0.0,0.0,0.0,0.0,0.0
r_0443_ENZ_YDL168W,0.0,0.0,0.0,0.0,0.0,0.0
r_0445_ENZ_YOR388C,0.0,0.0,0.0,0.6763855949115917,0.0,0.0
r_0446_ENZ_YGR204W,0.0099207948473388,0.0184754122092322,0.0142691481718674,0.0,0.0098089375494686,0.0130048223476376
r_0447_ENZ_YBR084W_REV,0.0,0.000268202199885,0.0002605685445367,0.6478924425624745,0.0,7.66388952406525e-05
r_0447_ENZ_YBR084W_FWD,0.0,0.0,0.0,0.0,0.0,0.0
r_0448_ENZ_YLR345W,0.0,0.0,0.0,0.0,0.0,0.0
r_0448_ENZ_YJL155C,0.0,0.0,0.0,0.0,0.0,0.0
r_0449_ENZ_YLR377C,0.0,0.0,0.0,0.0,0.0,0.0
r_0450_ENZ_YKL060C_REV,0.0,0.0,0.0,0.0,0.0,0.0
r_0450_ENZ_YKL060C_FWD,3.2716762915764503,0.1871989640258083,0.0,0.7928412693848172,6.970853398154746,0.0
r_0451_ENZ_YPL262W_REV,0.0,0.0,0.0,0.0,0.0,0.0
r_0451_ENZ_YPL262W_FWD,0.0,0.0,0.0,0.0,0.0,-1.1613046741282501e-17
r_0452_ENZ_YPL262W_REV,0.0,0.0,0.0,0.0,0.0,0.0
r_0452_ENZ_YPL262W_FWD,0.0896628872976773,0.164554458004051,0.1266077683950006,0.2575175020900735,0.0886519352070007,0.116748369947671
r_0453_ENZ_YKL216W,0.0230339390550606,0.0422732021144936,0.0325248908327608,0.0661549346393496,0.0227742306121736,0.0299920615898016
r_0454_ENZ_YEL047C_REV,0.0,0.0,0.0,0.0,0.0,0.0
r_0454_ENZ_YEL047C_FWD,0.0,0.0,0.0,0.0,0.0,0.0
r_0455_ENZ_YEL047C_REV,0.0,0.0,0.0,0.0,0.0,0.0
r_0455_ENZ_YEL047C_FWD,0.0,0.0,0.0,0.0,0.0,0.0
r_0457_ENZ_YLR299W,0.0,0.0,0.0,0.0,0.0,0.0
r_0458_ENZ_YBR020W,0.0,0.0,0.0,0.0,0.0,0.0
r_0459_ENZ_YBR018C,0.0,0.0,0.0,0.0,0.0,0.0
r_0460_ENZ_YJL101C,0.0,0.0,0.0,0.0,0.0,2.7959845996899e-07
r_0461,0.0,0.0,0.0,0.0,0.0,0.0
r_0462_ENZ_YJL167W,0.0158375260034631,0.029065933366306,0.0223632528979223,0.045486379689709,0.0156589573614384,0.0206427503996336
r_0463_ENZ_YPR184W,0.0,0.0,0.0,0.0,0.0,0.0
r_0464_ENZ_YIL099W,0.0,0.0,0.0,0.0,0.0,0.0
r_0465,0.0,0.0,0.0,0.0,0.0,0.0
r_0466_ENZ_YNL241C,0.975869677881958,10.73800237382062,8.250804497411664,14.81909128518572,0.9311430891925944,7.44433580150076
r_0467_ENZ_YBR196C_REV,0.0,6.557382212263111,5.036115875644174,8.438531394393012,0.0,4.50723020255695
r_0467_ENZ_YBR196C_FWD,3.1703652632338897,0.0,0.0,0.0,6.573176612121403,0.0
r_0468_ENZ_YDR300C,0.0406244701530932,0.0745563506732745,0.057363460661663,0.1166760562017572,0.0401664278763751,0.0528963634041111
r_0469_ENZ_YMR250W,0.0,0.0,0.0,0.0,0.0,0.0
r_0470_ENZ_YDL215C,0.0,0.0,0.0,0.0,0.0,0.0
r_0471_ENZ_YAL062W,0.0,0.0,1.6480182989957517,0.0,0.0,0.0
r_0471_ENZ_YOR375C,1.1671591143914068,2.142020635532377,0.0,3.6902221233645904,1.1539560775502498,1.5196596515304
r_0472_ENZ_YDL171C,0.0,0.0,0.0,0.0,0.0,0.0
r_0473_ENZ_YOR323C,0.0406244701530932,0.0745563506732745,0.057363460661663,0.1166760562017572,0.0401664278763751,0.0528963634041111
r_0475_ENZ_YFL060C,0.0,0.0,0.0,0.0,0.0,0.0
r_0475_ENZ_YNL334C,0.0,0.0,0.0,0.0,0.0,0.0
r_0476_ENZ_YPR035W,0.1990884285624775,0.365378468665766,0.281122327035027,0.5717968206654647,0.1968444641074122,0.259230328859733
r_0477_ENZ_YKL104C,0.005069821352974,0.0093044260569737,0.0071588010045921,0.014560848643276,0.0050126589455305,0.0066013196398678
r_0478_ENZ_YOR168W,0.0259976882671574,0.0477124441460088,0.0367098293857677,0.0746670104482252,0.0257045634515371,0.0338511040529017
r_0479_ENZ_YGL245W,0.0744411991109052,0.1366187454146797,0.1051141043984864,0.2137998476893081,0.0736018720699889,0.0969284942195957
r_0480_ENZ_YOL033W,0.0,0.0,0.0,0.0,0.0,0.0
r_0481_ENZ_YCL035C_and_YPL091W,0.0,0.0,0.0,0.0,0.0,0.0
r_0481_ENZ_YDR098C_and_YPL091W,0.0,0.0,0.0,0.0,0.0,0.0
r_0481_ENZ_YDR513W_and_YPL091W,0.0,0.0,0.0,0.0,0.0,0.0
r_0481_ENZ_YER174C_and_YPL091W,0.0,0.0,0.0,0.0,0.0,0.0
r_0482_ENZ_YPL059W_and_YPL091W,0.0,0.0,0.0,0.0,0.0,0.0
r_0483_ENZ_YNL229C,0.0,0.0,0.0,0.0,0.0,0.0
r_0483_ENZ_YBR244W,0.0,0.0,0.0,0.0,0.0,0.0
r_0483_ENZ_YCL035C,0.0,0.0,0.0,0.0,0.0,0.0
r_0483_ENZ_YDR513W,0.0,0.0,0.0,0.0,0.0,0.0
r_0483_ENZ_YIR037W,0.0,0.0,0.0,0.0,0.0,0.0
r_0483_ENZ_YKL026C,0.0,0.0,0.0,0.0,0.0,0.0
r_0484_ENZ_YPL059W,0.0,0.0,0.0,0.0,0.0,0.0
r_0485_ENZ_YOL049W,0.0,0.0,0.0,0.0,0.0,2.7959845996899e-07
r_0486_ENZ_YGR192C_REV,0.0,0.0,0.0,0.0,0.0,0.0
r_0486_ENZ_YGR192C_FWD,0.0,0.0,2.936343381520109,0.0,0.0,0.0
r_0486_ENZ_YJL052W_REV,0.0,0.0,0.0,0.0,0.0,0.0
r_0486_ENZ_YJL052W_FWD,7.441151235168715,0.0,0.0,0.0,14.178165139288623,2.70784729914546
r_0486_ENZ_YJR009C_REV,0.0,0.0,0.0,0.0,0.0,0.0
r_0486_ENZ_YJR009C_FWD,0.0,3.8164805709326295,0.0,6.31064787873059,0.0,0.0
r_0487_ENZ_YOR120W,0.0,0.0,0.0,0.0,0.0,0.0
r_0488_ENZ_YHL032C,0.0,0.0,0.0,0.0,0.0,0.0
r_0489_ENZ_YER062C,0.0,0.0,0.0,0.0,0.0,0.0
r_0489_ENZ_YIL053W,0.0,0.0,0.0,0.0,0.0,0.0
r_0490_ENZ_YIL155C,0.0,0.0,0.0,0.0,0.0,0.0
r_0491_ENZ_YDL022W,0.0054043872945003,0.0,0.0119764935430948,0.020214284100943,0.0,0.0110438412790169
r_0491_ENZ_YOL059W,0.0,0.0,0.0,0.0,0.0069588878030731,0.0
r_0492_ENZ_YOL059W,0.0,0.0099735951720589,0.0,0.0,0.0,0.0
r_0497_ENZ_YPL110C,0.0,0.0,0.0,0.0,0.0,0.0
r_0499_ENZ_YDR408C,0.0219892096454614,0.0403558549607418,0.0310500528141615,0.0631551455477924,0.0217415353350779,0.0286320744674493
r_0500,0.0,0.0,0.0,0.0,0.0,0.0
r_0501_ENZ_YAL044C_and_YDR019C_and_YFL018C_and_YMR189W,0.0001429643766509,0.0001715394948538,0.0001590892751197,0.338507800041038,0.000108441517765,0.0001297626043422
r_0502_ENZ_YLR058C_REV,0.0,0.0,0.0,0.0,0.0,0.0
r_0502_ENZ_YLR058C_FWD,0.0938230565208787,0.1718144392365824,0.1321943066191616,0.2978863817490244,0.0927402251269576,0.122029627121332
r_0503_ENZ_YBR263W_REV,0.0001021653047296,0.0,0.0,0.0,6.810245676130977e-05,0.0
r_0503_ENZ_YBR263W_FWD,0.0,0.0001715394948538,0.0001590892751197,0.3095018200449964,0.0,0.0
r_0504_ENZ_YAL044C_and_YDR019C_and_YFL018C_and_YMR189W,0.0,0.0,0.0,0.0,0.0,1.9820941434582403e-15
r_0505_ENZ_YAL044C_and_YDR019C_and_YFL018C_and_YMR189W,0.0,0.0,0.0,0.0,0.0,0.0
r_0505_ENZ_YDR148C_and_YFL018C_and_YIL125W,0.0,0.0,0.0,0.0,0.0,0.0
r_0506_ENZ_YAL044C_and_YDR019C_and_YFL018C_and_YMR189W,0.0,0.0,0.0,0.0,0.0,0.0
r_0507_ENZ_YAL044C_and_YDR019C_and_YFL018C_and_YMR189W,0.0,0.0,0.0,0.0,0.0,0.0
r_0508_ENZ_YAL044C_and_YDR019C_and_YFL018C_and_YMR189W,0.0,0.0,0.0,0.0,0.0,0.0
r_0509_ENZ_YAL044C_and_YDR019C_and_YFL018C_and_YMR189W,0.0,0.0,0.0,0.0,0.0,1.9820941434582403e-15
r_0510_ENZ_YFR015C_and_YJL137C,0.0766356858391752,0.1406461929467747,0.1082128119664931,0.2201025528292578,0.0757716158860816,0.099785894378333
r_0510_ENZ_YFR015C_and_YKR058W,0.0,0.0,0.0,0.0,0.0,0.0
r_0510_ENZ_YJL137C_and_YLR258W,0.0,0.0,0.0,0.0,0.0,0.0
r_0510_ENZ_YKR058W_and_YLR258W,0.0,0.0,0.0,0.0,0.0,0.0
r_0511_ENZ_YPR160W,0.0,0.0,0.0,0.0,0.0,0.0
r_0512_ENZ_YBR121C,0.0716293015340073,0.1314581901874858,0.1011435867417847,0.2057238994128297,0.0708216787334951,0.0
r_0512_ENZ_YPR081C,0.0,0.0,0.0,0.0,0.0,0.0932671749329144
r_0514_ENZ_YMR217W,0.0103067539836843,0.0189155442868521,0.0145535701626251,0.0296016514806527,0.0101905449834815,0.0134202317515328
r_0518_ENZ_YMR281W_REV,0.0,0.0,0.0,0.0,0.0,0.0
r_0518_ENZ_YMR281W_FWD,0.0,0.0,0.0,0.0,0.0,0.0
r_0519_ENZ_YCL052C_and_YJR013W_REV,0.0,0.0,0.0,0.0,0.0,0.0
r_0519_ENZ_YCL052C_and_YJR013W_FWD,0.0,0.0,0.0,0.0,0.0,0.0
r_0520_ENZ_YKL165C_REV,0.0,0.0,0.0,0.0,0.0,0.0
r_0520_ENZ_YKL165C_FWD,0.0,0.0,0.0,0.0,0.0,0.0
r_0521_ENZ_YBR004C_REV,0.0,0.0,0.0,0.0,0.0,0.0
r_0521_ENZ_YBR004C_FWD,0.0,0.0,0.0,0.0,0.0,7.37252077638955e-17
r_0522_ENZ_YGL142C_REV,0.0,0.0,0.0,0.0,0.0,0.0
r_0522_ENZ_YGL142C_FWD,0.0,0.0,0.0,0.0,0.0,7.37252077638955e-17
r_0523_ENZ_YDR302W_REV,0.0,0.0,0.0,0.0,0.0,0.0
r_0523_ENZ_YDR302W_FWD,0.0,0.0,0.0,0.0,0.0,0.0
r_0523_ENZ_YLL031C_REV,0.0,0.0,0.0,0.0,0.0,0.0
r_0523_ENZ_YLL031C_FWD,0.0,0.0,0.0,0.0,0.0,0.0
r_0524_ENZ_YGR267C,1.3614006212823992e-05,2.498520269791915e-05,1.922354942461568e-05,3.9100289752264095e-05,1.346050783172792e-05,1.77265430738174e-05
r_0525_ENZ_YBL033C,0.0002147319443649,0.0003940883434169,0.0003032105378103,0.0006167237705407,0.0002123108344203,0.0002795984518885
r_0526_ENZ_YDL238C,0.0,0.0,0.0,0.0,0.0,0.0
r_0527_ENZ_YDR399W,0.0,0.0,0.0,0.0,0.0,0.0
r_0528_ENZ_YDR454C,0.0,0.0013648856425733,0.0,0.0021359612226695,0.0,0.0009683613307604
r_0529_ENZ_YDR454C_REV,0.0,0.0,0.0,0.0,0.0,0.0
r_0529_ENZ_YDR454C_FWD,0.0007437026564255,0.0,0.0010501394335746,0.0,0.0007353173837889,0.0
r_0530_ENZ_YER141W,0.0,0.0,0.0,0.0,0.0,0.0
r_0530_ENZ_YDR376W_and_YPL252C,0.0,0.0,0.0,0.0,0.0,0.0
r_0531_ENZ_YPL172C,0.0,0.0,0.0,0.0,0.0,0.0
r_0532_ENZ_YDR204W_and_YGR255C_and_YLR201C_and_YML110C_and_YOL096C_and_YOR125C,0.0,0.0,0.0,0.0,0.0,0.0
r_0533_ENZ_YLR446W,0.0,0.0,0.0,0.0,0.0,0.0
r_0533_ENZ_YFR053C,0.0,0.0,0.0,0.0,0.0,0.0
r_0533_ENZ_YGL253W,0.0,0.0,0.0,0.0,0.0,0.0
r_0534_ENZ_YLR446W,2.247547613963417,2.4104384586570875,3.707294675566668,7.382521930828521,7.849251106489123,3.39135005896691
r_0534_ENZ_YCL040W,2.247547613963417,0.0,0.0,0.0,0.0,0.0
r_0534_ENZ_YFR053C,0.0,0.0,0.0,0.0,0.0,0.0
r_0534_ENZ_YGL253W,0.0,2.4104384586570875,0.0,0.0,0.0,0.0
r_0534_ENZ_YDR516C,0.0,0.0,0.0,0.0,0.0,0.0
r_0535_ENZ_YLR446W,0.0,0.0,0.0,0.0,0.0,0.0
r_0535_ENZ_YFR053C,0.0,0.0,0.0,0.0,0.0,0.0
r_0535_ENZ_YGL253W,0.0,0.0,0.0,0.0,0.0,0.0
r_0536_ENZ_YCL030C,0.0163533833398672,0.0300126642485894,0.0230916651556658,0.0469679546948121,0.0161689983889052,0.02129343483798
r_0537_ENZ_YFR025C,0.0163533833398672,0.0300126642485894,0.0230916651556658,0.0469679546948121,0.0161689983889052,0.02129343483798
r_0538_ENZ_YIL116W,0.0163533833398672,0.0300126642485894,0.0230916651556658,0.0469679546948121,0.0161689983889052,0.02129343483798
r_0539_ENZ_YPR033C,0.0163533833398672,0.0300126642485894,0.0230916651556658,0.0469679546948121,0.0161689983889052,0.02129343483798
r_0540_ENZ_YPR033C,0.0,0.0,0.0,0.0,0.0,0.0
r_0541_ENZ_YBR034C,0.0,0.0,0.0,0.0,0.0,0.0
r_0542_ENZ_YJL200C_REV,0.0,0.0,0.0,0.0,0.0,0.0
r_0542_ENZ_YJL200C_FWD,0.0705933377212636,0.1295569301583291,0.0,0.0,0.0697973954478228,0.0
r_0542_ENZ_YDR234W_REV,0.0,0.0,0.0,0.0,0.0,0.0
r_0542_ENZ_YDR234W_FWD,0.0,0.0,0.0996807622619753,0.2027485456030897,0.0,0.0919182658122319
r_0543_ENZ_YDL131W,0.0,0.0,0.0,0.0,0.0,0.0
r_0543_ENZ_YDL182W,0.0,0.0,0.0,0.0,0.0,0.0
r_0544_ENZ_YLL062C,0.0,0.0,0.0,0.0,0.0,0.0
r_0544_ENZ_YPL273W,0.0,0.0,0.0,0.0,0.0,0.0
r_0545_ENZ_YIL094C,0.0705933377212636,0.1295569301583291,0.0996807622619753,0.2027485456030897,0.0697973954478228,0.091918265812232
r_0546_ENZ_YJR139C,0.061384705079624,0.0,0.0866777856250929,0.1737426692959117,0.0606925904510668,0.0705739977902298
r_0547_ENZ_YJR139C,0.0,0.1126567209527903,0.0,0.0025580990047713,0.0,0.0093538795484669
r_0548_ENZ_YHR025W,0.0472102233033365,0.0866429014508425,0.0666628211293253,0.1355907571638366,0.0466779264368237,0.0614715495077633
r_0549_ENZ_YNL277W,0.0141744817762875,0.0260138195019478,0.0200149644957676,0.0407100111368464,0.0140146640142431,0.0184563278309334
r_0550_ENZ_YDR453C_and_YGR209C,0.0,0.0,0.0,0.0,0.0,0.0
r_0550_ENZ_YDR453C_and_YLR043C,0.0,0.0,0.0,0.0,0.0,0.0
r_0551_ENZ_YBL064C_and_YCR083W,0.0,0.0,0.0,0.0,0.0,0.0
r_0552_ENZ_YGR209C_and_YLR109W,0.0,0.0,0.0,0.0,0.0,0.0
r_0552_ENZ_YLR043C_and_YLR109W,0.0,0.0,0.0,0.0,0.0,0.0
r_0553_ENZ_YDR272W,0.0,0.0,0.0,0.0,0.0,0.0
r_0554_ENZ_YOR040W,0.0,0.0,0.0,0.0,0.0,0.0
r_0555_ENZ_YNR041C,0.0,0.0,0.0,0.0,0.0,0.0
r_0556_ENZ_YPL214C,0.0,0.0,0.0,0.0,0.0,-3.35518163830354e-07
r_0557_ENZ_YDL205C,0.0,0.0,0.0,0.0,0.0,0.0
r_0558_ENZ_YLR450W,0.0,0.0,0.0,0.1364591390691271,0.0469768720843153,0.0
r_0558_ENZ_YML075C,0.0475125780103893,0.0871978000989182,0.0670897586937669,0.0,0.0,0.0619282511989008
r_0560_ENZ_YML126C,0.0475125780103893,0.0871978000989182,0.0670897586937669,0.1364591390691271,0.0469768720843153,0.0619282511989008
r_0561_ENZ_YOL055C,0.0,0.0,3.638526687575664e-07,0.0,0.0,0.0
r_0561_ENZ_YPL258C,0.0,0.0,0.0,7.400685722137601e-07,2.5477301767891097e-07,0.0
r_0561_ENZ_YPR121W,0.0,0.0,0.0,0.0,0.0,0.0
r_0562_ENZ_YDR399W,0.0,0.0,0.0,0.0,0.0,0.0
r_0563_ENZ_YBR248C,0.0163533833398672,0.0300126642485894,0.0230916651556658,0.0469679546948121,0.0161689983889052,0.02129343483798
r_0564_ENZ_YOR202W,0.0163533833398672,0.0300126642485894,0.0230916651556658,0.0469679546948121,0.0161689983889052,0.02129343483798
r_0565_ENZ_YHR216W,0.0103067539836843,0.0189155442868521,0.0145535701626251,0.0296016514806527,0.0101905449834815,0.0134202317515328
r_0565_ENZ_YLR432W,0.0,0.0,0.0,0.0,0.0,0.0
r_0565_ENZ_YML056C,0.0,0.0,0.0,0.0,0.0,0.0
r_0566_ENZ_YKL211C,0.0083084924516786,0.01524822045578,0.0117319408256522,0.0238625175563098,0.0082148139179199,0.010818332753831
r_0567_ENZ_YGR087C,0.0,0.0,0.0,0.0,0.0,0.0
r_0567_ENZ_YLR044C,0.0,0.0,0.0,0.0,0.0,0.0
r_0567_ENZ_YLR134W,0.0,0.0,0.0,0.0,0.0,0.0
r_0568_ENZ_YBR011C,0.0,2.7996896475285427,0.0,0.0,0.0,0.0
r_0569_ENZ_YMR267W,1.526738539903597,0.0,2.9119320144224194,4.375351671464166,1.5062408952334132,1.98364220398038
r_0570_ENZ_YLR028C_REV,0.0,0.0,0.0,0.0,0.0,0.0
r_0570_ENZ_YLR028C_FWD,0.0383425929853287,0.0703685192093312,0.0541413541171586,0.1101223601740324,0.0379102789509654,0.0
r_0570_ENZ_YMR120C_REV,0.0,0.0,0.0,0.0,0.0,0.0
r_0570_ENZ_YMR120C_FWD,0.0,0.0,0.0,0.0,0.0,0.0499251737872655
r_0571_ENZ_YDR315C,0.0,0.0,0.0,0.0,0.0,0.0
r_0572_ENZ_YDR173C,0.0,0.0,0.0,0.0,0.0,0.0
r_0573_ENZ_YDR173C,0.0,0.0,0.0,0.0,0.0,0.0
r_0574_ENZ_YDR173C,0.0,0.0,0.0,0.0,0.0,0.0
r_0575_ENZ_YDR173C,0.0,0.0,0.0,0.0,0.0,0.0
r_0596_ENZ_YER019W,0.0,0.0,0.0,0.0,0.0,0.0
r_0597_ENZ_YER019W,0.0,0.0,0.0,0.0,0.0,0.0
r_0598_ENZ_YER019W,0.0,0.0,0.0,0.0,0.0,0.0
r_0599_ENZ_YER019W,0.0,0.0,0.0,0.0,0.0,0.0
r_0600_ENZ_YER019W,0.0,0.0,0.0,0.0,0.0,0.0
r_0601_ENZ_YER019W,0.0,0.0,0.0,0.0,0.0,0.0
r_0602_ENZ_YER019W,0.0,0.0,0.0,0.0,0.0,0.0
r_0603_ENZ_YER019W,0.0,0.0,0.0,0.0,0.0,0.0
r_0604_ENZ_YER019W,0.0,0.0,0.0,0.0,0.0,0.0
r_0605_ENZ_YER019W,0.0,0.0,0.0,0.0,0.0,0.0
r_0606_ENZ_YER019W,0.0,0.0,0.0,0.0,0.0,0.0
r_0607_ENZ_YER019W,0.0,0.0,0.0,0.0,0.0,0.0
r_0608_ENZ_YER019W,0.0,0.0,0.0,0.0,0.0,0.0
r_0609_ENZ_YER019W,0.0,0.0,0.0,0.0,0.0,0.0
r_0610_ENZ_YER019W,0.0,0.0,0.0,0.0,0.0,0.0
r_0611_ENZ_YER019W,0.0,0.0,0.0,0.0,0.0,0.0
r_0612_ENZ_YER019W,0.0,0.0,0.0,0.0,0.0,0.0
r_0613_ENZ_YER019W,0.0,0.0,0.0,0.0,0.0,0.0
r_0614_ENZ_YER019W,0.0,0.0,0.0,0.0,0.0,0.0
r_0615_ENZ_YER019W,0.0,0.0,0.0,0.0,0.0,0.0
r_0616_ENZ_YER019W,0.0,0.0,0.0,0.0,0.0,0.0
r_0617_ENZ_YER019W,0.0,0.0,0.0,0.0,0.0,0.0
r_0618_ENZ_YER019W,0.0,0.0,0.0,0.0,0.0,0.0
r_0619_ENZ_YER019W,0.0,0.0,0.0,0.0,0.0,0.0
r_0620_ENZ_YER019W,0.0,0.0,0.0,0.0,0.0,0.0
r_0621_ENZ_YER019W,0.0,0.0,0.0,0.0,0.0,0.0
r_0622_ENZ_YER019W,0.0,0.0,0.0,0.0,0.0,0.0
r_0623_ENZ_YER019W,0.0,0.0,0.0,0.0,0.0,0.0
r_0624_ENZ_YER019W,0.0,0.0,0.0,0.0,0.0,0.0
r_0625_ENZ_YER019W,0.0,0.0,0.0,0.0,0.0,0.0
r_0626_ENZ_YER019W,0.0,0.0,0.0,0.0,0.0,0.0
r_0627_ENZ_YER019W,0.0,0.0,0.0,0.0,0.0,0.0
r_0628_ENZ_YER019W,0.0,0.0,0.0,0.0,0.0,0.0
r_0629_ENZ_YER019W,0.0,0.0,0.0,0.0,0.0,0.0
r_0630_ENZ_YER019W,0.0,0.0,0.0,0.0,0.0,0.0
r_0631_ENZ_YER019W,0.0,0.0,0.0,0.0,0.0,0.0
r_0632_ENZ_YER019W,0.0,0.0,0.0,0.0,0.0,0.0
r_0633_ENZ_YER019W,0.0,0.0,0.0,0.0,0.0,0.0
r_0634_ENZ_YER019W,0.0,0.0,0.0,0.0,0.0,0.0
r_0635_ENZ_YER019W,0.0,0.0,0.0,0.0,0.0,0.0
r_0636_ENZ_YER019W,0.0,0.0,0.0,0.0,0.0,0.0
r_0637_ENZ_YER019W,0.0,0.0,0.0,0.0,0.0,0.0
r_0638_ENZ_YER019W,0.0,0.0,0.0,0.0,0.0,0.0
r_0639_ENZ_YER019W,0.0,0.0,0.0,0.0,0.0,0.0
r_0640_ENZ_YER019W,0.0,0.0,0.0,0.0,0.0,0.0
r_0641_ENZ_YER019W,0.0,0.0,0.0,0.0,0.0,0.0
r_0642_ENZ_YER019W,0.0,0.0,0.0,0.0,0.0,0.0
r_0643_ENZ_YER019W,0.0,0.0,0.0,0.0,0.0,0.0
r_0644_ENZ_YER019W,0.0,0.0,0.0,0.0,0.0,0.0
r_0645_ENZ_YER019W,0.0,0.0,0.0,0.0,0.0,0.0
r_0646_ENZ_YER019W,0.0,0.0,0.0,0.0,0.0,0.0
r_0647_ENZ_YER019W,0.0,0.0,0.0,0.0,0.0,0.0
r_0648_ENZ_YER019W,0.0,0.0,0.0,0.0,0.0,0.0
r_0649_ENZ_YER019W,0.0,0.0,0.0,0.0,0.0,0.0
r_0650_ENZ_YER019W,0.0,0.0,0.0,0.0,0.0,0.0
r_0651_ENZ_YER019W,0.0,0.0,0.0,0.0,0.0,0.0
r_0652_ENZ_YER019W,0.0,0.0,0.0,0.0,0.0,0.0
r_0653_ENZ_YER019W,0.0,0.0,0.0,0.0,0.0,0.0
r_0654_ENZ_YER019W,0.0,0.0,0.0,0.0,0.0,0.0
r_0655_ENZ_YER019W,0.0,0.0,0.0,0.0,0.0,0.0
r_0656_ENZ_YOR126C,0.0,0.0,0.0,0.0,0.0,0.0
r_0657_ENZ_YOR126C,0.0,0.0,0.0,0.0,0.0,0.0
r_0658_ENZ_YNL037C_and_YOR136W,0.0716267789479291,0.2021112205194698,0.0,0.853491919424451,0.0050201506993737,0.0
r_0659_ENZ_YLR174W_REV,0.0,0.0,0.0,0.0,0.0,0.0
r_0659_ENZ_YLR174W_FWD,0.0,0.0,0.1013429832829672,0.0,0.065758694829283,0.0932874055068573
r_0661_ENZ_YNL009W,0.0,0.0,0.0,0.0,0.0,0.0
r_0662_ENZ_YER065C,0.0,0.0,0.0,0.0,0.0,2.1211992480383102e-17
r_0663_ENZ_YJR148W_REV,0.0475308759688191,0.0872313815585695,0.0671155961807452,0.136511691966878,0.0469949637326442,0.0618890653511933
r_0663_ENZ_YJR148W_FWD,0.0,0.0,0.0,0.0,0.0,0.0
r_0664_ENZ_YHR208W_REV,0.0,0.0,0.0,0.0,0.0,0.0
r_0664_ENZ_YHR208W_FWD,0.0,0.0,0.0,0.0,0.0,0.0
r_0665_ENZ_YBL076C,0.0475308759688191,0.0872313815585695,0.0671155961807452,0.136511691966878,0.0469949637326442,0.0618890653511933
r_0666_ENZ_YPL040C,0.0,0.0,0.0,0.0,0.0,0.0
r_0667_ENZ_YPL117C_REV,0.0,0.0,0.0,0.0,0.0,0.0
r_0667_ENZ_YPL117C_FWD,0.0158375260034631,0.029065933366306,0.0223632528979223,0.045486379689709,0.0156589573614384,0.0206427503996336
r_0668_ENZ_YGR244C_and_YOR142W_REV,0.0,0.0,0.0,0.0,0.0,0.0
r_0668_ENZ_YGR244C_and_YOR142W_FWD,0.0,0.0,0.0,0.0,0.0,0.0
r_0669_ENZ_YLR355C,0.0475308759688191,0.0872313815585695,0.0671155961807452,0.136511691966878,0.0469949637326442,0.0618890653511933
r_0670_ENZ_YLR231C,0.0,0.0,0.0,0.0,0.0,0.0
r_0671_ENZ_YBL098W,0.0013034229343784,0.0023921163034225,0.0018404880098111,0.0037435133793284,0.0012887267966529,0.001697162644737
r_0672_ENZ_YHR037W_REV,0.0,0.0,0.0,0.0,0.0,0.0
r_0672_ENZ_YHR037W_FWD,0.0,0.0,0.0,0.0,0.0,0.0
r_0673_ENZ_YHR037W_REV,0.0,0.0,0.0,0.0,0.0,0.0
r_0673_ENZ_YHR037W_FWD,0.0,0.0,0.0,0.0,0.0,0.0
r_0674_ENZ_YLR089C_REV,0.0,0.0,0.0,0.0,0.0,0.0
r_0674_ENZ_YLR089C_FWD,0.0,0.0,0.0,0.0,0.0,0.0
r_0675_ENZ_YEL046C,0.0,0.0,0.0,0.0,0.0,0.0
r_0676_ENZ_YMR226C_REV,0.0,0.0,0.0,0.0,0.0,0.0
r_0676_ENZ_YMR226C_FWD,0.0,0.0,0.0,0.0,0.0,0.0
r_0678_ENZ_YBR115C_and_YGL154C,0.0705933377212636,0.1295569301583291,0.0996807622619753,0.2027485456030897,0.0697973954478228,0.0919182658122319
r_0679_ENZ_YDR321W,0.0,0.0,0.0,0.0,0.0,0.0
r_0680_ENZ_YLR155C,0.0,0.0,0.0,0.0,0.0,0.0
r_0680_ENZ_YLR157C,0.0,0.0,0.0,0.0,0.0,0.0
r_0680_ENZ_YLR158C,0.0,0.0,0.0,0.0,0.0,0.0
r_0680_ENZ_YLR160C,0.0,0.0,0.0,0.0,0.0,0.0
r_0681_ENZ_YLR027C,0.0,0.0,0.0,0.0,0.0,0.0
r_0682_ENZ_YKL106W,0.0,0.0,0.0,0.0,0.0,0.0
r_0683_ENZ_YLR027C,0.0,0.0,0.0,0.0,0.0,0.0
r_0687_ENZ_YER023W,0.0,0.0,0.0,0.0,0.0,0.0
r_0688_ENZ_YHR104W,0.0,0.0,0.0,0.0,0.0,0.0
r_0688_ENZ_YOL151W,0.0,0.0,0.0,0.0,0.0,0.0
r_0689_ENZ_YCL064C,0.0,0.0,0.0,0.0,0.0,0.0
r_0690_ENZ_YMR226C,0.0,0.0,0.0,0.0,0.0,0.0
r_0691_ENZ_YJR159W,0.0,0.0,0.0,0.0,0.0,0.0
r_0692_ENZ_YCL064C,0.0,0.0,0.0,0.0,0.0,0.0
r_0693_ENZ_YER086W,0.0,0.0,0.0,0.0,0.0,0.0
r_0694_ENZ_YJR078W,0.0013034229343784,0.0023921163034225,0.0018404880098111,0.0037435133793284,0.0012887267966529,0.001697162644737
r_0695_ENZ_YDR403W,0.0,0.0,0.0,0.0,0.0,0.0
r_0696_ENZ_YOL151W,0.0,0.0,0.0,0.0,0.0,0.0
r_0697_ENZ_YML004C,0.0,0.0,0.0,0.0,0.0,0.0
r_0698_ENZ_YHR072W,0.0079187630017315,0.014532966683153,0.0111816264489611,0.0227431898448545,0.0078294786807192,0.0103213751998168
r_0699_ENZ_YJR148W_REV,0.0731092487877898,0.1341742740161521,0.1032333345158174,0.2099744018392547,0.0722849395318729,0.0951941865950968
r_0699_ENZ_YJR148W_FWD,0.0,0.0,0.0,0.0,0.0,0.0
r_0700_ENZ_YHR208W_REV,0.0,0.0,0.0,0.0,0.0,0.0
r_0700_ENZ_YHR208W_FWD,0.0,0.0,0.0,0.0,0.0,0.0
r_0701_ENZ_YPL160W,0.0731092487877898,0.134174274016152,0.1032333345158174,0.2099744018392547,0.0722849395318729,0.0951941865950967
r_0702_ENZ_YLR382C,0.0,0.0,0.0,0.0,0.0,0.0
r_0703_ENZ_YNL045W_REV,0.0,0.0,0.0,0.0,0.0,0.0
r_0703_ENZ_YNL045W_FWD,0.0,0.0,0.0,0.0,0.0,0.0
r_0704_ENZ_YNL045W_REV,0.0,0.0,0.0,0.0,0.0,0.0
r_0704_ENZ_YNL045W_FWD,0.0,0.0,0.0,0.0,0.0,0.0
r_0705_ENZ_YNL045W_REV,0.0,0.0,0.0,0.0,0.0,0.0
r_0705_ENZ_YNL045W_FWD,0.0,0.0,0.0,0.0,0.0,0.0
r_0706_ENZ_YNL045W_REV,0.0,0.0,0.0,0.0,0.0,0.0
r_0706_ENZ_YNL045W_FWD,0.0,0.0,0.0,0.0,0.0,0.0
r_0707_ENZ_YNL045W_REV,0.0,0.0,0.0,0.0,0.0,0.0
r_0707_ENZ_YNL045W_FWD,0.0,0.0,0.0,0.0,0.0,0.0
r_0708_ENZ_YNL045W_REV,0.0,0.0,0.0,0.0,0.0,0.0
r_0708_ENZ_YNL045W_FWD,0.0,0.0,0.0,0.0,0.0,0.0
r_0711_ENZ_YDR037W,0.0705933377212636,0.1295569301583291,0.0996807622619753,0.2027485456030897,0.0697973954478228,0.0919182658122319
r_0712_ENZ_YNL073W,0.0,0.0,0.0,0.0,0.0,0.0
r_0713_ENZ_YKL085W_REV,0.0,0.0,0.0,0.0,0.0,0.0
r_0713_ENZ_YKL085W_FWD,0.2972110852067957,0.5453839023439429,0.4196169440308386,0.853491919424451,0.2938196810950736,0.386939876115454
r_0714_ENZ_YOL126C_REV,0.2459429990033024,0.4512937788560343,0.3472242497987423,0.7062467225100103,0.2431296442996857,0.320184659157914
r_0714_ENZ_YOL126C_FWD,0.0,0.0,0.0,0.0,0.0,0.0
r_0715_ENZ_YDL078C_REV,0.0,0.0,0.0,0.0,0.0,0.0
r_0715_ENZ_YDL078C_FWD,0.0,0.0,0.0,0.0,0.0,0.0
r_0716_ENZ_YIR031C,0.0,0.0,0.0,0.0,0.0,0.0
r_0716_ENZ_YNL117W,0.0,0.0,0.0,0.0,0.0,0.0
r_0717_ENZ_YNL117W,0.0,0.0,0.0,0.0,0.0,0.0
r_0718_ENZ_YKL029C,0.038394801094184,0.0,0.0542150741629042,0.1102723051756326,0.0379618984116127,0.049993152990131
r_0719_ENZ_YKL029C,0.0,0.0704643345161424,0.0,0.0,0.0,0.0
r_0721_ENZ_YKL192C_and_YOR221C_REV,0.0,0.0,0.0,0.0,0.0,0.0
r_0721_ENZ_YKL192C_and_YOR221C_FWD,0.0,0.0,0.0,0.0,0.0,0.0
r_0722_ENZ_YDL055C,0.1507504185786504,0.2766657886081249,0.2128659321162175,0.4329647683831213,0.1490507025040342,0.19628930283663
r_0723_ENZ_YER003C_REV,0.1507504185786504,0.2766657886081249,0.2128659321162175,0.4329647683831213,0.1490507025040342,0.19628930283663
r_0723_ENZ_YER003C_FWD,0.0,0.0,0.0,0.0,0.0,0.0
r_0724_ENZ_YBR084W_REV,0.0,0.0,0.0,0.0,0.0,0.0
r_0724_ENZ_YBR084W_FWD,0.0,0.000268202199885,0.0002605685445367,0.6478924425624745,0.0,7.66388952406525e-05
r_0725_ENZ_YGR204W_REV,0.0,0.0,0.0,0.0,0.0,0.0
r_0725_ENZ_YGR204W_FWD,0.0504110077834513,0.0922489619608408,0.0709222587594526,0.1732775057218248,0.0498428767365748,0.0655524259070771
r_0726_ENZ_YDR502C,0.0,0.0552707735294867,0.0,0.0865891742297619,0.0298088394036944,0.0
r_0726_ENZ_YLR180W,0.0301742834993849,0.0,0.0425797665174757,0.0,0.0,0.039240554482593
r_0727_ENZ_YER091C,0.0426390137286519,0.0781467592228097,0.060180489910796,0.1223886704272268,0.04213302937751,0.0554706467756566
r_0728_ENZ_YBL013W,0.0,0.0,0.0,0.0,0.0,0.0
r_0729_ENZ_YGR264C,0.0125055293011882,0.0229508624831456,0.0176583333990231,0.0359166737210247,0.0123645290348193,0.0162832160021672
r_0730_ENZ_YGR171C,0.0,0.0,0.0,0.0,0.0,0.0
r_0731_ENZ_YKR080W,0.0,17.779998370330684,13.851194822890395,23.723293798556192,0.0,12.4350989200582
r_0732_ENZ_YGR204W_REV,0.0,17.687749408369843,13.780272564130945,23.550016292834368,0.0,12.3695464941511
r_0732_ENZ_YGR204W_FWD,0.0504110077834513,0.0,0.0,0.0,0.0498428767365748,0.0
r_0733_ENZ_YBR084W_REV,0.0,0.0,0.0,0.0,0.0,0.0
r_0733_ENZ_YBR084W_FWD,0.0,0.000268202199885,0.0002605685445367,0.6478924425624746,0.0,7.66388952406525e-05
r_0734_ENZ_YPR006C,0.0,0.0,0.0,0.0,0.0,0.0
r_0735_ENZ_YMR208W,0.0,0.0,0.0,0.0,0.0,0.0
r_0736_ENZ_YMR208W,0.0,0.0,0.0,0.0,0.0,0.0
r_0737_ENZ_YMR208W,0.0475125780103893,0.0,0.0670897586937669,0.1364591390691271,0.0469768720843153,0.0
r_0738_ENZ_YMR208W,0.0,0.0871978000989182,0.0,0.0,0.0,0.0619282511989008
r_0739_ENZ_YNR043W,0.0475125780103893,0.0871978000989182,0.0670897586937669,0.1364591390691271,0.0469768720843153,0.0619282511989008
r_0747_ENZ_YBR036C_and_YBR161W,0.0,0.0,0.0,0.0,0.0,0.0
r_0747_ENZ_YBR036C_and_YPL057C,0.0,0.0,0.0,0.0,0.0,0.0
r_0748_ENZ_YBR036C_and_YBR161W,0.0,0.0,0.0,0.0,0.0,0.0
r_0748_ENZ_YBR036C_and_YPL057C,0.0,0.0,0.0,0.0,0.0,0.0
r_0749_ENZ_YBR036C_and_YBR161W,0.0,0.0,0.0,0.0,0.0,0.0
r_0749_ENZ_YBR036C_and_YPL057C,0.0,0.0,0.0,0.0,0.0,0.0
r_0750_ENZ_YBR036C_and_YBR161W,0.0,0.0,0.0,0.0,0.0,0.0
r_0750_ENZ_YBR036C_and_YPL057C,0.0,0.0,0.0,0.0,0.0,0.0
r_0751_ENZ_YBR036C_and_YBR161W,0.0,0.0,0.0,0.0,0.0,0.0
r_0751_ENZ_YBR036C_and_YPL057C,0.0,0.0,0.0,0.0,0.0,0.0
r_0752_ENZ_YBR036C_and_YBR161W,0.0,0.0,0.0,0.0,0.0,0.0
r_0752_ENZ_YBR036C_and_YPL057C,0.0,0.0,0.0,0.0,0.0,0.0
r_0753_ENZ_YBR036C_and_YBR161W,0.0,0.0,0.0,0.0,0.0,0.0
r_0753_ENZ_YBR036C_and_YPL057C,0.0,0.0,0.0,0.0,0.0,0.0
r_0754_ENZ_YBR036C_and_YBR161W,0.0,0.0,0.0,0.0,0.0,0.0
r_0754_ENZ_YBR036C_and_YPL057C,0.0,0.0,0.0,0.0,0.0,0.0
r_0755_ENZ_YBR036C_and_YBR161W,0.0,0.0,0.0,0.0,0.0,0.0
r_0755_ENZ_YBR036C_and_YPL057C,0.0,0.0,0.0,0.0,0.0,0.0
r_0756_ENZ_YBR036C_and_YBR161W,0.0,0.0,0.0,0.0,0.0,0.0
r_0756_ENZ_YBR036C_and_YPL057C,0.0,0.0,0.0,0.0,0.0,0.0
r_0757_ENZ_YDR287W,0.0018341288131925,0.0,0.0,0.0052808928984994,0.0018179788607497,0.0
r_0757_ENZ_YHR046C,0.0,0.0033745064379592,0.0025905215877679,0.0,0.0,0.0023881848518139
r_0758_ENZ_YJL153C,0.0018341288131925,0.0033745064379592,0.0025905215877679,0.0052808928984994,0.0018179788607497,0.0023881848518139
r_0759_ENZ_YER069W,0.0396378386505715,0.0727456281208301,0.0559702954789744,0.1138423879174735,0.0391909206774564,0.051611688962656
r_0760_ENZ_YFL017C,0.005069821352974,0.0093044260569737,0.0071588010045921,0.014560848643276,0.0050126589455305,0.0066013196398678
r_0761_ENZ_YJL071W_REV,0.0,0.0,0.0,0.0,0.0,0.0
r_0761_ENZ_YJL071W_FWD,0.0,0.0,0.0,0.0,0.0,0.0
r_0761_ENZ_YMR062C_REV,0.0,0.0,0.0,0.0,0.0,0.0
r_0761_ENZ_YMR062C_FWD,0.0,0.0,0.0,0.0,0.0,0.0
r_0762_ENZ_YDR428C,0.0013034229343784,0.0023921163034225,0.0018404880098111,0.0037435133793284,0.0012887267966529,0.001697162644737
r_0763_ENZ_YDR402C_and_YDR403W,0.0,0.0,0.0,0.0,0.0,0.0
r_0764_ENZ_YGL067W,0.0,0.0,0.0,0.0,0.0,0.0
r_0765_ENZ_YEL041W,0.0,0.0012886689378404,0.0,0.0020166868155317,0.0,0.0
r_0765_ENZ_YJR049C,0.0,0.0,0.0,0.0,0.0,0.0
r_0766_ENZ_YEL041W,0.0,0.0,0.0,0.0,0.0,0.0
r_0766_ENZ_YJR049C,0.0,0.0,0.0,0.0,0.0,0.0
r_0766_ENZ_YPL188W,0.0,0.0,0.0,0.0,0.0,0.0
r_0767_ENZ_YDL042C,0.0,0.0,0.0,0.0,0.0,0.0
r_0767_ENZ_YDR191W,0.0,0.0,0.0,0.0,0.0,0.0
r_0767_ENZ_YOL068C,0.0,0.0,0.0,0.0,0.0,0.0
r_0767_ENZ_YOR025W,0.0,0.0,0.0,0.0,0.0,0.0
r_0767_ENZ_YPL015C,0.0,0.0,0.0,0.0,0.0,0.0
r_0768_ENZ_YHR074W,0.0013034229343784,0.0023921163034225,0.0018408518624798,0.0037442534479006,0.0012889815696706,0.0016974981629008
r_0769_ENZ_YHR074W_REV,0.0,0.0,0.0,0.0,0.0,0.0
r_0769_ENZ_YHR074W_FWD,0.0,0.0,0.0,0.0,0.0,0.0
r_0770_ENZ_YDL085W,0.0,23.642811751520654,0.0,31.024062298390163,0.0,0.0
r_0770_ENZ_YMR145C,7.432557061944571,0.0,18.16870076033733,0.0,2.0460586338632885,15.1372179682264
r_0771_ENZ_YEL041W,0.0,0.0,0.0,0.0,0.0006942564581133,0.0
r_0771_ENZ_YJR049C,0.0007021734879694,0.0,0.0009914985008538,0.0,0.0,0.000914286976601
r_0772_ENZ_YEL041W,0.0,0.0,0.0,0.0,0.0,0.0
r_0772_ENZ_YJR049C,0.0,0.0,0.0,0.0,0.0,0.0
r_0772_ENZ_YPL188W,0.0,0.0,0.0,0.0,0.0,0.0
r_0773_ENZ_YML120C,1.0614203730938403,0.0,0.0,4.03410477374284,0.9835401994993636,1.28881813964165
r_0774_ENZ_YOR209C,0.0,0.0,3.638526687575664e-07,7.400685722137601e-07,2.5477301767891097e-07,3.35518163830354e-07
r_0775_ENZ_YOR209C,0.0,0.0,0.0,0.0,0.0,0.0
r_0781_ENZ_YGL037C,0.0,0.0,3.638526687575664e-07,7.400685722137601e-07,2.5477301767891097e-07,3.35518163830354e-07
r_0782_ENZ_YLR285W,0.0,0.0,0.0,0.0,0.0,0.0
r_0783_ENZ_YCL047C,0.0,0.0,0.0,0.0,0.0,0.0
r_0783_ENZ_YLR328W,0.0,0.0,0.0,0.0,0.0,0.0
r_0784_ENZ_YGR010W,0.0,0.0,0.0,0.0,0.0,0.0
r_0784_ENZ_YLR328W,0.0,0.0,0.0,0.0,0.0,0.0
r_0785_ENZ_YGR010W,0.0,0.0023921163034225,0.0018408518624798,0.0037442534479006,0.0,0.0016974981629008
r_0785_ENZ_YLR328W,0.0013034229343784,0.0,0.0,0.0,0.0012889815696706,0.0
r_0786_ENZ_YFR047C,0.0013034229343784,0.0023921163034225,0.0018404880098111,0.0037435133793284,0.0012887267966529,0.001697162644737
r_0787_ENZ_YFR047C,0.0,0.0,0.0,0.0,0.0,0.0
r_0788_ENZ_YER005W,0.0,0.0,0.0,0.0,0.0,0.0
r_0789_ENZ_YER005W,0.0,0.0,0.0,0.0,0.0,0.0
r_0790_ENZ_YER005W,0.0,0.0,0.0,0.0,0.0,0.0
r_0791_ENZ_YEL042W,0.0,0.0,0.0,0.0,0.0,0.0
r_0792_ENZ_YER005W,0.0,0.0,0.0,0.0,0.0,0.0
r_0793_ENZ_YER005W,0.0,0.0,0.0,0.0,0.0,0.0
r_0795_ENZ_YKL067W,0.0025474456093415,0.0,0.0035803443738157,0.0072979885694425,0.0025123760697759,0.0032962792490263
r_0796_ENZ_YKL067W,0.0,0.0,0.0,0.0,0.0,0.0
r_0797_ENZ_YKL067W,0.0,0.0,0.0,0.0,0.0,0.0
r_0798_ENZ_YKL067W,0.0,0.0,0.0,0.0,0.0,0.0
r_0799_ENZ_YKL067W,0.0,0.0,0.0,0.0,0.0,0.0
r_0800_ENZ_YKL067W,0.2265271815412618,0.3285378370767189,0.3198659088517528,0.6506004402059212,0.2239730798980856,0.233091569867325
r_0801_ENZ_YKL067W,0.0,0.0,0.0,0.0,0.0,0.0
r_0802_ENZ_YKL067W_REV,0.0,0.0,0.0,0.0,0.0,0.0
r_0802_ENZ_YKL067W_FWD,0.0,0.0,0.0,0.0,0.0,0.0
r_0803_ENZ_YKL067W_REV,0.0,0.0,0.0,0.0,0.0,0.0
r_0803_ENZ_YKL067W_FWD,0.0,0.0,0.0,0.0,0.0,0.0
r_0804_ENZ_YAL035W,0.0,0.0,0.0,0.0,0.0,0.0
r_0804_ENZ_YLL001W,0.0,0.0,0.0,0.0,0.0,0.0
r_0804_ENZ_YER005W,0.0,0.0,0.0,0.0,0.0,0.0
r_0805_ENZ_YER005W,0.0,0.0,0.0,0.0,0.0,0.0
r_0806_ENZ_YER005W,0.0,0.0,0.0,0.0,0.0,0.0
r_0807_ENZ_YER005W,0.0,0.0,0.0,0.0,0.0,0.0
r_0810_ENZ_YEL042W,0.0,0.0,0.0,0.0,0.0,0.0
r_0811_ENZ_YKL067W,0.3333555144684118,0.706113382532392,0.4707120085134489,0.9574181914178286,0.3295969197537424,0.495984236904917
r_0812_ENZ_YLR303W,0.0,0.0,0.0,0.0,0.0,0.0
r_0813_ENZ_YLR303W,0.0141744817762875,0.0260138195019478,0.0200149644957676,0.0407100111368464,0.0140146640142431,0.0184563278309334
r_0815_ENZ_YLL058W,0.0,0.0,0.0,0.0,0.0,0.0
r_0815_ENZ_YML082W,0.0,0.0,0.0,0.0,0.0,0.0
r_0815_ENZ_YAL012W,0.0,0.0,0.0,0.0,0.0,0.0
r_0816_ENZ_YJL088W,0.0396378386505715,0.0727456281208301,0.0559702954789744,0.1138423879174735,0.0391909206774564,0.051611688962656
r_0817_ENZ_YKL184W,0.0,0.0,0.0,0.0,0.0,0.0
r_0818_ENZ_YMR062C,0.0396378386505715,0.0727456281208301,0.0559702954789744,0.1138423879174735,0.0391909206774564,0.051611688962656
r_0819_ENZ_YLR438W,0.0,0.0,0.0,0.0,0.0,0.0
r_0820_ENZ_YML106W_REV,0.0230339390550606,0.0422732021144936,0.0325248908327608,0.0661549346393496,0.0227742306121736,0.0299920615898016
r_0820_ENZ_YML106W_FWD,0.0,0.0,0.0,0.0,0.0,0.0
r_0820_ENZ_YMR271C_REV,0.0,0.0,0.0,0.0,0.0,0.0
r_0820_ENZ_YMR271C_FWD,0.0,0.0,0.0,0.0,0.0,0.0
r_0821_ENZ_YEL021W,0.0230339390550606,0.0422732021144936,0.0325248908327608,0.0661549346393496,0.0227742306121736,0.0299920615898016
r_0831_ENZ_YDR148C_and_YFL018C_and_YIL125W_and_YFR049W,0.0,0.0,0.0,0.0,0.0,0.0
r_0831_ENZ_YDR148C_and_YFL018C_and_YIL125W,0.0,0.0,0.0,0.0,0.0,0.0
r_0832_ENZ_YDR148C_and_YFL018C_and_YIL125W_and_YFR049W,0.0,0.0,0.0,0.0,0.0,0.0
r_0832_ENZ_YDR148C_and_YFL018C_and_YIL125W,0.0,0.0,0.0,0.0,0.0,-1.9820941434582403e-15
r_0841_ENZ_YGR277C,0.0,7.487678982265322e-05,5.761000570281283e-05,0.0001171775235598,4.03390610035359e-05,5.31237091036262e-05
r_0842_ENZ_YDR531W,4.079907192128425e-05,7.487678982265322e-05,5.761000570281283e-05,0.0001171775235598,4.033906100375795e-05,5.31237091036155e-05
r_0843_ENZ_YIL145C,4.079907192128425e-05,7.487678982265322e-05,5.761000570281283e-05,0.0001171775235598,4.033906100375795e-05,5.31237091036154e-05
r_0844_ENZ_YJR019C,0.0,0.0,0.0,0.0,0.0,0.0
r_0845_ENZ_YJR019C,0.0,0.0,0.0,0.0,0.0,0.0
r_0847_ENZ_YJR019C,0.0,0.0,0.0,0.0,0.0,-1.0668698075461601e-17
r_0848_ENZ_YJR019C,0.0,0.0,0.0,0.0,0.0,0.0
r_0849_ENZ_YJR019C,0.0,0.0,0.0,0.0,0.0,0.0
r_0850_ENZ_YJR019C,0.0,0.0,0.0,0.0,0.0,0.0
r_0851_ENZ_YGL202W_REV,0.0330274230206984,0.2659111494996184,0.0466361105526858,0.4161344264240217,0.032655037707671,0.0430043903051656
r_0851_ENZ_YGL202W_FWD,0.0,0.0,0.0,0.0,0.0,0.0
r_0852_ENZ_YFL022C_and_YLR060W,0.0330274230206984,0.0606138153503592,0.0466361105526858,0.0948568547488812,0.032655037707671,0.0430043903051656
r_0853_ENZ_YPR047W,0.0,0.0,0.0,0.0,0.0,0.0
r_0854_ENZ_YDR380W,0.0,0.0,0.0,0.0,0.0,0.0
r_0855_ENZ_YGL234W,0.0219892096454614,0.0403558549607418,0.0310500528141615,0.0631551455477924,0.0217415353350779,0.0286320744674493
r_0882_ENZ_YEL058W_REV,0.0,0.0,0.0,0.0,0.0,0.0
r_0882_ENZ_YEL058W_FWD,0.005069821352974,0.0093044260569737,0.0071588010045921,0.014560848643276,0.0050126589455305,0.0066013196398678
r_0883_ENZ_YGR209C_and_YPR167C,0.0141744817762875,0.0260138195019478,0.0200153283484363,0.0407107512054187,0.0140149187872607,0.0184566633490972
r_0883_ENZ_YLR043C_and_YPR167C,0.0,0.0,0.0,0.0,0.0,0.0
r_0884_ENZ_YKR097W,0.0,0.0,0.0,0.0,0.0,0.0
r_0885_ENZ_YGR007W,-0.0,0.0,-0.0,0.0,-0.0,0.0
r_0886_ENZ_YGR240C_and_YMR205C,3.2716762915764503,0.1871989640258083,0.0,0.7928412693848172,6.970853398154746,0.0
r_0887_ENZ_YGR240C_and_YMR205C,0.3236398496103375,0.0,0.1458224629856843,0.0,0.0,0.161872700731063
r_0888_ENZ_YMR105C_REV,0.0,0.0,0.0,0.0,0.0,0.0
r_0888_ENZ_YMR105C_FWD,0.3177045101473655,0.5830694844699237,0.4486121320768452,0.9124675138361964,0.314122381036435,0.41367710546252
r_0888_ENZ_YKL127W_REV,0.0,0.0,0.0,0.0,0.0,0.0
r_0888_ENZ_YKL127W_FWD,0.0,0.0,0.0,0.0,0.0,0.0
r_0889_ENZ_YGR256W,0.0,10.73800237382062,0.0,0.0,0.9311430891925944,0.0
r_0889_ENZ_YHR183W,0.975869677881958,0.0,8.250804497411664,14.81909128518572,0.0,7.44433580150076
r_0890_ENZ_YEL058W_REV,0.0,0.0,0.0,0.0,0.0,0.0
r_0890_ENZ_YEL058W_FWD,0.0,0.0,0.0,0.0,0.0,0.0
r_0891_ENZ_YER081W,0.0,0.0,0.0,0.7996740585893033,0.1588676751257853,0.209198140841247
r_0891_ENZ_YIL074C,0.160682312884781,0.294951732357599,0.2268883293843273,0.0,0.0,0.0
r_0892_ENZ_YCR012W_REV,0.0,0.0,0.0,0.0,0.0,0.0
r_0892_ENZ_YCR012W_FWD,7.441151235168715,3.8164805709326295,2.936343381520109,6.31064787873059,14.178165139288623,2.70784729914546
r_0893_ENZ_YOR283W_REV,0.0,0.0,0.0,0.0,0.0,0.0
r_0893_ENZ_YOR283W_FWD,0.0,0.0,0.0,0.0,0.0,0.0
r_0893_ENZ_YKL152C_REV,0.0,0.0,0.0,0.0,0.0,0.0
r_0893_ENZ_YKL152C_FWD,7.2804689222839345,3.5215288385750307,2.709455052135782,5.510973820141286,14.019297464162838,2.49864915830421
r_0902_ENZ_YFL045C_REV,0.1507504185786504,0.2766657886081249,0.2128659321162175,0.4329647683831213,0.1490507025040342,0.19628930283663
r_0902_ENZ_YFL045C_FWD,0.0,0.0,0.0,0.0,0.0,0.0
r_0903_ENZ_YOL055C,0.0,0.0,3.638526687575664e-07,0.0,0.0,0.0
r_0903_ENZ_YPL258C,0.0,0.0,0.0,7.400685722137601e-07,2.5477301767891097e-07,0.0
r_0903_ENZ_YPR121W,0.0,0.0,0.0,0.0,0.0,0.0
r_0904_ENZ_YMR220W,0.0475125780103893,0.0871978000989182,0.0670897586937669,0.1364591390691271,0.0469768720843153,0.0619282511989008
r_0905_ENZ_YIL083C,4.079907192128425e-05,7.487678982265322e-05,5.761000570281283e-05,0.0001171775235598,4.033906100375795e-05,5.31237091036155e-05
r_0906_ENZ_YKL088W_and_YKR072C_and_YOR054C,4.079907192128425e-05,7.487678982265322e-05,5.761000570281283e-05,0.0001171775235598,4.033906100375795e-05,5.31237091036155e-05
r_0907_ENZ_YKL127W_REV,0.0,0.0,0.0,0.0,0.0,0.0
r_0907_ENZ_YKL127W_FWD,0.0,0.0,0.0425221565117729,0.0,0.0,0.0
r_0907_ENZ_YMR105C_REV,4.0799071921285984e-05,7.487678982265322e-05,0.0,0.0001171775235598,0.0,5.31237091036155e-05
r_0907_ENZ_YMR105C_FWD,0.0,0.0,0.0,0.0,0.0,0.0
r_0907_ENZ_YMR278W_REV,0.0,0.0,0.0,0.0,4.033906100375795e-05,0.0
r_0907_ENZ_YMR278W_FWD,0.0,0.0,0.0,0.0,0.0,0.0
r_0908_ENZ_YAR015W,0.0219892096454614,0.0403558549607418,0.0310496889614927,0.0631544054792202,0.0217412805620602,0.0286317389492855
r_0909_ENZ_YCL030C,0.0163533833398672,0.0300126642485894,0.0230916651556658,0.0469679546948121,0.0161689983889052,0.02129343483798
r_0910_ENZ_YCL030C,0.0163533833398672,0.0300126642485894,0.0230916651556658,0.0469679546948121,0.0161689983889052,0.02129343483798
r_0911_ENZ_YOR128C,0.0219892096454614,0.0403558549607418,0.0310496889614927,0.0631544054792202,0.0217412805620602,0.0286317389492855
r_0912_ENZ_YLR028C_REV,0.0,0.0,0.0,0.0,0.0,0.0
r_0912_ENZ_YLR028C_FWD,0.0383425929853287,0.0703685192093312,0.0541413541171586,0.1101223601740324,0.0379102789509654,0.0499251737872655
r_0912_ENZ_YMR120C_REV,0.0,0.0,0.0,0.0,0.0,0.0
r_0912_ENZ_YMR120C_FWD,0.0,0.0,0.0,0.0,0.0,0.0
r_0913_ENZ_YDR007W,0.0083084924516786,0.01524822045578,0.0117319408256522,0.0238625175563098,0.0082148139179199,0.010818332753831
r_0914_ENZ_YGL234W,0.0219892096454614,0.0403558549607418,0.0310500528141615,0.0631551455477924,0.0217415353350779,0.0286320744674493
r_0915_ENZ_YMR300C,0.0219892096454614,0.0403558549607418,0.0310500528141615,0.0631551455477924,0.0217415353350779,0.0286320744674493
r_0916_ENZ_YKL181W_and_YER099C,0.0,0.1302820580830274,0.0,0.2038848058861647,0.0,0.0
r_0916_ENZ_YKL181W_and_YHL011C,0.0,0.0,0.0,0.0,0.0,0.0
r_0916_ENZ_YKL181W_and_YBL068W,0.0,0.0,0.0,0.0,0.0,0.0924334018119629
r_0916_ENZ_YER099C_and_YOL061W,0.0709884474264465,0.0,0.142819168008196,0.0,0.0701885598237473,0.0
r_0916_ENZ_YBL068W_and_YOL061W,0.0,0.0,0.0,0.0,0.0,0.0
r_0917_ENZ_YGR208W,0.160682312884781,0.294951732357599,0.2268883293843273,0.7996740585893033,0.1588676751257853,0.209198140841247
r_0918_ENZ_YOR184W,0.160682312884781,0.294951732357599,0.2268883293843273,0.7996740585893033,0.1588676751257853,0.209198140841247
r_0919_ENZ_YBR183W,0.0,0.0,0.0,0.0,0.0,0.0
r_0920_ENZ_YDR402C,0.0,0.0,0.0,0.0,0.0,0.0
r_0921_ENZ_YDR294C,0.0,0.0,0.0,0.0,0.0,0.0
r_0922_ENZ_YDR297W,0.0,0.0,0.0,0.0,0.0,0.0
r_0929_ENZ_YMR020W,0.0,0.0,0.0,0.0,0.0,0.0
r_0935_ENZ_YGL040C,0.0,0.0,0.0,0.0,0.0,0.0
r_0936_ENZ_YMR020W,0.0,0.0,0.0,0.0,0.0,0.0
r_0937_ENZ_YMR020W,4.079907192128425e-05,7.487678982265322e-05,5.761000570281283e-05,0.0001171775235598,4.033906100375795e-05,5.31237091036155e-05
r_0938_ENZ_YNL316C,0.0330274230206984,0.0606138153503592,0.0466361105526858,0.0948568547488812,0.032655037707671,0.0430043903051656
r_0939_ENZ_YBR166C,0.0251590518575621,0.0461733306509766,0.0355256394994758,0.0722583934622058,0.0248753826958603,0.0327591312562425
r_0940_ENZ_YLR142W,0.0,0.0,0.0,0.0,0.0,0.0
r_0941_ENZ_YHR020W,0.0406244701530932,0.0745563506732745,0.057363460661663,0.1166760562017572,0.0401664278763751,0.0528963634041111
r_0942_ENZ_YER014W,0.0,0.0,0.0,0.0,0.0,0.0
r_0943_ENZ_YLR209C,0.0,0.0,0.0,0.0,0.0,0.0
r_0949_ENZ_YLR209C_REV,0.0,0.0,0.0,0.0,0.0,0.0
r_0949_ENZ_YLR209C_FWD,0.0,0.0,0.0,0.0,0.0,0.0
r_0950_ENZ_YLR209C_REV,0.0,0.0,0.0,0.0,0.0,0.0
r_0950_ENZ_YLR209C_FWD,0.0,0.0,0.0,0.0,0.0,0.0
r_0951_ENZ_YLR209C_REV,0.0,0.0,0.0,0.0,0.0,0.0
r_0951_ENZ_YLR209C_FWD,0.0,0.0,0.0,0.0,0.0,0.0
r_0953_ENZ_YBR035C,0.0,0.0,0.0,0.0,0.0,0.0
r_0954_ENZ_YBR035C,0.0,0.0,0.0,0.0,0.0,0.0
r_0955_ENZ_YBR035C,0.0,0.0,0.0,0.0,0.0,0.0
r_0956_ENZ_YBR035C,0.0,0.0,0.0,0.0,0.0,0.0
r_0957_ENZ_YER023W,0.0406244701530932,0.0745563506732745,0.057363460661663,0.1166760562017572,0.0401664278763751,0.0528963634041111
r_0958_ENZ_YBR218C,0.0,0.0,0.0,0.0,0.0,0.675063222209449
r_0958_ENZ_YGL062W,0.5184901584841652,0.9514879111286232,0.7320723032604082,1.4890194596652988,0.5126038253276562,0.0
r_0959_ENZ_YGR087C,0.0,0.0,0.0,0.0,0.0,0.0
r_0959_ENZ_YLR044C,0.0,0.5403641240561907,0.4157547397821142,0.0,0.0,0.383378435485395
r_0959_ENZ_YLR134W,5.656002065570322,0.0,0.0,0.8456362783109428,12.413227204393024,0.0
r_0960_ENZ_YGR087C,0.0,0.0,0.0,0.0,0.0,0.0
r_0960_ENZ_YLR044C,0.0,0.0,0.0,0.0,0.0,0.0
r_0960_ENZ_YLR134W,0.0,0.0,0.0,0.0,0.0,0.0
r_0961_ENZ_YBR221C_and_YER178W_and_YFL018C_and_YGR193C_and_YNL071W,0.583451405747017,1.070708506815179,0.8238003168899322,1.6755922840741768,0.5768326323277155,0.759837082119485
r_0962_ENZ_YAL038W,7.14745175961163,3.2774081352554028,0.0,5.128940088026988,0.0,2.32544999658759
r_0962_ENZ_YOR347C,0.0,0.0,2.521629223281305,0.0,13.887780074504272,0.0
r_0963_ENZ_YDR204W_and_YGR255C_and_YLR201C_and_YML110C_and_YOL096C_and_YOR125C,0.0,0.0,0.0,0.0,0.0,0.0
r_0964_ENZ_YDR135C,0.0,0.0,0.0,0.0,0.0,0.0
r_0965_ENZ_YDR236C,0.0,3.940883448506627e-06,0.0,0.0,0.0,0.0
r_0966_ENZ_YDR236C,0.0,0.0,0.0,0.0,0.0,0.0
r_0967_ENZ_YOL143C,0.0004294638887298,0.0007881766868339,0.0006064210756206,0.0012334475410814,0.0004246216688406,0.0005591969037771
r_0968_ENZ_YBR256C,0.0002147319443649,0.0003940883434169,0.0003032105378103,0.0006167237705407,0.0002123108344203,0.0002795984518885
r_0969_ENZ_YCR036W,0.0,0.0,0.0,0.0,0.0,0.0
r_0970_ENZ_YGR209C,0.0007437026564255,0.0014187180529318,0.0010501394335746,0.0,0.0007353173837889,0.0
r_0971_ENZ_YGR209C,0.0,0.0,0.0,0.0,0.0,0.0
r_0972_ENZ_YGR209C,0.0,0.0,0.0,0.0,0.0,0.0
r_0973_ENZ_YGR209C,0.0,0.0023645301493903,0.0,0.0,0.0,0.0
r_0974_ENZ_YER070W,2.9332352349989432e-05,0.0,4.141851533822835e-05,0.0022202055999726,2.9001629083903743e-05,0.001006554438598
r_0974_ENZ_YGR180C,0.0,0.0,0.0,0.0,0.0,0.0
r_0974_ENZ_YIL066C,0.0,0.0,0.0,0.0,0.0,0.0
r_0974_ENZ_YJL026W,0.0,0.0,0.0,0.0,0.0,0.0
r_0975_ENZ_YER070W,0.0,0.0,0.0,0.0,0.0,0.0
r_0975_ENZ_YGR180C,0.0,0.0,0.0,0.0,0.0,0.0
r_0975_ENZ_YIL066C,0.0,0.0,0.0,0.0,0.0,0.0
r_0975_ENZ_YJL026W,0.0,0.0,0.0,0.0,0.0,0.0
r_0976_ENZ_YER070W,0.0012883917146233,0.0,0.0018192632952525,0.0037003427623491,0.0012738650544097,0.0016775907743961
r_0976_ENZ_YGR180C,0.0,0.0,0.0,0.0,0.0,0.0
r_0976_ENZ_YIL066C,0.0,0.0,0.0,0.0,0.0,0.0
r_0976_ENZ_YJL026W,0.0,0.0,0.0,0.0,0.0,0.0
r_0977_ENZ_YER070W,0.0,0.0,0.0,0.0,0.0,0.0
r_0977_ENZ_YGR180C,0.0,0.0,0.0,0.0,0.0,0.0
r_0977_ENZ_YIL066C,0.0,0.0,0.0,0.0,0.0,0.0
r_0977_ENZ_YJL026W,0.0,0.0,0.0,0.0,0.0,0.0
r_0978_ENZ_YER070W,0.0005153567058477,0.0009458120964584,0.0007277053463397,0.0014801371623765,0.0005095460415368,0.000671036335798
r_0978_ENZ_YGR180C,0.0,0.0,0.0,0.0,0.0,0.0
r_0978_ENZ_YIL066C,0.0,0.0,0.0,0.0,0.0,0.0
r_0978_ENZ_YJL026W,0.0,0.0,0.0,0.0,0.0,0.0
r_0979_ENZ_YER070W,0.0,0.0,0.0,0.0,0.0,0.0
r_0979_ENZ_YGR180C,0.0,0.0,0.0,0.0,0.0,0.0
r_0979_ENZ_YIL066C,0.0,0.0,0.0,0.0,0.0,0.0
r_0979_ENZ_YJL026W,0.0,0.0,0.0,0.0,0.0,0.0
r_0982_ENZ_YOR095C_REV,0.0,0.0,0.0,0.0,0.0,0.0
r_0982_ENZ_YOR095C_FWD,0.3946690961087054,3.706662806179768,2.8482350045853773,5.138959556840413,0.3789783200408463,2.57178307883248
r_0983_ENZ_YNL129W,0.0,0.0,0.0,0.0,0.0,0.0
r_0984_ENZ_YJL121C_REV,0.0,0.0,0.0,0.0,0.0,0.0
r_0984_ENZ_YJL121C_FWD,0.5807711178845227,7.0305513909540185,5.401963071750667,9.678898280804226,0.5517401474829073,4.87199352576451
r_0985_ENZ_YDR204W_and_YGR255C_and_YLR201C_and_YML110C_and_YOL096C_and_YOR125C,0.0,0.0,0.0,0.0,0.0,0.0
r_0986_ENZ_YML008C,0.0,0.0,0.0,0.0,0.0,0.0
r_0987_ENZ_YJL068C,0.0,0.0,0.0,0.0,0.0,0.0
r_0988_ENZ_YIR034C,0.0705933377212636,0.1295569301583291,0.0996807622619753,0.2027485456030897,0.0697973954478228,0.0919182658122319
r_0989_ENZ_YNR050C,0.0705933377212636,0.1295569301583291,0.0996807622619753,0.2027485456030897,0.0697973954478228,0.0919182658122319
r_0990_ENZ_YKL060C_REV,0.0,0.0,0.0,0.0,0.0,0.0
r_0990_ENZ_YKL060C_FWD,0.3236398496103375,0.0,0.1458224629856843,0.0,0.0,0.161872700731063
r_0992_ENZ_YHR013C_and_YDL040C_and_YOR253W,0.0,0.0,0.0,0.0,0.0,0.0
r_0993_ENZ_YMR296C_and_YKL212W_and_YDR062W_and_YGR038W_and_YLR350W_and_YBR058C-A,0.0,0.0,0.0,0.0,0.0,0.0
r_0995_ENZ_YDR023W,0.0457302760495541,0.0839268176221763,0.0645730733552927,0.1313402547374118,0.0452146656384459,0.0
r_0995_ENZ_YHR011W,0.0,0.0,0.0,0.0,0.0,0.0595445378455809
r_0996_ENZ_YDR127W,0.0665085813361522,0.1220603516598138,0.0939129144272385,0.1910168660571491,0.065758694829283,0.0865995808583129
r_0997_ENZ_YDR127W,0.0665085813361522,0.1220603516598138,0.0939129144272385,0.1910168660571491,0.065758694829283,0.0865995808583129
r_0998_ENZ_YBR213W,0.0,0.0,0.0,0.0,0.0,0.0
r_0999_ENZ_YBR213W,0.0,0.0,0.0,0.0,0.0,0.0
r_1000_ENZ_YEL047C_REV,0.0,0.0,0.0,0.0,0.0,0.0
r_1000_ENZ_YEL047C_FWD,0.0,0.0,0.0,0.0,0.0,0.0
r_1001_ENZ_YPR069C,0.0,0.0,0.0,0.0,0.0,0.0
r_1002_ENZ_YLR146C,4.0799071921285984e-05,7.487678982265322e-05,5.761000570281283e-05,0.0001171775235598,4.033906100375795e-05,5.31237091036155e-05
r_1003_ENZ_YDR294C,0.0,0.0,0.0,0.0,0.0,0.0
r_1004_ENZ_YJL134W,0.0,0.0,0.0,0.0,0.0,0.0
r_1004_ENZ_YKR053C,0.0,0.0,0.0,0.0,0.0,0.0
r_1005_ENZ_YJL134W,0.0,0.0,0.0,0.0,0.0,0.0
r_1005_ENZ_YKR053C,0.0,0.0,0.0,0.0,0.0,0.0
r_1006_ENZ_YLR260W,0.0,0.0,0.0,0.0,0.0,0.0
r_1006_ENZ_YOR171C,0.0,0.0,0.0,0.0,0.0,0.0
r_1007_ENZ_YLR260W,0.0,0.0,0.0,0.0,0.0,0.0
r_1007_ENZ_YOR171C,0.0,0.0,0.0,0.0,0.0,0.0
r_1008_REV,0.0,0.0,0.0,0.0,0.0,0.0
r_1008_FWD,0.0,0.0,0.0,0.0,0.0,0.0
r_1009_REV,0.0,0.0,0.0,0.0,0.0,0.0
r_1009_FWD,0.0,0.0,0.0,0.0,0.0,0.0
r_1010_ENZ_YGR175C,0.0,0.0,0.0,0.0,0.0,0.0
r_1011_ENZ_YGR175C,0.0079187630017315,0.014532966683153,0.0111816264489611,0.0227431898448545,0.0078294786807192,0.0103213751998168
r_1012_ENZ_YHR190W,0.0079187630017315,0.014532966683153,0.0111816264489611,0.0227431898448545,0.0078294786807192,0.0103213751998168
r_1021_ENZ_YDR178W_and_YJL045W_and_YKL141W_and_YLL041C_REV,0.0,0.0,0.0,0.0,0.0,0.0
r_1021_ENZ_YDR178W_and_YJL045W_and_YKL141W_and_YLL041C_FWD,0.0,0.0,0.0,0.0,0.0,0.0
r_1021_ENZ_YDR178W_and_YKL141W_and_YKL148C_and_YLL041C_REV,0.0,0.0,0.0,0.0,0.0,0.0
r_1021_ENZ_YDR178W_and_YKL141W_and_YKL148C_and_YLL041C_FWD,0.0,0.0422732021144936,0.0,0.0,0.0,0.0
r_1021_ENZ_YLR164W_and_YJL045W_and_YKL141W_and_YLL041C_REV,0.0,0.0,0.0,0.0,0.0,0.0
r_1021_ENZ_YLR164W_and_YJL045W_and_YKL141W_and_YLL041C_FWD,0.0230339390550606,0.0,0.0325248908327608,0.0661549346393496,0.0227742306121736,0.0299920615898017
r_1022_ENZ_YGR244C_and_YOR142W,0.0,0.0,0.0,0.0,0.0,0.0
r_1023_ENZ_YBR006W,0.0,0.0,0.0,0.0,0.0,0.0
r_1024_ENZ_YIL162W,0.0,0.0,0.0,0.0,0.0,0.0
r_1025_ENZ_YJR010W,0.0141744817762875,0.0260138195019478,0.0200153283484363,0.0407107512054187,0.0140149187872607,0.0184566633490972
r_1026_ENZ_YCL050C,0.0,0.0,0.0,0.0,0.0,0.0
r_1027_ENZ_YFR030W_and_YJR137C,0.0141744817762875,0.0260138195019478,0.0200153283484363,0.0407107512054187,0.0140149187872607,0.0184566633490972
r_1028_ENZ_YLL048C,0.0,0.0,0.0,0.0,0.0,0.0
r_1029_ENZ_YLL057C,0.0,0.0,0.0,0.0,0.0,0.0
r_1030_ENZ_YAL044C_and_YDR019C_and_YFL018C_and_YMR189W,0.0,0.0,0.0,0.0,0.0,0.0
r_1031_ENZ_YKL132C_REV,0.0,0.0,0.0,0.0,0.0,0.0
r_1031_ENZ_YKL132C_FWD,0.0,0.0,0.0,0.0,0.0,0.0
r_1031_ENZ_YOR241W_REV,0.0,0.0,0.0,0.0,0.0,0.0
r_1031_ENZ_YOR241W_FWD,0.0,0.0,0.0,0.0,0.0,0.0
r_1032_ENZ_YBR092C,0.0,0.0,0.0,0.0,0.0,0.0
r_1033_ENZ_YBR092C,0.0,0.0,0.0,0.0,0.0,0.0
r_1034_ENZ_YOR143C,0.0,0.0,0.0,0.0,0.0,0.0
r_1035_ENZ_YOR143C,0.0,0.0,0.0,0.0,0.0,0.0
r_1036_ENZ_YPL214C,0.0,0.0,3.638526687575664e-07,7.400685722137601e-07,2.5477301767891097e-07,0.0
r_1037_ENZ_YGR209C_and_YIL010W,0.0,0.0,0.0,0.0,0.0,0.0
r_1037_ENZ_YIL010W_and_YLR043C,0.0,0.0,0.0,0.0,0.0,0.0
r_1038_ENZ_YDR353W_and_YGR209C,0.0167512652055341,0.0102476266002428,0.0078846183129805,0.0240557183650585,0.0,0.0218118448978895
r_1038_ENZ_YDR353W_and_YLR043C,0.0,0.0102476266002428,0.0078846183129805,0.0,0.0082813244480401,0.0
r_1038_ENZ_YDR353W,0.0,0.0102476266002428,0.0078846183129805,0.0240557183650585,0.0082813244480401,0.0
r_1039_ENZ_YCR083W_and_YHR106W,0.0,0.0,0.0,0.0,0.0,0.0
r_1039_ENZ_YCR083W_and_YPL091W,0.0,0.0,0.0,0.0,0.0,0.0
r_1040_ENZ_YEL046C,0.0,0.0,0.0,0.0,0.0,0.0
r_1041_ENZ_YCR053W,0.0472102233033365,0.0866429014508425,0.0666628211293253,0.1355907571638366,0.0466779264368237,0.0614715495077633
r_1042_ENZ_YIL078W,0.0472102233033365,0.0866429014508425,0.0666628211293253,0.1355907571638366,0.0466779264368237,0.0614715495077633
r_1043_ENZ_YKL194C,0.0,0.0,0.0,0.0,0.0,0.0
r_1045_ENZ_YOR074C,0.0007730350087755,0.0014187180529318,0.0010915579489128,0.0022202055999726,0.0007643190128728,0.001006554438598
r_1046_ENZ_YER175C,0.0,0.0,0.0,0.0,0.0,0.0
r_1047_ENZ_YBR003W,0.0,0.0,0.0,0.0,0.0,0.0
r_1048_ENZ_YGR043C_REV,0.0,0.0,0.0,0.0,0.0,0.0
r_1048_ENZ_YGR043C_FWD,0.0,0.0,0.0,0.0,0.0,2.31742385258035
r_1048_ENZ_YLR354C_REV,0.0,0.0,0.0,0.0,0.0,0.0
r_1048_ENZ_YLR354C_FWD,0.0,3.576305871306916,2.6021155301032683,4.934957573430688,0.3087494211560951,0.0
r_1049_ENZ_YBR117C_REV,0.0,0.0,0.0,0.0,0.0,0.0
r_1049_ENZ_YBR117C_FWD,0.0,3.576305871306916,2.7479379930889527,0.0,0.0,0.0
r_1049_ENZ_YPR074C_REV,0.0,0.0,0.0,0.0,0.0,0.0
r_1049_ENZ_YPR074C_FWD,0.3236398496103375,0.0,0.0,4.934957573430688,0.3087494211560951,2.47929655331141
r_1050_ENZ_YBR117C_REV,0.0,0.0,0.0,0.0,0.0,0.0
r_1050_ENZ_YBR117C_FWD,0.0,3.454245519647102,2.6540250786617143,0.0,0.0,0.0
r_1050_ENZ_YPR074C_REV,0.0,0.0,0.0,0.0,0.0,0.0
r_1050_ENZ_YPR074C_FWD,0.2571312682741853,0.0,0.0,4.743940707373539,0.2429907263268121,2.3926969724531
r_1051_ENZ_YBR126C_and_YDR074W_and_YML100W,0.0,0.0,0.0,0.0,0.0289910452779412,0.0
r_1051_ENZ_YBR126C_and_YDR074W_and_YMR261C,0.0293216478504283,0.0538127648487827,0.0414034001345642,0.0842136333011156,0.0,0.0381791697087656
r_1054_ENZ_YDR050C_REV,0.0,0.0,0.0,0.0,0.0,0.0
r_1054_ENZ_YDR050C_FWD,3.580395333256063,0.1597878668039387,0.1247638990470582,0.7500033844159242,6.956106200889146,0.142459293207471
r_1055_ENZ_YGL026C,0.0083084924516786,0.01524822045578,0.0117319408256522,0.0238625175563098,0.0082148139179199,0.010818332753831
r_1056_ENZ_YGL202W,0.0,0.0,0.0,0.0,0.0,0.0
r_1057_ENZ_YOL097C,0.0070050695173002,0.0128561041523574,0.0098914528158411,0.0201190041769813,0.0069260871212669,0.0091211701090939
r_1058_ENZ_YDR268W,0.0,0.0,0.0,0.0,0.0,0.0
r_1063_ENZ_YGL202W_REV,0.0,0.0,0.0,0.0,0.0,0.0
r_1063_ENZ_YGL202W_FWD,0.0251590518575621,0.0461733306509766,0.0355256394994758,0.0722583934622058,0.0248753826958603,0.0327591312562425
r_1065_ENZ_YLR027C,0.0,0.0,0.0,0.0,0.0,0.0
r_1066_ENZ_YGR185C,0.0251590518575621,0.0461733306509766,0.0355256394994758,0.0722583934622058,0.0248753826958603,0.0327591312562425
r_1067_ENZ_YPL097W,0.0,0.0,0.0,0.0,0.0,0.0
r_1068_ENZ_YLR189C,0.0,0.0,0.0,0.0,0.0,0.0
r_1069_ENZ_YDL103C_REV,2.994566400404963e-14,-4.511495343972882e-14,1.490300938211675e-14,5.150220527827543e-14,-5.56551332797639e-14,0.0
r_1069_ENZ_YDL103C_FWD,0.005069821353004,0.0093044260569286,0.007158801004607,0.0145608486433275,0.0050126589454748,0.0066013196398678
r_1070_ENZ_YBR019C_REV,0.0,0.0,0.0,0.0,0.0,0.0
r_1070_ENZ_YBR019C_FWD,0.0,0.0,0.0,0.0,0.0,0.0
r_1071_ENZ_YBR018C_REV,0.0,0.0,0.0,0.0,0.0,0.0
r_1071_ENZ_YBR018C_FWD,0.0,0.0,0.0,0.0,0.0,0.0
r_1072_ENZ_YKL024C,0.0105811829680721,0.0265416719065763,0.0149410754320114,0.0303898289383561,0.0104618797717768,0.0137775606036284
r_1073_ENZ_YKL024C,0.0,0.0,0.0,0.0,0.0,0.0
r_1074_ENZ_YHR128W,0.0,0.0,0.0,0.0,0.0,0.0
r_1075_ENZ_YBR208C,0.0,0.0,0.0,0.0,0.0,0.0
r_1076_ENZ_YIR032C,0.0,0.0,0.0,0.0,0.0,0.0
r_1077_ENZ_YDR020C,0.0,0.0071224798547731,0.0,0.0,0.0,0.0
r_1077_ENZ_YNR012W,0.0,0.0,0.0,0.0,0.0,0.0
r_1078_ENZ_YDR020C,0.0,0.0,0.0,0.0,0.0,0.0
r_1078_ENZ_YNR012W,0.0,0.0,0.0,0.0,0.0,0.0
r_1079_ENZ_YKL024C,0.0,0.0,0.0,0.0,0.0,0.0
r_1080_ENZ_YKL024C,0.0,0.0,0.0,0.0,0.0,0.0
r_1081_ENZ_YDR047W,0.0,0.0,0.0,0.0,0.0,0.0
r_1082_ENZ_YKR069W,0.0,0.0,0.0,0.0,0.0,0.0
r_1083_ENZ_YOR278W,0.0,0.0,0.0,0.0,0.0,0.0
r_1084_ENZ_YHL012W_REV,0.0,0.0,0.0,0.0,0.0,0.0
r_1084_ENZ_YHL012W_FWD,0.3177045101473655,0.5830694844699237,0.4486121320768452,0.9124675138361964,0.314122381036435,0.41367710546252
r_1084_ENZ_YKL035W_REV,0.0,0.0,0.0,0.0,0.0,0.0
r_1084_ENZ_YKL035W_FWD,0.0,0.0,0.0,0.0,0.0,0.0
r_1085_ENZ_YPR170W-B_and_YBR127C_and_YDL185W_and_YOR332W_and_YHR026W_and_YEL027W_and_YKL080W_and_YLR447C_and_YEL051W_and_YPL234C_and_YMR054W_and_YGR020C_and_YPR036W_and_YHR039C-A_and_YGR106C_and_YCL005W-A,0.0,0.0,0.0,0.0,0.0,0.0
r_1085_ENZ_YBR127C_and_YDL185W_and_YOR332W_and_YHR026W_and_YEL027W_and_YKL080W_and_YLR447C_and_YEL051W_and_YPL234C_and_YMR054W_and_YGR020C_and_YPR036W_and_YHR039C-A_and_YGR106C_and_YCL005W-A,0.0,0.0,0.0,0.0,0.0,0.0
r_1086_ENZ_YBR127C_and_YDL185W_and_YEL027W_and_YEL051W_and_YGR020C_and_YHR026W_and_YHR039C-A_and_YKL080W_and_YLR447C_and_YOR270C_and_YOR332W_and_YPL234C_and_YPR036W_and_YPR170W-B_and_YGR106C_and_YCL005W-A,0.0,0.0,0.0,0.0,0.0,0.0
r_1086_ENZ_YBR127C_and_YDL185W_and_YEL027W_and_YEL051W_and_YGR020C_and_YHR026W_and_YHR039C-A_and_YKL080W_and_YLR447C_and_YOR270C_and_YOR332W_and_YPL234C_and_YPR036W_and_YGR106C_and_YCL005W-A,0.0,0.0,0.0,0.0,0.0,0.0
r_1087_ENZ_YJR148W_REV,0.0,0.0,0.0,0.0,0.0,0.0
r_1087_ENZ_YJR148W_FWD,0.0,0.0,0.0,0.0,0.0,0.0
r_1088_ENZ_YHR208W_REV,0.0652655437797647,0.119779058055126,0.0921576931111683,0.1874467833153083,0.0645296725634394,0.0849810448857877
r_1088_ENZ_YHR208W_FWD,0.0,0.0,0.0,0.0,0.0,0.0
r_1089_ENZ_YGR094W,0.0652655437797647,0.119779058055126,0.0921576931111683,0.1874467833153083,0.0645296725634394,0.0849810448857878
r_1090_ENZ_YGR094W,0.0,0.0,0.0,0.0,0.0,0.0
r_1091_ENZ_YJR133W,0.0,0.0,0.0,0.0,0.0,0.0
r_1092_ENZ_YLR070C,0.0,0.0,0.0,0.0,0.0,0.0
r_1093_ENZ_YHR104W,0.0,0.0,0.0,0.0,0.0,0.0
r_1094_ENZ_YGR194C,0.0,0.0,0.0,0.0,0.0,0.0
r_1095_ENZ_YFL001W_REV,0.0,0.0,0.0,0.0,0.0,0.0
r_1095_ENZ_YFL001W_FWD,0.0,0.0,0.0,0.0,0.0,0.0
r_1095_ENZ_YGL063W_REV,0.0,0.0,0.0,0.0,0.0,0.0
r_1095_ENZ_YGL063W_FWD,0.0,0.0,0.0,0.0,0.0,0.0
r_1095_ENZ_YNL292W_REV,0.0,0.0,0.0,0.0,0.0,0.0
r_1095_ENZ_YNL292W_FWD,0.0,0.0,0.0,0.0,0.0,0.0
r_1095_ENZ_YPL212C_REV,0.0,0.0,0.0,0.0,0.0,0.0
r_1095_ENZ_YPL212C_FWD,0.0,0.0,0.0,0.0,0.0,0.0
r_1096_ENZ_YNL065W_REV,0.0,0.0,0.0,0.0,0.0,0.0
r_1096_ENZ_YNL065W_FWD,0.0,0.0,0.0,0.0,0.0,0.0
r_1096_ENZ_YKL217W_REV,0.0,0.0,0.0,0.0,0.0,0.0
r_1096_ENZ_YKL217W_FWD,0.0,0.0,0.0,0.0,0.0,0.0
r_1097_REV,0.0,0.0,0.0,0.0,0.0,0.0
r_1097_FWD,0.0,0.0,0.0,0.0,0.0,0.0
r_1098,0.0,0.0,0.0,0.0,0.0,0.0
r_1099_ENZ_YOR222W_REV,0.0,0.0,0.0,0.0,0.0,0.0
r_1099_ENZ_YOR222W_FWD,0.0,0.0,0.0,0.0,0.0,0.0
r_1099_ENZ_YPL134C_REV,0.0,0.0,0.0,0.0,0.0,0.0
r_1099_ENZ_YPL134C_FWD,0.0705933377212636,0.1295569301583291,0.0996807622619753,0.2027485456030897,0.0697973954478228,0.0919182658122319
r_1100_REV,0.0,0.0,0.0,0.0,0.0,0.0
r_1100_FWD,0.0,0.0,0.0,0.0,0.0,0.0
r_1101_ENZ_YDL210W,0.0,0.0,0.0,0.0,0.0,0.0
r_1101_ENZ_YOR348C,0.0,0.0,0.0,0.0,0.0,0.0
r_1102_ENZ_YDL210W,0.0,0.0,0.0,0.0,0.0,0.0
r_1103_REV,0.0,0.0,0.0,0.0,0.0,0.0
r_1103_FWD,0.0,0.0,0.0,0.0,0.0,0.0
r_1104_ENZ_YNR056C_REV,0.0,0.0,0.0,0.0,0.0,0.0
r_1104_ENZ_YNR056C_FWD,0.0,0.0,0.0,0.0,0.0,0.0
r_1106_ENZ_YCR010C_REV,0.0,0.0,0.0,0.0,0.0,0.0
r_1106_ENZ_YCR010C_FWD,0.0,0.0,0.0,0.0,0.0,0.0
r_1107,0.0,0.0,0.0,0.0,0.0,0.0
r_1108_ENZ_YER056C,0.0,0.0,0.0,0.0,0.0,0.0
r_1108_ENZ_YER060W,0.0,0.0,0.0,0.0,0.0,0.0
r_1108_ENZ_YER060W-A,0.0,0.0,0.0,0.0,0.0,0.0
r_1109_ENZ_YAL022C,0.0,0.0,0.0,0.0,0.0,0.0
r_1110_ENZ_YBL030C_REV,0.0,0.0,0.0,0.0,0.0,0.0
r_1110_ENZ_YBL030C_FWD,11.21319771926363,0.0,23.869394908707164,46.24596058247368,0.0,0.0
r_1110_ENZ_YBR085W_REV,0.0,0.0,0.0,0.0,0.0,0.0
r_1110_ENZ_YBR085W_FWD,0.0,0.0,0.0,0.0,4.267165501915306,21.3616776178119
r_1110_ENZ_YMR056C_REV,0.0,0.0,0.0,0.0,0.0,0.0
r_1110_ENZ_YMR056C_FWD,0.0,29.84200415038478,0.0,0.0,0.0,0.0
r_1111_ENZ_YPR128C,0.0,0.0,0.0,0.0,0.0,0.0
r_1112_ENZ_YMR241W_REV,0.0665085813361522,0.1220603516598138,0.0,0.1910168660571491,0.0,0.430245204457044
r_1112_ENZ_YMR241W_FWD,0.0,0.0,0.0,0.0,0.0,0.0
r_1113_ENZ_YJR152W,0.0,0.0,0.0,0.0,0.0,0.0
r_1114_ENZ_YIR028W,0.0,0.0,0.0,0.0,0.0,0.0
r_1115_ENZ_YDR384C_REV,0.0,0.0,0.0,0.0,0.0,0.0
r_1115_ENZ_YDR384C_FWD,0.0,0.0,1.940170848751534,3.9462699660724665,1.3585269603119392,0.0
r_1115_ENZ_YGR121C_REV,0.0,0.0,0.0,0.0,0.0,0.0
r_1115_ENZ_YGR121C_FWD,0.0,2.521770993339941,0.0,0.0,0.0,1.789078178152
r_1115_ENZ_YNL142W_REV,0.0,0.0,0.0,0.0,0.0,0.0
r_1115_ENZ_YNL142W_FWD,1.374029042117066,0.0,0.0,0.0,0.0,0.0
r_1115_ENZ_YPR138C_REV,0.0,0.0,0.0,0.0,0.0,0.0
r_1115_ENZ_YPR138C_FWD,0.0,0.0,0.0,0.0,0.0,0.0
r_1116_ENZ_YPR128C,0.0,0.0,0.0,0.0,0.0,0.0
r_1118_ENZ_YPR021C,0.0,0.0,0.0,0.0,0.0,0.0
r_1119_ENZ_YGR065C,0.0,0.0,0.0,0.0,0.0,0.0
r_1120_ENZ_YOR100C,0.0,0.0,0.0,0.0,0.0,0.0
r_1121_REV,0.0,0.0,0.0,0.0,0.0,0.0
r_1121_FWD,0.0,0.0,0.0,0.0,0.0,0.0
r_1122_REV,0.0,0.0,0.0,0.0,0.0,0.0
r_1122_FWD,0.0,0.0,0.0,0.0,0.0,0.0
r_1123_REV,0.0,0.0,0.0,0.0,0.0,0.0
r_1123_FWD,0.0,0.0,0.0,0.0,0.0,0.0
r_1124_REV,0.0,0.0,0.0,0.0,0.0,0.0
r_1124_FWD,0.0,0.0,0.0,0.0,0.0,0.0
r_1125_ENZ_YGL077C,0.0,0.0,0.0,0.0,0.0,0.0
r_1126_ENZ_YBR291C_REV,0.0,0.0,0.0074300688557287,0.0,0.0,0.436933029105588
r_1126_ENZ_YBR291C_FWD,0.0,0.0,0.0,0.0,0.0,0.0
r_1127_ENZ_YBR291C_REV,0.0665085813361522,0.1220603516598138,0.0939129144272385,0.1910168660571491,0.065758694829283,0.0865995808583129
r_1127_ENZ_YBR291C_FWD,0.0,0.0,0.0,0.0,0.0,0.0
r_1128_ENZ_YBR291C_REV,0.0,0.0,0.0,0.0,0.0,0.0
r_1128_ENZ_YBR291C_FWD,0.0,0.0,0.0,0.0,0.0,0.0932874055068568
r_1129_ENZ_YHR002W,0.0474309798665467,0.0871978000989183,0.0670897586937669,0.1364591390691271,0.0469768720843151,0.0619282511989008
r_1130_ENZ_YBR192W,0.0,0.0,0.0,0.0,0.0,0.0
r_1131_ENZ_YBR192W,0.0,0.0,0.0,0.0,0.0,0.0
r_1132_ENZ_YAL022C,0.0,0.0,0.0,0.0,0.0,0.0
r_1133_ENZ_YER056C,0.0,0.0,0.0,0.0,0.0,0.0
r_1133_ENZ_YER060W,0.0,0.0,0.0,0.0,0.0,0.0
r_1133_ENZ_YER060W-A,0.0,0.0,0.0,0.0,0.0,0.0
r_1133_ENZ_YGL186C,0.0,0.0,0.0,0.0,0.0,0.0
r_1134_ENZ_YDL245C,0.0,0.0,0.0,0.0,0.0,0.0
r_1134_ENZ_YDR342C,0.0,0.0,0.0,0.0,0.0,0.0
r_1134_ENZ_YDR343C,0.0,0.0,0.0,0.0,0.0,0.0
r_1134_ENZ_YDR345C,0.0,0.0,0.0,0.0,0.0,0.0
r_1134_ENZ_YEL069C,0.0,0.0,0.0,0.0,0.0,0.0
r_1134_ENZ_YFL011W,0.0,0.0,0.0,0.0,0.0,0.0
r_1134_ENZ_YHR092C,0.0,0.0,0.0,0.0,0.0,0.0
r_1134_ENZ_YHR094C,0.0,0.0,0.0,0.0,0.0,0.0
r_1134_ENZ_YHR096C,0.0,0.0,0.0,0.0,0.0,0.0
r_1134_ENZ_YJL214W,0.0,0.0,0.0,0.0,0.0,0.0
r_1134_ENZ_YJL219W,0.0,0.0,0.0,0.0,0.0,0.0
r_1134_ENZ_YJR158W,0.0,0.0,0.0,0.0,0.0,0.0
r_1134_ENZ_YMR011W,0.0,0.0,0.0,0.0,0.0,0.0
r_1134_ENZ_YNR072W,0.0,0.0,0.0,0.0,0.0,0.0
r_1134_ENZ_YOL156W,0.0,0.0,0.0,0.0,0.0,0.0
r_1135_ENZ_YFL011W,0.0,0.0,0.0,0.0,0.0,0.0
r_1135_ENZ_YJL219W,0.0,0.0,0.0,0.0,0.0,0.0
r_1135_ENZ_YLR081W,0.0,0.0,0.0,0.0,0.0,0.0
r_1135_ENZ_YNL318C,0.0,0.0,0.0,0.0,0.0,0.0
r_1135_ENZ_YOL156W,0.0,0.0,0.0,0.0,0.0,0.0
r_1136_ENZ_YKL217W_REV,0.0,0.0,0.0,0.0,0.0,0.0
r_1136_ENZ_YKL217W_FWD,0.0,0.0,0.0,0.0,0.0,0.0
r_1137,0.8694186639006038,1.5955319715798078,1.2275981141731502,2.4969083962216683,0.859575599961379,1.13218970486052
r_1138_REV,0.8694186639006038,1.5955319715798078,1.2275981141731502,2.4969083962216683,0.859575599961379,1.13218970486052
r_1138_FWD,0.0,0.0,0.0,0.0,0.0,0.0
r_1139_ENZ_YDL245C,0.0,0.0,0.0,0.0,0.0,0.0
r_1139_ENZ_YDR342C,0.0,0.0,0.0,0.0,0.0,0.0
r_1139_ENZ_YHR094C,0.0,0.0,0.0,0.0,0.0,0.0
r_1139_ENZ_YDR343C,0.0,0.0,0.0,0.0,0.0,0.0
r_1139_ENZ_YDR345C,0.0,0.0,0.0,0.0,0.0,0.0
r_1139_ENZ_YEL069C,0.0,0.0,0.0,0.0,0.0,0.0
r_1139_ENZ_YFL011W,0.0,0.0,0.0,0.0,0.0,0.0
r_1139_ENZ_YHR096C,0.0,0.0,0.0,0.0,0.0,0.0
r_1139_ENZ_YJL214W,0.0,0.0,0.0,0.0,0.0,0.0
r_1139_ENZ_YJL219W,0.0,0.0,0.0,0.0,0.0,0.0
r_1139_ENZ_YJR158W,0.0,0.0,0.0,0.0,0.0,0.0
r_1139_ENZ_YNR072W,0.0,0.0,0.0,0.0,0.0,0.0
r_1139_ENZ_YOL156W,0.0,0.0,0.0,0.0,0.0,0.0
r_1146_ENZ_YIL013C_REV,0.0,0.0,0.0,0.0,0.0,0.0
r_1146_ENZ_YIL013C_FWD,0.0,0.0,0.0,0.0,0.0,0.0
r_1146_ENZ_YOR011W_REV,0.0,0.0,0.0,0.0,0.0,0.0
r_1146_ENZ_YOR011W_FWD,0.0,0.0,0.0,0.0,0.0,0.0
r_1147_ENZ_YIL013C_REV,0.0,0.0,0.0,0.0,0.0,0.0
r_1147_ENZ_YIL013C_FWD,0.0,0.0,0.0,0.0,0.0,0.0
r_1147_ENZ_YOR011W_REV,0.0,0.0,0.0,0.0,0.0,0.0
r_1147_ENZ_YOR011W_FWD,0.0,0.0,0.0,0.0,0.0,0.0
r_1148_ENZ_YIL013C_REV,0.0,0.0,0.0,0.0,0.0,0.0
r_1148_ENZ_YIL013C_FWD,0.0,0.0,0.0,0.0,0.0,0.0
r_1148_ENZ_YOR011W_REV,0.0,0.0,0.0,0.0,0.0,0.0
r_1148_ENZ_YOR011W_FWD,0.0,0.0,0.0,0.0,0.0,0.0
r_1149_ENZ_YGL077C_REV,0.0,0.0,0.0,0.0,0.0,0.0
r_1149_ENZ_YGL077C_FWD,0.0,0.0,0.0,0.0,0.0,0.0
r_1151_ENZ_YIL134W,0.0,0.0,0.0,0.0,0.0,0.0
r_1161_ENZ_YIL013C_REV,0.0,0.0,0.0,0.0,0.0,0.0
r_1161_ENZ_YIL013C_FWD,0.0,0.0,0.0,0.0,0.0,0.0
r_1161_ENZ_YOR011W_REV,0.0,0.0,0.0,0.0,0.0,0.0
r_1161_ENZ_YOR011W_FWD,0.0,0.0,0.0,0.0,0.0,0.0
r_1162_ENZ_YIL013C_REV,0.0,0.0,0.0,0.0,0.0,0.0
r_1162_ENZ_YIL013C_FWD,0.0,0.0,0.0,0.0,0.0,0.0
r_1162_ENZ_YOR011W_REV,0.0,0.0,0.0,0.0,0.0,0.0
r_1162_ENZ_YOR011W_FWD,0.0,0.0,0.0,0.0,0.0,0.0
r_1164_REV,0.0,0.0,0.0,0.0,0.0,0.0
r_1164_FWD,0.0,0.0,0.0,0.0,0.0,0.0
r_1165_ENZ_YGL225W,0.0,0.0,0.0,0.0,0.0,0.0
r_1166_ENZ_YDL245C,0.0,0.0,0.0,0.0,0.0,0.0
r_1166_ENZ_YDL247W,0.0,0.0,0.0,0.0,0.0,0.0
r_1166_ENZ_YDR342C,0.0,0.0,0.0,0.0,0.0,0.0
r_1166_ENZ_YDR343C,4.495095227926834,0.0,0.0,0.0,0.0,0.0
r_1166_ENZ_YDR345C,0.0,0.0,0.0,0.0,0.0,0.0
r_1166_ENZ_YDR536W,0.0,0.0,0.0,0.0,0.0,0.0
r_1166_ENZ_YEL069C,0.0,0.0,3.707294675566668,0.0,0.0,0.0
r_1166_ENZ_YFL011W,0.0,0.0,0.0,0.0,7.849251106489123,0.0
r_1166_ENZ_YHR092C,0.0,0.0,0.0,0.0,0.0,3.39135005896691
r_1166_ENZ_YHR094C,0.0,0.0,0.0,0.0,0.0,0.0
r_1166_ENZ_YHR096C,0.0,4.820876917314175,0.0,0.0,0.0,0.0
r_1166_ENZ_YJL214W,0.0,0.0,0.0,0.0,0.0,0.0
r_1166_ENZ_YJL219W,0.0,0.0,0.0,0.0,0.0,0.0
r_1166_ENZ_YJR158W,0.0,0.0,0.0,7.382521930828521,0.0,0.0
r_1166_ENZ_YJR160C,0.0,0.0,0.0,0.0,0.0,0.0
r_1166_ENZ_YLR081W,0.0,0.0,0.0,0.0,0.0,0.0
r_1166_ENZ_YMR011W,0.0,0.0,0.0,0.0,0.0,0.0
r_1166_ENZ_YNR072W,0.0,0.0,0.0,0.0,0.0,0.0
r_1166_ENZ_YOL156W,0.0,0.0,0.0,0.0,0.0,0.0
r_1166_ENZ_YDR387C,0.0,0.0,0.0,0.0,0.0,0.0
r_1167_ENZ_YJL212C,0.0,0.0,0.0,0.0,0.0,0.0
r_1168_ENZ_YDR135C_REV,0.0,0.0,0.0,0.0,0.0,0.0
r_1168_ENZ_YDR135C_FWD,0.0,0.0,0.0,0.0,0.0,0.0
r_1168_ENZ_YLL015W_REV,0.0,0.0,0.0,0.0,0.0,0.0
r_1168_ENZ_YLL015W_FWD,0.0,0.0,0.0,0.0,0.0,0.0
r_1169_ENZ_YCR098C_REV,0.0,0.0,0.0,0.0,0.0,0.0
r_1169_ENZ_YCR098C_FWD,0.0,0.0,0.0,0.0,0.0,0.0
r_1170_ENZ_YCR098C_REV,0.0,0.0,0.0,0.0,0.0,0.0
r_1170_ENZ_YCR098C_FWD,0.0,0.0,0.0,0.0,0.0,0.0
r_1171_ENZ_YDR536W,0.0,0.0,0.0,0.0,0.0,0.0
r_1171_ENZ_YGL084C,0.0,0.0,0.0,0.0,0.0,0.0
r_1171_ENZ_YPL189W,0.0,0.0,0.0,0.0,0.0,0.0
r_1172_ENZ_YFL054C,0.0,0.0,0.0,0.0,0.0,0.0
r_1172_ENZ_YLL043W,0.0,0.0,0.0,0.0,0.0,0.0
r_1173_ENZ_YCL025C_REV,0.0,0.0,0.0,0.0,0.0,0.0
r_1173_ENZ_YCL025C_FWD,0.0,0.0,0.0,0.0,0.0,0.0
r_1173_ENZ_YKR039W_REV,0.0,0.0,0.0,0.0,0.0,0.0
r_1173_ENZ_YKR039W_FWD,0.0,0.0,0.0,0.0,0.0,0.0
r_1173_ENZ_YOL020W_REV,0.0,0.0,0.0,0.0,0.0,0.0
r_1173_ENZ_YOL020W_FWD,0.0,0.0,0.0,0.0,0.0,0.0
r_1173_ENZ_YOR348C_REV,0.0,0.0,0.0,0.0,0.0,0.0
r_1173_ENZ_YOR348C_FWD,0.0,0.0,0.0,0.0,0.0,0.0
r_1173_ENZ_YPL265W_REV,0.0,0.0,0.0,0.0,0.0,0.0
r_1173_ENZ_YPL265W_FWD,0.0,0.0,0.0,0.0,0.0,0.0
r_1174,0.0,0.0,0.0,0.0,0.0,0.0
r_1175_ENZ_YDL198C,0.0,0.0,0.0,0.0,0.0,0.0
r_1176_ENZ_YER056C_REV,0.0,0.0,0.0,0.0,0.0,0.0
r_1176_ENZ_YER056C_FWD,0.0,0.0,0.0,0.0,0.0,0.0
r_1176_ENZ_YER060W_REV,0.0,0.0,0.0,0.0,0.0,0.0
r_1176_ENZ_YER060W_FWD,0.0,0.0,0.0,0.0,0.0,0.0
r_1176_ENZ_YER060W-A_REV,0.0,0.0,0.0,0.0,0.0,0.0
r_1176_ENZ_YER060W-A_FWD,0.0,0.0,0.0,0.0,0.0,0.0
r_1177_ENZ_YDR497C,0.0,0.0,0.0,0.0,0.0,0.0
r_1177_ENZ_YOL103W,0.0,0.0,0.0,0.0,0.0,0.0
r_1178_ENZ_YMR319C,0.0,1.1980286170913076e-05,9.21760075801273e-06,0.0,6.4542496524686685e-06,0.0
r_1178_ENZ_YMR058W,6.527851398046419e-06,0.0,0.0,1.8748403455477188e-05,0.0,8.49979331417339e-06
r_1179_ENZ_YJL133W,0.0,0.0,0.0,0.0,0.0,0.0
r_1179_ENZ_YKR052C,0.0,0.0,0.0,0.0,0.0,0.0
r_1180,0.0,0.0,0.0,0.0,0.0,0.0
r_1181,0.0,0.0,0.0,0.0,0.0,0.0
r_1182_REV,0.0,0.0,0.0,0.0,0.0,0.0
r_1182_FWD,0.0,0.0,0.0,0.0,0.0,0.0
r_1183_ENZ_YCL025C_REV,0.0,0.0,0.0,0.0,0.0,0.0
r_1183_ENZ_YCL025C_FWD,0.0,0.0,0.0,0.0,0.0,0.0
r_1183_ENZ_YKR039W_REV,0.0,0.0,0.0,0.0,0.0,0.0
r_1183_ENZ_YKR039W_FWD,0.0,0.0,0.0,0.0,0.0,0.0
r_1183_ENZ_YOR348C_REV,0.0,0.0,0.0,0.0,0.0,0.0
r_1183_ENZ_YOR348C_FWD,0.0,0.0,0.0,0.0,0.0,0.0
r_1183_ENZ_YPL265W_REV,0.0,0.0,0.0,0.0,0.0,0.0
r_1183_ENZ_YPL265W_FWD,0.0,0.0,0.0,0.0,0.0,0.0
r_1184_ENZ_YEL063C_REV,0.0,0.0,0.0,0.0,0.0,0.0
r_1184_ENZ_YEL063C_FWD,0.0,0.0,0.0,0.0,0.0,0.0
r_1184_ENZ_YKR039W_REV,0.0,0.0,0.0,0.0,0.0,0.0
r_1184_ENZ_YKR039W_FWD,0.0,0.0,0.0,0.0,0.0,0.0
r_1184_ENZ_YNL270C_REV,0.0,0.0,0.0,0.0,0.0,0.0
r_1184_ENZ_YNL270C_FWD,0.0,0.0,0.0,0.0,0.0,0.0
r_1185_ENZ_YOL092W,0.0,0.0,0.0,0.0,0.0,0.0
r_1185_ENZ_YBR293W,0.0,0.0,0.0,0.0,0.0,0.0
r_1186_ENZ_YCL025C_REV,0.0,0.0,0.0,0.0,0.0,0.0
r_1186_ENZ_YCL025C_FWD,0.0,0.0,0.0,0.0,0.0,0.0
r_1186_ENZ_YDR508C_REV,0.0,0.0,0.0,0.0,0.0,0.0
r_1186_ENZ_YDR508C_FWD,0.0,0.0,0.0,0.0,0.0,0.0
r_1186_ENZ_YKR039W_REV,0.0,0.0,0.0,0.0,0.0,0.0
r_1186_ENZ_YKR039W_FWD,0.0,0.0,0.0,0.0,0.0,0.0
r_1186_ENZ_YPL265W_REV,0.0,0.0,0.0,0.0,0.0,0.0
r_1186_ENZ_YPL265W_FWD,0.0,0.0,0.0,0.0,0.0,0.0
r_1187_ENZ_YJR001W,0.0,0.0,0.0,0.0,0.0,0.0
r_1188_ENZ_YKL146W,0.0,0.0,0.0,0.0,0.0,0.0
r_1188_ENZ_YNL101W,0.0,0.0,0.0,0.0,0.0,0.0
r_1189_ENZ_YER119C,0.0,0.0,0.0,0.0,0.0,0.0
r_1190_ENZ_YFL055W_REV,0.0,0.0,0.0,0.0,0.0,0.0
r_1190_ENZ_YFL055W_FWD,0.0,0.0,0.0,0.0,0.0,0.0
r_1190_ENZ_YKR039W_REV,0.0,0.0,0.0,0.0,0.0,0.0
r_1190_ENZ_YKR039W_FWD,0.0,0.0,0.0,0.0,0.0,0.0
r_1190_ENZ_YPL265W_REV,0.0,0.0,0.0,0.0,0.0,0.0
r_1190_ENZ_YPL265W_FWD,0.0,0.0,0.0,0.0,0.0,0.0
r_1191_ENZ_YBR132C_REV,0.0,0.0,0.0,0.0,0.0,0.0
r_1191_ENZ_YBR132C_FWD,0.0,0.0,0.0,0.0,0.0,0.0
r_1192_ENZ_YBR068C_REV,0.0,0.0,0.0,0.0,0.0,0.0
r_1192_ENZ_YBR068C_FWD,0.0,0.0,0.0,0.0,0.0,0.0
r_1192_ENZ_YBR069C_REV,0.0,0.0,0.0,0.0,0.0,0.0
r_1192_ENZ_YBR069C_FWD,0.0,0.0,0.0,0.0,0.0,0.0
r_1192_ENZ_YCL025C_REV,0.0,0.0,0.0,0.0,0.0,0.0
r_1192_ENZ_YCL025C_FWD,0.0,0.0,0.0,0.0,0.0,0.0
r_1192_ENZ_YDR046C_REV,0.0,0.0,0.0,0.0,0.0,0.0
r_1192_ENZ_YDR046C_FWD,0.0,0.0,0.0,0.0,0.0,0.0
r_1192_ENZ_YDR508C_REV,0.0,0.0,0.0,0.0,0.0,0.0
r_1192_ENZ_YDR508C_FWD,0.0,0.0,0.0,0.0,0.0,0.0
r_1192_ENZ_YKR039W_REV,0.0,0.0,0.0,0.0,0.0,0.0
r_1192_ENZ_YKR039W_FWD,0.0,0.0,0.0,0.0,0.0,0.0
r_1192_ENZ_YOL020W_REV,0.0,0.0,0.0,0.0,0.0,0.0
r_1192_ENZ_YOL020W_FWD,0.0,0.0,0.0,0.0,0.0,0.0
r_1193_ENZ_YCR075C,0.0,0.0,0.0,0.0,0.0,0.0
r_1194_ENZ_YPR021C,0.1445412210809078,0.2652703142967864,0.2040982840691171,0.4151315591502554,0.1429115139183523,0.1882044228111
r_1195_ENZ_YER119C,0.0,0.0,0.0,0.0,0.0,0.0
r_1196_ENZ_YCL025C_REV,0.0,0.0,0.0,0.0,0.0,0.0
r_1196_ENZ_YCL025C_FWD,0.0,0.0,0.0,0.0,0.0,0.0
r_1196_ENZ_YFL055W_REV,0.0,0.0,0.0,0.0,0.0,0.0
r_1196_ENZ_YFL055W_FWD,0.0,0.0,0.0,0.0,0.0,0.0
r_1196_ENZ_YKR039W_REV,0.0,0.0,0.0,0.0,0.0,0.0
r_1196_ENZ_YKR039W_FWD,0.0,0.0,0.0,0.0,0.0,0.0
r_1196_ENZ_YPL265W_REV,0.0,0.0,0.0,0.0,0.0,0.0
r_1196_ENZ_YPL265W_FWD,0.0,0.0,0.0,0.0,0.0,0.0
r_1197_ENZ_YJR001W,0.0,0.0,0.0,0.0,0.0,0.0
r_1198_ENZ_YKL146W,0.0,0.0,0.0,0.0,0.0,0.0
r_1198_ENZ_YNL101W,0.0,0.0,0.0,0.0,0.0,0.0
r_1199_ENZ_YCL025C_REV,0.0,0.0,0.0,0.0,0.0,0.0
r_1199_ENZ_YCL025C_FWD,0.0,0.0,0.0,0.0,0.0,0.0
r_1199_ENZ_YDR508C_REV,0.0,0.0,0.0,0.0,0.0,0.0
r_1199_ENZ_YDR508C_FWD,0.0,0.0,0.0,0.0,0.0,0.0
r_1199_ENZ_YKR039W_REV,0.0,0.0,0.0,0.0,0.0,0.0
r_1199_ENZ_YKR039W_FWD,0.0,0.0,0.0,0.0,0.0,0.0
r_1199_ENZ_YPL265W_REV,0.0,0.0,0.0,0.0,0.0,0.0
r_1199_ENZ_YPL265W_FWD,0.0,0.0,0.0,0.0,0.0,0.0
r_1200_ENZ_YOL092W,0.0,0.0,0.0,0.0,0.0,0.0
r_1200_ENZ_YBR293W,0.0,0.0,0.0,0.0,0.0,0.0
r_1200_ENZ_YCL069W,0.0,0.0,0.0,0.0,0.0,0.0
r_1200_ENZ_YMR088C,0.0,0.0,0.0,0.0,0.0,0.0
r_1201_ENZ_YBR069C_REV,0.0,0.0,0.0,0.0,0.0,0.0
r_1201_ENZ_YBR069C_FWD,0.0,0.0,0.0,0.0,0.0,0.0
r_1201_ENZ_YGR191W_REV,0.0,0.0,0.0,0.0,0.0,0.0
r_1201_ENZ_YGR191W_FWD,0.0,0.0,0.0,0.0,0.0,0.0
r_1201_ENZ_YKR039W_REV,0.0,0.0,0.0,0.0,0.0,0.0
r_1201_ENZ_YKR039W_FWD,0.0,0.0,0.0,0.0,0.0,0.0
r_1202_ENZ_YCL038C_REV,0.0,0.0,0.0,0.0,0.0,0.0
r_1202_ENZ_YCL038C_FWD,0.0,0.0,0.0,0.0,0.0,0.0
r_1203_ENZ_YJR001W,0.0,0.0,0.0,0.0,0.0,0.0
r_1204_ENZ_YKL146W,0.0,0.0,0.0,0.0,0.0,0.0
r_1204_ENZ_YNL101W,0.0,0.0,0.0,0.0,0.0,0.0
r_1205_ENZ_YBR068C_REV,0.0,0.0,0.0,0.0,0.0,0.0
r_1205_ENZ_YBR068C_FWD,0.0,0.0,0.0,0.0,0.0,0.0
r_1205_ENZ_YBR069C_REV,0.0,0.0,0.0,0.0,0.0,0.0
r_1205_ENZ_YBR069C_FWD,0.0,0.0,0.0,0.0,0.0,0.0
r_1205_ENZ_YCL025C_REV,0.0,0.0,0.0,0.0,0.0,0.0
r_1205_ENZ_YCL025C_FWD,0.0,0.0,0.0,0.0,0.0,0.0
r_1205_ENZ_YDR046C_REV,0.0,0.0,0.0,0.0,0.0,0.0
r_1205_ENZ_YDR046C_FWD,0.0,0.0,0.0,0.0,0.0,0.0
r_1205_ENZ_YKR039W_REV,0.0,0.0,0.0,0.0,0.0,0.0
r_1205_ENZ_YKR039W_FWD,0.0,0.0,0.0,0.0,0.0,0.0
r_1206_ENZ_YKL217W_REV,0.0,0.0,0.0,0.0,0.0,0.0
r_1206_ENZ_YKL217W_FWD,0.0,0.0,0.0,0.0,0.0,0.0
r_1207_ENZ_YKL217W,0.0,0.0,0.0,0.0,0.0,0.0
r_1208_ENZ_YCL038C_REV,0.0,0.0,0.0,0.0,0.0,0.0
r_1208_ENZ_YCL038C_FWD,0.0,0.0,0.0,0.0,0.0,0.0
r_1209_ENZ_YJR001W,0.0,0.0,0.0,0.0,0.0,0.0
r_1210_ENZ_YKL146W,0.0,0.0,0.0,0.0,0.0,0.0
r_1210_ENZ_YNL101W,0.0,0.0,0.0,0.0,0.0,0.0
r_1211_ENZ_YBR068C_REV,0.0,0.0,0.0,0.0,0.0,0.0
r_1211_ENZ_YBR068C_FWD,0.0,0.0,0.0,0.0,0.0,0.0
r_1211_ENZ_YBR069C_REV,0.0,0.0,0.0,0.0,0.0,0.0
r_1211_ENZ_YBR069C_FWD,0.0,0.0,0.0,0.0,0.0,0.0
r_1211_ENZ_YCL025C_REV,0.0,0.0,0.0,0.0,0.0,0.0
r_1211_ENZ_YCL025C_FWD,0.0,0.0,0.0,0.0,0.0,0.0
r_1211_ENZ_YDR046C_REV,0.0,0.0,0.0,0.0,0.0,0.0
r_1211_ENZ_YDR046C_FWD,0.0,0.0,0.0,0.0,0.0,0.0
r_1211_ENZ_YDR508C_REV,0.0,0.0,0.0,0.0,0.0,0.0
r_1211_ENZ_YDR508C_FWD,0.0,0.0,0.0,0.0,0.0,0.0
r_1211_ENZ_YKR039W_REV,0.0,0.0,0.0,0.0,0.0,0.0
r_1211_ENZ_YKR039W_FWD,0.0,0.0,0.0,0.0,0.0,0.0
r_1212_ENZ_YOL092W,0.0,0.0,0.0,0.0,0.0,0.0
r_1212_ENZ_YBR293W,0.0,0.0,0.0,0.0,0.0,0.0
r_1212_ENZ_YCL069W,0.0,0.0,0.0,0.0,0.0,0.0
r_1212_ENZ_YMR088C,0.0,0.0,0.0,0.0,0.0,0.0
r_1213_ENZ_YKR039W_REV,0.0,0.0,0.0,0.0,0.0,0.0
r_1213_ENZ_YKR039W_FWD,0.0,0.0,0.0,0.0,0.0,0.0
r_1213_ENZ_YNL268W_REV,0.0,0.0,0.0,0.0,0.0,0.0
r_1213_ENZ_YNL268W_FWD,0.0,0.0,0.0,0.0,0.0,0.0
r_1214_ENZ_YBR068C_REV,0.0,0.0,0.0,0.0,0.0,0.0
r_1214_ENZ_YBR068C_FWD,0.0,0.0,0.0,0.0,0.0,0.0
r_1214_ENZ_YCL025C_REV,0.0,0.0,0.0,0.0,0.0,0.0
r_1214_ENZ_YCL025C_FWD,0.0,0.0,0.0,0.0,0.0,0.0
r_1214_ENZ_YDR046C_REV,0.0,0.0,0.0,0.0,0.0,0.0
r_1214_ENZ_YDR046C_FWD,0.0,0.0,0.0,0.0,0.0,0.0
r_1214_ENZ_YDR508C_REV,0.0,0.0,0.0,0.0,0.0,0.0
r_1214_ENZ_YDR508C_FWD,0.0,0.0,0.0,0.0,0.0,0.0
r_1214_ENZ_YGR055W_REV,0.0,0.0,0.0,0.0,0.0,0.0
r_1214_ENZ_YGR055W_FWD,0.0,0.0,0.0,0.0,0.0,0.0
r_1214_ENZ_YHL036W_REV,0.0,0.0,0.0,0.0,0.0,0.0
r_1214_ENZ_YHL036W_FWD,0.0,0.0,0.0,0.0,0.0,0.0
r_1214_ENZ_YKR039W_REV,0.0,0.0,0.0,0.0,0.0,0.0
r_1214_ENZ_YKR039W_FWD,0.0,0.0,0.0,0.0,0.0,0.0
r_1215_ENZ_YBR068C_REV,0.0,0.0,0.0,0.0,0.0,0.0
r_1215_ENZ_YBR068C_FWD,0.0,0.0,0.0,0.0,0.0,0.0
r_1215_ENZ_YCL025C_REV,0.0,0.0,0.0,0.0,0.0,0.0
r_1215_ENZ_YCL025C_FWD,0.0,0.0,0.0,0.0,0.0,0.0
r_1215_ENZ_YDR046C_REV,0.0,0.0,0.0,0.0,0.0,0.0
r_1215_ENZ_YDR046C_FWD,0.0,0.0,0.0,0.0,0.0,0.0
r_1215_ENZ_YKR039W_REV,0.0,0.0,0.0,0.0,0.0,0.0
r_1215_ENZ_YKR039W_FWD,0.0,0.0,0.0,0.0,0.0,0.0
r_1215_ENZ_YOL020W_REV,0.0,0.0,0.0,0.0,0.0,0.0
r_1215_ENZ_YOL020W_FWD,0.0,0.0,0.0,0.0,0.0,0.0
r_1216_ENZ_YKR039W_REV,0.0,0.0,0.0,0.0,0.0,0.0
r_1216_ENZ_YKR039W_FWD,0.0,0.0,0.0,0.0,0.0,0.0
r_1216_ENZ_YOR348C_REV,0.0,0.0,0.0,0.0,0.0,0.0
r_1216_ENZ_YOR348C_FWD,0.0,0.0,0.0,0.0,0.0,0.0
r_1217_ENZ_YCL025C_REV,0.0,0.0,0.0,0.0,0.0,0.0
r_1217_ENZ_YCL025C_FWD,0.0,0.0,0.0,0.0,0.0,0.0
r_1217_ENZ_YDR508C_REV,0.0,0.0,0.0,0.0,0.0,0.0
r_1217_ENZ_YDR508C_FWD,0.0,0.0,0.0,0.0,0.0,0.0
r_1217_ENZ_YFL055W_REV,0.0,0.0,0.0,0.0,0.0,0.0
r_1217_ENZ_YFL055W_FWD,0.0,0.0,0.0,0.0,0.0,0.0
r_1217_ENZ_YKR039W_REV,0.0,0.0,0.0,0.0,0.0,0.0
r_1217_ENZ_YKR039W_FWD,0.0,0.0,0.0,0.0,0.0,0.0
r_1217_ENZ_YPL265W_REV,0.0,0.0,0.0,0.0,0.0,0.0
r_1217_ENZ_YPL265W_FWD,0.0,0.0,0.0,0.0,0.0,0.0
r_1217_ENZ_YDR105C_REV,0.0,0.0,0.0,0.0,0.0,0.0
r_1217_ENZ_YDR105C_FWD,0.0,0.0,0.0,0.0,0.0,0.0
r_1218_ENZ_YCL025C_REV,0.0,0.0,0.0,0.0,0.0,0.0
r_1218_ENZ_YCL025C_FWD,0.0,0.0,0.0,0.0,0.0,0.0
r_1218_ENZ_YDR508C_REV,0.0,0.0,0.0,0.0,0.0,0.0
r_1218_ENZ_YDR508C_FWD,0.0,0.0,0.0,0.0,0.0,0.0
r_1218_ENZ_YKR039W_REV,0.0,0.0,0.0,0.0,0.0,0.0
r_1218_ENZ_YKR039W_FWD,0.0,0.0,0.0,0.0,0.0,0.0
r_1219_ENZ_YBR068C_REV,0.0,0.0,0.0,0.0,0.0,0.0
r_1219_ENZ_YBR068C_FWD,0.0,0.0,0.0,0.0,0.0,0.0
r_1219_ENZ_YBR069C_REV,0.0,0.0,0.0,0.0,0.0,0.0
r_1219_ENZ_YBR069C_FWD,0.0,0.0,0.0,0.0,0.0,0.0
r_1219_ENZ_YDR046C_REV,0.0,0.0,0.0,0.0,0.0,0.0
r_1219_ENZ_YDR046C_FWD,0.0,0.0,0.0,0.0,0.0,0.0
r_1219_ENZ_YKR039W_REV,0.0,0.0,0.0,0.0,0.0,0.0
r_1219_ENZ_YKR039W_FWD,0.0,0.0,0.0,0.0,0.0,0.0
r_1219_ENZ_YOL020W_REV,0.0,0.0,0.0,0.0,0.0,0.0
r_1219_ENZ_YOL020W_FWD,0.0,0.0,0.0,0.0,0.0,0.0
r_1220_ENZ_YCL038C_REV,0.0,0.0,0.0,0.0,0.0,0.0
r_1220_ENZ_YCL038C_FWD,0.0,0.0,0.0,0.0,0.0,0.0
r_1221_ENZ_YBR293W,0.0,0.0,0.0,0.0,0.0,0.0
r_1221_ENZ_YJR001W,0.0,0.0,0.0,0.0,0.0,0.0
r_1222_ENZ_YKL146W,0.0,0.0,0.0,0.0,0.0,0.0
r_1222_ENZ_YNL101W,0.0,0.0,0.0,0.0,0.0,0.0
r_1223_ENZ_YBR068C_REV,0.0,0.0,0.0,0.0,0.0,0.0
r_1223_ENZ_YBR068C_FWD,0.0,0.0,0.0,0.0,0.0,0.0
r_1223_ENZ_YBR069C_REV,0.0,0.0,0.0,0.0,0.0,0.0
r_1223_ENZ_YBR069C_FWD,0.0,0.0,0.0,0.0,0.0,0.0
r_1223_ENZ_YCL025C_REV,0.0,0.0,0.0,0.0,0.0,0.0
r_1223_ENZ_YCL025C_FWD,0.0,0.0,0.0,0.0,0.0,0.0
r_1223_ENZ_YDR046C_REV,0.0,0.0,0.0,0.0,0.0,0.0
r_1223_ENZ_YDR046C_FWD,0.0,0.0,0.0,0.0,0.0,0.0
r_1223_ENZ_YKR039W_REV,0.0,0.0,0.0,0.0,0.0,0.0
r_1223_ENZ_YKR039W_FWD,0.0,0.0,0.0,0.0,0.0,0.0
r_1223_ENZ_YOL020W_REV,0.0,0.0,0.0,0.0,0.0,0.0
r_1223_ENZ_YOL020W_FWD,0.0,0.0,0.0,0.0,0.0,0.0
r_1224_ENZ_YBR068C_REV,0.0,0.0,0.0,0.0,0.0,0.0
r_1224_ENZ_YBR068C_FWD,0.0,0.0,0.0,0.0,0.0,0.0
r_1224_ENZ_YBR069C_REV,0.0,0.0,0.0,0.0,0.0,0.0
r_1224_ENZ_YBR069C_FWD,0.0,0.0,0.0,0.0,0.0,0.0
r_1224_ENZ_YCL025C_REV,0.0,0.0,0.0,0.0,0.0,0.0
r_1224_ENZ_YCL025C_FWD,0.0,0.0,0.0,0.0,0.0,0.0
r_1224_ENZ_YDR046C_REV,0.0,0.0,0.0,0.0,0.0,0.0
r_1224_ENZ_YDR046C_FWD,0.0,0.0,0.0,0.0,0.0,0.0
r_1224_ENZ_YKR039W_REV,0.0,0.0,0.0,0.0,0.0,0.0
r_1224_ENZ_YKR039W_FWD,0.0,0.0,0.0,0.0,0.0,0.0
r_1225_ENZ_YIL013C_REV,0.0,0.0,0.0,0.0,0.0,0.0
r_1225_ENZ_YIL013C_FWD,0.0,0.0,0.0,0.0,0.0,0.0
r_1225_ENZ_YOR011W_REV,0.0,0.0,0.0,0.0,0.0,0.0
r_1225_ENZ_YOR011W_FWD,0.0,0.0,0.0,0.0,0.0,0.0
r_1226_ENZ_YLR348C,0.0,0.0,0.0,0.0,0.0,0.0
r_1227_ENZ_YBR298C,0.0,0.0,0.0,0.0,0.0,0.0
r_1227_ENZ_YDL247W,0.0,0.0,0.0,0.0,0.0,0.0
r_1227_ENZ_YGR289C,0.0,0.0,0.0,0.0,0.0,0.0
r_1227_ENZ_YJR160C,0.0,0.0,0.0,0.0,0.0,0.0
r_1228_ENZ_YBR180W,0.0,0.0,0.0,0.0,0.0,0.0
r_1229_ENZ_YEL006W,1.3877787807814457e-17,0.0,0.0,0.0,0.0,0.0
r_1229_ENZ_YIL006W,0.0,-2.220446049250313e-16,-1.1102230246251563e-16,0.0,5.551115123125783e-17,0.0
r_1230_ENZ_YIL006W,0.0,0.0,0.0,0.0,0.0,0.0
r_1231_ENZ_YIL006W,0.0,0.0,0.0,0.0,0.0,0.0
r_1232_ENZ_YIL006W,0.0,0.0,0.0,0.0,0.0,0.0
r_1235_ENZ_YGR260W_REV,0.0,0.0,0.0,0.0,0.0,0.0
r_1235_ENZ_YGR260W_FWD,0.0,0.0,0.0,0.0,0.0,0.0
r_1236_ENZ_YKL188C_and_YPL147W_REV,0.0,0.0,0.0,0.0,0.0,0.0
r_1236_ENZ_YKL188C_and_YPL147W_FWD,0.0,0.0,0.0,0.0,0.0,0.0
r_1237_ENZ_YOR130C,0.0396378386505715,0.0727456281208301,0.0559702954789744,0.1138423879174735,0.0391909206774564,0.051611688962656
r_1238_ENZ_YKR039W_REV,0.0,0.0,0.0,0.0,0.0,0.0
r_1238_ENZ_YKR039W_FWD,0.0,0.0,0.0,0.0,0.0,0.0
r_1239_ENZ_YKL120W,0.0,0.0,0.0,0.0,0.0,0.0
r_1241_ENZ_YCR028C_REV,0.0,0.0,0.0,0.0,0.0,0.0
r_1241_ENZ_YCR028C_FWD,0.0,0.0,0.0,0.0,0.0,0.0
r_1242_REV,0.0,0.0,0.0,0.0,0.0,0.0
r_1242_FWD,0.0,0.0,0.0,0.0,0.0,0.0
r_1243,0.0,0.0,0.0,0.0,0.0,0.0
r_1244_ENZ_YBR296C_REV,0.0,0.0,0.0,0.0,0.0,0.0
r_1244_ENZ_YBR296C_FWD,1.0747336178846345,1.972478507678531,0.0,3.086718216329104,1.062621146505787,1.39939697740456
r_1244_ENZ_YCR037C_REV,0.0,0.0,0.0,0.0,0.0,0.0
r_1244_ENZ_YCR037C_FWD,0.0,0.0,0.0846669218399404,0.0,0.0,0.0
r_1244_ENZ_YJL198W_REV,0.0,0.0,0.0,0.0,0.0,0.0
r_1244_ENZ_YJL198W_FWD,0.0,0.0,0.0,0.0,0.0,0.0
r_1244_ENZ_YML123C_REV,0.0,0.0,0.0,0.0,0.0,0.0
r_1244_ENZ_YML123C_FWD,0.0,0.0,0.0,0.0,0.0,0.0
r_1244_ENZ_YNR013C_REV,0.0,0.0,0.0,0.0,0.0,0.0
r_1244_ENZ_YNR013C_FWD,0.0,0.0,0.0,0.0,0.0,0.0
r_1245_ENZ_YER053C,0.0,0.0,0.0,37.3042403734882,0.0,17.3077936289928
r_1245_ENZ_YJR077C,0.0,0.0,0.0,0.0,1.188925016619197,0.0
r_1249_ENZ_YDR456W_REV,0.0,3.1921080362318218e-15,-1.6583956430338276e-15,2.4599246251089116e-14,-8.144526719711109e-16,0.0
r_1249_ENZ_YDR456W_FWD,0.0,0.0014305407018468,0.0011006542639755,0.0022387073109371,0.0007706883371554,0.001014942391168
r_1249_ENZ_YJL129C_REV,8.897288288067795e-15,0.0,0.0,0.0,0.0,0.0
r_1249_ENZ_YJL129C_FWD,0.0007794769663576,0.0,0.0,0.0,0.0,0.0
r_1250_ENZ_YKL174C,-0.0,-0.0,-0.0,-0.0,-0.0,0.0
r_1251_ENZ_YLL028W_REV,0.0,0.0,0.0,0.0,0.0,0.0
r_1251_ENZ_YLL028W_FWD,0.0,0.0,0.0,0.0,0.0,0.0
r_1251_ENZ_YOR273C_REV,0.0,0.0,0.0,0.0,0.0,0.0
r_1251_ENZ_YOR273C_FWD,0.0,0.0,0.0,0.0,0.0,0.0
r_1252_ENZ_YLL028W_REV,0.0,0.0,0.0,0.0,0.0,0.0
r_1252_ENZ_YLL028W_FWD,0.0,0.0,0.0,0.0,0.0,0.0
r_1252_ENZ_YOR273C_REV,0.0,0.0,0.0,0.0,0.0,0.0
r_1252_ENZ_YOR273C_FWD,0.0,0.0,0.0,0.0,0.0,0.0
r_1253_ENZ_YGL186C_REV,0.0,0.0,0.0,0.0,0.0,0.0
r_1253_ENZ_YGL186C_FWD,0.0,0.0,0.0,0.0,0.0,0.0
r_1254_ENZ_YKL217W_REV,0.0,0.0,0.0,0.0,0.0,0.0
r_1254_ENZ_YKL217W_FWD,0.0,0.0,0.0,0.0,0.0,0.0
r_1255_ENZ_YPL274W,0.0,0.0,0.0,0.0,0.0,0.0
r_1256_ENZ_YNL003C_REV,0.0,0.0,0.0,0.0,0.0,0.0
r_1256_ENZ_YNL003C_FWD,0.0,0.0,0.0,0.0,0.0,0.0
r_1257_ENZ_YLL061W,0.0,0.0,0.0,0.0,0.0,0.0
r_1258_ENZ_YDR456W_REV,0.0008524858355087,0.0015645307534306,0.0012037458582341,0.0,0.0,0.0011100058753277
r_1258_ENZ_YDR456W_FWD,-1.5005358067199381e-15,0.0,-4.365865308164629e-15,0.0,2.37776378447796e-15,0.0
r_1258_ENZ_YLR138W_REV,0.0,0.0,0.0,0.0024483934161025,0.0008428740288479,0.0
r_1258_ENZ_YLR138W_FWD,0.0,0.0,0.0,7.124075634967753e-15,0.0,0.0
r_1259_ENZ_YKL174C,-0.0,-0.0,-0.0,-0.0,-0.0,0.0
r_1260_ENZ_YBR132C_REV,0.0,0.0,0.0,0.0,0.0,0.0
r_1260_ENZ_YBR132C_FWD,0.0,0.0,0.0,0.0,0.0,0.0
r_1260_ENZ_YHL016C_REV,0.0,0.0,0.0,0.0,0.0,0.0
r_1260_ENZ_YHL016C_FWD,0.0,0.0,0.0,0.0,0.0,0.0
r_1260_ENZ_YKR039W_REV,0.0,0.0,0.0,0.0,0.0,0.0
r_1260_ENZ_YKR039W_FWD,0.0,0.0,0.0,0.0,0.0,0.0
r_1260_ENZ_YLL028W_REV,0.0,0.0,0.0,0.0,0.0,0.0
r_1260_ENZ_YLL028W_FWD,0.0,0.0,0.0,0.0,0.0,0.0
r_1260_ENZ_YOR273C_REV,0.0,0.0,0.0,0.0,0.0,0.0
r_1260_ENZ_YOR273C_FWD,0.0,0.0,0.0,0.0,0.0,0.0
r_1260_ENZ_YPL274W_REV,0.0,0.0,0.0,0.0,0.0,0.0
r_1260_ENZ_YPL274W_FWD,0.0,0.0,0.0,0.0,0.0,0.0
r_1261_ENZ_YLL028W_REV,0.0,0.0,0.0,0.0,0.0,0.0
r_1261_ENZ_YLL028W_FWD,0.0,0.0,0.0,0.0,0.0,0.0
r_1261_ENZ_YOR273C_REV,0.0,0.0,0.0,0.0,0.0,0.0
r_1261_ENZ_YOR273C_FWD,0.0,0.0,0.0,0.0,0.0,0.0
r_1262_ENZ_YGR138C_REV,0.0,0.0,0.0,0.0,0.0,0.0
r_1262_ENZ_YGR138C_FWD,0.0,0.0,0.0,0.0,0.0,0.0
r_1262_ENZ_YLL028W_REV,0.0,0.0,0.0,0.0,0.0,0.0
r_1262_ENZ_YLL028W_FWD,0.0,0.0,0.0,0.0,0.0,0.0
r_1262_ENZ_YOR273C_REV,0.0,0.0,0.0,0.0,0.0,0.0
r_1262_ENZ_YOR273C_FWD,0.0,0.0,0.0,0.0,0.0,0.0
r_1262_ENZ_YPR156C_REV,0.0,0.0,0.0,0.0,0.0,0.0
r_1262_ENZ_YPR156C_FWD,0.0,0.0,0.0,0.0,0.0,0.0
r_1263_ENZ_YGR138C_REV,0.0,0.0,0.0,0.0,0.0,0.0
r_1263_ENZ_YGR138C_FWD,0.0,0.0,0.0,0.0,0.0,0.0
r_1263_ENZ_YLL028W_REV,0.0,0.0,0.0,0.0,0.0,0.0
r_1263_ENZ_YLL028W_FWD,0.0,0.0,0.0,0.0,0.0,0.0
r_1263_ENZ_YOR273C_REV,0.0,0.0,0.0,0.0,0.0,0.0
r_1263_ENZ_YOR273C_FWD,0.0,0.0,0.0,0.0,0.0,0.0
r_1263_ENZ_YPR156C_REV,0.0,0.0,0.0,0.0,0.0,0.0
r_1263_ENZ_YPR156C_FWD,0.0,0.0,0.0,0.0,0.0,0.0
r_1264_ENZ_YLR348C,0.0,0.0,0.0,0.0,0.0,0.0
r_1265_ENZ_YJR095W,0.0230339390550606,0.0422732021144936,0.0325248908327608,0.0661549346393496,0.0227742306121736,0.0299920615898017
r_1266_ENZ_YBR294W,0.0184691206917087,0.0,0.0,0.0530452266970033,0.0182611355034733,0.0
r_1266_ENZ_YLR092W,0.0,0.0338955864219,0.0260795391443538,0.0,0.0,0.0240486324234868
r_1267_ENZ_YPL092W,0.0,0.0,0.0,0.0,0.0,0.0
r_1268_REV,0.0,0.0,0.0,0.0,0.0,0.0
r_1268_FWD,0.0,0.0,0.0,0.0,0.0,0.0
r_1269_ENZ_YGR096W,0.0,0.0,0.0,0.0,0.0,0.0
r_1270_ENZ_YLR237W,0.0,0.0,0.0,0.0,0.0,0.0
r_1270_ENZ_YOR071C,0.0,0.0,0.0,0.0,0.0,0.0
r_1270_ENZ_YOR192C,0.0,0.0,0.0,0.0,0.0,0.0
r_1271_ENZ_YPL244C,0.0,0.0,0.0,0.0,0.0,0.0
r_1272_ENZ_YBR021W,0.0,0.0,0.0,0.0,0.0,0.0
r_1273_ENZ_YHL016C_REV,0.0,0.0,0.0,0.0,0.0,0.0
r_1273_ENZ_YHL016C_FWD,0.0,0.0,0.0,0.0,0.0,0.0
r_1274_ENZ_YBL042C,0.0,0.0,0.0,0.0,0.0,0.0
r_1275_ENZ_YBR192W,0.0,0.0,0.0,0.0,0.0,0.0
r_1276_ENZ_YBR192W,0.0,0.0,0.0,0.0,0.0,0.0
r_1277_ENZ_YLL052C_REV,11.762137648867007,20.693761941778835,15.194118203389074,31.41348898737086,6.294588760964768,0.0
r_1277_ENZ_YLL052C_FWD,0.0,0.0,0.0,0.0,0.0,0.0
r_1277_ENZ_YPR192W_REV,0.0,0.0,0.0,0.0,0.0,14.5079224420461
r_1277_ENZ_YPR192W_FWD,0.0,0.0,0.0,0.0,0.0,0.0
r_1278_ENZ_YIL013C_REV,0.0,0.0,0.0,0.0,0.0,0.0
r_1278_ENZ_YIL013C_FWD,0.0,0.0,0.0,0.0,0.0,0.0
r_1278_ENZ_YOR011W_REV,0.0,0.0,0.0,0.0,0.0,0.0
r_1278_ENZ_YOR011W_FWD,0.0,0.0,0.0,0.0,0.0,0.0
r_1449,0.0,0.0,0.0,0.0,0.0,0.0
r_1450,0.0,0.0,0.0,0.0,0.0,0.0
r_1451,0.0,0.0,0.0,0.0,0.0,0.0
r_1452,0.0,0.0,0.0,0.0,0.0,0.0
r_1453,0.0,0.0,0.0,0.0,0.0,0.0
r_1454,0.0,0.0,0.0,0.0,0.0,0.0
r_1455,0.0,0.0,0.0,0.0,0.0,0.0
r_1456,0.0,0.0,0.0,0.0,0.0,0.0
r_1457,0.0,0.0,0.0,0.0,0.0,0.0
r_1458,0.0,0.0,0.0,0.0,0.0,0.0
r_1479,0.0,0.0,0.0,0.0,0.0,0.0
r_1480,0.0,0.0,0.0,0.0,0.0,0.0
r_1481,0.0,0.0,0.0,0.0,0.0,0.0
r_1482,0.0,0.0,0.0,0.0,0.0,0.0
r_1483,0.0,0.0,0.0,0.0,0.0,0.0
r_1484,0.0,0.0,0.0,0.0,0.0,0.0
r_1485,0.0,0.0,0.0,0.0,0.0,0.0
r_1486,0.0,0.0,0.0,0.0,0.0,0.0
r_1487,0.0,0.0,0.0,0.0,0.0,0.0
r_1488,0.0,0.0,0.0,0.0,0.0,0.0
r_1509,0.0,0.0,0.0,0.0,0.0,0.0
r_1510,0.0,0.0,0.0,0.0,0.0,0.0
r_1511,0.0,0.0,0.0,0.0,0.0,0.0
r_1512,0.0,0.0,0.0,0.0,0.0,0.0
r_1513,0.0,0.0,0.0,0.0,0.0,0.0
r_1514,0.0,0.0,0.0,0.0,0.0,0.0
r_1515,0.0,0.0,0.0,0.0,0.0,0.0
r_1516,0.0,0.0,0.0,0.0,0.0,0.0
r_1517,0.0,0.0,0.0,0.0,0.0,0.0
r_1518,0.0,0.0,0.0,0.0,0.0,0.0
r_1542,0.0,0.0,0.0,0.0,0.0,0.0
r_1543_REV,0.0,0.0,0.0,0.0,0.0,0.0
r_1543_FWD,0.0,0.0,0.0,0.0,0.0,0.0
r_1545,0.0,0.0,0.0,0.0,0.0,0.0
r_1546,0.0,0.0,0.0,0.0,0.0,0.0
r_1547,0.0,0.0,0.0,0.0,0.0,0.0
r_1548,0.0,0.0,0.0,0.0,0.0,0.0
r_1549,0.0,0.0,0.0,0.0,0.0,0.0
r_1550,0.0,0.0,0.0,0.0,0.0,0.0
r_1551,0.0,0.0,0.0,0.0,0.0,0.0
r_1552,0.0,0.0,0.0,0.0,0.0,0.0
r_1553,0.0,0.0,0.0,0.0,0.0,0.0
r_1554,0.0,0.0,0.0,0.0,0.0,0.0
r_1560_REV,0.0,0.0,0.0,0.0,0.0,0.0
r_1560_FWD,0.0,0.0,0.0,0.0,0.0,0.0
r_1562_REV,0.0,0.0,0.0,0.0,0.0,0.0
r_1562_FWD,0.0,0.0,0.0,0.0,0.0,0.0
r_1563,0.0,0.0,0.0,0.0,0.0,0.0
r_1564,0.0,0.0,0.0,0.0,0.0,0.0
r_1565,0.0,0.0,0.0,0.0,0.0,0.0
r_1566,0.0,0.0,0.0,0.0,0.0,0.0
r_1567_REV,0.0665085813361522,0.1220603516598138,0.0939129144272385,0.1910168660571491,0.065758694829283,0.0865995808583129
r_1567_FWD,0.0,0.0,0.0,0.0,0.0,0.0
r_1568_REV,4.079907192128425e-05,7.487678982265322e-05,5.761000570281283e-05,0.0001171775235598,4.033906100375795e-05,5.31237091036154e-05
r_1568_FWD,0.0,0.0,0.0,0.0,0.0,0.0
r_1572,0.0,0.0,0.0,0.0,0.0,0.0
r_1573_REV,0.0,0.0,0.0,0.0,0.0,0.0
r_1573_FWD,0.0,0.0,0.0,0.0,0.0,0.0
r_1574_ENZ_YKL120W_REV,0.0731092487877898,0.1341742740161521,0.1032333345158174,0.2099744018392547,0.0722849395318729,0.0951941865950968
r_1574_ENZ_YKL120W_FWD,0.0,0.0,0.0,0.0,0.0,0.0
r_1575_REV,0.0,0.0,0.0,0.0,0.0,0.0
r_1575_FWD,0.0,0.0,0.0,0.0,0.0,0.0
r_1576_REV,0.0,0.0,0.0,0.0,0.0,0.0
r_1576_FWD,0.0,0.0,0.0,0.0,0.0,0.0
r_1577,0.0,0.0,0.0,0.0,0.0,0.0
r_1578_REV,0.0,0.0,0.0,0.0,0.0,0.0
r_1578_FWD,0.0,0.0,0.0,0.0,0.0,0.0
r_1579_REV,0.0,0.0,0.0,0.0,0.0,0.0
r_1579_FWD,0.0,0.0,0.0,0.0,0.0,0.0
r_1580,0.0,0.0,0.0,0.0,0.0,0.0
r_1581,0.0,0.0,0.0,0.0,0.0,0.0
r_1582_REV,0.0,0.0,0.0,0.0,0.0,0.0
r_1582_FWD,0.0,0.0,0.0,0.0,0.0,0.0
r_1583_REV,0.0,0.0,0.0,0.0,0.0,0.0
r_1583_FWD,0.0,0.0,0.0,0.0,0.0,0.0
r_1585_ENZ_YNL065W_REV,0.0,0.0,0.0,0.0,0.0,0.0
r_1585_ENZ_YNL065W_FWD,0.0475308759688191,0.0,0.0671155961807452,0.136511691966878,0.0,0.0618890653511933
r_1585_ENZ_YKL217W_REV,0.0,0.0,0.0,0.0,0.0,0.0
r_1585_ENZ_YKL217W_FWD,0.0,0.0872313815585695,0.0,0.0,0.0469949637326442,0.0
r_1586,0.0,0.0,0.0,0.0,0.0,0.0
r_1587_REV,0.0,0.0,0.0,0.0,0.0,0.0
r_1587_FWD,0.0,0.0,0.0,0.0,0.0,0.0
r_1588_REV,0.0,0.0,0.0,0.0,0.0,0.0
r_1588_FWD,0.0,0.0,0.0,0.0,0.0,0.0
r_1589,0.0,0.0,0.0,0.0,0.0,0.0
r_1590_REV,0.0,0.0,0.0,0.0,0.0,0.0
r_1590_FWD,0.0,0.0,0.0,0.0,0.0,0.0
r_1591_REV,0.0,0.0,0.0,0.0,0.0,0.0
r_1591_FWD,0.0,0.0,0.0,0.0,0.0,0.0
r_1595_REV,0.0,0.0,0.0,0.0,0.0,0.0
r_1595_FWD,0.0,0.0,0.0,0.0,0.0,0.0
r_1596_REV,0.0475308759688191,0.0872313815585695,0.0671155961807452,0.136511691966878,0.0469949637326442,0.0618890653511933
r_1596_FWD,0.0,0.0,0.0,0.0,0.0,0.0
r_1597_REV,0.0,0.0,0.0,0.0,0.0,0.0
r_1597_FWD,0.0,0.0,0.0,0.0,0.0,0.0
r_1598,0.0,0.0,0.0,0.0,0.0,0.0
r_1599_REV,0.0,0.0,0.0,0.0,0.0,0.0
r_1599_FWD,0.0,0.0,0.0,0.0,0.0,0.0
r_1600_REV,0.0,0.0,0.0,0.0,0.0,0.0
r_1600_FWD,0.0,0.0,0.0,0.0,0.0,0.0
r_1601_REV,0.0,0.0,0.0,0.0,0.0,0.0
r_1601_FWD,0.0,0.0,0.0,0.0,0.0,0.0
r_1603_ENZ_YFL058W,0.0,0.0,3.638526687575664e-07,7.400685722137601e-07,2.5477301767891097e-07,3.35518163830354e-07
r_1604,0.0,0.0,0.0,0.0,0.0,0.0
r_1605_REV,0.0,0.0,0.0,0.0,0.0,0.0
r_1605_FWD,0.0,0.0,0.0,0.0,0.0,0.0
r_1606_REV,0.0,0.0,0.0,0.0,0.0,0.0
r_1606_FWD,1.3614006212823992e-05,2.498520269791915e-05,1.922354942461568e-05,3.9100289752264095e-05,1.346050783172792e-05,1.77265430738174e-05
r_1607_REV,0.0,0.0,0.0,0.0,0.0,0.0
r_1607_FWD,0.0,0.0,0.0,0.0,0.0,0.0
r_1608_REV,0.0,0.0,0.0,0.0,0.0,0.0
r_1608_FWD,0.0,0.0,0.0,0.0,0.0,0.0
r_1609_REV,0.0,0.0,0.0,0.0,0.0,0.0
r_1609_FWD,0.0,0.0,0.0,0.0,0.0,0.0
r_1610_REV,0.0,0.0,0.0,0.0,0.0,0.0
r_1610_FWD,0.0,0.0,0.0,0.0,0.0,0.0
r_1611_REV,0.0,0.0,0.0,0.0,0.0,0.0
r_1611_FWD,0.0,0.0,0.0,0.0,0.0,0.0
r_1613,0.0,0.0,0.0,0.0,0.0,0.0
r_1614_ENZ_YGL101W,0.0,0.0,0.0,0.0,0.0,0.0
r_1614_ENZ_YBR242W,0.0,0.0,0.0,0.0,0.0,0.0
r_1615_ENZ_YGL101W,0.0,0.0,0.0,0.0,0.0,0.0
r_1615_ENZ_YBR242W,0.0,0.0,0.0,0.0,0.0,0.0
r_1616_ENZ_YGL101W,0.0,0.0,0.0,0.0,0.0,0.0
r_1616_ENZ_YBR242W,0.0,0.0,0.0,0.0,0.0,0.0
r_1617_ENZ_YGL101W,0.0,0.0,0.0,0.0,0.0,0.0
r_1617_ENZ_YBR242W,0.0,0.0,0.0,0.0,0.0,0.0
r_1618,0.0,0.0,0.0,0.0,0.0,0.0
r_1619_ENZ_YER037W,0.0,0.0,0.0,0.0,0.0,0.0
r_1620,0.0,0.0,0.0,0.0,0.0,0.0
r_1621,0.0,0.0,0.0,0.0,0.0,0.0
r_1622_REV,0.0,0.0,0.0,0.0,0.0,0.0
r_1622_FWD,0.0,0.0,0.0,0.0,0.0,0.0
r_1623_ENZ_YER183C,0.0,0.0,0.0,0.0,0.0,0.0
r_1624_ENZ_YER183C,0.0,0.0,0.0,0.0,0.0,0.0
r_1625,0.0,0.0,0.0,0.0,0.0,0.0
r_1627,0.0,0.0,0.0,0.0,0.0,0.0
r_1628_REV,0.0,0.0,0.0,0.0,0.0,0.0
r_1628_FWD,0.0,0.0,0.0,0.0,0.0,0.0
r_1629,0.0,0.0,0.0,0.0,0.0,0.0
r_1630,0.0,0.0,0.0,0.0,0.0,0.0
r_1631,5.3615261710130735,0.0,0.0,0.0,0.0,0.0
r_1632_REV,0.0,1.937958504159716,1.3974721866207702,0.0,0.0,0.0
r_1632_FWD,0.0,0.0,0.0,0.0,0.0,0.0
r_1633_REV,5.3615261710130735,0.0,0.0,0.0,0.0,0.0
r_1633_FWD,0.0,0.0,0.0,0.0,0.0,0.0
r_1634,0.0,0.0,0.0,0.0,0.0,0.0
r_1635_REV,0.0,0.0,0.0,0.0,0.0,0.0
r_1635_FWD,0.0,0.0,0.0,0.0,0.0,0.0
r_1637_REV,0.0,0.0,0.0,0.0,0.0,0.0
r_1637_FWD,0.0,0.0,0.0,0.0,0.0,0.0
r_1638,0.0,0.0,0.0,0.0,0.0,0.0
r_1639,0.0,0.0,0.0,0.0,0.0,0.0
r_1640_REV,0.0,0.0,0.0,0.0,0.0,0.0
r_1640_FWD,0.0,0.0,0.0,0.0,0.0,0.0
r_1641,0.0,0.0,0.0,0.0,0.0,0.0
r_1642_ENZ_YPR011C_REV,0.0,0.0,0.0,0.0,0.0,0.0
r_1642_ENZ_YPR011C_FWD,0.0,0.0,0.0,0.0,0.0,0.0
r_1643,0.0,0.0,0.0,0.0,0.0,0.0
r_1644_REV,0.0,0.0,0.0,0.0,0.0,0.0
r_1644_FWD,0.0,0.0,0.0,0.0,0.0,0.0
r_1645_REV,0.0,0.0,0.0,0.0,0.0,0.0
r_1645_FWD,0.0,0.0,0.0,0.0,0.0,0.0
r_1647_REV,0.0,0.0,0.0,0.0,0.0,0.0
r_1647_FWD,0.0,0.0,0.0,0.0,0.0,0.0
r_1648,0.0,0.0,0.0,0.0,0.0,0.0
r_1649,0.0,0.0,0.0,0.0,0.0,0.0
r_1650,0.0,0.0,0.0,0.0,0.0,0.0
r_1651,0.0,0.0,0.0,0.0,0.0,0.0
r_1652_REV,0.0,0.0,0.0,0.0,0.0,0.0
r_1652_FWD,0.0,0.0,0.0,0.0,0.0,0.0
r_1654_REV,1.374029042117066,2.521770993339941,1.940170848751534,3.9462699660724665,1.3585269603119392,1.789078178152
r_1654_FWD,0.0,0.0,0.0,0.0,0.0,0.0
r_1656_REV,0.0,0.0,0.0,0.0,0.0,0.0
r_1656_FWD,0.0,0.0,0.0,0.0,-0.0,0.0
r_1657_ENZ_YBR147W,0.0,0.0,0.0,0.0,0.0,0.0
r_1658_ENZ_YDR508C,0.0,0.0,0.0,0.0,0.0,0.0
r_1659_REV,0.0,0.0,0.0,0.0,0.0,0.0
r_1659_FWD,0.0,0.0,0.0,0.0,0.0,0.0
r_1660_REV,0.0,0.0,0.0,0.0,0.0,0.0
r_1660_FWD,0.0,0.0,0.0,0.0,0.0,0.0
r_1661_REV,0.0,0.0,0.0,0.0,0.0,0.0
r_1661_FWD,0.0,0.0,0.0,0.0,0.0,0.0
r_1663,-0.0,-0.0,-0.0,-0.0,-0.0,0.0
r_1664_REV,0.0,0.0,0.0,0.0,-0.0,0.0
r_1664_FWD,0.0,0.0,0.0,0.0,-0.0,0.0
r_1665_REV,0.0,0.0,0.0,0.0,0.0,0.0
r_1665_FWD,0.7612834532472699,1.516051050543262,1.11888486752608,2.399198125254722,0.3600651499303574,0.0
r_1667_ENZ_YNL036W_REV,0.0,0.0,0.0,0.0,0.0,0.0
r_1667_ENZ_YNL036W_FWD,0.0741142802605265,0.0170437641446886,0.0606742618946171,0.0,0.4658731067805077,1.08770265334032
r_1668_REV,0.0,0.0,0.0,0.0,0.0,0.0
r_1668_FWD,0.0,0.0,0.0,0.0,0.0,0.0
r_1669_REV,0.7612834532472699,1.516051050543262,1.11888486752608,2.399198125254722,0.3600651499303574,0.0
r_1669_FWD,0.0,0.0,0.0,0.0,0.0,0.0
r_1671,0.0,0.0,0.0,0.0,0.0,0.0
r_1672,7.487263670191631,12.848029363410047,9.874299392890537,19.135809385163583,14.190036242822096,8.94164817875041
r_1673,0.0,0.0,0.0,0.0,0.0,0.0
r_1674,0.0,0.0,0.0,0.0,0.0,0.0
r_1675_REV,0.0,0.0,0.0,0.0,0.0,0.0
r_1675_FWD,0.0,0.0,0.0,0.0,0.0,0.0
r_1676_REV,0.0,0.0,0.0,0.0,0.0,0.0
r_1676_FWD,0.0,0.0,0.0,0.0,0.0,0.0
r_1677_REV,0.0,0.0,0.0,0.0,0.0,0.0
r_1677_FWD,0.0,0.0,0.0,0.0,0.0,0.0
r_1678_REV,0.0,0.0,0.0,0.0,0.0,0.0
r_1678_FWD,0.0,0.0,0.0,0.0,0.0,0.0
r_1679_REV,0.0,0.0,0.0,0.0,0.0,0.0
r_1679_FWD,0.0,0.0,0.0,0.0,0.0,0.0
r_1680_REV,0.0,0.0,0.0,0.0,0.0,0.0
r_1680_FWD,0.0,0.0,0.0,0.0,0.0,0.0
r_1681_REV,0.0,0.0,0.0,0.0,0.0,0.0
r_1681_FWD,0.0,0.0,0.0,0.0,0.0,0.0
r_1682,0.0079187630017315,0.014532966683153,0.0111816264489611,0.0227431898448545,0.0078294786807192,0.0103213751998168
r_1683,0.0,0.0,0.0,0.0,0.0,0.0
r_1684_ENZ_YGL077C_REV,0.0,0.0,0.0,0.0,0.0,0.0
r_1684_ENZ_YGL077C_FWD,0.0,0.0,0.0,0.0,0.0,0.0
r_1684_ENZ_YOR161C_REV,0.0,0.0,0.0,0.0,0.0,0.0
r_1684_ENZ_YOR161C_FWD,0.0,0.0,0.0,0.0,0.0,0.0
r_1685,0.0,0.0,0.0,0.0,0.0,0.0
r_1686_REV,0.0,0.0,0.0,0.0,0.0,0.0
r_1686_FWD,0.0,0.0,0.0,0.0,0.0,0.0
r_1687,0.0,0.0,0.0,0.0,0.0,0.0
r_1688_REV,0.0,0.0,0.0,0.0,0.0,0.0
r_1688_FWD,0.0,0.0,0.0,0.0,0.0,0.0
r_1689_REV,0.0,0.0,0.0,0.0,0.0,0.0
r_1689_FWD,0.0,0.0,0.0,0.0,0.0,0.0
r_1690,0.0,0.0,0.0,0.0,0.0,0.0
r_1691_REV,0.0,0.0,0.0,0.0,0.0,0.0
r_1691_FWD,0.0,0.0,0.0,0.0,0.0,0.0
r_1694_REV,0.7612834532472699,1.516051050543262,1.11888486752608,2.399198125254722,0.3600651499303574,0.0
r_1694_FWD,0.0,0.0,0.0,0.0,0.0,0.0
r_1695_REV,0.0,0.0,0.0,0.0,0.0,0.0
r_1695_FWD,0.0,0.0,0.0,0.0,0.0,0.0
r_1696_REV,1.1757400617542062,2.157544803748117,1.5586934371512366,3.7146629089633896,1.0966112688596672,1.43764815467597
r_1696_FWD,0.0,0.0,0.0,0.0,0.0,0.0
r_1697_REV,0.0,0.0,0.0,0.0,0.0,0.0
r_1697_FWD,7.487263670191631,12.848029363410047,9.874299392890537,19.135809385163583,14.190036242822096,8.94164817875041
r_1698_REV,0.0,0.0,0.0,0.0,0.0,0.0
r_1698_FWD,0.0,0.0,0.0,0.0,0.0,0.0
r_1699_REV,0.0,0.0,0.0,0.0,0.0,0.0
r_1699_FWD,0.0,0.0,0.0,0.0,0.0,0.0
r_1700_REV,0.0,0.0,0.0,0.0,0.0,0.0
r_1700_FWD,0.0,0.0,0.0,0.0,0.0,-1.0668698075461601e-17
r_1702,0.0,0.0,0.0,0.0,0.0,0.0
r_1703_ENZ_YKL024C,0.0038358373239648,0.0,0.0053996076690683,0.0109983313317916,0.0037862411241856,0.0049738700234225
r_1704_ENZ_YKL024C_REV,0.0012883917146233,0.0,0.0018192632952525,0.0037003427623491,0.0012738650544097,0.0016775907743961
r_1704_ENZ_YKL024C_FWD,0.0,0.0,0.0,0.0,0.0,0.0
r_1705,0.0,0.0,0.0,0.0,0.0,0.0
r_1706,0.0,0.0,0.0,0.0,0.0,0.0
r_1707_ENZ_YDR342C_REV,0.0,0.0,0.0,0.0,0.0,0.0
r_1707_ENZ_YDR342C_FWD,0.0,0.0,0.0,0.0,0.0,0.0
r_1707_ENZ_YHR092C_REV,0.0,0.0,0.0,0.0,0.0,0.0
r_1707_ENZ_YHR092C_FWD,0.0,0.0,0.0,0.0,0.0,0.0
r_1708_REV,0.0,0.0,0.0,0.0,0.0,0.0
r_1708_FWD,0.0665085813361522,0.1220603516598138,0.0939129144272385,0.1910168660571491,0.065758694829283,0.0865995808583129
r_1709,0.0,0.0,0.0,0.0,0.0,0.0
r_1710,0.0,0.0,0.0,0.0,0.0,0.0
r_1711,0.0,0.0,0.0,0.0,0.0,0.0
r_1712,0.0,0.0,0.0,0.0,0.0,0.0
r_1713_REV,0.0,0.0,0.0,0.0,0.0,0.0
r_1713_FWD,0.0,0.0,0.0,0.0,0.0,0.0
r_1714_REV,4.495095227926834,4.820876917314175,3.707294675566668,7.382521930828521,7.849251106489123,3.39135005896691
r_1714_FWD,0.0,0.0,0.0,0.0,0.0,0.0
r_1715,0.0,0.0,0.0,0.0,0.0,0.0
r_1716,0.0,0.0,0.0,0.0,0.0,0.0
r_1717_ENZ_YDL245C_REV,0.0,0.0,0.0,0.0,0.0,0.0
r_1717_ENZ_YDL245C_FWD,0.0,0.0,0.0,0.0,0.0,0.0
r_1717_ENZ_YEL069C_REV,0.0,0.0,0.0,0.0,0.0,0.0
r_1717_ENZ_YEL069C_FWD,0.0,0.0,0.0,0.0,0.0,0.0
r_1717_ENZ_YJR158W_REV,0.0,0.0,0.0,0.0,0.0,0.0
r_1717_ENZ_YJR158W_FWD,0.0,0.0,0.0,0.0,0.0,0.0
r_1717_ENZ_YNR072W_REV,0.0,0.0,0.0,0.0,0.0,0.0
r_1717_ENZ_YNR072W_FWD,0.0,0.0,0.0,0.0,0.0,0.0
r_1718,0.0,0.0,0.0,0.0,0.0,0.0
r_1719_ENZ_YHR092C_REV,0.0,0.0,0.0,0.0,0.0,0.0
r_1719_ENZ_YHR092C_FWD,0.0,0.0,0.0,0.0,0.0,0.0
r_1720_REV,0.0,0.0,0.0,0.0,0.0,0.0
r_1720_FWD,0.0,0.0,0.0,0.0,0.0,0.0
r_1721_REV,0.0,0.0,0.0,0.0,0.0,0.0
r_1721_FWD,0.0,0.0,0.0,0.0,0.0,0.0
r_1722,0.0,0.0,0.0,0.0,0.0,0.0
r_1723,0.0,0.0,0.0,0.0,0.0,0.0
r_1724,0.0,0.0,0.0,0.0,0.0,0.0
r_1725,0.0,0.0,0.0,0.0,0.0,0.0
r_1726_REV,0.0,0.0,0.0,0.0,-0.0,0.0
r_1726_FWD,0.0,0.0,0.0,0.0,-0.0,0.0
r_1727,0.0,0.0,0.0,0.0,0.0,0.0
r_1728,0.0,0.0,0.0,0.0,0.0,0.0
r_1729_ENZ_YDL166C_REV,0.0007730350087755,0.0,0.0010915579489128,0.0022202055999726,0.0007643190128728,0.001006554438598
r_1729_ENZ_YDL166C_FWD,0.0,0.0,0.0,0.0,0.0,0.0
r_1730,0.0,0.0,0.0,0.0,0.0,0.0
r_1731,0.0,0.0,0.0,0.0,0.0,0.0
r_1732,0.0,0.0,0.0,0.0,0.0,0.0
r_1733,0.0,0.0,0.0,0.0,0.0,0.0
r_1734,0.0,0.0,0.0,0.0,0.0,0.0
r_1735_ENZ_YBL042C,0.0,0.0,0.0,0.0,0.0,0.0
r_1736_ENZ_YDR196C,0.0,7.487678982265322e-05,5.761000570281283e-05,0.0001171775235598,4.03390610035359e-05,5.31237091036262e-05
r_1737_REV,0.0,0.0,0.0,0.0,0.0,0.0
r_1737_FWD,0.0,0.0,0.0,0.0,0.0,0.0
r_1738_REV,0.0,0.0,0.0,0.0,0.0,0.0
r_1738_FWD,1.3614006212823992e-05,2.498520269791915e-05,1.922354942461568e-05,3.9100289752264095e-05,1.346050783172792e-05,1.77265430738174e-05
r_1739_ENZ_YDR071C,0.0,0.0,0.0,0.0,0.0,0.0
r_1743_REV,0.0,0.0,0.0,0.0,0.0,0.0
r_1743_FWD,0.0,0.0,0.0,0.0,0.0,0.0
r_1744,1.3614006212823992e-05,0.0,1.922354942461568e-05,3.9100289752264095e-05,1.346050783172792e-05,1.77265430738174e-05
r_1745_REV,1.3614006212823992e-05,2.498520269791915e-05,1.922354942461568e-05,3.9100289752264095e-05,1.346050783172792e-05,1.77265430738174e-05
r_1745_FWD,0.0,0.0,0.0,0.0,0.0,0.0
r_1746_REV,0.0,0.0099735951720589,0.0,0.0,0.0,0.0
r_1746_FWD,0.0,0.0,0.0,0.0,0.0,0.0
r_1747_REV,0.0,0.0,0.0,0.0,0.0,0.0
r_1747_FWD,0.0,0.0,0.0,0.0,0.0,-1.67544146060256e-33
r_1748_REV,0.1507504185786504,0.2766657886081249,0.2128659321162175,0.4329647683831213,0.1490507025040342,0.19628930283663
r_1748_FWD,0.0,0.0,0.0,0.0,0.0,0.0
r_1749,0.0,0.0,0.0,0.0,0.0,0.0
r_1750_REV,0.0,0.0,0.0,0.0,0.0,0.0
r_1750_FWD,0.0,0.0,0.0,0.0,0.0,0.0
r_1751_REV,0.0,0.0,0.0,0.0,0.0,0.0
r_1751_FWD,0.0,0.0,0.0,0.0,0.0,0.0
r_1752_REV,0.0,0.0,0.0,0.0,0.0,0.0
r_1752_FWD,0.0,0.0,0.0,0.0,0.0,0.0
r_1753,0.0,0.0,0.0,0.0,0.0,0.0
r_1754_REV,0.0,0.0,0.0,0.0,0.0,0.0
r_1754_FWD,0.0079187630017315,0.014532966683153,0.0111816264489611,0.0227431898448545,0.0078294786807192,0.0103213751998168
r_1757,0.0,0.0,0.0,0.0,0.0,0.0
r_1758_REV,0.0,0.0,0.0,0.0,0.0,0.0
r_1758_FWD,0.0057081980221797,0.0104760114248953,0.0080602157138376,0.0163943069469397,0.0056438378961723,0.0074325379709809
r_1759_REV,0.0,0.0,0.0,0.0,0.0,0.0
r_1759_FWD,0.0,0.0,0.0,0.0,0.0,0.0
r_1761,0.0,0.0,0.0,0.0,12.122111874580296,0.0
r_1762_REV,0.0,0.0,0.0,0.0,0.0,0.0
r_1762_FWD,0.0,0.0,0.0,0.0,12.122111874580296,0.0
r_1763_REV,0.0,1.937958504159716,1.3974721866207702,0.0,0.0,0.0
r_1763_FWD,4.079907192128252e-05,0.0,0.0,0.0,0.0,0.0
r_1764,0.0,0.0,0.0,0.0,0.0,0.0
r_1765,0.0,0.0,0.0,0.0,0.0,0.0
r_1766_REV,0.0,0.0,0.0,0.0,0.0,0.0
r_1766_FWD,0.0,0.0,0.0,0.0,0.0,0.0
r_1770_ENZ_YBR041W_REV,0.0,0.0,0.0,0.0,0.0,0.0
r_1770_ENZ_YBR041W_FWD,0.0,0.0,0.0,0.0,0.0,0.0
r_1771_ENZ_YKL188C_and_YPL147W_REV,0.0,0.0,0.0,0.0,0.0,0.0
r_1771_ENZ_YKL188C_and_YPL147W_FWD,0.0,0.0,0.0,0.0,0.0,0.0
r_1772_ENZ_YKL188C_and_YPL147W_REV,0.0,0.0,0.0,0.0,0.0,0.0
r_1772_ENZ_YKL188C_and_YPL147W_FWD,0.0,0.0,0.0,0.0,0.0,0.0
r_1774_ENZ_YKL188C_and_YPL147W_REV,0.0,0.0,0.0,0.0,0.0,0.0
r_1774_ENZ_YKL188C_and_YPL147W_FWD,0.0,0.0,0.0,0.0,0.0,0.0
r_1775_ENZ_YBR041W_REV,0.0,0.0,0.0,0.0,0.0,0.0
r_1775_ENZ_YBR041W_FWD,0.0,0.0,0.0,0.0,0.0,0.0
r_1776_REV,0.0,0.0,0.0,0.0,0.0,0.0
r_1776_FWD,0.0,0.0,0.0,0.0,0.0,0.0
r_1777_REV,0.0,0.0,0.0,0.0,0.0,0.0
r_1777_FWD,0.0,0.0,0.0,0.0,0.0,0.0
r_1788,0.0,0.0,0.0,0.0,0.0,0.0
r_1790_ENZ_YDL045C,0.0,0.0,0.0,0.0,0.0,0.0
r_1791,0.0,0.0,0.0,0.0,0.0,0.0
r_1792,0.0,0.0,0.0,0.0,0.0,0.0
r_1793,0.0,0.0,0.0,0.0,0.0,0.0
r_1794,0.0,0.000268202199885,0.0002605685445367,0.6478924425624745,0.0,7.66388952406524e-05
r_1795_ENZ_YNL065W_REV,0.0,0.0,0.0,0.0,0.0,0.0
r_1795_ENZ_YNL065W_FWD,0.0,0.0,0.0,0.0,0.0,0.0
r_1796_REV,0.0,0.0,0.0,0.0,0.0,0.0
r_1796_FWD,0.0,0.0,0.0,0.0,0.0,0.0
r_1797,0.0,0.0,0.0,0.0,0.0,0.0
r_1798,0.0,0.0,0.0,0.0,0.0,0.0
r_1800,0.0,0.0,0.0,0.0,0.0,0.0
r_1801_REV,0.0,0.0,0.0,0.0,0.0,0.0
r_1801_FWD,0.0,0.0,0.0,0.0,0.0,0.0
r_1802_REV,0.0,0.0,0.0,0.0,0.0,0.0
r_1802_FWD,0.0,0.0,0.0,0.0,0.0,0.0
r_1803_ENZ_YGL225W_REV,0.0,0.0,0.0,0.0,0.0,0.0
r_1803_ENZ_YGL225W_FWD,0.0,0.0,0.0,0.0,0.0,0.0
r_1805_ENZ_YBR241C_REV,0.0,0.0,0.0,0.0,0.0,0.0
r_1805_ENZ_YBR241C_FWD,0.0,0.0,0.0,0.0,0.0,0.0
r_1806,0.0,0.0,0.0,0.0,0.0,0.0
r_1807,0.0,0.0,0.0,0.0,0.0,0.0
r_1808,0.0,0.0,0.0,0.0,0.0,0.0
r_1809_REV,0.0,0.0099735951720589,0.0,0.0,0.0,0.0
r_1809_FWD,0.0,0.0,0.0,0.0,0.0,0.0
r_1810,0.0,0.0,0.0,0.0,0.0,0.0
r_1811_ENZ_YPR058W_REV,0.0,0.0,0.0,0.0,0.0,0.0
r_1811_ENZ_YPR058W_FWD,0.0002451296813806,0.0,0.0,0.0290059799960415,0.0001765439745263,0.0001297626043442
r_1812_REV,1.3614006212823992e-05,2.498520269791915e-05,1.922354942461568e-05,3.9100289752264095e-05,1.346050783172792e-05,1.77265430738174e-05
r_1812_FWD,0.0,0.0,0.0,0.0,0.0,0.0
r_1813_REV,1.3614006212823992e-05,2.498520269791915e-05,1.958740209337325e-05,3.9840358324477855e-05,1.3715280849406833e-05,1.80620612376478e-05
r_1813_FWD,0.0,0.0,0.0,0.0,0.0,0.0
r_1814,1.3614006212823992e-05,2.498520269791915e-05,1.958740209337325e-05,3.9840358324477855e-05,1.3715280849406833e-05,1.80620612376478e-05
r_1815,0.0,0.0,0.0,0.0,0.0,0.0
r_1816_ENZ_YNL065W_REV,0.0,0.0,0.0,0.0,0.0,0.0
r_1816_ENZ_YNL065W_FWD,0.0,0.0,0.0,0.0,0.0,0.0
r_1817_REV,0.0,0.0,0.0,0.0,0.0,0.0
r_1817_FWD,0.0,0.0,0.0,0.0,0.0,0.0
r_1818,0.0,0.0,0.0,0.0,0.0,0.0
r_1819_REV,0.0,0.0,0.0,0.0,0.0,0.0
r_1819_FWD,0.0,0.0,0.0,0.0,0.0,0.0
r_1820,0.0,0.0,0.0,0.0,0.0,0.0
r_1821,0.0,0.0,0.0,0.0,0.0,0.0
r_1822,0.0,0.0,0.0,0.0,0.0,0.0
r_1823,0.0,0.0,0.0,0.0,0.0,0.0
r_1824,0.0,0.0,0.0,0.0,0.0,0.0
r_1825_REV,0.0,0.0,0.0,0.0,0.0,0.0
r_1825_FWD,0.0158375260034631,0.029065933366306,0.0223632528979223,0.045486379689709,0.0156589573614384,0.0206427503996336
r_1826_REV,0.0,0.0,0.0,0.0,0.0,0.0
r_1826_FWD,0.0,0.0,0.0,0.0,0.0,0.0
r_1827_REV,0.0,0.0,0.0,0.0,0.0,0.0
r_1827_FWD,0.0,0.0226505773857831,0.0,0.0,0.0124711503501785,-5.550696070890591e-19
r_1829_REV,0.7612834532472699,1.516051050543262,1.11888486752608,2.399198125254722,0.3600651499303574,0.0
r_1829_FWD,0.0,0.0,0.0,0.0,0.0,0.0
r_1830_REV,0.0,0.0,0.0,0.0,0.0,-1.0668698075461601e-17
r_1830_FWD,0.0,0.0,0.0,0.0,0.0,0.0
r_1831_REV,0.0,0.0,0.0,0.0,0.0,0.0
r_1831_FWD,0.0,0.0,0.0,0.0,0.0,0.0
r_1832_REV,0.061100721877713,0.1122182705928422,0.0,0.1754681937864236,0.0604059717113922,0.0795380770821687
r_1832_FWD,0.0,0.0,0.6301959883080838,0.0,0.0,0.0
r_1833_REV,0.0,0.0,0.0,0.0,0.0,0.0
r_1833_FWD,0.0,0.0,0.0,0.0,0.0,0.0
r_1834,0.0,0.0,0.0,0.0,0.0,0.0
r_1835_ENZ_YBR041W_REV,0.0,0.0,0.0,0.0,0.0,0.0
r_1835_ENZ_YBR041W_FWD,0.0,0.0,0.0,0.0,0.0,0.0
r_1836_ENZ_YBR041W_REV,0.0,0.0,0.0,0.0,0.0,0.0
r_1836_ENZ_YBR041W_FWD,0.0,0.0,0.0,0.0,0.0,0.0
r_1837_ENZ_YBR147W,0.0,0.0,0.0,0.0,0.0,0.0
r_1838_ENZ_YDL131W,0.0705933377212636,0.0,0.0,0.0,0.0,0.0
r_1838_ENZ_YDL182W,0.0,0.1295569301583291,0.0996807622619753,0.2027485456030897,0.0697973954478228,0.0919182658122319
r_1839_REV,0.0,0.0,0.0,0.0,0.0,0.0
r_1839_FWD,0.0,0.0,0.0,0.0,0.0,0.0
r_1840_REV,0.0475125780103893,0.0871978000989182,0.0670897586937669,0.1364591390691271,0.0469768720843153,0.0619282511989008
r_1840_FWD,0.0,0.0,0.0,0.0,0.0,0.0
r_1841,0.0,0.0,0.0,0.0,0.0,0.0
r_1842_REV,0.0,0.0,0.0,0.0,0.0,0.0
r_1842_FWD,0.0,0.0,0.0,0.0,0.0,0.0
r_1843,0.0,0.0,0.0,0.0,0.0,0.0
r_1844_REV,0.0,0.0,0.0,0.0,0.0,0.0
r_1844_FWD,0.0,0.0,0.0,0.0,0.0,0.0
r_1845_REV,0.0,0.0,0.0,0.0,0.0,0.0
r_1845_FWD,0.0,0.0,0.0,0.0,0.0,0.0
r_1846_REV,0.0,0.0,0.0,0.0,0.0,0.0
r_1846_FWD,0.0,0.0,0.0,0.0,0.0,0.0
r_1847,0.0,0.0,0.0,0.0,0.0,0.0
r_1848,0.0,0.0,0.0,0.0,0.0,0.0
r_1849_REV,0.0,0.0,0.0,0.0,0.0,0.0
r_1849_FWD,0.0,0.0,0.0,0.0,0.0,0.0
r_1850,0.0,0.0,0.0,0.0,0.0,0.0
r_1851_REV,0.0,0.0,0.0,0.0,0.0,0.0
r_1851_FWD,0.0,0.0,0.0,0.0,0.0,0.0
r_1852_REV,0.0,0.0,0.0,0.0,0.0,0.0
r_1852_FWD,0.0,0.0,0.0,0.0,0.0,0.0
r_1853_REV,0.0,0.0,0.0,0.0,0.0,0.0
r_1853_FWD,0.0,0.0,0.0,0.0,0.0,0.0
r_1854_REV,0.0,0.0,0.0,0.0,0.0,0.0
r_1854_FWD,0.0,0.0,0.0,0.0,0.0,0.0
r_1855_REV,0.0,0.0,0.0,0.0,0.0,0.0
r_1855_FWD,0.0,0.0,0.0,0.0,0.0,0.0
r_1856_REV,0.0,0.0,0.0,0.0,0.0,0.0
r_1856_FWD,0.0,0.0,0.0,0.0,0.0,0.0
r_1857_REV,0.0,0.0,0.0,0.0,0.0,0.0
r_1857_FWD,0.0,0.0,0.0,0.0,0.0,0.0
r_1858_REV,0.0,0.0,0.0,0.0,0.0,0.0
r_1858_FWD,0.0,0.0,0.0,0.0,0.0,0.0
r_1859_REV,0.0,0.0,0.0,0.0,0.0,0.0
r_1859_FWD,0.0,0.0,0.0,0.0,0.0,0.0
r_1860_REV,0.0,0.0,0.0,0.0,0.0,0.0
r_1860_FWD,0.0,0.0,0.0,0.0,0.0,0.0
r_1861_REV,6.527851398046419e-06,1.1980286170913076e-05,9.21760075801273e-06,1.8748403455477188e-05,6.4542496524686685e-06,8.49979331417339e-06
r_1861_FWD,0.0,0.0,0.0,0.0,0.0,0.0
r_1862,0.0,0.0,0.0,0.0,0.0,0.0
r_1863_REV,0.0,0.0,0.0,0.0,0.0,0.0
r_1863_FWD,0.0,0.0,0.0,0.0,0.0,0.0
r_1864_REV,0.0,0.0,0.0,0.0,0.0,0.0
r_1864_FWD,0.0,0.0,0.0,0.0,0.0,0.0
r_1865,0.0,0.0,0.0,0.0,0.0,0.0
r_1866,0.0,0.0,0.0,0.0,0.0,0.0
r_1867,0.0,0.0,0.0,0.0,0.0,0.0
r_1868_REV,0.0,0.0,0.0,0.0,0.0,0.0
r_1868_FWD,0.0,0.0,0.0,0.0,0.0,0.0
r_1869_REV,0.0,0.0,0.0,0.0,0.0,0.0
r_1869_FWD,0.0,0.0,0.0,0.0,0.0,0.0
r_1870,0.0,0.0,0.0,0.0,0.0,0.0
r_1871,0.0,0.0,0.0,0.0,0.0,0.0
r_1872,0.0,0.0,0.0,0.0,0.0,0.0
r_1873,0.0,0.0,0.0,0.0,0.0,0.0
r_1874,0.0,0.0,0.0,0.0,0.0,0.0
r_1875,0.0,0.0,0.0,0.0,0.0,0.0
r_1876_REV,0.0,0.0,0.0,0.0,0.0,0.0
r_1876_FWD,0.0,0.0,0.0,0.0,0.0,0.0
r_1877_ENZ_YDR342C_REV,0.0,0.0,0.0,0.0,0.0,0.0
r_1877_ENZ_YDR342C_FWD,0.0,0.0,0.0,0.0,0.0,0.0
r_1877_ENZ_YHR092C_REV,0.0,0.0,0.0,0.0,0.0,0.0
r_1877_ENZ_YHR092C_FWD,0.0,0.0,0.0,0.0,0.0,0.0
r_1878,0.0,0.0,0.0,0.0,0.0,0.0
r_1879,0.0,0.0,0.0,0.0,0.0,0.0
r_1880,0.0,0.0,0.0,0.0,0.0,0.0
r_1881,0.0,0.0,0.0,0.0,0.0,0.0
r_1882_ENZ_YOR100C,0.0,0.0,0.0,0.0,0.0,0.0
r_1883,0.0,0.0,0.0,0.0,0.0,0.0
r_1884_REV,0.0,0.0,0.0,0.0,0.0,0.0
r_1884_FWD,0.0,0.0,0.0,0.0,0.0,0.0
r_1885_REV,0.0,0.0,0.0,0.0,0.0,0.0
r_1885_FWD,0.0,0.0,0.0,0.0,0.0,0.0
r_1886,0.0,0.0,0.0,0.0,0.0,0.0
r_1887_REV,0.0,0.0,0.0,0.0,0.0,0.0
r_1887_FWD,0.0406244701530932,0.0745563506732745,0.057363460661663,0.1166760562017572,0.0401664278763751,0.0528963634041111
r_1889,0.0,0.0,0.0,0.0,0.0,0.0
r_1890_REV,0.0,0.0,0.0,0.0,-0.0,0.0
r_1890_FWD,0.0,0.0,0.0,0.0,-0.0,0.0
r_1891,0.0,0.0,0.0,0.0,0.0,0.0
r_1892_REV,0.0,0.0,0.0,0.0,-0.0,0.0
r_1892_FWD,0.0,0.0,0.0,0.0,-0.0,0.0
r_1893,0.0,0.0,0.0,0.0,0.0,0.0
r_1895_REV,0.0,0.0,0.0,0.0,0.0,0.0
r_1895_FWD,0.0,0.0,0.0,0.0,0.0,0.0
r_1896,0.0,0.0,0.0,0.0,0.0,0.0
r_1897,0.0,0.0,0.0,0.0,0.0,0.0
r_1898,0.0,0.0,0.0,0.0,0.0,0.0
r_1899,0.0,0.0,0.0,0.0,0.0,0.0
r_1900,0.0,0.0,0.0,0.0,0.0,0.0
r_1901_REV,0.0,0.0,0.0,0.0,0.0,0.0
r_1901_FWD,0.0,0.0,0.0,0.0,0.0,0.0
r_1902,0.0,0.0,0.0,0.0,0.0,0.0
r_1903,0.0,0.0,0.0,0.0,0.0,0.0
r_1904,0.0,0.0,0.0,0.0,0.0,0.0
r_1905_REV,0.0,0.0,0.0,0.0,0.0,0.0
r_1905_FWD,0.0,0.0,0.0,0.0,0.0,0.0
r_1906,0.0,0.0,0.0,0.0,0.0,0.0
r_1907_ENZ_YKR039W_REV,0.0,0.0,0.0,0.0,0.0,0.0
r_1907_ENZ_YKR039W_FWD,0.0,0.0,0.0,0.0,0.0,0.0
r_1908_ENZ_YDL245C_REV,0.0,0.0,0.0,0.0,0.0,0.0
r_1908_ENZ_YDL245C_FWD,0.0,0.0,0.0,0.0,0.0,0.0
r_1908_ENZ_YEL069C_REV,0.0,0.0,0.0,0.0,0.0,0.0
r_1908_ENZ_YEL069C_FWD,0.0,0.0,0.0,0.0,0.0,0.0
r_1908_ENZ_YJR158W_REV,0.0,0.0,0.0,0.0,0.0,0.0
r_1908_ENZ_YJR158W_FWD,0.0,0.0,0.0,0.0,0.0,0.0
r_1908_ENZ_YNR072W_REV,0.0,0.0,0.0,0.0,0.0,0.0
r_1908_ENZ_YNR072W_FWD,0.0,0.0,0.0,0.0,0.0,0.0
r_1909,0.0,0.0,0.0,0.0,0.0,0.0
r_1910_ENZ_YDL245C_REV,0.0,0.0,0.0,0.0,0.0,0.0
r_1910_ENZ_YDL245C_FWD,0.0,0.0,0.0,0.0,0.0,0.0
r_1910_ENZ_YDR342C_REV,0.0,0.0,0.0,0.0,0.0,0.0
r_1910_ENZ_YDR342C_FWD,0.0,0.0,0.0,0.0,0.0,0.0
r_1910_ENZ_YDR343C_REV,0.0,0.0,0.0,0.0,0.0,0.0
r_1910_ENZ_YDR343C_FWD,0.0,0.0,0.0,0.0,0.0,0.0
r_1910_ENZ_YDR345C_REV,0.0,0.0,0.0,0.0,0.0,0.0
r_1910_ENZ_YDR345C_FWD,0.0,0.0,0.0,0.0,0.0,0.0
r_1910_ENZ_YEL069C_REV,0.0,0.0,0.0,0.0,0.0,0.0
r_1910_ENZ_YEL069C_FWD,0.0,0.0,0.0,0.0,0.0,0.0
r_1910_ENZ_YFL011W_REV,0.0,0.0,0.0,0.0,0.0,0.0
r_1910_ENZ_YFL011W_FWD,0.0,0.0,0.0,0.0,0.0,0.0
r_1910_ENZ_YHR092C_REV,0.0,0.0,0.0,0.0,0.0,0.0
r_1910_ENZ_YHR092C_FWD,0.0,0.0,0.0,0.0,0.0,0.0
r_1910_ENZ_YHR096C_REV,0.0,0.0,0.0,0.0,0.0,0.0
r_1910_ENZ_YHR096C_FWD,0.0,0.0,0.0,0.0,0.0,0.0
r_1910_ENZ_YJL214W_REV,0.0,0.0,0.0,0.0,0.0,0.0
r_1910_ENZ_YJL214W_FWD,0.0,0.0,0.0,0.0,0.0,0.0
r_1910_ENZ_YJL219W_REV,0.0,0.0,0.0,0.0,0.0,0.0
r_1910_ENZ_YJL219W_FWD,0.0,0.0,0.0,0.0,0.0,0.0
r_1910_ENZ_YJR158W_REV,0.0,0.0,0.0,0.0,0.0,0.0
r_1910_ENZ_YJR158W_FWD,0.0,0.0,0.0,0.0,0.0,0.0
r_1910_ENZ_YNR072W_REV,0.0,0.0,0.0,0.0,0.0,0.0
r_1910_ENZ_YNR072W_FWD,0.0,0.0,0.0,0.0,0.0,0.0
r_1910_ENZ_YOL156W_REV,0.0,0.0,0.0,0.0,0.0,0.0
r_1910_ENZ_YOL156W_FWD,0.0,0.0,0.0,0.0,0.0,0.0
r_1911,0.0,0.0,0.0,0.0,0.0,0.0
r_1912,0.0,0.0,0.0,0.0,0.0,0.0
r_1913,0.0,0.0,0.0,0.0,0.0,0.0
r_1914,0.0,0.0,0.0,0.0,0.0,0.0
r_1915,0.0,0.0,0.0,0.0,0.0,0.0
r_1916,0.0,0.0,0.0,0.0,0.0,0.0
r_1919_ENZ_YBR147W,0.0,0.0,0.0,0.0,0.0,0.0
r_1920_REV,0.0,0.0,0.0,0.0,0.0,0.0
r_1920_FWD,0.0,0.0,0.0,0.0,0.0,0.0
r_1921_REV,0.0,0.0,0.0,0.0,0.0,0.0
r_1921_FWD,0.0,0.0,0.0,0.0,0.0,0.0
r_1922_REV,0.0,0.0,0.0,0.0,0.0,0.0
r_1922_FWD,0.0,0.0,0.0,0.0,0.0,0.0
r_1923_REV,0.0,0.0,0.0,0.0,0.0,0.0
r_1923_FWD,0.0,0.0,0.0,0.0,0.0,0.0
r_1924_REV,0.0,0.0,0.0,0.0,0.0,0.0
r_1924_FWD,0.0,0.0,0.0,0.0,0.0,0.0
r_1925_REV,0.0,0.0,0.0,0.0,0.0,0.0
r_1925_FWD,0.0,0.0,0.0,0.0,0.0,0.0
r_1926_REV,0.0,0.0,0.0,0.0,0.0,0.0
r_1926_FWD,0.0,0.0,0.0,0.0,0.0,0.0
r_1927_REV,0.0,0.0,0.0,0.0,0.0,0.0
r_1927_FWD,0.0,0.0,0.0,0.0,0.0,0.0
r_1928_REV,0.0,0.0,0.0,0.0,0.0,0.0
r_1928_FWD,0.0,0.0,0.0,0.0,0.0,0.0
r_1929_REV,0.0,0.0,0.0,0.0,0.0,0.0
r_1929_FWD,0.0,0.0,0.0,0.0,0.0,0.0
r_1930_REV,0.0,0.0,0.0,0.0,0.0,0.0
r_1930_FWD,0.0,0.0,0.0,0.0,0.0,0.0
r_1931,0.0,0.0,0.0,0.0,0.0,0.0
r_1932_REV,0.1507504185786956,0.2766657886081702,0.2128659321161876,0.4329647683831581,0.1490507025040415,0.19628930283663
r_1932_FWD,4.52138326778595e-14,4.5297099404706393e-14,-2.983724378680108e-14,3.6803893266323946e-14,7.244205235679146e-15,0.0
r_1935_ENZ_YDR508C,0.0,0.0,0.0,0.0,0.0,0.0
r_1936,0.0,0.0,0.0,0.0,0.0,0.0
r_1937_REV,0.0,0.0,0.0,0.0,0.0,0.0
r_1937_FWD,0.0,0.0,0.0,0.0,0.0,0.0
r_1938_REV,0.0,0.0,0.0,0.0,0.0,0.0
r_1938_FWD,0.0,0.0,0.0,0.0,0.0,0.0
r_1939_REV,0.0,0.0,0.0,0.0,0.0,0.0
r_1939_FWD,0.0,0.0,0.0,0.0,0.0,0.0
r_1940_REV,0.0,0.0,0.0,0.0,0.0,0.0
r_1940_FWD,0.0,0.0,0.0,0.0,0.0,0.0
r_1941_REV,0.0,0.0,0.0,0.0,0.0,0.0
r_1941_FWD,0.0,0.0,0.0,0.0,0.0,0.0
r_1942_REV,0.0,0.0,0.0,0.0,0.0,0.0
r_1942_FWD,0.0,0.0,0.0,0.0,0.0,0.0
r_1943_REV,0.0,0.0,0.0,0.0,0.0,0.0
r_1943_FWD,0.0,0.0,0.0,0.0,0.0,0.0
r_1944_REV,0.0,0.0,0.0,0.0,0.0,0.0
r_1944_FWD,0.0,0.0,0.0,0.0,0.0,0.0
r_1945_REV,0.0,0.0,0.0,0.0,0.0,0.0
r_1945_FWD,0.0,0.0,0.0,0.0,0.0,0.0
r_1946_REV,0.0,0.0,0.0,0.0,0.0,0.0
r_1946_FWD,0.0,0.0,0.0,0.0,0.0,0.0
r_1947,0.0,0.0,0.0,0.0,0.0,0.0
r_1952,0.0,0.0,0.0,0.0,0.0,0.0
r_1963_REV,0.0158375260034631,0.029065933366306,0.0223632528979223,0.045486379689709,0.0156589573614384,0.0206427503996336
r_1963_FWD,0.0,0.0,0.0,0.0,0.0,0.0
r_1964_REV,0.0,0.0,0.0,0.0,0.0,0.0
r_1964_FWD,0.0158375260034631,0.029065933366306,0.0223632528979223,0.045486379689709,0.0156589573614384,0.0206427503996336
r_1965_REV,0.0001429643766509,0.0001715394948538,0.0001590892751197,0.338507800041038,0.000108441517765,0.0001297626043442
r_1965_FWD,0.0,0.0,0.0,0.0,0.0,0.0
r_1966_REV,0.0,0.0,0.0,0.0,0.0,0.0
r_1966_FWD,0.0,0.0,0.0,0.0,0.0,0.0
r_1967,0.0,0.0,0.0,0.0,0.0,0.0
r_1968,0.0,0.0,0.0,0.0,0.0,0.0
r_1970_REV,0.0,0.0,0.0,0.0,0.0,0.0
r_1970_FWD,0.0,0.0,0.0,0.0,0.0,0.0
r_1971_REV,0.0,0.0,0.0,0.0,0.0,0.0
r_1971_FWD,0.0,0.0,0.0,0.0,0.0,0.0
r_1972,0.0,0.0,0.0,0.0,0.0,0.0
r_1974,0.0,0.0,0.0,0.0,0.0,0.0
r_1975,0.0,0.0,0.0,0.0,0.0,0.0
r_1976_ENZ_YOR100C,0.0,0.0,0.0,0.0,0.0,0.0
r_1977_REV,0.0,0.0,0.0,0.0,0.0,0.0
r_1977_FWD,0.0079187630017315,0.014532966683153,0.0111816264489611,0.0227431898448545,0.0078294786807192,0.0103213751998168
r_1978_REV,0.0,0.0,0.0,0.0,0.0,0.0
r_1978_FWD,4.258505687046736,11.842542476817574,9.100612825585046,17.562161003386176,1.5261865319874128,8.2280140847289
r_1979_REV,0.0,0.0,0.0,0.0,0.0,0.0
r_1979_FWD,4.37619054195138,12.058524452167374,9.266788790941776,17.900159374643813,1.6425444861676253,8.38136485570374
r_1980_REV,0.0,0.0,0.0,0.0,0.0,0.0
r_1980_FWD,0.0,0.0,0.0,0.0,0.0,0.0
r_1981_ENZ_YBR041W_REV,0.0,0.0,0.0,0.0,0.0,0.0
r_1981_ENZ_YBR041W_FWD,0.0,0.0,0.0,0.0,0.0,0.0
r_1984,0.0,0.0,0.0,0.0,0.0,0.0
r_1987,0.0,0.0,0.0,0.0,0.0,0.0
r_1988_REV,0.0,0.0,0.0,0.0,0.0,0.0
r_1988_FWD,0.0,0.0,0.0,0.0,0.0,0.0
r_1989,0.0,0.0,0.0,0.0,0.0,0.0
r_1990_ENZ_YJL212C,0.0,0.0,0.0,0.0,0.0,0.0
r_1991_REV,0.0,0.0,0.0,0.0,0.0,0.0
r_1991_FWD,0.0,0.0,0.0,0.0,1.951563910473908e-18,0.0
r_1992_REV,4.37619054195138,12.058524452167374,9.266788790941776,17.900159374643813,1.6425444861676253,8.38136485570374
r_1992_FWD,0.0,0.0,0.0,0.0,0.0,0.0
r_1993,0.0,0.0,0.0,0.0,0.0,0.0
r_1994,0.0,0.0,0.0,0.0,0.0,0.0
r_1995_REV,0.0,0.0,0.0,0.0,0.0,0.0
r_1995_FWD,0.0,0.0,0.0,0.0,0.0,0.0
r_1996_REV,0.0,0.0,0.0,0.0,0.0,0.0
r_1996_FWD,4.079907192128425e-05,0.0,0.0,0.0,2.220446049250313e-16,-1.0779232471267e-17
r_1997,4.079907192128425e-05,0.0,0.0,0.0,2.220446049250313e-16,-1.0779232471267e-17
r_1998_REV,0.0,0.0,0.0,0.0,0.0,0.0
r_1998_FWD,0.0,0.0,0.0,0.0,0.0,0.0
r_1999,0.0,0.0,0.0,0.0,0.0,0.0
r_2000,0.0,0.0,0.0,0.0,0.0,0.0
r_2001,0.0,0.0,0.0,0.0,0.0,0.0
r_2002_REV,0.0,0.0,0.0,0.0,0.0,0.0
r_2002_FWD,0.0,0.0,0.0,0.0,0.0,0.0
r_2003_REV,0.0,0.0,0.0,0.0,0.0,0.0
r_2003_FWD,0.0,0.0,0.0,0.0,0.0,0.0
r_2004,0.0,0.0,0.0,0.0,0.0,0.0
r_2005_REV,1.0747336178846345,1.972478507678531,0.0846669218399404,3.086718216329104,1.062621146505787,1.39939697740456
r_2005_FWD,0.0,0.0,0.0,0.0,0.0,0.0
r_2008_ENZ_YNR013C_REV,0.0,0.0,0.0,0.0,0.0,0.0
r_2008_ENZ_YNR013C_FWD,0.0,0.0,0.0,0.0,0.0,0.0
r_2020_REV,0.0007794769663487,0.0014305407018437,0.0011006542639772,0.0022387073109125,0.0007706883371562,0.001014942391168
r_2020_FWD,0.0,0.0,0.0,0.0,0.0,0.0
r_2022_REV,0.0,0.0,0.0,0.0,0.0,0.0
r_2022_FWD,0.0,0.0,0.0,0.0,0.0,0.0
r_2023_REV,0.0,0.0,0.0,0.0,0.0,0.0
r_2023_FWD,0.0,0.0,0.0,0.0,0.0,0.0
r_2024,0.0,0.0,0.0,0.0,0.0,0.0
r_2025_ENZ_YNR027W,0.0,0.0,0.0,0.0,0.0,0.0
r_2026_ENZ_YNR027W,0.0,0.0,0.0,0.0,0.0,0.0
r_2027,0.0,0.0,0.0,0.0,0.0,0.0
r_2028,0.0,0.0,0.0,0.0,0.0,0.0
r_2029_ENZ_YEL029C,0.0,0.0,0.0,0.0,0.0,0.0
r_2030,0.0002147319443649,0.0003940883434169,0.0003032105378103,0.0006167237705407,0.0002123108344203,0.0002795984518885
r_2031_REV,0.0,0.0,0.0,0.0,0.0,0.0
r_2031_FWD,0.0,0.0,0.0,0.0,0.0,0.0
r_2032_REV,0.0,0.0,0.0,0.0,0.0,0.0
r_2032_FWD,1.526697740831676,0.0,2.9119320144224194,4.375351671464166,1.506240895233413,1.98364220398038
r_2033,0.0,0.0,0.0,0.0,0.0,0.0
r_2034_ENZ_YGL080W_and_YGR243W,0.0,0.0,0.0,0.0,0.0,0.0
r_2034_ENZ_YGL080W_and_YHR162W,0.0,0.0,0.0,0.0,0.0,0.0
r_2036_REV,0.0,0.0,0.0,0.0,0.0,0.0
r_2036_FWD,0.0,0.0,0.0,0.0,0.0,0.0
r_2037_REV,0.0,0.0,0.0,0.0,0.0,0.0
r_2037_FWD,0.0,0.0,0.0,0.0,0.0,0.0
r_2038,0.0,0.0,0.0,0.0,0.0,0.0
r_2039,0.0,0.0,0.0,0.0,0.0,0.0
r_2040_ENZ_YOR306C,0.0,0.0,0.0,0.0,0.0,0.0
r_2041_ENZ_YDR342C,0.0,0.0,0.0,0.0,0.0,0.0
r_2041_ENZ_YHR092C,0.0,0.0,0.0,0.0,0.0,0.0
r_2042_REV,0.0,0.0,0.0,0.0,0.0,0.0
r_2042_FWD,0.0,0.0,0.0,0.0,0.0,0.0
r_2043,0.0,0.0,0.0,0.0,0.0,0.0
r_2044,0.0,0.0,0.0,0.0,0.0,0.0
r_2045_ENZ_YDR508C_REV,0.0001021653047296,0.0,0.0,0.0,6.810245676130977e-05,0.0
r_2045_ENZ_YDR508C_FWD,0.0,0.0001715394948538,0.0001590892751197,0.3095018200449964,0.0,0.0
r_2046,0.0,0.0,0.0,0.0,0.0,0.0
r_2049_REV,0.0008524858355102,0.0015645307534297,0.0012037458582384,0.0024483934160954,0.0008428740288455,0.0011100058753277
r_2049_FWD,0.0,0.0,0.0,0.0,0.0,0.0
r_2050,0.0,0.0,0.0,0.0,0.0,0.0
r_2051,0.0,0.0,0.0,0.0,0.0,0.0
r_2052,0.0,0.0,0.0,0.0,0.0,0.0
r_2053_REV,0.0,0.0,0.0,0.0,0.0,0.0
r_2053_FWD,0.0079187630017315,0.014532966683153,0.0111816264489611,0.0227431898448545,0.0078294786807192,0.0103213751998168
r_2054_REV,0.0,0.0,0.0,0.0,0.0,0.0
r_2054_FWD,0.0079187630017315,0.014532966683153,0.0111816264489611,0.0227431898448545,0.0078294786807192,0.0103213751998168
r_2055,0.0,0.0,0.0,0.0,0.0,0.0
r_2056,0.0,0.0,0.0,0.0,0.0,0.0
r_2057_REV,0.0,0.0,0.0,0.0,0.0,0.0
r_2057_FWD,0.0,0.0,0.0,0.0,0.0,0.0
r_2058,0.0,0.0,0.0,0.0,0.0,0.0
r_2060_REV,0.0184691206917087,0.0338955864219,0.0260795391443538,0.0530452266970033,0.0182611355034733,0.0240486324234868
r_2060_FWD,0.0,0.0,0.0,0.0,0.0,0.0
r_2061,0.0,0.0,0.0,0.0,0.0,0.0
r_2062,0.0,0.0,0.0,0.0,0.0,0.0
r_2063_REV,0.0,0.0,0.0,0.0,0.0,0.0
r_2063_FWD,0.0,0.0,0.0,0.0,0.0,0.0
r_2064_ENZ_YDL024C,0.0,0.0,0.0,0.0,0.0,-3.35518163830354e-07
r_2065,0.0,0.0,0.0,0.0,0.0,-3.35518163830354e-07
r_2066,0.0,0.0,0.0,0.0,0.0,0.0
r_2067,0.0,0.0,0.0,0.0,0.0,0.0
r_2068,0.0,0.0,0.0,0.0,0.0,0.0
r_2069,0.0,0.0,3.638526687575664e-07,7.400685722137601e-07,2.5477301767891097e-07,3.35518163830354e-07
r_2072_ENZ_YDR508C,0.0,0.0,0.0,0.0,0.0,0.0
r_2073,0.0,0.0,0.0,0.0,0.0,0.0
r_2074,0.0,0.0,0.0,0.0,0.0,0.0
r_2075_REV,0.0,0.0,0.0,0.0,0.0,0.0
r_2075_FWD,0.0,0.0,0.0,0.0,0.0,0.0
r_2079_ENZ_YGR289C_REV,0.0,0.0,0.0,0.0,0.0,0.0
r_2079_ENZ_YGR289C_FWD,0.0,0.0,0.0,0.0,0.0,0.0
r_2080_REV,0.0,0.0,0.0,0.0,0.0,0.0
r_2080_FWD,0.0,0.0,0.0,0.0,0.0,0.0
r_2082,0.0,0.0,0.0,0.0,0.0,0.0
r_2083,0.0,0.0,0.0,0.0,0.0,0.0
r_2084_REV,0.0,0.0,0.0,0.0,0.0,0.0
r_2084_FWD,0.0,0.0,0.0,0.0,0.0,0.0
r_2085_REV,0.0,0.0,0.0,0.0,0.0,0.0
r_2085_FWD,0.0,0.0,0.0,0.0,0.0,0.0
r_2086,0.0,0.0,0.0,0.0,0.0,0.0
r_2087_REV,0.0,0.0,0.0,0.0,0.0,0.0
r_2087_FWD,0.0,0.0,0.0,0.0,0.0,0.0
r_2089_REV,0.0,0.0,0.0,0.0,0.0,0.0
r_2089_FWD,0.0,0.0,0.0,0.0,0.0,0.0
r_2090,0.0,0.0,0.0,0.0,0.0,0.0
r_2091,0.0,0.0,0.0,0.0,0.0,0.0
r_2092,0.0,0.0,0.0,0.0,0.0,0.0
r_2093_REV,0.0652655437797647,0.119779058055126,0.0921576931111683,0.1874467833153083,0.0645296725634394,0.0849810448857878
r_2093_FWD,0.0,0.0,0.0,0.0,0.0,0.0
r_2094_ENZ_YLL052C_REV,0.0079187630017315,0.014532966683153,0.0111816264489611,0.0227431898448545,0.0,0.0
r_2094_ENZ_YLL052C_FWD,0.0,0.0,0.0,0.0,0.0,0.0
r_2094_ENZ_YPR192W_REV,0.0,0.0,0.0,0.0,0.0078294786807192,0.0103213751998168
r_2094_ENZ_YPR192W_FWD,0.0,0.0,0.0,0.0,0.0,0.0
r_2095_REV,0.0,0.0,0.0,0.0,0.0,0.0
r_2095_FWD,0.0,0.0,0.0,0.0,0.0,0.0
r_2096_REV,13.827445847827285,38.06233440842875,29.71747994382983,75.06277134603751,5.4876059422248336,35.4050238572567
r_2096_FWD,0.0,0.0,0.0,0.0,0.0,0.0
r_2097_REV,0.0,0.0,0.0,0.0,0.0,0.0
r_2097_FWD,0.7612834532472699,1.516051050543262,1.11888486752608,2.399198125254722,0.3600651499303574,0.0
r_2098_REV,0.0,0.0,0.0,0.0,0.0,0.0
r_2098_FWD,0.0,0.0,0.0,0.0,0.0,-1.0668698075461601e-17
r_2099_REV,0.0,0.0,0.0,0.0,0.0,0.0
r_2099_FWD,0.0,0.0,0.0,0.0,0.0,0.0
r_2100_REV,0.0,0.0,0.0,0.0,0.0,0.0
r_2100_FWD,11.762137648867007,20.693761941778835,15.194118203389074,31.41348898737086,6.294588760964768,14.5079224420461
r_2101_REV,0.0,0.0,0.0,0.0,0.0,0.0
r_2101_FWD,0.0,0.0,0.0,0.0,0.0,0.0
r_2102,0.0,0.0,0.0,0.0,0.0,0.0
r_2103,0.0,0.0,0.0,0.0,0.0,0.0
r_2104,0.0,0.0,0.0,0.0,0.0,0.0
r_2105_ENZ_YDL245C_REV,0.0,0.0,0.0,0.0,0.0,0.0
r_2105_ENZ_YDL245C_FWD,0.0,0.0,0.0,0.0,0.0,0.0
r_2105_ENZ_YLL043W_REV,0.0,0.0,0.0,0.0,0.0,0.0
r_2105_ENZ_YLL043W_FWD,0.0,0.0,0.0,0.0,0.0,0.0
r_2106,0.0,0.0,0.0,0.0,0.0,0.0
r_2107_ENZ_YIL013C_REV,0.0,0.0,0.0,0.0,0.0,0.0
r_2107_ENZ_YIL013C_FWD,0.0,0.0,0.0,0.0,0.0,0.0
r_2107_ENZ_YOR011W_REV,0.0,0.0,0.0,0.0,0.0,0.0
r_2107_ENZ_YOR011W_FWD,0.0,0.0,0.0,0.0,0.0,0.0
r_2108,0.2147319505706946,0.394088354806172,0.3032105465731547,0.6167237883640837,0.2123108405561424,0.27959845996899
r_2111,0.2147319505706946,0.394088354806172,0.3032105465731547,0.6167237883640837,0.2123108405561424,0.27959845996899
r_2112_ENZ_YJL060W_REV,0.0,0.0,0.0,0.0,0.0,0.0
r_2112_ENZ_YJL060W_FWD,0.0,0.0,0.0,0.0,0.0,0.0
r_2113,0.0,0.0,0.0,0.0,0.0,0.0
r_2114,0.0013034229343784,0.0023921163034225,0.0018404880098111,0.0037435133793284,0.0012887267966529,0.001697162644737
r_2115_ENZ_YBR145W,0.0,0.0,0.0,0.0,12.122111874580296,0.0
r_2115_ENZ_YOL086C,4.079907192128252e-05,0.0,0.0,0.0,0.0,0.0
r_2116_ENZ_YMR110C,0.0,0.0,0.0,0.0,0.0,0.0
r_2116_ENZ_YMR170C,0.0,0.0,0.0,0.0,0.0,0.0
r_2116_ENZ_YER073W,0.0,0.0,0.0,0.0,0.0,0.0
r_2116_ENZ_YOR374W,0.0,0.0,0.0,0.0,0.0,0.0
r_2117_ENZ_YHR137W_REV,0.0,0.0,0.0,0.0,0.0,0.0
r_2117_ENZ_YHR137W_FWD,0.0,0.2052973341492591,0.0,0.3212775716751405,0.0,0.0
r_2118_ENZ_YHR137W,0.0,0.0,0.0,0.0,0.0,0.0
r_2119_ENZ_YHR137W_REV,0.0,0.0,0.0,0.0,0.0,0.0
r_2119_ENZ_YHR137W_FWD,0.0,0.0,0.0,0.0,0.0,0.0
r_2125_REV,0.0,0.016180522411653,0.0,0.0,0.009957156490099,3.40632578452435e-19
r_2125_FWD,0.0,0.0,0.0,0.0,0.0,0.0
r_2126_ENZ_YKR043C,0.0,0.0,0.0,0.0,0.0,0.0
r_2129,0.0,0.0,0.0,0.0,0.0,0.0
r_2131_ENZ_YDL066W,0.2255843062588665,0.343272681824473,0.3182739607478714,0.0,0.2230408355664168,0.293652470608597
r_2132_ENZ_YOR222W,0.0,0.0,0.0,0.0,0.0,0.0
r_2132_ENZ_YPL134C,0.3356058863009797,0.6158482368600853,0.4664019493380141,0.9637642246000838,0.3317815795066864,-3.4884083721072503e-15
r_2134,0.0,0.0,0.0,0.0,0.0,0.0
r_2136_REV,0.0,0.0,0.0,0.0,0.0,0.0
r_2136_FWD,0.0,0.0,0.0,0.0,0.0,0.0
r_2137,0.0,0.0,0.0,0.0,0.0,0.0
r_2139_REV,0.0,0.0,0.0,0.0,0.0,0.0
r_2139_FWD,0.0,0.0,0.0,0.0,0.0,0.0
r_2140_ENZ_YKL182W_and_YPL231W,0.0268000171968325,0.0491849240777038,0.0378427515831942,0.0769713500479366,0.0264978460953594,0.034895801558464
r_2141_ENZ_YKL182W_and_YPL231W,0.0083294596175213,0.0152867005975096,0.0117615473457742,0.0239227365871303,0.0082355446782578,0.0108456337086462
r_2142_ENZ_YER061C_and_YKL192C,0.0,0.0,0.0,0.0,0.0,0.0
r_2143_ENZ_YER061C_and_YKL192C,0.0,0.0,0.0,0.0,0.0,0.0
r_2144_ENZ_YER061C_and_YKL192C,0.0,0.0,0.0,0.0,0.0,0.0
r_2145_ENZ_YKL055C,0.0,0.0,0.0,0.0,0.0,0.0
r_2146_ENZ_YKL055C,0.0,0.0,0.0,0.0,0.0,0.0
r_2147_ENZ_YKL055C,0.0,0.0,0.0,0.0,0.0,0.0
r_2148_ENZ_YHR067W_REV,0.0,0.0,0.0,0.0,0.0,0.0
r_2148_ENZ_YHR067W_FWD,0.0,0.0,0.0,0.0,0.0,0.0
r_2149_ENZ_YHR067W_REV,0.0,0.0,0.0,0.0,0.0,0.0
r_2149_ENZ_YHR067W_FWD,0.0,0.0,0.0,0.0,0.0,0.0
r_2150_ENZ_YHR067W_REV,0.0,0.0,0.0,0.0,0.0,0.0
r_2150_ENZ_YHR067W_FWD,0.0,0.0,0.0,0.0,-0.0,0.0
r_2151_ENZ_YBR026C,0.0,0.0,0.0,0.0,0.0,0.0
r_2152_ENZ_YBR026C,0.0,0.0,0.0,0.0,0.0,0.0
r_2153_ENZ_YBR026C,0.0,0.0,0.0,0.0,0.0,0.0
r_2154_ENZ_YJL196C,0.0,0.0,0.0,0.0,0.0,0.0
r_2155_ENZ_YJL196C,0.0,0.0,0.0,0.0,0.0,0.0
r_2156_ENZ_YCR034W,0.0,0.0,0.0,0.0,0.0,0.0
r_2157_ENZ_YCR034W,0.0,0.0,0.0,0.0,0.0,0.0
r_2157_ENZ_YLR372W,0.0,0.0,0.0,0.0,0.0,0.0
r_2158_ENZ_YCR034W,0.0,0.0,0.0,0.0,0.0,0.0
r_2158_ENZ_YLR372W,0.0,0.0,0.0,0.0,0.0,0.0
r_2159_ENZ_YCR034W,0.0,0.0,0.0,0.0,0.0,0.0
r_2159_ENZ_YLR372W,0.0,0.0,0.0,0.0,0.0,0.0
r_2160_ENZ_YLR372W,0.0,0.0,0.0,0.0,0.0,0.0
r_2161_ENZ_YBR159W,0.0,0.0,0.0,0.0,0.0,0.0
r_2162_ENZ_YBR159W,0.0,0.0,0.0,0.0,0.0,0.0
r_2163_ENZ_YBR159W,0.0,0.0,0.0,0.0,0.0,0.0
r_2164_ENZ_YBR159W,0.0,0.0,0.0,0.0,0.0,0.0
r_2165_ENZ_YBR159W,0.0,0.0,0.0,0.0,0.0,0.0
r_2166_ENZ_YBR159W,0.0,0.0,0.0,0.0,0.0,0.0
r_2167_ENZ_YBR159W,0.0,0.0,0.0,0.0,0.0,0.0
r_2168_ENZ_YJL097W_REV,0.0,0.0,0.0,0.0,0.0,0.0
r_2168_ENZ_YJL097W_FWD,0.0,0.0,0.0,0.0,0.0,0.0
r_2169_ENZ_YJL097W_REV,0.0,0.0,0.0,0.0,0.0,0.0
r_2169_ENZ_YJL097W_FWD,0.0,0.0,0.0,0.0,0.0,0.0
r_2170_ENZ_YJL097W_REV,0.0,0.0,0.0,0.0,0.0,0.0
r_2170_ENZ_YJL097W_FWD,0.0,0.0,0.0,0.0,0.0,0.0
r_2171_ENZ_YJL097W_REV,0.0,0.0,0.0,0.0,0.0,0.0
r_2171_ENZ_YJL097W_FWD,0.0,0.0,0.0,0.0,0.0,0.0
r_2172_ENZ_YJL097W_REV,0.0,0.0,0.0,0.0,0.0,0.0
r_2172_ENZ_YJL097W_FWD,0.0,0.0,0.0,0.0,0.0,0.0
r_2173_ENZ_YJL097W,0.0,0.0,0.0,0.0,0.0,0.0
r_2174_ENZ_YJL097W_REV,0.0,0.0,0.0,0.0,0.0,0.0
r_2174_ENZ_YJL097W_FWD,0.0,0.0,0.0,0.0,0.0,0.0
r_2175_ENZ_YDL015C,0.0,0.0,0.0,0.0,0.0,0.0
r_2176_ENZ_YDL015C,0.0,0.0,0.0,0.0,0.0,0.0
r_2177_ENZ_YDL015C,0.0,0.0,0.0,0.0,0.0,0.0
r_2178_ENZ_YDL015C,0.0,0.0,0.0,0.0,0.0,0.0
r_2179_ENZ_YDL015C,0.0,0.0,0.0,0.0,0.0,0.0
r_2180_ENZ_YDL015C,0.0,0.0,0.0,0.0,0.0,0.0
r_2181_ENZ_YDL015C,0.0,0.0,0.0,0.0,0.0,0.0
r_2182_ENZ_YGL055W,0.0200289847095329,0.0367583380658539,0.0282817688981197,0.0575245150724917,0.0198031572286542,0.0260793666924951
r_2183_ENZ_YGL055W,0.0066188088369679,0.0121472164640842,0.0093460364877539,0.0190096389919798,0.0065441815431861,0.0086182272955981
r_2184_REV,0.0,0.0,0.0,0.0,0.0,0.0
r_2184_FWD,0.0,0.0,0.0,0.0,0.0,0.0
r_2185_REV,0.0,0.0,0.0,0.0,0.0,0.0
r_2185_FWD,0.0,0.0,0.0,0.0,0.0,0.0
r_2186_ENZ_YBR041W_REV,0.0,0.0,0.0,0.0,0.0,0.0
r_2186_ENZ_YBR041W_FWD,0.0,0.0,0.0,0.0,0.0,0.0
r_2187,0.0,0.0,0.0,0.0,0.0,0.0
r_2188,0.0,0.0,0.0,0.0,0.0,0.0
r_2189,0.0,0.0,0.0,0.0,0.0,0.0
r_2190_ENZ_YNL065W_REV,0.0,0.0,0.0,0.0,0.0,0.0
r_2190_ENZ_YNL065W_FWD,0.0,0.0,0.0,0.0,0.0,0.0
r_2191_ENZ_YNL065W_REV,0.0,0.0,0.0,0.0,0.0,0.0
r_2191_ENZ_YNL065W_FWD,0.0,0.0,0.0,0.0,0.0,0.0
r_2192_ENZ_YBR041W_REV,0.0,0.0,0.0,0.0,0.0,0.0
r_2192_ENZ_YBR041W_FWD,0.0,0.0,0.0,0.0,0.0,0.0
r_2193,0.0,0.0,0.0,0.0,0.0,0.0
r_2194_ENZ_YOR317W_REV,0.0,0.0,0.0,0.0,0.0,0.0
r_2194_ENZ_YOR317W_FWD,0.0,0.0,0.0,0.0,0.0,0.0
r_2195_ENZ_YMR246W_REV,0.0,0.0,0.0,0.0,0.0,0.0
r_2195_ENZ_YMR246W_FWD,0.0,0.0,0.0,0.0,0.0,0.0
r_2195_ENZ_YOR317W_REV,0.0,0.0,0.0,0.0,0.0,0.0
r_2195_ENZ_YOR317W_FWD,0.0,0.0,0.0,0.0,0.0,0.0
r_2196_ENZ_YMR246W_REV,0.0012443175481202,0.00228364271871,0.0,0.0,0.0,0.0
r_2196_ENZ_YMR246W_FWD,0.0,0.0,0.0,0.0,0.0,0.0
r_2196_ENZ_YOR317W_REV,0.0,0.0,0.0,0.0,0.0,-1.38632332180231e-34
r_2196_ENZ_YOR317W_FWD,0.0,0.0,0.0,0.0,0.0,0.0
r_2197_ENZ_YMR246W_REV,0.0,0.0,0.0,0.0036021888147117,0.0,0.0
r_2197_ENZ_YMR246W_FWD,0.0,0.0,0.0,0.0,0.0,0.0
r_2197_ENZ_YOR317W_REV,0.0,0.0,0.0,0.0,0.0,0.0016330916110477
r_2197_ENZ_YOR317W_FWD,0.0,0.0,0.0,0.0,0.0,0.0
r_2198_ENZ_YMR246W_REV,0.0,0.0,0.0,0.0,0.0,0.0
r_2198_ENZ_YMR246W_FWD,0.0,0.0,0.0,0.0,0.0,0.0
r_2198_ENZ_YOR317W_REV,0.0,0.0,0.0,0.0,0.0,0.0
r_2198_ENZ_YOR317W_FWD,0.0,0.0,0.0,0.0,0.0,0.0
r_2199_ENZ_YMR246W_REV,0.0,0.0,0.0,0.0,0.0,0.0
r_2199_ENZ_YMR246W_FWD,0.0032751983535758,0.0,0.0,0.0,0.0,0.0
r_2199_ENZ_YOR317W_REV,0.0,0.0,0.0,0.0,0.0,-7.60478068260155e-35
r_2199_ENZ_YOR317W_FWD,0.0,0.0,0.0,0.0,0.0,0.0
r_2200_ENZ_YOR317W_REV,0.0,0.0,0.0,0.0,0.0,0.0
r_2200_ENZ_YOR317W_FWD,0.0,0.0,0.0,0.0,0.0,0.0
r_2201_ENZ_YMR246W_REV,0.0,0.0,0.0,0.0,0.0,0.0
r_2201_ENZ_YMR246W_FWD,0.0,0.0,0.0,0.0,0.0,0.0
r_2201_ENZ_YOR317W_REV,0.0,0.0,0.0,0.0,0.0,0.0
r_2201_ENZ_YOR317W_FWD,0.0,0.0,0.0,0.0,0.0,0.0
r_2202_ENZ_YMR246W_REV,0.0,0.0,0.0,0.0,0.0,0.0
r_2202_ENZ_YMR246W_FWD,0.0,0.0,0.0,0.0,0.0,0.0
r_2202_ENZ_YOR317W_REV,0.0,0.0,0.0,0.0,0.0,1.56768802729176e-34
r_2202_ENZ_YOR317W_FWD,0.0,0.0,0.0,0.0,0.0,0.0
r_2203_ENZ_YMR246W_REV,0.0,0.0,0.0,0.0,0.0,0.0
r_2203_ENZ_YMR246W_FWD,0.0,0.0,0.0,0.0,0.0,0.0
r_2203_ENZ_YOR317W_REV,0.0,0.0,0.0,0.0,0.0012400749728205,3.40632578452435e-19
r_2203_ENZ_YOR317W_FWD,0.0,0.0,0.0,0.0,0.0,0.0
r_2204_ENZ_YMR246W_REV,0.0,0.0,0.0,0.0,0.0,0.0
r_2204_ENZ_YMR246W_FWD,0.0,0.0,0.0,0.0,0.0,0.0
r_2204_ENZ_YOR317W_REV,0.0,0.0,0.0,0.0,0.0,0.0
r_2204_ENZ_YOR317W_FWD,0.0,0.0,0.0,0.0,0.0,0.0
r_2205_ENZ_YMR246W_REV,0.0,0.0,0.0,0.0,0.0,0.0
r_2205_ENZ_YMR246W_FWD,0.0,0.0,0.0,0.0,0.0,0.0
r_2205_ENZ_YOR317W_REV,0.0,0.0,0.0,0.0,0.0,0.0
r_2205_ENZ_YOR317W_FWD,0.0,0.0,0.0,0.0,0.0,0.0
r_2206_ENZ_YER015W_REV,0.0,0.0,0.0,0.0,0.0,0.0
r_2206_ENZ_YER015W_FWD,0.0,0.0,0.0,0.0,0.0,0.0
r_2207_ENZ_YER015W_REV,0.0,0.0,0.0,0.0,0.0,0.0
r_2207_ENZ_YER015W_FWD,0.0,0.0,0.0,0.0,0.0,0.0
r_2208_ENZ_YER015W_REV,0.0,0.0,0.0,0.0,0.0,0.0
r_2208_ENZ_YER015W_FWD,0.0,0.0,0.0,0.0,0.0,0.0
r_2209_ENZ_YIL009W_REV,0.0,0.0,0.0,0.0,0.0,0.0
r_2209_ENZ_YIL009W_FWD,0.0,0.0,0.0,0.0,0.0,0.0
r_2210_ENZ_YIL009W_REV,0.0,0.0,0.0,0.0,0.0,0.0
r_2210_ENZ_YIL009W_FWD,0.0,0.0,0.0,0.0,0.0,0.0
r_2211_ENZ_YIL009W_REV,0.0,0.0,0.0,0.0,0.0,0.0
r_2211_ENZ_YIL009W_FWD,0.0,0.0,0.0,0.0,0.0,0.0
r_2212_ENZ_YIL009W_REV,0.0,0.0,0.0,0.0,0.0,0.0
r_2212_ENZ_YIL009W_FWD,0.0,0.0,0.0,0.0,0.0,0.0
r_2213_ENZ_YBR041W_REV,0.0,0.0,0.0,0.0,0.0,0.0
r_2213_ENZ_YBR041W_FWD,0.0,0.0,0.0,0.0,0.0,0.0
r_2214_ENZ_YBR041W_REV,0.0,0.0,0.0,0.0,0.0,0.0
r_2214_ENZ_YBR041W_FWD,0.0,0.0,0.0,0.0,0.0,0.0
r_2215_ENZ_YBR041W_REV,0.0,0.0,0.0,0.0,0.0,0.0
r_2215_ENZ_YBR041W_FWD,0.0,0.0,0.0,0.0,0.0,0.0
r_2216_ENZ_YBR041W_REV,0.0,0.0,0.0,0.0,0.0,0.0
r_2216_ENZ_YBR041W_FWD,0.0,0.0,0.0,0.0,0.0,0.0
r_2217_ENZ_YBR041W_REV,0.0,0.0,0.0,0.0,0.0,0.0
r_2217_ENZ_YBR041W_FWD,0.0,0.0,0.0,0.0,0.0,0.0
r_2218_ENZ_YBR041W_REV,0.0,0.0,0.0,0.0,0.0,0.0
r_2218_ENZ_YBR041W_FWD,0.0,0.0,0.0,0.0,0.0,0.0
r_2219_ENZ_YKL188C_and_YPL147W,0.0,0.0,0.0,0.0,0.0,0.0
r_2220_ENZ_YKL188C_and_YPL147W,0.0,0.0,0.0,0.0,0.0,0.0
r_2221_ENZ_YKL188C_and_YPL147W,0.0,0.0,0.0,0.0,0.0,0.0
r_2222_ENZ_YKL188C_and_YPL147W,0.0,0.0,0.0,0.0,0.0,0.0
r_2223_ENZ_YKL188C_and_YPL147W,0.0,0.0,0.0,0.0,0.0,0.0
r_2224_ENZ_YKL188C_and_YPL147W,0.0,0.0,0.0,0.0,0.0,0.0
r_2225_ENZ_YKL188C_and_YPL147W,0.0,0.0,0.0,0.0,0.0,0.0
r_2226_ENZ_YKL188C_and_YPL147W,0.0,0.0,0.0,0.0,0.0,0.0
r_2227_ENZ_YKL188C_and_YPL147W,0.0,0.0,0.0,0.0,0.0,0.0
r_2228_ENZ_YKL188C_and_YPL147W,0.0,0.0,0.0,0.0,0.0,0.0
r_2229_REV,0.0,0.0,0.0,0.0,0.0,0.0
r_2229_FWD,0.0,0.0,0.0,0.0,0.0,0.0
r_2230_REV,0.0,0.0,0.0,0.0,0.0,0.0
r_2230_FWD,0.0,0.0,0.0,0.0,0.0,0.0
r_2231_ENZ_YKL188C_and_YPL147W_REV,0.0,0.0,0.0,0.0,0.0,0.0
r_2231_ENZ_YKL188C_and_YPL147W_FWD,0.0,0.0,0.0,0.0,0.0,0.0
r_2232_ENZ_YJR019C,0.0,0.0,0.0,0.0,0.0,0.0
r_2233_ENZ_YJR019C,0.0,0.0,0.0,0.0,0.0,0.0
r_2234_ENZ_YJR019C,0.0,0.0,0.0,0.0,0.0,0.0
r_2235_ENZ_YJR019C,0.0,0.0,0.0,0.0,0.0,0.0
r_2236_ENZ_YGL205W,0.0,0.0,0.0,0.0,0.0,0.0
r_2237_ENZ_YGL205W,0.0,0.0,0.0,0.0,0.0,0.0
r_2238_ENZ_YGL205W,0.0,0.0,0.0,0.0,0.0,0.0
r_2239_ENZ_YGL205W,0.0,0.0,0.0,0.0,0.0,0.0
r_2240_ENZ_YGL205W,0.0,0.0,0.0,0.0,0.0,0.0
r_2241_ENZ_YGL205W,0.0,0.0,0.0,0.0,0.0,0.0
r_2242_ENZ_YGL205W,0.0,0.0,0.0,0.0,0.0,0.0
r_2243_ENZ_YGL205W,0.0,0.0,0.0,0.0,0.0,0.0
r_2244_ENZ_YGL205W,0.0,0.0,0.0,0.0,0.0,0.0
r_2245_ENZ_YGL205W,0.0,0.0,0.0,0.0,0.0,0.0
r_2246_ENZ_YGL205W,0.0,0.0,0.0,0.0,0.0,0.0
r_2247_ENZ_YGL205W,0.0,0.0,0.0,0.0,0.0,0.0
r_2248_ENZ_YKR009C,0.0,0.0,0.0,0.0,0.0,0.0
r_2249_ENZ_YKR009C,0.0,0.0,0.0,0.0,0.0,0.0
r_2250_ENZ_YKR009C,0.0,0.0,0.0,0.0,0.0,0.0
r_2251_ENZ_YKR009C,0.0,0.0,0.0,0.0,0.0,0.0
r_2252_ENZ_YKR009C,0.0,0.0,0.0,0.0,0.0,0.0
r_2253_ENZ_YKR009C,0.0,0.0,0.0,0.0,0.0,0.0
r_2254_ENZ_YKR009C,0.0,0.0,0.0,0.0,0.0,0.0
r_2255_ENZ_YKR009C,0.0,0.0,0.0,0.0,0.0,0.0
r_2256_ENZ_YKR009C,0.0,0.0,0.0,0.0,0.0,0.0
r_2257_ENZ_YKR009C,0.0,0.0,0.0,0.0,0.0,0.0
r_2258_ENZ_YKR009C,0.0,0.0,0.0,0.0,0.0,0.0
r_2259_ENZ_YKR009C,0.0,0.0,0.0,0.0,0.0,0.0
r_2260_ENZ_YKR009C,0.0,0.0,0.0,0.0,0.0,0.0
r_2261_ENZ_YKR009C,0.0,0.0,0.0,0.0,0.0,0.0
r_2262_ENZ_YKR009C,0.0,0.0,0.0,0.0,0.0,0.0
r_2263_ENZ_YKR009C,0.0,0.0,0.0,0.0,0.0,0.0
r_2264_ENZ_YKR009C,0.0,0.0,0.0,0.0,0.0,0.0
r_2265_ENZ_YKR009C,0.0,0.0,0.0,0.0,0.0,0.0
r_2266_ENZ_YKR009C,0.0,0.0,0.0,0.0,0.0,0.0
r_2267_ENZ_YKR009C,0.0,0.0,0.0,0.0,0.0,0.0
r_2268_ENZ_YKR009C,0.0,0.0,0.0,0.0,0.0,0.0
r_2269_ENZ_YKR009C,0.0,0.0,0.0,0.0,0.0,0.0
r_2270_ENZ_YKR009C,0.0,0.0,0.0,0.0,0.0,0.0
r_2271_ENZ_YKR009C,0.0,0.0,0.0,0.0,0.0,0.0
r_2272_ENZ_YKR009C,0.0,0.0,0.0,0.0,0.0,0.0
r_2273_ENZ_YKR009C,0.0,0.0,0.0,0.0,0.0,0.0
r_2274_ENZ_YKR009C,0.0,0.0,0.0,0.0,0.0,0.0
r_2275_ENZ_YKR009C,0.0,0.0,0.0,0.0,0.0,0.0
r_2276_ENZ_YKR009C,0.0,0.0,0.0,0.0,0.0,0.0
r_2277_ENZ_YKR009C,0.0,0.0,0.0,0.0,0.0,0.0
r_2278_ENZ_YKR009C,0.0,0.0,0.0,0.0,0.0,0.0
r_2279_ENZ_YKR009C,0.0,0.0,0.0,0.0,0.0,0.0
r_2280_ENZ_YKR009C,0.0,0.0,0.0,0.0,0.0,0.0
r_2281_ENZ_YKR009C,0.0,0.0,0.0,0.0,0.0,0.0
r_2282_ENZ_YKR009C,0.0,0.0,0.0,0.0,0.0,0.0
r_2283_ENZ_YIL160C,0.0,0.0,0.0,0.0,0.0,0.0
r_2284_ENZ_YIL160C,0.0,0.0,0.0,0.0,0.0,0.0
r_2285_ENZ_YIL160C,0.0,0.0,0.0,0.0,0.0,0.0
r_2286_ENZ_YIL160C,0.0,0.0,0.0,0.0,0.0,0.0
r_2287_ENZ_YIL160C,0.0,0.0,0.0,0.0,0.0,0.0
r_2288_ENZ_YIL160C,0.0,0.0,0.0,0.0,0.0,0.0
r_2289_ENZ_YIL160C,0.0,0.0,0.0,0.0,0.0,0.0
r_2290_ENZ_YIL160C,0.0,0.0,0.0,0.0,0.0,0.0
r_2291_ENZ_YIL160C,0.0,0.0,0.0,0.0,0.0,0.0
r_2292_ENZ_YIL160C,0.0,0.0,0.0,0.0,0.0,0.0
r_2293_ENZ_YIL160C,0.0,0.0,0.0,0.0,0.0,0.0
r_2294_ENZ_YIL160C,0.0,0.0,0.0,0.0,0.0,0.0
r_2295_ENZ_YLR284C,0.0,0.0,0.0,0.0,0.0,0.0
r_2296_ENZ_YLR284C,0.0,0.0,0.0,0.0,0.0,0.0
r_2297_ENZ_YLR284C,0.0,0.0,0.0,0.0,0.0,0.0
r_2298_ENZ_YLR284C,0.0,0.0,0.0,0.0,0.0,0.0
r_2299_ENZ_YLR284C,0.0,0.0,0.0,0.0,0.0,0.0
r_2300_ENZ_YLR284C,0.0,0.0,0.0,0.0,0.0,0.0
r_2301_ENZ_YOR180C,0.0,0.0,0.0,0.0,0.0,0.0
r_2302_ENZ_YOR180C,0.0,0.0,0.0,0.0,0.0,0.0
r_2303_ENZ_YNL202W,0.0,0.0,0.0,0.0,0.0,0.0
r_2304_ENZ_YNL202W,0.0,0.0,0.0,0.0,0.0,0.0
r_2305_ENZ_YLR304C_REV,0.0,0.0,0.0,0.0,0.0,0.0
r_2305_ENZ_YLR304C_FWD,0.0,0.0,0.1013429832829672,0.0,0.065758694829283,0.0
r_2308_ENZ_YBL011W,0.0,0.0084134312971986,0.0,0.0,0.0,0.0088164348659688
r_2308_ENZ_YKR067W,0.0036937365139469,0.0,0.0095609826850745,0.0153011865057925,0.0052675246680014,0.0
r_2309_ENZ_YBL011W,0.0,0.0,0.0,0.0,0.0,0.0
r_2309_ENZ_YKR067W,0.0,0.0,0.0,0.0,0.0,0.0
r_2310_ENZ_YKR067W,0.0017106507805533,0.0010200951309614,0.0024155108580202,0.0049130975951505,0.0014898724931586,0.002227406413048
r_2311_ENZ_YKR067W,0.0,0.0,0.0,0.0,0.0,0.0
r_2312_ENZ_YBL011W,0.0,0.0,0.0,0.0,0.0,0.0
r_2312_ENZ_YKR067W,0.0,0.0,0.0,0.0,0.0,0.0
r_2313_ENZ_YBL011W,0.0095164206362243,0.009887309587883,0.0090820703955313,0.02262360086795,0.0036312593458003,0.0
r_2313_ENZ_YKR067W,0.0,0.0,0.0,0.0,0.0,0.0083695662445757
r_2314_ENZ_YKR067W,0.0,0.0,0.0,0.0,0.0,0.0
r_2315_ENZ_YKR067W,0.0,0.0,0.0,0.0,0.0,5.550696070890591e-19
r_2316_ENZ_YKR067W,0.0,0.0,0.0,0.0,0.0,0.0
r_2317_ENZ_YKR067W,0.0,0.0,0.0,0.0,0.0,0.0
r_2318_ENZ_YKR067W,0.0,0.0005400687438988,0.0,0.0,0.000201490641913,0.0
r_2319_ENZ_YKR067W,0.0,0.0,0.0,0.0,0.0,0.0
r_2320_ENZ_YKR067W,0.0,0.0,0.0,0.0,0.0,0.0
r_2321_ENZ_YKR067W,0.0,0.0075501924619277,0.0,0.0,0.0041570501167261,0.0
r_2322_ENZ_YKR067W,0.0,0.0,0.0,0.0,0.0,0.0
r_2323_ENZ_YKR067W,0.0,0.0,0.0,0.0,0.0,0.0
r_2324_ENZ_YIL124W,0.0,0.0,0.0,0.0,0.0,0.0
r_2325_ENZ_YIL124W,0.0095164206362243,0.009887309587883,0.0090820703955313,0.02262360086795,0.0036312593458003,0.0083695662445757
r_2326_ENZ_YIL124W,0.0,0.0,0.0,0.0,0.0,0.0
r_2327_ENZ_YIL124W,0.0,0.0,0.0,0.0,0.0,5.550696070890591e-19
r_2328_ENZ_YIL124W,0.0,0.0,0.0,0.0,0.0,0.0
r_2329_ENZ_YIL124W,0.0,0.0075501924619277,0.0,0.0,0.0041570501167261,0.0
r_2330_ENZ_YIL124W,0.0,0.0,0.0,0.0,0.0,0.0
r_2331_ENZ_YIL124W,0.0,0.0,0.0,0.0,0.0,0.0
r_2332_ENZ_YOR175C,0.0036937365139469,0.0084134312971986,0.0095609826850745,0.0153011865057925,0.0052675246680014,0.0088164348659688
r_2333_ENZ_YDL052C,0.0,0.0,0.0,0.0,0.0,0.0
r_2333_ENZ_YOR175C,0.0,0.0,0.0,0.0,0.0,0.0
r_2334_ENZ_YOR175C,0.0018329784252323,0.009887309587883,0.0028574446429009,0.0105481378831537,0.0036312593458003,0.0023926913800414
r_2335_ENZ_YDL052C,0.007683442210992,0.0,0.0,0.0120754629847963,0.0,0.0
r_2335_ENZ_YOR175C,0.0,0.0,0.0062246257526304,0.0,0.0,0.0059768748645342
r_2336_ENZ_YOR175C,0.0017106507805533,0.0010200951309614,0.0024155108580202,0.0043278044858818,0.0014898724931586,0.002227406413048
r_2337_ENZ_YDL052C,0.0,0.0,0.0,0.0005852931092687,0.0,0.0
r_2337_ENZ_YOR175C,0.0,0.0,0.0,0.0,0.0,0.0
r_2338_ENZ_YOR175C,0.0,0.0,0.0,0.0,0.0,0.0
r_2339_ENZ_YDL052C,0.0,0.0,0.0,0.0,0.0,0.0
r_2339_ENZ_YOR175C,0.0,0.0,0.0,0.0,0.0,5.550696070890591e-19
r_2340_ENZ_YDL052C,0.0,0.0,0.0,0.0,0.0,0.0
r_2340_ENZ_YKR089C,0.0,0.0,0.0,0.0,0.0,0.0
r_2340_ENZ_YOR081C,0.0,0.0,0.0,0.0,0.0,0.0
r_2341_ENZ_YDL052C,0.0,0.0,0.0,0.0,0.0041570501167261,0.0
r_2341_ENZ_YKR089C,0.0,0.0,0.0,0.0,0.0,0.0
r_2341_ENZ_YOR081C,0.0,0.0075501924619277,0.0,0.0,0.0,0.0
r_2342_ENZ_YDL052C,0.0,0.0,0.0,0.0,0.000201490641913,0.0
r_2342_ENZ_YKR089C,0.0,0.0,0.0,0.0,0.0,0.0
r_2342_ENZ_YOR081C,0.0,0.0005400687438988,0.0,0.0,0.0,0.0
r_2343_ENZ_YDL052C,0.0,0.0,0.0,0.0,0.0,0.0
r_2343_ENZ_YKR089C,0.0,0.0,0.0,0.0,0.0,0.0
r_2343_ENZ_YOR081C,0.0,0.0,0.0,0.0,0.0,0.0
r_2344_ENZ_YMR165C,0.0,0.0,0.0,0.0,0.0,0.0
r_2345_ENZ_YMR165C,0.0,0.0,0.0,0.0,0.0,0.0
r_2346_ENZ_YMR165C,0.0018329784252323,0.0033088322545063,0.0025947541385016,0.0,0.0018132804850506,0.0
r_2347_ENZ_YMR165C,0.0,0.0,0.0,0.0,0.0,0.0
r_2348_ENZ_YMR165C,0.0,0.0,0.0,0.0,0.0,0.0
r_2349_ENZ_YMR165C,0.0,0.0,0.0,0.0,0.0,0.0
r_2350_ENZ_YMR165C,0.0,0.0,0.0,0.0,0.0,0.0
r_2351_ENZ_YMR165C,0.0,0.0,0.0,0.0,0.0,0.0
r_2352_ENZ_YDR284C,0.0,0.0,0.0,0.0,0.0,0.0
r_2353_ENZ_YDR284C,0.0,0.0,0.0,0.0,0.0,0.0
r_2354_ENZ_YDR284C,0.0,0.0,0.0,0.0,0.0,0.0
r_2355_ENZ_YDR284C,0.0,0.0,0.0,0.0,0.0,0.0
r_2356_ENZ_YDR284C,0.0,0.0,0.0,0.0,0.0,0.0
r_2357_ENZ_YDR284C,0.0,0.0,0.0,0.0,0.0,0.0
r_2358_ENZ_YDR284C,0.0,0.0,0.0,0.0,0.0,0.0
r_2359_ENZ_YDR284C,0.0,0.0,0.0,0.0,0.0,0.0
r_2360_ENZ_YDR503C,0.0,0.0,0.0,0.0,0.0,0.0
r_2361_ENZ_YDR503C,0.0,0.0,0.0,0.0,0.0,0.0
r_2362_ENZ_YDR503C,0.0,0.0,0.0,0.0052672449846542,0.0,0.0023926913800414
r_2363_ENZ_YDR503C,0.0,0.0,0.0,0.0,0.0,0.0
r_2364_ENZ_YDR503C,0.0,0.0,0.0,0.0,0.0,0.0
r_2365_ENZ_YDR503C,0.0,0.0,0.0,0.0,0.0,0.0
r_2366_ENZ_YDR503C,0.0,0.0,0.0,0.0,0.0,0.0
r_2367_ENZ_YDR503C,0.0,0.0,0.0,0.0,0.0,1.7148355722176902e-19
r_2368_ENZ_YCR048W,0.0,0.0,0.0,0.0,0.0,0.0
r_2368_ENZ_YNR019W,0.0,0.0,0.0,0.0,0.0,0.0
r_2368_ENZ_YOR245C,0.0,0.0,0.0,0.0,0.0,0.0
r_2369_ENZ_YCR048W,0.0,0.0,0.0,0.0,0.0,0.0
r_2369_ENZ_YNR019W,0.0,0.0,0.0,0.0,0.0,0.0
r_2369_ENZ_YOR245C,0.0,0.0,0.0,0.0,0.0,0.0
r_2370_ENZ_YCR048W,0.0009164892126161,0.000576503998647,0.0,0.0,0.0014271641987038,0.0
r_2370_ENZ_YNR019W,0.0009164892126161,0.000576503998647,0.0,0.0020728242348261,0.0,0.0
r_2370_ENZ_YOR245C,0.0,0.000576503998647,0.0,0.0020728242348261,0.0,0.0
r_2371_ENZ_YCR048W,0.0,0.0,0.0,0.0,0.0,0.0
r_2371_ENZ_YNR019W,0.0,0.0,0.0,0.0,0.0,0.0
r_2371_ENZ_YOR245C,0.0,0.0,0.0,0.0,0.0,0.0
r_2372_ENZ_YCR048W,0.0,0.0,0.0,0.0,0.0,0.0
r_2372_ENZ_YNR019W,0.0,0.0,0.0,0.0,0.0,0.0
r_2372_ENZ_YOR245C,0.0,0.0,0.0,0.0,0.0,0.0
r_2373_ENZ_YCR048W,0.0,0.0,0.0,0.0,0.0,0.0
r_2373_ENZ_YNR019W,0.0,0.0,0.0,0.0,0.0,0.0
r_2373_ENZ_YOR245C,0.0,0.0,0.0,0.0,0.0,0.0
r_2374_ENZ_YCR048W,0.0,0.0,0.0,0.0,0.0,0.0
r_2374_ENZ_YNR019W,0.0,0.0,0.0,0.0,0.0,0.0
r_2374_ENZ_YOR245C,0.0,0.0,0.0,0.0,0.0,0.0
r_2375_ENZ_YCR048W,0.0,0.0,0.0,0.0,0.0,0.0
r_2375_ENZ_YNR019W,0.0,0.0,0.0,0.0,0.0,0.0
r_2375_ENZ_YOR245C,0.0,0.0,0.0,0.0,0.0,0.0
r_2376_ENZ_YCR048W,0.0,0.0,0.0,0.0,0.0,0.0
r_2376_ENZ_YNR019W,0.0,0.0,0.0,0.0,0.0,0.0
r_2376_ENZ_YOR245C,0.0,0.0,0.0,0.0,0.0,0.0
r_2377_ENZ_YCR048W,0.0,0.0,0.0,0.0,0.0,0.0
r_2377_ENZ_YNR019W,0.0,0.0,0.0,0.0,0.0,0.0
r_2377_ENZ_YOR245C,0.0,0.0,0.0,0.0,0.0,0.0
r_2378_ENZ_YCR048W,0.0,0.0,0.0,0.0,0.0,0.0
r_2378_ENZ_YNR019W,0.0,0.0,0.0,0.0,0.0,0.0
r_2378_ENZ_YOR245C,0.0,0.0,0.0,0.0,0.0,0.0
r_2379_ENZ_YCR048W,0.0,0.0,0.00043721821688,0.0005607982575009,0.0003861162863468,0.0
r_2379_ENZ_YNR019W,0.0,0.0,0.00043721821688,0.0,0.0,0.0
r_2379_ENZ_YOR245C,0.0,0.0,0.00043721821688,0.0005607982575009,0.0,0.0
r_2380_ENZ_YCR048W,0.0,0.0,0.0,0.0,0.0,0.0
r_2380_ENZ_YNR019W,0.0,0.0,0.0,0.0,0.0,0.0
r_2380_ENZ_YOR245C,0.0,0.0,0.0,0.0,0.0,0.0
r_2381_ENZ_YCR048W,0.0005561492168328,0.0,0.0,0.0,0.0,0.0
r_2381_ENZ_YNR019W,0.0005561492168328,0.0,0.0,0.0,0.0,0.0
r_2381_ENZ_YOR245C,0.0,0.0,0.0,0.0,0.0,0.0
r_2382_ENZ_YCR048W,0.0,0.0,0.0010180352219841,0.0,0.0,0.0023926913800414
r_2382_ENZ_YNR019W,0.0,0.0,0.0010180352219841,0.0,0.0,0.0
r_2382_ENZ_YOR245C,0.0,0.0,0.0010180352219841,0.0,0.0,0.0
r_2383_ENZ_YCR048W,0.001081449959955,0.0,0.0,0.0,0.0,0.0
r_2383_ENZ_YNR019W,0.001081449959955,0.0,0.0,0.0,0.0,0.0
r_2383_ENZ_YOR245C,0.0,0.0,0.0,0.0,0.0,0.0
r_2384_ENZ_YCR048W,0.0,0.0,0.0,0.0,0.0,0.0
r_2384_ENZ_YNR019W,0.0,0.0,0.0,0.0,0.0,0.0
r_2384_ENZ_YOR245C,0.0,0.0,0.0,0.0,0.0,0.0
r_2385_ENZ_YCR048W,0.0,0.0,0.0,0.0,0.0,0.0
r_2385_ENZ_YNR019W,0.0,0.0,0.0,0.0,0.0,0.0
r_2385_ENZ_YOR245C,0.0,0.0,0.0,0.0,0.0,0.0
r_2386_ENZ_YCR048W,0.0,0.0007896601292825,0.0,0.0,0.0,0.0
r_2386_ENZ_YNR019W,0.0,0.0,0.0,0.0,0.0,0.0
r_2386_ENZ_YOR245C,0.0,0.0007896601292825,0.0,0.0,0.0,0.0
r_2387_ENZ_YCR048W,0.0,0.0,0.0,0.0,0.0,0.0
r_2387_ENZ_YNR019W,0.0,0.0,0.0,0.0,0.0,0.0
r_2387_ENZ_YOR245C,0.0,0.0,0.0,0.0,0.0,0.0
r_2388_ENZ_YCR048W,0.0,0.0,0.0,0.0,0.0,0.0
r_2388_ENZ_YNR019W,0.0,0.0,0.0,0.0,0.0,0.0
r_2388_ENZ_YOR245C,0.0,0.0,0.0,0.0,0.0,0.0
r_2389_ENZ_YCR048W,0.0,0.0,0.0,0.0,0.0,0.0
r_2389_ENZ_YNR019W,0.0,0.0,0.0,0.0,0.0,0.0
r_2389_ENZ_YOR245C,0.0,0.0,0.0,0.0,0.0,0.0
r_2390_ENZ_YCR048W,0.0,0.0,0.0,0.0,0.0,-2.0205764631184e-19
r_2390_ENZ_YNR019W,0.0,0.0,0.0,0.0,0.0,0.0
r_2390_ENZ_YOR245C,0.0,0.0,0.0,0.0,0.0,0.0
r_2391_ENZ_YCR048W,0.0,0.0,0.0,0.0,0.0,0.0
r_2391_ENZ_YNR019W,0.0,0.0,0.0,0.0,0.0,0.0
r_2391_ENZ_YOR245C,0.0,0.0,0.0,0.0,0.0,0.0
r_2392_ENZ_YCR048W,0.0,0.0,0.0,0.0,0.0,0.0
r_2392_ENZ_YNR019W,0.0,0.0,0.0,0.0,0.0,0.0
r_2392_ENZ_YOR245C,0.0,0.0,0.0,0.0,0.0,0.0
r_2393_ENZ_YCR048W,0.0,0.0,0.0,0.0,0.0,0.0
r_2393_ENZ_YNR019W,0.0,0.0,0.0,0.0,0.0,0.0
r_2393_ENZ_YOR245C,0.0,0.0,0.0,0.0,0.0,0.0
r_2394_ENZ_YCR048W,0.0,0.0,0.0,0.0,0.0,0.0
r_2394_ENZ_YNR019W,0.0,0.0,0.0,0.0,0.0,0.0
r_2394_ENZ_YOR245C,0.0,0.0,0.0,0.0,0.0,0.0
r_2395_ENZ_YCR048W,0.0,0.0,0.0,0.0,0.0,0.0
r_2395_ENZ_YNR019W,0.0,0.0,0.0,0.0,0.0,0.0
r_2395_ENZ_YOR245C,0.0,0.0,0.0,0.0,0.0,0.0
r_2396_ENZ_YCR048W,0.0,0.0,0.0,0.0,0.0,0.0
r_2396_ENZ_YNR019W,0.0,0.0,0.0,0.0,0.0,0.0
r_2396_ENZ_YOR245C,0.0,0.0,0.0,0.0,0.0,0.0
r_2397_ENZ_YCR048W,0.0,0.0,0.0,0.0,0.0,0.0
r_2397_ENZ_YNR019W,0.0,0.0,0.0,0.0,0.0,0.0
r_2397_ENZ_YOR245C,0.0,0.0,0.0,0.0,0.0,0.0
r_2398_ENZ_YCR048W,0.0,0.0,0.0,0.0,0.0,0.0
r_2398_ENZ_YNR019W,0.0,0.0,0.0,0.0,0.0,0.0
r_2398_ENZ_YOR245C,0.0,0.0,0.0,0.0,0.0,0.0
r_2399_ENZ_YCR048W,0.0,0.0,0.0,0.0,0.0,0.0
r_2399_ENZ_YNR019W,0.0,0.0,0.0,0.0,0.0,0.0
r_2399_ENZ_YOR245C,0.0,0.0,0.0,0.0,0.0,0.0
r_2400_ENZ_YOR245C,0.0,0.0,0.0,0.0,0.0,0.0
r_2401_ENZ_YOR245C,0.0,0.0,0.0,0.0,0.0,0.0
r_2402_ENZ_YOR245C,0.0,0.0,0.0,0.0,0.0,0.0
r_2403_ENZ_YOR245C,0.0,0.0,0.0,0.0,0.0,0.0
r_2404_ENZ_YOR245C,0.0,0.0,0.0,0.0,0.0,0.0
r_2405_ENZ_YOR245C,0.0,0.0,0.0,0.0,0.0,0.0
r_2406_ENZ_YOR245C,0.0,0.0,0.0,0.0,0.0,0.0
r_2407_ENZ_YOR245C,0.0,0.0,0.0,0.0,0.0,0.0
r_2408_ENZ_YOR245C,0.0,0.0,0.0,0.0,0.0,0.0
r_2409_ENZ_YOR245C,0.0,0.0,0.0,0.0,0.0,0.0
r_2410_ENZ_YOR245C,0.0,0.0,0.0,0.0,0.0,0.0
r_2411_ENZ_YOR245C,0.0,0.0,0.0,0.0,0.0,0.0
r_2412_ENZ_YOR245C,0.0,0.0,0.0,0.0,0.0,0.0
r_2413_ENZ_YOR245C,0.0,0.0,0.0,0.0,0.0,0.0
r_2414_ENZ_YOR245C,0.0,0.0,0.0,0.0,0.0,-2.0205764631184e-19
r_2415_ENZ_YOR245C,0.0,0.0,0.0,0.0,0.0,0.0
r_2416_ENZ_YOR245C,0.0,0.0,0.0,0.0,0.0,0.0
r_2417_ENZ_YOR245C,0.0,0.0,0.0,0.0,0.0,0.0
r_2418_ENZ_YOR245C,0.0,0.0,0.0,0.0,0.0,0.0
r_2419_ENZ_YOR245C,0.0,0.0,0.0,0.0,0.0,0.0
r_2420_ENZ_YOR245C,0.0,0.0,0.0,0.0,0.0,0.0
r_2421_ENZ_YOR245C,0.0,0.0,0.0,0.0,0.0,0.0
r_2422_ENZ_YOR245C,0.0,0.0,0.0,0.0,0.0,2.0205764631184e-19
r_2423_ENZ_YOR245C,0.0,0.0,0.0,0.0,0.0,0.0
r_2424_ENZ_YOR245C,0.0,0.0,0.0,0.0,0.0,0.0
r_2425_ENZ_YOR245C,0.0,0.0,0.0,0.0,0.0,0.0
r_2426_ENZ_YOR245C,0.0,0.0,0.0,0.0,0.0,0.0
r_2427_ENZ_YOR245C,0.0,0.0,0.0,0.0,0.0,0.0
r_2428_ENZ_YOR245C,0.0,0.0,0.0,0.0,0.0,0.0
r_2429_ENZ_YOR245C,0.0,0.0,0.0,0.0,0.0,0.0
r_2430_ENZ_YOR245C,0.0,0.0,0.0,0.0,0.0,0.0
r_2431_ENZ_YOR245C,0.0,0.0,0.0,0.0,0.0,0.0
r_2432_ENZ_YBR029C_REV,0.0,0.0,0.0,0.0,0.0,0.0
r_2432_ENZ_YBR029C_FWD,0.0036937365139469,0.0084134312971986,0.0095609826850745,0.0153011865057925,0.0052675246680014,0.0088164348659688
r_2433_ENZ_YBR029C_REV,0.0,0.0,0.0,0.0,0.0,0.0
r_2433_ENZ_YBR029C_FWD,0.0,0.0065784773333767,0.0002626905043992,0.0052808928984994,0.0018179788607497,0.0
r_2434_ENZ_YBR029C_REV,0.0,0.0,0.0,0.0,0.0,0.0
r_2434_ENZ_YBR029C_FWD,0.0017106507805533,0.0010200951309614,0.0024155108580202,0.0043278044858818,0.0014898724931586,0.002227406413048
r_2435_ENZ_YBR029C_REV,0.0,0.0,0.0,0.0,0.0,0.0
r_2435_ENZ_YBR029C_FWD,0.0,0.0,0.0,0.0,0.0,0.0
r_2436_ENZ_YBR029C_REV,0.0,0.0,0.0,0.0,0.0,-3.8358604986729e-19
r_2436_ENZ_YBR029C_FWD,0.0,0.0,0.0,0.0,0.0,0.0
r_2437_ENZ_YBR029C_REV,0.0,0.0,0.0,0.0,0.0,0.0
r_2437_ENZ_YBR029C_FWD,0.007683442210992,0.0075501924619277,0.0062246257526304,0.0120754629847963,0.0041570501167261,0.0059768748645342
r_2438_ENZ_YBR029C_REV,0.0,0.0,0.0,0.0,0.0,0.0
r_2438_ENZ_YBR029C_FWD,0.0,0.0005400687438988,0.0,0.0005852931092687,0.000201490641913,0.0
r_2439_ENZ_YBR029C_REV,0.0,0.0,0.0,0.0,0.0,0.0
r_2439_ENZ_YBR029C_FWD,0.0,0.0,0.0,0.0,0.0,0.0
r_2440_ENZ_YBR029C_REV,0.0,0.0,0.0,0.0,0.0,0.0
r_2440_ENZ_YBR029C_FWD,0.0,0.0,0.0,0.0,0.0,0.0
r_2441_ENZ_YBR029C_REV,0.0,0.0,0.0,0.0,0.0,0.0
r_2441_ENZ_YBR029C_FWD,0.0,0.0,0.0,0.0,0.0,0.0
r_2442_ENZ_YBR029C_REV,0.0,0.0,0.0,0.0,0.0,0.0
r_2442_ENZ_YBR029C_FWD,0.0,0.0,0.0,0.0,0.0,0.0
r_2443_ENZ_YBR029C_REV,0.0,0.0,0.0,0.0,0.0,0.0
r_2443_ENZ_YBR029C_FWD,0.0,0.0,0.0,0.0,0.0,0.0
r_2444_ENZ_YBR029C_REV,0.0,0.0,0.0,0.0,0.0,0.0
r_2444_ENZ_YBR029C_FWD,0.0,0.0,0.0,0.0,0.0,0.0
r_2445_ENZ_YBR029C_REV,0.0,0.0,0.0,0.0,0.0,0.0
r_2445_ENZ_YBR029C_FWD,0.0,0.0,0.0,0.0,0.0,0.0
r_2446_ENZ_YER026C,0.0018596077007543,0.0084134312971986,0.0072331516017058,0.0153011865057925,0.0052675246680014,0.0064282500141548
r_2447_ENZ_YER026C,0.0,0.0032039708954174,0.0,0.0,0.0,0.0
r_2448_ENZ_YER026C,0.0017106507805533,0.0010200951309614,0.0024155108580202,0.0043278044858818,0.0014898724931586,0.002227406413048
r_2449_ENZ_YER026C,0.0,0.0,0.0,0.0,0.0,0.0
r_2450_ENZ_YER026C,0.0,0.0,0.0,0.0,0.0,0.0
r_2451_ENZ_YER026C,0.007683442210992,0.0075501924619277,0.0062246257526304,0.0120754629847963,0.0041570501167261,0.0059768748645342
r_2452_ENZ_YER026C,0.0,0.0005400687438988,0.0,0.0005852931092687,0.000201490641913,7.69506635725683e-19
r_2453_ENZ_YER026C,0.0,0.0,0.0,0.0,0.0,0.0
r_2454_ENZ_YPR113W,0.0018341288131925,0.0,0.0023278310833687,0.0,0.0,0.0023881848518139
r_2455_ENZ_YPR113W,0.0,0.0033745064379592,0.0002626905043992,0.0052808928984994,0.0018179788607497,0.0
r_2456_ENZ_YPR113W,0.0,0.0,0.0,0.0,0.0,0.0
r_2457_ENZ_YPR113W,0.0,0.0,0.0,0.0,0.0,0.0
r_2458_ENZ_YPR113W,0.0,0.0,0.0,0.0,0.0,3.8358604986729e-19
r_2459_ENZ_YPR113W,0.0,0.0,0.0,0.0,0.0,3.8358604986729e-19
r_2460_ENZ_YPR113W,0.0,0.0,0.0,0.0,0.0,-7.69506635725683e-19
r_2461_ENZ_YPR113W,0.0,0.0,0.0,0.0,0.0,0.0
r_2462_ENZ_YBR042C_REV,0.0,0.0,0.0,0.0,0.0,0.0
r_2462_ENZ_YBR042C_FWD,0.0,0.0,0.0,0.0,0.0,0.0
r_2463_ENZ_YBR042C_REV,0.0,0.0,0.0,0.0,0.0,0.0
r_2463_ENZ_YBR042C_FWD,0.0,0.0,0.0,0.0,0.0,0.0
r_2464_ENZ_YNL169C,0.0016152817163822,0.0,0.007111255255753,0.0147941653483086,0.0050929796120847,0.0061353625065885
r_2465_ENZ_YNL169C,0.0,0.0,0.0,0.0,0.0,0.0
r_2466_ENZ_YNL169C,0.0002690831344465,0.0010200951309614,0.0001650680118396,0.0,0.0,0.0003260527192948
r_2467_ENZ_YNL169C,0.0,0.0,0.0,0.0,0.0,0.0
r_2468_ENZ_YNL169C,0.0,0.0,0.0,0.0,0.0,0.0
r_2469_ENZ_YNL169C,0.007683442210992,0.0,0.0062246257526304,0.0,0.0,0.0059768748645342
r_2470_ENZ_YNL169C,0.0,0.0005400687438988,0.0,0.0005852931092687,0.0,7.69506635725683e-19
r_2471_ENZ_YNL169C,0.0,0.0,0.0,0.0,0.0,0.0
r_2472_ENZ_YGR170W,0.0,0.0,0.0,0.0,0.0,0.0
r_2473_ENZ_YGR170W,0.0,0.0,0.0,0.0,0.0,0.0
r_2474_ENZ_YGR170W,0.0,0.0,0.0,0.0,0.0,0.0
r_2475_ENZ_YGR170W,0.0,0.0,0.0,0.0,0.0,0.0
r_2476_ENZ_YGR170W,0.0,0.0,0.0,0.0,0.0,0.0
r_2477_ENZ_YGR170W,0.0,0.0,0.0,0.0,0.0,0.0
r_2478_ENZ_YGR170W,0.0,0.0,0.0,0.0,0.0,0.0
r_2479_ENZ_YGR170W,0.0,0.0,0.0,0.0,0.0,0.0
r_2480_ENZ_YGR170W,0.0,0.0084134312971986,0.0,0.0,0.0,0.0
r_2481_ENZ_YGR170W,0.0,0.0,0.0,0.0,0.0,0.0
r_2482_ENZ_YGR170W,0.0,0.0,0.0,0.0,0.0,0.0
r_2483_ENZ_YGR170W,0.0,0.0,0.0,0.0,0.0,0.0
r_2484_ENZ_YGR170W,0.0,0.0,0.0,0.0,0.0,0.0
r_2485_ENZ_YGR170W,0.0,0.0075501924619277,0.0,0.0120754629847963,0.0041570501167261,0.0
r_2486_ENZ_YGR170W,0.0,0.0,0.0,0.0,0.000201490641913,0.0
r_2487_ENZ_YGR170W,0.0,0.0,0.0,0.0,0.0,0.0
r_2488_ENZ_YGR157W,0.0016152817163822,0.0084134312971986,0.007111255255753,0.0085821795263841,0.0047068633257379,0.0033190909407284
r_2489_ENZ_YGR157W,0.0,0.0,0.0,0.0,0.0,0.0
r_2490_ENZ_YGR157W,0.0002690831344465,0.0,0.0001650680118396,0.0,0.0,0.0003260527192948
r_2491_ENZ_YGR157W,0.0,0.0,0.0,0.0,0.0,-3.8358604986729e-19
r_2492_ENZ_YGR157W,0.0,0.0,0.0,0.0062119858219245,0.0003861162863468,0.0028162715658601
r_2493_ENZ_YGR157W,0.0055205422910818,0.003580714846778,0.0031705200866779,0.0058634771628717,0.0020185369666593,0.0031606032986741
r_2494_ENZ_YGR157W,0.0,0.0015601638748602,0.0,0.0005852931092687,0.000201490641913,0.0
r_2495_ENZ_YGR157W,0.0,0.0,0.0,0.0,0.0,0.0
r_2496_ENZ_YJR073C,0.0016152817163822,0.0084134312971986,0.007111255255753,0.0085821795263841,0.0047068633257379,0.0033190909407284
r_2497_ENZ_YJR073C,0.0,0.0,0.0,0.0,0.0,0.0
r_2498_ENZ_YJR073C,0.0002690831344465,0.0,0.0001650680118396,0.0,0.0,0.0003260527192948
r_2499_ENZ_YJR073C,0.0,0.0,0.0,0.0,0.0,-3.8358604986729e-19
r_2500_ENZ_YJR073C,0.0,0.0,0.0,0.0062119858219245,0.0003861162863468,0.0028162715658601
r_2501_ENZ_YJR073C,0.0055205422910818,0.003580714846778,0.0031705200866779,0.0058634771628717,0.0020185369666593,0.0031606032986741
r_2502_ENZ_YJR073C,0.0,0.0015601638748602,0.0,0.0005852931092687,0.000201490641913,0.0
r_2503_ENZ_YJR073C,0.0,0.0,0.0,0.0,0.0,0.0
r_2504_ENZ_YJR073C,0.0016152817163822,0.0084134312971986,0.007111255255753,0.0085821795263841,0.0047068633257379,0.0033190909407284
r_2505_ENZ_YJR073C,0.0,0.0,0.0,0.0,0.0,0.0
r_2506_ENZ_YJR073C,0.0002690831344465,0.0,0.0001650680118396,0.0,0.0,0.0003260527192948
r_2507_ENZ_YJR073C,0.0,0.0,0.0,0.0,0.0,-3.8358604986729e-19
r_2508_ENZ_YJR073C,0.0,0.0,0.0,0.0062119858219245,0.0003861162863468,0.0028162715658601
r_2509_ENZ_YJR073C,0.0055205422910818,0.003580714846778,0.0031705200866779,0.0058634771628717,0.0020185369666593,0.0031606032986741
r_2510_ENZ_YJR073C,0.0,0.0015601638748602,0.0,0.0005852931092687,0.000201490641913,0.0
r_2511_ENZ_YJR073C,0.0,0.0,0.0,0.0,0.0,0.0
r_2512_ENZ_YOR311C,0.0,0.0,0.0,0.0,0.0,0.0
r_2513_ENZ_YOR311C,0.0,0.0,0.0,0.0,0.0,0.0
r_2514_ENZ_YOR311C,0.0,0.0,0.0,0.0,0.0,0.0
r_2515_ENZ_YOR311C,0.0,0.0,0.0,0.0,0.0,0.0
r_2516_ENZ_YOR311C,0.0,0.0,0.0,0.0,0.0,0.0
r_2517_ENZ_YOR311C,0.0,0.0,0.0,0.0,0.0,0.0
r_2518_ENZ_YOR311C,0.0,0.0,0.0,0.0,0.0,0.0
r_2519_ENZ_YOR311C,0.0,0.0,0.0,0.0,0.0,0.0
r_2520_ENZ_YHR123W,0.0,0.0,0.0,0.0,0.0,3.8358604986729104e-19
r_2521_ENZ_YHR123W,0.0,0.0,0.0,0.0,0.0,-1.6111498528137e-33
r_2522_ENZ_YHR123W,0.0,0.0,0.0,0.0,0.0,0.0
r_2523_ENZ_YHR123W,0.0,0.0,0.0,0.0,0.0,-3.8358604986729e-19
r_2524_ENZ_YHR123W,0.0,0.0,0.0,0.0,0.0,0.0
r_2525_ENZ_YHR123W,0.0,0.0,0.0,0.0,0.0,0.0
r_2526_ENZ_YHR123W,0.0,0.0,0.0,0.0,0.0,0.0
r_2527_ENZ_YHR123W,0.0,0.0,0.0,0.0,0.0,0.0
r_2528_ENZ_YHR123W,0.0,0.0,0.0,0.0,0.0,0.0
r_2528_ENZ_YNL130C,0.0,0.0,0.0,0.0,0.0,0.0
r_2529_ENZ_YHR123W,0.0,0.0,0.0,0.0,0.0,0.0
r_2529_ENZ_YNL130C,0.0,0.0,0.0,0.0,0.0,0.0
r_2530_ENZ_YHR123W,0.0,0.0,0.0,0.0,0.0,0.0
r_2530_ENZ_YNL130C,0.0,0.0,0.0,0.0,0.0,0.0
r_2531_ENZ_YHR123W,0.0,0.0,0.0,0.0,0.0,0.0
r_2531_ENZ_YNL130C,0.0,0.0,0.0,0.0,0.0,0.0
r_2532_ENZ_YHR123W,0.0,0.0,0.0,0.0,0.0,0.0
r_2532_ENZ_YNL130C,0.0,0.0,0.0,0.0,0.0,0.0
r_2533_ENZ_YHR123W,0.0,0.0,0.0,0.0,0.0,0.0
r_2533_ENZ_YNL130C,0.0,0.0,0.0,0.0,0.0,0.0
r_2534_ENZ_YHR123W,0.0,0.0,0.0,0.0,0.0,0.0
r_2534_ENZ_YNL130C,0.0,0.0,0.0,0.0,0.0,0.0
r_2535_ENZ_YHR123W,0.0,0.0,0.0,0.0,0.0,0.0
r_2535_ENZ_YNL130C,0.0,0.0,0.0,0.0,0.0,0.0
r_2536_ENZ_YCL004W,0.0,0.0,0.0,0.0,0.0,0.0
r_2537_ENZ_YCL004W,0.0,0.0,0.0,0.0,0.0,0.0
r_2538_ENZ_YCL004W,0.0,0.0,0.0,0.0,0.0,0.0
r_2539_ENZ_YCL004W,0.0,0.0,0.0,0.0,0.0,0.0
r_2540_ENZ_YCL004W,0.0,0.0,0.0,0.0,0.0,0.0
r_2541_ENZ_YCL004W,0.0,0.0,0.0,0.0,0.0,0.0
r_2542_ENZ_YHR100C,0.0,0.0,0.0,0.0,0.0,0.0
r_2543_ENZ_YHR100C,0.0,0.0,0.0,0.0,0.0,0.0
r_2544_ENZ_YHR100C,0.0,0.0,0.0,0.0,0.0,0.0
r_2545_ENZ_YHR100C,0.0,0.0,0.0,0.0,0.0,0.0
r_2546_ENZ_YHR100C,0.0,0.0,0.0,0.0,0.0,0.0
r_2547_ENZ_YHR100C,0.0,0.0,0.0,0.0,0.0,0.0
r_2548_ENZ_YDL142C,0.0,0.0,0.0,0.0,0.0,0.0
r_2549_ENZ_YDL142C,0.0,0.0,0.0,0.0,0.0,0.0
r_2550_ENZ_YDL142C,0.0,0.0,0.0,0.0,0.0,0.0
r_2551_ENZ_YDL142C,0.0,0.0,0.0,0.0,0.0,0.0
r_2552_ENZ_YDL142C,0.0,0.0,0.0,0.0,0.0,0.0
r_2553_ENZ_YDL142C,0.0,0.0,0.0,0.0,0.0,0.0
r_2554_ENZ_YDL142C,0.0,0.0,0.0,0.0,0.0,0.0
r_2555_ENZ_YDL142C,0.0,0.0,0.0,0.0,0.0,0.0
r_2556_ENZ_YDL142C,0.0,0.0,0.0,0.0,0.0,0.0
r_2557_ENZ_YDL142C,0.0,0.0,0.0,0.0,0.0,0.0
r_2558_ENZ_YDL142C,0.0,0.0,0.0,0.0,0.0,0.0
r_2559_ENZ_YDL142C,0.0,0.0,0.0,0.0,0.0,0.0
r_2560_ENZ_YDL142C,0.0,0.0,0.0,0.0,0.0,0.0
r_2561_ENZ_YDL142C,0.0,0.0,0.0,0.0,0.0,0.0
r_2562_ENZ_YDL142C,0.0,0.0,0.0,0.0,0.0,0.0
r_2563_ENZ_YDL142C,0.0,0.0,0.0,0.0,0.0,0.0
r_2564_ENZ_YDL142C,0.0,0.0,0.0,0.0,0.0,0.0
r_2565_ENZ_YDL142C,0.0,0.0,0.0,0.0,0.0,0.0
r_2566_ENZ_YDL142C,0.0,0.0,0.0,0.0,0.0,0.0
r_2567_ENZ_YDL142C,0.0,0.0,0.0,0.0,0.0,0.0
r_2568_ENZ_YDL142C,0.0,0.0,0.0,0.0,0.0,0.0
r_2569_ENZ_YDL142C,0.0,0.0,0.0,0.0,0.0,0.0
r_2570_ENZ_YDL142C,0.0,0.0,0.0,0.0,0.0,0.0
r_2571_ENZ_YDL142C,0.0,0.0,0.0,0.0,0.0,0.0
r_2572_ENZ_YDL142C,0.0,0.0,0.0,0.0,0.0,0.0
r_2573_ENZ_YDL142C,0.0,0.0,0.0,0.0,0.0,0.0
r_2574_ENZ_YDL142C,0.0,0.0,0.0,0.0,0.0,0.0
r_2575_ENZ_YDL142C,0.0,0.0,0.0,0.0,0.0,0.0
r_2576_ENZ_YDL142C,0.0,0.0,0.0,0.0,0.0,0.0
r_2577_ENZ_YDL142C,0.0,0.0,0.0,0.0,0.0,0.0
r_2578_ENZ_YDL142C,0.0,0.0,0.0,0.0,0.0,0.0
r_2579_ENZ_YDL142C,0.0,0.0,0.0,0.0,0.0,0.0
r_2580_ENZ_YDL142C,0.0,0.0,0.0,0.0,0.0,0.0
r_2581_ENZ_YDL142C,0.0,0.0,0.0,0.0,0.0,0.0
r_2582_ENZ_YDL142C,0.0,0.0,0.0,0.0,0.0,0.0
r_2583_ENZ_YDL142C,0.0,0.0,0.0,0.0,0.0,0.0
r_2584_ENZ_YGR110W,0.0,0.0,0.0,0.0,0.0,0.0
r_2585_ENZ_YGR110W,0.0,0.0,0.0,0.0,0.0,0.0
r_2586_ENZ_YGR110W,0.0,0.0,0.0,0.0,0.0,0.0
r_2587_ENZ_YGR110W,0.0,0.0,0.0,0.0,0.0,0.0
r_2588_ENZ_YGR110W,0.0,0.0,0.0,0.0,0.0,0.0
r_2589_ENZ_YGR110W,0.0,0.0,0.0,0.0,0.0,0.0
r_2590_ENZ_YGR110W,0.0,0.0,0.0,0.0,0.0,0.0
r_2591_ENZ_YGR110W,0.0,0.0,0.0,0.0,0.0,0.0
r_2592_ENZ_YGR110W,0.0,0.0,0.0,0.0,0.0,0.0
r_2593_ENZ_YGR110W,0.0,0.0,0.0,0.0,0.0,0.0
r_2594_ENZ_YGR110W,0.0,0.0,0.0,0.0,0.0,0.0
r_2595_ENZ_YGR110W,0.0,0.0,0.0,0.0,0.0,0.0
r_2596_ENZ_YGR110W,0.0,0.0,0.0,0.0,0.0,0.0
r_2597_ENZ_YGR110W,0.0,0.0,0.0,0.0,0.0,0.0
r_2598_ENZ_YGR110W,0.0,0.0,0.0,0.0,0.0,0.0
r_2599_ENZ_YGR110W,0.0,0.0,0.0,0.0,0.0,0.0
r_2600_ENZ_YGR110W,0.0,0.0,0.0,0.0,0.0,0.0
r_2601_ENZ_YGR110W,0.0,0.0,0.0,0.0,0.0,0.0
r_2602_ENZ_YGR110W,0.0,0.0,0.0,0.0,0.0,0.0
r_2603_ENZ_YGR110W,0.0,0.0,0.0,0.0,0.0,0.0
r_2604_ENZ_YGR110W,0.0,0.0,0.0,0.0,0.0,0.0
r_2605_ENZ_YGR110W,0.0,0.0,0.0,0.0,0.0,0.0
r_2606_ENZ_YGR110W,0.0,0.0,0.0,0.0,0.0,0.0
r_2607_ENZ_YGR110W,0.0,0.0,0.0,0.0,0.0,0.0
r_2608_ENZ_YGR110W,0.0,0.0,0.0,0.0,0.0,0.0
r_2609_ENZ_YGR110W,0.0,0.0,0.0,0.0,0.0,0.0
r_2610_ENZ_YGR110W,0.0,0.0,0.0,0.0,0.0,0.0
r_2611_ENZ_YGR110W,0.0,0.0,0.0,0.0,0.0,0.0
r_2612_ENZ_YGR110W,0.0,0.0,0.0,0.0,0.0,0.0
r_2613_ENZ_YGR110W,0.0,0.0,0.0,0.0,0.0,5.64461806407215e-35
r_2614_ENZ_YGR110W,0.0,0.0,0.0,0.0,0.0,0.0
r_2615_ENZ_YGR110W,0.0,0.0,0.0,0.0,0.0,0.0
r_2616_ENZ_YGR110W,0.0,0.0,0.0,0.0,0.0,0.0
r_2617_ENZ_YGR110W,0.0,0.0,0.0,0.0,0.0,0.0
r_2618_ENZ_YGR110W,0.0,0.0,0.0,0.0,0.0,0.0
r_2619_ENZ_YGR110W,0.0,0.0,0.0,0.0,0.0,0.0
r_2620_ENZ_YPR140W_REV,0.0,0.0,0.0,0.0,0.0,0.0
r_2620_ENZ_YPR140W_FWD,0.0,0.0,0.0,0.0,0.0,0.0
r_2621_ENZ_YPR140W_REV,0.0,0.0,0.0,0.0,0.0,0.0
r_2621_ENZ_YPR140W_FWD,0.0,0.0,0.0,0.0,0.0,0.0
r_2622_ENZ_YPR140W_REV,0.0,0.0,0.0,0.0,0.0,0.0
r_2622_ENZ_YPR140W_FWD,0.0,0.0,0.0,0.0,0.0,0.0
r_2623_ENZ_YPR140W_REV,0.0,0.0,0.0,0.0,0.0,0.0
r_2623_ENZ_YPR140W_FWD,0.0,0.0,0.0,0.0,0.0,0.0
r_2624_ENZ_YPR140W_REV,0.0,0.0,0.0,0.0,0.0,0.0
r_2624_ENZ_YPR140W_FWD,0.0,0.0,0.0,0.0,0.0,0.0
r_2625_ENZ_YPR140W_REV,0.0,0.0,0.0,0.0,0.0,0.0
r_2625_ENZ_YPR140W_FWD,0.0,0.0,0.0,0.0,0.0,0.0
r_2626_ENZ_YPR140W_REV,0.0,0.0,0.0,0.0,0.0,0.0
r_2626_ENZ_YPR140W_FWD,0.0,0.0,0.0,0.0,0.0,0.0
r_2627_ENZ_YPR140W_REV,0.0,0.0,0.0,0.0,0.0,0.0
r_2627_ENZ_YPR140W_FWD,0.0,0.0,0.0,0.0,0.0,0.0
r_2628_ENZ_YPR140W_REV,0.0,0.0,0.0,0.0,0.0,0.0
r_2628_ENZ_YPR140W_FWD,0.0,0.0,0.0,0.0,0.0,0.0
r_2629_ENZ_YPR140W_REV,0.0,0.0,0.0,0.0,0.0,0.0
r_2629_ENZ_YPR140W_FWD,0.0,0.0,0.0,0.0,0.0,-4.4137390573275805e-35
r_2630_ENZ_YPR140W_REV,0.0,0.0,0.0,0.0,0.0,0.0
r_2630_ENZ_YPR140W_FWD,0.0,0.0,0.0,0.0,0.0,0.0
r_2631_ENZ_YPR140W_REV,0.0,0.0,0.0,0.0,0.0,0.0
r_2631_ENZ_YPR140W_FWD,0.0,0.0,0.0,0.0,0.0,8.827478114655171e-35
r_2632_ENZ_YPR140W_REV,0.0,0.0,0.0,0.0,0.0,0.0
r_2632_ENZ_YPR140W_FWD,0.0,0.0,0.0,0.0,0.0,0.0
r_2633_ENZ_YPR140W_REV,0.0,0.0,0.0,0.0,0.0,0.0
r_2633_ENZ_YPR140W_FWD,0.0,0.0,0.0,0.0,0.0,0.0
r_2634_ENZ_YPR140W_REV,0.0,0.0,0.0,0.0,0.0,0.0
r_2634_ENZ_YPR140W_FWD,0.0,0.0,0.0,0.0,0.0,0.0
r_2635_ENZ_YPR140W_REV,0.0,0.0,0.0,0.0,0.0,0.0
r_2635_ENZ_YPR140W_FWD,0.0,0.0,0.0,0.0,0.0,0.0
r_2636_ENZ_YPR140W_REV,0.0,0.0,0.0,0.0,0.0,0.0
r_2636_ENZ_YPR140W_FWD,0.0,0.0,0.0,0.0,0.0,0.0
r_2637_ENZ_YPR140W_REV,0.0,0.0,0.0,0.0,0.0,0.0
r_2637_ENZ_YPR140W_FWD,0.0,0.0,0.0,0.0,0.0,0.0
r_2638_ENZ_YPR140W_REV,0.0,0.0,0.0,0.0,0.0,0.0
r_2638_ENZ_YPR140W_FWD,0.0,0.0,0.0,0.0,0.0,0.0
r_2639_ENZ_YPR140W_REV,0.0,0.0,0.0,0.0,0.0,0.0
r_2639_ENZ_YPR140W_FWD,0.0,0.0,0.0,0.0,0.0,0.0
r_2640_ENZ_YPR140W_REV,0.0,0.0,0.0,0.0,0.0,0.0
r_2640_ENZ_YPR140W_FWD,0.0,0.0,0.0,0.0,0.0,0.0
r_2641_ENZ_YPR140W_REV,0.0,0.0,0.0,0.0,0.0,0.0
r_2641_ENZ_YPR140W_FWD,0.0,0.0,0.0,0.0,0.0,0.0
r_2642_ENZ_YPR140W_REV,0.0,0.0,0.0,0.0,0.0,0.0
r_2642_ENZ_YPR140W_FWD,0.0,0.0,0.0,0.0,0.0,0.0
r_2643_ENZ_YPR140W_REV,0.0,0.0,0.0,0.0,0.0,0.0
r_2643_ENZ_YPR140W_FWD,0.0,0.0,0.0,0.0,0.0,0.0
r_2644_ENZ_YPR140W_REV,0.0,0.0,0.0,0.0,0.0,0.0
r_2644_ENZ_YPR140W_FWD,0.0,0.0,0.0,0.0,0.0,0.0
r_2645_ENZ_YPR140W_REV,0.0,0.0,0.0,0.0,0.0,0.0
r_2645_ENZ_YPR140W_FWD,0.0,0.0,0.0,0.0,0.0,0.0
r_2646_ENZ_YPR140W_REV,0.0,0.0,0.0,0.0,0.0,0.0
r_2646_ENZ_YPR140W_FWD,0.0,0.0,0.0,0.0,0.0,0.0
r_2647_ENZ_YPR140W_REV,0.0,0.0,0.0,0.0,0.0,0.0
r_2647_ENZ_YPR140W_FWD,0.0,0.0,0.0,0.0,0.0,0.0
r_2648_ENZ_YPR140W_REV,0.0,0.0,0.0,0.0,0.0,0.0
r_2648_ENZ_YPR140W_FWD,0.0,0.0,0.0,0.0,0.0,0.0
r_2649_ENZ_YPR140W_REV,0.0,0.0,0.0,0.0,0.0,0.0
r_2649_ENZ_YPR140W_FWD,0.0,0.0,0.0,0.0,0.0,0.0
r_2650_ENZ_YPR140W_REV,0.0,0.0,0.0,0.0,0.0,0.0
r_2650_ENZ_YPR140W_FWD,0.0,0.0,0.0,0.0,0.0,0.0
r_2651_ENZ_YPR140W_REV,0.0,0.0,0.0,0.0,0.0,0.0
r_2651_ENZ_YPR140W_FWD,0.0,0.0,0.0,0.0,0.0,0.0
r_2652_ENZ_YPR140W_REV,0.0,0.0,0.0,0.0,0.0,0.0
r_2652_ENZ_YPR140W_FWD,0.0,0.0,0.0,0.0,0.0,0.0
r_2653_ENZ_YPR140W_REV,0.0,0.0,0.0,0.0,0.0,0.0
r_2653_ENZ_YPR140W_FWD,0.0,0.0,0.0,0.0,0.0,0.0
r_2654_ENZ_YPR140W_REV,0.0,0.0,0.0,0.0,0.0,0.0
r_2654_ENZ_YPR140W_FWD,0.0,0.0,0.0,0.0,0.0,0.0
r_2655_ENZ_YPR140W_REV,0.0,0.0,0.0,0.0,0.0,0.0
r_2655_ENZ_YPR140W_FWD,0.0,0.0,0.0,0.0,0.0,0.0
r_2656_ENZ_YPR140W_REV,0.0,0.0,0.0,0.0,0.0,0.0
r_2656_ENZ_YPR140W_FWD,0.0,0.0,0.0,0.0,0.0,0.0
r_2657_ENZ_YPR140W_REV,0.0,0.0,0.0,0.0,0.0,0.0
r_2657_ENZ_YPR140W_FWD,0.0,0.0,0.0,0.0,0.0,0.0
r_2658_ENZ_YPR140W_REV,0.0,0.0,0.0,0.0,0.0,0.0
r_2658_ENZ_YPR140W_FWD,0.0,0.0,0.0,0.0,0.0,0.0
r_2659_ENZ_YPR140W_REV,0.0,0.0,0.0,0.0,0.0,0.0
r_2659_ENZ_YPR140W_FWD,0.0,0.0,0.0,0.0,0.0,5.64461806407215e-35
r_2660_ENZ_YPR140W_REV,0.0,0.0,0.0,0.0,0.0,0.0
r_2660_ENZ_YPR140W_FWD,0.0,0.0,0.0,0.0,0.0,0.0
r_2661_ENZ_YPR140W_REV,0.0,0.0,0.0,0.0,0.0,0.0
r_2661_ENZ_YPR140W_FWD,0.0,0.0,0.0,0.0,0.0,0.0
r_2662_ENZ_YPR140W_REV,0.0,0.0,0.0,0.0,0.0,0.0
r_2662_ENZ_YPR140W_FWD,0.0,0.0,0.0,0.0,0.0,0.0
r_2663_ENZ_YPR140W_REV,0.0,0.0,0.0,0.0,0.0,0.0
r_2663_ENZ_YPR140W_FWD,0.0,0.0,0.0,0.0,0.0,0.0
r_2664_ENZ_YPR140W_REV,0.0,0.0,0.0,0.0,0.0,0.0
r_2664_ENZ_YPR140W_FWD,0.0,0.0,0.0,0.0,0.0,0.0
r_2665_ENZ_YPR140W_REV,0.0,0.0,0.0,0.0,0.0,0.0
r_2665_ENZ_YPR140W_FWD,0.0,0.0,0.0,0.0,0.0,0.0
r_2666_ENZ_YPR140W_REV,0.0,0.0,0.0,0.0,0.0,0.0
r_2666_ENZ_YPR140W_FWD,0.0,0.0,0.0,0.0,0.0,0.0
r_2667_ENZ_YPR140W_REV,0.0,0.0,0.0,0.0,0.0,0.0
r_2667_ENZ_YPR140W_FWD,0.0,0.0,0.0,0.0,0.0,0.0
r_2668_ENZ_YPR140W_REV,0.0,0.0,0.0,0.0,0.0,0.0
r_2668_ENZ_YPR140W_FWD,0.0,0.0,0.0,0.0,0.0,0.0
r_2669_ENZ_YPR140W_REV,0.0,0.0,0.0,0.0,0.0,0.0
r_2669_ENZ_YPR140W_FWD,0.0,0.0,0.0,0.0,0.0,0.0
r_2670_ENZ_YPR140W_REV,0.0,0.0,0.0,0.0,0.0,0.0
r_2670_ENZ_YPR140W_FWD,0.0,0.0,0.0,0.0,0.0,0.0
r_2671_ENZ_YPR140W_REV,0.0,0.0,0.0,0.0,0.0,0.0
r_2671_ENZ_YPR140W_FWD,0.0,0.0,0.0,0.0,0.0,0.0
r_2672_ENZ_YPR140W_REV,0.0,0.0,0.0,0.0,0.0,0.0
r_2672_ENZ_YPR140W_FWD,0.0,0.0,0.0,0.0,0.0,0.0
r_2673_ENZ_YPR140W_REV,0.0,0.0,0.0,0.0,0.0,0.0
r_2673_ENZ_YPR140W_FWD,0.0,0.0,0.0,0.0,0.0,0.0
r_2674_ENZ_YPR140W_REV,0.0,0.0,0.0,0.0,0.0,0.0
r_2674_ENZ_YPR140W_FWD,0.0,0.0,0.0,0.0,0.0,0.0
r_2675_ENZ_YPR140W_REV,0.0,0.0,0.0,0.0,0.0,0.0
r_2675_ENZ_YPR140W_FWD,0.0,0.0,0.0,0.0,0.0,0.0
r_2676_ENZ_YPR140W_REV,0.0,0.0,0.0,0.0,0.0,0.0
r_2676_ENZ_YPR140W_FWD,0.0,0.0,0.0,0.0,0.0,0.0
r_2677_ENZ_YPR140W_REV,0.0,0.0,0.0,0.0,0.0,0.0
r_2677_ENZ_YPR140W_FWD,0.0,0.0,0.0,0.0,0.0,0.0
r_2678_ENZ_YPR140W_REV,0.0,0.0,0.0,0.0,0.0,0.0
r_2678_ENZ_YPR140W_FWD,0.0,0.0,0.0,0.0,0.0,0.0
r_2679_ENZ_YPR140W_REV,0.0,0.0,0.0,0.0,0.0,0.0
r_2679_ENZ_YPR140W_FWD,0.0,0.0,0.0,0.0,0.0,0.0
r_2680_ENZ_YPR140W_REV,0.0,0.0,0.0,0.0,0.0,0.0
r_2680_ENZ_YPR140W_FWD,0.0,0.0,0.0,0.0,0.0,0.0
r_2681_ENZ_YPR140W_REV,0.0,0.0,0.0,0.0,0.0,0.0
r_2681_ENZ_YPR140W_FWD,0.0,0.0,0.0,0.0,0.0,0.0
r_2682_ENZ_YPR140W_REV,0.0,0.0,0.0,0.0,0.0,0.0
r_2682_ENZ_YPR140W_FWD,0.0,0.0,0.0,0.0,0.0,0.0
r_2683_ENZ_YPR140W_REV,0.0,0.0,0.0,0.0,0.0,0.0
r_2683_ENZ_YPR140W_FWD,0.0,0.0,0.0,0.0,0.0,0.0
r_2684_ENZ_YPR140W_REV,0.0,0.0,0.0,0.0,0.0,0.0
r_2684_ENZ_YPR140W_FWD,0.0,0.0,0.0,0.0,0.0,0.0
r_2685_ENZ_YPR140W_REV,0.0,0.0,0.0,0.0,0.0,0.0
r_2685_ENZ_YPR140W_FWD,0.0,0.0,0.0,0.0,0.0,0.0
r_2686_ENZ_YPR140W_REV,0.0,0.0,0.0,0.0,0.0,0.0
r_2686_ENZ_YPR140W_FWD,0.0,0.0,0.0,0.0,0.0,0.0
r_2687_ENZ_YPR140W_REV,0.0,0.0,0.0,0.0,0.0,0.0
r_2687_ENZ_YPR140W_FWD,0.0,0.0,0.0,0.0,0.0,0.0
r_2688_ENZ_YPR140W_REV,0.0,0.0,0.0,0.0,0.0,0.0
r_2688_ENZ_YPR140W_FWD,0.0,0.0,0.0,0.0,0.0,0.0
r_2689_ENZ_YPR140W_REV,0.0,0.0,0.0,0.0,0.0,0.0
r_2689_ENZ_YPR140W_FWD,0.0,0.0,0.0,0.0,0.0,0.0
r_2690_ENZ_YPR140W_REV,0.0,0.0,0.0,0.0,0.0,0.0
r_2690_ENZ_YPR140W_FWD,0.0,0.0,0.0,0.0,0.0,0.0
r_2691_ENZ_YPR140W_REV,0.0,0.0,0.0,0.0,0.0,0.0
r_2691_ENZ_YPR140W_FWD,0.0,0.0,0.0,0.0,0.0,0.0
r_2692_ENZ_YPR140W_REV,0.0,0.0,0.0,0.0,0.0,0.0
r_2692_ENZ_YPR140W_FWD,0.0,0.0,0.0,0.0,0.0,0.0
r_2693_ENZ_YPR140W_REV,0.0,0.0,0.0,0.0,0.0,0.0
r_2693_ENZ_YPR140W_FWD,0.0,0.0,0.0,0.0,0.0,0.0
r_2694_ENZ_YPR140W_REV,0.0,0.0,0.0,0.0,0.0,0.0
r_2694_ENZ_YPR140W_FWD,0.0,0.0,0.0,0.0,0.0,0.0
r_2695_ENZ_YPR140W_REV,0.0,0.0,0.0,0.0,0.0,0.0
r_2695_ENZ_YPR140W_FWD,0.0,0.0,0.0,0.0,0.0,0.0
r_2696_ENZ_YPR140W_REV,0.0,0.0,0.0,0.0,0.0,0.0
r_2696_ENZ_YPR140W_FWD,0.0,0.0,0.0,0.0,0.0,0.0
r_2697_ENZ_YPR140W_REV,0.0,0.0,0.0,0.0,0.0,0.0
r_2697_ENZ_YPR140W_FWD,0.0,0.0,0.0,0.0,0.0,0.0
r_2698_ENZ_YPR140W_REV,0.0,0.0,0.0,0.0,0.0,0.0
r_2698_ENZ_YPR140W_FWD,0.0,0.0,0.0,0.0,0.0,0.0
r_2699_ENZ_YPR140W_REV,0.0,0.0,0.0,0.0,0.0,0.0
r_2699_ENZ_YPR140W_FWD,0.0,0.0,0.0,0.0,0.0,0.0
r_2700_ENZ_YPR140W_REV,0.0,0.0,0.0,0.0,0.0,0.0
r_2700_ENZ_YPR140W_FWD,0.0,0.0,0.0,0.0,0.0,0.0
r_2701_ENZ_YPR140W_REV,0.0,0.0,0.0,0.0,0.0,0.0
r_2701_ENZ_YPR140W_FWD,0.0,0.0,0.0,0.0,0.0,0.0
r_2702_ENZ_YPR140W_REV,0.0,0.0,0.0,0.0,0.0,0.0
r_2702_ENZ_YPR140W_FWD,0.0,0.0,0.0,0.0,0.0,0.0
r_2703_ENZ_YPR140W_REV,0.0,0.0,0.0,0.0,0.0,0.0
r_2703_ENZ_YPR140W_FWD,0.0,0.0,0.0,0.0,0.0,0.0
r_2704_ENZ_YPR140W_REV,0.0,0.0,0.0,0.0,0.0,0.0
r_2704_ENZ_YPR140W_FWD,0.0,0.0,0.0,0.0,0.0,0.0
r_2705_ENZ_YPR140W_REV,0.0,0.0,0.0,0.0,0.0,0.0
r_2705_ENZ_YPR140W_FWD,0.0,0.0,0.0,0.0,0.0,0.0
r_2706_ENZ_YPR140W_REV,0.0,0.0,0.0,0.0,0.0,0.0
r_2706_ENZ_YPR140W_FWD,0.0,0.0,0.0,0.0,0.0,0.0
r_2707_ENZ_YPR140W_REV,0.0,0.0,0.0,0.0,0.0,0.0
r_2707_ENZ_YPR140W_FWD,0.0,0.0,0.0,0.0,0.0,0.0
r_2708_ENZ_YPR140W_REV,0.0,0.0,0.0,0.0,0.0,0.0
r_2708_ENZ_YPR140W_FWD,0.0,0.0,0.0,0.0,0.0,0.0
r_2709_ENZ_YPR140W_REV,0.0,0.0,0.0,0.0,0.0,0.0
r_2709_ENZ_YPR140W_FWD,0.0,0.0,0.0,0.0,0.0,0.0
r_2710_ENZ_YPR140W_REV,0.0,0.0,0.0,0.0,0.0,0.0
r_2710_ENZ_YPR140W_FWD,0.0,0.0,0.0,0.0,0.0,0.0
r_2711_ENZ_YPR140W_REV,0.0,0.0,0.0,0.0,0.0,0.0
r_2711_ENZ_YPR140W_FWD,0.0,0.0,0.0,0.0,0.0,0.0
r_2712_ENZ_YPR140W_REV,0.0,0.0,0.0,0.0,0.0,0.0
r_2712_ENZ_YPR140W_FWD,0.0,0.0,0.0,0.0,0.0,0.0
r_2713_ENZ_YPR140W_REV,0.0,0.0,0.0,0.0,0.0,0.0
r_2713_ENZ_YPR140W_FWD,0.0,0.0,0.0,0.0,0.0,0.0
r_2714_ENZ_YPR140W_REV,0.0,0.0,0.0,0.0,0.0,0.0
r_2714_ENZ_YPR140W_FWD,0.0,0.0,0.0,0.0,0.0,0.0
r_2715_ENZ_YPR140W_REV,0.0,0.0,0.0,0.0,0.0,0.0
r_2715_ENZ_YPR140W_FWD,0.0,0.0,0.0,0.0,0.0,0.0
r_2716_ENZ_YPR140W_REV,0.0,0.0,0.0,0.0,0.0,0.0
r_2716_ENZ_YPR140W_FWD,0.0,0.0,0.0,0.0,0.0,0.0
r_2717_ENZ_YPR140W_REV,0.0,0.0,0.0,0.0,0.0,0.0
r_2717_ENZ_YPR140W_FWD,0.0,0.0,0.0,0.0,0.0,0.0
r_2718_ENZ_YPR140W_REV,0.0,0.0,0.0,0.0,0.0,0.0
r_2718_ENZ_YPR140W_FWD,0.0,0.0,0.0,0.0,0.0,0.0
r_2719_ENZ_YPR140W_REV,0.0,0.0,0.0,0.0,0.0,0.0
r_2719_ENZ_YPR140W_FWD,0.0,0.0,0.0,0.0,0.0,0.0
r_2720_ENZ_YPR140W_REV,0.0,0.0,0.0,0.0,0.0,0.0
r_2720_ENZ_YPR140W_FWD,0.0,0.0,0.0,0.0,0.0,0.0
r_2721_ENZ_YPR140W_REV,0.0,0.0,0.0,0.0,0.0,0.0
r_2721_ENZ_YPR140W_FWD,0.0,0.0,0.0,0.0,0.0,0.0
r_2722_ENZ_YPR140W_REV,0.0,0.0,0.0,0.0,0.0,0.0
r_2722_ENZ_YPR140W_FWD,0.0,0.0,0.0,0.0,0.0,0.0
r_2723_ENZ_YPR140W_REV,0.0,0.0,0.0,0.0,0.0,0.0
r_2723_ENZ_YPR140W_FWD,0.0,0.0,0.0,0.0,0.0,0.0
r_2724_ENZ_YPR140W_REV,0.0,0.0,0.0,0.0,0.0,0.0
r_2724_ENZ_YPR140W_FWD,0.0,0.0,0.0,0.0,0.0,0.0
r_2725_ENZ_YPR140W_REV,0.0,0.0,0.0,0.0,0.0,0.0
r_2725_ENZ_YPR140W_FWD,0.0,0.0,0.0,0.0,0.0,0.0
r_2726_ENZ_YPR140W_REV,0.0,0.0,0.0,0.0,0.0,0.0
r_2726_ENZ_YPR140W_FWD,0.0,0.0,0.0,0.0,0.0,0.0
r_2727_ENZ_YPR140W_REV,0.0,0.0,0.0,0.0,0.0,0.0
r_2727_ENZ_YPR140W_FWD,0.0,0.0,0.0,0.0,0.0,0.0
r_2728_ENZ_YPR140W_REV,0.0,0.0,0.0,0.0,0.0,0.0
r_2728_ENZ_YPR140W_FWD,0.0,0.0,0.0,0.0,0.0,0.0
r_2729_ENZ_YPR140W_REV,0.0,0.0,0.0,0.0,0.0,0.0
r_2729_ENZ_YPR140W_FWD,0.0,0.0,0.0,0.0,0.0,0.0
r_2730_ENZ_YPR140W_REV,0.0,0.0,0.0,0.0,0.0,0.0
r_2730_ENZ_YPR140W_FWD,0.0,0.0,0.0,0.0,0.0,0.0
r_2731_ENZ_YPR140W_REV,0.0,0.0,0.0,0.0,0.0,0.0
r_2731_ENZ_YPR140W_FWD,0.0,0.0,0.0,0.0,0.0,0.0
r_2732_ENZ_YPR140W_REV,0.0,0.0,0.0,0.0,0.0,0.0
r_2732_ENZ_YPR140W_FWD,0.0,0.0,0.0,0.0,0.0,0.0
r_2733_ENZ_YPR140W_REV,0.0,0.0,0.0,0.0,0.0,0.0
r_2733_ENZ_YPR140W_FWD,0.0,0.0,0.0,0.0,0.0,0.0
r_2734_ENZ_YPR140W_REV,0.0,0.0,0.0,0.0,0.0,0.0
r_2734_ENZ_YPR140W_FWD,0.0,0.0,0.0,0.0,0.0,0.0
r_2735_ENZ_YPR140W_REV,0.0,0.0,0.0,0.0,0.0,0.0
r_2735_ENZ_YPR140W_FWD,0.0,0.0,0.0,0.0,0.0,0.0
r_2736_ENZ_YPR140W_REV,0.0,0.0,0.0,0.0,0.0,0.0
r_2736_ENZ_YPR140W_FWD,0.0,0.0,0.0,0.0,0.0,0.0
r_2737_ENZ_YPR140W_REV,0.0,0.0,0.0,0.0,0.0,0.0
r_2737_ENZ_YPR140W_FWD,0.0,0.0,0.0,0.0,0.0,0.0
r_2738_ENZ_YPR140W_REV,0.0,0.0,0.0,0.0,0.0,0.0
r_2738_ENZ_YPR140W_FWD,0.0,0.0,0.0,0.0,0.0,0.0
r_2739_ENZ_YPR140W_REV,0.0,0.0,0.0,0.0,0.0,0.0
r_2739_ENZ_YPR140W_FWD,0.0,0.0,0.0,0.0,0.0,0.0
r_2740_ENZ_YPR140W_REV,0.0,0.0,0.0,0.0,0.0,0.0
r_2740_ENZ_YPR140W_FWD,0.0,0.0,0.0,0.0,0.0,0.0
r_2741_ENZ_YPR140W_REV,0.0,0.0,0.0,0.0,0.0,0.0
r_2741_ENZ_YPR140W_FWD,0.0,0.0,0.0,0.0,0.0,0.0
r_2742_ENZ_YPR140W_REV,0.0,0.0,0.0,0.0,0.0,0.0
r_2742_ENZ_YPR140W_FWD,0.0,0.0,0.0,0.0,0.0,0.0
r_2743_ENZ_YPR140W_REV,0.0,0.0,0.0,0.0,0.0,0.0
r_2743_ENZ_YPR140W_FWD,0.0,0.0,0.0,0.0,0.0,0.0
r_2744_ENZ_YPR140W_REV,0.0,0.0,0.0,0.0,0.0,0.0
r_2744_ENZ_YPR140W_FWD,0.0,0.0,0.0,0.0,0.0,0.0
r_2745_ENZ_YPR140W_REV,0.0,0.0,0.0,0.0,0.0,0.0
r_2745_ENZ_YPR140W_FWD,0.0,0.0,0.0,0.0,0.0,0.0
r_2746_ENZ_YPR140W_REV,0.0,0.0,0.0,0.0,0.0,0.0
r_2746_ENZ_YPR140W_FWD,0.0,0.0,0.0,0.0,0.0,0.0
r_2747_ENZ_YPR140W_REV,0.0,0.0,0.0,0.0,0.0,0.0
r_2747_ENZ_YPR140W_FWD,0.0,0.0,0.0,0.0,0.0,0.0
r_2748_ENZ_YPR140W_REV,0.0,0.0,0.0,0.0,0.0,0.0
r_2748_ENZ_YPR140W_FWD,0.0,0.0,0.0,0.0,0.0,0.0
r_2749_ENZ_YPR140W_REV,0.0,0.0,0.0,0.0,0.0,0.0
r_2749_ENZ_YPR140W_FWD,0.0,0.0,0.0,0.0,0.0,0.0
r_2750_ENZ_YPR140W_REV,0.0,0.0,0.0,0.0,0.0,0.0
r_2750_ENZ_YPR140W_FWD,0.0,0.0,0.0,0.0,0.0,0.0
r_2751_ENZ_YPR140W_REV,0.0,0.0,0.0,0.0,0.0,0.0
r_2751_ENZ_YPR140W_FWD,0.0,0.0,0.0,0.0,0.0,0.0
r_2752_ENZ_YPR140W_REV,0.0,0.0,0.0,0.0,0.0,0.0
r_2752_ENZ_YPR140W_FWD,0.0,0.0,0.0,0.0,0.0,0.0
r_2753_ENZ_YPR140W_REV,0.0,0.0,0.0,0.0,0.0,0.0
r_2753_ENZ_YPR140W_FWD,0.0,0.0,0.0,0.0,0.0,0.0
r_2754_ENZ_YPR140W_REV,0.0,0.0,0.0,0.0,0.0,0.0
r_2754_ENZ_YPR140W_FWD,0.0,0.0,0.0,0.0,0.0,0.0
r_2755_ENZ_YPR140W_REV,0.0,0.0,0.0,0.0,0.0,0.0
r_2755_ENZ_YPR140W_FWD,0.0,0.0,0.0,0.0,0.0,0.0
r_2756_ENZ_YPR140W_REV,0.0,0.0,0.0,0.0,0.0,0.0
r_2756_ENZ_YPR140W_FWD,0.0,0.0,0.0,0.0,0.0,0.0
r_2757_ENZ_YPR140W_REV,0.0,0.0,0.0,0.0,0.0,0.0
r_2757_ENZ_YPR140W_FWD,0.0,0.0,0.0,0.0,0.0,0.0
r_2758_ENZ_YPR140W_REV,0.0,0.0,0.0,0.0,0.0,0.0
r_2758_ENZ_YPR140W_FWD,0.0,0.0,0.0,0.0,0.0,0.0
r_2759_ENZ_YPR140W_REV,0.0,0.0,0.0,0.0,0.0,0.0
r_2759_ENZ_YPR140W_FWD,0.0,0.0,0.0,0.0,0.0,0.0
r_2760_ENZ_YPR140W_REV,0.0,0.0,0.0,0.0,0.0,0.0
r_2760_ENZ_YPR140W_FWD,0.0,0.0,0.0,0.0,0.0,0.0
r_2761_ENZ_YPR140W_REV,0.0,0.0,0.0,0.0,0.0,0.0
r_2761_ENZ_YPR140W_FWD,0.0,0.0,0.0,0.0,0.0,0.0
r_2762_ENZ_YPR140W_REV,0.0,0.0,0.0,0.0,0.0,0.0
r_2762_ENZ_YPR140W_FWD,0.0,0.0,0.0,0.0,0.0,0.0
r_2763_ENZ_YPR140W_REV,0.0,0.0,0.0,0.0,0.0,0.0
r_2763_ENZ_YPR140W_FWD,0.0,0.0,0.0,0.0,0.0,0.0
r_2764_ENZ_YPR140W_REV,0.0,0.0,0.0,0.0,0.0,0.0
r_2764_ENZ_YPR140W_FWD,0.0,0.0,0.0,0.0,0.0,0.0
r_2765_ENZ_YPR140W_REV,0.0,0.0,0.0,0.0,0.0,0.0
r_2765_ENZ_YPR140W_FWD,0.0,0.0,0.0,0.0,0.0,0.0
r_2766_ENZ_YPR140W_REV,0.0,0.0,0.0,0.0,0.0,0.0
r_2766_ENZ_YPR140W_FWD,0.0,0.0,0.0,0.0,0.0,0.0
r_2767_ENZ_YPR140W_REV,0.0,0.0,0.0,0.0,0.0,0.0
r_2767_ENZ_YPR140W_FWD,0.0,0.0,0.0,0.0,0.0,0.0
r_2768_ENZ_YPR140W_REV,0.0,0.0,0.0,0.0,0.0,0.0
r_2768_ENZ_YPR140W_FWD,0.0,0.0,0.0,0.0,0.0,0.0
r_2769_ENZ_YPR140W_REV,0.0,0.0,0.0,0.0,0.0,0.0
r_2769_ENZ_YPR140W_FWD,0.0,0.0,0.0,0.0,0.0,0.0
r_2770_ENZ_YPR140W_REV,0.0,0.0,0.0,0.0,0.0,0.0
r_2770_ENZ_YPR140W_FWD,0.0,0.0,0.0,0.0,0.0,0.0
r_2771_ENZ_YPR140W_REV,0.0,0.0,0.0,0.0,0.0,0.0
r_2771_ENZ_YPR140W_FWD,0.0,0.0,0.0,0.0,0.0,0.0
r_2772_ENZ_YPR140W_REV,0.0,0.0,0.0,0.0,0.0,0.0
r_2772_ENZ_YPR140W_FWD,0.0,0.0,0.0,0.0,0.0,0.0
r_2773_ENZ_YPR140W_REV,0.0,0.0,0.0,0.0,0.0,0.0
r_2773_ENZ_YPR140W_FWD,0.0,0.0,0.0,0.0,0.0,0.0
r_2774_ENZ_YPR140W_REV,0.0,0.0,0.0,0.0,0.0,0.0
r_2774_ENZ_YPR140W_FWD,0.0,0.0,0.0,0.0,0.0,0.0
r_2775_ENZ_YPR140W_REV,0.0,0.0,0.0,0.0,0.0,0.0
r_2775_ENZ_YPR140W_FWD,0.0,0.0,0.0,0.0,0.0,0.0
r_2776_ENZ_YPR140W_REV,0.0,0.0,0.0,0.0,0.0,0.0
r_2776_ENZ_YPR140W_FWD,0.0,0.0,0.0,0.0,0.0,0.0
r_2777_ENZ_YPR140W_REV,0.0,0.0,0.0,0.0,0.0,0.0
r_2777_ENZ_YPR140W_FWD,0.0,0.0,0.0,0.0,0.0,5.64461806407215e-35
r_2778_ENZ_YPR140W_REV,0.0,0.0,0.0,0.0,0.0,0.0
r_2778_ENZ_YPR140W_FWD,0.0,0.0,0.0,0.0,0.0,0.0
r_2779_ENZ_YPR140W_REV,0.0,0.0,0.0,0.0,0.0,0.0
r_2779_ENZ_YPR140W_FWD,0.0,0.0,0.0,0.0,0.0,0.0
r_2780_ENZ_YPR140W_REV,0.0,0.0,0.0,0.0,0.0,0.0
r_2780_ENZ_YPR140W_FWD,0.0,0.0,0.0,0.0,0.0,0.0
r_2781_ENZ_YPR140W_REV,0.0,0.0,0.0,0.0,0.0,0.0
r_2781_ENZ_YPR140W_FWD,0.0,0.0,0.0,0.0,0.0,0.0
r_2782_ENZ_YPR140W_REV,0.0,0.0,0.0,0.0,0.0,0.0
r_2782_ENZ_YPR140W_FWD,0.0,0.0,0.0,0.0,0.0,0.0
r_2783_ENZ_YPR140W_REV,0.0,0.0,0.0,0.0,0.0,0.0
r_2783_ENZ_YPR140W_FWD,0.0,0.0,0.0,0.0,0.0,0.0
r_2784_ENZ_YPR140W_REV,0.0,0.0,0.0,0.0,0.0,0.0
r_2784_ENZ_YPR140W_FWD,0.0,0.0,0.0,0.0,0.0,0.0
r_2785_ENZ_YPR140W_REV,0.0,0.0,0.0,0.0,0.0,0.0
r_2785_ENZ_YPR140W_FWD,0.0,0.0,0.0,0.0,0.0,0.0
r_2786_ENZ_YPR140W_REV,0.0,0.0,0.0,0.0,0.0,0.0
r_2786_ENZ_YPR140W_FWD,0.0,0.0,0.0,0.0,0.0,0.0
r_2787_ENZ_YPR140W_REV,0.0,0.0,0.0,0.0,0.0,0.0
r_2787_ENZ_YPR140W_FWD,0.0,0.0,0.0,0.0,0.0,0.0
r_2788_ENZ_YPR140W_REV,0.0,0.0,0.0,0.0,0.0,0.0
r_2788_ENZ_YPR140W_FWD,0.0,0.0,0.0,0.0,0.0,0.0
r_2789_ENZ_YPR140W_REV,0.0,0.0,0.0,0.0,0.0,0.0
r_2789_ENZ_YPR140W_FWD,0.0,0.0,0.0,0.0,0.0,0.0
r_2790_ENZ_YPR140W_REV,0.0,0.0,0.0,0.0,0.0,0.0
r_2790_ENZ_YPR140W_FWD,0.0,0.0,0.0,0.0,0.0,0.0
r_2791_ENZ_YPR140W_REV,0.0,0.0,0.0,0.0,0.0,0.0
r_2791_ENZ_YPR140W_FWD,0.0,0.0,0.0,0.0,0.0,0.0
r_2792_ENZ_YPR140W_REV,0.0,0.0,0.0,0.0,0.0,0.0
r_2792_ENZ_YPR140W_FWD,0.0,0.0,0.0,0.0,0.0,0.0
r_2793_ENZ_YPR140W_REV,0.0,0.0,0.0,0.0,0.0,0.0
r_2793_ENZ_YPR140W_FWD,0.0,0.0,0.0,0.0,0.0,0.0
r_2794_ENZ_YPR140W_REV,0.0,0.0,0.0,0.0,0.0,0.0
r_2794_ENZ_YPR140W_FWD,0.0,0.0,0.0,0.0,0.0,0.0
r_2795_ENZ_YPR140W_REV,0.0,0.0,0.0,0.0,0.0,0.0
r_2795_ENZ_YPR140W_FWD,0.0,0.0,0.0,0.0,0.0,0.0
r_2796_ENZ_YPR140W_REV,0.0,0.0,0.0,0.0,0.0,0.0
r_2796_ENZ_YPR140W_FWD,0.0,0.0,0.0,0.0,0.0,0.0
r_2797_ENZ_YPR140W_REV,0.0,0.0,0.0,0.0,0.0,0.0
r_2797_ENZ_YPR140W_FWD,0.0,0.0,0.0,0.0,0.0,0.0
r_2798_ENZ_YPR140W_REV,0.0,0.0,0.0,0.0,0.0,0.0
r_2798_ENZ_YPR140W_FWD,0.0,0.0,0.0,0.0,0.0,0.0
r_2799_ENZ_YPR140W_REV,0.0,0.0,0.0,0.0,0.0,0.0
r_2799_ENZ_YPR140W_FWD,0.0,0.0,0.0,0.0,0.0,0.0
r_2800_ENZ_YPR140W_REV,0.0,0.0,0.0,0.0,0.0,0.0
r_2800_ENZ_YPR140W_FWD,0.0,0.0,0.0,0.0,0.0,0.0
r_2801_ENZ_YPR140W_REV,0.0,0.0,0.0,0.0,0.0,0.0
r_2801_ENZ_YPR140W_FWD,0.0,0.0,0.0,0.0,0.0,0.0
r_2802_ENZ_YPR140W_REV,0.0,0.0,0.0,0.0,0.0,0.0
r_2802_ENZ_YPR140W_FWD,0.0,0.0,0.0,0.0,0.0,0.0
r_2803_ENZ_YPR140W_REV,0.0,0.0,0.0,0.0,0.0,0.0
r_2803_ENZ_YPR140W_FWD,0.0,0.0,0.0,0.0,0.0,0.0
r_2804_ENZ_YPR140W_REV,0.0,0.0,0.0,0.0,0.0,0.0
r_2804_ENZ_YPR140W_FWD,0.0,0.0,0.0,0.0,0.0,0.0
r_2805_ENZ_YPR140W_REV,0.0,0.0,0.0,0.0,0.0,0.0
r_2805_ENZ_YPR140W_FWD,0.0,0.0,0.0,0.0,0.0,0.0
r_2806_ENZ_YPR140W_REV,0.0,0.0,0.0,0.0,0.0,0.0
r_2806_ENZ_YPR140W_FWD,0.0,0.0,0.0,0.0,0.0,0.0
r_2807_ENZ_YPR140W_REV,0.0,0.0,0.0,0.0,0.0,0.0
r_2807_ENZ_YPR140W_FWD,0.0,0.0,0.0,0.0,0.0,0.0
r_2808_ENZ_YPR140W_REV,0.0,0.0,0.0,0.0,0.0,0.0
r_2808_ENZ_YPR140W_FWD,0.0,0.0,0.0,0.0,0.0,0.0
r_2809_ENZ_YPR140W_REV,0.0,0.0,0.0,0.0,0.0,0.0
r_2809_ENZ_YPR140W_FWD,0.0,0.0,0.0,0.0,0.0,0.0
r_2810_ENZ_YPR140W_REV,0.0,0.0,0.0,0.0,0.0,0.0
r_2810_ENZ_YPR140W_FWD,0.0,0.0,0.0,0.0,0.0,0.0
r_2811_ENZ_YPR140W_REV,0.0,0.0,0.0,0.0,0.0,0.0
r_2811_ENZ_YPR140W_FWD,0.0,0.0,0.0,0.0,0.0,0.0
r_2812,0.0,0.0,0.0,0.0,0.0,0.0
r_2813,0.0,0.0,0.0,0.0,0.0,0.0
r_2814,0.0,0.0,0.0,0.0,0.0,0.0
r_2815,0.0,0.0,0.0,0.0,0.0,0.0
r_2816,0.0,0.0,0.0,0.0,0.0,0.0
r_2817,0.0,0.0,0.0,0.0,0.0,0.0
r_2818,0.0,0.0,0.0,0.0,0.0,0.0
r_2819,0.0,0.0,0.0,0.0,0.0,0.0
r_2820_ENZ_YJL100W,0.0,0.0,0.0,0.0,0.0,0.0
r_2820_ENZ_YLR305C,0.0,0.0,0.0,0.0,0.0,0.0
r_2821_ENZ_YJL100W,0.0,0.0,0.0,0.0,0.0,0.0
r_2821_ENZ_YLR305C,0.0,0.0,0.0,0.0,0.0,0.0
r_2822_ENZ_YJL100W,0.0,0.0,0.0,0.0,0.0,0.0
r_2822_ENZ_YLR305C,0.0,0.0,0.0,0.0,0.0,0.0
r_2823_ENZ_YJL100W,0.0,0.0,0.0,0.0,0.0,0.0
r_2823_ENZ_YLR305C,0.0,0.0,0.0,0.0,0.0,0.0
r_2824_ENZ_YJL100W,0.0,0.0,0.0,0.0,0.0,0.0
r_2824_ENZ_YLR305C,0.0,0.0,0.0,0.0,0.0,0.0
r_2825_ENZ_YJL100W,0.0,0.0,0.0,0.0,0.0,0.0
r_2825_ENZ_YLR305C,0.0,0.0,0.0,0.0,0.0,0.0
r_2826_ENZ_YJL100W,0.0,0.0,0.0,0.0,0.0,0.0
r_2826_ENZ_YLR305C,0.0,0.0,0.0,0.0,0.0,0.0
r_2827_ENZ_YJL100W,0.0,0.0,0.0,0.0,0.0,0.0
r_2827_ENZ_YLR305C,0.0,0.0,0.0,0.0,0.0,0.0
r_2828_ENZ_YJL100W,0.0,0.0,0.0,0.0,0.0,0.0
r_2829_ENZ_YJL100W,0.0,0.0,0.0,0.0,0.0,0.0
r_2830_ENZ_YJL100W,0.0,0.0,0.0,0.0,0.0,0.0
r_2831_ENZ_YJL100W,0.0,0.0,0.0,0.0,0.0,0.0
r_2832_ENZ_YJL100W,0.0,0.0,0.0,0.0,0.0,0.0
r_2833_ENZ_YJL100W,0.0,0.0,0.0,0.0,0.0,0.0
r_2834_ENZ_YJL100W,0.0,0.0,0.0,0.0,0.0,0.0
r_2835_ENZ_YJL100W,0.0,0.0,0.0,0.0,0.0,0.0
r_2836_ENZ_YDR373W_and_YNL267W,0.0,0.0,0.0,0.0,0.0,0.0
r_2837_ENZ_YDR373W_and_YNL267W,0.0,0.0,0.0,0.0,0.0,0.0
r_2838_ENZ_YDR373W_and_YNL267W,0.0,0.0,0.0,0.0,0.0,0.0
r_2839_ENZ_YDR373W_and_YNL267W,0.0,0.0,0.0,0.0,0.0,0.0
r_2840_ENZ_YDR373W_and_YNL267W,0.0,0.0,0.0,0.0,0.0,0.0
r_2841_ENZ_YDR373W_and_YNL267W,0.0,0.0,0.0,0.0,0.0,0.0
r_2842_ENZ_YDR373W_and_YNL267W,0.0,0.0,0.0,0.0,0.0,0.0
r_2843_ENZ_YDR373W_and_YNL267W,0.0,0.0,0.0,0.0,0.0,0.0
r_2844_ENZ_YNL267W,0.0,0.0,0.0,0.0,0.0,0.0
r_2845_ENZ_YNL267W,0.0,0.0,0.0,0.0,0.0,0.0
r_2846_ENZ_YNL267W,0.0,0.0,0.0,0.0,0.0,0.0
r_2847_ENZ_YNL267W,0.0,0.0,0.0,0.0,0.0,0.0
r_2848_ENZ_YNL267W,0.0,0.0,0.0,0.0,0.0,0.0
r_2849_ENZ_YNL267W,0.0,0.0,0.0,0.0,0.0,0.0
r_2850_ENZ_YNL267W,0.0,0.0,0.0,0.0,0.0,0.0
r_2851_ENZ_YNL267W,0.0,0.0,0.0,0.0,0.0,0.0
r_2852_ENZ_YBR097W_and_YLR240W,0.0,0.0,0.0,0.0,0.0,0.0
r_2852_ENZ_YBR097W_and_YLR240W_and_YPL120W_and_YLR360W,0.0,0.0,0.0,0.0,0.0,0.0
r_2852_ENZ_YBR097W_and_YLR240W_and_YBR128C_and_YPL120W_and_YLR211C,0.0,0.0,0.0,0.0,0.0,0.0
r_2853_ENZ_YBR097W_and_YLR240W,0.0,0.0,0.0,0.0,0.0,0.0
r_2853_ENZ_YBR097W_and_YLR240W_and_YPL120W_and_YLR360W,0.0,0.0,0.0,0.0,0.0,0.0
r_2853_ENZ_YBR097W_and_YLR240W_and_YBR128C_and_YPL120W_and_YLR211C,0.0,0.0,0.0,0.0,0.0,0.0
r_2854_ENZ_YBR097W_and_YLR240W,0.0,0.0,0.0,0.0,0.0,0.0
r_2854_ENZ_YBR097W_and_YLR240W_and_YPL120W_and_YLR360W,0.0,0.0,0.0,0.0,0.0,0.0
r_2854_ENZ_YBR097W_and_YLR240W_and_YBR128C_and_YPL120W_and_YLR211C,0.0,0.0,0.0,0.0,0.0,0.0
r_2855_ENZ_YBR097W_and_YLR240W,0.0,0.0,0.0,0.0,0.0,0.0
r_2855_ENZ_YBR097W_and_YLR240W_and_YPL120W_and_YLR360W,0.0,0.0,0.0,0.0,0.0,0.0
r_2855_ENZ_YBR097W_and_YLR240W_and_YBR128C_and_YPL120W_and_YLR211C,0.0,0.0,0.0,0.0,0.0,0.0
r_2856_ENZ_YBR097W_and_YLR240W,0.0,0.0,0.0,0.0,0.0,0.0
r_2856_ENZ_YBR097W_and_YLR240W_and_YPL120W_and_YLR360W,0.0,0.0,0.0,0.0,0.0,0.0
r_2856_ENZ_YBR097W_and_YLR240W_and_YBR128C_and_YPL120W_and_YLR211C,0.0,0.0,0.0,0.0,0.0,0.0
r_2857_ENZ_YBR097W_and_YLR240W,0.0,0.0,0.0,0.0,0.0,0.0
r_2857_ENZ_YBR097W_and_YLR240W_and_YPL120W_and_YLR360W,0.0,0.0,0.0,0.0,0.0,0.0
r_2857_ENZ_YBR097W_and_YLR240W_and_YBR128C_and_YPL120W_and_YLR211C,0.0,0.0,0.0,0.0,0.0,0.0
r_2858_ENZ_YBR097W_and_YLR240W,0.0,0.0,0.0,0.0,0.0,0.0
r_2858_ENZ_YBR097W_and_YLR240W_and_YPL120W_and_YLR360W,0.0,0.0,0.0,0.0,0.0,0.0
r_2858_ENZ_YBR097W_and_YLR240W_and_YBR128C_and_YPL120W_and_YLR211C,0.0,0.0,0.0,0.0,0.0,0.0
r_2859_ENZ_YBR097W_and_YLR240W,0.0,0.0,0.0,0.0,0.0,0.0
r_2859_ENZ_YBR097W_and_YLR240W_and_YPL120W_and_YLR360W,0.0,0.0,0.0,0.0,0.0,0.0
r_2859_ENZ_YBR097W_and_YLR240W_and_YBR128C_and_YPL120W_and_YLR211C,0.0,0.0,0.0,0.0,0.0,0.0
r_2860_ENZ_YDR208W,0.0,0.0,0.0,0.0,0.0,0.0
r_2861_ENZ_YDR208W,0.0,0.0,0.0,0.0,0.0,0.0
r_2862_ENZ_YDR208W,0.0,0.0,0.0,0.0,0.0,0.0
r_2863_ENZ_YDR208W,0.0,0.0,0.0,0.0,0.0,0.0
r_2864_ENZ_YDR208W,0.0,0.0,0.0,0.0,0.0,0.0
r_2865_ENZ_YDR208W,0.0,0.0,0.0,0.0,0.0,0.0
r_2866_ENZ_YDR208W,0.0,0.0,0.0,0.0,0.0,0.0
r_2867_ENZ_YDR208W,0.0,0.0,0.0,0.0,0.0,0.0
r_2868_ENZ_YDR208W,0.0,0.0,0.0,0.0,0.0,0.0
r_2869_ENZ_YDR208W,0.0,0.0,0.0,0.0,0.0,0.0
r_2870_ENZ_YDR208W,0.0,0.0,0.0,0.0,0.0,0.0
r_2871_ENZ_YDR208W,0.0,0.0,0.0,0.0,0.0,0.0
r_2872_ENZ_YDR208W,0.0,0.0,0.0,0.0,0.0,0.0
r_2873_ENZ_YDR208W,0.0,0.0,0.0,0.0,0.0,0.0
r_2874_ENZ_YDR208W,0.0,0.0,0.0,0.0,0.0,0.0
r_2875_ENZ_YDR208W,0.0,0.0,0.0,0.0,0.0,0.0
r_2876_ENZ_YFR019W,0.0,0.0,0.0,0.0,0.0,0.0
r_2877_ENZ_YFR019W,0.0,0.0,0.0,0.0,0.0,0.0
r_2878_ENZ_YFR019W,0.0,0.0,0.0,0.0,0.0,0.0
r_2879_ENZ_YFR019W,0.0,0.0,0.0,0.0,0.0,0.0
r_2880_ENZ_YFR019W,0.0,0.0,0.0,0.0,0.0,0.0
r_2881_ENZ_YFR019W,0.0,0.0,0.0,0.0,0.0,0.0
r_2882_ENZ_YFR019W,0.0,0.0,0.0,0.0,0.0,0.0
r_2883_ENZ_YFR019W,0.0,0.0,0.0,0.0,0.0,0.0
r_2884_ENZ_YNR008W_REV,0.0,0.0,0.0,0.0,0.0,0.0
r_2884_ENZ_YNR008W_FWD,0.0,0.0,0.0,0.0,0.0,0.0
r_2885_ENZ_YNR008W_REV,0.0,0.0,0.0,0.0,0.00175239686372,0.0
r_2885_ENZ_YNR008W_FWD,0.0,0.0,0.0,0.0,0.0,0.0
r_2886_ENZ_YNR008W_REV,0.0,0.0,0.0,0.0,0.0,0.0
r_2886_ENZ_YNR008W_FWD,0.0,0.0,0.0,0.0,0.0,0.0
r_2887_ENZ_YNR008W_REV,0.0,0.0,0.0,0.0,0.0,0.0
r_2887_ENZ_YNR008W_FWD,0.0,0.0,0.0,0.0,0.0,0.0
r_2888_ENZ_YNR008W_REV,0.0,0.0,0.0,0.0,0.0003861162863468,0.0
r_2888_ENZ_YNR008W_FWD,0.0,0.0,0.0,0.0,0.0,0.0
r_2889_ENZ_YNR008W_REV,0.0,0.0,0.0,0.0,0.0,0.0
r_2889_ENZ_YNR008W_FWD,0.0021628999199101,0.0,0.0,0.0,0.0021385131500668,-7.69506635725683e-19
r_2890_ENZ_YNR008W_REV,0.0,0.0,0.0,0.0,0.0,-7.69506635725683e-19
r_2890_ENZ_YNR008W_FWD,0.0,0.0,0.0,0.0,0.0,0.0
r_2891_ENZ_YNR008W_REV,0.0,0.0,0.0,0.0,0.0,0.0
r_2891_ENZ_YNR008W_FWD,0.0,0.0,0.0,0.0,0.0,0.0
r_2892_ENZ_YNR008W_REV,0.0,0.0,0.0,0.0,0.0,0.0
r_2892_ENZ_YNR008W_FWD,0.0,0.0,0.0,0.0011215965150018,0.0003861162863468,0.0028162715658601
r_2893_ENZ_YNR008W_REV,0.0,0.0039694776151496,0.0,0.0,0.0,0.0004235801858186
r_2893_ENZ_YNR008W_FWD,0.0,0.0,0.0,0.0,0.0,0.0
r_2894_ENZ_YNR008W_REV,0.0,0.0,0.0,0.0,0.0,0.0
r_2894_ENZ_YNR008W_FWD,0.0,0.0010200951309614,0.0,0.0,0.0,-7.69506635725683e-19
r_2895_ENZ_YNR008W_REV,0.0,0.0,0.0,0.0,0.0,0.0
r_2895_ENZ_YNR008W_FWD,0.0,0.0,0.0,0.0,0.0,0.0
r_2896_ENZ_YNR008W_REV,0.0,0.0,0.0,0.0,0.0,0.0
r_2896_ENZ_YNR008W_FWD,0.0,0.0,0.0,0.0,0.0,0.0
r_2897_ENZ_YNR008W_REV,0.0,0.0,0.0,0.0,0.0,0.0
r_2897_ENZ_YNR008W_FWD,0.0,0.0,0.0030541056659524,0.0,0.0,0.0
r_2898_ENZ_YNR008W_REV,0.0,0.0,0.0,0.0,0.0,0.0
r_2898_ENZ_YNR008W_FWD,0.0,0.0,0.0,0.0,0.0,0.0
r_2899_ENZ_YNR008W_REV,0.0,0.0,0.0,0.0,0.0,0.0
r_2899_ENZ_YNR008W_FWD,0.0,0.0,0.0,0.0,0.0,0.0
r_2900_ENZ_YNR008W_REV,0.0,0.0,0.0,0.0,0.0,0.0
r_2900_ENZ_YNR008W_FWD,0.0,0.0,0.0,0.0,0.0,0.0
r_2901_ENZ_YNR008W_REV,0.0,0.0,0.0,0.0,0.0,0.0
r_2901_ENZ_YNR008W_FWD,0.0,0.0,0.0,0.0,0.0,0.0
r_2902_ENZ_YNR008W_REV,0.0,0.0,0.0,0.0,0.0,0.0
r_2902_ENZ_YNR008W_FWD,0.0,0.0,0.0,0.0,0.0,0.0
r_2903_ENZ_YNR008W_REV,0.0,0.0,0.0,0.0,0.0,0.0
r_2903_ENZ_YNR008W_FWD,0.0,0.0,0.0,0.0,0.0,0.0
r_2904_ENZ_YNR008W_REV,0.0,0.0,0.0,0.0,0.0,0.0
r_2904_ENZ_YNR008W_FWD,0.0,0.0,0.0,0.0,0.0,0.0
r_2905_ENZ_YNR008W_REV,0.0,0.0,0.0,0.0,0.0,0.0
r_2905_ENZ_YNR008W_FWD,0.0,0.0,0.0,0.0,0.0,0.0
r_2906_ENZ_YNR008W_REV,0.0,0.0,0.0,0.0,0.0,0.0
r_2906_ENZ_YNR008W_FWD,0.0,0.0,0.0,0.0,0.0,0.0
r_2907_ENZ_YNR008W_REV,0.0,0.0,0.0,0.0,0.0,0.0
r_2907_ENZ_YNR008W_FWD,0.0,0.0,0.0,0.0,0.0,0.0
r_2908_ENZ_YNR008W_REV,0.0,0.0,0.0,0.0,0.0,0.0
r_2908_ENZ_YNR008W_FWD,0.0,0.0,0.0,0.0,0.0,0.0
r_2909_ENZ_YNR008W_REV,0.0,0.0,0.0030541056659524,0.0,0.0,0.0023926913800414
r_2909_ENZ_YNR008W_FWD,0.0,0.0,0.0,0.0,0.0,0.0
r_2910_ENZ_YNR008W_REV,0.0,0.0,0.0,0.0,0.0,0.0
r_2910_ENZ_YNR008W_FWD,0.0,0.0,0.0,0.0,0.0,0.0
r_2911_ENZ_YNR008W_REV,0.0,0.0,0.0,0.0,0.0,0.0
r_2911_ENZ_YNR008W_FWD,0.0,0.0,0.0,0.0,0.0,0.0
r_2912_ENZ_YNR008W_REV,0.0,0.0,0.0,0.0,0.0,0.0
r_2912_ENZ_YNR008W_FWD,0.0,0.0,0.0,0.0,0.0,0.0
r_2913_ENZ_YNR008W_REV,0.0,0.0,0.0,0.0,0.0,0.0
r_2913_ENZ_YNR008W_FWD,0.0,0.0,0.0,0.0,0.0,0.0
r_2914_ENZ_YNR008W_REV,0.0,0.0,0.0,0.0,0.0,0.0
r_2914_ENZ_YNR008W_FWD,0.0,0.0,0.0,0.0,0.0,0.0
r_2915_ENZ_YNR008W_REV,0.0,0.0,0.0,0.0,0.0,0.0
r_2915_ENZ_YNR008W_FWD,0.0,0.0,0.0,0.0,0.0,0.0
r_2916_ENZ_YNR008W_REV,0.0,0.0,0.0,0.0,0.0,0.0
r_2916_ENZ_YNR008W_FWD,0.0,0.0,0.0,0.0,0.0,0.0
r_2917_ENZ_YNR008W_REV,0.0,0.0,0.0,0.0,0.0,0.0
r_2917_ENZ_YNR008W_FWD,0.0,0.0,0.0,0.0,0.0,0.0
r_2918_ENZ_YNR008W_REV,0.0,0.0,0.0,0.0,0.0,0.0
r_2918_ENZ_YNR008W_FWD,0.0,0.0,0.0,0.0,0.0,0.0
r_2919_ENZ_YNR008W_REV,0.0,0.0,0.0,0.0,0.0,0.0
r_2919_ENZ_YNR008W_FWD,0.0,0.0,0.0,0.0,0.0,0.0
r_2920_ENZ_YNR008W_REV,0.0,0.0,0.0,0.0,0.0,0.0028162715658601
r_2920_ENZ_YNR008W_FWD,0.0,0.0,0.0,0.0,0.0,0.0
r_2921_ENZ_YNR008W_REV,0.0,0.0,0.0,0.0,0.0,0.0
r_2921_ENZ_YNR008W_FWD,0.0,0.0,0.0,0.0,0.0,0.0028162715658601
r_2922_ENZ_YNR008W_REV,0.0,0.0,0.0,0.0,0.0,0.0
r_2922_ENZ_YNR008W_FWD,0.0,0.0,0.0,0.0,0.0,0.0
r_2923_ENZ_YNR008W_REV,0.0,0.0,0.0,0.0,0.0,0.0
r_2923_ENZ_YNR008W_FWD,0.0,0.0,0.0,0.0,0.0,0.0
r_2924_ENZ_YNR008W_REV,0.0,0.0,0.0,0.0,0.0,0.0
r_2924_ENZ_YNR008W_FWD,0.0,0.0,0.0,0.0050903893069226,0.0,0.0
r_2925_ENZ_YNR008W_REV,0.0,0.0,0.0,0.0062119858219245,0.0003861162863468,0.0
r_2925_ENZ_YNR008W_FWD,0.0,0.0,0.0,0.0,0.0,0.0
r_2926_ENZ_YNR008W_REV,0.0,0.0,0.0,0.0,0.0,0.0
r_2926_ENZ_YNR008W_FWD,0.0,0.0,0.0,0.0,0.0,0.0
r_2927_ENZ_YNR008W_REV,0.0,0.0,0.0,0.0,0.0,0.0
r_2927_ENZ_YNR008W_FWD,0.0,0.0,0.0,0.0,0.0,0.0
r_2928_ENZ_YNR008W_REV,0.0,0.0,0.0,0.0,0.0,0.0
r_2928_ENZ_YNR008W_FWD,0.0,0.0,0.0,0.0,0.0,0.0
r_2929_ENZ_YNR008W_REV,0.0,0.0,0.0,0.0,0.0,0.0
r_2929_ENZ_YNR008W_FWD,0.0,0.0,0.0,0.0,0.0,0.0
r_2930_ENZ_YNR008W_REV,0.0,0.0,0.0,0.0,0.0,0.0
r_2930_ENZ_YNR008W_FWD,0.0,0.0,0.0,0.0,0.0,0.0
r_2931_ENZ_YNR008W_REV,0.0,0.0,0.0,0.0,0.0,0.0
r_2931_ENZ_YNR008W_FWD,0.0,0.0,0.0,0.0,0.0,0.0
r_2932_ENZ_YNR008W_REV,0.0,0.0,0.0,0.0,0.0,0.0
r_2932_ENZ_YNR008W_FWD,0.0,0.0,0.0,0.0,0.0,0.0
r_2933_ENZ_YNR008W_REV,0.0,0.0,0.0,0.0,0.0,0.0
r_2933_ENZ_YNR008W_FWD,0.0,0.0,0.0,0.0,0.0,0.0
r_2934_ENZ_YNR008W_REV,0.0,0.0,0.0,0.0,0.0,0.0
r_2934_ENZ_YNR008W_FWD,0.0,0.0,0.0,0.0,0.0,0.0
r_2935_ENZ_YNR008W_REV,0.0,0.0,0.0,0.0,0.0,0.0
r_2935_ENZ_YNR008W_FWD,0.0,0.0,0.0,0.0,0.0,0.0
r_2936_ENZ_YNR008W_REV,0.0,0.0,0.0,0.0,0.0,0.0
r_2936_ENZ_YNR008W_FWD,0.0,0.0,0.0,0.0,0.0,0.0
r_2937_ENZ_YNR008W_REV,0.0,0.0,0.0,0.0,0.0,0.0
r_2937_ENZ_YNR008W_FWD,0.0,0.0,0.0,0.0,0.0,0.0
r_2938_ENZ_YNR008W_REV,0.0,0.0,0.0,0.0,0.0,0.0
r_2938_ENZ_YNR008W_FWD,0.0,0.0,0.0,0.0,0.0,0.0
r_2939_ENZ_YNR008W_REV,0.0,0.0,0.0,0.0,0.0,0.0
r_2939_ENZ_YNR008W_FWD,0.0,0.0,0.0,0.0,0.0,0.0
r_2940_ENZ_YNR008W_REV,0.0,0.0,0.0,0.0,0.0,0.0
r_2940_ENZ_YNR008W_FWD,0.0,0.0,0.0,0.0,0.0,0.0
r_2941_ENZ_YNR008W_REV,0.0021628999199101,0.0,0.0,0.0,0.0,-3.8358604986729e-19
r_2941_ENZ_YNR008W_FWD,0.0,0.0,0.0,0.0,0.0,0.0
r_2942_ENZ_YNR008W_REV,0.0,0.0,0.0,0.0,0.0,0.0
r_2942_ENZ_YNR008W_FWD,0.0,0.0,0.0,0.0,0.0,0.0
r_2943_ENZ_YNR008W_REV,0.0,0.0,0.0,0.0,0.0,0.0
r_2943_ENZ_YNR008W_FWD,0.0,0.0,0.0,0.0,0.0,0.0
r_2944_ENZ_YNR008W_REV,0.0,0.0,0.0,0.0062119858219245,0.0,0.0
r_2944_ENZ_YNR008W_FWD,0.0,0.0,0.0,0.0,0.0,0.0
r_2945_ENZ_YNR008W_REV,0.0,0.0,0.0,0.0,0.0,0.0
r_2945_ENZ_YNR008W_FWD,0.0,0.0039694776151496,0.0,0.0062119858219245,0.0,0.0
r_2946_ENZ_YNR008W_REV,0.0,0.0010200951309614,0.0,0.0,0.0,0.0
r_2946_ENZ_YNR008W_FWD,0.0,0.0,0.0,0.0,0.0,0.0
r_2947_ENZ_YNR008W_REV,0.0,0.0,0.0,0.0,0.0,0.0
r_2947_ENZ_YNR008W_FWD,0.0,0.0,0.0,0.0,0.0,0.0
r_2948_ENZ_YNR008W_REV,0.0,0.0,0.0,0.0,0.0,0.0
r_2948_ENZ_YNR008W_FWD,0.0,0.0,0.0,0.0,0.00175239686372,0.0
r_2949_ENZ_YNR008W_REV,0.0,0.0,0.0,0.0,0.0,0.0
r_2949_ENZ_YNR008W_FWD,0.0,0.0,0.0,0.0,0.0,0.0
r_2950_ENZ_YNR008W_REV,0.0,0.0,0.0,0.0,0.0,0.0
r_2950_ENZ_YNR008W_FWD,0.0,0.0,0.0,0.0,0.0,0.0
r_2951_ENZ_YNR008W_REV,0.0,0.0,0.0,0.0,0.0,0.0
r_2951_ENZ_YNR008W_FWD,0.0,0.0,0.0,0.0,0.0,0.0
r_2952_ENZ_YNR008W_REV,0.0021628999199101,0.0,0.0,0.0,0.00175239686372,0.0
r_2952_ENZ_YNR008W_FWD,0.0,0.0,0.0,0.0,0.0,0.0
r_2953_ENZ_YNR008W_REV,0.0,0.0,0.0,0.0,0.0,0.0
r_2953_ENZ_YNR008W_FWD,0.0,0.0,0.0,0.0,0.0,0.0
r_2954_ENZ_YNR008W_REV,0.0,0.0,0.0,0.0,0.0,0.0
r_2954_ENZ_YNR008W_FWD,0.0,0.0,0.0,0.0,0.0,0.0
r_2955_ENZ_YNR008W_REV,0.0,0.0,0.0,0.0,0.0,0.0
r_2955_ENZ_YNR008W_FWD,0.0,0.0,0.0,0.0,0.0,0.0
r_2956_ENZ_YNR008W_REV,0.0,0.0,0.0,0.0,0.0,0.0
r_2956_ENZ_YNR008W_FWD,0.0,0.0029493824841881,0.0025947541385016,0.0,0.0,0.0
r_2957_ENZ_YNR008W_REV,0.0,0.0,0.0,0.0,0.0,0.0
r_2957_ENZ_YNR008W_FWD,0.0,0.0,0.0,0.0,0.0,0.0
r_2958_ENZ_YNR008W_REV,0.0,0.0,0.0,0.0,0.0,0.0
r_2958_ENZ_YNR008W_FWD,0.0,0.0,0.0,0.0,0.0,0.0
r_2959_ENZ_YNR008W_REV,0.0,0.0,0.0,0.0,0.0,0.0
r_2959_ENZ_YNR008W_FWD,0.0,0.0,0.0,0.0,0.0,0.0
r_2960_ENZ_YNR008W_REV,0.0,0.0,0.0030541056659524,0.0,0.0,0.0
r_2960_ENZ_YNR008W_FWD,0.0,0.0,0.0,0.0,0.0,0.0
r_2961_ENZ_YNR008W_REV,0.0,0.0,0.0,0.0,0.0,0.0
r_2961_ENZ_YNR008W_FWD,0.0,0.0,0.0,0.0,0.0,0.0
r_2962_ENZ_YNR008W_REV,0.0,0.0,0.0,0.0,0.0,0.0
r_2962_ENZ_YNR008W_FWD,0.0,0.0,0.0,0.0,0.0,0.0
r_2963_ENZ_YNR008W_REV,0.0,0.0,0.0,0.0,0.0,0.0
r_2963_ENZ_YNR008W_FWD,0.0,0.0,0.0,0.0,0.0,0.0
r_2964_ENZ_YNR008W_REV,0.0,0.0,0.0,0.0,0.0,0.0
r_2964_ENZ_YNR008W_FWD,0.0,0.0,0.0,0.0,0.0,0.0
r_2965_ENZ_YNR008W_REV,0.0,0.0,0.0,0.0,0.0,0.0
r_2965_ENZ_YNR008W_FWD,0.0,0.0,0.0,0.0,0.0,0.0
r_2966_ENZ_YNR008W_REV,0.0,0.0,0.0,0.0,0.0,0.0
r_2966_ENZ_YNR008W_FWD,0.0,0.0,0.0,0.0,0.0,0.0
r_2967_ENZ_YNR008W_REV,0.0,0.0,0.0,0.0,0.0,0.0
r_2967_ENZ_YNR008W_FWD,0.0,0.0,0.0,0.0,0.0,0.0
r_2968_ENZ_YNR008W_REV,0.0011122984336657,0.0,0.0,0.0,0.0,0.0
r_2968_ENZ_YNR008W_FWD,0.0,0.0,0.0,0.0,0.0,0.0
r_2969_ENZ_YNR008W_REV,0.0,0.0,0.0,0.0,0.0,0.0
r_2969_ENZ_YNR008W_FWD,0.0011122984336657,0.0,0.0,0.0,0.0,-4.4137390573275805e-35
r_2970_ENZ_YNR008W_REV,0.0,0.0,0.0,0.0,0.0,-4.4137390573275805e-35
r_2970_ENZ_YNR008W_FWD,0.0,0.0,0.0,0.0,0.0,0.0
r_2971_ENZ_YNR008W_REV,0.0,0.0,0.0,0.0,0.0,0.0
r_2971_ENZ_YNR008W_FWD,0.0,0.0,0.0,0.0,0.0,0.0
r_2972_ENZ_YNR008W_REV,0.0,0.0,0.0,0.0,0.0,0.0
r_2972_ENZ_YNR008W_FWD,0.0,0.0,0.0,0.0,0.0,0.0
r_2973_ENZ_YNR008W_REV,0.0,0.0,0.0,0.0,0.0,0.0
r_2973_ENZ_YNR008W_FWD,0.0,0.0,0.0,0.0,0.0,0.0
r_2974_ENZ_YNR008W_REV,0.0,0.0,0.0,0.0,0.0,0.0
r_2974_ENZ_YNR008W_FWD,0.0,0.0,0.0,0.0,0.0,0.0
r_2975_ENZ_YNR008W_REV,0.0,0.0,0.0,0.0,0.0,0.0
r_2975_ENZ_YNR008W_FWD,0.0,0.0,0.0,0.0,0.0,0.0
r_2976_ENZ_YNR008W_REV,0.0,0.0,0.0,0.0,0.0,0.0
r_2976_ENZ_YNR008W_FWD,0.0,0.0,0.0,0.0,0.0,0.0
r_2977_ENZ_YNR008W_REV,0.0,0.0,0.0,0.0,0.0,0.0
r_2977_ENZ_YNR008W_FWD,0.0,0.0,0.0,0.0,0.0,0.0
r_2978_ENZ_YNR008W_REV,0.0,0.0,0.0,0.0,0.0,0.0
r_2978_ENZ_YNR008W_FWD,0.0,0.0,0.0,0.0,0.0,0.0
r_2979_ENZ_YNR008W_REV,0.0,0.0,0.0,0.0,0.0,0.0
r_2979_ENZ_YNR008W_FWD,0.0,0.0,0.0,0.0,0.0,0.0
r_2980_ENZ_YNR008W_REV,0.0,0.0,0.0,0.0,0.0,0.0
r_2980_ENZ_YNR008W_FWD,0.0,0.0,0.0,0.0,0.0,0.0
r_2981_ENZ_YNR008W_REV,0.0,0.0,0.0,0.0,0.0,0.0
r_2981_ENZ_YNR008W_FWD,0.0,0.0,0.0,0.0,0.0,4.4137390573275805e-35
r_2982_ENZ_YNR008W_REV,0.0,0.0,0.0,0.0,0.0,0.0
r_2982_ENZ_YNR008W_FWD,0.0,0.0,0.0,0.0,0.0,-4.4137390573275805e-35
r_2983_ENZ_YNR008W_REV,0.0,0.0,0.0,0.0,0.0,0.0
r_2983_ENZ_YNR008W_FWD,0.0,0.0,0.0,0.0,0.0,0.0
r_2984_ENZ_YNR008W_REV,0.0,0.0,0.0,0.0,0.0,0.0
r_2984_ENZ_YNR008W_FWD,0.0,0.0,0.0,0.0,0.0,0.0
r_2985_ENZ_YNR008W_REV,0.0,0.0,0.0,0.0,0.0,0.0
r_2985_ENZ_YNR008W_FWD,0.0,0.0,0.0,0.0,0.0,0.0
r_2986_ENZ_YNR008W_REV,0.0,0.0,0.0,0.0,0.0,0.0
r_2986_ENZ_YNR008W_FWD,0.0,0.0,0.0,0.0,0.0,0.0
r_2987_ENZ_YNR008W_REV,0.0,0.0,0.0,0.0,0.0,-3.8358604986729e-19
r_2987_ENZ_YNR008W_FWD,0.0,0.0,0.0,0.0,0.0,0.0
r_2988_ENZ_YNR008W_REV,0.0,0.0,0.0013116546506401,0.0,0.0,0.0
r_2988_ENZ_YNR008W_FWD,0.0,0.0,0.0,0.0,0.0,0.0
r_2989_ENZ_YNR008W_REV,0.0,0.0,0.0,0.0,0.0,0.0
r_2989_ENZ_YNR008W_FWD,0.0,0.0,0.0,0.0,0.0,0.0
r_2990_ENZ_YNR008W_REV,0.0,0.0,0.0,0.0,0.0,0.0
r_2990_ENZ_YNR008W_FWD,0.0,0.0,0.0,0.0,0.0,0.0
r_2991_ENZ_YNR008W_REV,0.0,0.0,0.0,0.0,0.0,0.0
r_2991_ENZ_YNR008W_FWD,0.0,0.0,0.0,0.0,0.0,0.0
r_2992_ENZ_YNR008W_REV,0.0,0.0,0.0,0.0,0.0,0.0
r_2992_ENZ_YNR008W_FWD,0.0,0.0,0.0,0.0,0.0,0.0
r_2993_ENZ_YNR008W_REV,0.0,0.0,0.0,0.0,0.0,0.0
r_2993_ENZ_YNR008W_FWD,0.0,0.0,0.0,0.0,0.0,0.0
r_2994_ENZ_YNR008W_REV,0.0,0.0,0.0,0.0,0.0,0.0
r_2994_ENZ_YNR008W_FWD,0.0,0.0,0.0,0.0,0.0,0.0
r_2995_ENZ_YNR008W_REV,0.0,0.0,0.0,0.0,0.0,0.0
r_2995_ENZ_YNR008W_FWD,0.0,0.0,0.0,0.0,0.0,0.0
r_2996_ENZ_YNR008W_REV,0.0,0.0,0.0,0.0,0.0,0.0
r_2996_ENZ_YNR008W_FWD,0.0,0.0,0.0,0.0,0.0,0.0
r_2997_ENZ_YNR008W_REV,0.0011122984336657,0.0,0.0,0.0,0.0,0.0
r_2997_ENZ_YNR008W_FWD,0.0,0.0,0.0,0.0,0.0,0.0
r_2998_ENZ_YNR008W_REV,0.0,0.0,0.0,0.0,0.0,0.0
r_2998_ENZ_YNR008W_FWD,0.0,0.0,0.0,0.0,0.0,0.0
r_2999_ENZ_YNR008W_REV,0.0,0.0,0.0,0.0,0.0,0.0
r_2999_ENZ_YNR008W_FWD,0.0,0.0,0.0,0.0,0.0,0.0
r_3000_ENZ_YNR008W_REV,0.0,0.0,0.0,0.0,0.0,0.0
r_3000_ENZ_YNR008W_FWD,0.0,0.0,0.0,0.0,0.0,0.0
r_3001_ENZ_YNR008W_REV,0.0,0.0,0.0,0.0,0.0,0.0
r_3001_ENZ_YNR008W_FWD,0.0,0.0,0.0,0.0,0.0,0.0
r_3002_ENZ_YNR008W_REV,0.0,0.0,0.0,0.0,0.0,0.0
r_3002_ENZ_YNR008W_FWD,0.0,0.0,0.0,0.0,0.0,0.0
r_3003_ENZ_YNR008W_REV,0.0,0.0,0.0,0.0,0.0,0.0
r_3003_ENZ_YNR008W_FWD,0.0,0.0,0.0,0.0,0.0,0.0
r_3004_ENZ_YNR008W_REV,0.0,0.0,0.0,0.0,0.0,0.0
r_3004_ENZ_YNR008W_FWD,0.0,0.0,0.0,0.0,0.0,0.0
r_3005_ENZ_YNR008W_REV,0.0,0.0,0.0,0.0,0.0,0.0
r_3005_ENZ_YNR008W_FWD,0.0,0.0,0.0,0.0,0.0,0.0
r_3006_ENZ_YNR008W_REV,0.0,0.0,0.0,0.0,0.0,0.0
r_3006_ENZ_YNR008W_FWD,0.0,0.0,0.0,0.0,0.0,0.0
r_3007_ENZ_YNR008W_REV,0.0,0.0,0.0,0.0,0.0,0.0
r_3007_ENZ_YNR008W_FWD,0.0,0.0,0.0,0.0,0.0,-3.8358604986729e-19
r_3008_ENZ_YNR008W_REV,0.0,0.0029493824841881,0.0,0.0,0.0,0.0
r_3008_ENZ_YNR008W_FWD,0.0,0.0,0.0,0.0,0.0,0.0
r_3009_ENZ_YNR008W_REV,0.0,0.0,0.0,0.0,0.0,0.0
r_3009_ENZ_YNR008W_FWD,0.0,0.0,0.0,0.0,0.0,0.0
r_3010_ENZ_YNR008W_REV,0.0,0.0,0.0,0.0,0.0,0.0
r_3010_ENZ_YNR008W_FWD,0.0,0.0,0.0,0.0,0.0,0.0
r_3011_ENZ_YNR008W_REV,0.0,0.0,0.0,0.0,0.0,0.0
r_3011_ENZ_YNR008W_FWD,0.0,0.0,0.0,0.0,0.0,0.0
r_3022_ENZ_YML059C,0.0,0.0,0.0017710061780909,0.0,0.0,0.0
r_3023_ENZ_YML059C,0.0,0.0,0.0,0.0,0.0,0.0
r_3024_ENZ_YML059C,0.0,0.0,0.0,0.0,0.0,0.0
r_3025_ENZ_YML059C,0.0,0.0,0.0,0.0,0.0,0.0
r_3026_ENZ_YML059C,0.0032751983535758,0.0,0.0,0.0,0.0,0.0
r_3027_ENZ_YML059C,0.0,0.0,0.0,0.0,0.0,0.0
r_3028_ENZ_YML059C,0.0,0.0,0.0,0.0,0.0,0.0
r_3029_ENZ_YML059C,0.0,0.0,0.0,0.0,0.0,0.0
r_3030_ENZ_YML059C,0.0,0.0,0.0,0.0,0.0,0.0
r_3031_ENZ_YML059C,0.0,0.0,0.0,0.0,0.0,0.0
r_3032_ENZ_YML059C,0.0,0.0,0.0,0.0,0.0,0.0
r_3033_ENZ_YML059C,0.0,0.0,0.0,0.0,0.0,0.0
r_3034_ENZ_YMR008C,0.0,0.0,0.0,0.0,0.0,0.0
r_3035_ENZ_YMR008C,0.0,0.0,0.0,0.0,0.0,0.0
r_3036_ENZ_YMR008C,0.0,0.0,0.0,0.0,0.0,0.0
r_3037_ENZ_YMR008C,0.0,0.0,0.0,0.0,0.0,0.0
r_3038_ENZ_YMR008C,0.0,0.0,0.0,0.0,0.0,0.0
r_3039_ENZ_YMR008C,0.0,0.0,0.0,0.0,0.0,0.0
r_3040_ENZ_YMR008C,0.0,0.0,0.0,0.0,0.0,0.0
r_3041_ENZ_YMR008C,0.0,0.0,0.0,0.0,0.0,0.0
r_3042_ENZ_YMR008C,0.0,0.0,0.0,0.0,0.0,0.0
r_3043_ENZ_YMR008C,0.0,0.0,0.0,0.0,0.0,0.0
r_3044_ENZ_YMR008C,0.0,0.0,0.0,0.0,0.0,0.0
r_3045_ENZ_YMR008C,0.0,0.0,0.0,0.0,0.0,0.0
r_3046_ENZ_YMR006C,0.0,0.0,0.0,0.0,0.0,0.0
r_3046_ENZ_YMR008C,0.0,0.0,0.0,0.0,0.0,0.0
r_3047_ENZ_YMR006C,0.0,0.0,0.0,0.0,0.0,0.0
r_3047_ENZ_YMR008C,0.0,0.0,0.0,0.0,0.0,0.0
r_3048_ENZ_YMR006C,0.0,0.0,0.0,0.0,0.0,0.0
r_3048_ENZ_YMR008C,0.0,0.0,0.0,0.0,0.0,0.0
r_3049_ENZ_YMR006C,0.0,0.0,0.0,0.0,0.0,0.0
r_3049_ENZ_YMR008C,0.0,0.0,0.0,0.0,0.0,0.0
r_3050_ENZ_YMR006C,0.0,0.0,0.0,0.0,0.0,0.0
r_3050_ENZ_YMR008C,0.0,0.0,0.0,0.0,0.0,0.0
r_3051_ENZ_YMR006C,0.0,0.0,0.0,0.0,0.0,0.0
r_3051_ENZ_YMR008C,0.0,0.0,0.0,0.0,0.0,0.0
r_3052_ENZ_YMR006C,0.0,0.0,0.0,0.0,0.0,0.0
r_3052_ENZ_YMR008C,0.0,0.0,0.0,0.0,0.0,0.0
r_3053_ENZ_YMR006C,0.0,0.0,0.0,0.0,0.0,0.0
r_3053_ENZ_YMR008C,0.0,0.0,0.0,0.0,0.0,0.0
r_3054_ENZ_YMR006C,0.0,0.0,0.0,0.0,0.0,0.0
r_3054_ENZ_YMR008C,0.0,0.0,0.0,0.0,0.0,0.0
r_3055_ENZ_YMR006C,0.0,0.0,0.0,0.0,0.0,0.0
r_3055_ENZ_YMR008C,0.0,0.0,0.0,0.0,0.0,0.0
r_3056_ENZ_YMR006C,0.0,0.0,0.0,0.0,0.0,0.0
r_3056_ENZ_YMR008C,0.0,0.0,0.0,0.0,0.0,0.0
r_3057_ENZ_YMR006C,0.0,0.0,0.0,0.0,0.0,0.0
r_3057_ENZ_YMR008C,0.0,0.0,0.0,0.0,0.0,0.0
r_3058_ENZ_YMR006C,0.0,0.0,0.0,0.0,0.0,0.0
r_3058_ENZ_YOL011W,0.0,0.0,0.0,0.0,0.0,0.0
r_3059_ENZ_YMR006C,0.0,0.0,0.0,0.0,0.0,0.0
r_3059_ENZ_YOL011W,0.0,0.0,0.0,0.0,0.0,0.0
r_3060_ENZ_YMR006C,0.0,0.0,0.0,0.0,0.0,0.0
r_3060_ENZ_YOL011W,0.0,0.0,0.0,0.0,0.0,0.0
r_3061_ENZ_YMR006C,0.0,0.0,0.0,0.0,0.0,0.0
r_3061_ENZ_YOL011W,0.0,0.0,0.0,0.0,0.0,0.0
r_3062_ENZ_YMR006C,0.0,0.0,0.0,0.0,0.0,0.0
r_3062_ENZ_YOL011W,0.0,0.0,0.0,0.0,0.0,0.0
r_3063_ENZ_YMR006C,0.0,0.0,0.0,0.0,0.0,0.0
r_3063_ENZ_YOL011W,0.0,0.0,0.0,0.0,0.0,0.0
r_3064_ENZ_YMR006C,0.0,0.0,0.0,0.0,0.0,0.0
r_3064_ENZ_YOL011W,0.0,0.0,0.0,0.0,0.0,0.0
r_3065_ENZ_YMR006C,0.0,0.0,0.0,0.0,0.0,0.0
r_3065_ENZ_YOL011W,0.0,0.0,0.0,0.0,0.0,0.0
r_3066_ENZ_YMR006C,0.0,0.0,0.0,0.0,0.0,0.0
r_3066_ENZ_YOL011W,0.0,0.0,0.0,0.0,0.0,0.0
r_3067_ENZ_YMR006C,0.0,0.0,0.0,0.0,0.0,0.0
r_3067_ENZ_YOL011W,0.0,0.0,0.0,0.0,0.0,0.0
r_3068_ENZ_YMR006C,0.0,0.0,0.0,0.0,0.0,0.0
r_3068_ENZ_YOL011W,0.0,0.0,0.0,0.0,0.0,0.0
r_3069_ENZ_YMR006C,0.0,0.0,0.0,0.0,0.0,0.0
r_3069_ENZ_YOL011W,0.0,0.0,0.0,0.0,0.0,0.0
r_3070_ENZ_YOL011W,0.0,0.0,0.0,0.0,0.0,-3.8358604986729e-19
r_3071_ENZ_YOL011W,0.0,0.0,0.0,0.0,0.0,0.0
r_3072_ENZ_YOL011W,0.0,0.0,0.0,0.0,0.0,0.0
r_3073_ENZ_YOL011W,0.0,0.0,0.0,0.0,0.0,0.0
r_3074_ENZ_YOL011W,0.0,0.0,0.0,0.0,0.0,3.8358604986729e-19
r_3075_ENZ_YOL011W,0.0,0.0,0.0,0.0,0.0,3.8358604986729e-19
r_3076_ENZ_YOL011W,0.0,0.0,0.0,0.0,0.0,-6.812651569048699e-19
r_3077_ENZ_YOL011W,0.0,0.0,0.0,0.0,0.0,1.7148355722176902e-19
r_3078_ENZ_YOL011W,0.0,0.0,0.0,0.0,0.0,0.0
r_3079_ENZ_YOL011W,0.0,0.0,0.0,0.0,0.0,3.8358604986729e-19
r_3080_ENZ_YOL011W,0.0,0.0,0.0,0.0,0.0,-5.550696070890591e-19
r_3081_ENZ_YOL011W,0.0,0.0,0.0,0.0,0.0,1.7148355722176902e-19
r_3082_ENZ_YPL268W,0.0,0.0,0.0,0.0,0.0,0.0
r_3083_ENZ_YPL268W,0.0,0.0,0.0,0.0,0.0,0.0
r_3084_ENZ_YPL268W,0.0,0.0,0.0,0.0,0.0,0.0
r_3085_ENZ_YPL268W,0.0,0.0,0.0,0.0,0.0,0.0
r_3086_ENZ_YPL268W,0.0,0.0,0.0,0.0,0.0,0.0
r_3087_ENZ_YPL268W,0.0,0.0,0.0,0.0,0.0,0.0
r_3088_ENZ_YPL268W,0.0,0.0,0.0,0.0,0.0,0.0
r_3089_ENZ_YPL268W,0.0,0.0,0.0,0.0,0.0,0.0
r_3090_ENZ_YPL268W,0.0,0.0,0.0,0.0,0.0,0.0
r_3091_ENZ_YPL268W,0.0,0.0,0.0,0.0,0.0,0.0
r_3092_ENZ_YPL268W,0.0,0.0,0.0,0.0,0.0,0.0
r_3093_ENZ_YPL268W,0.0,0.0,0.0,0.0,0.0,0.0
r_3094_ENZ_YPL268W,0.0,0.0,0.0,0.0,0.0,0.0
r_3095_ENZ_YPL268W,0.0,0.0,0.0,0.0,0.0,0.0
r_3096_ENZ_YPL268W,0.0,0.0,0.0,0.0,0.0,0.0
r_3097_ENZ_YPL268W,0.0,0.0,0.0,0.0,0.0,0.0
r_3098_ENZ_YPL206C,0.0,0.0,0.0,0.0,0.0,0.0
r_3099_ENZ_YPL206C,0.0,0.0,0.0,0.0,0.0,0.0
r_3100_ENZ_YPL206C,0.0,0.0,0.0,0.0,0.0,0.0
r_3101_ENZ_YPL206C,0.0,0.0,0.0,0.0,0.0,0.0
r_3102_ENZ_YPL206C,0.0,0.0,0.0,0.0,0.0,0.0
r_3103_ENZ_YPL206C,0.0,0.0,0.0,0.0,0.0,0.0
r_3104_ENZ_YKR031C,0.0,0.0,0.0,0.0,0.0,0.0
r_3105_ENZ_YKR031C,0.0,0.0,0.0,0.0,0.0,0.0
r_3106_ENZ_YKR031C,0.0,0.0,0.0,0.0,0.0,0.0
r_3107_ENZ_YKR031C,0.0,0.0,0.0,0.0,0.0,0.0
r_3108_ENZ_YKR031C,0.0,0.0,0.0,0.0,0.0,3.8358604986729e-19
r_3109_ENZ_YKR031C,0.0,0.0,0.0,0.0,0.0,0.0
r_3110_ENZ_YKR031C,0.0,0.0,0.0,0.0,0.0,0.0
r_3111_ENZ_YKR031C,0.0,0.0,0.0,0.0,0.0,-3.8358604986729e-19
r_3112_ENZ_YNL106C,0.0,0.0,0.0,0.0,0.0,0.0
r_3112_ENZ_YOR109W,0.0,0.0,0.0,0.0,0.0,0.0
r_3113_ENZ_YNL106C,0.0,0.0,0.0,0.0,0.0,0.0
r_3113_ENZ_YOR109W,0.0,0.0,0.0,0.0,0.0,0.0
r_3114_ENZ_YNL106C,0.0,0.0,0.0,0.0,0.0,0.0
r_3114_ENZ_YOR109W,0.0,0.0,0.0,0.0,0.0,0.0
r_3115_ENZ_YNL106C,0.0,0.0,0.0,0.0,0.0,0.0
r_3115_ENZ_YOR109W,0.0,0.0,0.0,0.0,0.0,0.0
r_3116_ENZ_YNL106C,0.0,0.0,0.0,0.0,0.0,0.0
r_3116_ENZ_YOR109W,0.0,0.0,0.0,0.0,0.0,0.0
r_3117_ENZ_YNL106C,0.0,0.0,0.0,0.0,0.0,0.0
r_3117_ENZ_YOR109W,0.0,0.0,0.0,0.0,0.0,0.0
r_3118_ENZ_YNL106C,0.0,0.0,0.0,0.0,0.0,0.0
r_3118_ENZ_YOR109W,0.0,0.0,0.0,0.0,0.0,0.0
r_3119_ENZ_YNL106C,0.0,0.0,0.0,0.0,0.0,0.0
r_3119_ENZ_YOR109W,0.0,0.0,0.0,0.0,0.0,0.0
r_3120_ENZ_YJR110W,0.0,0.0,0.0,0.0,0.0,0.0
r_3120_ENZ_YNL106C,0.0,0.0,0.0,0.0,0.0,0.0
r_3120_ENZ_YOR109W,0.0,0.0,0.0,0.0,0.0,0.0
r_3121_ENZ_YJR110W,0.0,0.0,0.0,0.0,0.0,0.0
r_3121_ENZ_YNL106C,0.0,0.0,0.0,0.0,0.0,0.0
r_3121_ENZ_YOR109W,0.0,0.0,0.0,0.0,0.0,0.0
r_3122_ENZ_YJR110W,0.0,0.0,0.0,0.0,0.0,0.0
r_3122_ENZ_YNL106C,0.0,0.0,0.0,0.0,0.0,0.0
r_3122_ENZ_YOR109W,0.0,0.0,0.0,0.0,0.0,0.0
r_3123_ENZ_YJR110W,0.0,0.0,0.0,0.0,0.0,0.0
r_3123_ENZ_YNL106C,0.0,0.0,0.0,0.0,0.0,0.0
r_3123_ENZ_YOR109W,0.0,0.0,0.0,0.0,0.0,0.0
r_3124_ENZ_YJR110W,0.0,0.0,0.0,0.0,0.0,0.0
r_3124_ENZ_YNL106C,0.0,0.0,0.0,0.0,0.0,0.0
r_3124_ENZ_YOR109W,0.0,0.0,0.0,0.0,0.0,0.0
r_3125_ENZ_YJR110W,0.0,0.0,0.0,0.0,0.0,0.0
r_3125_ENZ_YNL106C,0.0,0.0,0.0,0.0,0.0,0.0
r_3125_ENZ_YOR109W,0.0,0.0,0.0,0.0,0.0,0.0
r_3126_ENZ_YJR110W,0.0,0.0,0.0,0.0,0.0,0.0
r_3126_ENZ_YNL106C,0.0,0.0,0.0,0.0,0.0,0.0
r_3126_ENZ_YOR109W,0.0,0.0,0.0,0.0,0.0,0.0
r_3127_ENZ_YJR110W,0.0,0.0,0.0,0.0,0.0,0.0
r_3127_ENZ_YNL106C,0.0,0.0,0.0,0.0,0.0,0.0
r_3127_ENZ_YOR109W,0.0,0.0,0.0,0.0,0.0,0.0
r_3128_ENZ_YKL212W,0.0,0.0,0.0,0.0,0.0,0.0
r_3129_ENZ_YKL212W,0.0,0.0,0.0,0.0,0.0,0.0
r_3130_ENZ_YKL212W,0.0,0.0,0.0,0.0,0.0,0.0
r_3131_ENZ_YKL212W,0.0,0.0,0.0,0.0,0.0,0.0
r_3132_ENZ_YKL212W,0.0,0.0,0.0,0.0,0.0,0.0
r_3133_ENZ_YKL212W,0.0,0.0,0.0,0.0,0.0,0.0
r_3134_ENZ_YKL212W,0.0,0.0,0.0,0.0,0.0,0.0
r_3135_ENZ_YKL212W,0.0,0.0,0.0,0.0,0.0,0.0
r_3136_ENZ_YKL212W,0.0,0.0,0.0,0.0,0.0,0.0
r_3137_ENZ_YKL212W,0.0,0.0,0.0,0.0,0.0,0.0
r_3138_ENZ_YKL212W,0.0,0.0,0.0,0.0,0.0,0.0
r_3139_ENZ_YKL212W,0.0,0.0,0.0,0.0,0.0,0.0
r_3140_ENZ_YKL212W,0.0,0.0,0.0,0.0,0.0,0.0
r_3141_ENZ_YKL212W,0.0,0.0,0.0,0.0,0.0,0.0
r_3142_ENZ_YKL212W,0.0,0.0,0.0,0.0,0.0,0.0
r_3143_ENZ_YKL212W,0.0,0.0,0.0,0.0,0.0,0.0
r_3144_ENZ_YNL106C,0.0,0.0,0.0,0.0,0.0,0.0
r_3144_ENZ_YOR109W,0.0,0.0,0.0,0.0,0.0,0.0
r_3145_ENZ_YNL106C,0.0,0.0,0.0,0.0,0.0,0.0
r_3145_ENZ_YOR109W,0.0,0.0,0.0,0.0,0.0,0.0
r_3146_ENZ_YNL106C,0.0,0.0,0.0,0.0,0.0,0.0
r_3146_ENZ_YOR109W,0.0,0.0,0.0,0.0,0.0,0.0
r_3147_ENZ_YNL106C,0.0,0.0,0.0,0.0,0.0,0.0
r_3147_ENZ_YOR109W,0.0,0.0,0.0,0.0,0.0,0.0
r_3148_ENZ_YNL106C,0.0,0.0,0.0,0.0,0.0,0.0
r_3148_ENZ_YOR109W,0.0,0.0,0.0,0.0,0.0,0.0
r_3149_ENZ_YNL106C,0.0,0.0,0.0,0.0,0.0,0.0
r_3149_ENZ_YOR109W,0.0,0.0,0.0,0.0,0.0,0.0
r_3150_ENZ_YNL106C,0.0,0.0,0.0,0.0,0.0,0.0
r_3150_ENZ_YOR109W,0.0,0.0,0.0,0.0,0.0,0.0
r_3151_ENZ_YNL106C,0.0,0.0,0.0,0.0,0.0,0.0
r_3151_ENZ_YOR109W,0.0,0.0,0.0,0.0,0.0,0.0
r_3152_ENZ_YNL106C,0.0,0.0,0.0,0.0,0.0,0.0
r_3152_ENZ_YOR109W,0.0,0.0,0.0,0.0,0.0,0.0
r_3153_ENZ_YNL106C,0.0,0.0,0.0,0.0,0.0,0.0
r_3153_ENZ_YOR109W,0.0,0.0,0.0,0.0,0.0,0.0
r_3154_ENZ_YNL106C,0.0,0.0,0.0,0.0,0.0,0.0
r_3154_ENZ_YOR109W,0.0,0.0,0.0,0.0,0.0,0.0
r_3155_ENZ_YNL106C,0.0,0.0,0.0,0.0,0.0,0.0
r_3155_ENZ_YOR109W,0.0,0.0,0.0,0.0,0.0,0.0
r_3156_ENZ_YNL106C,0.0,0.0,0.0,0.0,0.0,0.0
r_3156_ENZ_YOR109W,0.0,0.0,0.0,0.0,0.0,0.0
r_3157_ENZ_YNL106C,0.0,0.0,0.0,0.0,0.0,0.0
r_3157_ENZ_YOR109W,0.0,0.0,0.0,0.0,0.0,0.0
r_3158_ENZ_YNL106C,0.0,0.0,0.0,0.0,0.0,0.0
r_3158_ENZ_YOR109W,0.0,0.0,0.0,0.0,0.0,0.0
r_3159_ENZ_YNL106C,0.0,0.0,0.0,0.0,0.0,0.0
r_3159_ENZ_YOR109W,0.0,0.0,0.0,0.0,0.0,0.0
r_3160_ENZ_YKL212W,0.0,0.0,0.0,0.0,0.0,0.0
r_3161_ENZ_YKL212W,0.0,0.0,0.0,0.0,0.0,0.0
r_3162_ENZ_YKL212W,0.0,0.0,0.0,0.0,0.0,0.0
r_3163_ENZ_YKL212W,0.0,0.0,0.0,0.0,0.0,0.0
r_3164_ENZ_YKL212W,0.0,0.0,0.0,0.0,0.0,0.0
r_3165_ENZ_YKL212W,0.0,0.0,0.0,0.0,0.0,0.0
r_3166_ENZ_YKL212W,0.0,0.0,0.0,0.0,0.0,0.0
r_3167_ENZ_YKL212W,0.0,0.0,0.0,0.0,0.0,0.0
r_3168_ENZ_YKL212W,0.0,0.0,0.0,0.0,0.0,0.0
r_3169_ENZ_YKL212W,0.0,0.0,0.0,0.0,0.0,0.0
r_3170_ENZ_YKL212W,0.0,0.0,0.0,0.0,0.0,0.0
r_3171_ENZ_YKL212W,0.0,0.0,0.0,0.0,0.0,0.0
r_3172_ENZ_YKL212W,0.0,0.0,0.0,0.0,0.0,0.0
r_3173_ENZ_YKL212W,0.0,0.0,0.0,0.0,0.0,0.0
r_3174_ENZ_YKL212W,0.0,0.0,0.0,0.0,0.0,0.0
r_3175_ENZ_YKL212W,0.0,0.0,0.0,0.0,0.0,0.0
r_3176_ENZ_YNL106C,0.0,0.0,0.0,0.0,0.0,0.0
r_3176_ENZ_YOR109W,0.0,0.0,0.0,0.0,0.0,0.0
r_3177_ENZ_YNL106C,0.0,0.0,0.0,0.0,0.0,0.0
r_3177_ENZ_YOR109W,0.0,0.0,0.0,0.0,0.0,0.0
r_3178_ENZ_YNL106C,0.0,0.0,0.0,0.0,0.0,0.0
r_3178_ENZ_YOR109W,0.0,0.0,0.0,0.0,0.0,0.0
r_3179_ENZ_YNL106C,0.0,0.0,0.0,0.0,0.0,0.0
r_3179_ENZ_YOR109W,0.0,0.0,0.0,0.0,0.0,0.0
r_3180_ENZ_YNL106C,0.0,0.0,0.0,0.0,0.0,0.0
r_3180_ENZ_YOR109W,0.0,0.0,0.0,0.0,0.0,0.0
r_3181_ENZ_YNL106C,0.0,0.0,0.0,0.0,0.0,0.0
r_3181_ENZ_YOR109W,0.0,0.0,0.0,0.0,0.0,0.0
r_3182_ENZ_YNL106C,0.0,0.0,0.0,0.0,0.0,0.0
r_3182_ENZ_YOR109W,0.0,0.0,0.0,0.0,0.0,0.0
r_3183_ENZ_YNL106C,0.0,0.0,0.0,0.0,0.0,0.0
r_3183_ENZ_YOR109W,0.0,0.0,0.0,0.0,0.0,0.0
r_3184_ENZ_YNL106C,0.0,0.0,0.0,0.0,0.0,0.0
r_3184_ENZ_YOR109W,0.0,0.0,0.0,0.0,0.0,0.0
r_3185_ENZ_YNL106C,0.0,0.0,0.0,0.0,0.0,0.0
r_3185_ENZ_YOR109W,0.0,0.0,0.0,0.0,0.0,0.0
r_3186_ENZ_YNL106C,0.0,0.0,0.0,0.0,0.0,0.0
r_3186_ENZ_YOR109W,0.0,0.0,0.0,0.0,0.0,0.0
r_3187_ENZ_YNL106C,0.0,0.0,0.0,0.0,0.0,0.0
r_3187_ENZ_YOR109W,0.0,0.0,0.0,0.0,0.0,0.0
r_3188_ENZ_YNL106C,0.0,0.0,0.0,0.0,0.0,0.0
r_3188_ENZ_YOR109W,0.0,0.0,0.0,0.0,0.0,0.0
r_3189_ENZ_YNL106C,0.0,0.0,0.0,0.0,0.0,0.0
r_3189_ENZ_YOR109W,0.0,0.0,0.0,0.0,0.0,0.0
r_3190_ENZ_YNL106C,0.0,0.0,0.0,0.0,0.0,0.0
r_3190_ENZ_YOR109W,0.0,0.0,0.0,0.0,0.0,0.0
r_3191_ENZ_YNL106C,0.0,0.0,0.0,0.0,0.0,0.0
r_3191_ENZ_YOR109W,0.0,0.0,0.0,0.0,0.0,0.0
r_3192_ENZ_YIL002C,0.0,0.0,0.0,0.0,0.0,0.0
r_3192_ENZ_YNL106C,0.0,0.0,0.0,0.0,0.0,0.0
r_3192_ENZ_YOR109W,0.0,0.0,0.0,0.0,0.0,0.0
r_3193_ENZ_YIL002C,0.0,0.0,0.0,0.0,0.0,0.0
r_3193_ENZ_YNL106C,0.0,0.0,0.0,0.0,0.0,0.0
r_3193_ENZ_YOR109W,0.0,0.0,0.0,0.0,0.0,0.0
r_3194_ENZ_YIL002C,0.0,0.0,0.0,0.0,0.0,0.0
r_3194_ENZ_YNL106C,0.0,0.0,0.0,0.0,0.0,0.0
r_3194_ENZ_YOR109W,0.0,0.0,0.0,0.0,0.0,0.0
r_3195_ENZ_YIL002C,0.0,0.0,0.0,0.0,0.0,0.0
r_3195_ENZ_YNL106C,0.0,0.0,0.0,0.0,0.0,0.0
r_3195_ENZ_YOR109W,0.0,0.0,0.0,0.0,0.0,0.0
r_3196_ENZ_YIL002C,0.0,0.0,0.0,0.0,0.0,0.0
r_3196_ENZ_YNL106C,0.0,0.0,0.0,0.0,0.0,0.0
r_3196_ENZ_YOR109W,0.0,0.0,0.0,0.0,0.0,0.0
r_3197_ENZ_YIL002C,0.0,0.0,0.0,0.0,0.0,0.0
r_3197_ENZ_YNL106C,0.0,0.0,0.0,0.0,0.0,0.0
r_3197_ENZ_YOR109W,0.0,0.0,0.0,0.0,0.0,0.0
r_3198_ENZ_YIL002C,0.0,0.0,0.0,0.0,0.0,0.0
r_3198_ENZ_YNL106C,0.0,0.0,0.0,0.0,0.0,0.0
r_3198_ENZ_YOR109W,0.0,0.0,0.0,0.0,0.0,0.0
r_3199_ENZ_YIL002C,0.0,0.0,0.0,0.0,0.0,0.0
r_3199_ENZ_YNL106C,0.0,0.0,0.0,0.0,0.0,0.0
r_3199_ENZ_YOR109W,0.0,0.0,0.0,0.0,0.0,0.0
r_3200_ENZ_YIL002C,0.0,0.0,0.0,0.0,0.0,0.0
r_3200_ENZ_YNL106C,0.0,0.0,0.0,0.0,0.0,0.0
r_3200_ENZ_YOR109W,0.0,0.0,0.0,0.0,0.0,0.0
r_3201_ENZ_YIL002C,0.0,0.0,0.0,0.0,0.0,0.0
r_3201_ENZ_YNL106C,0.0,0.0,0.0,0.0,0.0,0.0
r_3201_ENZ_YOR109W,0.0,0.0,0.0,0.0,0.0,0.0
r_3202_ENZ_YIL002C,0.0,0.0,0.0,0.0,0.0,0.0
r_3202_ENZ_YNL106C,0.0,0.0,0.0,0.0,0.0,0.0
r_3202_ENZ_YOR109W,0.0,0.0,0.0,0.0,0.0,0.0
r_3203_ENZ_YIL002C,0.0,0.0,0.0,0.0,0.0,0.0
r_3203_ENZ_YNL106C,0.0,0.0,0.0,0.0,0.0,0.0
r_3203_ENZ_YOR109W,0.0,0.0,0.0,0.0,0.0,0.0
r_3204_ENZ_YIL002C,0.0,0.0,0.0,0.0,0.0,0.0
r_3204_ENZ_YNL106C,0.0,0.0,0.0,0.0,0.0,0.0
r_3204_ENZ_YOR109W,0.0,0.0,0.0,0.0,0.0,0.0
r_3205_ENZ_YIL002C,0.0,0.0,0.0,0.0,0.0,0.0
r_3205_ENZ_YNL106C,0.0,0.0,0.0,0.0,0.0,0.0
r_3205_ENZ_YOR109W,0.0,0.0,0.0,0.0,0.0,0.0
r_3206_ENZ_YIL002C,0.0,0.0,0.0,0.0,0.0,0.0
r_3206_ENZ_YNL106C,0.0,0.0,0.0,0.0,0.0,0.0
r_3206_ENZ_YOR109W,0.0,0.0,0.0,0.0,0.0,0.0
r_3207_ENZ_YIL002C,0.0,0.0,0.0,0.0,0.0,0.0
r_3207_ENZ_YNL106C,0.0,0.0,0.0,0.0,0.0,0.0
r_3207_ENZ_YOR109W,0.0,0.0,0.0,0.0,0.0,0.0
r_3208_ENZ_YOL065C,0.0,0.0,0.0,0.0,0.0,0.0
r_3209_ENZ_YOL065C,0.0,0.0,0.0,0.0,0.0,0.0
r_3210_ENZ_YOL065C,0.0,0.0,0.0,0.0,0.0,0.0
r_3211_ENZ_YOL065C,0.0,0.0,0.0,0.0,0.0,0.0
r_3212_ENZ_YOL065C,0.0,0.0,0.0,0.0,0.0,0.0
r_3213_ENZ_YOL065C,0.0,0.0,0.0,0.0,0.0,0.0
r_3214_ENZ_YOL065C,0.0,0.0,0.0,0.0,0.0,0.0
r_3215_ENZ_YOL065C,0.0,0.0,0.0,0.0,0.0,0.0
r_3216_ENZ_YFR019W_and_YNL325C_and_YFR021W_and_YNL054W_and_YLR386W,0.0,0.0,0.0,0.0,0.0,0.0
r_3217_ENZ_YFR019W_and_YNL325C_and_YFR021W_and_YNL054W_and_YLR386W,0.0,0.0,0.0,0.0,0.0,0.0
r_3218_ENZ_YFR019W_and_YNL325C_and_YFR021W_and_YNL054W_and_YLR386W,0.0,0.0,0.0,0.0,0.0,0.0
r_3219_ENZ_YFR019W_and_YNL325C_and_YFR021W_and_YNL054W_and_YLR386W,0.0,0.0,0.0,0.0,0.0,0.0
r_3220_ENZ_YFR019W_and_YNL325C_and_YFR021W_and_YNL054W_and_YLR386W,0.0,0.0,0.0,0.0,0.0,0.0
r_3221_ENZ_YFR019W_and_YNL325C_and_YFR021W_and_YNL054W_and_YLR386W,0.0,0.0,0.0,0.0,0.0,0.0
r_3222_ENZ_YFR019W_and_YNL325C_and_YFR021W_and_YNL054W_and_YLR386W,0.0,0.0,0.0,0.0,0.0,0.0
r_3223_ENZ_YFR019W_and_YNL325C_and_YFR021W_and_YNL054W_and_YLR386W,0.0,0.0,0.0,0.0,0.0,0.0
r_3224_ENZ_YDR284C,0.0,0.0,0.0,0.0,0.0,0.0
r_3225_ENZ_YDR284C,0.0,0.0,0.0,0.0,0.0,0.0
r_3226_ENZ_YDR284C,0.0,0.0,0.0,0.0,0.0,0.0
r_3227_ENZ_YDR284C,0.0,0.0,0.0,0.0,0.0,0.0
r_3228_ENZ_YDR284C,0.0,0.0,0.0,0.0,0.0,0.0
r_3229_ENZ_YDR284C,0.0,0.0,0.0,0.0,0.0,0.0
r_3230_ENZ_YDR284C,0.0,0.0,0.0,0.0,0.0,0.0
r_3231_ENZ_YDR284C,0.0,0.0,0.0,0.0,0.0,0.0
r_3232_ENZ_YDR503C,0.0,0.0,0.0,0.0,0.0,0.0
r_3233_ENZ_YDR503C,0.0,0.0,0.0,0.0,0.0,0.0
r_3234_ENZ_YDR503C,0.0,0.0,0.0,0.0,0.0,0.0
r_3235_ENZ_YDR503C,0.0,0.0,0.0,0.0,0.0,0.0
r_3236_ENZ_YDR503C,0.0,0.0,0.0,0.0,0.0,0.0
r_3237_ENZ_YDR503C,0.0,0.0,0.0,0.0,0.0,0.0
r_3238_ENZ_YDR503C,0.0,0.0,0.0,0.0,0.0,0.0
r_3239_ENZ_YDR503C,0.0,0.0,0.0,0.0,0.0,0.0
r_3240_ENZ_YER037W,0.0,0.0,0.0,0.0,0.0,0.0
r_3241_ENZ_YER037W,0.0,0.0,0.0,0.0,0.0,0.0
r_3242_ENZ_YER037W,0.0,0.0,0.0,0.0,0.0,0.0
r_3243_ENZ_YER037W,0.0,0.0,0.0,0.0,0.0,0.0
r_3244_ENZ_YDR284C,0.0,0.0,0.0,0.0,0.0,0.0
r_3245_ENZ_YDR284C,0.0,0.0,0.0,0.0,0.0,0.0
r_3246_ENZ_YDR284C,0.0,0.0,0.0,0.0,0.0,0.0
r_3247_ENZ_YDR284C,0.0,0.0,0.0,0.0,0.0,0.0
r_3248_ENZ_YDR503C,0.0,0.0,0.0,0.0,0.0,0.0
r_3249_ENZ_YDR503C,0.0,0.0,0.0,0.0,0.0,0.0
r_3250_ENZ_YDR503C,0.0,0.0,0.0,0.0,0.0,0.0
r_3251_ENZ_YDR503C,0.0,0.0,0.0,0.0,0.0,0.0
r_3252_ENZ_YKL140W,0.0,0.0,0.0,0.0,0.0,0.0
r_3252_ENZ_YLL012W,0.0,0.0,0.0,0.0,0.0,0.0
r_3253_ENZ_YKL140W,0.0,0.0,0.0,0.0,0.0,0.0
r_3253_ENZ_YLL012W,0.0,0.0,0.0,0.0,0.0,0.0
r_3254_ENZ_YLL012W,0.0,0.0,0.0,0.0,0.0,0.0
r_3255_ENZ_YLL012W,0.0,0.0,0.0,0.0,0.0,0.0
r_3256_ENZ_YLL012W,0.0,0.0,0.0,0.0,0.0,0.0
r_3257_ENZ_YLL012W,0.0,0.0,0.0,0.0,0.0,0.0
r_3258_ENZ_YLL012W,0.0,0.0,0.0,0.0,0.0,0.0
r_3259_ENZ_YLL012W,0.0,0.0,0.0,0.0,0.0,0.0
r_3260_ENZ_YLL012W,0.0,0.0,0.0,0.0,0.0,0.0
r_3261_ENZ_YLL012W,0.0,0.0,0.0,0.0,0.0,0.0
r_3262_ENZ_YLR020C,0.0,0.0,0.0,0.0,0.0,0.0
r_3263_ENZ_YLR020C,0.0,0.0,0.0,0.0,0.0,0.0
r_3264_ENZ_YBR204C,0.0,0.0,0.0,0.0,0.0,0.0
r_3264_ENZ_YKR089C,0.0,0.0,0.0,0.0,0.0,0.0
r_3264_ENZ_YMR313C,0.0,0.0,0.0,0.0,0.0,0.0
r_3264_ENZ_YOR081C,0.0,0.0,0.0,0.0,0.0,0.0
r_3264_ENZ_YCR068W,0.0,0.0,0.0,0.0,0.0,0.0
r_3265_ENZ_YBR204C,0.0,0.0,0.0,0.0,0.0,0.0
r_3265_ENZ_YKR089C,0.0,0.0,0.0,0.0,0.0,0.0
r_3265_ENZ_YMR313C,0.0,0.0,0.0,0.0,0.0,0.0
r_3265_ENZ_YOR081C,0.0,0.0,0.0,0.0,0.0,0.0
r_3266_ENZ_YBR204C,0.0,0.0,0.0,0.0,0.0,0.0
r_3266_ENZ_YKR089C,0.0,0.0,0.0,0.0,0.0,0.0
r_3266_ENZ_YMR313C,0.0,0.0,0.0,0.0,0.0,0.0
r_3266_ENZ_YOR081C,0.0,0.0,0.0,0.0,0.0,0.0
r_3267_ENZ_YBR204C,0.0,0.0,0.0,0.0,0.0,0.0
r_3267_ENZ_YKR089C,0.0,0.0,0.0,0.0,0.0,0.0
r_3267_ENZ_YMR313C,0.0,0.0,0.0,0.0,0.0,0.0
r_3267_ENZ_YOR081C,0.0,0.0,0.0,0.0,0.0,0.0
r_3268_ENZ_YBR204C,0.0,0.0,0.0,0.0,0.0,0.0
r_3268_ENZ_YKR089C,0.0,0.0,0.0,0.0,0.0,0.0
r_3268_ENZ_YMR313C,0.0,0.0,0.0,0.0,0.0,0.0
r_3268_ENZ_YOR081C,0.0,0.0,0.0,0.0,0.0,0.0
r_3269_ENZ_YBR204C,0.0,0.0,0.0,0.0,0.0,0.0
r_3269_ENZ_YKR089C,0.0,0.0,0.0,0.0,0.0,0.0
r_3269_ENZ_YMR313C,0.0,0.0,0.0,0.0,0.0,0.0
r_3269_ENZ_YOR081C,0.0,0.0,0.0,0.0,0.0,0.0
r_3270_ENZ_YBR204C,0.0,0.0,0.0,0.0,0.0,0.0
r_3270_ENZ_YKR089C,0.0,0.0,0.0,0.0,0.0,0.0
r_3270_ENZ_YMR313C,0.0,0.0,0.0,0.0,0.0,0.0
r_3270_ENZ_YOR081C,0.0,0.0,0.0,0.0,0.0,0.0
r_3271_ENZ_YBR204C,0.0,0.0,0.0,0.0,0.0,0.0
r_3271_ENZ_YKR089C,0.0,0.0,0.0,0.0,0.0,0.0
r_3271_ENZ_YMR313C,0.0,0.0,0.0,0.0,0.0,0.0
r_3271_ENZ_YOR081C,0.0,0.0,0.0,0.0,0.0,0.0
r_3272_ENZ_YBR204C,0.0,0.0,0.0,0.0,0.0,0.0
r_3272_ENZ_YKR089C,0.0,0.0,0.0,0.0,0.0,0.0
r_3272_ENZ_YMR313C,0.0,0.0,0.0,0.0,0.0,0.0
r_3272_ENZ_YOR081C,0.0,0.0,0.0,0.0,0.0,0.0
r_3273_ENZ_YBR204C,0.0,0.0,0.0,0.0,0.0,0.0
r_3273_ENZ_YKR089C,0.0,0.0,0.0,0.0,0.0,0.0
r_3273_ENZ_YMR313C,0.0,0.0,0.0,0.0,0.0,0.0
r_3273_ENZ_YOR081C,0.0,0.0,0.0,0.0,0.0,0.0
r_3274_ENZ_YBR204C,0.0,0.0,0.0,0.0,0.0,5.550696070890591e-19
r_3274_ENZ_YKR089C,0.0,0.0,0.0,0.0,0.0,0.0
r_3274_ENZ_YMR313C,0.0,0.0,0.0,0.0,0.0,0.0
r_3274_ENZ_YOR081C,0.0,0.0,0.0,0.0,0.0,0.0
r_3275_ENZ_YBR204C,0.0,0.0,0.0,0.0,0.0,0.0
r_3275_ENZ_YKR089C,0.0,0.0,0.0,0.0,0.0,0.0
r_3275_ENZ_YMR313C,0.0,0.0,0.0,0.0,0.0,0.0
r_3275_ENZ_YOR081C,0.0,0.0,0.0,0.0,0.0,0.0
r_3276_ENZ_YBR204C,0.0,0.0,0.0,0.0,0.0,0.0
r_3276_ENZ_YKR089C,0.0,0.0,0.0,0.0,0.0,0.0
r_3276_ENZ_YMR313C,0.0,0.0,0.0,0.0,0.0,0.0
r_3276_ENZ_YOR081C,0.0,0.0,0.0,0.0,0.0,0.0
r_3277_ENZ_YBR204C,0.0,0.0,0.0,0.0,0.0,0.0
r_3277_ENZ_YKR089C,0.0,0.0,0.0,0.0,0.0,0.0
r_3277_ENZ_YMR313C,0.0,0.0,0.0,0.0,0.0,0.0
r_3277_ENZ_YOR081C,0.0,0.0,0.0,0.0,0.0,0.0
r_3278_ENZ_YBR204C,0.0,0.0,0.0,0.0,0.0,0.0
r_3278_ENZ_YKR089C,0.0,0.0,0.0,0.0,0.0,0.0
r_3278_ENZ_YMR313C,0.0,0.0,0.0,0.0,0.0,0.0
r_3278_ENZ_YOR081C,0.0,0.0,0.0,0.0,0.0,0.0
r_3279_ENZ_YBR204C,0.0,0.0,0.0,0.0,0.0,0.0
r_3279_ENZ_YKR089C,0.0,0.0,0.0,0.0,0.0,0.0
r_3279_ENZ_YMR313C,0.0,0.0,0.0,0.0,0.0,0.0
r_3279_ENZ_YOR081C,0.0,0.0,0.0,0.0,0.0,0.0
r_3280_ENZ_YBR204C,0.0,0.0,0.0,0.0,0.0,0.0
r_3280_ENZ_YKR089C,0.0,0.0,0.0,0.0,0.0,0.0
r_3280_ENZ_YMR313C,0.0,0.0,0.0,0.0,0.0,0.0
r_3280_ENZ_YOR081C,0.0,0.0,0.0,0.0,0.0,0.0
r_3281_ENZ_YBR204C,0.0,0.0,0.0,0.0,0.0,0.0
r_3281_ENZ_YKR089C,0.0,0.0,0.0,0.0,0.0,0.0
r_3281_ENZ_YMR313C,0.0,0.0,0.0,0.0,0.0,0.0
r_3281_ENZ_YOR081C,0.0,0.0,0.0,0.0,0.0,0.0
r_3282_ENZ_YBR204C,0.0,0.0,0.0,0.0,0.0,0.0
r_3282_ENZ_YKR089C,0.0,0.0,0.0,0.0,0.0,0.0
r_3282_ENZ_YMR313C,0.0,0.0,0.0,0.0,0.0,0.0
r_3282_ENZ_YOR081C,0.0,0.0,0.0,0.0,0.0,0.0
r_3283_ENZ_YBR204C,0.0,0.0,0.0,0.0,0.0,0.0
r_3283_ENZ_YKR089C,0.0,0.0,0.0,0.0,0.0,0.0
r_3283_ENZ_YMR313C,0.0,0.0,0.0,0.0,0.0,0.0
r_3283_ENZ_YOR081C,0.0,0.0,0.0,0.0,0.0,0.0
r_3284_ENZ_YBR204C,0.0,0.0,0.0,0.0,0.0,0.0
r_3284_ENZ_YKR089C,0.0,0.0,0.0,0.0,0.0,0.0
r_3284_ENZ_YMR313C,0.0,0.0,0.0,0.0,0.0,0.0
r_3284_ENZ_YOR081C,0.0,0.0,0.0,0.0,0.0,0.0
r_3285_ENZ_YBR204C,0.0,0.0,0.0,0.0,0.0,0.0
r_3285_ENZ_YKR089C,0.0,0.0,0.0,0.0,0.0,0.0
r_3285_ENZ_YMR313C,0.0,0.0,0.0,0.0,0.0,0.0
r_3285_ENZ_YOR081C,0.0,0.0,0.0,0.0,0.0,0.0
r_3286_ENZ_YBR204C,0.0,0.0,0.0,0.0,0.0,0.0
r_3286_ENZ_YKR089C,0.0,0.0,0.0,0.0,0.0,0.0
r_3286_ENZ_YMR313C,0.0,0.0,0.0,0.0,0.0,0.0
r_3286_ENZ_YOR081C,0.0,0.0,0.0,0.0,0.0,0.0
r_3287_ENZ_YBR204C,0.0,0.0,0.0,0.0,0.0,0.0
r_3287_ENZ_YKR089C,0.0,0.0,0.0,0.0,0.0,0.0
r_3287_ENZ_YMR313C,0.0,0.0,0.0,0.0,0.0,0.0
r_3287_ENZ_YOR081C,0.0,0.0,0.0,0.0,0.0,0.0
r_3288_ENZ_YBR204C,0.0,0.0,0.0,0.0,0.0,0.0
r_3288_ENZ_YKR089C,0.0,0.0,0.0,0.0,0.0,0.0
r_3288_ENZ_YMR313C,0.0,0.0,0.0,0.0,0.0,0.0
r_3288_ENZ_YOR081C,0.0,0.0,0.0,0.0,0.0,0.0
r_3289_ENZ_YBR204C,0.0,0.0,0.0,0.0,0.0,0.0
r_3289_ENZ_YKR089C,0.0,0.0,0.0,0.0,0.0,0.0
r_3289_ENZ_YMR313C,0.0,0.0,0.0,0.0,0.0,0.0
r_3289_ENZ_YOR081C,0.0,0.0,0.0,0.0,0.0,0.0
r_3290_ENZ_YBR204C,0.0,0.0,0.0,0.0,0.0,0.0
r_3290_ENZ_YKR089C,0.0,0.0,0.0,0.0,0.0,0.0
r_3290_ENZ_YMR313C,0.0,0.0,0.0,0.0,0.0,0.0
r_3290_ENZ_YOR081C,0.0,0.0,0.0,0.0,0.0,0.0
r_3291_ENZ_YBR204C,0.0,0.0,0.0,0.0,0.0,0.0
r_3291_ENZ_YKR089C,0.0,0.0,0.0,0.0,0.0,0.0
r_3291_ENZ_YMR313C,0.0,0.0,0.0,0.0,0.0,0.0
r_3291_ENZ_YOR081C,0.0,0.0,0.0,0.0,0.0,0.0
r_3292_ENZ_YBR204C,0.0,0.0,0.0,0.0,0.0,0.0
r_3292_ENZ_YKR089C,0.0,0.0,0.0,0.0,0.0,0.0
r_3292_ENZ_YMR313C,0.0,0.0,0.0,0.0,0.0,0.0
r_3292_ENZ_YOR081C,0.0,0.0,0.0,0.0,0.0,0.0
r_3293_ENZ_YBR204C,0.0,0.0,0.0,0.0,0.0,0.0
r_3293_ENZ_YKR089C,0.0,0.0,0.0,0.0,0.0,0.0
r_3293_ENZ_YMR313C,0.0,0.0,0.0,0.0,0.0,0.0
r_3293_ENZ_YOR081C,0.0,0.0,0.0,0.0,0.0,0.0
r_3294_ENZ_YBR204C,0.0,0.0,0.0,0.0,0.0,0.0
r_3294_ENZ_YKR089C,0.0,0.0,0.0,0.0,0.0,0.0
r_3294_ENZ_YMR313C,0.0,0.0,0.0,0.0,0.0,0.0
r_3294_ENZ_YOR081C,0.0,0.0,0.0,0.0,0.0,0.0
r_3295_ENZ_YBR204C,0.0,0.0,0.0,0.0,0.0,0.0
r_3295_ENZ_YKR089C,0.0,0.0,0.0,0.0,0.0,0.0
r_3295_ENZ_YMR313C,0.0,0.0,0.0,0.0,0.0,0.0
r_3295_ENZ_YOR081C,0.0,0.0,0.0,0.0,0.0,0.0
r_3296_ENZ_YMR313C,0.0,0.0,0.0,0.0,0.0,0.0
r_3297_ENZ_YCR068W,0.0,0.0,0.0,0.0,0.0,0.0
r_3297_ENZ_YMR313C,0.0,0.0,0.0,0.0,0.0,0.0
r_3298_ENZ_YMR313C,0.0,0.0,0.0,0.0,0.0,0.0
r_3299_ENZ_YMR313C,0.0,0.0,0.0,0.0,0.0,0.0
r_3300_ENZ_YMR313C,0.0,0.0,0.0,0.0,0.0,0.0
r_3301_ENZ_YMR313C,0.0,0.0,0.0,0.0,0.0,0.0
r_3302_ENZ_YMR313C,0.0,0.0,0.0,0.0,0.0,0.0
r_3303_ENZ_YMR313C,0.0,0.0,0.0,0.0,0.0,0.0
r_3304_ENZ_YDR058C,0.0,0.0,0.0,0.0,0.0,0.0
r_3305_ENZ_YDR058C,0.0,0.0,0.0,0.0,0.0,0.0
r_3306_ENZ_YDR058C,0.0,0.0,0.0,0.0,0.0,0.0
r_3307_ENZ_YDR058C,0.0,0.0,0.0,0.0,0.0,0.0
r_3308_ENZ_YKL094W,0.0,0.0,0.0,0.0,0.0,0.0
r_3309_ENZ_YKL094W,0.0,0.0,0.0,0.0,0.0,0.0
r_3310_ENZ_YKL094W,0.0,0.0,0.0,0.0,0.0,0.0
r_3311_ENZ_YKL094W,0.0,0.0,0.0,0.0,0.0,0.0
r_3312_ENZ_YMR313C,0.0,0.0,0.0,0.0,0.0,0.0
r_3313_ENZ_YMR313C,0.0,0.0,0.0,0.0,0.0,0.0
r_3314_ENZ_YMR313C,0.0,0.0,0.0,0.0,0.0,0.0
r_3315_ENZ_YMR313C,0.0,0.0,0.0,0.0,0.0,0.0
r_3316_ENZ_YKR089C,0.0,0.0,0.0,0.0,0.0,0.0
r_3317_ENZ_YKR089C,0.0,0.0,0.0,0.0,0.0,0.0
r_3318_ENZ_YKR089C,0.0,0.0,0.0,0.0,0.0,0.0
r_3319_ENZ_YKR089C,0.0,0.0,0.0,0.0,0.0,0.0
r_3320_ENZ_YKR089C,0.0,0.0,0.0,0.0,0.0,0.0
r_3321_ENZ_YKR089C,0.0,0.0,0.0,0.0,0.0,0.0
r_3322_ENZ_YKR089C,0.0,0.0,0.0,0.0,0.0,0.0
r_3323_ENZ_YKR089C,0.0,0.0,0.0,0.0,0.0,0.0
r_3324_ENZ_YKR089C,0.0,0.0,0.0,0.0,0.0,0.0
r_3325_ENZ_YKR089C,0.0,0.0,0.0,0.0,0.0,0.0
r_3326_ENZ_YKR089C,0.0,0.0,0.0,0.0,0.0,0.0
r_3327_ENZ_YKR089C,0.0,0.0,0.0,0.0,0.0,0.0
r_3328_ENZ_YKR089C,0.0,0.0,0.0,0.0,0.0,0.0
r_3329_ENZ_YKR089C,0.0,0.0,0.0,0.0,0.0,0.0
r_3330_ENZ_YKR089C,0.0,0.0,0.0,0.0,0.0,0.0
r_3331_ENZ_YKR089C,0.0,0.0,0.0,0.0,0.0,0.0
r_3332_REV,0.0,0.0,0.0,0.0,0.0,0.0
r_3332_FWD,0.0,0.0,0.0,0.0,0.0,0.0
r_3333_REV,0.0,0.0,0.0,0.0,0.0,0.0
r_3333_FWD,0.0,0.0,0.0,0.0,0.0,0.0
r_3334_REV,0.0,0.0,0.0,0.0,0.0,0.0
r_3334_FWD,0.0,0.0,0.0,0.0,0.0,0.0
r_3335_REV,0.0,0.0,0.0,0.0,0.0,0.0
r_3335_FWD,0.0,0.0,0.0,0.0,0.0,0.0
r_3336_REV,0.0,0.0,0.0,0.0,0.0,0.0
r_3336_FWD,0.0,0.0,0.0,0.0,0.0,0.0
r_3337_REV,0.0,0.0,0.0,0.0,0.0,0.0
r_3337_FWD,0.0,0.0,0.0,0.0,0.0,0.0
r_3338_REV,0.0,0.0,0.0,0.0,0.0,0.0
r_3338_FWD,0.0,0.0,0.0,0.0,0.0,0.0
r_3339_REV,0.0,0.0,0.0,0.0,0.0,0.0
r_3339_FWD,0.0,0.0,0.0,0.0,0.0,0.0
r_3340_REV,0.0,0.0,0.0,0.0,0.0,0.0
r_3340_FWD,0.0,0.0,0.0,0.0,0.0,0.0
r_3341_REV,0.0,0.0,0.0,0.0,0.0,0.0
r_3341_FWD,0.0,0.0,0.0,0.0,0.0,0.0
r_3342_REV,0.0,0.0,0.0,0.0,0.0,0.0
r_3342_FWD,0.0,0.0,0.0,0.0,0.0,0.0
r_3343_REV,0.0,0.0,0.0,0.0,0.0,0.0
r_3343_FWD,0.0,0.0,0.0,0.0,0.0,0.0
r_3344_REV,0.0,0.0,0.0,0.0,0.0,0.0
r_3344_FWD,0.0,0.0,0.0,0.0,0.0,0.0
r_3345_REV,0.0,0.0,0.0,0.0,0.0,0.0
r_3345_FWD,0.0,0.0,0.0,0.0,0.0,0.0
r_3346_REV,0.0,0.0,0.0,0.0,0.0,0.0
r_3346_FWD,0.0,0.0,0.0,0.0,0.0,0.0
r_3347_REV,0.0,0.0,0.0,0.0,0.0,0.0
r_3347_FWD,0.0,0.0,0.0,0.0,0.0,0.0
r_3348_ENZ_YDR072C,0.0,0.0,0.0,0.0,0.0,3.90492583643314e-19
r_3349_ENZ_YDR072C,0.0,0.0,0.0,0.0,0.0,0.0
r_3350_ENZ_YDR072C,0.0,0.0,0.0,0.0,0.0,0.0
r_3351_ENZ_YDR072C,0.0,0.0,0.0,0.0,0.0,0.0
r_3352_ENZ_YDR072C,0.0,0.0,0.0,0.0,0.0,0.0
r_3353_ENZ_YDR072C,0.0,0.0,0.0,0.0,0.0,0.0
r_3354_ENZ_YDR072C,0.0,0.0,0.0,0.0,0.0,-3.9646359224338904e-19
r_3355_ENZ_YDR072C,0.0,0.0,0.0,0.0,0.0,-1.7148355722176902e-19
r_3356_ENZ_YDR072C,0.0,0.0,0.0,0.0,0.0,0.0
r_3357_ENZ_YDR072C,0.0,0.0,0.0,0.0,0.0,0.0
r_3358_ENZ_YDR072C,0.0,0.0,0.0,0.0,0.0,0.0
r_3359_ENZ_YDR072C,0.0,0.0,0.0,0.0,0.0,0.0
r_3360_ENZ_YDR072C,0.0,0.0,0.0,0.0,0.0,0.0
r_3361_ENZ_YDR072C,0.0,0.0,0.0,0.0,0.0,0.0
r_3362_ENZ_YDR072C,0.0,0.0,0.0,0.0,0.0,0.0
r_3363_ENZ_YDR072C,0.0,0.0,0.0,0.0,0.0,0.0
r_3364_ENZ_YDR072C,0.0,0.0,0.0,0.0,0.0,0.0
r_3365_ENZ_YDR072C,0.0,0.0,0.0,0.0,0.0,0.0
r_3366_ENZ_YDR072C,0.0,0.0,0.0,0.0,0.0,0.0
r_3367_ENZ_YDR072C,0.0,0.0,0.0,0.0,0.0,0.0
r_3368_ENZ_YDR072C,0.0,0.0,0.0,0.0,0.0,0.0
r_3369_ENZ_YDR072C,0.0,0.0,0.0,0.0,0.0,0.0
r_3370_ENZ_YDR072C,0.0,0.0,0.0,0.0,0.0,0.0
r_3371_ENZ_YDR072C,0.0,0.0,0.0,0.0,0.0,0.0
r_3372_ENZ_YDR072C,0.0,0.0,0.0,0.0,0.0,0.0
r_3373_ENZ_YDR072C,0.0,0.0,0.0,0.0,0.0,0.0
r_3374_ENZ_YDR072C,0.0,0.0,0.0,0.0,0.0,0.0
r_3375_ENZ_YDR072C,0.0,0.0,0.0,0.0,0.0,0.0
r_3376_ENZ_YDR072C,0.0,0.0,0.0,0.0,0.0,0.0
r_3377_ENZ_YDR072C,0.0,0.0,0.0,0.0,0.0,0.0
r_3378_ENZ_YDR072C,0.0,0.0,0.0,0.0,0.0,0.0
r_3379_ENZ_YDR072C,0.0,0.0,0.0,0.0,0.0,0.0
r_3380_ENZ_YDR072C,0.0,0.0,0.0,0.0,0.0,0.0
r_3381_ENZ_YDR072C,0.0,0.0,0.0,0.0,0.0,0.0
r_3382_ENZ_YDR072C,0.0,0.0,0.0,0.0,0.0,0.0
r_3383_ENZ_YDR072C,0.0,0.0,0.0,0.0,0.0,0.0
r_3384_ENZ_YDR072C,0.0,0.0,0.0,0.0,0.0,0.0
r_3385_ENZ_YDR072C,0.0,0.0,0.0,0.0,0.0,0.0
r_3386_ENZ_YDR072C,0.0,0.0,0.0,0.0,0.0,0.0
r_3387_ENZ_YDR072C,0.0,0.0,0.0,0.0,0.0,0.0
r_3388_ENZ_YDR072C,0.0,0.0,0.0,0.0,0.0,0.0
r_3389_ENZ_YDR072C,0.0,0.0,0.0,0.0,0.0,0.0
r_3390_ENZ_YDR072C,0.0,0.0,0.0,0.0,0.0,0.0
r_3391_ENZ_YDR072C,0.0,0.0,0.0,0.0,0.0,0.0
r_3392_ENZ_YDR072C,0.0,0.0,0.0,0.0,0.0,0.0
r_3393_ENZ_YDR072C,0.0,0.0,0.0,0.0,0.0,0.0
r_3394_ENZ_YDR072C,0.0,0.0,0.0,0.0,0.0,0.0
r_3395_ENZ_YDR072C,0.0,0.0,0.0,0.0,0.0,0.0
r_3396_ENZ_YDR072C,0.0,0.0,0.0,0.0,0.0,0.0
r_3397_ENZ_YDR072C,0.0,0.0,0.0,0.0,0.0,0.0
r_3398_ENZ_YDR072C,0.0,0.0,0.0,0.0,0.0,0.0
r_3399_ENZ_YDR072C,0.0,0.0,0.0,0.0,0.0,0.0
r_3400_ENZ_YDR072C,0.0,0.0,0.0,0.0,0.0,0.0
r_3401_ENZ_YDR072C,0.0,0.0,0.0,0.0,0.0,0.0
r_3402_ENZ_YDR072C,0.0,0.0,0.0,0.0,0.0,0.0
r_3403_ENZ_YDR072C,0.0,0.0,0.0,0.0,0.0,0.0
r_3404_ENZ_YDR072C,0.0,0.0,0.0,0.0,0.0,0.0
r_3405_ENZ_YDR072C,0.0,0.0,0.0,0.0,0.0,0.0
r_3406_ENZ_YDR072C,0.0,0.0,0.0,0.0,0.0,0.0
r_3407_ENZ_YDR072C,0.0,0.0,0.0,0.0,0.0,0.0
r_3408_ENZ_YDR072C,0.0,0.0,0.0,0.0,0.0,0.0
r_3409_ENZ_YDR072C,0.0,0.0,0.0,0.0,0.0,0.0
r_3410_ENZ_YDR072C,0.0,0.0,0.0,0.0,0.0,0.0
r_3411_ENZ_YDR072C,0.0,0.0,0.0,0.0,0.0,0.0
r_3412_ENZ_YDR072C,0.0,0.0,0.0,0.0,0.0,0.0
r_3413_ENZ_YDR072C,0.0,0.0,0.0,0.0,0.0,0.0
r_3414_ENZ_YDR072C,0.0,0.0,0.0,0.0,0.0,0.0
r_3415_ENZ_YDR072C,0.0,0.0,0.0,0.0,0.0,0.0
r_3416_ENZ_YDR072C,0.0,0.0,0.0,0.0,0.0,0.0
r_3417_ENZ_YDR072C,0.0,0.0,0.0,0.0,0.0,0.0
r_3418_ENZ_YDR072C,0.0,0.0,0.0,0.0,0.0,0.0
r_3419_ENZ_YDR072C,0.0,0.0,0.0,0.0,0.0,0.0
r_3420_ENZ_YDR072C,0.0,0.0,0.0,0.0,0.0,0.0
r_3421_ENZ_YDR072C,0.0,0.0,0.0,0.0,0.0,0.0
r_3422_ENZ_YDR072C,0.0,0.0,0.0,0.0,0.0,0.0
r_3423_ENZ_YDR072C,0.0,0.0,0.0,0.0,0.0,0.0
r_3424_ENZ_YDR072C,0.0,0.0,0.0,0.0,0.0,0.0
r_3425_ENZ_YDR072C,0.0,0.0,0.0,0.0,0.0,0.0
r_3426_ENZ_YDR072C,0.0,0.0,0.0,0.0,0.0,0.0
r_3427_ENZ_YDR072C,0.0,0.0,0.0,0.0,0.0,0.0
r_3428_ENZ_YDR367W_and_YKL004W,0.0,0.0,0.0,0.0,0.0,0.0
r_3429_ENZ_YDR367W_and_YKL004W,0.0,0.0,0.0,0.0,0.0,0.0
r_3430_ENZ_YDR367W_and_YKL004W,0.0,0.0,0.0,0.0,0.0,0.0
r_3431_ENZ_YDR367W_and_YKL004W,0.0,0.0,0.0,0.0,0.0,0.0
r_3432_ENZ_YDR367W_and_YKL004W,0.0,0.0,0.0,0.0,0.0,0.0
r_3433_ENZ_YDR367W_and_YKL004W,0.0,0.0,0.0,0.0,0.0,0.0
r_3434_ENZ_YDR367W_and_YKL004W,0.0,0.0,0.0,0.0,0.0,0.0
r_3435_ENZ_YDR367W_and_YKL004W,0.0,0.0,0.0,0.0,0.0,0.0
r_3436_ENZ_YDR367W_and_YKL004W,0.0,0.0,0.0,0.0,0.0,0.0
r_3437_ENZ_YDR367W_and_YKL004W,0.0,0.0,0.0,0.0,0.0,0.0
r_3438_ENZ_YDR367W_and_YKL004W,0.0,0.0,0.0,0.0,0.0,0.0
r_3439_ENZ_YDR367W_and_YKL004W,0.0,0.0,0.0,0.0,0.0,0.0
r_3440_ENZ_YDR367W_and_YKL004W,0.0,0.0,0.0,0.0,0.0,0.0
r_3441_ENZ_YDR367W_and_YKL004W,0.0,0.0,0.0,0.0,0.0,0.0
r_3442_ENZ_YDR367W_and_YKL004W,0.0,0.0,0.0,0.0,0.0,0.0
r_3443_ENZ_YDR367W_and_YKL004W,0.0,0.0,0.0,0.0,0.0,0.0
r_3444_ENZ_YDR367W_and_YKL004W,0.0,0.0,0.0,0.0,0.0,0.0
r_3445_ENZ_YDR367W_and_YKL004W,0.0,0.0,0.0,0.0,0.0,0.0
r_3446_ENZ_YDR367W_and_YKL004W,0.0,0.0,0.0,0.0,0.0,0.0
r_3447_ENZ_YDR367W_and_YKL004W,0.0,0.0,0.0,0.0,0.0,0.0
r_3448_ENZ_YDR367W_and_YKL004W,0.0,0.0,0.0,0.0,0.0,0.0
r_3449_ENZ_YDR367W_and_YKL004W,0.0,0.0,0.0,0.0,0.0,0.0
r_3450_ENZ_YDR367W_and_YKL004W,0.0,0.0,0.0,0.0,0.0,0.0
r_3451_ENZ_YDR367W_and_YKL004W,0.0,0.0,0.0,0.0,0.0,0.0
r_3452_ENZ_YDR367W_and_YKL004W,0.0,0.0,0.0,0.0,0.0,0.0
r_3453_ENZ_YDR367W_and_YKL004W,0.0,0.0,0.0,0.0,0.0,0.0
r_3454_ENZ_YDR367W_and_YKL004W,0.0,0.0,0.0,0.0,0.0,0.0
r_3455_ENZ_YDR367W_and_YKL004W,0.0,0.0,0.0,0.0,0.0,0.0
r_3456_ENZ_YDR367W_and_YKL004W,0.0,0.0,0.0,0.0,0.0,0.0
r_3457_ENZ_YDR367W_and_YKL004W,0.0,0.0,0.0,0.0,0.0,0.0
r_3458_ENZ_YDR367W_and_YKL004W,0.0,0.0,0.0,0.0,0.0,0.0
r_3459_ENZ_YDR367W_and_YKL004W,0.0,0.0,0.0,0.0,0.0,0.0
r_3460_ENZ_YDR367W_and_YKL004W,0.0,0.0,0.0,0.0,0.0,0.0
r_3461_ENZ_YDR367W_and_YKL004W,0.0,0.0,0.0,0.0,0.0,0.0
r_3462_ENZ_YDR367W_and_YKL004W,0.0,0.0,0.0,0.0,0.0,0.0
r_3463_ENZ_YDR367W_and_YKL004W,0.0,0.0,0.0,0.0,0.0,0.0
r_3464_ENZ_YDR367W_and_YKL004W,0.0,0.0,0.0,0.0,0.0,0.0
r_3465_ENZ_YDR367W_and_YKL004W,0.0,0.0,0.0,0.0,0.0,0.0
r_3466_ENZ_YDR367W_and_YKL004W,0.0,0.0,0.0,0.0,0.0,0.0
r_3467_ENZ_YDR367W_and_YKL004W,0.0,0.0,0.0,0.0,0.0,0.0
r_3468_ENZ_YDR367W_and_YKL004W,0.0,0.0,0.0,0.0,0.0,0.0
r_3469_ENZ_YDR367W_and_YKL004W,0.0,0.0,0.0,0.0,0.0,0.0
r_3470_ENZ_YDR367W_and_YKL004W,0.0,0.0,0.0,0.0,0.0,0.0
r_3471_ENZ_YDR367W_and_YKL004W,0.0,0.0,0.0,0.0,0.0,0.0
r_3472_ENZ_YDR367W_and_YKL004W,0.0,0.0,0.0,0.0,0.0,0.0
r_3473_ENZ_YDR367W_and_YKL004W,0.0,0.0,0.0,0.0,0.0,0.0
r_3474_ENZ_YDR367W_and_YKL004W,0.0,0.0,0.0,0.0,0.0,0.0
r_3475_ENZ_YDR367W_and_YKL004W,0.0,0.0,0.0,0.0,0.0,0.0
r_3476_ENZ_YDR367W_and_YKL004W,0.0,0.0,0.0,0.0,0.0,0.0
r_3477_ENZ_YDR367W_and_YKL004W,0.0,0.0,0.0,0.0,0.0,0.0
r_3478_ENZ_YDR367W_and_YKL004W,0.0,0.0,0.0,0.0,0.0,0.0
r_3479_ENZ_YDR367W_and_YKL004W,0.0,0.0,0.0,0.0,0.0,0.0
r_3480_ENZ_YDR367W_and_YKL004W,0.0,0.0,0.0,0.0,0.0,0.0
r_3481_ENZ_YDR367W_and_YKL004W,0.0,0.0,0.0,0.0,0.0,0.0
r_3482_ENZ_YDR367W_and_YKL004W,0.0,0.0,0.0,0.0,0.0,0.0
r_3483_ENZ_YDR367W_and_YKL004W,0.0,0.0,0.0,0.0,0.0,0.0
r_3484_ENZ_YDR367W_and_YKL004W,0.0,0.0,0.0,0.0,0.0,0.0
r_3485_ENZ_YDR367W_and_YKL004W,0.0,0.0,0.0,0.0,0.0,0.0
r_3486_ENZ_YDR367W_and_YKL004W,0.0,0.0,0.0,0.0,0.0,0.0
r_3487_ENZ_YDR367W_and_YKL004W,0.0,0.0,0.0,0.0,0.0,0.0
r_3488_ENZ_YDR367W_and_YKL004W,0.0,0.0,0.0,0.0,0.0,0.0
r_3489_ENZ_YDR367W_and_YKL004W,0.0,0.0,0.0,0.0,0.0,0.0
r_3490_ENZ_YDR367W_and_YKL004W,0.0,0.0,0.0,0.0,0.0,0.0
r_3491_ENZ_YDR367W_and_YKL004W,0.0,0.0,0.0,0.0,0.0,0.0
r_3492_ENZ_YDR367W_and_YKL004W,0.0,0.0,0.0,0.0,0.0,0.0
r_3493_ENZ_YDR367W_and_YKL004W,0.0,0.0,0.0,0.0,0.0,0.0
r_3494_ENZ_YDR367W_and_YKL004W,0.0,0.0,0.0,0.0,0.0,0.0
r_3495_ENZ_YDR367W_and_YKL004W,0.0,0.0,0.0,0.0,0.0,0.0
r_3496_ENZ_YDR367W_and_YKL004W,0.0,0.0,0.0,0.0,0.0,0.0
r_3497_ENZ_YDR367W_and_YKL004W,0.0,0.0,0.0,0.0,0.0,0.0
r_3498_ENZ_YDR367W_and_YKL004W,0.0,0.0,0.0,0.0,0.0,0.0
r_3499_ENZ_YDR367W_and_YKL004W,0.0,0.0,0.0,0.0,0.0,0.0
r_3500_ENZ_YDR367W_and_YKL004W,0.0,0.0,0.0,0.0,0.0,0.0
r_3501_ENZ_YDR367W_and_YKL004W,0.0,0.0,0.0,0.0,0.0,0.0
r_3502_ENZ_YDR367W_and_YKL004W,0.0,0.0,0.0,0.0,0.0,0.0
r_3503_ENZ_YDR367W_and_YKL004W,0.0,0.0,0.0,0.0,0.0,0.0
r_3504_ENZ_YDR367W_and_YKL004W,0.0,0.0,0.0,0.0,0.0,0.0
r_3505_ENZ_YDR367W_and_YKL004W,0.0,0.0,0.0,0.0,0.0,0.0
r_3506_ENZ_YDR367W_and_YKL004W,0.0,0.0,0.0,0.0,0.0,0.0
r_3507_ENZ_YDR367W_and_YKL004W,0.0,0.0,0.0,0.0,0.0,0.0
r_3508_REV,0.0,0.0,0.0,0.0,0.0,0.0
r_3508_FWD,0.0,0.0,0.0,0.0,0.0,0.0
r_3509_REV,0.0,0.0,0.0,0.0,0.0,0.0
r_3509_FWD,0.0,0.0,0.0,0.0,0.0,0.0
r_3510_REV,0.0012443175481202,0.00228364271871,0.0,0.0,0.0,-1.38632332180231e-34
r_3510_FWD,0.0,0.0,0.0,0.0,0.0,0.0
r_3511_REV,0.0,0.0,0.0017710061780909,0.0036021888147117,0.0,0.0016330916110477
r_3511_FWD,0.0,0.0,0.0,0.0,0.0,0.0
r_3512_REV,0.0,0.0,0.0,0.0,0.0,0.0
r_3512_FWD,0.0,0.0,0.0,0.0,0.0,0.0
r_3513_REV,0.0,0.0,0.0,0.0,0.0,-7.60478068260155e-35
r_3513_FWD,0.0,0.0,0.0,0.0,0.0,0.0
r_3514_REV,0.0,0.0,0.0,0.0,0.0,0.0
r_3514_FWD,0.0,0.0,0.0,0.0,0.0,0.0
r_3515_REV,0.0,0.0,0.0,0.0,0.0,0.0
r_3515_FWD,0.0,0.0,0.0,0.0,0.0,0.0
r_3516_REV,0.0,0.0,0.0,0.0,0.0,0.0
r_3516_FWD,0.0,0.0,0.0,0.0,0.0,0.0
r_3517_REV,0.0,0.0,0.0,0.0,0.0,0.0
r_3517_FWD,0.0268000171968325,0.0491849240777038,0.0378427515831942,0.0769713500479366,0.0264978460953594,0.0348958015584639
r_3518_REV,0.0,0.0075501924619277,0.0,0.0,0.0053971250895467,0.0
r_3518_FWD,0.0,0.0,0.0,0.0,0.0,0.0
r_3519_REV,0.0,0.0,0.0,0.0,0.0,0.0
r_3519_FWD,0.0083294596175213,0.0147466318536108,0.0117615473457742,0.0239227365871303,0.0080340540363447,0.0108456337086462
r_3520_REV,0.0,0.0080902612058265,0.0,0.0,0.0043585407586392,0.0
r_3520_FWD,0.0,0.0,0.0,0.0,0.0,0.0
r_3521_REV,0.0,0.0,0.0,0.0,0.0,0.0
r_3521_FWD,0.0,0.0,0.0,0.0,0.0,0.0
r_3522_REV,0.0,0.0,0.0,0.0,0.0,0.0
r_3522_FWD,0.0,0.0,0.0,0.0,0.0,0.0
r_3523_REV,0.0,0.0,0.0,0.0,0.0,0.0
r_3523_FWD,0.0,0.0,0.0,0.0,0.0,0.0
r_3524_REV,0.0,0.0,0.0,0.0,0.0,0.0
r_3524_FWD,0.0,0.0,0.0,0.0,0.0,0.0
r_3525_REV,0.0,0.016467085944641,0.0014827300062567,0.0,0.0108290430393918,0.0
r_3525_FWD,5.83490371507102e-06,0.0,0.0,0.015304508490058,0.0,0.00504307796318
r_3526_ENZ_YLL052C_REV,0.0481874103141936,0.0945022768053699,0.0708898504551546,0.1530683081289433,0.0,0.0
r_3526_ENZ_YLL052C_FWD,0.0,0.0,0.0,0.0,0.0,0.0
r_3526_ENZ_YPR192W_REV,0.0,0.0,0.0,0.0,0.05088139705863,0.0693951879761865
r_3526_ENZ_YPR192W_FWD,0.0,0.0,0.0,0.0,0.0,0.0
r_3527_REV,0.0,0.0,0.0,0.0,0.0,0.0
r_3527_FWD,0.0,0.0,0.0,0.0,0.0,0.0
r_3528_REV,0.0351294768143539,0.0482911022635603,0.0496042989289684,0.100894086635067,0.0247762342835182,0.0457414352671099
r_3528_FWD,0.0,0.0,0.0,0.0,0.0,0.0
r_3529_REV,0.0,0.0,0.0,0.0,0.0,0.0
r_3529_FWD,0.0095164206362243,0.009887309587883,0.0090820703955313,0.02262360086795,0.0036312593458003,0.0083695662445757
r_3530_REV,0.0095164206362243,0.009887309587883,0.0090820703955313,0.02262360086795,0.0036312593458003,0.0083695662445757
r_3530_FWD,0.0,0.0,0.0,0.0,0.0,0.0
r_3531_REV,0.0,0.0,0.0,0.0,0.0,0.0
r_3531_FWD,0.0266477935465009,0.0489055545299381,0.0376278053858736,0.0765341540644716,0.0263473387718403,0.0346975939880933
r_3532_REV,0.0,0.0,0.0,0.0,0.0,0.0
r_3532_FWD,0.0504040825516956,0.0925044545793972,0.0711726847327571,0.1447637235990352,0.049835774813998,0.0656617195875436
r_3533_REV,0.0504040825516956,0.0925044545793972,0.0711726847327571,0.1447637235990352,0.049835774813998,0.0656617195875436
r_3533_FWD,0.0,0.0,0.0,0.0,0.0,0.0
r_3534_REV,0.0,0.0,0.0,0.0,0.0,0.0
r_3534_FWD,0.0054043872945003,0.0094335264281601,0.0119764935430948,0.020214284100943,0.00675739716116,0.0110438412790169
r_3535_REV,0.0,0.0,0.0,0.0,0.0,0.0
r_3535_FWD,0.0095164206362243,0.009887309587883,0.0090820703955313,0.02262360086795,0.0036312593458003,0.0083695662445757
r_3536_REV,0.015118710310948,0.0218186222486533,0.0184638098001244,0.033968451169527,0.0129339167805489,0.0153876245325034
r_3536_FWD,0.0,0.0,0.0,0.0,0.0,0.0
r_3537_REV,0.0018329784252323,0.0033088322545063,0.0025947541385016,0.0,0.0018132804850506,0.0
r_3537_FWD,0.0,0.0,0.0,0.0,0.0,0.0
r_3538_REV,0.0,0.0,0.0,0.0,0.0,0.0
r_3538_FWD,0.0130878295054924,0.0241022649673633,0.0184638098001244,0.0375706399842388,0.0129339167805489,0.0170207161435511
r_3539_REV,0.0,0.0,0.0,0.0,0.0,0.0
r_3539_FWD,0.0,0.0,0.0,0.0,0.0,0.0
r_3540_REV,0.0130878295054924,0.0241022649673633,0.0184638098001244,0.0375706399842388,0.0129339167805489,0.0170207161435511
r_3540_FWD,0.0,0.0,0.0,0.0,0.0,0.0
r_3541_REV,0.0,0.0,0.0,0.0,0.0,0.0
r_3541_FWD,0.0,0.0,0.0,0.0,0.0,0.0
r_3542_REV,0.0,0.0,0.0,0.0,0.0,0.0
r_3542_FWD,0.0,0.0,0.0,0.0,0.0,0.0
r_3543_REV,0.0,0.00228364271871,0.0,0.0036021888147117,0.0,0.0016330916110477
r_3543_FWD,0.0020308808054556,0.0,0.0,0.0,0.0,0.0
r_3544_REV,0.0020308808054556,0.0,0.0,0.0,0.0,0.0
r_3544_FWD,0.0,0.00228364271871,0.0,0.0036021888147117,0.0,0.0016330916110477
r_3545_ENZ_YKR039W_REV,0.0,0.0,0.0,0.0,0.0,0.0
r_3545_ENZ_YKR039W_FWD,0.0112537006922998,0.020727758529404,0.0158732882123565,0.0322897470857393,0.0111159379197992,0.0146325312917372
r_3546_REV,0.0,0.0,0.0,0.0,0.0,0.0
r_3546_FWD,0.0018341288131925,0.0033745064379592,0.0025905215877679,0.0052808928984994,0.0018179788607497,0.0023881848518139
r_3547_REV,0.0,0.0,0.0,0.0,0.0,0.0
r_3547_FWD,0.0222147214257321,0.040662930056511,0.0313405300628117,0.0637288068613475,0.0219390216619714,0.0288660555736726
r_3548_REV,0.0222147214257321,0.040662930056511,0.0313405300628117,0.0637288068613475,0.0219390216619714,0.0288660555736726
r_3548_FWD,0.0,0.0,0.0,0.0,0.0,0.0
r_3549_REV,0.0,0.0,0.0,0.0,0.0,0.0
r_3549_FWD,0.0,0.0,0.0,0.0,0.0,0.0
r_3550_REV,0.0,0.0,0.0,0.0,0.0,0.0
r_3550_FWD,0.0,0.0,0.0,0.0,0.0,0.0
r_3551_REV,0.0,0.0,0.0,0.0,0.0,0.0
r_3551_FWD,0.0,0.0,0.0,0.0,0.0,0.0
r_3552_REV,0.0,0.0,0.0,0.0,0.0,0.0
r_3552_FWD,0.0,0.0,0.0,0.0,0.0,0.0
r_3553_REV,0.0,0.0,0.0,0.0,0.0,0.0
r_3553_FWD,0.0,0.0,0.0,0.0,0.0,0.0
r_3554_REV,0.0,0.0,0.0,0.0,0.0,0.0
r_3554_FWD,0.0,0.0,0.0,0.0,0.0,0.0
r_3555_REV,0.0,0.0,0.0,0.0,0.0,0.0
r_3555_FWD,0.0,0.0,0.0,0.0,0.0,0.0
r_3556_REV,0.0,0.0,0.0,0.0,0.0,-5.550696070890591e-19
r_3556_FWD,0.0,0.0,0.0,0.0,0.0,0.0
r_3557_REV,0.0,0.0,0.0,0.0,0.0,0.0
r_3557_FWD,0.0,0.0,0.0,0.0,0.0,0.0
r_3558_REV,0.0,0.0,0.0,0.0,0.0,0.0
r_3558_FWD,0.0,0.0,0.0,0.0,0.0,0.0
r_3559_REV,0.0,0.0,0.0,0.0,0.0,0.0
r_3559_FWD,0.0,0.0,0.0,0.0,0.0,0.0
r_3560_REV,0.0,0.0,0.0,0.0,0.0,0.0
r_3560_FWD,0.0,0.0,0.0,0.0,0.0,0.0
r_3561_REV,0.0,0.0,0.0,0.0,0.0,0.0
r_3561_FWD,0.0,0.0,0.0,0.0,0.0,0.0
r_3562_REV,0.0018341288131925,0.0,0.0023278310833687,0.0,0.0,0.0023881848518139
r_3562_FWD,0.0,0.0,0.0,0.0,0.0,0.0
r_3563_REV,0.0,0.0033745064379592,0.0002626905043992,0.0052808928984994,0.0018179788607497,0.0
r_3563_FWD,0.0,0.0,0.0,0.0,0.0,0.0
r_3564_REV,0.0,0.0,0.0,0.0,0.0,0.0
r_3564_FWD,0.0,0.0,0.0,0.0,0.0,0.0
r_3565_REV,0.0,0.0,0.0,0.0,0.0,0.0
r_3565_FWD,0.0,0.0,0.0,0.0,0.0,0.0
r_3566_REV,0.0,0.0,0.0,0.0,0.0,0.0
r_3566_FWD,0.0,0.0,0.0,0.0,0.0,0.0
r_3567_REV,0.0,0.0,0.0,0.0,0.0,0.0
r_3567_FWD,0.0,0.0,0.0,0.0,0.0,0.0
r_3568_REV,0.0,0.0,0.0,0.0,0.0,0.0
r_3568_FWD,0.0,0.0,0.0,0.0,0.0,0.0
r_3569_REV,0.0,0.0,0.0,0.0,0.0,0.0
r_3569_FWD,0.0,0.0,0.0,0.0,0.0,0.0
r_3570_REV,0.0,0.0,0.0,0.0,0.0,0.0
r_3570_FWD,0.0,0.0,0.0,0.0,0.0,0.0
r_3571_REV,0.0,0.0,0.0,0.0,0.0,0.0
r_3571_FWD,0.0,0.0,0.0,0.0,0.0,-1.56768802729176e-34
r_3572_REV,0.0,0.0,0.0,0.0,0.0012400749728205,0.0
r_3572_FWD,0.0,0.0,0.0,0.0,0.0,-3.40632578452435e-19
r_3573_REV,0.0,0.0,0.0,0.0,0.0,0.0
r_3573_FWD,0.0,0.0,0.0,0.0,0.0,-5.550696070890591e-19
r_3574_REV,0.0,0.0,0.0,0.0,0.0,0.0
r_3574_FWD,0.0,0.0,0.0,0.0,0.0,0.0
r_3575_REV,0.0,0.0,0.0,0.0,0.0,0.0
r_3575_FWD,0.0,0.0,0.0,0.0,0.0,0.0
r_3576_REV,0.0,0.0,0.0,0.0,0.0,0.0
r_3576_FWD,0.0,0.0,0.0,0.0,0.0,0.0
r_3577_REV,0.0,0.0,0.0,0.0,0.0,0.0
r_3577_FWD,0.0,0.0,0.0,0.0,0.0,1.56768802729176e-34
r_3578_REV,0.0,0.0,0.0,0.0,0.0,0.0
r_3578_FWD,0.0,0.0075501924619277,0.0,0.0,0.0053971250895467,0.0
r_3579_REV,0.0,0.0,0.0,0.0,0.0,0.0
r_3579_FWD,0.0,0.0005400687438988,0.0,0.0,0.000201490641913,2.0205764631184e-19
r_3580_REV,0.0,0.0,0.0,0.0,0.0,0.0
r_3580_FWD,0.0,0.0080902612058265,0.0,0.0,0.0043585407586392,0.0
r_3581_REV,0.0,0.0,0.0,0.0,0.0,0.0
r_3581_FWD,0.0,0.0005400687438988,0.0,0.0,0.000201490641913,0.0
r_3582_REV,0.0,0.0,0.0,0.0,0.0,0.0
r_3582_FWD,0.0,0.0075501924619277,0.0,0.0,0.0041570501167261,0.0
r_3583_REV,0.0,0.0,0.0,0.0,0.0,0.0
r_3583_FWD,0.0,0.0075501924619277,0.0,0.0,0.0041570501167261,0.0
r_3584_REV,0.0,0.0075501924619277,0.0,0.0,0.0041570501167261,0.0
r_3584_FWD,0.0,0.0,0.0,0.0,0.0,0.0
r_3585_REV,0.0,0.0,0.0,0.0,0.0012400749728205,0.0
r_3585_FWD,0.0,0.0,0.0,0.0,0.0,0.0
r_3586_REV,0.0,0.0,0.0,0.0,0.0,0.0
r_3586_FWD,0.0,0.0,0.0,0.0,0.0012400749728205,3.40632578452435e-19
r_3587_REV,0.0,0.0,0.0,0.0,0.0,0.0
r_3587_FWD,0.0,0.0,0.0,0.0,0.0012400749728205,3.40632578452435e-19
r_3588_REV,0.0,0.0,0.0,0.0,0.0,0.0
r_3588_FWD,0.0,0.0,0.0,0.0,0.0,0.0
r_3589_REV,0.0,0.0,0.0,0.0,0.0,0.0
r_3589_FWD,0.0,0.0,0.0,0.0,0.0,0.0
r_3590_REV,0.0,0.0,0.0,0.0,0.0,0.0
r_3590_FWD,0.0,0.0,0.0,0.0,0.0,-5.550696070890591e-19
r_3591_REV,0.0,0.0,0.0,0.0,0.0,0.0
r_3591_FWD,0.0,0.0,0.0,0.0,0.0,0.0
r_3592_REV,0.0,0.0,0.0,0.0,0.0,0.0
r_3592_FWD,0.0,0.0,0.0,0.0,0.0,0.0
r_3593_REV,0.0,0.0,0.0,0.0,0.0,0.0
r_3593_FWD,0.0,0.0,0.0,0.0,0.0,0.0
r_3594_REV,0.0,0.0,0.0,0.0,0.0,0.0
r_3594_FWD,0.0,0.0,0.0,0.0,0.0,0.0
r_3595_REV,0.0,0.0,0.0,0.0,0.0,0.0
r_3595_FWD,0.0,0.0,0.0,0.0,0.0,0.0
r_3596_REV,0.0,0.0,0.0,0.0,0.0,-5.550696070890591e-19
r_3596_FWD,0.0,0.0,0.0,0.0,0.0,0.0
r_3597_REV,0.0,0.0,0.0,0.0,0.0,0.0
r_3597_FWD,0.0,0.0,0.0,0.0,0.0,0.0
r_3598_REV,0.0,0.0,0.0,0.0,0.0,0.0
r_3598_FWD,0.0,0.0,0.0,0.0,0.0,0.0
r_3599_REV,0.0,0.0,0.0,0.0,0.0,0.0
r_3599_FWD,0.0,0.0,0.0,0.0,0.0,0.0
r_3600_REV,0.0,0.0,0.0,0.0,0.0,0.0
r_3600_FWD,0.0,0.0,0.0,0.0,0.0,0.0
r_3601_REV,0.0,0.0,0.0,0.0,0.0,0.0
r_3601_FWD,0.0,0.0,0.0,0.0,0.0,0.0
r_3602_REV,0.0,0.0,0.0,0.0,0.0,0.0
r_3602_FWD,0.0,0.0,0.0,0.0,0.0,0.0
r_3603_REV,0.0,0.0,0.0,0.0,0.0,0.0
r_3603_FWD,0.0,0.0,0.0,0.0,0.0,1.2619554981581101e-19
r_3604_ENZ_YLL052C_REV,0.0,0.0,0.0,0.0,0.0,0.0
r_3604_ENZ_YLL052C_FWD,0.0,0.0,0.0,0.0,0.0,0.0
r_3604_ENZ_YLL053C_REV,0.0,0.0,0.0,0.0,0.0,0.0
r_3604_ENZ_YLL053C_FWD,0.0,0.0,0.0,0.0,0.0,0.0
r_3604_ENZ_YPR192W_REV,0.0,0.0,0.0,0.0,0.0,0.0
r_3604_ENZ_YPR192W_FWD,0.0,0.0,0.0,0.0,0.0,0.0
r_3605_ENZ_YCR037C_REV,0.0,0.0,0.0,0.0,0.0,0.0
r_3605_ENZ_YCR037C_FWD,0.0,0.0,0.0,0.0,0.0,0.0
r_3605_ENZ_YJL198W_REV,0.0,0.0,0.0,0.0,0.0,0.0
r_3605_ENZ_YJL198W_FWD,0.0,0.0,0.0,0.0,0.0,0.0
r_3605_ENZ_YML123C_REV,0.0,0.0,0.0,0.0,0.0,0.0
r_3605_ENZ_YML123C_FWD,0.0,0.0,0.0,0.0,0.0,0.0
r_3606_ENZ_YCR098C_REV,0.0,0.0,0.0,0.0,0.0,0.0
r_3606_ENZ_YCR098C_FWD,0.0,0.0,0.0,0.0,0.0,0.0
r_3607_ENZ_YCR098C_REV,0.0,0.0,0.0,0.0,0.0,0.0
r_3607_ENZ_YCR098C_FWD,0.0,0.0,0.0,0.0,0.0,0.0
r_3608_REV,0.0,0.0,0.0,0.0,0.0,0.0
r_3608_FWD,0.0,0.0,0.0,0.0,0.0,0.0
r_3609_REV,0.0,0.0,0.0,0.0,0.0,9.21194137457675e-19
r_3609_FWD,0.0,0.0,0.0,0.0,0.0,0.0
r_3610_REV,0.0,0.0,0.0,0.0,0.0,0.0
r_3610_FWD,0.0,0.0,0.0,0.0,0.0,-5.550696070890591e-19
r_3611_REV,0.0,0.0,0.0,0.0,0.0,0.0
r_3611_FWD,0.0,0.0,0.0,0.0,0.0,7.60478068260155e-35
r_3612_REV,0.0,0.0,0.0,0.0,0.0,0.0
r_3612_FWD,0.0,0.0,0.0,0.0,0.0,0.0
r_3613_REV,0.0,0.0,0.0,0.0,0.0,0.0
r_3613_FWD,0.0,0.0,0.0,0.0,0.0,0.0
r_3614_REV,0.0,0.0,0.0,0.0,0.0,0.0
r_3614_FWD,0.0,0.0,0.0,0.0,0.0,0.0
r_3615_REV,0.0,0.0,0.0,0.0,0.0,0.0
r_3615_FWD,0.0,0.0,0.0,0.0,0.0,0.0
r_3616_REV,0.0,0.0,0.0,0.0,0.0,0.0
r_3616_FWD,0.0,0.0,0.0,0.0,0.0,0.0
r_3617_REV,0.0,0.0,0.0,0.0,0.0,0.0
r_3617_FWD,0.0,0.0,0.0,0.0,0.0,0.0
r_3618_REV,0.0,0.0,0.0,0.0,0.0,0.0
r_3618_FWD,0.0,0.0,0.0,0.0,0.0,0.0
r_3619_REV,0.0,0.0,0.0,0.0,0.0,0.0
r_3619_FWD,0.0,0.0,0.0,0.0,0.0,0.0
r_3620_REV,0.0,0.0,0.0,0.0,0.0,0.0
r_3620_FWD,0.0,0.0,0.0,0.0,0.0,0.0
r_3621_REV,0.0,0.0,0.0,0.0,0.0,0.0
r_3621_FWD,0.0,0.0,0.0,0.0,0.0,0.0
r_3622_REV,0.0,0.0,0.0,0.0,0.0,0.0
r_3622_FWD,0.0,0.0,0.0,0.0,0.0,0.0
r_3623_REV,0.0,0.0,0.0,0.0,0.0,0.0
r_3623_FWD,0.0,0.0,0.0,0.0,0.0,0.0
r_3624_REV,0.0,0.0,0.0,0.0,0.0,0.0
r_3624_FWD,0.0,0.0,0.0,0.0,0.0,0.0
r_3625_REV,0.0,0.0,0.0,0.0,0.0,0.0
r_3625_FWD,0.0,0.0,0.0,0.0,0.0,0.0
r_3626_REV,0.0,0.0,0.0,0.0,0.0,0.0
r_3626_FWD,0.0,0.0,0.0,0.0,0.0,0.0
r_3627_REV,0.0,0.0,0.0,0.0,0.0,0.0
r_3627_FWD,0.0,0.0,0.0,0.0,0.0,0.0
r_3628_REV,0.0,0.0,0.0,0.0,0.0,0.0
r_3628_FWD,0.0,0.0,0.0,0.0,0.0,0.0
r_3629_REV,0.0,0.0,0.0,0.0,0.0,0.0
r_3629_FWD,0.0,0.0,0.0,0.0,0.0,0.0
r_3630_REV,0.0,0.0,0.0,0.0,0.0,0.0
r_3630_FWD,0.0,0.0,0.0,0.0,0.0,0.0
r_3631_REV,0.0,0.0,0.0,0.0,0.0,0.0
r_3631_FWD,0.0,0.0,0.0,0.0,0.0,0.0
r_3632_REV,0.0,0.0,0.0,0.0,0.0,0.0
r_3632_FWD,0.0,0.0,0.0,0.0,0.0,0.0
r_3633_REV,0.0,0.0,0.0,0.0,0.0,0.0
r_3633_FWD,0.0,0.0,0.0,0.0,0.0,0.0
r_3634_REV,0.0,0.0,0.0,0.0,0.0,0.0
r_3634_FWD,0.0,0.0,0.0,0.0,0.0,0.0
r_3635_REV,0.0,0.0,0.0,0.0,0.0,0.0
r_3635_FWD,0.0,0.0,0.0,0.0,0.0,0.0
r_3636_REV,0.0,0.0,0.0,0.0,0.0,0.0
r_3636_FWD,0.0,0.0,0.0,0.0,0.0,0.0
r_3637_REV,0.0,0.0,0.0,0.0,0.0,0.0
r_3637_FWD,0.0,0.0,0.0,0.0,0.0,0.0
r_3638_REV,0.0,0.0,0.0,0.0,0.0,0.0
r_3638_FWD,0.0,0.0,0.0,0.0,0.0,0.0
r_3639_REV,0.0,0.0,0.0,0.0,0.0,0.0
r_3639_FWD,0.0,0.0,0.0,0.0,0.0,0.0
r_3640_REV,0.0,0.0,0.0,0.0,0.0,0.0
r_3640_FWD,0.0,0.0,0.0,0.0,0.0,0.0
r_3641_REV,0.0,0.0,0.0,0.0,0.0,0.0
r_3641_FWD,0.0,0.0,0.0,0.0,0.0,0.0
r_3642_REV,0.0,0.0,0.0,0.0,0.0,0.0
r_3642_FWD,0.0,0.0,0.0,0.0,0.0,0.0
r_3643_REV,0.0,0.0,0.0,0.0,0.0,0.0
r_3643_FWD,0.0,0.0,0.0,0.0,0.0,0.0
r_3644_REV,0.0,0.0,0.0,0.0,0.0,0.0
r_3644_FWD,0.0,0.0,0.0,0.0,0.0,0.0
r_3645_REV,0.0,0.0,0.0,0.0,0.0,0.0
r_3645_FWD,0.0,0.0,0.0,0.0,0.0,0.0
r_3646_REV,0.0,0.0,0.0,0.0,0.0,0.0
r_3646_FWD,0.0,0.0,0.0,0.0,0.0,0.0
r_3647_REV,0.0,0.0,0.0,0.0,0.0,0.0
r_3647_FWD,0.0,0.0,0.0,0.0,0.0,0.0
r_3648_REV,0.0,0.0,0.0,0.0,0.0,0.0
r_3648_FWD,0.0,0.0,0.0,0.0,0.0,0.0
r_3649_ENZ_YNR013C_REV,0.0,0.0,0.0,0.0,0.0,0.0
r_3649_ENZ_YNR013C_FWD,0.0,0.0,0.0,0.0,0.0,0.0
r_3650_REV,0.0,0.0,0.0,0.0,0.0,0.0
r_3650_FWD,0.0,0.0,0.0,0.0,0.0,0.0
r_3651_REV,0.0,0.0,0.0,0.0,0.0,0.0
r_3651_FWD,0.0,0.0,0.0,0.0,0.0,0.0
r_3652_REV,0.0,0.0,0.0,0.0,0.0,0.0
r_3652_FWD,0.0,0.0,0.0,0.0,0.0,0.0
r_3653_REV,0.0,0.0159636237591263,0.0,0.0120754629847963,0.0043585407586392,0.0
r_3653_FWD,0.0,0.0,0.0,0.0,0.0,0.0
r_3654_REV,0.0,0.0,0.0,0.0,0.0,0.0
r_3654_FWD,0.0,0.0,0.0,0.0,0.0,0.0
r_3655_REV,0.0,0.0,0.0,0.0,0.0,0.0
r_3655_FWD,0.0,0.0,0.0,0.0,0.0,0.0
r_3656_REV,0.0,0.0,0.0,0.0,0.0,0.0
r_3656_FWD,0.0,0.0,0.0,0.0,0.0,0.0
r_3657_REV,0.0,0.0,0.0,0.0,0.0,0.0
r_3657_FWD,0.0,0.0,0.0,0.0,0.0,0.0
r_3658_REV,0.0,0.0,0.0,0.0,0.0,0.0
r_3658_FWD,0.0,0.0,0.0,0.0,0.0,0.0
r_3659_REV,0.0,0.0,0.0,0.0,0.0,0.0
r_3659_FWD,0.0,0.0,0.0,0.0,0.0,0.0
r_3660_REV,0.0,0.0,0.0,0.0,0.0,0.0
r_3660_FWD,0.0,0.0,0.0,0.0,0.0,0.0
r_3661_REV,0.0,0.0,0.0,0.0,0.0,0.0
r_3661_FWD,0.0,0.0,0.0,0.0,0.0,0.0
r_3662_REV,0.0,0.0,0.0,0.0,0.0,0.0
r_3662_FWD,0.0,0.0,0.0,0.0052672449846542,0.0,0.0023926913800414
r_3663_REV,0.0,0.0,0.0,0.0052672449846542,0.0,0.0023926913800414
r_3663_FWD,0.0,0.0,0.0,0.0,0.0,0.0
r_3664_REV,0.0,0.0,0.0,0.0105344899693085,0.0,0.0047853827600828
r_3664_FWD,0.0,0.0,0.0,0.0,0.0,0.0
r_3665_REV,0.0,0.0,0.0,0.0,0.0,0.0
r_3665_FWD,0.0,0.0,0.0,0.0,0.0,0.0
r_3666_REV,0.0,0.0,0.0,0.0,0.0,0.0
r_3666_FWD,0.0,0.0,0.0,0.0,0.0,0.0
r_3667_REV,0.0,0.0,0.0,0.0,0.0,0.0
r_3667_FWD,0.0,0.0,0.0,0.0,0.0,0.0
r_3668_REV,0.0,0.0,0.0,0.0,0.0,0.0
r_3668_FWD,0.0,0.0,0.0,0.0,0.0,5.64461806407215e-35
r_3669_REV,0.0095678070618208,0.0015601638748602,0.013500949020223,0.0153794584575773,0.0050929796120847,0.0124382900904176
r_3669_FWD,0.0,0.0,0.0,0.0,0.0,0.0
r_3670_REV,0.0,0.0,0.0,0.0,0.0,0.0
r_3670_FWD,0.0,0.0,0.0,0.0,0.0,0.0
r_3671_REV,0.0,0.0,0.0,0.0,0.0,0.0
r_3671_FWD,0.0,0.0,0.0,0.0,0.0,0.0
r_3672_REV,0.0,0.0,0.0,0.0,0.0,0.0
r_3672_FWD,0.0,0.0,0.0,0.0,0.0,0.0
r_3673_REV,0.0,0.0,0.0,0.0,0.0,0.0
r_3673_FWD,0.0,0.0,0.0,0.0,0.0,0.0
r_3674_REV,0.0,0.0,0.0,0.0,0.0,0.0
r_3674_FWD,0.0,0.0,0.0,0.0,0.0,0.0
r_3675_REV,0.0,0.0,0.0,0.0,0.0,0.0
r_3675_FWD,0.0,0.0,0.0,0.0,0.0,0.0
r_3676_REV,0.0,0.0,0.0,0.0,0.0,0.0
r_3676_FWD,0.0,0.0,0.0,0.0,0.0,0.0
r_3677_REV,0.0,0.0,0.0,0.0,0.0,0.0
r_3677_FWD,0.0,0.0,0.0,0.0,0.0,0.0
r_3678_REV,0.0,0.0,0.0,0.0,0.0,1.81364705489457e-35
r_3678_FWD,0.0,0.0,0.0,0.0,0.0,0.0
r_3679_REV,0.0,0.0,0.0,0.0,0.0,0.0
r_3679_FWD,0.0,0.0,0.0,0.0,0.0,0.0
r_3680_ENZ_YHR002W_REV,0.0,0.0,0.0,0.0,0.0,0.0
r_3680_ENZ_YHR002W_FWD,0.0,0.0,0.0,0.0,0.0,0.0
r_3681_REV,0.0,0.0,0.0,0.0,0.0,0.0
r_3681_FWD,0.0,0.0,0.0,0.0,0.0,0.0
r_3682_REV,0.0,0.0,0.0,0.0,0.0,0.0
r_3682_FWD,0.0,0.0,0.0,0.0,0.0,0.0
r_3683_REV,0.0,0.0,0.0,0.0,0.0,0.0
r_3683_FWD,0.0,0.0,0.0,0.0,0.0,0.0
r_3684_REV,0.0,0.0,0.0,0.0,0.0,0.0
r_3684_FWD,0.0,0.0,0.0,0.0,0.0,0.0
r_3685_REV,0.0,0.0,0.0,0.0,0.0,0.0
r_3685_FWD,0.0,0.0,0.0,0.0,0.0,0.0
r_3686_REV,0.0,0.0,0.0,0.0,0.0,0.0
r_3686_FWD,0.0,0.0,0.0,0.0,0.0,0.0
r_3687_REV,0.0,0.0,0.0,0.0,0.0,0.0
r_3687_FWD,0.0,0.0,0.0,0.0,0.0,0.0
r_3688_REV,0.0,0.0,0.0,0.0,0.0,0.0
r_3688_FWD,0.0,0.0,0.0,0.0,0.0,0.0
r_3689_REV,0.0,0.0,0.0,0.0,0.0,0.0
r_3689_FWD,0.0,0.0,0.0,0.0,0.0,0.0
r_3690_REV,0.0,0.0,0.0,0.0,0.0,0.0
r_3690_FWD,0.0,0.0,0.0,0.0,0.0,0.0
r_3691_REV,0.0,0.0,0.0,0.0,0.0,0.0
r_3691_FWD,0.0,0.0,0.0,0.0,0.0,0.0
r_3692_REV,0.0,0.0,0.0,0.0,0.0,0.0
r_3692_FWD,0.0,0.0,0.0,0.0,0.0,0.0
r_3693_REV,0.0,0.0,0.0,0.0,0.0,0.0
r_3693_FWD,0.0,0.0,0.0,0.0,0.0,0.0
r_3694_REV,0.0,0.0,0.0,0.0,0.0,0.0
r_3694_FWD,0.0,0.0,0.0,0.0,0.0,0.0
r_3695_REV,0.0,0.0,0.0,0.0,0.0,0.0
r_3695_FWD,0.0,0.0,0.0,0.0,0.0,5.550696070890591e-19
r_3696_REV,0.0,0.0,0.0,0.0,0.0,0.0
r_3696_FWD,0.0,0.0,0.0,0.0,0.0,0.0
r_3697_REV,0.0,0.0,0.0,0.0,0.0,0.0
r_3697_FWD,0.0,0.0,0.0,0.0,0.0,0.0
r_3698_REV,0.0,0.0,0.0,0.0,0.0,0.0
r_3698_FWD,0.0,0.0,0.0,0.0,0.0,2.0205764631184e-19
r_3699_REV,0.0,0.0,0.0,0.0,0.0,0.0
r_3699_FWD,0.0,0.0,0.0,0.0,0.0,-2.0205764631184e-19
r_3700_REV,0.0,0.0,0.0,0.0,0.0,0.0
r_3700_FWD,0.0,0.0,0.0,0.0,0.0,0.0
r_3701_REV,0.0,0.0,0.0,0.0,0.0,0.0
r_3701_FWD,0.0,0.0,0.0,0.0,0.0,0.0
r_3702_REV,0.0,0.0,0.0,0.0,0.0,0.0
r_3702_FWD,0.0,0.0,0.0,0.0,0.0,0.0
r_3703_REV,0.0,0.0,0.0,0.0,0.0,0.0
r_3703_FWD,0.0,0.0,0.0,0.0,0.0,0.0
r_3704_REV,0.0,0.0,0.0,0.0,0.0,0.0
r_3704_FWD,0.0,0.0,0.0,0.0,0.0,0.0
r_3705_REV,0.0,0.0,0.0,0.0,0.0,0.0
r_3705_FWD,0.0,0.0,0.0,0.0,0.0,0.0
r_3706_REV,0.0,0.0,0.0,0.0,0.0,0.0
r_3706_FWD,0.0,0.0,0.0,0.0,0.0,0.0
r_3707_REV,0.0,0.0,0.0,0.0,0.0,0.0
r_3707_FWD,0.0,0.0,0.0,0.0,0.0,0.0
r_3708_REV,0.0,0.0,0.0,0.0,0.0,0.0
r_3708_FWD,0.0,0.0,0.0,0.0,0.0,0.0
r_3709_REV,0.0,0.0,0.0,0.0,0.0,0.0
r_3709_FWD,0.0,0.0,0.0,0.0,0.0,0.0
r_3710_REV,0.0,0.0,0.0,0.0,0.0,0.0
r_3710_FWD,0.0,0.0,0.0,0.0,0.0,0.0
r_3711_REV,0.0,0.0,0.0,0.0,0.0,0.0
r_3711_FWD,0.0,0.0,0.0,0.0,0.0,0.0
r_3712_REV,0.0,0.0,0.0,0.0,0.0,0.0
r_3712_FWD,0.0,0.0,0.0,0.0,0.0,0.0
r_3713_REV,0.0,0.0,0.0,0.0,0.0,0.0
r_3713_FWD,0.0,0.0,0.0,0.0,0.0,0.0
r_3714_REV,0.0,0.0,0.0,0.0,0.0,0.0
r_3714_FWD,0.0,0.0,0.0,0.0,0.0,0.0
r_3715_REV,0.0,0.0,0.0,0.0,0.0,0.0
r_3715_FWD,0.0,0.0,0.0,0.0,0.0,0.0
r_3716_REV,0.0,0.0,0.0,0.0,0.0,0.0
r_3716_FWD,0.0,0.0,0.0,0.0,0.0,0.0
r_3717_REV,0.0,0.0,0.0,0.0,0.0,0.0
r_3717_FWD,0.0,0.0,0.0,0.0,0.0,0.0
r_3718_REV,0.0,0.0,0.0,0.0,0.0,0.0
r_3718_FWD,0.0,0.0,0.0,0.0,0.0,0.0
r_3719_REV,0.0,0.0,0.0,0.0,0.0,0.0
r_3719_FWD,0.0,0.0,0.0,0.0,0.0,0.0
r_3720_REV,0.0,0.0,0.0,0.0,0.0,0.0
r_3720_FWD,0.0,0.0,0.0,0.0,0.0,0.0
r_3721_REV,0.0,0.0,0.0,0.0,0.0,0.0
r_3721_FWD,0.0,0.0,0.0,0.0,0.0,0.0
r_3722_REV,0.0,0.0,0.0,0.0,0.0,0.0
r_3722_FWD,0.0,0.0,0.0,0.0,0.0,0.0
r_3723_REV,0.0,0.0,0.0,0.0,0.0,0.0
r_3723_FWD,0.0,0.0,0.0,0.0,0.0,0.0
r_3724_REV,0.0,0.0,0.0,0.0,0.0,0.0
r_3724_FWD,0.0,0.0,0.0,0.0,0.0,0.0
r_3725_REV,0.0,0.0,0.0,0.0,0.0,0.0
r_3725_FWD,0.0,0.0,0.0,0.0,0.0,0.0
r_3726_REV,0.0,0.0,0.0,0.0,0.0,0.0
r_3726_FWD,0.0,0.0,0.0,0.0,0.0,0.0
r_3727_REV,0.0,0.0,0.0,0.0,0.0,0.0
r_3727_FWD,0.0,0.0,0.0,0.0,0.0,0.0
r_3728_REV,0.0,0.0,0.0,0.0,0.0,0.0
r_3728_FWD,0.0,0.0,0.0,0.0,0.0,0.0
r_3729_REV,0.0,0.0,0.0,0.0,0.0,0.0
r_3729_FWD,0.0,0.0,0.0,0.0,0.0,0.0
r_3730_REV,0.0,0.0,0.0,0.0,0.0,0.0
r_3730_FWD,0.0,0.0,0.0,0.0,0.0,0.0
r_3731_REV,0.0,0.0,0.0,0.0,0.0,0.0
r_3731_FWD,0.0,0.0,0.0,0.0,0.0,0.0
r_3732_REV,0.0,0.0,0.0,0.0,0.0,0.0
r_3732_FWD,0.0,0.0,0.0,0.0,0.0,0.0
r_3733_REV,0.0,0.0,0.0,0.0,0.0,0.0
r_3733_FWD,0.0,0.0,0.0,0.0,0.0,0.0
r_3734_REV,0.0,0.0,0.0,0.0,0.0,0.0
r_3734_FWD,0.0,0.0,0.0,0.0,0.0,0.0
r_3735_REV,0.0,0.0,0.0,0.0,0.0,0.0
r_3735_FWD,0.0,0.0,0.0,0.0,0.0,0.0
r_3736_REV,0.0,0.0,0.0,0.0,0.0,0.0
r_3736_FWD,0.0,0.0,0.0,0.0,0.0,0.0
r_3737_REV,0.0,0.0,0.0,0.0,0.0,0.0
r_3737_FWD,0.0,0.0,0.0,0.0,0.0,0.0
r_3738_REV,0.0,0.0,0.0,0.0,0.0,0.0
r_3738_FWD,0.0,0.0,0.0,0.0,0.0,0.0
r_3739_REV,0.0,0.0,0.0,0.0,0.0,0.0
r_3739_FWD,0.0,0.0,0.0,0.0,0.0,0.0
r_3740_REV,0.0,0.0,0.0,0.0,0.0,0.0
r_3740_FWD,0.0,0.0,0.0,0.0,0.0,0.0
r_3741_REV,0.0,0.0,0.0,0.0,0.0,0.0
r_3741_FWD,0.0,0.0,0.0,0.0,0.0,0.0
r_3742_REV,0.0,0.0,0.0,0.0,0.0,0.0
r_3742_FWD,0.0,0.0,0.0,0.0,0.0,0.0
r_3743_REV,0.0,0.0,0.0,0.0,0.0,0.0
r_3743_FWD,0.0,0.0,0.0,0.0,0.0,0.0
r_3744_REV,0.0,0.0,0.0,0.0,0.0,0.0
r_3744_FWD,0.0,0.0,0.0,0.0,0.0,0.0
r_3745_REV,0.0,0.0,0.0,0.0,0.0,0.0
r_3745_FWD,0.0,0.0,0.0,0.0,0.0,0.0
r_3746_REV,0.0,0.0,0.0,0.0,0.0,0.0
r_3746_FWD,0.0,0.0,0.0,0.0,0.0,0.0
r_3747_REV,0.0,0.0,0.0,0.0,0.0,0.0
r_3747_FWD,0.0,0.0,0.0,0.0,0.0,0.0
r_3748_REV,0.0,0.0,0.0,0.0,0.0,0.0
r_3748_FWD,0.0,0.0,0.0,0.0,0.0,0.0
r_3749_REV,0.0,0.0,0.0,0.0,0.0,0.0
r_3749_FWD,0.0,0.0,0.0,0.0,0.0,0.0
r_3750_REV,0.0,0.0,0.0,0.0,0.0,0.0
r_3750_FWD,0.0,0.0,0.0,0.0,0.0,0.0
r_3751_REV,0.0,0.0,0.0,0.0,0.0,0.0
r_3751_FWD,0.0,0.0,0.0,0.0,0.0,0.0
r_3752_REV,0.0,0.0,0.0,0.0,0.0,0.0
r_3752_FWD,0.0,0.0,0.0,0.0,0.0,0.0
r_3753_REV,0.0,0.0,0.0,0.0,0.0,0.0
r_3753_FWD,0.0,0.0,0.0,0.0,0.0,0.0
r_3754_REV,0.0,0.0,0.0,0.0,0.0,0.0
r_3754_FWD,0.0,0.0,0.0,0.0,0.0,0.0
r_3755_REV,0.0,0.0,0.0,0.0,0.0,0.0
r_3755_FWD,0.0,0.0,0.0,0.0,0.0,0.0
r_3756_REV,0.0,0.0,0.0,0.0,0.0,0.0
r_3756_FWD,0.0,0.0075501924619277,0.0,0.0,0.0041570501167261,0.0
r_3757_REV,0.0,0.0,0.0,0.0,0.0,0.0
r_3757_FWD,0.0,0.0005400687438988,0.0,0.0,0.000201490641913,0.0
r_3758_REV,0.0,0.0,0.0,0.0,0.0,0.0
r_3758_FWD,0.0,0.0,0.0,0.0,0.0,0.0
r_3759_REV,0.0,0.0,0.0,0.0,0.0,0.0
r_3759_FWD,0.0,0.0,0.0,0.0,0.0,0.0
r_3760_REV,0.0,0.0,0.0,0.0,0.0,0.0
r_3760_FWD,0.0,0.0,0.0,0.0,0.0,0.0
r_3761_REV,0.0,0.0,0.0,0.0,0.0,0.0
r_3761_FWD,0.0,0.0,0.0,0.0,0.0,0.0
r_3762_REV,0.0,0.0,0.0,0.0,0.0,0.0
r_3762_FWD,0.0,0.0,0.0,0.0,0.0,0.0
r_3763_REV,0.0,0.0,0.0,0.0,0.0,0.0
r_3763_FWD,0.0,0.0,0.0,0.0,0.0,0.0
r_3764_REV,0.0,0.0,0.0,0.0,0.0,0.0
r_3764_FWD,0.0,0.0,0.0,0.0,0.0,0.0
r_3765_REV,0.0,0.0,0.0,0.0,0.0,0.0
r_3765_FWD,0.0016152817163822,0.0,0.007111255255753,0.0147941653483086,0.0050929796120847,0.0061353625065885
r_3766_REV,0.0,0.0,0.0,0.0,0.0,0.0
r_3766_FWD,0.0,0.0,0.0,0.0,0.0,0.0
r_3767_REV,0.0,0.0,0.0,0.0,0.0,0.0
r_3767_FWD,0.0002690831344465,0.0010200951309614,0.0001650680118396,0.0,0.0,0.0003260527192948
r_3768_REV,0.0,0.0,0.0,0.0,0.0,0.0
r_3768_FWD,0.0,0.0,0.0,0.0,0.0,0.0
r_3769_REV,0.0,0.0,0.0,0.0,0.0,0.0
r_3769_FWD,0.0,0.0,0.0,0.0,0.0,0.0
r_3770_REV,0.0,0.0,0.0,0.0,0.0,0.0
r_3770_FWD,0.007683442210992,0.0,0.0062246257526304,0.0,0.0,0.0059768748645342
r_3771_REV,0.0,0.0,0.0,0.0,0.0,0.0
r_3771_FWD,0.0,0.0005400687438988,0.0,0.0005852931092687,0.0,7.69506635725683e-19
r_3772_REV,0.0,0.0,0.0,0.0,0.0,0.0
r_3772_FWD,0.0,0.0,0.0,0.0,0.0,0.0
r_3773_REV,0.0,0.0,0.0,0.0,0.0,0.0
r_3773_FWD,0.0016152817163822,0.0,0.007111255255753,0.0147941653483086,0.0050929796120847,0.0061353625065885
r_3774_REV,0.0,0.0,0.0,0.0,0.0,0.0
r_3774_FWD,0.0,0.0,0.0,0.0,0.0,0.0
r_3775_REV,0.0,0.0,0.0,0.0,0.0,0.0
r_3775_FWD,0.0002690831344465,0.0010200951309614,0.0001650680118396,0.0,0.0,0.0003260527192948
r_3776_REV,0.0,0.0,0.0,0.0,0.0,0.0
r_3776_FWD,0.0,0.0,0.0,0.0,0.0,0.0
r_3777_REV,0.0,0.0,0.0,0.0,0.0,0.0
r_3777_FWD,0.0,0.0,0.0,0.0,0.0,0.0
r_3778_REV,0.0,0.0,0.0,0.0,0.0,0.0
r_3778_FWD,0.007683442210992,0.0,0.0062246257526304,0.0,0.0,0.0059768748645342
r_3779_REV,0.0,0.0,0.0,0.0,0.0,0.0
r_3779_FWD,0.0,0.0005400687438988,0.0,0.0005852931092687,0.0,7.69506635725683e-19
r_3780_REV,0.0,0.0,0.0,0.0,0.0,0.0
r_3780_FWD,0.0,0.0,0.0,0.0,0.0,0.0
r_3781_REV,0.0,0.0,0.0,0.0,0.0,0.0
r_3781_FWD,0.0,0.0,0.0,0.0,0.0,0.0
r_3782_REV,0.0,0.0,0.0,0.0,0.0,4.4137390573275805e-35
r_3782_FWD,0.0,0.0,0.0,0.0,0.0,0.0
r_3783_REV,0.0,0.0,0.0,0.0,0.0,0.0
r_3783_FWD,0.0,0.0,0.0,0.0,0.0,0.0
r_3784_REV,0.0,0.0,0.0,0.0,0.0,0.0
r_3784_FWD,0.0,0.0,0.0,0.0,0.0,7.89646687760995e-35
r_3785_REV,0.0,0.0,0.0,0.0,0.0,0.0
r_3785_FWD,0.0,0.0,0.0,0.0,0.0,0.0
r_3786_REV,0.0,0.0,0.0,0.0,0.0,0.0
r_3786_FWD,0.0,0.0,0.0,0.0,0.0,7.11250505997506e-19
r_3787_REV,0.0,0.0,0.0,0.0,0.0,0.0
r_3787_FWD,0.0,0.0,0.0,0.0,0.0,0.0
r_3788_REV,0.0,0.0,0.0,0.0,0.0,0.0
r_3788_FWD,0.0,0.0,0.0,0.0,0.0,0.0
r_3789_REV,0.0,0.0,0.0,0.0,0.0,3.8358604986729104e-19
r_3789_FWD,0.0,0.0,0.0,0.0,0.0,0.0
r_3790_REV,0.0,0.0,0.0,0.0052672449846542,0.0,0.0023926913800414
r_3790_FWD,0.0,0.0,0.0,0.0,0.0,0.0
r_3791_REV,0.0,0.0,0.0,0.0,0.0,0.0
r_3791_FWD,0.0,0.0,0.0,0.0,0.0,0.0
r_3792_REV,0.0,0.0,0.0,0.0,0.0,0.0
r_3792_FWD,0.0,0.0,0.0,0.0,0.0,0.0
r_3793_REV,0.0,0.0,0.0,0.0,0.0,0.0
r_3793_FWD,0.0,0.0,0.0,0.0,0.0,0.0
r_3794_REV,0.0,0.0,0.0,0.0,0.0,0.0
r_3794_FWD,0.0,0.0,0.0,0.0,0.0,0.0
r_3795_REV,0.0,0.0,0.0,0.0,0.0,0.0
r_3795_FWD,0.0,0.0,0.0,0.0,0.0,0.0
r_3796_REV,0.0,0.0,0.0,0.0,0.0,0.0
r_3796_FWD,0.0,0.0,0.0,0.0,0.0,0.0
r_3797_REV,0.0,0.0,0.0,0.0,0.0,0.0
r_3797_FWD,0.0,0.0,0.0,0.0,0.0,0.0
r_3798_REV,0.0,0.0,0.0,0.0,0.0,0.0
r_3798_FWD,0.0,0.0,0.0,0.0052672449846542,0.0,0.0023926913800414
r_3799_REV,0.0,0.0,0.0,0.0,0.0,0.0
r_3799_FWD,0.0,0.0,0.0,0.0,0.0,0.0
r_3800_REV,0.0,0.0,0.0,0.0,0.0,0.0
r_3800_FWD,0.0,0.0,0.0,0.0,0.0,0.0
r_3801_REV,0.0,0.0,0.0,0.0,0.0,0.0
r_3801_FWD,0.0,0.0,0.0,0.0,0.0,0.0
r_3802_REV,0.0,0.0,0.0,0.0,0.0,0.0
r_3802_FWD,0.0,0.0,0.0,0.0,0.0,0.0
r_3803_REV,0.0,0.0,0.0,0.0,0.0,0.0
r_3803_FWD,0.0,0.0,0.0,0.0,0.0,0.0
r_3804_REV,0.0,0.0,0.0,0.0,0.0,0.0
r_3804_FWD,0.0,0.0,0.0,0.0,0.0,1.7148355722176902e-19
r_3805_REV,0.0,0.0,0.0,0.0,0.0,0.0
r_3805_FWD,0.0,0.0,0.0,0.0,0.0,3.90492583643314e-19
r_3806_REV,0.0,0.0,0.0,0.0,0.0,0.0
r_3806_FWD,0.0,0.0,0.0,0.0,0.0,0.0
r_3807_REV,0.0,0.0,0.0,0.0,0.0,0.0
r_3807_FWD,0.0,0.0,0.0,0.0,0.0,0.0
r_3808_REV,0.0,0.0,0.0,0.0,0.0,0.0
r_3808_FWD,0.0,0.0,0.0,0.0,0.0,0.0
r_3809_REV,0.0,0.0,0.0,0.0,0.0,0.0
r_3809_FWD,0.0,0.0,0.0,0.0,0.0,0.0
r_3810_REV,0.0,0.0,0.0,0.0,0.0,0.0
r_3810_FWD,0.0,0.0,0.0,0.0,0.0,0.0
r_3811_REV,0.0,0.0,0.0,0.0,0.0,0.0
r_3811_FWD,0.0,0.0,0.0,0.0,0.0,-3.9646359224338904e-19
r_3812_REV,0.0,0.0,0.0,0.0,0.0,1.7148355722176902e-19
r_3812_FWD,0.0,0.0,0.0,0.0,0.0,0.0
r_3813_ENZ_YIL048W_REV,0.0,0.0,0.0,0.0,0.0,0.0
r_3813_ENZ_YIL048W_FWD,0.0,0.0,0.0,0.0,0.0,0.0
r_3813_ENZ_YMR162C_REV,0.0,0.0,0.0,0.0,0.0,0.0
r_3813_ENZ_YMR162C_FWD,0.0,0.0,0.0,0.0,0.0,0.0
r_3814_ENZ_YIL048W_REV,0.0,0.0,0.0,0.0,0.0,0.0
r_3814_ENZ_YIL048W_FWD,0.0,0.0,0.0,0.0,0.0,0.0
r_3814_ENZ_YMR162C_REV,0.0,0.0,0.0,0.0,0.0,0.0
r_3814_ENZ_YMR162C_FWD,0.0,0.0,0.0,0.0,0.0,0.0
r_3815_ENZ_YIL048W_REV,0.0,0.0,0.0,0.0,0.0,0.0
r_3815_ENZ_YIL048W_FWD,0.0,0.0,0.0,0.0,0.0,0.0
r_3815_ENZ_YMR162C_REV,0.0,0.0,0.0,0.0,0.0,0.0
r_3815_ENZ_YMR162C_FWD,0.0,0.0,0.0,0.0,0.0,0.0
r_3816_ENZ_YIL048W_REV,0.0,0.0,0.0,0.0,0.0,0.0
r_3816_ENZ_YIL048W_FWD,0.0,0.0,0.0,0.0,0.0,0.0
r_3816_ENZ_YMR162C_REV,0.0,0.0,0.0,0.0,0.0,0.0
r_3816_ENZ_YMR162C_FWD,0.0,0.0,0.0,0.0,0.0,0.0
r_3817_ENZ_YIL048W_REV,0.0,0.0,0.0,0.0,0.0,0.0
r_3817_ENZ_YIL048W_FWD,0.0,0.0,0.0,0.0,0.0,0.0
r_3817_ENZ_YMR162C_REV,0.0,0.0,0.0,0.0,0.0,0.0
r_3817_ENZ_YMR162C_FWD,0.0,0.0,0.0,0.0,0.0,0.0
r_3818_ENZ_YIL048W_REV,0.0,0.0,0.0,0.0,0.0,0.0
r_3818_ENZ_YIL048W_FWD,0.0,0.0,0.0,0.0,0.0,0.0
r_3818_ENZ_YMR162C_REV,0.0,0.0,0.0,0.0,0.0,0.0
r_3818_ENZ_YMR162C_FWD,0.0,0.0,0.0,0.0,0.0,0.0
r_3819_ENZ_YIL048W_REV,0.0,0.0,0.0,0.0,0.0,0.0
r_3819_ENZ_YIL048W_FWD,0.0,0.0,0.0,0.0,0.0,0.0
r_3819_ENZ_YMR162C_REV,0.0,0.0,0.0,0.0,0.0,0.0
r_3819_ENZ_YMR162C_FWD,0.0,0.0,0.0,0.0,0.0,0.0
r_3820_ENZ_YIL048W_REV,0.0,0.0,0.0,0.0,0.0,0.0
r_3820_ENZ_YIL048W_FWD,0.0,0.0,0.0,0.0,0.0,0.0
r_3820_ENZ_YMR162C_REV,0.0,0.0,0.0,0.0,0.0,0.0
r_3820_ENZ_YMR162C_FWD,0.0,0.0,0.0,0.0,0.0,0.0
r_3821_ENZ_YAL026C_REV,0.0,0.0,0.0,0.0,0.0,0.0
r_3821_ENZ_YAL026C_FWD,0.0,0.0,0.0,0.0,0.0,0.0
r_3822_ENZ_YAL026C_REV,0.0,0.0,0.0,0.0,0.0,0.0
r_3822_ENZ_YAL026C_FWD,0.0,0.0,0.0,0.0,0.0,0.0
r_3823_ENZ_YAL026C_REV,0.0,0.0,0.0,0.0,0.0,0.0
r_3823_ENZ_YAL026C_FWD,0.0,0.0,0.0,0.0,0.0,0.0
r_3824_ENZ_YAL026C_REV,0.0,0.0,0.0,0.0,0.0,0.0
r_3824_ENZ_YAL026C_FWD,0.0,0.0,0.0,0.0,0.0,0.0
r_3825_ENZ_YAL026C_REV,0.0,0.0,0.0,0.0,0.0,0.0
r_3825_ENZ_YAL026C_FWD,0.0,0.0,0.0,0.0,0.0,0.0
r_3826_ENZ_YAL026C_REV,0.0,0.0,0.0,0.0,0.0,0.0
r_3826_ENZ_YAL026C_FWD,0.0,0.0,0.0,0.0,0.0,0.0
r_3827_ENZ_YAL026C_REV,0.0,0.0,0.0,0.0,0.0,0.0
r_3827_ENZ_YAL026C_FWD,0.0,0.0,0.0,0.0,0.0,0.0
r_3828_ENZ_YAL026C_REV,0.0,0.0,0.0,0.0,0.0,0.0
r_3828_ENZ_YAL026C_FWD,0.0,0.0,0.0,0.0,0.0,0.0
r_3829_REV,0.0,0.0,0.0,0.0,0.0,0.0
r_3829_FWD,0.0,0.0,0.0,0.0,0.0,0.0
r_3830_REV,0.0,0.0,0.0,0.0,0.0,0.0
r_3830_FWD,0.0,0.0,0.0,0.0,0.0,0.0
r_3831_REV,0.0,0.0,0.0,0.0,0.0,0.0
r_3831_FWD,0.0,0.0,0.0,0.0,0.0,0.0
r_3832_REV,0.0,0.0,0.0,0.0,0.0,0.0
r_3832_FWD,0.0,0.0,0.0,0.0,0.0,0.0
r_3833_REV,0.0,0.0,0.0,0.0,0.0,0.0
r_3833_FWD,0.0,0.0,0.0,0.0,0.0,0.0
r_3834_REV,0.0,0.0,0.0,0.0,0.0,0.0
r_3834_FWD,0.0,0.0,0.0,0.0,0.0,0.0
r_3835_REV,0.0,0.0,0.0,0.0,0.0,0.0
r_3835_FWD,0.0,0.0,0.0,0.0,0.0,0.0
r_3836_REV,0.0,0.0,0.0,0.0,0.0,0.0
r_3836_FWD,0.0,0.0,0.0,0.0,0.0,0.0
r_3837_REV,0.0,0.0,0.0,0.0,0.0,0.0
r_3837_FWD,0.0,0.0,0.0,0.0,0.0,0.0
r_3838_REV,0.0,0.0,0.0,0.0,0.0,0.0
r_3838_FWD,0.0,0.0,0.0,0.0,0.0,0.0
r_3839_REV,0.0,0.0,0.0,0.0,0.0,0.0
r_3839_FWD,0.0,0.0,0.0,0.0,0.0,0.0
r_3840_REV,0.0,0.0,0.0,0.0,0.0,0.0
r_3840_FWD,0.0,0.0,0.0,0.0,0.0,0.0
r_3841_REV,0.0,0.0,0.0,0.0,0.0,0.0
r_3841_FWD,0.0,0.0,0.0,0.0,0.0,0.0
r_3842_REV,0.0,0.0,0.0,0.0,0.0,0.0
r_3842_FWD,0.0,0.0,0.0,0.0,0.0,0.0
r_3843_REV,0.0,0.0,0.0,0.0,0.0,0.0
r_3843_FWD,0.0,0.0,0.0,0.0,0.0,0.0
r_3844_REV,0.0,0.0,0.0,0.0,0.0,0.0
r_3844_FWD,0.0,0.0,0.0,0.0,0.0,0.0
r_3845_REV,0.0,0.0,0.0,0.0,0.0,0.0
r_3845_FWD,0.0,0.0084134312971986,0.0,0.0,0.0,0.0
r_3846_REV,0.0,0.0,0.0,0.0,0.0,0.0
r_3846_FWD,0.0,0.0,0.0,0.0,0.0,0.0
r_3847_REV,0.0,0.0,0.0,0.0,0.0,0.0
r_3847_FWD,0.0,0.0,0.0,0.0,0.0,0.0
r_3848_REV,0.0,0.0,0.0,0.0,0.0,0.0
r_3848_FWD,0.0,0.0,0.0,0.0,0.0,0.0
r_3849_REV,0.0,0.0,0.0,0.0,0.0,0.0
r_3849_FWD,0.0,0.0,0.0,0.0,0.0,0.0
r_3850_REV,0.0,0.0,0.0,0.0,0.0,0.0
r_3850_FWD,0.0,0.0075501924619277,0.0,0.0120754629847963,0.0041570501167261,0.0
r_3851_REV,0.0,0.0,0.0,0.0,0.0,0.0
r_3851_FWD,0.0,0.0,0.0,0.0,0.000201490641913,0.0
r_3852_REV,0.0,0.0,0.0,0.0,0.0,0.0
r_3852_FWD,0.0,0.0,0.0,0.0,0.0,0.0
r_3853_REV,0.0,0.0,0.0,0.0,0.0,0.0
r_3853_FWD,0.0,0.0084134312971986,0.0,0.0,0.0,0.0
r_3854_REV,0.0,0.0,0.0,0.0,0.0,0.0
r_3854_FWD,0.0,0.0,0.0,0.0,0.0,0.0
r_3855_REV,0.0,0.0,0.0,0.0,0.0,0.0
r_3855_FWD,0.0,0.0,0.0,0.0,0.0,0.0
r_3856_REV,0.0,0.0,0.0,0.0,0.0,0.0
r_3856_FWD,0.0,0.0,0.0,0.0,0.0,0.0
r_3857_REV,0.0,0.0,0.0,0.0,0.0,0.0
r_3857_FWD,0.0,0.0,0.0,0.0,0.0,0.0
r_3858_REV,0.0,0.0,0.0,0.0,0.0,0.0
r_3858_FWD,0.0,0.0075501924619277,0.0,0.0120754629847963,0.0041570501167261,0.0
r_3859_REV,0.0,0.0,0.0,0.0,0.0,0.0
r_3859_FWD,0.0,0.0,0.0,0.0,0.000201490641913,0.0
r_3860_REV,0.0,0.0,0.0,0.0,0.0,0.0
r_3860_FWD,0.0,0.0,0.0,0.0,0.0,0.0
r_3861_REV,0.0,0.0,0.0,0.0,0.0,0.0
r_3861_FWD,0.0,0.0,0.0,0.0,0.0,0.0
r_3862_REV,0.0,0.0,0.0,0.0,0.0,0.0
r_3862_FWD,0.0,0.0,0.0,0.0,0.0,0.0
r_3863_REV,0.0,0.0,0.0,0.0,0.0,0.0
r_3863_FWD,0.0,0.0,0.0,0.0,0.0,0.0
r_3864_REV,0.0,0.0,0.0,0.0,0.0,0.0
r_3864_FWD,0.0,0.0,0.0,0.0,0.0,0.0
r_3865_REV,0.0,0.0,0.0,0.0,0.0,0.0
r_3865_FWD,0.0,0.0,0.0,0.0,0.0,0.0
r_3866_REV,0.0,0.0,0.0,0.0,0.0,0.0
r_3866_FWD,0.0,0.0,0.0,0.0,0.0,0.0
r_3867_REV,0.0,0.0,0.0,0.0,0.0,0.0
r_3867_FWD,0.0,0.0,0.0,0.0,0.0,0.0
r_3868_REV,0.0,0.0,0.0,0.0,0.0,0.0
r_3868_FWD,0.0,0.0,0.0,0.0,0.0,0.0
r_3869_REV,0.0,0.0,0.0,0.0,0.0,0.0
r_3869_FWD,0.0,0.0,0.0,0.0,0.0,-3.8358604986729e-19
r_3870_REV,0.0,0.0,0.0,0.0,0.0,0.0
r_3870_FWD,0.0,0.0,0.0,0.0,0.0,0.0
r_3871_REV,0.0,0.0,0.0,0.0,0.0,0.0
r_3871_FWD,0.0,0.0,0.0,0.0,0.0,0.0
r_3872_REV,0.0,0.0,0.0,0.0,0.0,0.0
r_3872_FWD,0.0,0.0,0.0,0.0,0.0,0.0
r_3873_REV,0.0,0.0,0.0,0.0,0.0,0.0
r_3873_FWD,0.0,0.0,0.0,0.0,0.0,3.8358604986729e-19
r_3874_REV,0.0,0.0,0.0,0.0,0.0,0.0
r_3874_FWD,0.0,0.0,0.0,0.0,0.0,3.8358604986729e-19
r_3875_REV,0.0,0.0,0.0,0.0,0.0,0.0
r_3875_FWD,0.0,0.0,0.0,0.0,0.0,-3.73043043482294e-19
r_3876_REV,0.0,0.0,0.0,0.0,0.0,0.0
r_3876_FWD,0.0,0.0,0.0,0.0,0.0,1.7148355722176902e-19
r_3877_REV,0.0,0.0,0.0,0.0,0.0,0.0
r_3877_FWD,0.0,0.0,0.0,0.0,0.0,0.0
r_3878_REV,0.0,0.0,0.0,0.0,0.0,0.0
r_3878_FWD,0.0,0.0,0.0,0.0,0.0,0.0
r_3879_REV,0.0,0.0,0.0,0.0,0.0,0.0
r_3879_FWD,0.0,0.0,0.0,0.0,0.0,0.0
r_3880_REV,0.0,0.0,0.0,0.0,0.0,0.0
r_3880_FWD,0.0,0.0,0.0,0.0,0.0,0.0
r_3881_REV,0.0,0.0,0.0,0.0,0.0,0.0
r_3881_FWD,0.0,0.0,0.0,0.0,0.0,3.8358604986729e-19
r_3882_REV,0.0,0.0,0.0,0.0,0.0,0.0
r_3882_FWD,0.0,0.0,0.0,0.0,0.0,0.0
r_3883_REV,0.0,0.0,0.0,0.0,0.0,0.0
r_3883_FWD,0.0,0.0,0.0,0.0,0.0,0.0
r_3884_REV,0.0,0.0,0.0,0.0,0.0,0.0
r_3884_FWD,0.0,0.0,0.0,0.0,0.0,-3.8358604986729e-19
r_3885_ENZ_YAL026C_REV,0.0,0.0,0.0,0.0,0.0,0.0
r_3885_ENZ_YAL026C_FWD,0.0,0.0,0.0,0.0,0.0,0.0
r_3886_ENZ_YAL026C_REV,0.0,0.0,0.0,0.0,0.0,0.0
r_3886_ENZ_YAL026C_FWD,0.0,0.0,0.0,0.0,0.0,0.0
r_3887_ENZ_YAL026C_REV,0.0,0.0,0.0,0.0,0.0,0.0
r_3887_ENZ_YAL026C_FWD,0.0,0.0,0.0,0.0,0.0,0.0
r_3888_ENZ_YAL026C_REV,0.0,0.0,0.0,0.0,0.0,0.0
r_3888_ENZ_YAL026C_FWD,0.0,0.0,0.0,0.0,0.0,0.0
r_3889_ENZ_YAL026C_REV,0.0,0.0,0.0,0.0,0.0,0.0
r_3889_ENZ_YAL026C_FWD,0.0,0.0,0.0,0.0,0.0,0.0
r_3890_ENZ_YAL026C_REV,0.0,0.0,0.0,0.0,0.0,0.0
r_3890_ENZ_YAL026C_FWD,0.0,0.0,0.0,0.0,0.0,0.0
r_3891_ENZ_YAL026C_REV,0.0,0.0,0.0,0.0,0.0,0.0
r_3891_ENZ_YAL026C_FWD,0.0,0.0,0.0,0.0,0.0,0.0
r_3892_ENZ_YAL026C_REV,0.0,0.0,0.0,0.0,0.0,0.0
r_3892_ENZ_YAL026C_FWD,0.0,0.0,0.0,0.0,0.0,0.0
r_3893_ENZ_YIL048W_REV,0.0,0.0,0.0,0.0,0.0,0.0
r_3893_ENZ_YIL048W_FWD,0.0,0.0,0.0,0.0,0.0,0.0
r_3894_ENZ_YIL048W_REV,0.0,0.0,0.0,0.0,0.0,0.0
r_3894_ENZ_YIL048W_FWD,0.0,0.0,0.0,0.0,0.0,0.0
r_3895_ENZ_YIL048W_REV,0.0,0.0,0.0,0.0,0.0,0.0
r_3895_ENZ_YIL048W_FWD,0.0,0.0,0.0,0.0,0.0,0.0
r_3896_ENZ_YIL048W_REV,0.0,0.0,0.0,0.0,0.0,0.0
r_3896_ENZ_YIL048W_FWD,0.0,0.0,0.0,0.0,0.0,0.0
r_3897_ENZ_YIL048W_REV,0.0,0.0,0.0,0.0,0.0,0.0
r_3897_ENZ_YIL048W_FWD,0.0,0.0,0.0,0.0,0.0,0.0
r_3898_ENZ_YIL048W_REV,0.0,0.0,0.0,0.0,0.0,0.0
r_3898_ENZ_YIL048W_FWD,0.0,0.0,0.0,0.0,0.0,0.0
r_3899_ENZ_YIL048W_REV,0.0,0.0,0.0,0.0,0.0,0.0
r_3899_ENZ_YIL048W_FWD,0.0,0.0,0.0,0.0,0.0,0.0
r_3900_ENZ_YIL048W_REV,0.0,0.0,0.0,0.0,0.0,0.0
r_3900_ENZ_YIL048W_FWD,0.0,0.0,0.0,0.0,0.0,0.0
r_3901_REV,0.0,0.0,0.0,0.0,0.0,0.0
r_3901_FWD,0.0,0.0,0.0,0.0,0.0,0.0
r_3902_REV,0.0,0.0,0.0,0.0,0.0,0.0
r_3902_FWD,0.0,0.0,0.0,0.0,0.0,0.0
r_3903_REV,0.0,0.0,0.0,0.0,0.0,0.0
r_3903_FWD,0.0,0.0,0.0,0.0,0.0,0.0
r_3904_REV,0.0,0.0,0.0,0.0,0.0,0.0
r_3904_FWD,0.0,0.0,0.0,0.0,0.0,0.0
r_3905_REV,0.0,0.0,0.0,0.0,0.0,0.0
r_3905_FWD,0.0,0.0,0.0,0.0,0.0,0.0
r_3906_REV,0.0,0.0,0.0,0.0,0.0,0.0
r_3906_FWD,0.0,0.0,0.0,0.0,0.0,0.0
r_3907_REV,0.0,0.0,0.0,0.0,0.0,0.0
r_3907_FWD,0.0,0.0,0.0,0.0,0.0,3.8358604986729e-19
r_3908_REV,0.0,0.0,0.0,0.0,0.0,0.0
r_3908_FWD,0.0,0.0,0.0,0.0,0.0,0.0
r_3909_REV,0.0,0.0,0.0,0.0,0.0,0.0
r_3909_FWD,0.0,0.0,0.0,0.0,0.0,0.0
r_3910_REV,0.0,0.0,0.0,0.0,0.0,0.0
r_3910_FWD,0.0,0.0,0.0,0.0,0.0,-3.8358604986729e-19
r_3911_REV,0.0,0.0,0.0,0.0,0.0,0.0
r_3911_FWD,0.0,0.0,0.0,0.0,0.0,0.0
r_3912_REV,0.0,0.0,0.0,0.0,0.0,0.0
r_3912_FWD,0.0,0.0,0.0,0.0,0.0,0.0
r_3913_REV,0.0,0.0,0.0,0.0,0.0,0.0
r_3913_FWD,0.0,0.0,0.0,0.0,0.0,0.0
r_3914_REV,0.0,0.0,0.0,0.0,0.0,0.0
r_3914_FWD,0.0,0.0,0.0,0.0,0.0,0.0
r_3915_REV,0.0,0.0,0.0,0.0,0.0,0.0
r_3915_FWD,0.0,0.0,0.0,0.0,0.0,0.0
r_3916_REV,0.0,0.0,0.0,0.0,0.0,0.0
r_3916_FWD,0.0,0.0,0.0,0.0,0.0,0.0
r_3917_REV,0.0,0.0,0.0,0.0,0.0,0.0
r_3917_FWD,0.0,0.0,0.0,0.0,0.0,0.0
r_3918_REV,0.0,0.0,0.0,0.0,0.0,0.0
r_3918_FWD,0.0,0.0,0.0,0.0,0.0,0.0
r_3919_REV,0.0,0.0,0.0,0.0,0.0,0.0
r_3919_FWD,0.0,0.0,0.0,0.0,0.0,0.0
r_3920_REV,0.0,0.0,0.0,0.0,0.0,0.0
r_3920_FWD,0.0,0.0,0.0,0.0,0.0,0.0
r_3921_REV,0.0,0.0,0.0,0.0,0.0,0.0
r_3921_FWD,0.0,0.0,0.0,0.0,0.0,0.0
r_3922_REV,0.0,0.0,0.0,0.0,0.0,0.0
r_3922_FWD,0.0,0.0,0.0,0.0,0.0,0.0
r_3923_REV,0.0,0.0,0.0,0.0,0.0,0.0
r_3923_FWD,0.0,0.0,0.0,0.0,0.0,0.0
r_3924_REV,0.0,0.0,0.0,0.0,0.0,0.0
r_3924_FWD,0.0,0.0,0.0,0.0,0.0,0.0
r_3925_REV,0.0,0.0,0.0,0.0,0.0,0.0
r_3925_FWD,0.0,0.0,0.0,0.0,0.0,0.0
r_3926_REV,0.0,0.0,0.0,0.0,0.0,0.0
r_3926_FWD,0.0,0.0,0.0,0.0,0.0,0.0
r_3927_REV,0.0,0.0,0.0,0.0,0.0,0.0
r_3927_FWD,0.0,0.0,0.0,0.0,0.0,0.0
r_3928_REV,0.0,0.0,0.0,0.0,0.0,0.0
r_3928_FWD,0.0,0.0,0.0,0.0,0.0,0.0
r_3929_REV,0.0,0.0,0.0,0.0,0.0,0.0
r_3929_FWD,0.0,0.0,0.0,0.0,0.0,0.0
r_3930_REV,0.0,0.0,0.0,0.0,0.0,0.0
r_3930_FWD,0.0,0.0,0.0,0.0,0.0,0.0
r_3931_REV,0.0,0.0,0.0,0.0,0.0,0.0
r_3931_FWD,0.0,0.0,0.0,0.0,0.0,0.0
r_3932_REV,0.0,0.0,0.0,0.0,0.0,0.0
r_3932_FWD,0.0,0.0,0.0,0.0,0.0,0.0
r_3933_REV,0.0,0.0,0.0,0.0,0.0,0.0
r_3933_FWD,0.0,0.0,0.0,0.0,0.0,0.0
r_3934_REV,0.0,0.0,0.0,0.0,0.0,0.0
r_3934_FWD,0.0,0.0,0.0,0.0,0.0,0.0
r_3935_REV,0.0,0.0,0.0,0.0,0.0,0.0
r_3935_FWD,0.0,0.0,0.0,0.0,0.0,0.0
r_3936_REV,0.0,0.0,0.0,0.0,0.0,0.0
r_3936_FWD,0.0,0.0,0.0,0.0,0.0,0.0
r_3937_REV,0.0,0.0,0.0,0.0,0.0,0.0
r_3937_FWD,0.0,0.0,0.0,0.0,0.0,0.0
r_3938_REV,0.0,0.0,0.0,0.0,0.0,0.0
r_3938_FWD,0.0,0.0,0.0,0.0,0.0,0.0
r_3939_REV,0.0,0.0,0.0,0.0,0.0,0.0
r_3939_FWD,0.0022105649795518,0.0040569552582577,0.0031214107351235,0.0063488828979147,0.0021856407845468,0.0028888372288358
r_3940,0.0,0.0,0.0,0.0,0.0,0.0
r_3941_REV,0.0,0.0,0.0,0.0,0.0,0.0
r_3941_FWD,0.0,0.0,0.0,0.0,0.0,0.0
r_3942_REV,0.0,0.0,0.0,0.0,0.0,0.0
r_3942_FWD,0.0,0.0,0.0,0.0,0.0,0.0
r_3943_REV,0.0,0.0,0.0,0.0,0.0,0.0
r_3943_FWD,0.0,0.0,0.0,0.0,0.0,0.0
r_3944_REV,0.0,0.0,0.0,0.0,0.0,0.0
r_3944_FWD,0.0,0.0,0.0,0.0,0.0,0.0
r_3945_REV,0.0,0.0,0.0,0.0,0.0,0.0
r_3945_FWD,0.0,0.0,0.0,0.0,0.0,0.0
r_3946_REV,0.0,0.0,0.0,0.0,0.0,0.0
r_3946_FWD,0.0,0.0,0.0,0.0,0.0,0.0
r_3947_REV,0.0,0.0,0.0,0.0,0.0,0.0
r_3947_FWD,0.0,0.0,0.0,0.0,0.0,0.0
r_3948_REV,0.0,0.0,0.0,0.0,0.0,0.0
r_3948_FWD,0.0,0.0,0.0,0.0,0.0,0.0
r_3949_REV,0.0,0.0,0.0,0.0,0.0,0.0
r_3949_FWD,0.0,0.0,0.0,0.0,0.0,0.0
r_3950_REV,0.0,0.0,0.0,0.0,0.0,0.0
r_3950_FWD,0.0,0.0,0.0,0.0,0.0,0.0
r_3951_REV,0.0,0.0,0.0,0.0,0.0,0.0
r_3951_FWD,0.0,0.0,0.0,0.0,0.0,0.0
r_3952_REV,0.0,0.0,0.0,0.0,0.0,0.0
r_3952_FWD,0.0,0.0,0.0,0.0,0.0,0.0
r_3953_REV,0.0,0.0,0.0,0.0,0.0,0.0
r_3953_FWD,0.0,0.0,0.0,0.0,0.0,0.0
r_3954_REV,0.0,0.0,0.0,0.0,0.0,0.0
r_3954_FWD,0.0,0.0,0.0,0.0,0.0,0.0
r_3955_REV,0.0,0.0,0.0,0.0,0.0,0.0
r_3955_FWD,0.0,0.0,0.0,0.0,0.0,0.0
r_3956_REV,0.0,0.0,0.0,0.0,0.0,0.0
r_3956_FWD,0.0,0.0,0.0,0.0,0.0,0.0
r_3957_REV,0.0,0.0,0.0,0.0,0.0,5.64461806407215e-35
r_3957_FWD,0.0,0.0,0.0,0.0,0.0,0.0
r_3958_REV,0.0,0.0,0.0,0.0,0.0,0.0
r_3958_FWD,0.0,0.0,0.0,0.0,0.0,0.0
r_3959_ENZ_YBR192W_REV,0.0,0.0,0.0,0.0,0.0,0.0
r_3959_ENZ_YBR192W_FWD,0.0,0.0,0.0,0.0,0.0,0.0
r_3960_ENZ_YBR192W_REV,0.0,0.0,0.0,0.0,0.0,0.0
r_3960_ENZ_YBR192W_FWD,0.0,0.0,0.0,0.0,0.0,0.0
r_3961_ENZ_YER053C_REV,0.0,0.0,0.0,0.0,0.0,0.0
r_3961_ENZ_YER053C_FWD,0.0,0.0,0.0,0.0,0.0,0.0
r_3961_ENZ_YJR077C_REV,0.0,0.0,0.0,0.0,0.0,0.0
r_3961_ENZ_YJR077C_FWD,0.0,0.0,0.0,0.0,0.0,0.0
r_3962_REV,0.0,0.0,0.0,0.0,0.0,0.0
r_3962_FWD,0.0,0.0,0.0,0.0,0.0,0.0
r_3963,0.0018341288131925,0.0,0.0023278310833687,0.0,0.0,0.0023881848518139
r_3964,0.0,0.0033745064379592,0.0002626905043992,0.0052808928984994,0.0018179788607497,0.0
r_3965,0.0,0.0,0.0,0.0,0.0,0.0
r_3966,0.0,0.0,0.0,0.0,0.0,0.0
r_3967,0.0,0.0,0.0,0.0,0.0,0.0
r_3968,0.0,0.0,0.0,0.0,0.0,0.0
r_3969,-7.676670858443696e-19,0.0,0.0,0.0,0.0,0.0
r_3970,0.0,0.0,0.0,0.0,0.0,0.0
r_3971,0.0,0.0,0.0,0.0,0.0,0.0002474847977719
r_3972,0.0022105649795518,0.0040569552582577,0.0031214107351235,0.0063488828979147,0.0021856407845468,0.0026413524310638
r_3973_REV,4.511430291842533e-14,-2.4009873950125996e-14,5.11075556874907e-14,5.171557626582057e-14,-9.619692195594888e-15,0.0
r_3973_FWD,0.0014614227230822,0.0026820865505214,0.0020635903574657,0.0041972987986582,0.0014449451323343,0.0019028912168818
r_3975,0.0012443175481202,0.00228364271871,0.0,0.0,0.0,0.0
r_3976,0.0,0.0,0.0017710061780909,0.0036021888147117,0.0012400749728205,0.0016330916110477
r_3977,0.0,0.0,0.0,0.0,0.0,0.0
r_3978,0.0,0.0,0.0,0.0,0.0,0.0
r_3979,0.000244325984372,0.0,0.0001218963459528,0.0005070211574838,0.0001745450559166,0.0002928875075663
r_3980,0.0,0.0032039708954174,0.0,0.0,0.0,0.0
r_3981,0.0014415676461068,0.0,0.0022504428461806,0.0043278044858818,0.0014898724931586,0.0019013536937531
r_3982,0.0,0.0,0.0,0.0,0.0,0.0
r_3983,0.0,0.0,0.0,0.0,0.0,0.0
r_3984,0.0,0.0,0.0,0.0,0.0,0.0
r_3985,0.0,0.0,0.0,0.0,0.0,0.0
r_3986,0.0,0.0,0.0,0.0,0.0,0.0
r_3987_REV,8.655619623820776e-15,3.579558524591242e-14,2.3451076150426964e-14,-4.2037553993345966e-14,1.69337200511821e-14,0.0
r_3987_FWD,0.0012778269322097,0.002345141056594,0.0018043453781046,0.0036700000367773,0.001263419390284,0.0016638345686368
r_3988,0.0016152817163822,0.0054640488130104,0.0040571495898005,0.0085821795263841,0.0029544664620179,0.0033190909407284
r_3989,0.0011122984336657,0.0,0.0,0.0,0.0,0.0
r_3990,0.0002690831344465,0.0,0.0001650680118396,0.0,0.0,0.0003260527192948
r_3991,0.0,0.0,0.0,0.0,0.0,0.0
r_3992,0.0,0.0029493824841881,0.0030541056659524,0.0062119858219245,0.0021385131500668,0.0028162715658601
r_3993,0.0044082438574161,0.003580714846778,0.0031705200866779,0.0058634771628717,0.0020185369666593,0.0031606032986741
r_3994,0.0,0.0015601638748602,0.0,0.0005852931092687,0.000201490641913,-4.4137390573275805e-35
r_3995,0.0,0.0,0.0,0.0,0.0,0.0
r_3996_REV,6.265821195228227e-15,-2.895773898448084e-14,5.1887313889942283e-14,-4.010333731763183e-14,5.0848214527832176e-14,0.0
r_3996_FWD,0.005536434051919,0.010160780364572,0.0078176777628868,0.0159009899246029,0.0054740105705377,0.0072088873151881
r_3997,0.0,0.0,0.0,0.0,0.0,0.0
r_3998,0.0021628999199101,0.0039694776151496,0.0030541056659524,0.0062119858219245,0.0021385131500668,0.0028162715658601
r_3999,0.0,0.0,0.0,0.0,0.0,0.0
r_4000,0.0,0.0,0.0,0.0,0.0,0.0
r_4001,0.0,0.0,0.0,0.0,0.0,0.0
r_4002,0.0,0.0,0.0,0.0,0.0,0.0
r_4003,0.0,0.0,0.0,0.0,0.0,0.0
r_4004,0.0,0.0,0.0,0.0,0.0,0.0
r_4005_REV,1.4410998436242828e-14,2.2741357408317956e-14,-3.3060793686034984e-14,-6.663940232964905e-15,-2.2883171052479057e-15,0.0
r_4005_FWD,0.0014879421308933,0.0027307564843113,0.002101036876752,0.0042734642207733,0.001471165532962,0.001937421642243
r_4006,0.0,0.0,0.0,0.0,0.0,0.0
r_4007,0.0,0.0,0.0,0.0,0.0,0.0
r_4008,0.0018329784252323,0.0017295119959412,0.0,0.0041456484696523,0.0014271641987038,0.0
r_4009,0.0,0.0,0.0,0.0,0.0,0.0
r_4010,0.0,0.0,0.0,0.0,0.0,0.0
r_4011,0.0,0.0,0.0,0.0,0.0,0.0
r_4012,0.0,0.0,0.0,0.0,0.0,0.0
r_4013,0.0,0.0,0.0,0.0,0.0,0.0
r_4014,0.0,0.0,0.0,0.0,0.0,0.0
r_4015,0.0,0.0,0.0,0.0,0.0,0.0
r_4016,0.0,0.0,0.0025947541385016,0.0011215965150018,0.0003861162863468,0.0023926913800414
r_4017,0.0,0.0,0.0,0.0,0.0,0.0
r_4018,0.0,0.0,0.0,0.0,0.0,0.0
r_4019,0.0,0.0,0.0,0.0,0.0,0.0
r_4020,0.0,0.0,0.0,0.0,0.0,0.0
r_4021,0.0,0.0,0.0,0.0,0.0,0.0
r_4022,0.0,0.0,0.0,0.0,0.0,0.0
r_4023,0.0,0.0,0.0,0.0,0.0,0.0
r_4024,0.0,0.0015793202585651,0.0,0.0,0.0,0.0
r_4025,0.0,0.0,0.0,0.0,0.0,0.0
r_4026,0.0,0.0,0.0,0.0,0.0,-5.550696070890591e-19
r_4027,0.0,0.0,0.0,0.0,0.0,0.0
r_4028,0.0,0.0,0.0,0.0,0.0,0.0
r_4029,0.0,0.0,0.0,0.0,0.0,0.0
r_4030,0.0,0.0,0.0,0.0,0.0,0.0
r_4031,0.0,0.0,0.0,0.0,0.0,0.0
r_4032,0.0,0.0,0.0,0.0,0.0,0.0
r_4033,0.0,0.0,0.0,0.0,0.0,0.0
r_4034,0.0,0.0,0.0,0.0,0.0,0.0
r_4035,0.0,0.0,0.0,0.0,0.0,0.0
r_4036,0.0,0.0,0.0,0.0,0.0,0.0
r_4037,0.0,0.0,0.0,0.0,0.0,0.0
r_4038_REV,-3.7225431070986303e-14,0.0,0.0,0.0,-3.004085695479386e-14,0.0
r_4038_FWD,0.0014724384609507,0.0027023032627511,0.0020791450427612,0.0042289366970312,0.0014558366674464,0.0019172346034076
r_4039_ENZ_YBL015W_REV,0.0,0.0,0.0,0.0,0.0,0.0
r_4039_ENZ_YBL015W_FWD,0.0,0.0,0.0,0.0,0.0,0.0
r_4040_REV,0.0,0.0,0.0,0.0,0.0,0.0
r_4040_FWD,0.0,0.0,0.0,6.167237868070059e-07,0.0,0.0
r_4041,0.2147319505706946,0.394088354806172,0.3032105465731547,0.6167237883640837,0.2123108405561424,0.27959845996899
r_4042,0.0,0.0,0.0,0.0,0.0,0.0
r_4043,0.0,0.0,0.0,0.0,0.0,0.0
r_4044,0.0,0.0,0.0,0.0,0.0,0.0
r_4045_ENZ_YDR400W,0.0,0.0,0.0,0.0,0.0,0.0
r_4046,0.7,0.7,0.7,0.7,0.7,0.7
r_4047,0.2147319505706947,0.394088354806172,0.3032105465731547,0.6167237883640839,0.2123108405561425,0.27959845996899
r_4048,0.2147319505706946,0.394088354806172,0.3032105465731547,0.6167237883640837,0.2123108405561424,0.27959845996899
r_4049,0.2147319505706946,0.394088354806172,0.3032105465731547,0.6167237883640837,0.2123108405561424,0.279598459968991
r_4050,0.2147319505706946,0.394088354806172,0.3032105465731547,0.6167237883640837,0.2123108405561424,0.27959845996899
r_4051,0.0,0.0,0.0,0.0,0.0,0.0
r_4052,0.0,0.0,0.0,0.0,0.0,0.0
r_4053,0.0,0.0,0.0,0.0,0.0,0.0
r_4054,0.0,0.0,0.0,0.0,0.0,0.0
r_4055,0.0,0.0,0.0,0.0,0.0,0.0
r_4056,0.0,0.0,0.0,0.0,0.0,0.0
r_4057,0.0,0.0,0.0,0.0,0.0,0.0
r_4058,0.0,0.0,0.0,0.0,0.0,0.0
r_4059,0.0,0.0,0.0,0.0,0.0,0.0
r_4060,0.0,0.0,0.0,0.0,0.0,0.0
r_4061,0.0,0.0,0.0,0.0,0.0,0.0
r_4062,-0.0,-0.0,-0.0,-0.0,-0.0,0.0
r_4063,0.2147319505706946,0.394088354806172,0.3032105465731547,0.6167237883640837,0.2123108405561424,0.27959845996899
r_4064,-0.0,-0.0,-0.0,-0.0,-0.0,0.0
r_4065,0.2147319505706946,0.394088354806172,0.3032105465731547,0.6167237883640837,0.2123108405561424,0.27959845996899
r_4066,0.0,0.0,0.0,0.0,0.0,0.0
r_4067,0.0,0.0,0.0,0.0,0.0,0.0
r_4068,0.0,0.0,0.0,0.0,0.0,0.0
r_4069,0.0,0.0,0.0,0.0,0.0,0.0
r_4070,0.0,0.0,0.0,0.0,0.0,0.0
r_4071,0.0,0.0,0.0,0.0,0.0,0.0
r_4072,0.0,0.0,0.0,0.0,0.0,0.0
r_4073,0.0,0.0,0.0,0.0,0.0,0.0
r_4074,0.0,0.0,0.0,0.0,0.0,0.0
r_4075,0.0,0.0,0.0,0.0,0.0,0.0
r_4076,0.0,0.0,0.0,0.0,0.0,0.0
r_4077,0.0,0.0,0.0,0.0,0.0,0.0
r_4078,0.0,0.0,0.0,0.0,0.0,0.0
r_4079,0.0,0.0,0.0,0.0,0.0,0.0
r_4080,0.0,0.0,0.0,0.0,0.0,0.0
r_4081,0.0,0.0,0.0,0.0,0.0,0.0
r_4082,0.0,0.0,0.0,0.0,0.0,0.0
r_4083,0.0,0.0,0.0,0.0,0.0,0.0
r_4084,0.0,0.0,0.0,0.0,0.0,0.0
r_4085,0.0,0.0,0.0,0.0,0.0,0.0
r_4086,0.0,0.0,0.0,0.0,0.0,0.0
r_4087,0.0,0.0,0.0,0.0,0.0,0.0
r_4088,0.0,0.0,0.0,0.0,0.0,0.0
r_4089,0.0,0.0,0.0,0.0,0.0,0.0
r_4090,0.0,0.0,0.0,0.0,0.0,0.0
r_4091,0.0,0.0,0.0,0.0,0.0,0.0
r_4092,0.0,0.0,0.0,0.0,0.0,0.0
r_4093,0.0,0.0,0.0,0.0,0.0,0.0
r_4094,0.0,0.0,0.0,0.0,0.0,0.0
r_4095,0.0,0.0,0.0,0.0,0.0,0.0
r_4096,0.0,0.0,0.0,0.0,0.0,0.0
r_4097,0.0,0.0,0.0,0.0,0.0,0.0
r_4098,0.0,0.0,0.0,0.0,0.0,0.0
r_4099,0.0,0.0,0.0,0.0,0.0,0.0
r_4100,0.0,0.0,0.0,0.0,0.0,0.0
r_4101,0.0,0.0,0.0,0.0,0.0,0.0
r_4102,0.0,0.0,0.0,0.0,0.0,0.0
r_4103,0.0,0.0,0.0,0.0,0.0,0.0
r_4104,0.0,0.0,0.0,0.0,0.0,0.0
r_4105,0.0,0.0,0.0,0.0,0.0,0.0
r_4106,0.0,0.0,0.0,0.0,0.0,0.0
r_4107,0.0,0.0,0.0,0.0,0.0,0.0
r_4108,0.0,0.0,0.0,0.0,0.0,0.0
r_4109,0.0,0.0,0.0,0.0,0.0,0.0
r_4110,0.0,0.0,0.0,0.0,0.0,0.0
r_4111,0.0,0.0,0.0,0.0,0.0,0.0
r_4112,0.0,0.0,0.0,0.0,0.0,0.0
r_4113,0.0,0.0,0.0,0.0,0.0,0.0
r_4114,0.0,0.0,0.0,0.0,0.0,0.0
r_4115,0.0,0.0,0.0,0.0,0.0,0.0
r_4116,0.0,0.0,0.0,0.0,0.0,0.0
r_4117,0.0,0.0,0.0,0.0,0.0,0.0
r_4118,0.0,0.0,0.0,0.0,0.0,0.0
r_4119,0.0,0.0,0.0,0.0,0.0,0.0
r_4120,0.0,0.0,0.0,0.0,0.0,0.0
r_4121,0.0,0.0,0.0,0.0,0.0,0.0
r_4122,0.0,0.0,0.0,0.0,0.0,0.0
r_4123,0.0,0.0,0.0,0.0,0.0,0.0
r_4124,0.0,0.0,0.0,0.0,0.0,0.0
r_4125,0.0,0.0,0.0,0.0,0.0,0.0
r_4126,0.0,0.0,0.0,0.0,0.0,0.0
r_4127,0.0,0.0,0.0,0.0,0.0,0.0
r_4128,0.0,0.0,0.0,0.0,0.0,0.0
r_4129,0.0,0.0,0.0,0.0,0.0,0.0
r_4130,0.0,0.0,0.0,0.0,0.0,0.0
r_4131,0.0,0.0,0.0,0.0,0.0,0.0
r_4132,0.0,0.0,0.0,0.0,0.0,0.0
r_4133,0.0,0.0,0.0,0.0,0.0,0.0
r_4134,0.0,0.0,0.0,0.0,0.0,0.0
r_4135,0.0,0.0,0.0,0.0,0.0,0.0
r_4136,0.0,0.0,0.0,0.0,0.0,0.0
r_4137,0.0,0.0,0.0,0.0,0.0,0.0
r_4138,0.0,0.0,0.0,0.0,0.0,0.0
r_4139,0.0,0.0,0.0,0.0,0.0,0.0
r_4140,0.0,0.0,0.0,0.0,0.0,0.0
r_4141,0.0,0.0,0.0,0.0,0.0,0.0
r_4142,0.0,0.0,0.0,0.0,0.0,0.0
r_4143,0.0,0.0,0.0,0.0,0.0,0.0
r_4144,0.0,0.0,0.0,0.0,0.0,0.0
r_4145,0.0,0.0,0.0,0.0,0.0,0.0
r_4146,0.0,0.0,0.0,0.0,0.0,0.0
r_4147,0.0,0.0,0.0,0.0,0.0,0.0
r_4148,0.0,0.0,0.0,0.0,0.0,0.0
r_4149,0.0,0.0,0.0,0.0,0.0,0.0
r_4150,0.0,0.0,0.0,0.0,0.0,0.0
r_4151,0.0,0.0,0.0,0.0,0.0,0.0
r_4152_ENZ_YAL039C_REV,0.0,0.0,0.0,0.0,0.0,0.0
r_4152_ENZ_YAL039C_FWD,0.0,0.0,0.0,0.0,0.0,0.0
r_4152_ENZ_YKL087C_REV,0.0,0.0,0.0,0.0,0.0,0.0
r_4152_ENZ_YKL087C_FWD,0.0,0.0,0.0,0.0,0.0,0.0
r_4153_ENZ_YAL061W,0.0,0.0,0.0,0.0,0.0,0.0
r_4154_ENZ_YAL061W_REV,0.0,0.0,0.0,0.0,0.0,0.0
r_4154_ENZ_YAL061W_FWD,0.0,0.0,0.0,0.0,0.0,0.0
r_4155_ENZ_YBL080C,0.0,0.0,0.0,0.0,0.0,0.0
r_4156_ENZ_YBL091C_REV,0.0,0.0,0.0,0.0,0.0,0.0
r_4156_ENZ_YBL091C_FWD,0.0,0.0,0.0,0.0,0.0,0.0
r_4156_ENZ_YLR244C_REV,0.0,0.0,0.0,0.0,0.0,0.0
r_4156_ENZ_YLR244C_FWD,0.0,0.0,0.0,0.0,0.0,0.0
r_4157_ENZ_YBR022W_REV,0.0,0.0,0.0,0.0,0.0,0.0
r_4157_ENZ_YBR022W_FWD,0.0,0.0,0.0,0.0,0.0,0.0
r_4157_ENZ_YMR087W_REV,0.0,0.0,0.0,0.0,0.0,0.0
r_4157_ENZ_YMR087W_FWD,0.0,0.0,0.0,0.0,0.0,0.0
r_4158_ENZ_YBR046C_REV,0.0,0.0,0.0,0.0,0.0,0.0
r_4158_ENZ_YBR046C_FWD,0.0,0.0,0.0,0.0,0.0,0.0
r_4159_ENZ_YBR070C_and_YGL047W_REV,0.0,0.0,0.0,0.0,0.0,0.0
r_4159_ENZ_YBR070C_and_YGL047W_FWD,0.0,0.0,0.0,0.0,0.0,0.0
r_4160_ENZ_YBR111C_REV,0.0,0.0,0.0,0.0,0.0,0.0
r_4160_ENZ_YBR111C_FWD,0.0,0.0,0.0,0.0,0.0,0.0
r_4161_ENZ_YBR147W_REV,0.0,0.0,0.0,0.0,0.0,0.0
r_4161_ENZ_YBR147W_FWD,0.0,0.0,0.0,0.0,0.0,0.0
r_4161_ENZ_YDR352W_REV,0.0,0.0,0.0,0.0,0.0,0.0
r_4161_ENZ_YDR352W_FWD,0.0,0.0,0.0,0.0,0.0,0.0
r_4162_ENZ_YBR147W_REV,0.0,0.0,0.0,0.0,0.0,0.0
r_4162_ENZ_YBR147W_FWD,0.0,0.0,0.0,0.0,0.0,0.0
r_4162_ENZ_YDR352W_REV,0.0,0.0,0.0,0.0,0.0,0.0
r_4162_ENZ_YDR352W_FWD,0.0,0.0,0.0,0.0,0.0,0.0
r_4163_ENZ_YBR147W_REV,0.0,0.0,0.0,0.0,0.0,0.0
r_4163_ENZ_YBR147W_FWD,0.0,0.0,0.0,0.0,0.0,0.0
r_4163_ENZ_YDR352W_REV,0.0,0.0,0.0,0.0,0.0,0.0
r_4163_ENZ_YDR352W_FWD,0.0,0.0,0.0,0.0,0.0,0.0
r_4164_ENZ_YBR222C_REV,0.0,0.0,0.0,0.0,0.0,0.0
r_4164_ENZ_YBR222C_FWD,0.0,0.0,0.0,0.0,0.0,0.0
r_4165_ENZ_YBR229C_REV,0.0,0.0,0.0,0.0,0.0,0.0
r_4165_ENZ_YBR229C_FWD,0.0,0.0,0.0,0.0,0.0,0.0
r_4166_ENZ_YBR229C_REV,0.0,0.0,0.0,0.0,0.0,0.0
r_4166_ENZ_YBR229C_FWD,0.0,0.0,0.0,0.0,0.0,0.0
r_4167_ENZ_YBR235W_REV,0.0,0.0,0.0,0.0,0.0,0.0
r_4167_ENZ_YBR235W_FWD,0.0,0.0,0.0,0.0,0.0,0.0
r_4168_ENZ_YBR241C_REV,0.0,0.0,0.0,0.0,0.0,0.0
r_4168_ENZ_YBR241C_FWD,0.0,0.0,0.0,0.0,0.0,0.0
r_4169_ENZ_YBR241C_REV,0.0,0.0,0.0,0.0,0.0,0.0
r_4169_ENZ_YBR241C_FWD,0.0,0.0,0.0,0.0,0.0,0.0
r_4170_ENZ_YBR243C_REV,0.0,0.0,0.0,0.0,0.0,0.0
r_4170_ENZ_YBR243C_FWD,0.0,0.0,0.0,0.0,0.0,0.0
r_4171_ENZ_YBR281C_and_YNL191W,-2.1473195057069459e-07,-3.94088354806172e-07,-3.032105465731547e-07,-6.167237883640836e-07,-2.1231084055614246e-07,0.0
r_4172_ENZ_YBR295W,0.0,0.0,0.0,0.0,0.0,0.0
r_4173_ENZ_YCL017C_REV,0.0,0.0,0.0,0.0,0.0,0.0
r_4173_ENZ_YCL017C_FWD,0.0,0.0,0.0,0.0,0.0,0.0
r_4174_ENZ_YCR011C_REV,0.0,0.0,0.0,0.0,0.0,0.0
r_4174_ENZ_YCR011C_FWD,0.0,0.0,0.0,0.0,0.0,0.0
r_4175_ENZ_YCR107W_REV,0.0,0.0,0.0,0.0,0.0,0.0
r_4175_ENZ_YCR107W_FWD,0.0,0.0,0.0,0.0,0.0,0.0
r_4175_ENZ_YDL243C_REV,0.0,0.0,0.0,0.0,0.0,0.0
r_4175_ENZ_YDL243C_FWD,0.0,0.0,0.0,0.0,0.0,0.0
r_4175_ENZ_YJR155W_REV,0.0,0.0,0.0,0.0,0.0,0.0
r_4175_ENZ_YJR155W_FWD,0.0,0.0,0.0,0.0,0.0,0.0
r_4175_ENZ_YNL331C_REV,0.0,0.0,0.0,0.0,0.0,0.0
r_4175_ENZ_YNL331C_FWD,0.0,0.0,0.0,0.0,0.0,0.0
r_4175_ENZ_YOL165C_REV,0.0,0.0,0.0,0.0,0.0,0.0
r_4175_ENZ_YOL165C_FWD,0.0,0.0,0.0,0.0,0.0,0.0
r_4175_ENZ_YPL088W_REV,0.0,0.0,0.0,0.0,0.0,0.0
r_4175_ENZ_YPL088W_FWD,0.0,0.0,0.0,0.0,0.0,0.0
r_4176_ENZ_YCR107W_REV,0.0,0.0,0.0,0.0,0.0,0.0
r_4176_ENZ_YCR107W_FWD,0.0,0.0,0.0,0.0,0.0,0.0
r_4176_ENZ_YDL243C_REV,0.0,0.0,0.0,0.0,0.0,0.0
r_4176_ENZ_YDL243C_FWD,0.0,0.0,0.0,0.0,0.0,0.0
r_4176_ENZ_YJR155W_REV,0.0,0.0,0.0,0.0,0.0,0.0
r_4176_ENZ_YJR155W_FWD,0.0,0.0,0.0,0.0,0.0,0.0
r_4176_ENZ_YNL331C_REV,0.0,0.0,0.0,0.0,0.0,0.0
r_4176_ENZ_YNL331C_FWD,0.0,0.0,0.0,0.0,0.0,0.0
r_4176_ENZ_YOL165C_REV,0.0,0.0,0.0,0.0,0.0,0.0
r_4176_ENZ_YOL165C_FWD,0.0,0.0,0.0,0.0,0.0,0.0
r_4176_ENZ_YPL088W_REV,0.0,0.0,0.0,0.0,0.0,0.0
r_4176_ENZ_YPL088W_FWD,0.0,0.0,0.0,0.0,0.0,0.0
r_4177_ENZ_YCR107W_REV,0.0,0.0,0.0,0.0,0.0,0.0
r_4177_ENZ_YCR107W_FWD,0.0,0.0,0.0,0.0,0.0,0.0
r_4177_ENZ_YDL243C_REV,0.0,0.0,0.0,0.0,0.0,0.0
r_4177_ENZ_YDL243C_FWD,0.0,0.0,0.0,0.0,0.0,0.0
r_4177_ENZ_YJR155W_REV,0.0,0.0,0.0,0.0,0.0,0.0
r_4177_ENZ_YJR155W_FWD,0.0,0.0,0.0,0.0,0.0,0.0
r_4177_ENZ_YNL331C_REV,0.0,0.0,0.0,0.0,0.0,0.0
r_4177_ENZ_YNL331C_FWD,0.0,0.0,0.0,0.0,0.0,0.0
r_4177_ENZ_YOL165C_REV,0.0,0.0,0.0,0.0,0.0,0.0
r_4177_ENZ_YOL165C_FWD,0.0,0.0,0.0,0.0,0.0,0.0
r_4177_ENZ_YPL088W_REV,0.0,0.0,0.0,0.0,0.0,0.0
r_4177_ENZ_YPL088W_FWD,0.0,0.0,0.0,0.0,0.0,0.0
r_4178_ENZ_YCR107W_REV,0.0,0.0,0.0,0.0,0.0,0.0
r_4178_ENZ_YCR107W_FWD,0.0,0.0,0.0,0.0,0.0,0.0
r_4178_ENZ_YDL243C_REV,0.0,0.0,0.0,0.0,0.0,0.0
r_4178_ENZ_YDL243C_FWD,0.0,0.0,0.0,0.0,0.0,0.0
r_4178_ENZ_YJR155W_REV,0.0,0.0,0.0,0.0,0.0,0.0
r_4178_ENZ_YJR155W_FWD,0.0,0.0,0.0,0.0,0.0,0.0
r_4178_ENZ_YNL331C_REV,0.0,0.0,0.0,0.0,0.0,0.0
r_4178_ENZ_YNL331C_FWD,0.0,0.0,0.0,0.0,0.0,0.0
r_4178_ENZ_YOL165C_REV,0.0,0.0,0.0,0.0,0.0,0.0
r_4178_ENZ_YOL165C_FWD,0.0,0.0,0.0,0.0,0.0,0.0
r_4178_ENZ_YPL088W_REV,0.0,0.0,0.0,0.0,0.0,0.0
r_4178_ENZ_YPL088W_FWD,0.0,0.0,0.0,0.0,0.0,0.0
r_4179_ENZ_YCR107W_REV,0.0,0.0,0.0,0.0,0.0,0.0
r_4179_ENZ_YCR107W_FWD,0.0,0.0,0.0,0.0,0.0,0.0
r_4179_ENZ_YDL243C_REV,0.0,0.0,0.0,0.0,0.0,0.0
r_4179_ENZ_YDL243C_FWD,0.0,0.0,0.0,0.0,0.0,0.0
r_4179_ENZ_YJR155W_REV,0.0,0.0,0.0,0.0,0.0,0.0
r_4179_ENZ_YJR155W_FWD,0.0,0.0,0.0,0.0,0.0,0.0
r_4179_ENZ_YNL331C_REV,0.0,0.0,0.0,0.0,0.0,0.0
r_4179_ENZ_YNL331C_FWD,0.0,0.0,0.0,0.0,0.0,0.0
r_4179_ENZ_YOL165C_REV,0.0,0.0,0.0,0.0,0.0,0.0
r_4179_ENZ_YOL165C_FWD,0.0,0.0,0.0,0.0,0.0,0.0
r_4179_ENZ_YPL088W_REV,0.0,0.0,0.0,0.0,0.0,0.0
r_4179_ENZ_YPL088W_FWD,0.0,0.0,0.0,0.0,0.0,0.0
r_4180_ENZ_YCR107W_REV,0.0,0.0,0.0,0.0,0.0,0.0
r_4180_ENZ_YCR107W_FWD,0.0,0.0,0.0,0.0,0.0,0.0
r_4180_ENZ_YDL243C_REV,0.0,0.0,0.0,0.0,0.0,0.0
r_4180_ENZ_YDL243C_FWD,0.0,0.0,0.0,0.0,0.0,0.0
r_4180_ENZ_YJR155W_REV,0.0,0.0,0.0,0.0,0.0,0.0
r_4180_ENZ_YJR155W_FWD,0.0,0.0,0.0,0.0,0.0,0.0
r_4180_ENZ_YNL331C_REV,0.0,0.0,0.0,0.0,0.0,0.0
r_4180_ENZ_YNL331C_FWD,0.0,0.0,0.0,0.0,0.0,0.0
r_4180_ENZ_YOL165C_REV,0.0,0.0,0.0,0.0,0.0,0.0
r_4180_ENZ_YOL165C_FWD,0.0,0.0,0.0,0.0,0.0,0.0
r_4180_ENZ_YPL088W_REV,0.0,0.0,0.0,0.0,0.0,0.0
r_4180_ENZ_YPL088W_FWD,0.0,0.0,0.0,0.0,0.0,0.0
r_4181_ENZ_YEL031W_REV,0.0,0.0,0.0,0.0,0.0,0.0
r_4181_ENZ_YEL031W_FWD,0.0,0.0,0.0,0.0,0.0,0.0
r_4183_ENZ_YEL070W_REV,0.0,0.0,0.0,0.0,0.0,0.0
r_4183_ENZ_YEL070W_FWD,0.0,0.0,0.0,0.0,0.0,0.0
r_4183_ENZ_YNR073C_REV,0.0,0.0,0.0,0.0,0.0,0.0
r_4183_ENZ_YNR073C_FWD,0.0,0.0,0.0,0.0,0.0,0.0
r_4184_ENZ_YER010C_REV,0.0,0.0,0.0,0.0,0.0,0.0
r_4184_ENZ_YER010C_FWD,0.0,0.0,0.0,0.0,0.0,0.0
r_4185_ENZ_YER010C,0.0,0.0,0.0,0.0,0.0,0.0
r_4186_ENZ_YER042W_REV,0.0,0.0,0.0,0.0,0.0,0.0
r_4186_ENZ_YER042W_FWD,0.0,0.0,0.0,0.0,0.0,0.0
r_4187_ENZ_YER087W,0.0,0.0,0.0,0.0,0.0,0.0
r_4188_ENZ_YER163C,0.0,0.0,0.0,0.0,0.0,0.0
r_4189_ENZ_YHL018W_REV,0.0,0.0,0.0,0.0,0.0,0.0
r_4189_ENZ_YHL018W_FWD,0.0,0.0,0.0,0.0,0.0,0.0
r_4190_ENZ_YHR008C,0.0,0.0,0.0,0.0,0.0,0.0
r_4191_ENZ_YHR043C_REV,0.0,0.0,0.0,0.0,0.0,0.0
r_4191_ENZ_YHR043C_FWD,0.0,0.0,0.0,0.0,0.0,0.0
r_4191_ENZ_YHR044C_REV,0.0,0.0,0.0,0.0,0.0,0.0
r_4191_ENZ_YHR044C_FWD,0.0,0.0,0.0,0.0,0.0,0.0
r_4192_ENZ_YHR109W_REV,0.0,0.0,0.0,0.0,0.0,0.0
r_4192_ENZ_YHR109W_FWD,0.0,0.0,0.0,0.0,0.0,0.0
r_4193_ENZ_YHR119W_REV,0.0,0.0,0.0,0.0,0.0,0.0
r_4193_ENZ_YHR119W_FWD,0.0,0.0,0.0,0.0,0.0,0.0
r_4193_ENZ_YDR440W_REV,0.0,0.0,0.0,0.0,0.0,0.0
r_4193_ENZ_YDR440W_FWD,0.0,0.0,0.0,0.0,0.0,0.0
r_4193_ENZ_YJL168C_REV,0.0,0.0,0.0,0.0,0.0,0.0
r_4193_ENZ_YJL168C_FWD,0.0,0.0,0.0,0.0,0.0,0.0
r_4194_ENZ_YIL023C_REV,0.0,0.0,0.0,0.0,0.0,0.0
r_4194_ENZ_YIL023C_FWD,0.0,0.0,0.0,0.0,0.0,0.0
r_4195_ENZ_YMR243C_REV,0.0,0.0,0.0,0.0,0.0,0.0
r_4195_ENZ_YMR243C_FWD,0.0,0.0,0.0,0.0,0.0,0.0
r_4195_ENZ_YOR316C_REV,0.0,0.0,0.0,0.0,0.0,0.0
r_4195_ENZ_YOR316C_FWD,0.0,0.0,0.0,0.0,0.0,0.0
r_4196_ENZ_YIL043C_REV,0.0,0.0,0.0,0.0,0.0,0.0
r_4196_ENZ_YIL043C_FWD,0.0237562890051946,0.0217994500247295,0.0167724396734417,0.0682295695345635,0.0234884360421576,0.0
r_4196_ENZ_YML125C_REV,0.0,0.0,0.0,0.0,0.0,0.0
r_4196_ENZ_YML125C_FWD,0.0,0.0217994500247295,0.0167724396734417,0.0,0.0,0.0309641255994504
r_4197_ENZ_YIL043C_REV,0.0,0.0,0.0,0.0,0.0,0.0
r_4197_ENZ_YIL043C_FWD,0.0,0.0,0.0,0.0,0.0,0.0
r_4197_ENZ_YKL150W_REV,0.0,0.0,0.0,0.0,0.0,0.0
r_4197_ENZ_YKL150W_FWD,0.0,0.0,0.0,0.0,0.0,0.0
r_4197_ENZ_YML125C_REV,0.0,0.0,0.0,0.0,0.0,0.0
r_4197_ENZ_YML125C_FWD,0.0,0.0,0.0,0.0,0.0,0.0
r_4198_ENZ_YIR036C_REV,0.0,0.0,0.0,0.0,0.0,0.0
r_4198_ENZ_YIR036C_FWD,0.0,0.0,0.0,0.0,0.0,0.0
r_4199_ENZ_YIR038C_REV,0.0,0.0,0.0,0.0,0.0,0.0
r_4199_ENZ_YIR038C_FWD,0.0,0.0,0.0,0.0,0.0,0.0
r_4200_ENZ_YMR251W_REV,0.0,0.0,0.0,0.0,0.0,0.0
r_4200_ENZ_YMR251W_FWD,0.0,0.0,0.0,0.0,0.0,0.0
r_4200_ENZ_YKR076W_REV,0.0,0.0,0.0,0.0,0.0,0.0
r_4200_ENZ_YKR076W_FWD,0.0,0.0,0.0,0.0,0.0,0.0
r_4201_ENZ_YLL060C_REV,0.0,0.0,0.0,0.0,0.0,0.0
r_4201_ENZ_YLL060C_FWD,0.0,0.0,0.0,0.0,0.0,0.0
r_4202_ENZ_YKL069W_REV,0.0,0.0,0.0,0.0,0.0,0.0
r_4202_ENZ_YKL069W_FWD,0.0,0.0,0.0,0.0,0.0,0.0
r_4203_ENZ_YKL103C_REV,0.0,0.0,0.0,0.0,0.0,0.0
r_4203_ENZ_YKL103C_FWD,0.0,0.0,0.0,0.0,0.0,0.0
r_4204_ENZ_YKL103C_REV,0.0,0.0,0.0,0.0,0.0,0.0
r_4204_ENZ_YKL103C_FWD,0.0,0.0,0.0,0.0,0.0,0.0
r_4205_ENZ_YKL215C,0.0,0.0,0.0,0.0,0.0,0.0
r_4206_ENZ_YKL218C_REV,0.0,0.0,0.0,0.0,0.0,0.0
r_4206_ENZ_YKL218C_FWD,0.0,0.0,0.0,0.0,0.0,0.0
r_4207_ENZ_YGR154C_REV,0.0,0.0,0.0,0.0,0.0,0.0
r_4207_ENZ_YGR154C_FWD,0.0,0.0,0.0,0.0,0.0,0.0
r_4208_ENZ_YKR076W_REV,0.0,0.0,0.0,0.0,0.0,0.0
r_4208_ENZ_YKR076W_FWD,0.0,0.0,0.0,0.0,0.0,0.0
r_4209_ENZ_YGR154C_REV,0.0,0.0,0.0,0.0,0.0,0.0
r_4209_ENZ_YGR154C_FWD,0.0,0.0,0.0,0.0,0.0,0.0
r_4210_ENZ_YFL061W_REV,0.0,0.0,0.0,0.0,0.0,0.0
r_4210_ENZ_YFL061W_FWD,0.0,0.0,0.0,0.0,0.0,0.0
r_4210_ENZ_YNL335W_REV,0.0,0.0,0.0,0.0,0.0,0.0
r_4210_ENZ_YNL335W_FWD,0.0,0.0,0.0,0.0,0.0,0.0
r_4211_ENZ_YFL060C_REV,0.0,0.0,0.0,0.0,0.0,0.0
r_4211_ENZ_YFL060C_FWD,0.0,0.0,0.0,0.0,0.0,0.0
r_4211_ENZ_YNL334C_REV,0.0,0.0,0.0,0.0,0.0,0.0
r_4211_ENZ_YNL334C_FWD,0.0,0.0,0.0,0.0,0.0,0.0
r_4212_ENZ_YFL059W_REV,0.0,0.0,0.0,0.0,0.0,0.0
r_4212_ENZ_YFL059W_FWD,0.0,0.0,0.0,0.0,0.0,0.0
r_4212_ENZ_YNL333W_REV,0.0,0.0,0.0,0.0,0.0,0.0
r_4212_ENZ_YNL333W_FWD,0.0,0.0,0.0,0.0,0.0,0.0
r_4214_ENZ_YFR044C_REV,0.0,0.0,0.0,0.0,0.0,0.0
r_4214_ENZ_YFR044C_FWD,-2.1473195057069459e-07,-3.94088354806172e-07,-3.032105465731547e-07,-6.167237883640836e-07,-2.1231084055614246e-07,0.0
r_4215_ENZ_YFR044C_REV,0.0,0.0,0.0,0.0,0.0,0.0
r_4215_ENZ_YFR044C_FWD,0.0,0.0,0.0,0.0,0.0,0.0
r_4216_ENZ_YDL024C_REV,2.147319451461092e-06,0.0,3.03210538913412e-06,6.167237727843303e-06,2.123108351927195e-06,2.79598452905739e-06
r_4216_ENZ_YDL024C_FWD,0.0,0.0,0.0,0.0,0.0,0.0
r_4217_ENZ_YDL120W_REV,0.0,0.0,0.0,0.0,0.0,0.0
r_4217_ENZ_YDL120W_FWD,0.0,0.0,0.0,0.0,0.0,0.0
r_4218_ENZ_YDL219W_REV,0.0,0.0,0.0,0.0,0.0,0.0
r_4218_ENZ_YDL219W_FWD,0.0,0.0,0.0,0.0,0.0,0.0
r_4219_ENZ_YDL219W_REV,0.0,0.0,0.0,0.0,0.0,0.0
r_4219_ENZ_YDL219W_FWD,0.0,0.0,0.0,0.0,0.0,0.0
r_4220_ENZ_YDL236W_REV,0.0,0.0,0.0,0.0,0.0,0.0
r_4220_ENZ_YDL236W_FWD,0.0,0.0,0.0,0.0,0.0,0.0
r_4221_ENZ_YDL246C_REV,0.0,0.0,0.0,0.0,0.0,0.0
r_4221_ENZ_YDL246C_FWD,0.0,0.0,0.0,0.0,0.0,0.0
r_4222_ENZ_YDR009W,0.0,0.0,0.0,0.0,0.0,0.0
r_4223_ENZ_YDR036C,0.0,0.0,0.0,0.0,0.0,0.0
r_4224_ENZ_YDR038C,0.0,0.0,0.0,0.0,0.0,0.0
r_4224_ENZ_YDR039C,0.0,8.836247705756861e-16,0.0,0.0,0.0,0.0
r_4224_ENZ_YDR040C,0.0,0.0,0.0,0.0,0.0,0.0
r_4225_ENZ_YDR051C_REV,0.0,0.0,0.0,0.0,0.0,0.0
r_4225_ENZ_YDR051C_FWD,0.0,0.0,0.0,0.0,0.0,0.0
r_4225_ENZ_YOL075C_REV,0.0,0.0,0.0,0.0,0.0,0.0
r_4225_ENZ_YOL075C_FWD,0.0,0.0,0.0,0.0,0.0,0.0
r_4226_ENZ_YDR111C_REV,0.1119037771863502,0.0,0.157955230440709,0.0,0.1106017192479648,0.145654693329126
r_4226_ENZ_YDR111C_FWD,0.0,0.0,0.0,0.0,0.0,0.0
r_4227_ENZ_YDR242W_REV,0.0,0.0,0.0,0.0,0.0,0.0
r_4227_ENZ_YDR242W_FWD,0.0,0.0,0.0,0.0,0.0,0.0
r_4228_ENZ_YDR242W,0.0,0.0,0.0,0.0,0.0,0.0
r_4230_ENZ_YDR242W_REV,0.0,0.0,0.0,0.0,0.0,0.0
r_4230_ENZ_YDR242W_FWD,0.0,0.0,0.0,0.0,0.0,0.0
r_4231_ENZ_YDR242W_REV,0.0,0.0,0.0,0.0,0.0,0.0
r_4231_ENZ_YDR242W_FWD,0.0,0.0,0.0,0.0,0.0,0.0
r_4232_ENZ_YDR248C_REV,0.0,0.0,0.0,0.0,0.0,0.0
r_4232_ENZ_YDR248C_FWD,0.0,0.0,0.0,0.0,0.0,0.0
r_4233_ENZ_YDR410C_REV,0.0,0.0,0.0,0.0,0.0,0.0
r_4233_ENZ_YDR410C_FWD,0.0,0.0,0.0,0.0,0.0,0.0
r_4234_ENZ_YDR437W_and_YGR216C_and_YNL038W_and_YPL076W_and_YPL175W_and_YPL096C-A_REV,0.0,0.0,0.0,0.0,0.0,0.0
r_4234_ENZ_YDR437W_and_YGR216C_and_YNL038W_and_YPL076W_and_YPL175W_and_YPL096C-A_FWD,0.0,0.0,0.0,0.0,0.0,0.0
r_4236_ENZ_YDR533C_REV,0.0,0.0,0.0,0.0,0.0,0.0
r_4236_ENZ_YDR533C_FWD,0.0,0.0,0.0,0.0,0.0,0.0
r_4236_ENZ_YMR322C_REV,0.0,0.0,0.0,0.0,0.0,0.0
r_4236_ENZ_YMR322C_FWD,0.0,0.0,0.0,0.0,0.0,0.0
r_4236_ENZ_YOR391C_REV,0.0,0.0,0.0,0.0,0.0,0.0
r_4236_ENZ_YOR391C_FWD,0.0,0.0,0.0,0.0,0.0,0.0
r_4236_ENZ_YPL280W_REV,0.0,0.0,0.0,0.0,0.0,0.0
r_4236_ENZ_YPL280W_FWD,0.0,0.0,0.0,0.0,0.0,0.0
r_4237_ENZ_YGL006W,0.0,0.0,0.0,0.0,0.0,0.0
r_4238_ENZ_YGL167C,0.0,0.0,0.0,0.0,0.0,0.0
r_4239_ENZ_YGL017W_REV,0.0,0.0,0.0,0.0,0.0,0.0
r_4239_ENZ_YGL017W_FWD,0.0,0.0,0.0,0.0,0.0,0.0
r_4241_ENZ_YGL027C_REV,0.0,0.0,0.0,0.0,0.0,0.0
r_4241_ENZ_YGL027C_FWD,0.0,0.0,0.0,0.0,0.0,0.0
r_4242_ENZ_YGL038C_REV,0.0,0.0,0.0,0.0,0.0,0.0
r_4242_ENZ_YGL038C_FWD,0.0,0.0,0.0,0.0,0.0,0.0
r_4243_ENZ_YGL065C_REV,0.0,0.0,0.0,0.0,0.0,0.0
r_4243_ENZ_YGL065C_FWD,0.0,0.0,0.0,0.0,0.0,0.0
r_4244_ENZ_YGL065C_REV,0.0,0.0,0.0,0.0,0.0,0.0
r_4244_ENZ_YGL065C_FWD,0.0,0.0,0.0,0.0,0.0,0.0
r_4245_ENZ_YGL156W,0.0,0.0,0.0,0.0,0.0,0.0
r_4246_ENZ_YGL156W,0.0,0.0,0.0,0.0,0.0,0.0
r_4247_ENZ_YGL169W,0.0,0.0,0.0,0.0,0.0,0.0
r_4248_ENZ_YGL196W,0.0,0.0,0.0,0.0,0.0,0.0
r_4249_ENZ_YGR012W_REV,0.0,0.0,0.0,0.0,0.0,0.0
r_4249_ENZ_YGR012W_FWD,0.0,0.0,0.0,0.0,0.0,0.0
r_4250_ENZ_YGR036C_REV,0.0,0.0,0.0,0.0,0.0,0.0
r_4250_ENZ_YGR036C_FWD,0.0,0.0,0.0,0.0,0.0,0.0
r_4251_ENZ_YGR046W_REV,0.0,0.0,0.0,0.0,0.0,0.0
r_4251_ENZ_YGR046W_FWD,0.0,0.0,0.0,0.0,0.0,0.0
r_4252_ENZ_YGR144W_REV,0.0,0.0,0.0,0.0,0.0,0.0
r_4252_ENZ_YGR144W_FWD,0.0,0.0,0.0,0.0,0.0,0.0
r_4253_ENZ_YGR227W_REV,0.0,0.0,0.0,0.0,0.0,0.0
r_4253_ENZ_YGR227W_FWD,0.0,0.0,0.0,0.0,0.0,0.0
r_4254_ENZ_YGR234W,0.0,0.0,0.0,0.0,0.0,0.0
r_4255_ENZ_YGR234W,0.0,0.0,0.0,0.0,0.0,0.0
r_4256_ENZ_YJL046W,0.0,0.0,0.0,0.0,0.0,0.0
r_4258_ENZ_YJL046W,0.0,0.0,0.0,0.0,0.0,0.0
r_4260_ENZ_YJL126W_REV,0.0,0.0,0.0,0.0,0.0,0.0
r_4260_ENZ_YJL126W_FWD,0.0,0.0,0.0,0.0,0.0,0.0
r_4261_ENZ_YJL126W_REV,0.0,0.0,0.0,0.0,0.0,0.0
r_4261_ENZ_YJL126W_FWD,0.0,0.0,0.0,0.0,0.0,0.0
r_4262_ENZ_YJL200C_REV,0.0,0.0,0.0,0.0,0.0,0.0
r_4262_ENZ_YJL200C_FWD,0.2972110852067957,0.5453839023439429,0.0,0.853491919424451,0.2280609862657905,0.386939876115454
r_4263_ENZ_YJR040W_REV,0.0,0.0,0.0,0.0,0.0,0.0
r_4263_ENZ_YJR040W_FWD,0.0,0.0,0.0,0.0,0.0,0.0
r_4264_ENZ_YJR051W,0.0,0.0,0.0,0.0,0.0,0.0
r_4265_ENZ_YJR069C,0.0,0.0,0.0,0.0,0.0,0.0
r_4266_ENZ_YJR069C,0.0,0.0014187180529318,0.0,0.0,0.0,0.0
r_4267_ENZ_YJR069C,0.0,0.0,0.0,0.0,0.0,0.0
r_4268_ENZ_YJR069C,0.0,0.0,0.0,0.0,0.0,0.0
r_4269_ENZ_YJR069C_REV,0.0,0.0,0.0,0.0,0.0,0.0
r_4269_ENZ_YJR069C_FWD,0.0,0.0,0.0,0.0,0.0,0.0
r_4270_ENZ_YJR104C,0.0,0.0,0.0,0.0,0.0,0.0
r_4271_ENZ_YJR131W_REV,0.0,0.0,0.0,0.0,0.0,0.0
r_4271_ENZ_YJR131W_FWD,0.0,0.0,0.0,0.0,0.0,0.0
r_4271_ENZ_YLR057W_REV,0.0,0.0,0.0,0.0,0.0,0.0
r_4271_ENZ_YLR057W_FWD,0.0,0.0,0.0,0.0,0.0,0.0
r_4272_ENZ_YJR131W_REV,0.0,0.0,0.0,0.0,0.0,0.0
r_4272_ENZ_YJR131W_FWD,0.0,0.0,0.0,0.0,0.0,0.0
r_4272_ENZ_YLR057W_REV,0.0,0.0,0.0,0.0,0.0,0.0
r_4272_ENZ_YLR057W_FWD,0.0,0.0,0.0,0.0,0.0,0.0
r_4273_ENZ_YJR149W_REV,0.0,0.0,0.0,0.0,0.0,0.0
r_4273_ENZ_YJR149W_FWD,0.0,0.0,0.0,0.0,0.0,0.0
r_4274_ENZ_YLL058W,0.0,0.0,0.0,0.0,0.0,0.0
r_4274_ENZ_YML082W,0.0,0.0,0.0,0.0,0.0,0.0
r_4275_ENZ_YLR047C_REV,0.0,0.0,0.0,0.0,0.0,0.0
r_4275_ENZ_YLR047C_FWD,0.0,0.0,0.0,0.0,0.0,0.0
r_4275_ENZ_YKL220C_REV,0.0,0.0,0.0,0.0,0.0,0.0
r_4275_ENZ_YKL220C_FWD,0.0,0.0,0.0,0.0,0.0,0.0
r_4275_ENZ_YLR214W_REV,0.0,0.0,0.0,0.0,0.0,0.0
r_4275_ENZ_YLR214W_FWD,0.0,0.0,0.0,0.0,0.0,0.0
r_4275_ENZ_YNR060W_REV,0.0,0.0,0.0,0.0,0.0,0.0
r_4275_ENZ_YNR060W_FWD,0.0,0.0,0.0,0.0,0.0,0.0
r_4275_ENZ_YOL152W_REV,0.0,0.0,0.0,0.0,0.0,0.0
r_4275_ENZ_YOL152W_FWD,0.0,0.0,0.0,0.0,0.0,0.0
r_4275_ENZ_YOR381W_REV,0.0,0.0,0.0,0.0,0.0,0.0
r_4275_ENZ_YOR381W_FWD,0.0,0.0,0.0,0.0,0.0,0.0
r_4275_ENZ_YOR384W_REV,0.0,0.0,0.0,0.0,0.0,0.0
r_4275_ENZ_YOR384W_FWD,0.0,0.0,0.0,0.0,0.0,0.0
r_4276_ENZ_YLL051C_REV,0.0,0.0,0.0,0.0,0.0,0.0
r_4276_ENZ_YLL051C_FWD,0.0,0.0,0.0,0.0,0.0,0.0
r_4277_ENZ_YLR099C_REV,0.0,0.0,0.0,0.0,0.0,0.0
r_4277_ENZ_YLR099C_FWD,0.0,0.0,0.0,0.0,0.0,0.0
r_4277_ENZ_YPR139C_REV,0.0,0.0,0.0,0.0,0.0,0.0
r_4277_ENZ_YPR139C_FWD,0.0,0.0,0.0,0.0,0.0,0.0
r_4278_ENZ_YLR143W,0.0,0.0,0.0,0.0,0.0,0.0
r_4279_ENZ_YLR151C,0.0,0.0,0.0,0.0,0.0,0.0
r_4280_ENZ_YLR239C_REV,0.0,0.0,0.0,0.0,0.0,0.0
r_4280_ENZ_YLR239C_FWD,0.0,0.0,0.0,0.0,0.0,0.0
r_4281_ENZ_YLR239C_REV,0.0,0.0,0.0,0.0,0.0,0.0
r_4281_ENZ_YLR239C_FWD,0.0,0.0,0.0,0.0,0.0,0.0
r_4282_ENZ_YLR345W,0.0,0.0,0.0,0.0,0.0,0.0
r_4283_ENZ_YLR446W,0.0,0.0,0.0,0.0,0.0,0.0
r_4284_ENZ_YLR446W,0.0,0.0,0.0,0.0,0.0,0.0
r_4285_ENZ_YLR446W,0.0,0.0,0.0,0.0,0.0,0.0
r_4286_ENZ_YLR446W,0.0,0.0,0.0,0.0,0.0,0.0
r_4287_ENZ_YLR446W,0.0,0.0,0.0,0.0,0.0,0.0
r_4288_ENZ_YMR099C_REV,0.0,0.0,0.0,0.0,0.0,0.0
r_4288_ENZ_YMR099C_FWD,0.0,0.0,0.0,0.0,0.0,0.0
r_4291_ENZ_YMR110C_REV,0.0,0.0,0.0,0.0,0.0,0.0
r_4291_ENZ_YMR110C_FWD,0.0,0.0,0.0,0.0,0.0,0.0
r_4292_ENZ_YMR110C_REV,0.0,0.0,0.0,0.0,0.0,0.0
r_4292_ENZ_YMR110C_FWD,0.0,0.0,0.0,0.0,0.0,0.0
r_4293_ENZ_YMR110C,0.0,0.0,0.0,0.0,0.0,0.0
r_4294_ENZ_YMR110C,0.0,0.0,0.0,0.0,0.0,0.0
r_4295_ENZ_YMR110C_REV,0.0,0.0,0.0,0.0,0.0,0.0
r_4295_ENZ_YMR110C_FWD,0.0,0.0,0.0,0.0,0.0,0.0
r_4296_ENZ_YMR110C,0.0,0.0,0.0,0.0,0.0,0.0
r_4297_ENZ_YMR110C_REV,0.0,0.0,0.0,0.0,0.0,0.0
r_4297_ENZ_YMR110C_FWD,0.0,0.0,0.0,0.0,0.0,0.0
r_4298_ENZ_YMR110C_REV,0.0,0.0,0.0,0.0,0.0,0.0
r_4298_ENZ_YMR110C_FWD,0.0,0.0,0.0,0.0,0.0,0.0
r_4299_ENZ_YMR110C_REV,0.0,0.0,0.0,0.0,0.0,0.0
r_4299_ENZ_YMR110C_FWD,0.0,0.0,0.0,0.0,0.0,0.0
r_4300_ENZ_YMR110C_REV,0.0,0.0,0.0,0.0,0.0,0.0
r_4300_ENZ_YMR110C_FWD,0.0,0.0,0.0,0.0,0.0,0.0
r_4301_ENZ_YMR110C_REV,0.0,0.0,0.0,0.0,0.0,0.0
r_4301_ENZ_YMR110C_FWD,0.0,0.0,0.0,0.0,0.0,0.0
r_4302_ENZ_YMR110C_REV,0.0,0.0,0.0,0.0,0.0,0.0
r_4302_ENZ_YMR110C_FWD,0.0,0.0,0.0,0.0,0.0,0.0
r_4303_ENZ_YMR110C_REV,0.0,0.0,0.0,0.0,0.0,0.0
r_4303_ENZ_YMR110C_FWD,0.0,0.0,0.0,0.0,0.0,0.0
r_4304_ENZ_YMR110C_REV,0.0,0.0,0.0,0.0,0.0,0.0
r_4304_ENZ_YMR110C_FWD,0.0,0.0,0.0,0.0,0.0,0.0
r_4305_ENZ_YMR110C_REV,0.0,0.0,0.0,0.0,0.0,0.0
r_4305_ENZ_YMR110C_FWD,0.0,0.0,0.0,0.0,0.0,0.0
r_4306_ENZ_YMR110C_REV,0.0,0.0,0.0,0.0,0.0,0.0
r_4306_ENZ_YMR110C_FWD,0.0,0.0,0.0,0.0,0.0,0.0
r_4307_ENZ_YMR110C_REV,0.0,0.0,0.0,0.0,0.0,0.0
r_4307_ENZ_YMR110C_FWD,0.0,0.0,0.0,0.0,0.0,0.0
r_4308_ENZ_YMR162C,0.0,0.0,0.0,0.0,0.0,0.0
r_4309_ENZ_YMR210W,0.0,0.0,0.0,0.0,0.0,0.0
r_4310_ENZ_YNL048W_REV,0.0,0.0,0.0,0.0,0.0,0.0
r_4310_ENZ_YNL048W_FWD,0.0,0.0,0.0,0.0,0.0,0.0
r_4311_ENZ_YNL048W_REV,0.0,0.0,0.0,0.0,0.0,0.0
r_4311_ENZ_YNL048W_FWD,0.0,0.0,0.0,0.0,0.0,0.0
r_4312_ENZ_YNL092W_REV,0.0,0.0,0.0,0.0,0.0,0.0
r_4312_ENZ_YNL092W_FWD,0.0,0.0,0.0,0.0,0.0,0.0
r_4313_ENZ_YNL219C_REV,0.0,0.0,0.0,0.0,0.0,0.0
r_4313_ENZ_YNL219C_FWD,0.0,0.0,0.0,0.0,0.0,0.0
r_4314_ENZ_YNL219C_REV,0.0,0.0,0.0,0.0,0.0,0.0
r_4314_ENZ_YNL219C_FWD,0.0,0.0,0.0,0.0,0.0,0.0
r_4315_ENZ_YNL274C_REV,0.0,0.0,0.0,0.0,0.0,0.0
r_4315_ENZ_YNL274C_FWD,0.0,0.0,0.0,0.0,0.0,0.0
r_4316_ENZ_YNR030W_REV,0.0,0.0,0.0,0.0,0.0,0.0
r_4316_ENZ_YNR030W_FWD,0.0,0.0,0.0,0.0,0.0,0.0
r_4317_ENZ_YOL157C_REV,0.0,0.0,0.0,0.0,0.0,0.0
r_4317_ENZ_YOL157C_FWD,0.0,0.0,0.0,0.0,0.0,0.0
r_4318_ENZ_YOL157C_REV,0.0,0.0,0.0,0.0,0.0,0.0
r_4318_ENZ_YOL157C_FWD,0.0,0.0,0.0,0.0,0.0,0.0
r_4319_ENZ_YOL157C_REV,0.0,0.0,0.0,0.0,0.0,0.0
r_4319_ENZ_YOL157C_FWD,0.0,0.0,0.0,0.0,0.0,0.0
r_4320_ENZ_YOR002W_REV,0.0,0.0,0.0,0.0,0.0,0.0
r_4320_ENZ_YOR002W_FWD,0.0,0.0,0.0,0.0,0.0,0.0
r_4321_ENZ_YOR067C_REV,0.0,0.0,0.0,0.0,0.0,0.0
r_4321_ENZ_YOR067C_FWD,0.0,0.0,0.0,0.0,0.0,0.0
r_4322_ENZ_YOR149C_REV,0.0,0.0,0.0,0.0,0.0,0.0
r_4322_ENZ_YOR149C_FWD,0.0,0.0,0.0,0.0,0.0,0.0
r_4323_ENZ_YOR196C_REV,0.0,0.0,0.0,0.0,0.0,0.0
r_4323_ENZ_YOR196C_FWD,0.0,0.0,0.0,0.0,0.0,0.0
r_4324_ENZ_YOR196C_REV,0.0,0.0,0.0,0.0,0.0,0.0
r_4324_ENZ_YOR196C_FWD,0.0,0.0,0.0,0.0,0.0,0.0
r_4325_ENZ_YOR226C,0.0,0.0,0.0,0.0,0.0,0.0
r_4325_ENZ_YPL135W,0.0,0.0,0.0,0.0,0.0,0.0
r_4326_ENZ_YOR251C_REV,0.0,0.0,0.0,0.0,0.0,0.0
r_4326_ENZ_YOR251C_FWD,0.0,0.0,0.0,0.0,0.0,0.0
r_4326_ENZ_YOR285W_REV,0.0,0.0,0.0,0.0,0.0,0.0
r_4326_ENZ_YOR285W_FWD,0.0,0.0,0.0,0.0,0.0,0.0
r_4326_ENZ_YOR286W_REV,0.0,0.0,0.0,0.0,0.0,0.0
r_4326_ENZ_YOR286W_FWD,0.0,0.0,0.0,0.0,0.0,0.0
r_4327_ENZ_YOR334W_REV,0.0,0.0,0.0,0.0,0.0,0.0
r_4327_ENZ_YOR334W_FWD,0.0,0.0,0.0,0.0,0.0,0.0
r_4327_ENZ_YPL060W_REV,0.0,0.0,0.0,0.0,0.0,0.0
r_4327_ENZ_YPL060W_FWD,0.0,0.0,0.0,0.0,0.0,0.0
r_4328_ENZ_YPL227C_REV,0.0,0.0,0.0,0.0,0.0,0.0
r_4328_ENZ_YPL227C_FWD,0.0,0.0,0.0,0.0,0.0,0.0
r_4329_ENZ_YPR003C_REV,0.0,0.0,0.0,0.0,0.0,0.0
r_4329_ENZ_YPR003C_FWD,0.0,0.0,0.0,0.0,0.0,0.0
r_4330_ENZ_YPR127W_REV,0.0,0.0,0.0,0.0,0.0,0.0
r_4330_ENZ_YPR127W_FWD,0.0,0.0,0.0,0.0,0.0,0.0
r_4331_ENZ_YDR371W_REV,0.0,0.0,0.0,0.0,0.0,0.0
r_4331_ENZ_YDR371W_FWD,0.0,0.0,0.0,0.0,0.0,0.0
r_4331_ENZ_YLR286C_REV,0.0,0.0,0.0,0.0,0.0,0.0
r_4331_ENZ_YLR286C_FWD,0.0,0.0,0.0,0.0,0.0,0.0
r_4332_ENZ_YOR161C_REV,0.0,0.0,0.0,0.0,0.0,0.0
r_4332_ENZ_YOR161C_FWD,0.0,0.0,0.0,0.0,0.0,0.0
r_4333_ENZ_YHR201C_REV,4.0466264285961016,0.0,0.0,0.0,0.0,0.0
r_4333_ENZ_YHR201C_FWD,0.0,0.0,0.0,0.0,0.0,0.0
r_4333_ENZ_YDR452W_REV,0.0,14.859971899362485,8.975808982717547,0.0,0.0,0.0
r_4333_ENZ_YDR452W_FWD,0.0,0.0,0.0,0.0,0.0,0.0
r_4334_ENZ_YDR270W,0.0,0.0,0.0,0.0,0.0,0.0
r_4335_ENZ_YDR452W,0.0,0.0,0.0,0.0,0.0,0.0
r_4336_ENZ_YLR351C_REV,0.0,0.0,0.0,0.0,0.0,0.0
r_4336_ENZ_YLR351C_FWD,0.0,0.0,0.0,0.0,0.0,0.0
r_4337_ENZ_YMR301C_REV,0.0,0.0,0.0,0.0,0.0,0.0
r_4337_ENZ_YMR301C_FWD,0.0,0.0,0.0,0.0,0.0,0.0
r_4338_ENZ_YOL157C_REV,0.0,0.0,0.0,0.0,0.0,0.0
r_4338_ENZ_YOL157C_FWD,0.0,0.0,0.0,0.0,0.0,0.0
r_4339_ENZ_YEL004W_REV,0.0,0.0,0.0,0.0,0.0,0.0
r_4339_ENZ_YEL004W_FWD,0.0,0.0,0.0,0.0,0.0,0.0
r_4340_ENZ_YEL066W_REV,0.0,0.0,0.0,0.0,0.0,0.0
r_4340_ENZ_YEL066W_FWD,0.0,0.0,0.0,0.0,0.0,0.0
r_4341_REV,0.0,0.0,0.0,0.0,0.0,0.0
r_4341_FWD,0.0,0.0,0.0,0.0,0.0,0.0
r_4342,0.0,0.0,0.0,0.0,0.0,0.0
r_4343_REV,0.0,0.0,0.0,0.0,0.0,0.0
r_4343_FWD,0.0,0.0,0.0,0.0,0.0,0.0
r_4344,0.0,0.0,0.0,0.0,0.0,0.0
r_4345,-0.0,-0.0,-0.0,0.0,-0.0,0.0
r_4346_REV,0.0,0.0,0.0,0.0,0.0,0.0
r_4346_FWD,0.0,0.0,0.0,0.0,0.0,0.0
r_4347,0.0,0.0,0.0,0.0,0.0,0.0
r_4348_REV,0.0,0.0,0.0,0.0,0.0,0.0
r_4348_FWD,0.0,0.0,0.0,0.0,0.0,0.0
r_4349_REV,0.0,0.0,0.0,0.0,0.0,0.0
r_4349_FWD,0.0,0.0,0.0,0.0,0.0,0.0
r_4350,0.0,0.0,0.0,0.0,0.0,0.0
r_4351,0.0,0.0,0.0,0.0,0.0,0.0
r_4352_REV,0.0,0.0,0.0,0.0,0.0,0.0
r_4352_FWD,0.0,0.0,0.0,0.0,0.0,0.0
r_4353,0.0,0.0,0.0,0.0,0.0,0.0
r_4354,-0.0,0.0,0.0,0.0,-0.0,0.0
r_4355_REV,0.0,0.0,0.0,0.0,0.0,0.0
r_4355_FWD,0.0,0.0,0.0,0.0,0.0,0.0
r_4356_REV,0.0,0.0,0.0,0.0,0.0,0.0
r_4356_FWD,0.0,0.0,0.0,0.0,0.0,0.0
r_4357,-0.0,-0.0,-0.0,-0.0,-0.0,0.0
r_4358_REV,0.0,0.0,0.0,0.0,0.0,0.0
r_4358_FWD,0.0,0.0,0.0,0.0,0.0,0.0
r_4359,0.0,0.0,0.0,0.0,0.0,0.0
r_4360_REV,0.0,0.0,0.0,0.0,0.0,0.0
r_4360_FWD,0.0,0.0,0.0,0.0,0.0,0.0
r_4361_ENZ_YJR152W_REV,0.0,0.0,0.0,0.0,0.0,0.0
r_4361_ENZ_YJR152W_FWD,0.0,0.0,0.0,0.0,0.0,0.0
r_4361_ENZ_YKR093W_REV,0.0,0.0,0.0,0.0,0.0,0.0
r_4361_ENZ_YKR093W_FWD,0.0,0.0,0.0,0.0,0.0,0.0
r_4362,0.0,0.0,0.0,0.0,0.0,0.0
r_4363,0.0,0.0,0.0,0.0,0.0,0.0
r_4364_REV,0.0,0.0,0.0,0.0,0.0,0.0
r_4364_FWD,0.0,0.0,0.0,0.0,0.0,0.0
r_4365_REV,0.0,0.0,0.0,0.0,0.0,0.0
r_4365_FWD,0.0,0.0,0.0,0.0,0.0,0.0
r_4366_REV,0.0,0.0,0.0,0.0,0.0,0.0
r_4366_FWD,0.0,0.0,0.0,0.0,0.0,0.0
r_4367_REV,0.0,0.0,0.0,0.0,0.0,0.0
r_4367_FWD,0.0,0.0,0.0,0.0,0.0,0.0
r_4368,0.0,0.0,0.0,0.0,0.0,0.0
r_4369_REV,0.0,0.0,0.0,0.0,0.0,0.0
r_4369_FWD,0.0,0.0,0.0,0.0,0.0,0.0
r_4370,-0.0,-0.0,-0.0,-0.0,-0.0,0.0
r_4371_REV,0.0,0.0,0.0,0.0,0.0,0.0
r_4371_FWD,0.0,0.0,0.0,0.0,0.0,0.0
r_4372_ENZ_YGR247W,0.0,0.0,0.0,0.0,0.0,0.0
r_4373_REV,0.0,0.0,0.0,0.0,0.0,0.0
r_4373_FWD,0.0,0.0,0.0,0.0,0.0,0.0
r_4374,0.0,0.0,0.0,0.0,0.0,0.0
r_4375_REV,0.0,0.0,0.0,0.0,0.0,0.0
r_4375_FWD,0.0,0.0,0.0,0.0,0.0,0.0
r_4376,0.0,0.0,0.0,0.0,0.0,0.0
r_4377_REV,0.0,0.0,0.0,0.0,0.0,0.0
r_4377_FWD,0.0,0.0,0.0,0.0,0.0,0.0
r_4378,0.0,0.0,0.0,0.0,0.0,0.0
r_4379_REV,0.0,0.0,0.0,0.0,0.0,0.0
r_4379_FWD,0.0,0.0,0.0,0.0,0.0,0.0
r_4380_REV,0.0,0.0,0.0,0.0,0.0,0.0
r_4380_FWD,0.0,0.0,0.0,0.0,0.0,0.0
r_4381_REV,0.0,0.0,0.0,0.0,0.0,0.0
r_4381_FWD,0.0,0.0,0.0,0.0,0.0,0.0
r_4382_REV,0.0,0.0,0.0,0.0,0.0,0.0
r_4382_FWD,0.0,0.0,0.0,0.0,0.0,0.0
r_4383_REV,0.0,0.0,0.0,0.0,0.0,0.0
r_4383_FWD,0.0,0.0,0.0,0.0,0.0,0.0
r_4384,0.0,0.0,0.0,0.0,0.0,0.0
r_4385_REV,0.0,0.0,0.0,0.0,0.0,0.0
r_4385_FWD,0.0,0.0,0.0,0.0,0.0,0.0
r_4386,0.0,0.0,0.0,0.0,0.0,0.0
r_4387_ENZ_YJR152W_REV,0.0,0.0,0.0,0.0,0.0,0.0
r_4387_ENZ_YJR152W_FWD,0.0,0.0,0.0,0.0,0.0,0.0
r_4387_ENZ_YKR093W_REV,0.0,0.0,0.0,0.0,0.0,0.0
r_4387_ENZ_YKR093W_FWD,0.0,0.0,0.0,0.0,0.0,0.0
r_4388_ENZ_YGR247W,0.0,0.0,0.0,0.0,0.0,0.0
r_4389_REV,0.0,0.0,0.0,0.0,0.0,0.0
r_4389_FWD,0.0,0.0,0.0,0.0,0.0,0.0
r_4390_REV,0.0,0.0,0.0,0.0,0.0,0.0
r_4390_FWD,0.0,0.0,0.0,0.0,0.0,0.0
r_4391,0.0,0.0,0.0,0.0,0.0,0.0
r_4392_REV,0.0,0.0,0.0,0.0,0.0,0.0
r_4392_FWD,0.0,0.0,0.0,0.0,0.0,0.0
r_4393,0.0,0.0,0.0,0.0,0.0,0.0
r_4394_REV,0.0,0.0,0.0,0.0,0.0,0.0
r_4394_FWD,0.0,0.0,0.0,0.0,-0.0,0.0
r_4395_ENZ_YDL245C_REV,0.0,0.0,0.0,0.0,0.0,0.0
r_4395_ENZ_YDL245C_FWD,0.0,0.0,0.0,0.0,0.0,0.0
r_4395_ENZ_YDR342C_REV,0.0,0.0,0.0,0.0,0.0,0.0
r_4395_ENZ_YDR342C_FWD,0.0,0.0,0.0,0.0,0.0,0.0
r_4395_ENZ_YDR343C_REV,0.0,0.0,0.0,0.0,0.0,0.0
r_4395_ENZ_YDR343C_FWD,0.0,0.0,0.0,0.0,0.0,0.0
r_4395_ENZ_YDR345C_REV,0.0,0.0,0.0,0.0,0.0,0.0
r_4395_ENZ_YDR345C_FWD,0.0,0.0,0.0,0.0,0.0,0.0
r_4395_ENZ_YEL069C_REV,0.0,0.0,0.0,0.0,0.0,0.0
r_4395_ENZ_YEL069C_FWD,0.0,0.0,0.0,0.0,0.0,0.0
r_4395_ENZ_YFL011W_REV,0.0,0.0,0.0,0.0,0.0,0.0
r_4395_ENZ_YFL011W_FWD,0.0,0.0,0.0,0.0,0.0,0.0
r_4395_ENZ_YHR092C_REV,0.0,0.0,0.0,0.0,0.0,0.0
r_4395_ENZ_YHR092C_FWD,0.0,0.0,0.0,0.0,0.0,0.0
r_4395_ENZ_YHR094C_REV,0.0,0.0,0.0,0.0,0.0,0.0
r_4395_ENZ_YHR094C_FWD,0.0,0.0,0.0,0.0,0.0,0.0
r_4395_ENZ_YHR096C_REV,0.0,0.0,0.0,0.0,0.0,0.0
r_4395_ENZ_YHR096C_FWD,0.0,0.0,0.0,0.0,0.0,0.0
r_4395_ENZ_YJL214W_REV,0.0,0.0,0.0,0.0,0.0,0.0
r_4395_ENZ_YJL214W_FWD,0.0,0.0,0.0,0.0,0.0,0.0
r_4395_ENZ_YJL219W_REV,0.0,0.0,0.0,0.0,0.0,0.0
r_4395_ENZ_YJL219W_FWD,0.0,0.0,0.0,0.0,0.0,0.0
r_4395_ENZ_YJR158W_REV,0.0,0.0,0.0,0.0,0.0,0.0
r_4395_ENZ_YJR158W_FWD,0.0,0.0,0.0,0.0,0.0,0.0
r_4395_ENZ_YMR011W_REV,0.0,0.0,0.0,0.0,0.0,0.0
r_4395_ENZ_YMR011W_FWD,0.0,0.0,0.0,0.0,0.0,0.0
r_4395_ENZ_YNR072W_REV,0.0,0.0,0.0,0.0,0.0,0.0
r_4395_ENZ_YNR072W_FWD,0.0,0.0,0.0,0.0,0.0,0.0
r_4395_ENZ_YOL156W_REV,0.0,0.0,0.0,0.0,0.0,0.0
r_4395_ENZ_YOL156W_FWD,0.0,0.0,0.0,0.0,0.0,0.0
r_4396,0.0,0.0,0.0,0.0,0.0,0.0
r_4397_REV,0.0,0.0,0.0,0.0,0.0,0.0
r_4397_FWD,0.0,0.0,0.0,0.0,0.0,0.0
r_4398_ENZ_YJR152W_REV,0.0,0.0,0.0,0.0,0.0,0.0
r_4398_ENZ_YJR152W_FWD,0.0,0.0,0.0,0.0,0.0,0.0
r_4398_ENZ_YKR093W_REV,0.0,0.0,0.0,0.0,0.0,0.0
r_4398_ENZ_YKR093W_FWD,0.0,0.0,0.0,0.0,0.0,0.0
r_4399_REV,0.0,0.0,0.0,0.0,0.0,0.0
r_4399_FWD,0.0,0.0,0.0,0.0,0.0,0.0
r_4400_ENZ_YBR299W,0.0,0.0,0.0,0.0,0.0,0.0
r_4400_ENZ_YGR292W,0.0,0.0,0.0,0.0,0.0,0.0
r_4401_REV,0.0,0.0,0.0,0.0,0.0,0.0
r_4401_FWD,0.0,0.0,0.0,0.0,0.0,0.0
r_4402_ENZ_YJR152W_REV,0.0,0.0,0.0,0.0,0.0,0.0
r_4402_ENZ_YJR152W_FWD,0.0,0.0,0.0,0.0,0.0,0.0
r_4402_ENZ_YKR093W_REV,0.0,0.0,0.0,0.0,0.0,0.0
r_4402_ENZ_YKR093W_FWD,0.0,0.0,0.0,0.0,0.0,0.0
r_4403_ENZ_YHR201C,0.0,0.0,0.0,0.0,0.0,0.0
r_4403_ENZ_YDR452W,0.0,0.0,0.0,0.0,0.0,0.0
r_4404_ENZ_YJR152W_REV,0.0,0.0,0.0,0.0,0.0,0.0
r_4404_ENZ_YJR152W_FWD,0.0,0.0,0.0,0.0,0.0,0.0
r_4404_ENZ_YKR093W_REV,0.0,0.0,0.0,0.0,0.0,0.0
r_4404_ENZ_YKR093W_FWD,0.0,0.0,0.0,0.0,0.0,0.0
r_4405_REV,0.0,0.0,0.0,0.0,0.0,0.0
r_4405_FWD,0.0,0.0,0.0,0.0,0.0,0.0
r_4406_REV,0.0,0.0,0.0,0.0,0.0,0.0
r_4406_FWD,0.0,0.0,0.0,0.0,0.0,0.0
r_4407_REV,0.0,0.0,0.0,0.0,0.0,0.0
r_4407_FWD,0.0,0.0,0.0,0.0,0.0,0.0
r_4408_ENZ_YJR152W_REV,0.0,0.0,0.0,0.0,0.0,0.0
r_4408_ENZ_YJR152W_FWD,0.0,0.0,0.0,0.0,0.0,0.0
r_4408_ENZ_YKR093W_REV,0.0,0.0,0.0,0.0,0.0,0.0
r_4408_ENZ_YKR093W_FWD,0.0,0.0,0.0,0.0,0.0,0.0
r_4409,0.0,0.0,0.0,0.0,0.0,0.0
r_4410_REV,0.0,0.0,0.0,0.0,0.0,0.0
r_4410_FWD,0.0,0.0,0.0,0.0,0.0,0.0
r_4411,0.0,0.0,0.0,0.0,0.0,0.0
r_4412_ENZ_YGR247W,0.0,0.0,0.0,0.0,0.0,0.0
r_4413,0.0,0.0,0.0,0.0,0.0,0.0
r_4414,0.0,0.0,0.0,0.0,0.0,0.0
r_4415,0.0,0.0,0.0,0.0,0.0,0.0
r_4416,0.0,0.0,0.0,0.0,0.0,0.0
r_4417,0.0,0.0,0.0,0.0,0.0,0.0
r_4418,0.0,0.0,0.0,0.0,0.0,0.0
r_4419_REV,0.0,0.0,0.0,0.0,0.0,0.0
r_4419_FWD,0.0,0.0,0.0,0.0,0.0,0.0
r_4420_ENZ_YBR299W_REV,0.0,0.0,0.0,0.0,0.0,0.0
r_4420_ENZ_YBR299W_FWD,0.0,0.0,0.0,0.0,0.0,0.0
r_4420_ENZ_YGR292W_REV,0.0,0.0,0.0,0.0,0.0,0.0
r_4420_ENZ_YGR292W_FWD,0.0,0.0,0.0,0.0,0.0,0.0
r_4421_REV,0.0,0.0,0.0,0.0,0.0,0.0
r_4421_FWD,0.0,0.0,0.0,0.0,0.0,0.0
r_4422_REV,0.0,0.0,0.0,0.0,0.0,0.0
r_4422_FWD,0.0,0.0,0.0,0.0,0.0,0.0
r_4423_REV,0.0,0.0,0.0,0.0,0.0,0.0
r_4423_FWD,0.0,0.0,0.0,0.0,0.0,0.0
r_4424_ENZ_YJR152W_REV,0.0,0.0,0.0,0.0,0.0,0.0
r_4424_ENZ_YJR152W_FWD,0.0,0.0,0.0,0.0,0.0,0.0
r_4424_ENZ_YKR093W_REV,0.0,0.0,0.0,0.0,0.0,0.0
r_4424_ENZ_YKR093W_FWD,0.0,0.0,0.0,0.0,0.0,0.0
r_4425_REV,0.0,0.0,0.0,0.0,0.0,0.0
r_4425_FWD,0.0,0.0,0.0,0.0,0.0,0.0
r_4426_REV,0.0,0.0,0.0,0.0,0.0,0.0
r_4426_FWD,0.0,0.0,0.0,0.0,0.0,0.0
r_4427_REV,0.0,0.0,0.0,0.0,0.0,0.0
r_4427_FWD,0.0,0.0,0.0,0.0,0.0,0.0
r_4428_REV,0.0,0.0,0.0,0.0,0.0,0.0
r_4428_FWD,0.0,0.0,0.0,0.0,0.0,0.0
r_4429_ENZ_YJR152W_REV,0.0,0.0,0.0,0.0,0.0,0.0
r_4429_ENZ_YJR152W_FWD,0.0,0.0,0.0,0.0,0.0,0.0
r_4429_ENZ_YKR093W_REV,0.0,0.0,0.0,0.0,0.0,0.0
r_4429_ENZ_YKR093W_FWD,0.0,0.0,0.0,0.0,0.0,0.0
r_4430_REV,0.0,0.0,0.0,0.0,0.0,0.0
r_4430_FWD,0.0,0.0,0.0,0.0,0.0,0.0
r_4431_REV,0.0,0.0,0.0,0.0,0.0,0.0
r_4431_FWD,0.0,0.0,0.0,0.0,0.0,0.0
r_4432,0.0,0.0,0.0,0.0,0.0,0.0
r_4433_REV,0.0,0.0,0.0,0.0,0.0,0.0
r_4433_FWD,0.0,0.0,0.0,0.0,0.0,0.0
r_4434_REV,0.0,0.0,0.0,0.0,0.0,0.0
r_4434_FWD,0.0,0.0,0.0,0.0,0.0,0.0
r_4435_ENZ_YIL053W,0.0,0.0,0.0,0.0,0.0,0.0
r_4435_ENZ_YER062C,0.0,0.0,0.0,0.0,0.0,0.0
r_4436,0.0,0.0,0.0,0.0,0.0,0.0
r_4437_ENZ_YJR152W_REV,0.0,0.0,0.0,0.0,0.0,0.0
r_4437_ENZ_YJR152W_FWD,0.0,0.0,0.0,0.0,0.0,0.0
r_4437_ENZ_YKR093W_REV,0.0,0.0,0.0,0.0,0.0,0.0
r_4437_ENZ_YKR093W_FWD,0.0,0.0,0.0,0.0,0.0,0.0
r_4438_REV,0.0,0.0,0.0,0.0,0.0,0.0
r_4438_FWD,0.0,0.0,0.0,0.0,0.0,0.0
r_4439,0.0,0.0,0.0,0.0,0.0,0.0
r_4440_REV,0.0,0.0,0.0,0.0,0.0,0.0
r_4440_FWD,0.0,0.0,0.0,0.0,0.0,0.0
r_4441_REV,0.0,0.0,0.0,0.0,0.0,0.0
r_4441_FWD,0.0,0.0,0.0,0.0,0.0,0.0
r_4442,0.0,0.0,0.0,0.0,0.0,0.0
r_4443_REV,0.0,0.0,0.0,0.0,0.0,0.0
r_4443_FWD,0.0,0.0,0.0,0.0,0.0,0.0
r_4444_REV,0.0,0.0,0.0,0.0,0.0,0.0
r_4444_FWD,0.0,0.0,0.0,0.0,0.0,0.0
r_4445_REV,0.0,0.0,0.0,0.0,0.0,0.0
r_4445_FWD,0.0,0.0,0.0,0.0,0.0,0.0
r_4446_REV,0.0,0.0,0.0,0.0,0.0,0.0
r_4446_FWD,0.0,0.0,0.0,0.0,0.0,0.0
r_4447_REV,0.0,0.0,0.0,0.0,0.0,0.0
r_4447_FWD,0.0,0.0,0.0,0.0,0.0,0.0
r_4448_ENZ_YJR152W_REV,0.0,0.0,0.0,0.0,0.0,0.0
r_4448_ENZ_YJR152W_FWD,0.0,0.0,0.0,0.0,0.0,0.0
r_4448_ENZ_YKR093W_REV,0.0,0.0,0.0,0.0,0.0,0.0
r_4448_ENZ_YKR093W_FWD,0.0,0.0,0.0,0.0,0.0,0.0
r_4449_REV,0.0,0.0,0.0,0.0,0.0,0.0
r_4449_FWD,0.0,0.0,0.0,0.0,0.0,0.0
r_4450_REV,0.0,0.0,0.0,0.0,0.0,0.0
r_4450_FWD,0.0,0.0,0.0,0.0,0.0,0.0
r_4451_REV,0.0,0.0,0.0,0.0,0.0,0.0
r_4451_FWD,0.0,0.0,0.0,0.0,0.0,0.0
r_4452_REV,0.0,0.0,0.0,0.0,0.0,0.0
r_4452_FWD,0.0,0.0,0.0,0.0,0.0,0.0
r_4453_REV,0.0,0.0,0.0,0.0,0.0,0.0
r_4453_FWD,0.0,0.0,0.0,0.0,0.0,0.0
r_4454_REV,0.0,0.0,0.0,0.0,0.0,0.0
r_4454_FWD,0.0,0.0,0.0,0.0,0.0,0.0
r_4455_REV,0.0,0.0,0.0,0.0,0.0,0.0
r_4455_FWD,0.0,0.0,0.0,0.0,0.0,0.0
r_4456_REV,0.0,0.0,0.0,0.0,0.0,0.0
r_4456_FWD,0.0,0.0,0.0,0.0,0.0,0.0
r_4457_ENZ_YDR093W_REV,0.0,0.0,0.0,0.0,0.0,0.0
r_4457_ENZ_YDR093W_FWD,0.0,0.0,0.0,0.0,0.0,0.0
r_4458_REV,0.0,0.0,0.0,0.0,0.0,0.0
r_4458_FWD,0.0,0.0,0.0,0.0,0.0,0.0
r_4459_REV,0.0,0.0,0.0,0.0,0.0,0.0
r_4459_FWD,0.0,0.0,0.0,0.0,0.0,0.0
r_4460_REV,0.5073808218717843,0.9311658897388498,0.0,1.4572459288348476,0.5016655979310434,0.660664310828232
r_4460_FWD,0.0,0.0,0.0,0.0,0.0,0.0
r_4461_REV,0.0,0.0,0.0,0.0,0.0,0.0
r_4461_FWD,0.0,0.0,0.0,0.0,0.0,0.0
r_4462_REV,0.0,0.0,0.0,0.0,0.0,0.0
r_4462_FWD,0.0,0.0,0.0,0.0,0.0,0.0
r_4463_REV,0.0,0.0,0.0,0.0,0.0,0.0
r_4463_FWD,0.0,0.0,0.0,0.0,0.0,0.0
r_4464_REV,0.0,0.0,0.0,0.0,0.0,0.0
r_4464_FWD,0.0,0.0,0.0,0.0,0.0,0.0
r_4465_REV,0.0,0.0,0.0,0.0,0.0,0.0
r_4465_FWD,0.0,0.0,0.0,0.0,0.0,0.0
r_4466_REV,0.0,0.0,0.0,0.0,0.0,0.0
r_4466_FWD,0.0,0.0,0.0,0.0,0.0,0.0
r_4467_REV,0.0,0.0,0.0,0.0,0.0,0.0
r_4467_FWD,0.0,0.0,0.0,0.0,0.0,0.0
r_4468_ENZ_YDR342C_REV,0.0,0.0,0.0,0.0,0.0,0.0
r_4468_ENZ_YDR342C_FWD,0.0,0.0,0.0,0.0,0.0,0.0
r_4468_ENZ_YHR092C_REV,0.0,0.0,0.0,0.0,0.0,0.0
r_4468_ENZ_YHR092C_FWD,0.0,0.0,0.0,0.0,0.0,0.0
r_4469_ENZ_YKR039W_REV,0.0,0.0,0.0,0.0,0.0,0.0
r_4469_ENZ_YKR039W_FWD,0.0,0.0,0.0,0.0,0.0,0.0
r_4470_REV,0.0,0.0,0.0,0.0,0.0,0.0
r_4470_FWD,0.0,0.0,0.0,0.0,0.0,0.0
r_4471_ENZ_YJR152W_REV,0.0,0.0,0.0,0.0,0.0,0.0
r_4471_ENZ_YJR152W_FWD,0.0,0.0,0.0,0.0,0.0,0.0
r_4471_ENZ_YKR093W_REV,0.0,0.0,0.0,0.0,0.0,0.0
r_4471_ENZ_YKR093W_FWD,0.0,0.0,0.0,0.0,0.0,0.0
r_4472_REV,0.0,0.0,0.0,0.0,0.0,0.0
r_4472_FWD,0.0,0.0,0.0,0.0,0.0,0.0
r_4473_ENZ_YJR152W_REV,0.0,0.0,0.0,0.0,0.0,0.0
r_4473_ENZ_YJR152W_FWD,0.0,0.0,0.0,0.0,0.0,0.0
r_4473_ENZ_YKR093W_REV,0.0,0.0,0.0,0.0,0.0,0.0
r_4473_ENZ_YKR093W_FWD,0.0,0.0,0.0,0.0,0.0,0.0
r_4474_REV,0.0,0.0,0.0,0.0,0.0,0.0
r_4474_FWD,0.0,0.0,0.0,0.0,0.0,0.0
r_4475_REV,0.0,0.0,0.0,0.0,0.0,0.0
r_4475_FWD,0.0,0.0,0.0,0.0,0.0,0.0
r_4476_REV,0.0,0.0,0.0,0.0,0.0,0.0
r_4476_FWD,0.0,0.0,0.0,0.0,0.0,0.0
r_4477_REV,0.0,0.0,0.0,0.0,0.0,0.0
r_4477_FWD,0.0,0.0,0.0,0.0,0.0,0.0
r_4478_REV,0.0,0.0,0.0,0.0,0.0,0.0
r_4478_FWD,0.0,0.0,0.0,0.0,0.0,0.0
r_4479_REV,0.0,0.0,0.0,0.0,0.0,0.0
r_4479_FWD,0.0,0.0,0.0,0.0,0.0,0.0
r_4480_REV,0.0,0.0,0.0,0.0,0.0,0.0
r_4480_FWD,0.0,0.0,0.0,0.0,0.0,0.0
r_4481,0.0,0.0,0.0,0.0,0.0,0.0
r_4482_REV,0.0,0.0,0.0,0.0,0.0,0.0
r_4482_FWD,0.0,0.0,0.0,0.0,0.0,0.0
r_4483_REV,0.0,0.0,0.0,0.0,0.0,0.0
r_4483_FWD,0.0,0.0,0.0,0.0,0.0,0.0
r_4484_ENZ_YJR130C_REV,0.0,0.0,0.0,0.0,0.0,0.0
r_4484_ENZ_YJR130C_FWD,0.0,0.0,0.0,0.0,0.0,0.0
r_4484_ENZ_YLL058W_REV,0.0,0.0,0.0,0.0,0.0,0.0
r_4484_ENZ_YLL058W_FWD,0.0,0.0,0.0,0.0,0.0,0.0
r_4484_ENZ_YML082W_REV,0.0,0.0,0.0,0.0,0.0,0.0
r_4484_ENZ_YML082W_FWD,0.0,0.0,0.0,0.0,0.0,0.0
r_4485,0.0,0.0,0.0,0.0,0.0,0.0
r_4486,0.0,0.0,0.0,0.0,0.0,0.0
r_4487,0.0,0.0,0.0,0.0,0.0,0.0
r_4488,0.0,0.0,0.0,0.0,0.0,0.0
r_4489,0.0,0.0,0.0,0.0,0.0,0.0
r_4490_REV,0.0,0.0,0.0,0.0,0.0,0.0
r_4490_FWD,0.0,0.0,0.0,0.0,0.0,0.0
r_4491,0.0,0.0,0.0,0.0,0.0,0.0
r_4492,0.0,0.0,0.0,0.0,0.0,0.0
r_4493_ENZ_YNL065W_REV,0.0,0.0,0.0,0.0,0.0,0.0
r_4493_ENZ_YNL065W_FWD,0.0,0.0,0.0,0.0,0.0,0.0
r_4494,0.0,0.0,0.0,0.0,0.0,0.0
r_4495,-0.0,-0.0,-0.0,0.0,-0.0,0.0
r_4496,0.0,0.0,0.0,0.0,0.0,0.0
r_4497,0.0,0.0,0.0,0.0,0.0,0.0
r_4498,0.0,0.0,0.0,0.0,0.0,0.0
r_4499,0.0,0.0,0.0,0.0,0.0,0.0
r_4500,0.0,0.0,0.0,0.0,0.0,0.0
r_4501,0.0,0.0,0.0,0.0,0.0,0.0
r_4502,0.0,0.0,0.0,0.0,0.0,0.0
r_4503,0.0,0.0,0.0,0.0,0.0,0.0
r_4504,0.0,0.0,0.0,0.0,0.0,0.0
r_4505,0.0,0.0,0.0,0.0,0.0,0.0
r_4506,0.0,0.0,0.0,0.0,0.0,0.0
r_4507,0.0,0.0,0.0,0.0,0.0,0.0
r_4508,0.0,0.0,0.0,0.0,0.0,0.0
r_4509,0.0,0.0,0.0,0.0,0.0,0.0
r_4510,0.0,0.0,0.0,0.0,0.0,0.0
r_4511,0.0,0.0,0.0,0.0,0.0,0.0
r_4512,0.0,0.0,0.0,0.0,0.0,0.0
r_4513,0.0,0.0,0.0,0.0,0.0,0.0
r_4514,0.0,0.0,0.0,0.0,0.0,0.0
r_4515,0.0,0.0,0.0,0.0,0.0,0.0
r_4516,0.0,0.0,0.0,0.0,0.0,0.0
r_4517,0.0,0.0,0.0,0.0,0.0,0.0
r_4518,0.0,0.0,0.0,0.0,0.0,0.0
r_4519,0.0,0.0,0.0,0.0,0.0,0.0
r_4520,0.0,0.0,0.0,0.0,0.0,0.0
r_4521,0.0,0.0,0.0,0.0,0.0,0.0
r_4522,0.0,0.0,0.0,0.0,0.0,0.0
r_4523,0.0,0.0,0.0,0.0,0.0,0.0
r_4524,0.0,0.0,0.0,0.0,0.0,0.0
r_4525,0.0,0.0,0.0,0.0,0.0,0.0
r_4526,0.0,0.0,0.0,0.0,0.0,0.0
r_4527,0.5073808218717843,0.9311658897388498,0.0,1.4572459288348476,0.5016655979310434,0.660664310828232
r_4528,0.0,0.0,0.0,0.0,0.0,0.0
r_4529,0.0,0.0,0.0,0.0,0.0,0.0
r_4530,0.0,0.0,0.0,0.0,0.0,0.0
r_4531,0.0,0.0,0.0,0.0,0.0,0.0
r_4532,0.0,0.0,0.0,0.0,0.0,0.0
r_4533,0.0,0.0,0.0,0.0,0.0,0.0
r_4534,0.0,0.0,0.0,0.0,0.0,0.0
r_4535,0.0,0.0,0.0,0.0,0.0,0.0
r_4536,0.0,0.0,0.0,0.0,0.0,0.0
r_4537,0.0,0.0,0.0,0.0,0.0,0.0
r_4538,0.0,0.0,0.0,0.0,0.0,0.0
r_4539,0.0,0.0,0.0,0.0,0.0,0.0
r_4540,0.0,0.0,0.0,0.0,0.0,0.0
r_4541,0.0,0.0,0.0,0.0,0.0,0.0
r_4542,0.0,0.0,0.0,0.0,0.0,0.0
r_4543,0.0,0.0,0.0,0.0,0.0,0.0
r_4544,0.0,0.0,0.0,0.0,0.0,0.0
r_4545,0.0,0.0,0.0,0.0,0.0,0.0
r_4546,0.0,0.0,0.0,0.0,0.0,0.0
r_4547,0.0,0.0,0.0,0.0,0.0,0.0
r_4548,0.0,0.0,0.0,0.0,0.0,0.0
r_4549,0.0,0.0,0.0,0.0,0.0,0.0
r_4550,0.0,0.0,0.0,0.0,0.0,0.0
r_4551,0.0,0.0,0.0,0.0,0.0,0.0
r_4552,0.0,0.0,0.0,0.0,0.0,0.0
r_4553,0.0,0.0,0.0,0.0,0.0,0.0
r_4554,0.0,0.0,0.0,0.0,0.0,0.0
r_4555,0.0,0.0,0.0,0.0,0.0,0.0
r_4556,0.0,0.0,0.0,0.0,0.0,0.0
r_4557,0.0,0.0,0.0,0.0,0.0,0.0
r_4558,0.0,0.0,0.0,0.0,0.0,0.0
r_4559,0.0,0.0,0.0,0.0,0.0,0.0
r_4560,0.0,0.0,0.0,0.0,0.0,0.0
r_4561,0.0,0.0,0.0,0.0,0.0,0.0
r_4562,0.0,0.0,0.0,0.0,0.0,0.0
r_4563,0.0,0.0,0.0,0.0,0.0,0.0
r_4564,0.0,0.0,0.0,0.0,0.0,0.0
r_4565,0.0,0.0,0.0,0.0,0.0,0.0
r_4567,0.0,0.0,0.0,0.0,0.0,0.0
r_4568,0.0,0.0,0.0,0.0,0.0,0.0
r_4569,0.0,0.0,0.0,0.0,0.0,0.0
r_4570_ENZ_YIL074C_REV,0.0459027225656411,0.0841684245397674,0.0647589650840007,0.0,0.0,0.0
r_4570_ENZ_YIL074C_FWD,0.0,0.0,0.0,0.0,0.0,0.0
r_4570_ENZ_YER081W_REV,0.0,0.0,0.0,0.1317183545510563,0.0453448287532204,0.0597159535224271
r_4570_ENZ_YER081W_FWD,0.0,0.0,0.0,0.0,0.0,0.0
r_4571_REV,0.0,0.0,0.0,0.0,0.0,0.0
r_4571_FWD,0.0459027225656411,0.0841684245397674,0.0647589650840007,0.1317183545510563,0.0453448287532204,0.0597159535224271
r_4572_REV,0.0,0.0,0.0,0.0,0.0,0.0
r_4572_FWD,0.0,0.0,0.0,0.0,0.0,0.0
r_4573,0.0,0.0,0.0,0.0,0.0,0.0
r_4574,0.0,0.0,0.0,0.0,0.0,0.0
r_4575,0.0,0.0,0.0,0.0,0.0,0.0
r_4581,0.0458619234937198,0.0841684245397674,0.0647589650840007,0.1317183545510563,0.0453448287532204,0.0597159535224271
r_4582,0.0458619234937198,0.0841684245397674,0.0647589650840007,0.1317183545510563,0.0453448287532204,0.0597159535224271
r_4583,0.0,0.0,0.0,0.0,0.0,0.0
r_4584_ENZ_YOR317W,0.0,0.0,0.0,0.0,0.0,0.0
r_4584_ENZ_YER015W,0.0,0.0,0.0,0.0,0.0,0.0
r_4584_ENZ_YMR246W,0.0,0.0,0.0,0.0,0.0,0.0
r_4584_ENZ_YIL009W,0.0,0.0,0.0,0.0,0.0,0.0
r_4585,0.0,0.0,0.0,0.0,0.0,0.0
r_4586,0.0,0.0,0.0,0.0,0.0,0.0
r_4587_ENZ_YOL122C_REV,0.0,9.231493607736452e-15,5.222082803072597e-14,3.6588408084542445e-14,0.0,0.0
r_4587_ENZ_YOL122C_FWD,4.659683186234857e-05,8.551717041171969e-05,6.579668666550909e-05,0.0001338290580576,4.607145100510537e-05,6.06728639753934e-05
r_4588_ENZ_YNL275W_REV,0.0,0.0,7.371875462500177e-14,7.089923266534459e-15,-7.921490069798255e-14,0.0
r_4588_ENZ_YNL275W_FWD,0.0002770042256372,0.0005083739950357,0.0003911416184365,0.000795573714015,0.0002738809935394,0.000360682025609
r_4589_ENZ_YOL122C_REV,3.9791764718313805e-14,-5.3020630420841375e-14,-3.98862258325916e-14,1.7137062168631756e-14,0.0,0.0
r_4589_ENZ_YOL122C_FWD,0.0001415083580624,0.0002597042305296,0.0001998157538183,0.0004064209840066,0.0001399128464938,0.0001842553885005
r_4590_ENZ_YOL130W_REV,-1.7514527154982584e-14,-5.659535340374333e-15,1.2701536870884931e-14,-6.960382790965891e-14,-8.018108746399301e-15,0.0
r_4590_ENZ_YOL130W_FWD,0.0005862182391354,0.0010758612344829,0.00082776481206,0.0016836559826458,0.0005796086086462,0.000763303814068
r_4591_ENZ_YGL255W_REV,-1.931817878407516e-14,-4.044724624674423e-15,0.0,0.0,0.0,0.0
r_4591_ENZ_YGL255W_FWD,0.0001606194971373,0.0002947780859585,0.0,0.0,0.0,0.0002091396456215
r_4591_ENZ_YLR130C_REV,0.0,0.0,-3.253148618542756e-15,-2.5368541902576203e-14,-5.055607625245595e-15,0.0
r_4591_ENZ_YLR130C_FWD,0.0,0.0,0.0002268014861925,0.0004613093882994,0.0001588085068817,0.0
r_4592_ENZ_YGR191W_REV,1.5436870531848612e-15,2.59991680962024e-15,0.0,7.988726867524942e-15,0.0,0.0
r_4592_ENZ_YGR191W_FWD,0.000266813679616,0.000489671722164,0.0,0.0007663058191553,0.0002638053463412,0.0003474131060636
r_4592_ENZ_YOL130W_REV,0.0,0.0,2.5153490401663706e-17,0.0,0.0,0.0
r_4592_ENZ_YOL130W_FWD,0.0,0.0,0.0003767521387203,0.0,0.0,0.0
r_4593_REV,0.0002770042256372,0.0005083739950357,0.0003911416183628,0.0007955737140079,0.0002738809936186,0.000360682025609
r_4593_FWD,0.0,0.0,0.0,0.0,0.0,0.0
r_4594_REV,0.0001415083580226,0.0002597042305826,0.0001998157538582,0.0004064209839895,0.0001399128465209,0.0001842553885005
r_4594_FWD,0.0,0.0,0.0,0.0,2.7106165619364412e-14,0.0
r_4595_REV,0.0005862182391529,0.0010758612344886,0.0008277648120473,0.0016836559827154,0.0005796086086542,0.000763303814068
r_4595_FWD,0.0,0.0,0.0,0.0,0.0,0.0
r_4596_REV,0.0001606194971566,0.0002947780859626,0.0002268014861958,0.0004613093883248,0.0001588085068868,0.0002091396456215
r_4596_FWD,0.0,0.0,0.0,0.0,0.0,0.0
r_4597_REV,0.0002668136796144,0.0004896717221614,0.0003767521387203,0.0007663058191473,0.0002638053463215,0.0003474131060636
r_4597_FWD,0.0,0.0,0.0,0.0,-1.96693247626889e-14,0.0
r_4598,0.2147319505706946,0.394088354806172,0.3032105465731547,0.6167237883640837,0.2123108405561424,0.27959845996899
r_4599,0.2147319505706946,0.394088354806172,0.3032105465731547,0.6167237883640837,0.2123108405561424,0.279598459968991
r_4600_REV,4.659683186234857e-05,8.55171704024882e-05,6.579668661328826e-05,0.0001338290580211,4.607145100510537e-05,6.06728639753934e-05
r_4600_FWD,0.0,0.0,0.0,0.0,0.0,0.0
r_4601_REV,0.0,0.0,0.0,0.0,0.0,0.0
r_4601_FWD,0.0,0.0,0.0,0.0,0.0,0.0
r_4602_REV,0.0,0.0,0.0,0.0,0.0,0.0
r_4602_FWD,0.0,0.0,0.0,0.0,0.0,0.0
r_4603_REV,0.0,0.0,0.0,0.0,0.0,0.0
r_4603_FWD,0.0,0.0,0.0,0.0,0.0,0.0
r_4604_REV,0.0,0.0,0.0,0.0,0.0,0.0
r_4604_FWD,0.0,0.0,0.0,0.0,0.0,0.0
r_4605_REV,0.0,0.0,0.0,0.0,0.0,0.0
r_4605_FWD,0.0,0.0,0.0,0.0,0.0,0.0
r_4606_REV,0.0,0.0,0.0,0.0,0.0,0.0
r_4606_FWD,0.0,0.0,0.0,0.0,0.0,0.0
r_4607_REV,0.0,0.0,0.0,0.0,0.0,0.0
r_4607_FWD,0.0,0.0,0.0,0.0,0.0,0.0
r_4608,4.079907192128252e-05,0.0,0.0,0.0,0.0,-1.0668698075461601e-17
r_4609_REV,0.0,0.0,0.0,0.0,0.0,0.0
r_4609_FWD,0.0,0.0,0.0,0.0,0.0,0.0
r_4610_REV,0.0,0.0,0.0,0.0,0.0,0.0
r_4610_FWD,0.0,0.0,0.0,0.0,0.0,0.0
r_4611_REV,0.0,0.0,0.0,0.0,0.0,0.0
r_4611_FWD,0.0,0.0,0.0,0.0,0.0,0.0
r_4612_REV,0.0,0.0,0.0,0.0,0.0,0.0
r_4612_FWD,0.0,0.0,0.0,0.0,0.0,0.0
r_4613_REV,0.0,0.0,0.0,0.0,0.0,0.0
r_4613_FWD,0.0,0.0,0.0,0.0,0.0,0.0
r_4614_REV,0.0,0.0,0.0,0.0,0.0,0.0
r_4614_FWD,0.0,0.0,0.0,0.0,0.0,0.0
r_4615_REV,0.0,0.0,0.0,0.0,0.0,0.0
r_4615_FWD,0.0,0.0,0.0,0.0,0.0,0.0
r_4616_REV,0.0,0.0,0.0,0.0,0.0,0.0
r_4616_FWD,0.0,0.0,0.0,0.0,0.0,0.0
r_4617_REV,0.0,0.0,0.0,0.0,0.0,0.0
r_4617_FWD,0.0,0.0,0.0,0.0,0.0,0.0
r_4618_REV,0.0,0.0,0.0,0.0,0.0,0.0
r_4618_FWD,0.0,0.0,0.0,0.0,0.0,0.0
r_4619_REV,0.0,0.0,0.0,0.0,0.0,0.0
r_4619_FWD,0.0,0.0,0.0,0.0,0.0,0.0
r_4620_REV,0.0,0.0,0.0,0.0,0.0,0.0
r_4620_FWD,0.0,0.0,0.0,0.0,0.0,0.0
r_4621_REV,0.0,0.0,0.0,0.0,0.0,0.0
r_4621_FWD,0.0,0.0,0.0,0.0,0.0,0.0
r_4622_REV,0.0,0.0,0.0,0.0,0.0,0.0
r_4622_FWD,0.0,0.0,0.0,0.0,0.0,0.0
r_4623_REV,0.0,0.0,0.0,0.0,0.0,0.0
r_4623_FWD,0.0,0.0,0.0,0.0,0.0,0.0
r_4624_REV,0.0,0.0,0.0,0.0,0.0,0.0
r_4624_FWD,0.0,0.0,0.0,0.0,0.0,0.0
r_4625_REV,0.0,0.0,0.0,0.0,0.0,0.0
r_4625_FWD,0.0,0.0,0.0,0.0,0.0,0.0
r_4626_REV,0.0,0.0,0.0,0.0,0.0,0.0
r_4626_FWD,0.0,0.0,0.0,0.0,0.0,0.0
r_4627_REV,0.0,0.0,0.0,0.0,0.0,0.0
r_4627_FWD,0.0,0.0,0.0,0.0,0.0,0.0
r_4628_REV,0.0,0.0,0.0,0.0,0.0,0.0
r_4628_FWD,0.0,0.0,0.0,0.0,0.0,0.0
r_4629_ENZ_YBR177C_REV,0.0,0.0,0.0,0.0,0.0,0.0
r_4629_ENZ_YBR177C_FWD,0.0,0.0,0.0,0.0,0.0,0.0
r_4629_ENZ_YPL095C_REV,0.0,0.0,0.0,0.0,0.0,0.0
r_4629_ENZ_YPL095C_FWD,0.0,0.0,0.0,0.0,0.0,0.0
r_4630_ENZ_YBR177C_REV,0.0,0.0,0.0,0.0,0.0,0.0
r_4630_ENZ_YBR177C_FWD,0.0,0.0,0.0,0.0,0.0,0.0
r_4630_ENZ_YPL095C_REV,0.0,0.0,0.0,0.0,0.0,0.0
r_4630_ENZ_YPL095C_FWD,0.0,0.0,0.0,0.0,0.0,0.0
r_4631_ENZ_YBR177C_REV,0.0,0.0,0.0,0.0,0.0,0.0
r_4631_ENZ_YBR177C_FWD,0.0,0.0,0.0,0.0,0.0,0.0
r_4631_ENZ_YPL095C_REV,0.0,0.0,0.0,0.0,0.0,0.0
r_4631_ENZ_YPL095C_FWD,0.0,0.0,0.0,0.0,0.0,0.0
r_4632_ENZ_YGR177C_REV,0.0,0.0,0.0,0.0,0.0,0.0
r_4632_ENZ_YGR177C_FWD,0.0,0.0,0.0,0.0,0.0,0.0
r_4632_ENZ_YOR377W_REV,0.0,0.0,0.0,0.0,0.0,0.0
r_4632_ENZ_YOR377W_FWD,0.0,0.0,0.0,0.0,0.0,0.0
r_4632_ENZ_YGR015C_REV,0.0,0.0,0.0,0.0,0.0,0.0
r_4632_ENZ_YGR015C_FWD,0.0,0.0,0.0,0.0,0.0,0.0
r_4633_ENZ_YBR177C_REV,0.0,0.0,0.0,0.0,0.0,0.0
r_4633_ENZ_YBR177C_FWD,0.0,0.0,0.0,0.0,0.0,0.0
r_4633_ENZ_YPL095C_REV,0.0,0.0,0.0,0.0,0.0,0.0
r_4633_ENZ_YPL095C_FWD,0.0,0.0,0.0,0.0,0.0,0.0
r_4634_REV,0.0,0.0,0.0,0.0,0.0,0.0
r_4634_FWD,0.0,0.0,0.0,0.0,0.0,0.0
r_4635_REV,0.0,0.0,0.0,0.0,0.0,0.0
r_4635_FWD,0.0,0.0,0.0,0.0,0.0,0.0
r_4636_REV,0.0,0.0,0.0,0.0,0.0,0.0
r_4636_FWD,0.0,0.0,0.0,0.0,0.0,0.0
r_4637,0.0,0.0,0.0,0.0,0.0,0.0
r_4638,0.0,0.0,0.0,0.0,0.0,0.0
r_4639_REV,0.0,0.0,0.0,0.0,0.0,0.0
r_4639_FWD,0.0,0.0,0.0,0.0,0.0,0.0
r_4640_REV,0.0,0.0,0.0,0.0,0.0,0.0
r_4640_FWD,0.0,0.0,0.0,0.0,0.0,0.0
r_4641_REV,0.0,0.0,0.0,0.0,0.0,0.0
r_4641_FWD,0.0,0.0,0.0,0.0,0.0,0.0
r_4642,0.0,0.0,0.0,0.0,0.0,0.0
r_4643,0.0,0.0,0.0,0.0,0.0,0.0
r_4644,0.0,0.0,0.0,0.0,0.0,0.0
r_4645,0.0,0.0,0.0,0.0,0.0,0.0
r_4646,0.0,0.0,0.0,0.0,0.0,0.0
r_4647,0.0,0.0,0.0,0.0,0.0,0.0
r_4648,0.0,0.0,0.0,0.0,0.0,0.0
r_4649_ENZ_YGR015C,0.0,0.0,0.0,0.0,0.0,0.0
r_4650,0.0,0.0,0.0,0.0,0.0,0.0
r_4651_ENZ_YGR087C,0.0,0.0,0.0,0.0,0.0,0.0
r_4651_ENZ_YLR044C,0.0,0.0,0.0,0.0,0.0,0.0
r_4651_ENZ_YLR134W,0.0,0.0,0.0,0.0,0.0,0.0
r_4652_ENZ_YBR145W,0.0,0.0,0.0,0.0,0.0,0.0
r_4652_ENZ_YDL168W,0.0,0.0,0.0,0.0,0.0,0.0
r_4652_ENZ_YOL086C,0.0,0.0,0.0,0.0,0.0,0.0
r_4653_ENZ_YGL256W,0.0,0.0,0.0,0.0,0.0,0.0
r_4653_ENZ_YMR083W,0.0,0.0,0.0,0.0,0.0,0.0
r_4654_ENZ_YCR105W,0.0,0.0,0.0,0.0,0.0,0.0
r_4654_ENZ_YDR368W,0.0,0.0,0.0,0.0,0.0,0.0
r_4654_ENZ_YMR318C,0.0,0.0,0.0,0.0,0.0,0.0
r_4655_REV,0.0,0.0,0.0,0.0,0.0,0.0
r_4655_FWD,0.0,0.0,0.0,0.0,0.0,0.0
r_4656_REV,0.0,0.0,0.0,0.0,0.0,1.0668698075461601e-17
r_4656_FWD,0.0,0.0,0.0,0.0,0.0,0.0
r_4657_REV,0.0,0.0,0.0,0.0,0.0,0.0
r_4657_FWD,0.0,0.0,0.0,0.0,0.0,0.0
r_4658,0.0,0.0,0.0,0.0,0.0,-1.0668698075461601e-17
r_4659,0.0,0.0,0.0,0.0,0.0,0.0
r_4660_ENZ_YHR137W_REV,0.0,0.0,0.0,0.0,0.0,0.0
r_4660_ENZ_YHR137W_FWD,0.0,0.0,0.0,0.0,0.0,0.0
r_4661_ENZ_YBR145W,0.0,0.0,0.0,0.0,0.0,0.0
r_4661_ENZ_YDL168W,0.0,0.0,0.0,0.0,0.0,0.0
r_4661_ENZ_YOL086C,0.0,0.0,0.0,0.0,0.0,0.0
r_4662_ENZ_YGL256W,0.0,0.0,0.0,0.0,0.0,0.0
r_4662_ENZ_YMR083W,0.0,0.0,0.0,0.0,0.0,0.0
r_4663_ENZ_YCR105W,0.0,0.0,0.0,0.0,0.0,0.0
r_4663_ENZ_YDR368W,0.0,0.0,0.0,0.0,0.0,0.0
r_4663_ENZ_YMR318C,0.0,0.0,0.0,0.0,0.0,0.0
r_4664_REV,0.0,0.0,0.0,0.0,0.0,0.0
r_4664_FWD,0.0,0.0,0.0,0.0,0.0,0.0
r_4665_REV,0.0,0.0,0.0,0.0,0.0,0.0
r_4665_FWD,0.0,0.0,0.0,0.0,0.0,0.0
r_4666_REV,0.0,0.0,0.0,0.0,0.0,0.0
r_4666_FWD,0.0,0.0,0.0,0.0,0.0,0.0
r_4667,0.0,0.0,0.0,0.0,0.0,0.0
r_4668,0.0,0.0,0.0,0.0,0.0,0.0
r_4669_ENZ_YGR087C,0.0,0.0,0.0,0.0,0.0,0.0
r_4669_ENZ_YLR044C,0.0,0.0,0.0,0.0,0.0,0.0
r_4669_ENZ_YLR134W,0.0,0.0,0.0,0.0,0.0,0.0
r_4670_ENZ_YBR145W,0.0,0.0,0.0,0.0,0.0,0.0
r_4670_ENZ_YDL168W,0.0,0.0,0.0,0.0,0.0,0.0
r_4670_ENZ_YOL086C,0.0,0.0,0.0,0.0,0.0,0.0
r_4671_ENZ_YGL256W,0.0,0.0,0.0,0.0,0.0,0.0
r_4671_ENZ_YMR083W,0.0,0.0,0.0,0.0,0.0,0.0
r_4672_ENZ_YCR105W,0.0,0.0,0.0,0.0,0.0,0.0
r_4672_ENZ_YDR368W,0.0,0.0,0.0,0.0,0.0,0.0
r_4672_ENZ_YMR318C,0.0,0.0,0.0,0.0,0.0,0.0
r_4673_REV,0.0,0.0,0.0,0.0,0.0,0.0
r_4673_FWD,0.0,0.0,0.0,0.0,0.0,0.0
r_4674_REV,0.0,0.0,0.0,0.0,0.0,0.0
r_4674_FWD,0.0,0.0,0.0,0.0,0.0,0.0
r_4675_REV,0.0,0.0,0.0,0.0,0.0,0.0
r_4675_FWD,0.0,0.0,0.0,0.0,0.0,0.0
r_4676,0.0,0.0,0.0,0.0,0.0,0.0
r_4677,0.0,0.0,0.0,0.0,0.0,0.0
r_4678_ENZ_YMR170C_REV,0.0,0.0,0.0,0.0,0.0,0.0
r_4678_ENZ_YMR170C_FWD,0.0,0.0,0.0,0.0,0.0,1.0668698075461601e-17
r_4678_ENZ_YMR169C_REV,0.0,0.0,0.0,0.0,0.0,0.0
r_4678_ENZ_YMR169C_FWD,0.0,0.0,0.0,0.0,0.0,0.0
r_4678_ENZ_YOR374W_REV,0.0,0.0,0.0,0.0,0.0,0.0
r_4678_ENZ_YOR374W_FWD,0.0,0.0,0.0,0.0,0.0,0.0
r_4679_ENZ_YOR317W_REV,0.0,0.0,0.0,0.0,0.0,0.0
r_4679_ENZ_YOR317W_FWD,0.0,0.0,0.0,0.0,0.0,0.0
r_4679_ENZ_YER015W_REV,0.0,0.0,0.0,0.0,0.0,0.0
r_4679_ENZ_YER015W_FWD,0.0,0.0,0.0,0.0,0.0,0.0
r_4679_ENZ_YIL009W_REV,0.0,0.0,0.0,0.0,0.0,0.0
r_4679_ENZ_YIL009W_FWD,0.0,0.0,0.0,0.0,0.0,0.0
r_4679_ENZ_YMR246W_REV,0.0,0.0,0.0,0.0,0.0,0.0
r_4679_ENZ_YMR246W_FWD,0.0,0.0,0.0,0.0,0.0,1.0668698075461601e-17
r_4680_ENZ_YBR177C_REV,0.0,0.0,0.0,0.0,0.0,0.0
r_4680_ENZ_YBR177C_FWD,0.0,0.0,0.0,0.0,0.0,0.0
r_4680_ENZ_YPL095C_REV,0.0,0.0,0.0,0.0,0.0,0.0
r_4680_ENZ_YPL095C_FWD,4.079907192128252e-05,0.0,0.0,0.0,0.0,0.0
r_4681_REV,0.0,0.0,0.0,0.0,0.0,0.0
r_4681_FWD,0.0,0.0,0.0,0.0,0.0,1.0668698075461601e-17
r_4682_REV,0.0,0.0,0.0,0.0,0.0,0.0
r_4682_FWD,0.0,0.0,0.0,0.0,0.0,0.0
r_4683_REV,0.0,0.0,0.0,0.0,0.0,0.0
r_4683_FWD,0.0,0.0,0.0,0.0,0.0,0.0
r_4684_REV,0.0,0.0,0.0,0.0,0.0,0.0
r_4684_FWD,0.0,0.0,0.0,0.0,0.0,0.0
r_4685_REV,0.0,0.0,0.0,0.0,0.0,0.0
r_4685_FWD,0.0,0.0,0.0,0.0,0.0,0.0
r_4686_REV,0.0,0.0,0.0,0.0,0.0,0.0
r_4686_FWD,0.0,0.0,0.0,0.0,0.0,-1.0668698075461601e-17
r_4687_ENZ_YGR177C,0.0,0.0,0.0,0.0,0.0,0.0
r_4687_ENZ_YOR377W,0.0,0.0,0.0,0.0,0.0,0.0
r_4687_ENZ_YGR015C,0.0,0.0,0.0,0.0,0.0,0.0
r_4688,0.0,0.0,0.0,0.0,0.0,0.0
r_4689,0.0,0.0,0.0,0.0,0.0,0.0
r_4690_ENZ_YGR177C,0.0,0.0,0.0,0.0,0.0,0.0
r_4690_ENZ_YOR377W,0.0,0.0,0.0,0.0,0.0,0.0
r_4690_ENZ_YGR015C,0.0,0.0,0.0,0.0,0.0,0.0
r_4691,0.0,0.0,0.0,0.0,0.0,0.0
r_4692,0.0,0.0,0.0,0.0,0.0,0.0
r_4693_ENZ_YGR177C,0.0,0.0,0.0,0.0,0.0,0.0
r_4693_ENZ_YOR377W,0.0,0.0,0.0,0.0,0.0,0.0
r_4693_ENZ_YGR015C,0.0,0.0,0.0,0.0,0.0,0.0
r_4694,0.0,0.0,0.0,0.0,0.0,0.0
r_4695,0.0,0.0,0.0,0.0,0.0,0.0
r_4697_REV,0.0,0.0,0.0,0.0,0.0,0.0
r_4697_FWD,4.079907192128252e-05,0.0,0.0,0.0,0.0,0.0
r_4698_ENZ_YNL065W,4.079907192128252e-05,0.0,0.0,0.0,0.0,0.0
r_4698_ENZ_YKL217W,0.0,0.0,0.0,0.0,0.0,0.0
r_4699,4.079907192128252e-05,0.0,0.0,0.0,0.0,0.0
r_4700_ENZ_YIL166C,0.0,0.0,0.0,0.0,0.0,0.0
r_4701_ENZ_YFR055W_REV,0.0,0.0,0.0,0.0,0.0,0.0
r_4701_ENZ_YFR055W_FWD,0.0,0.0,0.0,0.0,0.0,0.0
r_4702_REV,0.0,0.0,0.0,0.0,0.0,0.0
r_4702_FWD,0.0,0.0,0.0,0.0,0.0,0.0
r_4703_ENZ_YOR251C,0.0,0.0,0.0,0.0,0.0,0.0
r_4704_ENZ_YIL166C,0.0,0.0,0.0,0.0,0.0,0.0
r_4705_ENZ_YIL166C,0.0,0.0,0.0,0.0,0.0,0.0
r_4706_ENZ_YLL057C_REV,0.0,0.0,0.0,0.0,0.0,0.0
r_4706_ENZ_YLL057C_FWD,0.0,0.0,0.0,0.0,0.0,0.0
r_4707_REV,0.0,0.0,0.0,0.0,0.0,0.0
r_4707_FWD,0.0,0.0,0.0,0.0,0.0,0.0
r_4708,0.0,0.0,0.0,0.0,0.0,0.0
r_4709,0.0,0.0,0.0,0.0,0.0,0.0
r_4710,0.0,0.0,0.0,0.0,0.0,0.0
r_4711_ENZ_YOR126C_REV,0.0,0.0,0.0,0.0,0.0,0.0
r_4711_ENZ_YOR126C_FWD,0.0,0.0,0.0,0.0,0.0,0.0
r_4712_ENZ_YOR126C_REV,0.0,0.0,0.0,0.0,0.0,0.0
r_4712_ENZ_YOR126C_FWD,0.0,0.0,0.0,0.0,0.0,0.0
r_4713_ENZ_YOR126C_REV,0.0,0.0,0.0,0.0,0.0,0.0
r_4713_ENZ_YOR126C_FWD,0.0,0.0,0.0,0.0,0.0,0.0
r_4714_ENZ_YOR126C_REV,0.0,0.0,0.0,0.0,0.0,0.0
r_4714_ENZ_YOR126C_FWD,0.0,0.0,0.0,0.0,0.0,0.0
r_4715_ENZ_YOR126C_REV,0.0,0.0,0.0,0.0,0.0,0.0
r_4715_ENZ_YOR126C_FWD,0.0,0.0,0.0,0.0,0.0,0.0
r_4716_ENZ_YOR126C_REV,0.0,0.0,0.0,0.0,0.0,0.0
r_4716_ENZ_YOR126C_FWD,0.0,0.0,0.0,0.0,0.0,0.0
r_4717_ENZ_YOR126C_REV,0.0,0.0,0.0,0.0,0.0,0.0
r_4717_ENZ_YOR126C_FWD,0.0,0.0,0.0,0.0,0.0,0.0
r_4718_ENZ_YOR374W_REV,0.0,0.0,0.0,0.0,0.0,0.0
r_4718_ENZ_YOR374W_FWD,0.0,0.0,0.0,0.0,0.0,0.0
r_4718_ENZ_YPL061W_REV,0.0,0.0,0.0,0.0,0.0,0.0
r_4718_ENZ_YPL061W_FWD,0.0,0.0,0.0,0.0,0.0,0.0
r_4719_ENZ_YOR374W_REV,0.0,0.0,0.0,0.0,0.0,0.0
r_4719_ENZ_YOR374W_FWD,0.0,0.0,0.0,0.0,0.0,0.0
r_4719_ENZ_YPL061W_REV,0.0,0.0,0.0,0.0,0.0,0.0
r_4719_ENZ_YPL061W_FWD,0.0,0.0,0.0,0.0,0.0,0.0
r_4720_ENZ_YOR126C_REV,0.0,0.0,0.0,0.0,0.0,0.0
r_4720_ENZ_YOR126C_FWD,0.0,0.0,0.0,0.0,0.0,0.0
r_4721_ENZ_YOR126C_REV,0.0,0.0,0.0,0.0,0.0,0.0
r_4721_ENZ_YOR126C_FWD,0.0,0.0,0.0,0.0,0.0,0.0
r_4722_ENZ_YJL012C,0.0,0.0,0.0,0.0,0.0,0.0
r_4723_ENZ_YHR201C_REV,0.0,0.0,0.0,0.0,0.0,0.0
r_4723_ENZ_YHR201C_FWD,0.0,0.0,0.0,0.0,0.0,0.0
r_4723_ENZ_YDR452W_REV,0.0,0.0,0.0,0.0,0.0,0.0
r_4723_ENZ_YDR452W_FWD,0.0,0.0,0.0,0.0,0.0,0.0
r_4724_ENZ_YHR201C_REV,0.0,0.0,0.0,0.0,0.0,0.0
r_4724_ENZ_YHR201C_FWD,4.0466264285961016,0.0,0.0,0.0,0.0,0.0
r_4724_ENZ_YDR452W_REV,0.0,0.0,0.0,0.0,0.0,0.0
r_4724_ENZ_YDR452W_FWD,0.0,14.859971899362485,8.975808982717547,0.0,0.0,0.0
r_4725_ENZ_YHR201C_REV,0.0,0.0,0.0,0.0,0.0,0.0
r_4725_ENZ_YHR201C_FWD,0.0,0.0,0.0,0.0,0.0,0.0
r_4725_ENZ_YDR452W_REV,0.0,0.0,0.0,0.0,0.0,0.0
r_4725_ENZ_YDR452W_FWD,0.0,0.0,0.0,0.0,0.0,0.0
r_4726_REV,0.0,0.0,0.0,0.0,0.0,0.0
r_4726_FWD,0.0,0.0,0.0,0.0,0.0,0.0
r_4727,0.0,0.0,0.0,0.0,0.0,0.0
r_4728_REV,0.0,0.0,0.0,0.0,0.0,0.0
r_4728_FWD,0.0,0.0,0.0,0.0,0.0,0.0
r_4729,0.0,0.0,0.0,0.0,0.0,0.0
r_4730_REV,0.0,0.0,0.0,0.0,0.0,0.0
r_4730_FWD,0.0,0.0,0.0,0.0,0.0,0.0
r_4731,0.0,0.0,0.0,0.0,0.0,0.0
r_4732_REV,0.0,0.0,0.0,0.0,0.0,0.0
r_4732_FWD,0.0,0.0,0.0,0.0,0.0,0.0
r_4733,0.0,0.0,0.0,0.0,0.0,0.0
r_4734_REV,0.0,0.0,0.0,0.0,0.0,0.0
r_4734_FWD,0.0,0.0,0.0,0.0,0.0,0.0
r_4735,0.0,0.0,0.0,0.0,0.0,0.0
r_4736_REV,0.0,0.0,0.0,0.0,0.0,0.0
r_4736_FWD,0.0,0.0,0.0,0.0,0.0,0.0
r_4737,0.0,0.0,0.0,0.0,0.0,0.0
r_4738_REV,0.0,0.0,0.0,0.0,0.0,0.0
r_4738_FWD,0.0,0.0,0.0,0.0,0.0,0.0
r_4739,0.0,0.0,0.0,0.0,0.0,0.0
r_4740_REV,0.0,0.0,0.0,0.0,0.0,0.0
r_4740_FWD,0.0,0.0,0.0,0.0,0.0,0.0
r_4741,0.0,0.0,0.0,0.0,0.0,0.0
r_4742_REV,0.0,0.0,0.0,0.0,0.0,0.0
r_4742_FWD,0.0,0.0,0.0,0.0,0.0,0.0
r_4743,0.0,0.0,0.0,0.0,0.0,0.0
r_4744_REV,0.0,0.0,0.0,0.0,0.0,0.0
r_4744_FWD,0.0,0.0,0.0,0.0,0.0,0.0
r_4745_REV,0.0,0.0,0.0,0.0,0.0,0.0
r_4745_FWD,4.0466264285961016,14.859971899362485,8.975808982717547,0.0,0.0,0.0
r_4746_REV,0.0,0.0,0.0,0.0,0.0,0.0
r_4746_FWD,0.0,0.0,0.0,0.0,0.0,0.0
r_4747_ENZ_YNR012W,0.0,0.0,0.0,0.0,0.0,0.0
r_4747_ENZ_YDR020C,0.0,0.0,0.0,0.0,0.0,0.0
r_4748_ENZ_YML070W,0.0,0.0,0.0,0.0,0.0,0.0
r_4748_ENZ_YFL053W,0.0,0.0,0.0,0.0,0.0,0.0
r_4749_ENZ_YLR209C_REV,4.0799071921285984e-05,7.487678982265322e-05,0.0,0.0001171775235598,4.033906100375795e-05,5.31237091036155e-05
r_4749_ENZ_YLR209C_FWD,0.0,0.0,0.0425221565117729,0.0,0.0,0.0
r_4750_ENZ_YBR019C_REV,0.0,0.0,0.0,0.0,0.0,0.0
r_4750_ENZ_YBR019C_FWD,0.0,0.0,0.0,0.0,0.0,0.0
r_4751_ENZ_YEL066W,0.0,0.0,0.0,0.0,0.0,0.0
r_4751_ENZ_YPR193C,0.0,0.0,0.0,0.0,0.0,0.0
r_4752_ENZ_YPR069C,0.0,0.0,0.0,0.0,0.0,0.0
r_4752_ENZ_YLR146C,0.0,0.0,0.0,0.0,0.0,0.0
r_4753_ENZ_YPL214C_REV,0.0,0.0,0.0,0.0,0.0,0.0
r_4753_ENZ_YPL214C_FWD,0.0,0.0,0.0,0.0,0.0,0.0
r_4754_ENZ_YDR538W_REV,0.0,0.0,0.0,0.0,0.0,0.0
r_4754_ENZ_YDR538W_FWD,0.0,0.0,0.0,0.0,0.0,0.0
r_4755_ENZ_YDL178W,0.0,0.0,0.0,0.0,0.0,0.0
r_4755_ENZ_YEL071W,0.0,0.0,0.0,0.0,0.0,0.0
r_4756_ENZ_YDR400W,0.0,0.0,0.0,0.0,0.0,0.0
r_4757_ENZ_YDR109C_REV,0.0,0.0,0.0,0.0,0.0,0.0
r_4757_ENZ_YDR109C_FWD,0.0,0.0,0.0,0.0,0.0,0.0
r_4758_ENZ_YLR209C_REV,0.0,0.0,0.0,0.0,0.0,0.0
r_4758_ENZ_YLR209C_FWD,0.0,0.0,0.0,0.0,0.0,0.0
r_4759_ENZ_YGL067W,0.0,0.0,0.0,0.0,0.0,0.0
r_4760_ENZ_YER023W_REV,0.0,0.0,0.0,0.0,0.0,0.0
r_4760_ENZ_YER023W_FWD,0.0,0.0,0.0,0.0,0.0,0.0
r_4761_ENZ_YJL060W,0.0,0.0,0.0,0.0,0.0,0.0
r_4762_ENZ_YDR036C_REV,0.0,0.0,0.0,0.0,0.0,0.0
r_4762_ENZ_YDR036C_FWD,0.0,0.0,0.0,0.0,0.0,0.0
r_4763_ENZ_YAL061W_REV,0.0,0.0,0.0,0.0,0.0,0.0
r_4763_ENZ_YAL061W_FWD,0.0,0.0,0.0,0.0,0.0,0.0
r_4763_ENZ_YAL060W_REV,0.0,0.0,0.0,0.0,0.0,0.0
r_4763_ENZ_YAL060W_FWD,0.0,0.0,0.0,0.0,0.0,0.0
r_4764_ENZ_YPR062W,0.0,0.0,0.0,0.0,0.0,0.0
r_4765_ENZ_YIR032C,0.0,0.0,0.0,0.0,0.0,0.0
r_4766_ENZ_YJL005W,0.0,0.0,0.0,0.0,0.0,0.0
r_4767_ENZ_YJL060W,0.0,0.0,0.0,0.0,0.0,0.0
r_4768_ENZ_YDR481C,0.0,0.0,0.0,0.0,0.0,0.0
r_4769_ENZ_YDR305C,0.0,0.0,0.0,0.0,0.0,0.0
r_4770_ENZ_YKL067W,0.0,0.0,0.0,0.0,0.0,0.0
r_4771_ENZ_YKL067W,0.0,0.0,0.0,0.0,0.0,0.0
r_4772_ENZ_YKL067W,0.0,0.0,0.0,0.0,0.0,0.0
r_4773_ENZ_YKL067W,0.0,0.0,0.0,0.0,0.0,0.0
r_4774_ENZ_YKL067W,0.0,0.0,0.0,0.0,0.0,0.0
r_4775_ENZ_YKL067W,0.0,0.0,0.0,0.0,0.0,0.0
r_4776_ENZ_YKL067W,0.0,0.0,0.0,0.0,0.0,0.0
r_4777_ENZ_YKL067W_REV,0.0,0.0,0.0,0.0,0.0,0.0
r_4777_ENZ_YKL067W_FWD,0.0,0.0,0.0,0.0,0.0,0.0
r_4778_ENZ_YKL067W_REV,0.0,0.0,0.0,0.0,0.0,0.0
r_4778_ENZ_YKL067W_FWD,0.0,0.0,0.0,0.0,0.0,0.0
r_4779_REV,0.0,0.0,0.0,0.0,0.0,2.79598459263072e-07
r_4779_FWD,0.0,0.0,0.0,0.0,0.0,0.0
r_4780,0.0,0.0,0.0,0.0,0.0,-2.79598459263072e-07
r_4781_ENZ_YGR144W,0.0,0.0,3.638526687575664e-07,7.400685722137601e-07,2.5477301767891097e-07,3.35518163830354e-07
r_4782_ENZ_YGR144W,0.0,0.0,3.638526687575664e-07,7.400685722137601e-07,2.5477301767891097e-07,3.35518163830354e-07
