tool,reaction,min_flux,max_flux
dlkcat,r_0001_ENZ_YDL174C_and_YEL039C,0.0,0.0009885632524692
dlkcat,r_0001_ENZ_YDL174C_and_YJR048W,0.0,0.0009933792646792
dlkcat,r_0001_ENZ_YEL039C_and_YEL071W,0.0,0.0012651085978969
dlkcat,r_0001_ENZ_YEL071W_and_YJR048W,0.0,0.0012651085918378
dlkcat,r_0002_ENZ_YDL178W_and_YEL039C,0.0,0.0009922370142803
dlkcat,r_0002_ENZ_YDL178W_and_YJR048W,0.0,0.0011984432532692
dlkcat,r_0003_ENZ_YAL060W_FWD,0.0,0.0
dlkcat,r_0003_ENZ_YAL060W_REV,0.0,0.0001874418706282
dlkcat,r_0004_ENZ_YEL039C_and_YML054C,0.0,0.000789953402538
dlkcat,r_0004_ENZ_YJR048W_and_YML054C,0.0,0.0008462725011533
dlkcat,r_0005_ENZ_YPR165W_and_YGR032W,0.0,0.2912861490580599
dlkcat,r_0005_ENZ_YPR165W_and_YLR342W,0.0,0.2912861490580616
dlkcat,r_0005_ENZ_YPR165W_and_YMR306W,0.0,0.2912861490580616
dlkcat,r_0006_ENZ_YGR143W,0.0,0.0973239826665718
dlkcat,r_0006_ENZ_YPR159W,0.0,0.0973239540159895
dlkcat,r_0007_ENZ_YIL020C,0.0300124086329596,0.0300464990306276
dlkcat,r_0012_ENZ_YHR037W,0.0,0.0001634045430176
dlkcat,r_0013_ENZ_YEL038W_and_YMR009W,7.48761521032204e-05,0.0001431604246295
dlkcat,r_0014_ENZ_YOL066C,0.000390144137107,0.0003940884927424
dlkcat,r_0015_ENZ_YBR153W,0.000390144137107,0.0003940884927424
dlkcat,r_0016_ENZ_YCL009C_and_YMR108W,0.0,0.0
dlkcat,r_0016_ENZ_YMR108W,0.0872306386161648,0.0873302576368021
dlkcat,r_0017_ENZ_YNL256W,0.0,2.4985130703944333e-05
dlkcat,r_0018_ENZ_YER152C_FWD,0.0,0.0
dlkcat,r_0018_ENZ_YER152C_REV,0.0,0.0
dlkcat,r_0018_ENZ_YGL202W_FWD,0.0,0.0
dlkcat,r_0018_ENZ_YGL202W_REV,0.0,0.0
dlkcat,r_0018_ENZ_YJL060W_FWD,0.1295558267326839,0.1295896886823209
dlkcat,r_0018_ENZ_YJL060W_REV,0.0,0.0
dlkcat,r_0019_ENZ_YHR063C,7.487615210333143e-05,9.974071245836066e-05
dlkcat,r_0020_ENZ_YBR249C,0.121393288602959,0.1222251203487972
dlkcat,r_0020_ENZ_YDR035W,0.0,0.0
dlkcat,r_0021_ENZ_YDR204W_and_YGR255C_and_YLR201C_and_YML110C_and_YOL096C_and_YOR125C,0.0,0.0
dlkcat,r_0022_ENZ_YDR204W_and_YGR255C_and_YLR201C_and_YML110C_and_YOL096C_and_YOR125C,0.0,0.0
dlkcat,r_0023_ENZ_YGL009C_FWD,0.0,0.0
dlkcat,r_0023_ENZ_YGL009C_REV,0.1341731312649088,0.1342325707991989
dlkcat,r_0024_ENZ_YNL104C,0.0,3.522157925783809e-05
dlkcat,r_0024_ENZ_YOR108W,0.0,3.522157937743687e-05
dlkcat,r_0025_ENZ_YNL104C,0.1341379096857078,0.1342463366884214
dlkcat,r_0026_ENZ_YGL202W,0.0,0.0001170361351425
dlkcat,r_0026_ENZ_YHR137W,0.0,0.0001292644052087
dlkcat,r_0026_ENZ_YHR208W,0.0,0.000108371898662
dlkcat,r_0026_ENZ_YJR148W,0.0,0.0001042318468084
dlkcat,r_0027_ENZ_YDR234W_FWD,0.1295558267326839,0.1295843707195575
dlkcat,r_0027_ENZ_YDR234W_REV,0.0,0.0
dlkcat,r_0028_ENZ_YPR001W,0.0,9.328402223984789e-05
dlkcat,r_0029,0.1341731312649656,0.1342227142693484
dlkcat,r_0030,0.0,0.0
dlkcat,r_0032_ENZ_YOL064C,0.0260006115172219,0.0260631346132775
dlkcat,r_0033_ENZ_YGL248W,0.0,7.106832463810164e-05
dlkcat,r_0033_ENZ_YOR360C,0.0,6.501915962875415e-05
dlkcat,r_0034_ENZ_YOR360C,0.0,-0.0
dlkcat,r_0035_ENZ_YOR360C,0.0,-0.0
dlkcat,r_0036_ENZ_YOR360C,0.0,0.0002893181208065
dlkcat,r_0037_ENZ_YOR360C,0.0,-0.0
dlkcat,r_0038_ENZ_YDR487C,0.000780288274214,0.0007881776250585
dlkcat,r_0039_ENZ_YDR127W,0.122060496957215,0.1222219957555179
dlkcat,r_0040_ENZ_YDR127W,0.1220593120817724,0.1222835057090254
dlkcat,r_0041_ENZ_YBR265W,0.0,0.0
dlkcat,r_0042_ENZ_YBR249C,0.0,0.0007362061427265
dlkcat,r_0042_ENZ_YDR035W,0.0,0.0004599467504501
dlkcat,r_0043_ENZ_YDR376W,0.0,0.0
dlkcat,r_0043_ENZ_YPL252C,0.0,0.0
dlkcat,r_0044_ENZ_YDR538W_and_YDR539W,0.0,0.0
dlkcat,r_0045_ENZ_YLR231C,0.002392095929967,0.002392568831982
dlkcat,r_0057_ENZ_YKR009C,0.0,2.3922541595193788e-05
dlkcat,r_0058_ENZ_YJR025C,0.0023920959299679,0.0023920959299679
dlkcat,r_0059_ENZ_YER175C,0.0,0.0
dlkcat,r_0060_ENZ_YGL009C_FWD,0.0,0.0
dlkcat,r_0060_ENZ_YGL009C_REV,0.1341731312649656,0.1342332697815458
dlkcat,r_0061_ENZ_YCL018W,0.1341731312649656,0.1342328736062163
dlkcat,r_0062_ENZ_YGR087C,0.0,2.9865742019796748e-05
dlkcat,r_0062_ENZ_YLR044C,0.0,2.9943773704466103e-05
dlkcat,r_0062_ENZ_YLR134W,0.0,7.261877808178996e-05
dlkcat,r_0063_ENZ_YBR176W,7.48761521032204e-05,9.47151738400824e-05
dlkcat,r_0064_ENZ_YDL080C,0.0,7.856329726455002e-05
dlkcat,r_0064_ENZ_YGR087C,0.0,7.856329726455002e-05
dlkcat,r_0064_ENZ_YLR044C,0.0,7.856329725355882e-05
dlkcat,r_0064_ENZ_YLR134W,0.0,6.115232474099286e-05
dlkcat,r_0065_ENZ_YDR127W,0.1220588391799593,0.1222112329067169
dlkcat,r_0066_ENZ_YNR033W,2.4984989901055688e-05,6.177836864140751e-05
dlkcat,r_0067_ENZ_YMR289W,2.498498990105916e-05,5.800186678883712e-05
dlkcat,r_0068_ENZ_YGR019W,0.0,0.0001377484038128
dlkcat,r_0069_ENZ_YCR053W,0.0,-0.0
dlkcat,r_0070,0.0,-0.0
dlkcat,r_0072_ENZ_YDL080C,0.0,6.403954051278915e-05
dlkcat,r_0073_ENZ_YLR410W,0.0,0.0
dlkcat,r_0073_ENZ_YOR163W,0.0,0.0
dlkcat,r_0074_ENZ_YDR017C,0.0,0.0
dlkcat,r_0075_ENZ_YLR017W,7.487615210188814e-05,0.0001289150843016
dlkcat,r_0076_ENZ_YER037W,0.0,0.0077354806394716
dlkcat,r_0076_ENZ_YGL224C,0.0,0.0025683186382537
dlkcat,r_0077_ENZ_YOR155C,0.0,0.0007067125186068
dlkcat,r_0078_ENZ_YER037W,0.0,0.0007438028753908
dlkcat,r_0078_ENZ_YGL224C,0.0,0.000706712518258
dlkcat,r_0079_ENZ_YGR061C,0.0403515704034056,0.0403783287329028
dlkcat,r_0080_ENZ_YGL125W,0.0,0.0782205958905087
dlkcat,r_0080_ENZ_YGL125W_and_YPL023C,0.0,0.0782469998701347
dlkcat,r_0081_ENZ_YDR232W,0.0,3.871680602443584e-05
dlkcat,r_0082_ENZ_YOR163W,0.0,0.0002043218753335
dlkcat,r_0083_ENZ_YDR017C,0.0,0.0002043218801244
dlkcat,r_0084_ENZ_YER183C,0.0,0.0
dlkcat,r_0085_ENZ_YER091C,0.0,-0.0
dlkcat,r_0086_ENZ_YJR024C,7.48761521032204e-05,0.0001431604246295
dlkcat,r_0087_ENZ_YPR118W_FWD,7.48761521032204e-05,0.000142518849195
dlkcat,r_0087_ENZ_YPR118W_REV,0.0,0.0
dlkcat,r_0088_ENZ_YLR410W_FWD,0.0,0.0
dlkcat,r_0088_ENZ_YLR410W_REV,0.0,0.0
dlkcat,r_0089_ENZ_YLR410W_FWD,0.0,0.0001367499231719
dlkcat,r_0089_ENZ_YLR410W_REV,0.0,9.999957230864084e-05
dlkcat,r_0090_ENZ_YIL107C,0.0,0.0004054981643974
dlkcat,r_0090_ENZ_YOL136C,0.0,0.0005697753983232
dlkcat,r_0091_ENZ_YGR248W,0.0,0.0
dlkcat,r_0091_ENZ_YHR163W,10.6420980086918,10.738697789546386
dlkcat,r_0092_ENZ_YLR410W,0.0,0.0
dlkcat,r_0092_ENZ_YOR163W,0.0,0.0
dlkcat,r_0093_ENZ_YDR017C,0.0,0.0
dlkcat,r_0094,0.0,-0.0
dlkcat,r_0095_ENZ_YGR087C,0.0,8.139732638245967e-05
dlkcat,r_0095_ENZ_YLR044C,0.0,0.0001114590485671
dlkcat,r_0095_ENZ_YLR134W,0.0,9.13285890584148e-05
dlkcat,r_0096_ENZ_YLR355C,0.2540260453239429,0.2541082978282818
dlkcat,r_0097_ENZ_YCL009C_and_YMR108W,0.0,0.0
dlkcat,r_0097_ENZ_YMR108W,0.254026045323943,0.2541032185359853
dlkcat,r_0099_ENZ_YKL192C_FWD,0.0,0.0
dlkcat,r_0099_ENZ_YKL192C_REV,0.0,0.0
dlkcat,r_0100_ENZ_YIL160C,0.0,2.9889629354989955e-05
dlkcat,r_0101_ENZ_YIL160C,0.0,7.050082802824894e-06
dlkcat,r_0102_ENZ_YIL160C,0.0,2.673843672473808e-05
dlkcat,r_0103_ENZ_YPL028W_FWD,0.0,0.0
dlkcat,r_0103_ENZ_YPL028W_REV,0.0,0.0002055731503533
dlkcat,r_0104_ENZ_YPL028W_FWD,0.087197057442524,0.087350557163277
dlkcat,r_0104_ENZ_YPL028W_REV,0.0,0.0
dlkcat,r_0105_ENZ_YIL160C,0.0,2.0562484981791865e-05
dlkcat,r_0106_ENZ_YIL160C,0.0,5.704951404061909e-06
dlkcat,r_0107_ENZ_YIL160C,0.0,5.927353298337823e-06
dlkcat,r_0108_ENZ_YMR207C,0.0,-0.0
dlkcat,r_0109_ENZ_YDL141W_and_YNR016C,0.4666255909053683,0.4666255909053683
dlkcat,r_0111_ENZ_YBL015W,0.0,0.0002864899055413
dlkcat,r_0112_ENZ_YAL054C,0.0,0.0
dlkcat,r_0112_ENZ_YLR153C,0.5660168688959665,0.5664937328805981
dlkcat,r_0113_ENZ_YAL054C,0.0,0.0002369724880537
dlkcat,r_0114_ENZ_YLR153C,0.0,0.0
dlkcat,r_0115_ENZ_YER069W,0.0727450085523798,0.0728016266005049
dlkcat,r_0116_ENZ_YAR071W,0.0,0.0
dlkcat,r_0116_ENZ_YBR092C,0.0,0.0
dlkcat,r_0116_ENZ_YBR093C,0.0,0.0
dlkcat,r_0116_ENZ_YHR215W,0.0,0.0
dlkcat,r_0117_ENZ_YPR002W_FWD,0.0,9.920644481689612e-05
dlkcat,r_0117_ENZ_YPR002W_REV,0.0,0.0
dlkcat,r_0118_ENZ_YOL140W,0.0727450085523798,0.0728016266005049
dlkcat,r_0119_ENZ_YPL148C,0.0,4.117787659296823e-06
dlkcat,r_0120_ENZ_YGL205W,0.0,4.938019344917803e-06
dlkcat,r_0121_ENZ_YGL205W,0.0,5.6567129437315455e-06
dlkcat,r_0122_ENZ_YGL205W,0.0,7.626811391977147e-06
dlkcat,r_0123_ENZ_YGL205W,0.0,2.7029606755657465e-05
dlkcat,r_0124_ENZ_YGL205W,0.0,2.988962932424892e-05
dlkcat,r_0125_ENZ_YGL205W,0.0,2.3893173494456597e-05
dlkcat,r_0126_ENZ_YCR048W_FWD,0.0,6.941117507830441e-05
dlkcat,r_0126_ENZ_YCR048W_REV,0.0,0.0
dlkcat,r_0127_ENZ_YCR048W,0.0039055474764689,0.0041108169903661
dlkcat,r_0127_ENZ_YNR019W,0.0,0.0
dlkcat,r_0128_ENZ_YCR048W_FWD,0.0,5.869373011114024e-05
dlkcat,r_0128_ENZ_YCR048W_REV,0.0,0.0
dlkcat,r_0129_ENZ_YCR048W,0.0,7.740469262675033e-05
dlkcat,r_0130_ENZ_YCR048W_FWD,0.0,7.266808133354896e-05
dlkcat,r_0130_ENZ_YCR048W_REV,0.0,0.0
dlkcat,r_0131_ENZ_YCR048W_FWD,0.0,6.9133369459351e-05
dlkcat,r_0131_ENZ_YCR048W_REV,0.0,0.0
dlkcat,r_0132_ENZ_YCR048W_FWD,0.0,0.0001518376275976
dlkcat,r_0132_ENZ_YCR048W_REV,0.0,0.0
dlkcat,r_0132_ENZ_YNR019W_FWD,0.0,6.644201068441112e-05
dlkcat,r_0132_ENZ_YNR019W_REV,0.0,0.0
dlkcat,r_0133_ENZ_YCR048W_FWD,0.0,5.31529503193795e-05
dlkcat,r_0133_ENZ_YCR048W_REV,0.0,0.0
dlkcat,r_0134_ENZ_YCR048W_FWD,0.0,0.0001794230821601
dlkcat,r_0134_ENZ_YCR048W_REV,0.0,0.0
dlkcat,r_0135_ENZ_YCR048W_FWD,0.0,6.408558280046606e-05
dlkcat,r_0135_ENZ_YCR048W_REV,0.0,0.0
dlkcat,r_0137_ENZ_YJL091C_FWD,0.0,0.0
dlkcat,r_0137_ENZ_YJL091C_REV,0.0,0.0
dlkcat,r_0138_ENZ_YNL141W,0.0,0.0003460684800606
dlkcat,r_0139_ENZ_YDR441C,0.0,0.0003037336729654
dlkcat,r_0139_ENZ_YML022W,0.0,0.0002893383969097
dlkcat,r_0140_ENZ_YNL141W,0.0,0.0003044323777015
dlkcat,r_0142_ENZ_YJR105W,0.0548785447219849,0.055633019775076
dlkcat,r_0143_ENZ_YML035C,0.0,0.0003457148061745
dlkcat,r_0144_ENZ_YER043C,0.0551802364788088,0.0553156847488185
dlkcat,r_0145_ENZ_YOL052C,7.48761521032204e-05,0.0001431604246295
dlkcat,r_0146_ENZ_YNR058W_FWD,0.0,0.0
dlkcat,r_0146_ENZ_YNR058W_REV,0.0,0.0
dlkcat,r_0147_ENZ_YJL005W,0.0,8.427134891197952e-05
dlkcat,r_0148_ENZ_YDL166C,2.7474473127548777,2.7482385656873243
dlkcat,r_0148_ENZ_YDR226W,0.0,0.0
dlkcat,r_0149_ENZ_YER170W,0.0,0.0002431731836454
dlkcat,r_0150_ENZ_YER170W_FWD,0.0,0.0002917788944887
dlkcat,r_0150_ENZ_YER170W_REV,0.0,0.0
dlkcat,r_0151_ENZ_YLR359W,0.0403546252669499,0.0403742926142586
dlkcat,r_0152_ENZ_YLR359W_FWD,0.0514525367015192,0.0518957676129023
dlkcat,r_0152_ENZ_YLR359W_REV,0.0,0.0
dlkcat,r_0153_ENZ_YNL220W,0.0514525367015263,0.0518957676133309
dlkcat,r_0154_ENZ_YKL001C,0.0260140708464306,0.0260602049723669
dlkcat,r_0155_ENZ_YGR247W,0.0,0.0
dlkcat,r_0156_ENZ_YFL030W,0.0,0.0002632657617502
dlkcat,r_0157_ENZ_YOR335C,0.2076876815789463,0.2076876815789463
dlkcat,r_0158_ENZ_YGR177C,0.0,4.032420506774881e-05
dlkcat,r_0158_ENZ_YOR377W,0.0,4.072807678406898e-05
dlkcat,r_0159_ENZ_YGR177C,0.0,6.726563590786494e-05
dlkcat,r_0159_ENZ_YOR377W,0.0,7.448769326334759e-05
dlkcat,r_0160_ENZ_YGR177C,0.0,3.754140368505965e-05
dlkcat,r_0160_ENZ_YOR377W,0.0,3.754140369219284e-05
dlkcat,r_0161_ENZ_YGR177C,0.0,2.3086687652065785e-05
dlkcat,r_0161_ENZ_YOR377W,0.0,2.337594379487468e-05
dlkcat,r_0162_ENZ_YGR177C,0.0,3.035620149796636e-05
dlkcat,r_0162_ENZ_YOR377W,0.0,2.851813972946926e-05
dlkcat,r_0163_ENZ_YMR303C,1.9333880644671533,2.0110602024664352
dlkcat,r_0164_ENZ_YDR368W,0.0,0.0
dlkcat,r_0164_ENZ_YHR104W,0.0,0.0
dlkcat,r_0165_ENZ_YGL256W,0.0,0.0
dlkcat,r_0165_ENZ_YMR083W,1.9334923013899896,2.016543415032638
dlkcat,r_0166_ENZ_YBR145W,0.0,7.662994117113575e-05
dlkcat,r_0166_ENZ_YDL168W,0.0,7.662994117113575e-05
dlkcat,r_0166_ENZ_YOL086C,0.0,7.701928633854771e-05
dlkcat,r_0167_ENZ_YGL256W,0.0,7.286988607604906e-05
dlkcat,r_0167_ENZ_YMR083W,0.0,7.31771713705226e-05
dlkcat,r_0168_ENZ_YCR105W,0.0,7.444181699875485e-05
dlkcat,r_0168_ENZ_YDR368W,0.0,7.073522774994623e-05
dlkcat,r_0168_ENZ_YMR318C,0.0,4.4056047662138775e-05
dlkcat,r_0169_ENZ_YBR145W,0.0,3.763670477084646e-05
dlkcat,r_0169_ENZ_YDL168W,0.0,3.763670479289893e-05
dlkcat,r_0169_ENZ_YOL086C,0.0,3.85467763147837e-05
dlkcat,r_0170_ENZ_YGL256W,0.0,4.055223978827183e-05
dlkcat,r_0170_ENZ_YMR083W,0.0,4.109898532227152e-05
dlkcat,r_0171_ENZ_YCR105W,0.0,5.128192903849915e-05
dlkcat,r_0171_ENZ_YMR318C,0.0,4.342596105515184e-05
dlkcat,r_0172_ENZ_YMR169C,0.0,0.0001414425786699
dlkcat,r_0172_ENZ_YMR170C,0.0,0.0001431604245911
dlkcat,r_0173_ENZ_YPL061W,0.5370174849174134,0.5406189487057391
dlkcat,r_0174_ENZ_YOR374W,0.0,0.0001612618979695
dlkcat,r_0175_ENZ_YER073W,0.0,0.0001507321165699
dlkcat,r_0175_ENZ_YOR374W,0.0,0.0001351810340984
dlkcat,r_0176_ENZ_YOR374W,0.0,0.0
dlkcat,r_0177_ENZ_YPL061W,0.0,0.0
dlkcat,r_0178_ENZ_YER073W,0.0,0.0
dlkcat,r_0178_ENZ_YOR374W,0.0,0.0
dlkcat,r_0179_ENZ_YBR145W,0.0,5.836128123112849e-05
dlkcat,r_0179_ENZ_YDL168W,0.0,5.988046640029165e-05
dlkcat,r_0179_ENZ_YOL086C,0.0,6.268890516258896e-05
dlkcat,r_0180_ENZ_YGL256W,0.0,5.592036624627039e-05
dlkcat,r_0180_ENZ_YMR083W,0.0,5.8627173602637805e-05
dlkcat,r_0181_ENZ_YCR105W,0.0,5.2176130246800456e-05
dlkcat,r_0181_ENZ_YMR318C,0.0,3.325866740286343e-05
dlkcat,r_0182_ENZ_YBR145W,0.0,3.184079996387812e-05
dlkcat,r_0182_ENZ_YDL168W,0.0,3.193765082709632e-05
dlkcat,r_0182_ENZ_YOL086C,0.0,3.193765083353562e-05
dlkcat,r_0183_ENZ_YGL256W,0.0,3.126384319829256e-05
dlkcat,r_0183_ENZ_YMR083W,0.0,4.411379056823428e-05
dlkcat,r_0184_ENZ_YCR105W,0.0,3.1412333190594666e-05
dlkcat,r_0184_ENZ_YMR318C,0.0,2.438433327711653e-05
dlkcat,r_0185_ENZ_YMR169C,0.0,0.0
dlkcat,r_0185_ENZ_YMR170C,0.0,0.0
dlkcat,r_0186_ENZ_YBR145W,0.0,3.096340188776803e-05
dlkcat,r_0186_ENZ_YDL168W,0.0,3.0963401888774174e-05
dlkcat,r_0186_ENZ_YOL086C,0.0,2.8884787081503996e-05
dlkcat,r_0187_ENZ_YGL256W,0.0,2.920590910073136e-05
dlkcat,r_0187_ENZ_YMR083W,0.0,2.6244622966960923e-05
dlkcat,r_0188_ENZ_YDR481C,0.0,2.498500022356902e-05
dlkcat,r_0189_ENZ_YIR029W_FWD,0.0,0.0
dlkcat,r_0189_ENZ_YIR029W_REV,0.0,0.0
dlkcat,r_0190_ENZ_YIR027C_FWD,0.0,0.0
dlkcat,r_0190_ENZ_YIR027C_REV,0.0,0.0
dlkcat,r_0191_ENZ_YBR208C,0.0,4.664144393830283e-05
dlkcat,r_0192_ENZ_YBR199W,0.0,0.0
dlkcat,r_0192_ENZ_YBR205W,0.0,0.0
dlkcat,r_0192_ENZ_YDR483W,0.0,0.0
dlkcat,r_0192_ENZ_YJL139C,0.0,0.0
dlkcat,r_0192_ENZ_YKR061W,0.0,0.0
dlkcat,r_0192_ENZ_YNL029C,0.0,0.0
dlkcat,r_0192_ENZ_YOR099W,0.0,0.0
dlkcat,r_0192_ENZ_YPL053C,0.0,0.0
dlkcat,r_0193_ENZ_YBR001C,0.0,0.0001513450940502
dlkcat,r_0193_ENZ_YPR026W,0.0,0.0001296054142588
dlkcat,r_0194_ENZ_YDR001C,0.0,0.0001612427027643
dlkcat,r_0195_ENZ_YBR126C_and_YDR074W_and_YML100W,0.0,0.054008843682304
dlkcat,r_0195_ENZ_YBR126C_and_YDR074W_and_YMR261C,0.0,0.0539993937708622
dlkcat,r_0198_ENZ_YBR299W,0.0,0.0
dlkcat,r_0198_ENZ_YGR287C,0.0,0.0
dlkcat,r_0198_ENZ_YGR292W,0.0,0.0
dlkcat,r_0198_ENZ_YIL172C,0.0,0.0
dlkcat,r_0198_ENZ_YJL216C,0.0,0.0
dlkcat,r_0198_ENZ_YJL221C,0.0,0.0
dlkcat,r_0199_ENZ_YDR242W,0.0,0.0
dlkcat,r_0199_ENZ_YMR293C,0.0,0.0
dlkcat,r_0200,0.0,0.0
dlkcat,r_0201_ENZ_YOR374W,0.0,0.0003518215314219
dlkcat,r_0202_ENZ_YDR354W,0.0152480905879581,0.0153646687598888
dlkcat,r_0203_ENZ_YER090W_and_YKL211C,0.0152480905879576,0.0152849258960227
dlkcat,r_0204_ENZ_YDR305C_FWD,0.0,0.0005240724719834
dlkcat,r_0204_ENZ_YDR305C_REV,0.0,0.0
dlkcat,r_0205_ENZ_YHR104W,0.0,0.0
dlkcat,r_0206_ENZ_YPL111W,0.0,6.278993725261639e-05
dlkcat,r_0207_ENZ_YHR018C_FWD,0.0727450085523315,0.0728077984896818
dlkcat,r_0207_ENZ_YHR018C_REV,0.0,0.0
dlkcat,r_0208_ENZ_YOL058W_FWD,0.0727450085523315,0.0728077984896818
dlkcat,r_0208_ENZ_YOL058W_REV,0.0,0.0
dlkcat,r_0209_ENZ_YDR341C,0.0727450085523798,0.0727456183151624
dlkcat,r_0210_ENZ_YHR091C,0.0,0.0
dlkcat,r_0211_ENZ_YGR124W,0.0460371357108475,0.0461574378809104
dlkcat,r_0211_ENZ_YPR145W,0.0,0.0
dlkcat,r_0212_ENZ_YHR019C,0.0460371357108475,0.046037518407682
dlkcat,r_0213_ENZ_YCR024C,0.0,0.0
dlkcat,r_0214_ENZ_YJL130C,0.0422731934822243,0.0422981845218169
dlkcat,r_0215_ENZ_YER052C,0.1126557614648896,0.1127758129427375
dlkcat,r_0216_ENZ_YLR027C_FWD,0.0,0.0
dlkcat,r_0216_ENZ_YLR027C_REV,0.5001510684497656,0.5005273502862955
dlkcat,r_0217_ENZ_YKL106W,0.0,0.0
dlkcat,r_0218_ENZ_YLR027C_FWD,0.0,1.285564030376466e-05
dlkcat,r_0218_ENZ_YLR027C_REV,0.0,3.811773392103923e-05
dlkcat,r_0219_ENZ_YDR158W,0.112655745901865,0.1127754845653476
dlkcat,r_0220_ENZ_YLL018C,0.1346710764005201,0.1346710764005201
dlkcat,r_0221_ENZ_YPL104W,0.0,0.0
dlkcat,r_0222_ENZ_YDR530C,0.0,0.0004147394223465
dlkcat,r_0223_ENZ_YCL050C,0.0,0.0
dlkcat,r_0224_ENZ_YCL050C,0.0,0.0
dlkcat,r_0225_ENZ_YER055C,0.0300124086329596,0.0300412241285103
dlkcat,r_0226_ENZ_Q0080_and_Q0085_and_Q0130_and_YBL099W_and_YBR039W_and_YDL004W_and_YDR298C_and_YDR377W_and_YJR121W_and_YKL016C_and_YLR295C_and_YML081C-A_and_YPL078C_and_YPL271W_and_YDR322C-A_and_YPR020W_and_YOL077W-A,29.86206605144567,29.915890190994748
dlkcat,r_0227_ENZ_YCR024C-A_and_YEL017C-A_and_YGL008C,0.0,0.0010336369247013
dlkcat,r_0227_ENZ_YCR024C-A_and_YEL017C-A_and_YPL036W,0.0,0.0010108136216686
dlkcat,r_0227_ENZ_YER005W,0.0,0.0004091834418238
dlkcat,r_0228_ENZ_YBR110W,0.0,0.0
dlkcat,r_0229_ENZ_YGR286C_FWD,0.0,0.0
dlkcat,r_0229_ENZ_YGR286C_REV,0.0,0.0
dlkcat,r_0230_ENZ_YDL141W,0.0,0.0
dlkcat,r_0231_ENZ_YNL280C,0.0145328429070873,0.0145407680278849
dlkcat,r_0233_ENZ_YMR015C,0.0,2.9743222214051457e-06
dlkcat,r_0234_ENZ_YGL001C,0.0145328403034281,0.0145401168547193
dlkcat,r_0235_ENZ_YGL001C,0.0145328429070873,0.0145369370527014
dlkcat,r_0236_ENZ_YLR100W,0.0145328429070873,0.0145369370527014
dlkcat,r_0237_ENZ_YLR100W,0.0145328429070873,0.0145369370527064
dlkcat,r_0238_ENZ_YGR060W,0.0145328429070873,0.0145369370527014
dlkcat,r_0239_ENZ_YGR060W,0.0145328429070873,0.0145369370527064
dlkcat,r_0240_ENZ_YGR060W,0.0145328429070873,0.0145369370527014
dlkcat,r_0241_ENZ_YGR060W,0.0145328429070873,0.0145369370527064
dlkcat,r_0242_ENZ_YLR056W,0.0,3.0033102436100023e-06
dlkcat,r_0243_ENZ_YMR202W,0.0,2.798793427094636e-06
dlkcat,r_0244_ENZ_YGL012W,0.0145328415419054,0.0145404874854787
dlkcat,r_0249_ENZ_YDL090C_and_YKL019W,0.0,0.0
dlkcat,r_0250_ENZ_YJL130C,0.1150178506293908,0.1150877396894089
dlkcat,r_0250_ENZ_YJR109C_and_YOR303W,0.0,0.0
dlkcat,r_0252_ENZ_YAR035W,0.0,9.801301585843358e-05
dlkcat,r_0252_ENZ_YER024W,0.0,0.0001073070496997
dlkcat,r_0253_ENZ_YML042W,0.0,4.8752214820591e-05
dlkcat,r_0254_ENZ_YML042W,0.0,0.0001176277373078
dlkcat,r_0255_ENZ_YGR088W,0.0,0.0002069913839785
dlkcat,r_0256_ENZ_YDR256C,0.0,1.6510377540830524e-05
dlkcat,r_0259_ENZ_YDR297W,0.0,0.0
dlkcat,r_0260_ENZ_YMR272C,0.0,0.0
dlkcat,r_0261_ENZ_YDR297W,0.0,0.0
dlkcat,r_0262_ENZ_YMR272C,0.0,0.0
dlkcat,r_0263_ENZ_YKL008C_and_YHL003C_and_YMR298W,0.0,0.0001171014454895
dlkcat,r_0264_ENZ_YKL008C_and_YHL003C_and_YMR298W,0.0,0.0002029822420177
dlkcat,r_0265_ENZ_YKL008C_and_YHL003C_and_YMR298W,0.0,0.000117100086451
dlkcat,r_0266_ENZ_YKL008C_and_YHL003C_and_YMR298W,0.0,0.0001170165103347
dlkcat,r_0267_ENZ_YMR272C,0.0,0.0
dlkcat,r_0268_ENZ_YMR272C,0.0,0.0
dlkcat,r_0269_ENZ_YMR272C,0.0,0.0
dlkcat,r_0270_ENZ_YMR272C,0.0,0.0
dlkcat,r_0271_ENZ_YLR307W,0.0,0.0
dlkcat,r_0271_ENZ_YLR308W,0.0,0.0
dlkcat,r_0272_ENZ_YBR023C,0.0,0.0093043468119526
dlkcat,r_0272_ENZ_YBR038W,0.0,0.0093043468119485
dlkcat,r_0272_ENZ_YNL192W,0.0,0.0093043468119485
dlkcat,r_0273_ENZ_YLR133W,0.0,6.186002169131233e-05
dlkcat,r_0274_ENZ_YGR202C,0.0,6.186002169131233e-05
dlkcat,r_0278_ENZ_YPR060C,0.1067862365039138,0.1069499207369193
dlkcat,r_0279_ENZ_YGL148W,0.1220593120817724,0.1222210380581595
dlkcat,r_0280_ENZ_YLR304C_FWD,0.0,0.0046840361160095
dlkcat,r_0280_ENZ_YLR304C_REV,0.0,0.0016102074513225
dlkcat,r_0281_ENZ_YBR002C,0.0,0.0
dlkcat,r_0281_ENZ_YMR101C,0.0,0.0
dlkcat,r_0282_ENZ_YBR002C,0.0,0.0
dlkcat,r_0282_ENZ_YMR101C,0.0,0.0
dlkcat,r_0283_ENZ_YBR002C,0.0,0.0
dlkcat,r_0283_ENZ_YMR101C,0.0,0.0
dlkcat,r_0284_ENZ_YBR002C,0.0,0.0
dlkcat,r_0284_ENZ_YMR101C,0.0,0.0
dlkcat,r_0285_ENZ_YBR002C,0.0,0.0
dlkcat,r_0285_ENZ_YMR101C,0.0,0.0
dlkcat,r_0286_ENZ_YBR002C,0.0,0.0
dlkcat,r_0286_ENZ_YMR101C,0.0,0.0
dlkcat,r_0287_ENZ_YBR002C,0.0,0.0
dlkcat,r_0287_ENZ_YMR101C,0.0,0.0
dlkcat,r_0288_ENZ_YBR002C,0.0,0.0
dlkcat,r_0288_ENZ_YMR101C,0.0,0.0
dlkcat,r_0289_ENZ_YBR002C,0.0,0.0
dlkcat,r_0289_ENZ_YMR101C,0.0,0.0
dlkcat,r_0290_ENZ_YBR002C,0.0,0.0
dlkcat,r_0290_ENZ_YMR101C,0.0,0.0
dlkcat,r_0291_ENZ_YBR002C,0.0,0.0
dlkcat,r_0291_ENZ_YMR101C,0.0,0.0
dlkcat,r_0292_ENZ_YBR002C,0.0,0.0
dlkcat,r_0292_ENZ_YMR101C,0.0,0.0
dlkcat,r_0293_ENZ_YBR002C,0.0,0.0
dlkcat,r_0293_ENZ_YMR101C,0.0,0.0
dlkcat,r_0294_ENZ_YBR002C_FWD,0.0,0.0
dlkcat,r_0294_ENZ_YBR002C_REV,0.0,0.0
dlkcat,r_0294_ENZ_YMR101C_FWD,0.0,0.0
dlkcat,r_0294_ENZ_YMR101C_REV,0.0,0.0
dlkcat,r_0295_ENZ_YBR002C_FWD,0.0,0.0
dlkcat,r_0295_ENZ_YBR002C_REV,0.0,0.0
dlkcat,r_0295_ENZ_YMR101C_FWD,0.0,0.0
dlkcat,r_0295_ENZ_YMR101C_REV,0.0,0.0
dlkcat,r_0296_ENZ_YBR002C,0.0,0.0
dlkcat,r_0296_ENZ_YMR101C,0.0,0.0
dlkcat,r_0297_ENZ_YBR002C,0.0,0.0
dlkcat,r_0297_ENZ_YMR101C,0.0,0.0
dlkcat,r_0298_ENZ_YBR002C,0.0,0.0
dlkcat,r_0298_ENZ_YMR101C,0.0,0.0
dlkcat,r_0299_ENZ_YBR002C,0.0,0.0
dlkcat,r_0299_ENZ_YMR101C,0.0,0.0
dlkcat,r_0300_ENZ_YNR001C,0.0,0.0
dlkcat,r_0300_ENZ_YPR001W,0.5452524585185603,0.5464101206679745
dlkcat,r_0301_ENZ_YCR005C,0.0,5.512903184884399e-05
dlkcat,r_0302_ENZ_YLR304C_FWD,0.0,0.0046840359976672
dlkcat,r_0302_ENZ_YLR304C_REV,0.0,0.00214574822927
dlkcat,r_0303_ENZ_YLR304C_FWD,0.0,0.0062515071088465
dlkcat,r_0303_ENZ_YLR304C_REV,0.0,0.0014577808176075
dlkcat,r_0304_ENZ_YDR044W,0.0,6.1130853266228025e-06
dlkcat,r_0306_ENZ_YBL039C,0.0,0.0007262229944873
dlkcat,r_0306_ENZ_YJR103W,0.0,0.0006860161908456
dlkcat,r_0307_ENZ_YBL039C,0.0,0.0249300362521829
dlkcat,r_0307_ENZ_YJR103W,0.0,0.0249229603791466
dlkcat,r_0308_ENZ_YFR055W,0.0,0.0002217980402844
dlkcat,r_0308_ENZ_YGL184C,0.0,0.0002090947283976
dlkcat,r_0309_ENZ_YGR155W,0.0030629309318526,0.0032327793740875
dlkcat,r_0310_ENZ_YAL012W,0.0030629309318526,0.003100924548304
dlkcat,r_0311_ENZ_YJR130C,0.0,3.799361645144982e-05
dlkcat,r_0312_ENZ_YLR303W,0.0,0.0
dlkcat,r_0313_ENZ_YNL247W,0.0029876606947508,0.0029876606947508
dlkcat,r_0314_ENZ_YLR245C,0.0,0.0072783602225214
dlkcat,r_0315_ENZ_YNR012W,0.0,0.0006130614432759
dlkcat,r_0317_ENZ_YHR007C_and_YHR042W,0.0145328429070873,0.0145397423036475
dlkcat,r_0318_ENZ_YPR062W,0.0,0.0071961100102901
dlkcat,r_0319_ENZ_YML086C,0.0,0.0
dlkcat,r_0320_ENZ_YMR041C,0.0,0.0
dlkcat,r_0321_ENZ_YBR149W,0.0,0.0
dlkcat,r_0322_ENZ_YKL060C_FWD,0.0,0.0
dlkcat,r_0322_ENZ_YKL060C_REV,0.0,0.0
dlkcat,r_0323_ENZ_YDL246C,0.0,0.0
dlkcat,r_0323_ENZ_YJR159W,0.0,0.0
dlkcat,r_0326_ENZ_YHR144C_FWD,0.0,0.0
dlkcat,r_0326_ENZ_YHR144C_REV,0.0009057032423103,0.0014962129835369
dlkcat,r_0327_ENZ_YHR144C,0.0,0.0005886813158068
dlkcat,r_0328_ENZ_YNL141W,0.0,0.0
dlkcat,r_0329_ENZ_YLR245C,0.0,0.0004940295871431
dlkcat,r_0330_ENZ_YDR454C_FWD,0.0,0.0003369101923781
dlkcat,r_0330_ENZ_YDR454C_REV,0.0003529122903933,0.0009458110654871
dlkcat,r_0331_ENZ_YHR068W,0.0,0.0
dlkcat,r_0332_ENZ_YCR036W,0.0,0.0
dlkcat,r_0334_ENZ_YDR196C,0.0,7.731123002109219e-05
dlkcat,r_0335_ENZ_YNR057C_FWD,0.0,0.0
dlkcat,r_0335_ENZ_YNR057C_REV,0.0,0.0
dlkcat,r_0340_ENZ_YPL087W_FWD,0.0,0.0
dlkcat,r_0340_ENZ_YPL087W_REV,0.0,0.0001388580177962
dlkcat,r_0341_ENZ_YPL087W_FWD,0.0,0.0
dlkcat,r_0341_ENZ_YPL087W_REV,0.0,0.0001714570300577
dlkcat,r_0342_ENZ_YPL087W,0.0,0.0008383027478184
dlkcat,r_0343_ENZ_YPL087W,0.0,0.0010821182771983
dlkcat,r_0344_ENZ_YOR236W,0.0014436909597295,0.0014651218759793
dlkcat,r_0345_ENZ_YOR236W,0.0,0.0
dlkcat,r_0346_ENZ_YMR113W,2.4984989901055688e-05,2.4984989901055688e-05
dlkcat,r_0347_ENZ_YNL256W,2.4984989901055688e-05,2.4984989901055688e-05
dlkcat,r_0348_ENZ_YDL100C,0.0,2.498518724018446e-05
dlkcat,r_0349_ENZ_YLR420W_FWD,0.0,0.0
dlkcat,r_0349_ENZ_YLR420W_REV,0.0422731759610724,0.0422970568366795
dlkcat,r_0350_ENZ_YNL256W,0.0,2.498516696742121e-05
dlkcat,r_0351_ENZ_YNL256W,0.0,2.4985130703944333e-05
dlkcat,r_0352_ENZ_YJR016C,0.2540260453239431,0.2541235515208829
dlkcat,r_0353_ENZ_YJR016C,0.0872306386161648,0.0873294933337931
dlkcat,r_0354_ENZ_YFL053W,0.0,0.0001163045382739
dlkcat,r_0354_ENZ_YML070W,0.0,0.0001129357000759
dlkcat,r_0355_ENZ_YJL167W,0.0290656858141746,0.0290768126204466
dlkcat,r_0356_ENZ_YKL152C_FWD,0.0,0.0
dlkcat,r_0356_ENZ_YKL152C_REV,0.0,0.0
dlkcat,r_0357_ENZ_YOR163W,0.0,0.0001594797669124
dlkcat,r_0358_ENZ_YDR017C,0.0,0.0001982799028841
dlkcat,r_0359_ENZ_YLR172C,0.0,-0.0
dlkcat,r_0360_ENZ_YMR013C,0.0,-0.0
dlkcat,r_0361_ENZ_YPR183W,0.2766634322686677,0.2766634322686677
dlkcat,r_0362_ENZ_YAL023C_and_YDL095W,0.0,0.2766654870318482
dlkcat,r_0362_ENZ_YDL093W,0.0,0.2766654870318502
dlkcat,r_0362_ENZ_YJR143C,0.0,0.2766654870318483
dlkcat,r_0362_ENZ_YOR321W,0.0,0.2766656390645458
dlkcat,r_0363_ENZ_YJR057W,0.0,0.0003717923330803
dlkcat,r_0364_ENZ_YBR252W,0.0,0.002732809109688
dlkcat,r_0364_ENZ_YJR069C,0.0,0.0027363023438509
dlkcat,r_0365_ENZ_YJR153W,0.0,0.0
dlkcat,r_0366_ENZ_YGR254W_FWD,0.0,0.0
dlkcat,r_0366_ENZ_YGR254W_REV,0.0,0.0
dlkcat,r_0366_ENZ_YHR174W_FWD,0.0,0.0
dlkcat,r_0366_ENZ_YHR174W_REV,0.0,0.0
dlkcat,r_0366_ENZ_YMR323W_FWD,0.0,7.2097883219157666e-12
dlkcat,r_0366_ENZ_YMR323W_REV,0.0,0.0
dlkcat,r_0366_ENZ_YOR393W_FWD,0.0,3.523163865072316
dlkcat,r_0366_ENZ_YOR393W_REV,0.0,0.0
dlkcat,r_0366_ENZ_YPL281C_FWD,0.0,3.5231638650666497
dlkcat,r_0366_ENZ_YPL281C_REV,0.0,0.0
dlkcat,r_0368_ENZ_YDR147W,0.0,0.0
dlkcat,r_0368_ENZ_YLR133W,0.0,0.0
dlkcat,r_0369_ENZ_YOR126C,0.0,1.505075407393086e-05
dlkcat,r_0370_ENZ_YDR261C,0.0,0.0
dlkcat,r_0370_ENZ_YGR282C,0.0,0.0
dlkcat,r_0370_ENZ_YLR300W,0.0,0.0
dlkcat,r_0370_ENZ_YNR067C,0.0,0.0
dlkcat,r_0370_ENZ_YOR190W,0.0,0.0
dlkcat,r_0373_ENZ_YPL069C,0.0,0.0
dlkcat,r_0399_ENZ_YER015W_FWD,0.0,9.546927033277086e-05
dlkcat,r_0399_ENZ_YER015W_REV,0.0,5.439974246124191e-06
dlkcat,r_0400_ENZ_YER015W_FWD,0.0,9.548709029605362e-05
dlkcat,r_0400_ENZ_YER015W_REV,0.0,5.787759306485896e-05
dlkcat,r_0402_ENZ_YER015W_FWD,0.0,8.876063621787722e-05
dlkcat,r_0402_ENZ_YER015W_REV,0.0,5.5276375128882754e-05
dlkcat,r_0410_ENZ_YER015W_FWD,0.0,0.0001038397438763
dlkcat,r_0410_ENZ_YER015W_REV,0.0,5.936715997831959e-06
dlkcat,r_0412_ENZ_YER015W_FWD,0.0,8.708807107238314e-05
dlkcat,r_0412_ENZ_YER015W_REV,0.0,5.9237893618539296e-05
dlkcat,r_0436_ENZ_YOR176W,0.0,4.3715250882457394e-06
dlkcat,r_0437_ENZ_YEL039C_and_YKR066C,0.0,0.0
dlkcat,r_0437_ENZ_YJR048W_and_YKR066C,0.0,0.0
dlkcat,r_0438_ENZ_Q0045_and_Q0250_and_Q0275_and_YDL067C_and_YEL039C_and_YGL187C_and_YGL191W_and_YHR051W_and_YIL111W_and_YLR038C_and_YLR395C_and_YMR256C,0.0,47.37344837701325
dlkcat,r_0438_ENZ_Q0045_and_Q0250_and_Q0275_and_YDL067C_and_YEL039C_and_YGL187C_and_YGL191W_and_YHR051W_and_YLR038C_and_YLR395C_and_YMR256C_and_YNL052W,0.0,47.37302796033554
dlkcat,r_0438_ENZ_Q0045_and_Q0250_and_Q0275_and_YDL067C_and_YGL187C_and_YGL191W_and_YHR051W_and_YIL111W_and_YJR048W_and_YLR038C_and_YLR395C_and_YMR256C,0.0,47.37455102255752
dlkcat,r_0438_ENZ_Q0045_and_Q0250_and_Q0275_and_YDL067C_and_YGL187C_and_YGL191W_and_YHR051W_and_YJR048W_and_YLR038C_and_YLR395C_and_YMR256C_and_YNL052W,0.0,47.3745510225558
dlkcat,r_0438_ENZ_Q0045_and_Q0250_and_Q0275_and_YDL067C_and_YHR116W_and_YDR231C_and_YGR062C_and_YJL003W_and_YPL132W_and_YLL018C-A,0.0,47.37455102255598
dlkcat,r_0439_ENZ_Q0105_and_YBL045C_and_YDR529C_and_YEL024W_and_YEL039C_and_YFR033C_and_YGR183C_and_YHR001W-A_and_YJL166W_and_YOR065W_and_YPR191W,0.0,23.68647826045252
dlkcat,r_0439_ENZ_Q0105_and_YBL045C_and_YDR529C_and_YEL024W_and_YFR033C_and_YGR183C_and_YHR001W-A_and_YJL166W_and_YJR048W_and_YOR065W_and_YPR191W,0.0,23.68647826045315
dlkcat,r_0440_ENZ_YDL045C,0.0,3.940853696369803e-06
dlkcat,r_0441_ENZ_YLR011W,0.0,0.0004169764815694
dlkcat,r_0442_ENZ_YLR011W,0.0,0.0004449951104537
dlkcat,r_0443_ENZ_YDL168W,0.0,-0.0
dlkcat,r_0445_ENZ_YOR388C,0.0,0.0662439347183936
dlkcat,r_0446_ENZ_YGR204W,0.0181742525726456,0.0187103982990479
dlkcat,r_0447_ENZ_YBR084W_FWD,0.0,0.0
dlkcat,r_0447_ENZ_YBR084W_REV,0.0,0.0658971378760924
dlkcat,r_0448_ENZ_YJL155C,0.0,0.0005527808140186
dlkcat,r_0448_ENZ_YLR345W,0.0,0.0005895517926597
dlkcat,r_0449_ENZ_YLR377C,0.0,0.0004269486716141
dlkcat,r_0450_ENZ_YKL060C_FWD,0.1545150150373787,0.2239560169256521
dlkcat,r_0450_ENZ_YKL060C_REV,0.0,0.0
dlkcat,r_0451_ENZ_YPL262W_FWD,0.0,0.0010882067202793
dlkcat,r_0451_ENZ_YPL262W_REV,0.0,4.338470531425553e-05
dlkcat,r_0452_ENZ_YPL262W_FWD,0.1642081864499413,0.1650170019990249
dlkcat,r_0452_ENZ_YPL262W_REV,0.0,0.0
dlkcat,r_0453_ENZ_YKL216W,0.0422728420771553,0.0423054234664728
dlkcat,r_0454_ENZ_YEL047C_FWD,0.0,0.000359728588766
dlkcat,r_0454_ENZ_YEL047C_REV,0.0,0.0003557354612698
dlkcat,r_0455_ENZ_YEL047C_FWD,0.0,3.94089094885117e-06
dlkcat,r_0455_ENZ_YEL047C_REV,0.0,0.0
dlkcat,r_0457_ENZ_YLR299W,0.0,0.0
dlkcat,r_0458_ENZ_YBR020W,0.0,-0.0
dlkcat,r_0459_ENZ_YBR018C,0.0,1000.0
dlkcat,r_0460_ENZ_YJL101C,0.0,3.9359770529490135e-05
dlkcat,r_0461,0.0,0.0
dlkcat,r_0462_ENZ_YJL167W,0.0290656858141746,0.0290768126204466
dlkcat,r_0463_ENZ_YPR184W,0.0,0.0002891822652805
dlkcat,r_0464_ENZ_YIL099W,0.0,0.000268175972
dlkcat,r_0465,0.0,1.903510247824869e-05
dlkcat,r_0466_ENZ_YNL241C,10.616713291634412,10.738807425763351
dlkcat,r_0467_ENZ_YBR196C_FWD,0.0,0.0
dlkcat,r_0467_ENZ_YBR196C_REV,6.46481828557305,6.558121181338659
dlkcat,r_0468_ENZ_YDR300C,0.0744919144200854,0.0746938479878332
dlkcat,r_0469_ENZ_YMR250W,0.0,0.000139139863491
dlkcat,r_0470_ENZ_YDL215C,0.0,0.0002031547007964
dlkcat,r_0471_ENZ_YAL062W,0.0,0.0
dlkcat,r_0471_ENZ_YOR375C,2.141893122868417,2.168062244525536
dlkcat,r_0472_ENZ_YDL171C,0.0,0.0001328205426126
dlkcat,r_0473_ENZ_YOR323C,0.0744965246703611,0.074702595896613
dlkcat,r_0475_ENZ_YFL060C,0.0,0.0006206490758052
dlkcat,r_0475_ENZ_YNL334C,0.0,0.0005823226435916
dlkcat,r_0476_ENZ_YPR035W,0.365364007119795,0.3660897160340575
dlkcat,r_0477_ENZ_YKL104C,0.0093043468119242,0.0093267808455855
dlkcat,r_0478_ENZ_YOR168W,0.0477120377830996,0.0477124658494158
dlkcat,r_0479_ENZ_YGL245W,0.1366188075597297,0.1366188075597297
dlkcat,r_0480_ENZ_YOL033W,0.0,0.0
dlkcat,r_0481_ENZ_YCL035C_and_YPL091W,0.0,0.0002589900726834
dlkcat,r_0481_ENZ_YDR098C_and_YPL091W,0.0,0.0002419165820213
dlkcat,r_0481_ENZ_YDR513W_and_YPL091W,0.0,0.0002581502995384
dlkcat,r_0481_ENZ_YER174C_and_YPL091W,0.0,0.0002581502995371
dlkcat,r_0482_ENZ_YPL059W_and_YPL091W,0.0,0.0
dlkcat,r_0483_ENZ_YBR244W,0.0,0.000217929146121
dlkcat,r_0483_ENZ_YCL035C,0.0,0.0002581739769844
dlkcat,r_0483_ENZ_YDR513W,0.0,0.0003075804201584
dlkcat,r_0483_ENZ_YIR037W,0.0,0.0002972964506657
dlkcat,r_0483_ENZ_YKL026C,0.0,0.000302858301115
dlkcat,r_0483_ENZ_YNL229C,0.0,0.0002581502995345
dlkcat,r_0484_ENZ_YPL059W,0.0,0.0
dlkcat,r_0485_ENZ_YOL049W,0.0,3.9359770529490135e-05
dlkcat,r_0486_ENZ_YGR192C_FWD,0.0,0.0
dlkcat,r_0486_ENZ_YGR192C_REV,0.0,0.0
dlkcat,r_0486_ENZ_YJL052W_FWD,0.0,0.0
dlkcat,r_0486_ENZ_YJL052W_REV,0.0,0.0
dlkcat,r_0486_ENZ_YJR009C_FWD,3.8155153162233626,3.8427082497416833
dlkcat,r_0486_ENZ_YJR009C_REV,0.0,0.0
dlkcat,r_0487_ENZ_YOR120W,0.0,9.39472436609634e-05
dlkcat,r_0488_ENZ_YHL032C,0.0,1.7222998487556595e-05
dlkcat,r_0489_ENZ_YER062C,0.0,0.0002392442365891
dlkcat,r_0489_ENZ_YIL053W,0.0,0.0002610712277455
dlkcat,r_0490_ENZ_YIL155C,0.0,0.0003514885124706
dlkcat,r_0491_ENZ_YDL022W,0.0,0.0006360731742883
dlkcat,r_0491_ENZ_YOL059W,0.0,0.0060489051532918
dlkcat,r_0492_ENZ_YOL059W,0.0038672325327348,0.0109586190364985
dlkcat,r_0497_ENZ_YPL110C,0.0,3.702709431033179e-05
dlkcat,r_0499_ENZ_YDR408C,0.0403515704034056,0.0403783287329028
dlkcat,r_0500,0.0,0.0
dlkcat,r_0501_ENZ_YAL044C_and_YDR019C_and_YFL018C_and_YMR189W,0.0,0.0329860069646856
dlkcat,r_0502_ENZ_YLR058C_FWD,0.1714972791621513,0.1720218471817745
dlkcat,r_0502_ENZ_YLR058C_REV,0.0,0.00020638162443
dlkcat,r_0503_ENZ_YBR263W_FWD,6.125410787325371e-05,0.0262314431134391
dlkcat,r_0503_ENZ_YBR263W_REV,0.0,0.0
dlkcat,r_0504_ENZ_YAL044C_and_YDR019C_and_YFL018C_and_YMR189W,0.0,0.0008922398813299
dlkcat,r_0505_ENZ_YAL044C_and_YDR019C_and_YFL018C_and_YMR189W,0.0,0.0016299991232404
dlkcat,r_0505_ENZ_YDR148C_and_YFL018C_and_YIL125W,0.0,0.0011452739869799
dlkcat,r_0506_ENZ_YAL044C_and_YDR019C_and_YFL018C_and_YMR189W,0.0,0.025934496902125
dlkcat,r_0507_ENZ_YAL044C_and_YDR019C_and_YFL018C_and_YMR189W,0.0,0.0322803055526415
dlkcat,r_0508_ENZ_YAL044C_and_YDR019C_and_YFL018C_and_YMR189W,0.0,0.0322803055526415
dlkcat,r_0509_ENZ_YAL044C_and_YDR019C_and_YFL018C_and_YMR189W,0.0,0.0008922357197232
dlkcat,r_0510_ENZ_YFR015C_and_YJL137C,0.0,0.1411780034740575
dlkcat,r_0510_ENZ_YFR015C_and_YKR058W,0.0,0.1411761353474558
dlkcat,r_0510_ENZ_YJL137C_and_YLR258W,0.0,0.1411761337293368
dlkcat,r_0510_ENZ_YKR058W_and_YLR258W,0.0,0.1412147706976467
dlkcat,r_0511_ENZ_YPR160W,0.0,0.0007066981308411
dlkcat,r_0512_ENZ_YBR121C,0.0,0.1314581866305259
dlkcat,r_0512_ENZ_YPR081C,0.0,0.1314582201700551
dlkcat,r_0514_ENZ_YMR217W,0.018911442334846,0.0190043745304848
dlkcat,r_0518_ENZ_YMR281W_FWD,0.0,0.0
dlkcat,r_0518_ENZ_YMR281W_REV,0.0,0.0
dlkcat,r_0519_ENZ_YCL052C_and_YJR013W_FWD,0.0,0.0
dlkcat,r_0519_ENZ_YCL052C_and_YJR013W_REV,0.0,0.0
dlkcat,r_0520_ENZ_YKL165C_FWD,0.0,0.0
dlkcat,r_0520_ENZ_YKL165C_REV,0.0,0.0
dlkcat,r_0521_ENZ_YBR004C_FWD,0.0,0.0
dlkcat,r_0521_ENZ_YBR004C_REV,0.0,0.0
dlkcat,r_0522_ENZ_YGL142C_FWD,0.0,0.0
dlkcat,r_0522_ENZ_YGL142C_REV,0.0,0.0
dlkcat,r_0523_ENZ_YDR302W_FWD,0.0,0.0
dlkcat,r_0523_ENZ_YDR302W_REV,0.0,0.0
dlkcat,r_0523_ENZ_YLL031C_FWD,0.0,0.0
dlkcat,r_0523_ENZ_YLL031C_REV,0.0,0.0
dlkcat,r_0524_ENZ_YGR267C,2.4984989901055688e-05,2.4985073365186327e-05
dlkcat,r_0525_ENZ_YBL033C,0.000390144137107,0.0003940884927424
dlkcat,r_0526_ENZ_YDL238C,0.0,9.293219564823764e-05
dlkcat,r_0527_ENZ_YDR399W,0.0,0.0002121958774671
dlkcat,r_0528_ENZ_YDR454C,0.0,0.0033487582040129
dlkcat,r_0529_ENZ_YDR454C_FWD,0.0,0.001748209997034
dlkcat,r_0529_ENZ_YDR454C_REV,0.0,0.0017482503301282
dlkcat,r_0530_ENZ_YDR376W_and_YPL252C,0.0,4.98610531973562e-06
dlkcat,r_0530_ENZ_YER141W,0.0,4.986105319569085e-06
dlkcat,r_0531_ENZ_YPL172C,0.0,6.167106086998192e-06
dlkcat,r_0532_ENZ_YDR204W_and_YGR255C_and_YLR201C_and_YML110C_and_YOL096C_and_YOR125C,0.0,0.0
dlkcat,r_0533_ENZ_YFR053C,0.0,0.0
dlkcat,r_0533_ENZ_YGL253W,0.0,0.0
dlkcat,r_0533_ENZ_YLR446W,0.0,0.0
dlkcat,r_0534_ENZ_YCL040W,0.0,4.821094505131722
dlkcat,r_0534_ENZ_YDR516C,0.0,4.8210890684437935
dlkcat,r_0534_ENZ_YFR053C,0.0,4.821089068443815
dlkcat,r_0534_ENZ_YGL253W,0.0,4.8210890684437935
dlkcat,r_0534_ENZ_YLR446W,0.0,4.821089068443835
dlkcat,r_0535_ENZ_YFR053C,0.0,0.0
dlkcat,r_0535_ENZ_YGL253W,0.0,0.0
dlkcat,r_0535_ENZ_YLR446W,0.0,0.0
dlkcat,r_0536_ENZ_YCL030C,0.0300124086329596,0.0300412738499612
dlkcat,r_0537_ENZ_YFR025C,0.0300124086329596,0.0300464990306276
dlkcat,r_0538_ENZ_YIL116W,0.0300124086329596,0.0300464990306276
dlkcat,r_0539_ENZ_YPR033C,0.03001240863323,0.0300126602030646
dlkcat,r_0540_ENZ_YPR033C,0.0,0.0
dlkcat,r_0541_ENZ_YBR034C,0.0,0.0
dlkcat,r_0542_ENZ_YDR234W_FWD,0.0,0.0
dlkcat,r_0542_ENZ_YDR234W_REV,0.0,0.0
dlkcat,r_0542_ENZ_YJL200C_FWD,0.1295558267326839,0.1295919113455168
dlkcat,r_0542_ENZ_YJL200C_REV,0.0,0.0
dlkcat,r_0543_ENZ_YDL131W,0.0,0.0
dlkcat,r_0543_ENZ_YDL182W,0.0,0.0
dlkcat,r_0544_ENZ_YLL062C,0.0,0.0001000117969821
dlkcat,r_0544_ENZ_YPL273W,0.0,0.0001104684919828
dlkcat,r_0545_ENZ_YIL094C,0.1295558267326839,0.1295896886812066
dlkcat,r_0546_ENZ_YJR139C,0.0,0.1128069075022051
dlkcat,r_0547_ENZ_YJR139C,0.0,0.1127989428085641
dlkcat,r_0548_ENZ_YHR025W,0.0866421635198051,0.0867834733886032
dlkcat,r_0549_ENZ_YNL277W,0.0260135979444158,0.0260659609349458
dlkcat,r_0550_ENZ_YDR453C_and_YGR209C,0.0,0.0002989910034507
dlkcat,r_0550_ENZ_YDR453C_and_YLR043C,0.0,0.0002991618690959
dlkcat,r_0551_ENZ_YBL064C_and_YCR083W,0.0,0.0
dlkcat,r_0552_ENZ_YGR209C_and_YLR109W,0.0,4.402119877767853e-05
dlkcat,r_0552_ENZ_YLR043C_and_YLR109W,0.0,4.5327257261111e-05
dlkcat,r_0553_ENZ_YDR272W,0.0,0.0156261846457531
dlkcat,r_0554_ENZ_YOR040W,0.0,-0.0
dlkcat,r_0555_ENZ_YNR041C,0.0,0.0
dlkcat,r_0556_ENZ_YPL214C,0.0,9.847611682900492e-05
dlkcat,r_0557_ENZ_YDL205C,0.0,6.1130853266228025e-06
dlkcat,r_0558_ENZ_YLR450W,0.0,0.0
dlkcat,r_0558_ENZ_YML075C,0.087197057442524,0.087341550247193
dlkcat,r_0560_ENZ_YML126C,0.0871982396975162,0.0873504509583803
dlkcat,r_0561_ENZ_YOL055C,0.0,9.14755182810436e-05
dlkcat,r_0561_ENZ_YPL258C,0.0,8.893498454156772e-05
dlkcat,r_0561_ENZ_YPR121W,0.0,9.147556502474309e-05
dlkcat,r_0562_ENZ_YDR399W,0.0,0.0002087925282495
dlkcat,r_0563_ENZ_YBR248C,0.0300124086329596,0.0300464990306276
dlkcat,r_0564_ENZ_YOR202W,0.0300124086329596,0.0300464990306276
dlkcat,r_0565_ENZ_YHR216W,0.0,0.0189339510765788
dlkcat,r_0565_ENZ_YLR432W,0.0,0.0189349879979555
dlkcat,r_0565_ENZ_YML056C,0.0,0.0189349879979648
dlkcat,r_0566_ENZ_YKL211C,0.0152480905879581,0.0153646687598888
dlkcat,r_0567_ENZ_YGR087C,0.0,3.683530780657085e-05
dlkcat,r_0567_ENZ_YLR044C,0.0,3.631237763883008e-05
dlkcat,r_0567_ENZ_YLR134W,0.0,3.631237762603476e-05
dlkcat,r_0568_ENZ_YBR011C,2.798817258443245,2.80132089348252
dlkcat,r_0569_ENZ_YMR267W,0.0,8.01334354747496e-05
dlkcat,r_0570_ENZ_YLR028C_FWD,0.0,0.0704006745021844
dlkcat,r_0570_ENZ_YLR028C_REV,0.0,0.0
dlkcat,r_0570_ENZ_YMR120C_FWD,0.0,0.0703954586819602
dlkcat,r_0570_ENZ_YMR120C_REV,0.0,0.0
dlkcat,r_0571_ENZ_YDR315C,0.0,0.0001000525199059
dlkcat,r_0572_ENZ_YDR173C,0.0,0.0
dlkcat,r_0573_ENZ_YDR173C,0.0,0.0
dlkcat,r_0574_ENZ_YDR173C,0.0,0.0
dlkcat,r_0575_ENZ_YDR173C,0.0,0.0
dlkcat,r_0596_ENZ_YER019W,0.0,0.0
dlkcat,r_0597_ENZ_YER019W,0.0,0.0
dlkcat,r_0598_ENZ_YER019W,0.0,0.0
dlkcat,r_0599_ENZ_YER019W,0.0,0.0
dlkcat,r_0600_ENZ_YER019W,0.0,0.0
dlkcat,r_0601_ENZ_YER019W,0.0,0.0
dlkcat,r_0602_ENZ_YER019W,0.0,0.0
dlkcat,r_0603_ENZ_YER019W,0.0,0.0
dlkcat,r_0604_ENZ_YER019W,0.0,0.0
dlkcat,r_0605_ENZ_YER019W,0.0,0.0
dlkcat,r_0606_ENZ_YER019W,0.0,0.0
dlkcat,r_0607_ENZ_YER019W,0.0,0.0
dlkcat,r_0608_ENZ_YER019W,0.0,0.0
dlkcat,r_0609_ENZ_YER019W,0.0,0.0
dlkcat,r_0610_ENZ_YER019W,0.0,0.0
dlkcat,r_0611_ENZ_YER019W,0.0,0.0
dlkcat,r_0612_ENZ_YER019W,0.0,0.0
dlkcat,r_0613_ENZ_YER019W,0.0,0.0
dlkcat,r_0614_ENZ_YER019W,0.0,0.0
dlkcat,r_0615_ENZ_YER019W,0.0,0.0
dlkcat,r_0616_ENZ_YER019W,0.0,-0.0
dlkcat,r_0617_ENZ_YER019W,0.0,-0.0
dlkcat,r_0618_ENZ_YER019W,0.0,-0.0
dlkcat,r_0619_ENZ_YER019W,0.0,-0.0
dlkcat,r_0620_ENZ_YER019W,0.0,-0.0
dlkcat,r_0621_ENZ_YER019W,0.0,-0.0
dlkcat,r_0622_ENZ_YER019W,0.0,-0.0
dlkcat,r_0623_ENZ_YER019W,0.0,-0.0
dlkcat,r_0624_ENZ_YER019W,0.0,-0.0
dlkcat,r_0625_ENZ_YER019W,0.0,-0.0
dlkcat,r_0626_ENZ_YER019W,0.0,-0.0
dlkcat,r_0627_ENZ_YER019W,0.0,-0.0
dlkcat,r_0628_ENZ_YER019W,0.0,-0.0
dlkcat,r_0629_ENZ_YER019W,0.0,-0.0
dlkcat,r_0630_ENZ_YER019W,0.0,-0.0
dlkcat,r_0631_ENZ_YER019W,0.0,-0.0
dlkcat,r_0632_ENZ_YER019W,0.0,-0.0
dlkcat,r_0633_ENZ_YER019W,0.0,-0.0
dlkcat,r_0634_ENZ_YER019W,0.0,-0.0
dlkcat,r_0635_ENZ_YER019W,0.0,-0.0
dlkcat,r_0636_ENZ_YER019W,0.0,-0.0
dlkcat,r_0637_ENZ_YER019W,0.0,-0.0
dlkcat,r_0638_ENZ_YER019W,0.0,-0.0
dlkcat,r_0639_ENZ_YER019W,0.0,-0.0
dlkcat,r_0640_ENZ_YER019W,0.0,-0.0
dlkcat,r_0641_ENZ_YER019W,0.0,-0.0
dlkcat,r_0642_ENZ_YER019W,0.0,-0.0
dlkcat,r_0643_ENZ_YER019W,0.0,-0.0
dlkcat,r_0644_ENZ_YER019W,0.0,-0.0
dlkcat,r_0645_ENZ_YER019W,0.0,-0.0
dlkcat,r_0646_ENZ_YER019W,0.0,0.000108064001582
dlkcat,r_0647_ENZ_YER019W,0.0,0.0001080985432531
dlkcat,r_0648_ENZ_YER019W,0.0,0.0001080981984255
dlkcat,r_0649_ENZ_YER019W,0.0,0.0001080981759057
dlkcat,r_0650_ENZ_YER019W,0.0,0.0001069530277062
dlkcat,r_0651_ENZ_YER019W,0.0,0.0001069530277062
dlkcat,r_0652_ENZ_YER019W,0.0,0.0001081450543545
dlkcat,r_0653_ENZ_YER019W,0.0,0.0001081450273275
dlkcat,r_0654_ENZ_YER019W,0.0,0.0001081450543512
dlkcat,r_0655_ENZ_YER019W,0.0,0.0001081450003005
dlkcat,r_0656_ENZ_YOR126C,0.0,9.447614990040765e-06
dlkcat,r_0657_ENZ_YOR126C,0.0,5.972025006850679e-06
dlkcat,r_0658_ENZ_YNL037C_and_YOR136W,0.1971622450850491,0.2494848179165176
dlkcat,r_0659_ENZ_YLR174W_FWD,0.0,0.0049467989065574
dlkcat,r_0659_ENZ_YLR174W_REV,0.0,0.0005231522700134
dlkcat,r_0661_ENZ_YNL009W,0.0,8.95660931217947e-06
dlkcat,r_0662_ENZ_YER065C,0.0,0.0002287677848837
dlkcat,r_0663_ENZ_YJR148W_FWD,0.0,0.0
dlkcat,r_0663_ENZ_YJR148W_REV,0.0871480351411521,0.0872879888825722
dlkcat,r_0664_ENZ_YHR208W_FWD,0.0,0.0
dlkcat,r_0664_ENZ_YHR208W_REV,0.0,8.966882623392958e-05
dlkcat,r_0665_ENZ_YBL076C,0.0872306386161648,0.0872306386161648
dlkcat,r_0666_ENZ_YPL040C,0.0,0.0
dlkcat,r_0667_ENZ_YPL117C_FWD,0.0290656858141746,0.0290801607886197
dlkcat,r_0667_ENZ_YPL117C_REV,0.0,0.0
dlkcat,r_0668_ENZ_YGR244C_and_YOR142W_FWD,0.0,0.0
dlkcat,r_0668_ENZ_YGR244C_and_YOR142W_REV,0.0,0.0
dlkcat,r_0669_ENZ_YLR355C,0.0872306386161648,0.0873014842636067
dlkcat,r_0670_ENZ_YLR231C,0.0,9.055076001046602e-05
dlkcat,r_0671_ENZ_YBL098W,0.0023920959299673,0.0023920959299673
dlkcat,r_0672_ENZ_YHR037W_FWD,0.0,0.0
dlkcat,r_0672_ENZ_YHR037W_REV,0.0,0.0001521233063773
dlkcat,r_0673_ENZ_YHR037W_FWD,0.0,0.0001524112817746
dlkcat,r_0673_ENZ_YHR037W_REV,0.0,0.0
dlkcat,r_0674_ENZ_YLR089C_FWD,0.0,0.0
dlkcat,r_0674_ENZ_YLR089C_REV,0.0,0.0001384004405703
dlkcat,r_0675_ENZ_YEL046C,0.0,-0.0
dlkcat,r_0676_ENZ_YMR226C_FWD,0.0,0.0
dlkcat,r_0676_ENZ_YMR226C_REV,0.0,0.0
dlkcat,r_0678_ENZ_YBR115C_and_YGL154C,0.1295558267327555,0.1295843128102527
dlkcat,r_0679_ENZ_YDR321W,0.0,9.98680118956749e-05
dlkcat,r_0680_ENZ_YLR155C,0.0,8.337496083621332e-05
dlkcat,r_0680_ENZ_YLR157C,0.0,7.66449095845334e-05
dlkcat,r_0680_ENZ_YLR158C,0.0,8.294146806786529e-05
dlkcat,r_0680_ENZ_YLR160C,0.0,8.294146807008575e-05
dlkcat,r_0681_ENZ_YLR027C,0.0,0.0
dlkcat,r_0682_ENZ_YKL106W,0.0,0.0
dlkcat,r_0683_ENZ_YLR027C,0.0,0.0
dlkcat,r_0687_ENZ_YER023W,0.0,0.0001230384905988
dlkcat,r_0688_ENZ_YHR104W,0.0,0.0004537207025937
dlkcat,r_0688_ENZ_YOL151W,0.0,0.0008464657403585
dlkcat,r_0689_ENZ_YCL064C,0.0,0.0003269250999986
dlkcat,r_0690_ENZ_YMR226C,0.0,0.0
dlkcat,r_0691_ENZ_YJR159W,0.0,0.0
dlkcat,r_0692_ENZ_YCL064C,0.0,0.0001060412885124
dlkcat,r_0693_ENZ_YER086W,0.0,6.885744241322267e-05
dlkcat,r_0694_ENZ_YJR078W,0.0023920959299674,0.0024891815798782
dlkcat,r_0695_ENZ_YDR403W,0.0,2.8760875421918183e-05
dlkcat,r_0696_ENZ_YOL151W,0.0,0.0008462471840958
dlkcat,r_0697_ENZ_YML004C,0.0,0.012366218753556
dlkcat,r_0698_ENZ_YHR072W,0.0145328429070873,0.0145400687366607
dlkcat,r_0699_ENZ_YJR148W_FWD,0.0,0.0
dlkcat,r_0699_ENZ_YJR148W_REV,0.1341731312649656,0.1342183441823886
dlkcat,r_0700_ENZ_YHR208W_FWD,0.0,0.0
dlkcat,r_0700_ENZ_YHR208W_REV,0.0,0.0
dlkcat,r_0701_ENZ_YPL160W,0.1341731312650456,0.1341731312650456
dlkcat,r_0702_ENZ_YLR382C,0.0,0.0
dlkcat,r_0703_ENZ_YNL045W_FWD,0.0,0.0
dlkcat,r_0703_ENZ_YNL045W_REV,0.0,0.0
dlkcat,r_0704_ENZ_YNL045W_FWD,0.0,0.0
dlkcat,r_0704_ENZ_YNL045W_REV,0.0,0.0
dlkcat,r_0705_ENZ_YNL045W_FWD,0.0,0.0
dlkcat,r_0705_ENZ_YNL045W_REV,0.0,0.0
dlkcat,r_0706_ENZ_YNL045W_FWD,0.0,0.0
dlkcat,r_0706_ENZ_YNL045W_REV,0.0,0.0
dlkcat,r_0707_ENZ_YNL045W_FWD,0.0,0.0
dlkcat,r_0707_ENZ_YNL045W_REV,0.0,0.0
dlkcat,r_0708_ENZ_YNL045W_FWD,0.0,0.0
dlkcat,r_0708_ENZ_YNL045W_REV,0.0,0.0
dlkcat,r_0711_ENZ_YDR037W,0.1295558267327555,0.1295558267327555
dlkcat,r_0712_ENZ_YNL073W,0.0,0.0
dlkcat,r_0713_ENZ_YKL085W_FWD,0.5450320351945879,0.5462497062082848
dlkcat,r_0713_ENZ_YKL085W_REV,0.0,0.0
dlkcat,r_0714_ENZ_YOL126C_FWD,0.0,0.0
dlkcat,r_0714_ENZ_YOL126C_REV,0.4509479121414862,0.4519689972847747
dlkcat,r_0715_ENZ_YDL078C_FWD,0.0,0.0
dlkcat,r_0715_ENZ_YDL078C_REV,0.0,3.818127467488844e-05
dlkcat,r_0716_ENZ_YIR031C,0.0,0.0001195464787103
dlkcat,r_0716_ENZ_YNL117W,0.0,0.0001055417847004
dlkcat,r_0717_ENZ_YNL117W,0.0,4.1350901184955546e-05
dlkcat,r_0718_ENZ_YKL029C,0.0,0.0018860715331637
dlkcat,r_0719_ENZ_YKL029C,0.0685781357461308,0.0711517316481997
dlkcat,r_0721_ENZ_YKL192C_and_YOR221C_FWD,0.0,0.0
dlkcat,r_0721_ENZ_YKL192C_and_YOR221C_REV,0.0,0.0
dlkcat,r_0722_ENZ_YDL055C,0.2766634322686677,0.2766634322686677
dlkcat,r_0723_ENZ_YER003C_FWD,0.0,0.0
dlkcat,r_0723_ENZ_YER003C_REV,0.2766634322687196,0.2769548714570624
dlkcat,r_0724_ENZ_YBR084W_FWD,0.0,0.0658971379473757
dlkcat,r_0724_ENZ_YBR084W_REV,0.0,0.0
dlkcat,r_0725_ENZ_YGR204W_FWD,0.0919315751849817,0.0925385217646308
dlkcat,r_0725_ENZ_YGR204W_REV,0.0,0.0
dlkcat,r_0726_ENZ_YDR502C,0.0552509573877121,0.0553905609004847
dlkcat,r_0726_ENZ_YLR180W,0.0,0.0
dlkcat,r_0727_ENZ_YER091C,0.0781267482481697,0.0782215958903781
dlkcat,r_0728_ENZ_YBL013W,0.0,0.0
dlkcat,r_0729_ENZ_YGR264C,0.0229506670125632,0.0229506670125632
dlkcat,r_0730_ENZ_YGR171C,0.0,0.0
dlkcat,r_0731_ENZ_YKR080W,17.561813203075655,17.89798150941371
dlkcat,r_0732_ENZ_YGR204W_FWD,0.0,0.0
dlkcat,r_0732_ENZ_YGR204W_REV,17.461246495449398,17.806970831793045
dlkcat,r_0733_ENZ_YBR084W_FWD,0.0,0.0658971375649793
dlkcat,r_0733_ENZ_YBR084W_REV,0.0,0.0
dlkcat,r_0734_ENZ_YPR006C,0.0,0.0001130351486668
dlkcat,r_0735_ENZ_YMR208W,0.0,0.0023116454663482
dlkcat,r_0736_ENZ_YMR208W,0.0,0.0018454748512256
dlkcat,r_0737_ENZ_YMR208W,0.0,0.0872342836636593
dlkcat,r_0738_ENZ_YMR208W,0.0,0.0872522181483581
dlkcat,r_0739_ENZ_YNR043W,0.087197057442524,0.0872374796801179
dlkcat,r_0747_ENZ_YBR036C_and_YBR161W,0.0,0.0
dlkcat,r_0747_ENZ_YBR036C_and_YPL057C,0.0,0.0
dlkcat,r_0748_ENZ_YBR036C_and_YBR161W,0.0,0.0
dlkcat,r_0748_ENZ_YBR036C_and_YPL057C,0.0,0.0
dlkcat,r_0749_ENZ_YBR036C_and_YBR161W,0.0,0.0
dlkcat,r_0749_ENZ_YBR036C_and_YPL057C,0.0,0.0
dlkcat,r_0750_ENZ_YBR036C_and_YBR161W,0.0,0.0
dlkcat,r_0750_ENZ_YBR036C_and_YPL057C,0.0,0.0
dlkcat,r_0751_ENZ_YBR036C_and_YBR161W,0.0,0.0
dlkcat,r_0751_ENZ_YBR036C_and_YPL057C,0.0,0.0
dlkcat,r_0752_ENZ_YBR036C_and_YBR161W,0.0,0.0
dlkcat,r_0752_ENZ_YBR036C_and_YPL057C,0.0,0.0
dlkcat,r_0753_ENZ_YBR036C_and_YBR161W,0.0,0.0
dlkcat,r_0753_ENZ_YBR036C_and_YPL057C,0.0,0.0
dlkcat,r_0754_ENZ_YBR036C_and_YBR161W,0.0,0.0
dlkcat,r_0754_ENZ_YBR036C_and_YPL057C,0.0,0.0
dlkcat,r_0755_ENZ_YBR036C_and_YBR161W,0.0,0.0
dlkcat,r_0755_ENZ_YBR036C_and_YPL057C,0.0,0.0
dlkcat,r_0756_ENZ_YBR036C_and_YBR161W,0.0,0.0
dlkcat,r_0756_ENZ_YBR036C_and_YPL057C,0.0,0.0
dlkcat,r_0757_ENZ_YDR287W,0.0,0.0
dlkcat,r_0757_ENZ_YHR046C,0.0033084446642629,0.003508603357927
dlkcat,r_0758_ENZ_YJL153C,0.003308444664294,0.0033978082356469
dlkcat,r_0759_ENZ_YER069W,0.0727450085523798,0.0728016266005049
dlkcat,r_0760_ENZ_YFL017C,0.0093043468119526,0.0093043468119526
dlkcat,r_0761_ENZ_YJL071W_FWD,0.0,4.879752057851405e-05
dlkcat,r_0761_ENZ_YJL071W_REV,0.0,0.0
dlkcat,r_0761_ENZ_YMR062C_FWD,0.0,5.9956700775076754e-05
dlkcat,r_0761_ENZ_YMR062C_REV,0.0,0.0
dlkcat,r_0762_ENZ_YDR428C,0.0023916230279525,0.0024930295369909
dlkcat,r_0763_ENZ_YDR402C_and_YDR403W,0.0,1.7382265682153175e-05
dlkcat,r_0764_ENZ_YGL067W,0.0,0.0
dlkcat,r_0765_ENZ_YEL041W,0.0007821462159114,0.0012886682412884
dlkcat,r_0765_ENZ_YJR049C,0.0,0.0
dlkcat,r_0766_ENZ_YEL041W,0.0,0.0
dlkcat,r_0766_ENZ_YJR049C,0.0,0.0
dlkcat,r_0766_ENZ_YPL188W,0.0,0.0
dlkcat,r_0767_ENZ_YDL042C,0.0,0.0
dlkcat,r_0767_ENZ_YDR191W,0.0,0.0
dlkcat,r_0767_ENZ_YOL068C,0.0,0.0
dlkcat,r_0767_ENZ_YOR025W,0.0,0.0
dlkcat,r_0767_ENZ_YPL015C,0.0,0.0
dlkcat,r_0768_ENZ_YHR074W,0.002392568831982,0.0023925683126537
dlkcat,r_0769_ENZ_YHR074W_FWD,0.0,0.0
dlkcat,r_0769_ENZ_YHR074W_REV,0.0,0.0
dlkcat,r_0770_ENZ_YDL085W,23.60788580988193,23.64295607365212
dlkcat,r_0770_ENZ_YMR145C,0.0,0.0
dlkcat,r_0771_ENZ_YEL041W,0.0,0.0004359574892982
dlkcat,r_0771_ENZ_YJR049C,0.0,1.0543389996584925e-05
dlkcat,r_0772_ENZ_YEL041W,0.0,0.0
dlkcat,r_0772_ENZ_YJR049C,0.0,0.0
dlkcat,r_0772_ENZ_YPL188W,0.0,0.0
dlkcat,r_0773_ENZ_YML120C,0.0,0.0015079713776593
dlkcat,r_0774_ENZ_YOR209C,0.0,4.729020147931583e-07
dlkcat,r_0775_ENZ_YOR209C,0.0,0.0
dlkcat,r_0781_ENZ_YGL037C,0.0,4.729020147931583e-07
dlkcat,r_0782_ENZ_YLR285W,0.0,0.0
dlkcat,r_0783_ENZ_YCL047C,0.0,0.0
dlkcat,r_0783_ENZ_YLR328W,0.0,0.0
dlkcat,r_0784_ENZ_YGR010W,0.0,0.0
dlkcat,r_0784_ENZ_YLR328W,0.0,0.0
dlkcat,r_0785_ENZ_YGR010W,0.0,0.002392568831982
dlkcat,r_0785_ENZ_YLR328W,0.0,0.0023925808700883
dlkcat,r_0786_ENZ_YFR047C,0.0023920959299672,0.0023925882118077
dlkcat,r_0787_ENZ_YFR047C,0.0,0.0
dlkcat,r_0788_ENZ_YER005W,0.0,0.0001748219219841
dlkcat,r_0789_ENZ_YER005W,0.0,0.0007460245368049
dlkcat,r_0790_ENZ_YER005W,0.0,0.0005925278341338
dlkcat,r_0791_ENZ_YEL042W,0.0,0.0005928795543832
dlkcat,r_0792_ENZ_YER005W,0.0,0.0001171898588327
dlkcat,r_0793_ENZ_YER005W,0.0,0.000144829450139
dlkcat,r_0795_ENZ_YKL067W,0.0,0.0018454748484641
dlkcat,r_0796_ENZ_YKL067W,0.0,0.0031871636078566
dlkcat,r_0797_ENZ_YKL067W,0.0,0.0005254640735028
dlkcat,r_0798_ENZ_YKL067W,0.0,0.000746024535136
dlkcat,r_0799_ENZ_YKL067W,0.0,0.0003717923330803
dlkcat,r_0800_ENZ_YKL067W,0.3285310980972005,0.4236036751436166
dlkcat,r_0801_ENZ_YKL067W,0.0,0.0007067125110813
dlkcat,r_0802_ENZ_YKL067W_FWD,0.0,0.0
dlkcat,r_0802_ENZ_YKL067W_REV,0.0,0.0
dlkcat,r_0803_ENZ_YKL067W_FWD,0.0,0.0003717923328863
dlkcat,r_0803_ENZ_YKL067W_REV,0.0,0.0
dlkcat,r_0804_ENZ_YAL035W,0.0,0.0006996366440894
dlkcat,r_0804_ENZ_YER005W,0.0,0.0007067125145905
dlkcat,r_0804_ENZ_YLL001W,0.0,0.0007067125148019
dlkcat,r_0805_ENZ_YER005W,0.0,0.0007460245409518
dlkcat,r_0806_ENZ_YER005W,0.0,0.00032330647754
dlkcat,r_0807_ENZ_YER005W,0.0,0.0007531004174481
dlkcat,r_0810_ENZ_YEL042W,0.0,0.0007460245416535
dlkcat,r_0811_ENZ_YKL067W,0.6187969693173919,0.7068604690401112
dlkcat,r_0812_ENZ_YLR303W,0.0,-0.0
dlkcat,r_0813_ENZ_YLR303W,0.0260135979444157,0.0260699623307285
dlkcat,r_0815_ENZ_YAL012W,0.0,3.5344119755142955e-05
dlkcat,r_0815_ENZ_YLL058W,0.0,3.782519799711004e-05
dlkcat,r_0815_ENZ_YML082W,0.0,3.877126923632068e-05
dlkcat,r_0816_ENZ_YJL088W,0.0727450085523138,0.0728072085363855
dlkcat,r_0817_ENZ_YKL184W,0.0,2.979010714948549e-05
dlkcat,r_0818_ENZ_YMR062C,0.0727450085523138,0.0728224796116526
dlkcat,r_0819_ENZ_YLR438W,0.0,7.338869544590287e-05
dlkcat,r_0820_ENZ_YML106W_FWD,0.0,0.0
dlkcat,r_0820_ENZ_YML106W_REV,0.0,0.0423054234662345
dlkcat,r_0820_ENZ_YMR271C_FWD,0.0,0.0
dlkcat,r_0820_ENZ_YMR271C_REV,0.0,0.0423054234661123
dlkcat,r_0821_ENZ_YEL021W,0.0422728420771553,0.0423054234664728
dlkcat,r_0831_ENZ_YDR148C_and_YFL018C_and_YIL125W,0.0,0.00067044957796
dlkcat,r_0831_ENZ_YDR148C_and_YFL018C_and_YIL125W_and_YFR049W,0.0,0.0010308632870302
dlkcat,r_0832_ENZ_YDR148C_and_YFL018C_and_YIL125W,0.0,0.0006921835597708
dlkcat,r_0832_ENZ_YDR148C_and_YFL018C_and_YIL125W_and_YFR049W,0.0,0.0009152945802993
dlkcat,r_0841_ENZ_YGR277C,0.0,8.043399202986595e-05
dlkcat,r_0842_ENZ_YDR531W,7.48761521032898e-05,7.487674666892242e-05
dlkcat,r_0843_ENZ_YIL145C,7.487615210333143e-05,9.974071245836066e-05
dlkcat,r_0844_ENZ_YJR019C,0.0,0.0001206057822837
dlkcat,r_0845_ENZ_YJR019C,0.0,0.0001212887032595
dlkcat,r_0847_ENZ_YJR019C,0.0,0.0001224566429591
dlkcat,r_0848_ENZ_YJR019C,0.0,0.000121903380494
dlkcat,r_0849_ENZ_YJR019C,0.0,0.0001229583035562
dlkcat,r_0850_ENZ_YJR019C,0.0,0.0001312206429653
dlkcat,r_0851_ENZ_YGL202W_FWD,0.0,0.0
dlkcat,r_0851_ENZ_YGL202W_REV,0.2623514738119411,0.2664818054955557
dlkcat,r_0852_ENZ_YFL022C_and_YLR060W,0.0606132991075469,0.0606132991075469
dlkcat,r_0853_ENZ_YPR047W,0.0,0.0
dlkcat,r_0854_ENZ_YDR380W,0.0,4.854847361879244e-05
dlkcat,r_0855_ENZ_YGL234W,0.0403515704034051,0.0403748827136087
dlkcat,r_0882_ENZ_YEL058W_FWD,0.0093043468119526,0.0093043468119526
dlkcat,r_0882_ENZ_YEL058W_REV,0.0,0.0
dlkcat,r_0883_ENZ_YGR209C_and_YPR167C,0.0,0.0260597980433061
dlkcat,r_0883_ENZ_YLR043C_and_YPR167C,0.0,0.0260597980433091
dlkcat,r_0884_ENZ_YKR097W,0.0,0.0002181283179769
dlkcat,r_0885_ENZ_YGR007W,0.0,0.0
dlkcat,r_0886_ENZ_YGR240C_and_YMR205C,0.1614655538872863,0.2161439809251877
dlkcat,r_0887_ENZ_YGR240C_and_YMR205C,0.0,0.0257307788214931
dlkcat,r_0888_ENZ_YKL127W_FWD,0.0,0.5833386286403013
dlkcat,r_0888_ENZ_YKL127W_REV,0.0,0.0
dlkcat,r_0888_ENZ_YMR105C_FWD,0.0,0.583338628640307
dlkcat,r_0888_ENZ_YMR105C_REV,0.0,0.0
dlkcat,r_0889_ENZ_YGR256W,10.109671602727214,10.738462581795456
dlkcat,r_0889_ENZ_YHR183W,0.0,0.0
dlkcat,r_0890_ENZ_YEL058W_FWD,0.0,0.0
dlkcat,r_0890_ENZ_YEL058W_REV,0.0,0.0
dlkcat,r_0891_ENZ_YER081W,0.0,0.0
dlkcat,r_0891_ENZ_YIL074C,0.2948231816230814,0.3184716398521257
dlkcat,r_0892_ENZ_YCR012W_FWD,3.815897431360611,3.840443009882528
dlkcat,r_0892_ENZ_YCR012W_REV,0.0,0.0
dlkcat,r_0893_ENZ_YKL152C_FWD,3.520591954990364,3.5228027661169232
dlkcat,r_0893_ENZ_YKL152C_REV,0.0,0.0
dlkcat,r_0893_ENZ_YOR283W_FWD,0.0,0.0
dlkcat,r_0893_ENZ_YOR283W_REV,0.0,0.0
dlkcat,r_0902_ENZ_YFL045C_FWD,0.0,0.0
dlkcat,r_0902_ENZ_YFL045C_REV,0.2766634322686677,0.2770276231543176
dlkcat,r_0903_ENZ_YOL055C,0.0,7.747228507997324e-05
dlkcat,r_0903_ENZ_YPL258C,0.0,7.491524778191483e-05
dlkcat,r_0903_ENZ_YPR121W,0.0,7.145247170174211e-05
dlkcat,r_0904_ENZ_YMR220W,0.0871970574425251,0.0872410119457102
dlkcat,r_0905_ENZ_YIL083C,7.487615210344245e-05,7.487615210344245e-05
dlkcat,r_0906_ENZ_YKL088W_and_YKR072C_and_YOR054C,7.487615210344245e-05,7.487615210344245e-05
dlkcat,r_0907_ENZ_YKL127W_FWD,0.0,0.0001919881549097
dlkcat,r_0907_ENZ_YKL127W_REV,0.0,0.0074421864723994
dlkcat,r_0907_ENZ_YMR105C_FWD,0.0,0.0001680613646195
dlkcat,r_0907_ENZ_YMR105C_REV,0.0,0.0075609326358538
dlkcat,r_0907_ENZ_YMR278W_FWD,0.0,0.0001830344362733
dlkcat,r_0907_ENZ_YMR278W_REV,0.0,0.003820648391062
dlkcat,r_0908_ENZ_YAR015W,0.0403555112533062,0.0403741590368981
dlkcat,r_0909_ENZ_YCL030C,0.0300124086329596,0.0300412241285604
dlkcat,r_0910_ENZ_YCL030C,0.0300124086329596,0.030041280115565
dlkcat,r_0911_ENZ_YOR128C,0.0403555112533027,0.0403741590369483
dlkcat,r_0912_ENZ_YLR028C_FWD,0.0,0.0703942896466757
dlkcat,r_0912_ENZ_YLR028C_REV,0.0,0.0
dlkcat,r_0912_ENZ_YMR120C_FWD,0.0,0.0703905214514663
dlkcat,r_0912_ENZ_YMR120C_REV,0.0,0.0
dlkcat,r_0913_ENZ_YDR007W,0.0152480905879581,0.0153646687598888
dlkcat,r_0914_ENZ_YGL234W,0.0403515704034056,0.0403783287329028
dlkcat,r_0915_ENZ_YMR300C,0.0403515704034056,0.0403783287329028
dlkcat,r_0916_ENZ_YBL068W_and_YOL061W,0.0,0.0
dlkcat,r_0916_ENZ_YER099C_and_YOL061W,0.0,0.0
dlkcat,r_0916_ENZ_YKL181W_and_YBL068W,0.0,0.1305968248337974
dlkcat,r_0916_ENZ_YKL181W_and_YER099C,0.0,0.1307066223490904
dlkcat,r_0916_ENZ_YKL181W_and_YHL011C,0.0,0.1306406683824387
dlkcat,r_0917_ENZ_YGR208W,0.294790899335954,0.3301365911303842
dlkcat,r_0918_ENZ_YOR184W,0.2947908993360475,0.3276016825791448
dlkcat,r_0919_ENZ_YBR183W,0.0,0.0009993006330949
dlkcat,r_0920_ENZ_YDR402C,0.0,0.0013746119660439
dlkcat,r_0921_ENZ_YDR294C,0.0,0.0
dlkcat,r_0922_ENZ_YDR297W,0.0,0.0
dlkcat,r_0929_ENZ_YMR020W,0.0,0.0
dlkcat,r_0935_ENZ_YGL040C,0.0,2.445234069980984e-05
dlkcat,r_0936_ENZ_YMR020W,0.0,0.0
dlkcat,r_0937_ENZ_YMR020W,7.48761521032204e-05,0.0001389543950211
dlkcat,r_0938_ENZ_YNL316C,0.0606132991073451,0.0606656108883278
dlkcat,r_0939_ENZ_YBR166C,0.0461729373965686,0.0463639165880326
dlkcat,r_0940_ENZ_YLR142W,0.0,0.0001634045430176
dlkcat,r_0941_ENZ_YHR020W,0.0745557156830512,0.0745561745421818
dlkcat,r_0942_ENZ_YER014W,0.0,3.027824346253649e-06
dlkcat,r_0943_ENZ_YLR209C,0.0,0.0
dlkcat,r_0949_ENZ_YLR209C_FWD,0.0,0.0001548118205554
dlkcat,r_0949_ENZ_YLR209C_REV,0.0,0.0
dlkcat,r_0950_ENZ_YLR209C_FWD,0.0,0.0
dlkcat,r_0950_ENZ_YLR209C_REV,0.0,0.0
dlkcat,r_0951_ENZ_YLR209C_FWD,0.0,0.0001314895392377
dlkcat,r_0951_ENZ_YLR209C_REV,0.0,0.0004720476374039
dlkcat,r_0953_ENZ_YBR035C,0.0,0.0
dlkcat,r_0954_ENZ_YBR035C,0.0,0.0
dlkcat,r_0955_ENZ_YBR035C,0.0,0.0
dlkcat,r_0956_ENZ_YBR035C,0.0,0.0002844898912037
dlkcat,r_0957_ENZ_YER023W,0.0745557156830512,0.0746892729204226
dlkcat,r_0958_ENZ_YBR218C,0.0,0.0
dlkcat,r_0958_ENZ_YGL062W,0.951154124412085,0.9521458004918926
dlkcat,r_0959_ENZ_YGR087C,0.0,0.0
dlkcat,r_0959_ENZ_YLR044C,0.5400706754199041,0.5406749667764512
dlkcat,r_0959_ENZ_YLR134W,0.0,0.0
dlkcat,r_0960_ENZ_YGR087C,0.0,0.0001242301477298
dlkcat,r_0960_ENZ_YLR044C,0.0,0.0001725999029844
dlkcat,r_0960_ENZ_YLR134W,0.0,0.0001215174347113
dlkcat,r_0961_ENZ_YBR221C_and_YER178W_and_YFL018C_and_YGR193C_and_YNL071W,1.0705712920747628,1.0714948347200268
dlkcat,r_0962_ENZ_YAL038W,3.276448213533671,3.278641292129709
dlkcat,r_0962_ENZ_YOR347C,0.0,0.0
dlkcat,r_0963_ENZ_YDR204W_and_YGR255C_and_YLR201C_and_YML110C_and_YOL096C_and_YOR125C,0.0,0.0
dlkcat,r_0964_ENZ_YDR135C,0.0,0.0002074851327799
dlkcat,r_0965_ENZ_YDR236C,0.0,0.0001328591110724
dlkcat,r_0966_ENZ_YDR236C,0.0,3.940885049112368e-06
dlkcat,r_0967_ENZ_YOL143C,0.000780288274214,0.0007881758276912
dlkcat,r_0968_ENZ_YBR256C,0.000390144137107,0.0003940884927424
dlkcat,r_0969_ENZ_YCR036W,0.0,0.0005564506675206
dlkcat,r_0970_ENZ_YGR209C,0.0,0.0014187059698284
dlkcat,r_0971_ENZ_YGR209C,0.0,0.0006410479553688
dlkcat,r_0972_ENZ_YGR209C,0.0,0.0005223536594174
dlkcat,r_0973_ENZ_YGR209C,0.0017716372944295,0.0023859421855089
dlkcat,r_0974_ENZ_YER070W,0.0,0.0014187059698284
dlkcat,r_0974_ENZ_YGR180C,0.0,0.0014187172860854
dlkcat,r_0974_ENZ_YIL066C,0.0,0.001418716506475
dlkcat,r_0974_ENZ_YJL026W,0.0,0.001418716506475
dlkcat,r_0975_ENZ_YER070W,0.0,0.0
dlkcat,r_0975_ENZ_YGR180C,0.0,0.0
dlkcat,r_0975_ENZ_YIL066C,0.0,0.0
dlkcat,r_0975_ENZ_YJL026W,0.0,0.0
dlkcat,r_0976_ENZ_YER070W,0.0,0.0004977745606682
dlkcat,r_0976_ENZ_YGR180C,0.0,0.0005304479815409
dlkcat,r_0976_ENZ_YIL066C,0.0,0.0005304479815409
dlkcat,r_0976_ENZ_YJL026W,0.0,0.0005304479815409
dlkcat,r_0977_ENZ_YER070W,0.0,0.0
dlkcat,r_0977_ENZ_YGR180C,0.0,0.0
dlkcat,r_0977_ENZ_YIL066C,0.0,0.0
dlkcat,r_0977_ENZ_YJL026W,0.0,0.0
dlkcat,r_0978_ENZ_YER070W,0.0,0.0009458040410556
dlkcat,r_0978_ENZ_YGR180C,0.0,0.0009458040410556
dlkcat,r_0978_ENZ_YIL066C,0.0,0.0009458040410556
dlkcat,r_0978_ENZ_YJL026W,0.0,0.0009458040410556
dlkcat,r_0979_ENZ_YER070W,0.0,0.0
dlkcat,r_0979_ENZ_YGR180C,0.0,0.0
dlkcat,r_0979_ENZ_YIL066C,0.0,0.0
dlkcat,r_0979_ENZ_YJL026W,0.0,0.0
dlkcat,r_0982_ENZ_YOR095C_FWD,3.674835667129575,3.70692009649428
dlkcat,r_0982_ENZ_YOR095C_REV,0.0,0.0
dlkcat,r_0983_ENZ_YNL129W,0.0,0.0
dlkcat,r_0984_ENZ_YJL121C_FWD,6.97196588531908,7.031081143786084
dlkcat,r_0984_ENZ_YJL121C_REV,0.0,0.0
dlkcat,r_0985_ENZ_YDR204W_and_YGR255C_and_YLR201C_and_YML110C_and_YOL096C_and_YOR125C,0.0,0.0
dlkcat,r_0986_ENZ_YML008C,0.0,2.973247784979899e-06
dlkcat,r_0987_ENZ_YJL068C,0.0,-0.0
dlkcat,r_0988_ENZ_YIR034C,0.1295558267326839,0.1295843121472248
dlkcat,r_0989_ENZ_YNR050C,0.1295558267327555,0.1295896650706106
dlkcat,r_0990_ENZ_YKL060C_FWD,0.0,0.0257303428172111
dlkcat,r_0990_ENZ_YKL060C_REV,0.0,0.0002177596608515
dlkcat,r_0992_ENZ_YHR013C_and_YDL040C_and_YOR253W,0.0,3.946174802438307e-05
dlkcat,r_0993_ENZ_YMR296C_and_YKL212W_and_YDR062W_and_YGR038W_and_YLR350W_and_YBR058C-A,0.0,0.0
dlkcat,r_0995_ENZ_YDR023W,0.0,0.0839268806549128
dlkcat,r_0995_ENZ_YHR011W,0.0,0.0839267261387395
dlkcat,r_0996_ENZ_YDR127W,0.1220593120817723,0.1222493043644756
dlkcat,r_0997_ENZ_YDR127W,0.1220593120817723,0.1222493043644756
dlkcat,r_0998_ENZ_YBR213W,0.0,0.0
dlkcat,r_0999_ENZ_YBR213W,0.0,0.0
dlkcat,r_1000_ENZ_YEL047C_FWD,0.0,0.0003337007080839
dlkcat,r_1000_ENZ_YEL047C_REV,0.0,0.0
dlkcat,r_1001_ENZ_YPR069C,0.0,1.5278131430526698e-05
dlkcat,r_1002_ENZ_YLR146C,7.487615210333143e-05,0.0001431604242034
dlkcat,r_1003_ENZ_YDR294C,0.0,0.0
dlkcat,r_1004_ENZ_YJL134W,0.0,0.0007498540531094
dlkcat,r_1004_ENZ_YKR053C,0.0,0.0005896367132951
dlkcat,r_1005_ENZ_YJL134W,0.0,0.0007659899105494
dlkcat,r_1005_ENZ_YKR053C,0.0,0.0006154675459093
dlkcat,r_1006_ENZ_YLR260W,0.0,0.0002468304389414
dlkcat,r_1006_ENZ_YOR171C,0.0,0.0008110559980991
dlkcat,r_1007_ENZ_YLR260W,0.0,0.0002632309490619
dlkcat,r_1007_ENZ_YOR171C,0.0,0.0006914954674783
dlkcat,r_1008_FWD,0.0,0.0
dlkcat,r_1008_REV,0.0,0.0
dlkcat,r_1009_FWD,0.0,0.0
dlkcat,r_1009_REV,0.0,0.0
dlkcat,r_1010_ENZ_YGR175C,0.0,0.0
dlkcat,r_1011_ENZ_YGR175C,0.0145328429070873,0.01454006873666
dlkcat,r_1012_ENZ_YHR190W,0.0145328429070873,0.0145401533961147
dlkcat,r_1021_ENZ_YDR178W_and_YJL045W_and_YKL141W_and_YLL041C_FWD,0.0,0.0
dlkcat,r_1021_ENZ_YDR178W_and_YJL045W_and_YKL141W_and_YLL041C_REV,0.0,0.0
dlkcat,r_1021_ENZ_YDR178W_and_YKL141W_and_YKL148C_and_YLL041C_FWD,0.042068264162502,0.0433713702183595
dlkcat,r_1021_ENZ_YDR178W_and_YKL141W_and_YKL148C_and_YLL041C_REV,0.0,0.0
dlkcat,r_1021_ENZ_YLR164W_and_YJL045W_and_YKL141W_and_YLL041C_FWD,0.0,0.0
dlkcat,r_1021_ENZ_YLR164W_and_YJL045W_and_YKL141W_and_YLL041C_REV,0.0,0.0
dlkcat,r_1022_ENZ_YGR244C_and_YOR142W,0.0,0.001012115410429
dlkcat,r_1023_ENZ_YBR006W,0.0,0.0001257411635295
dlkcat,r_1024_ENZ_YIL162W,0.0,0.0
dlkcat,r_1025_ENZ_YJR010W,0.0260140708464304,0.0260656799541386
dlkcat,r_1026_ENZ_YCL050C,0.0,4.936300598057386e-05
dlkcat,r_1027_ENZ_YFR030W_and_YJR137C,0.0260132038594174,0.0260491949389987
dlkcat,r_1028_ENZ_YLL048C,0.0,-0.0
dlkcat,r_1029_ENZ_YLL057C,0.0,0.0
dlkcat,r_1030_ENZ_YAL044C_and_YDR019C_and_YFL018C_and_YMR189W,0.0,0.0007886531990283
dlkcat,r_1031_ENZ_YKL132C_FWD,0.0,0.0
dlkcat,r_1031_ENZ_YKL132C_REV,0.0,0.0
dlkcat,r_1031_ENZ_YOR241W_FWD,0.0,0.0
dlkcat,r_1031_ENZ_YOR241W_REV,0.0,0.0
dlkcat,r_1032_ENZ_YBR092C,0.0,0.0
dlkcat,r_1033_ENZ_YBR092C,0.0,0.0
dlkcat,r_1034_ENZ_YOR143C,0.0,4.729020147931583e-07
dlkcat,r_1035_ENZ_YOR143C,0.0,0.0
dlkcat,r_1036_ENZ_YPL214C,0.0,7.747118136218016e-05
dlkcat,r_1037_ENZ_YGR209C_and_YIL010W,0.0,0.0
dlkcat,r_1037_ENZ_YIL010W_and_YLR043C,0.0,0.0
dlkcat,r_1038_ENZ_YDR353W,0.0,0.030987461604799
dlkcat,r_1038_ENZ_YDR353W_and_YGR209C,0.0,0.0309866788209992
dlkcat,r_1038_ENZ_YDR353W_and_YLR043C,0.0,0.0309866788209998
dlkcat,r_1039_ENZ_YCR083W_and_YHR106W,0.0,0.0
dlkcat,r_1039_ENZ_YCR083W_and_YPL091W,0.0,0.0
dlkcat,r_1040_ENZ_YEL046C,0.0,0.000148979948762
dlkcat,r_1041_ENZ_YCR053W,0.0866421635198051,0.0867834733886032
dlkcat,r_1042_ENZ_YIL078W,0.0866421635204738,0.0866428223550304
dlkcat,r_1043_ENZ_YKL194C,0.0,0.0
dlkcat,r_1045_ENZ_YOR074C,0.0014187059698284,0.0014472643588024
dlkcat,r_1046_ENZ_YER175C,0.0,0.0
dlkcat,r_1047_ENZ_YBR003W,0.0,0.0
dlkcat,r_1048_ENZ_YGR043C_FWD,0.0,0.0
dlkcat,r_1048_ENZ_YGR043C_REV,0.0,0.0
dlkcat,r_1048_ENZ_YLR354C_FWD,3.544480625406033,3.57656892284308
dlkcat,r_1048_ENZ_YLR354C_REV,0.0,0.0
dlkcat,r_1049_ENZ_YBR117C_FWD,3.54431810335861,3.576563344620308
dlkcat,r_1049_ENZ_YBR117C_REV,0.0,0.0
dlkcat,r_1049_ENZ_YPR074C_FWD,0.0,0.0
dlkcat,r_1049_ENZ_YPR074C_REV,0.0,0.0
dlkcat,r_1050_ENZ_YBR117C_FWD,3.4224343569190823,3.454533992618656
dlkcat,r_1050_ENZ_YBR117C_REV,0.0,0.0
dlkcat,r_1050_ENZ_YPR074C_FWD,0.0,0.0
dlkcat,r_1050_ENZ_YPR074C_REV,0.0,0.0
dlkcat,r_1051_ENZ_YBR126C_and_YDR074W_and_YML100W,0.0,0.0539102206420982
dlkcat,r_1051_ENZ_YBR126C_and_YDR074W_and_YMR261C,0.0,0.0539702129216337
dlkcat,r_1054_ENZ_YDR050C_FWD,0.1586141001089474,0.1890170193978204
dlkcat,r_1054_ENZ_YDR050C_REV,0.0,0.0
dlkcat,r_1055_ENZ_YGL026C,0.0152480905879571,0.0153446481154167
dlkcat,r_1056_ENZ_YGL202W,0.0,2.9479837723276826e-05
dlkcat,r_1057_ENZ_YOL097C,0.0128559946579901,0.0128559946579901
dlkcat,r_1058_ENZ_YDR268W,0.0,0.0
dlkcat,r_1063_ENZ_YGL202W_FWD,0.0454881730167229,0.0470230358329946
dlkcat,r_1063_ENZ_YGL202W_REV,0.0,0.0
dlkcat,r_1065_ENZ_YLR027C,0.0,-0.0
dlkcat,r_1066_ENZ_YGR185C,0.046172937396598,0.046172937396598
dlkcat,r_1067_ENZ_YPL097W,0.0,0.0
dlkcat,r_1068_ENZ_YLR189C,0.0,0.0
dlkcat,r_1069_ENZ_YDL103C_FWD,0.0093043468119585,0.0093043468119585
dlkcat,r_1069_ENZ_YDL103C_REV,0.0,0.0
dlkcat,r_1070_ENZ_YBR019C_FWD,0.0,0.0
dlkcat,r_1070_ENZ_YBR019C_REV,0.0,0.0
dlkcat,r_1071_ENZ_YBR018C_FWD,0.0,0.0
dlkcat,r_1071_ENZ_YBR018C_REV,0.0,1000.0
dlkcat,r_1072_ENZ_YKL024C,0.0,0.0271360634007677
dlkcat,r_1073_ENZ_YKL024C,0.0,0.0271359547965457
dlkcat,r_1074_ENZ_YHR128W,0.0,0.0002154144492366
dlkcat,r_1075_ENZ_YBR208C,0.0,4.7596480437691234e-05
dlkcat,r_1076_ENZ_YIR032C,0.0,0.0
dlkcat,r_1077_ENZ_YDR020C,0.0,0.0077155414444334
dlkcat,r_1077_ENZ_YNR012W,0.0,0.0077157569465198
dlkcat,r_1078_ENZ_YDR020C,0.0,0.0077122523749886
dlkcat,r_1078_ENZ_YNR012W,0.0,0.0077157121854325
dlkcat,r_1079_ENZ_YKL024C,0.0,0.0003232663364185
dlkcat,r_1080_ENZ_YKL024C,0.0,0.00029070325159
dlkcat,r_1081_ENZ_YDR047W,0.0,4.837716649497281e-06
dlkcat,r_1082_ENZ_YKR069W,0.0,0.0
dlkcat,r_1083_ENZ_YOR278W,0.0,4.837716649497281e-06
dlkcat,r_1084_ENZ_YHL012W_FWD,0.0,0.583602539480103
dlkcat,r_1084_ENZ_YHL012W_REV,0.0,999.4169354814844
dlkcat,r_1084_ENZ_YKL035W_FWD,0.0,0.5837993841566248
dlkcat,r_1084_ENZ_YKL035W_REV,0.0,999.4169354814844
dlkcat,r_1085_ENZ_YBR127C_and_YDL185W_and_YOR332W_and_YHR026W_and_YEL027W_and_YKL080W_and_YLR447C_and_YEL051W_and_YPL234C_and_YMR054W_and_YGR020C_and_YPR036W_and_YHR039C-A_and_YGR106C_and_YCL005W-A,0.0,0.0005836670561745
dlkcat,r_1085_ENZ_YPR170W-B_and_YBR127C_and_YDL185W_and_YOR332W_and_YHR026W_and_YEL027W_and_YKL080W_and_YLR447C_and_YEL051W_and_YPL234C_and_YMR054W_and_YGR020C_and_YPR036W_and_YHR039C-A_and_YGR106C_and_YCL005W-A,0.0,0.0005815991490187
dlkcat,r_1086_ENZ_YBR127C_and_YDL185W_and_YEL027W_and_YEL051W_and_YGR020C_and_YHR026W_and_YHR039C-A_and_YKL080W_and_YLR447C_and_YOR270C_and_YOR332W_and_YPL234C_and_YPR036W_and_YGR106C_and_YCL005W-A,0.0,0.0004621120231144
dlkcat,r_1086_ENZ_YBR127C_and_YDL185W_and_YEL027W_and_YEL051W_and_YGR020C_and_YHR026W_and_YHR039C-A_and_YKL080W_and_YLR447C_and_YOR270C_and_YOR332W_and_YPL234C_and_YPR036W_and_YPR170W-B_and_YGR106C_and_YCL005W-A,0.0,0.0004223063069916
dlkcat,r_1087_ENZ_YJR148W_FWD,0.0,3.235488985042778e-05
dlkcat,r_1087_ENZ_YJR148W_REV,0.0,0.0
dlkcat,r_1088_ENZ_YHR208W_FWD,0.0,0.0
dlkcat,r_1088_ENZ_YHR208W_REV,0.119778037906874,0.1198068917272633
dlkcat,r_1089_ENZ_YGR094W,0.119778037906874,0.119778037906874
dlkcat,r_1090_ENZ_YGR094W,0.0,0.0
dlkcat,r_1091_ENZ_YJR133W,0.0,7.48761521032204e-05
dlkcat,r_1092_ENZ_YLR070C,0.0,0.0
dlkcat,r_1093_ENZ_YHR104W,0.0,0.0
dlkcat,r_1094_ENZ_YGR194C,0.0,0.0
dlkcat,r_1095_ENZ_YFL001W_FWD,0.0,0.0
dlkcat,r_1095_ENZ_YFL001W_REV,0.0,0.0
dlkcat,r_1095_ENZ_YGL063W_FWD,0.0,0.0
dlkcat,r_1095_ENZ_YGL063W_REV,0.0,0.0
dlkcat,r_1095_ENZ_YNL292W_FWD,0.0,0.0
dlkcat,r_1095_ENZ_YNL292W_REV,0.0,0.0
dlkcat,r_1095_ENZ_YPL212C_FWD,0.0,0.0
dlkcat,r_1095_ENZ_YPL212C_REV,0.0,0.0
dlkcat,r_1096_ENZ_YKL217W_FWD,0.0,0.0
dlkcat,r_1096_ENZ_YKL217W_REV,0.0,0.0001277773705381
dlkcat,r_1096_ENZ_YNL065W_FWD,0.0,0.0
dlkcat,r_1096_ENZ_YNL065W_REV,0.0,2.8473430017675327e-05
dlkcat,r_1097_FWD,0.0,0.0001582468826291
dlkcat,r_1097_REV,0.0,0.0
dlkcat,r_1098,0.0,4.181086671384182e-05
dlkcat,r_1099_ENZ_YOR222W_FWD,0.0,0.0
dlkcat,r_1099_ENZ_YOR222W_REV,0.0,0.0
dlkcat,r_1099_ENZ_YPL134C_FWD,0.1295558267326839,0.1295919113465273
dlkcat,r_1099_ENZ_YPL134C_REV,0.0,0.0
dlkcat,r_1100_FWD,0.0,0.0
dlkcat,r_1100_REV,0.0,0.0
dlkcat,r_1101_ENZ_YDL210W,0.0,0.0
dlkcat,r_1101_ENZ_YOR348C,0.0,0.0
dlkcat,r_1102_ENZ_YDL210W,0.0,0.0
dlkcat,r_1103_FWD,0.0,0.0
dlkcat,r_1103_REV,0.0,0.0
dlkcat,r_1104_ENZ_YNR056C_FWD,0.0,0.0
dlkcat,r_1104_ENZ_YNR056C_REV,0.0,0.0
dlkcat,r_1106_ENZ_YCR010C_FWD,0.0,0.0002434472548993
dlkcat,r_1106_ENZ_YCR010C_REV,0.0,0.0
dlkcat,r_1107,0.0,0.0001908534666494
dlkcat,r_1108_ENZ_YER056C,0.0,0.0
dlkcat,r_1108_ENZ_YER060W,0.0,0.0
dlkcat,r_1108_ENZ_YER060W-A,0.0,0.0
dlkcat,r_1109_ENZ_YAL022C,0.0,0.0
dlkcat,r_1110_ENZ_YBL030C_FWD,0.0,0.0
dlkcat,r_1110_ENZ_YBL030C_REV,0.0,0.0
dlkcat,r_1110_ENZ_YBR085W_FWD,0.0,0.0
dlkcat,r_1110_ENZ_YBR085W_REV,0.0,0.0
dlkcat,r_1110_ENZ_YMR056C_FWD,29.839965227083376,29.8441901634684
dlkcat,r_1110_ENZ_YMR056C_REV,0.0,0.0
dlkcat,r_1111_ENZ_YPR128C,0.0,-0.0
dlkcat,r_1112_ENZ_YMR241W_FWD,0.0,0.0
dlkcat,r_1112_ENZ_YMR241W_REV,0.1158078049494619,0.1232572120442634
dlkcat,r_1113_ENZ_YJR152W,0.0,0.0
dlkcat,r_1114_ENZ_YIR028W,0.0,0.0
dlkcat,r_1115_ENZ_YDR384C_FWD,0.0,0.0
dlkcat,r_1115_ENZ_YDR384C_REV,0.0,0.0
dlkcat,r_1115_ENZ_YGR121C_FWD,2.521751407233431,2.5217933238747943
dlkcat,r_1115_ENZ_YGR121C_REV,0.0,0.0
dlkcat,r_1115_ENZ_YNL142W_FWD,0.0,0.0
dlkcat,r_1115_ENZ_YNL142W_REV,0.0,0.0
dlkcat,r_1115_ENZ_YPR138C_FWD,0.0,0.0
dlkcat,r_1115_ENZ_YPR138C_REV,0.0,0.0
dlkcat,r_1116_ENZ_YPR128C,0.0,0.0001112903643494
dlkcat,r_1118_ENZ_YPR021C,0.0,-0.0
dlkcat,r_1119_ENZ_YGR065C,0.0,0.0
dlkcat,r_1120_ENZ_YOR100C,0.0,0.000101687962262
dlkcat,r_1121_FWD,0.0,9.818615933820592e-05
dlkcat,r_1121_REV,0.0,0.0
dlkcat,r_1122_FWD,0.0,9.818615932395518e-05
dlkcat,r_1122_REV,0.0,0.0
dlkcat,r_1123_FWD,0.0,0.0001081446457574
dlkcat,r_1123_REV,0.0,0.0
dlkcat,r_1124_FWD,0.0,0.0001081446052168
dlkcat,r_1124_REV,0.0,0.0
dlkcat,r_1125_ENZ_YGL077C,0.0,9.586083230900972e-05
dlkcat,r_1126_ENZ_YBR291C_FWD,0.0,0.0008252174491793
dlkcat,r_1126_ENZ_YBR291C_REV,0.0,0.0004829875287508
dlkcat,r_1127_ENZ_YBR291C_FWD,0.0,0.0
dlkcat,r_1127_ENZ_YBR291C_REV,0.1213232465958384,0.1222125127897157
dlkcat,r_1128_ENZ_YBR291C_FWD,0.0,0.0006309145128778
dlkcat,r_1128_ENZ_YBR291C_REV,0.0,0.0004698742275996
dlkcat,r_1129_ENZ_YHR002W,0.0870285398641623,0.0873259460224733
dlkcat,r_1130_ENZ_YBR192W,0.0,8.553390214435478e-05
dlkcat,r_1131_ENZ_YBR192W,0.0,9.124058576707094e-05
dlkcat,r_1132_ENZ_YAL022C,0.0,0.0
dlkcat,r_1133_ENZ_YER056C,0.0,0.0
dlkcat,r_1133_ENZ_YER060W,0.0,0.0
dlkcat,r_1133_ENZ_YER060W-A,0.0,0.0
dlkcat,r_1133_ENZ_YGL186C,0.0,0.0
dlkcat,r_1134_ENZ_YDL245C,0.0,0.0
dlkcat,r_1134_ENZ_YDR342C,0.0,0.0
dlkcat,r_1134_ENZ_YDR343C,0.0,0.0
dlkcat,r_1134_ENZ_YDR345C,0.0,0.0
dlkcat,r_1134_ENZ_YEL069C,0.0,0.0
dlkcat,r_1134_ENZ_YFL011W,0.0,0.0
dlkcat,r_1134_ENZ_YHR092C,0.0,0.0
dlkcat,r_1134_ENZ_YHR094C,0.0,0.0
dlkcat,r_1134_ENZ_YHR096C,0.0,0.0
dlkcat,r_1134_ENZ_YJL214W,0.0,0.0
dlkcat,r_1134_ENZ_YJL219W,0.0,0.0
dlkcat,r_1134_ENZ_YJR158W,0.0,0.0
dlkcat,r_1134_ENZ_YMR011W,0.0,0.0
dlkcat,r_1134_ENZ_YNR072W,0.0,0.0
dlkcat,r_1134_ENZ_YOL156W,0.0,0.0
dlkcat,r_1135_ENZ_YFL011W,0.0,0.0
dlkcat,r_1135_ENZ_YJL219W,0.0,0.0
dlkcat,r_1135_ENZ_YLR081W,0.0,0.0
dlkcat,r_1135_ENZ_YNL318C,0.0,0.0
dlkcat,r_1135_ENZ_YOL156W,0.0,0.0
dlkcat,r_1136_ENZ_YKL217W_FWD,0.0,0.0
dlkcat,r_1136_ENZ_YKL217W_REV,0.0,0.0002462203433619
dlkcat,r_1137,1.5948441675644778,1.5962909957672045
dlkcat,r_1138_FWD,0.0,0.0
dlkcat,r_1138_REV,1.594514173011126,1.5963890450616545
dlkcat,r_1139_ENZ_YDL245C,0.0,0.0
dlkcat,r_1139_ENZ_YDR342C,0.0,0.0
dlkcat,r_1139_ENZ_YDR343C,0.0,0.0
dlkcat,r_1139_ENZ_YDR345C,0.0,0.0
dlkcat,r_1139_ENZ_YEL069C,0.0,0.0
dlkcat,r_1139_ENZ_YFL011W,0.0,0.0
dlkcat,r_1139_ENZ_YHR094C,0.0,0.0
dlkcat,r_1139_ENZ_YHR096C,0.0,0.0
dlkcat,r_1139_ENZ_YJL214W,0.0,0.0
dlkcat,r_1139_ENZ_YJL219W,0.0,0.0
dlkcat,r_1139_ENZ_YJR158W,0.0,0.0
dlkcat,r_1139_ENZ_YNR072W,0.0,0.0
dlkcat,r_1139_ENZ_YOL156W,0.0,0.0
dlkcat,r_1146_ENZ_YIL013C_FWD,0.0,0.0
dlkcat,r_1146_ENZ_YIL013C_REV,0.0,1.5792894011486952e-06
dlkcat,r_1146_ENZ_YOR011W_FWD,0.0,0.0
dlkcat,r_1146_ENZ_YOR011W_REV,0.0,1.523258175480796e-06
dlkcat,r_1147_ENZ_YIL013C_FWD,0.0,0.0
dlkcat,r_1147_ENZ_YIL013C_REV,0.0,3.493332795870968e-06
dlkcat,r_1147_ENZ_YOR011W_FWD,0.0,0.0
dlkcat,r_1147_ENZ_YOR011W_REV,0.0,4.065376003814167e-06
dlkcat,r_1148_ENZ_YIL013C_FWD,0.0,0.0
dlkcat,r_1148_ENZ_YIL013C_REV,0.0,0.0
dlkcat,r_1148_ENZ_YOR011W_FWD,0.0,0.0
dlkcat,r_1148_ENZ_YOR011W_REV,0.0,0.0
dlkcat,r_1149_ENZ_YGL077C_FWD,0.0,0.0
dlkcat,r_1149_ENZ_YGL077C_REV,0.0,0.0
dlkcat,r_1151_ENZ_YIL134W,0.0,3.940873713973541e-06
dlkcat,r_1161_ENZ_YIL013C_FWD,0.0,0.0
dlkcat,r_1161_ENZ_YIL013C_REV,0.0,2.1102263436899305e-06
dlkcat,r_1161_ENZ_YOR011W_FWD,0.0,0.0
dlkcat,r_1161_ENZ_YOR011W_REV,0.0,1.9037775227902232e-06
dlkcat,r_1162_ENZ_YIL013C_FWD,0.0,0.0
dlkcat,r_1162_ENZ_YIL013C_REV,0.0,0.0
dlkcat,r_1162_ENZ_YOR011W_FWD,0.0,0.0
dlkcat,r_1162_ENZ_YOR011W_REV,0.0,0.0
dlkcat,r_1164_FWD,0.0,0.0
dlkcat,r_1164_REV,0.0,0.0
dlkcat,r_1165_ENZ_YGL225W,0.0,0.0007531004110459
dlkcat,r_1166_ENZ_YDL245C,0.0,0.0
dlkcat,r_1166_ENZ_YDL247W,0.0,0.0
dlkcat,r_1166_ENZ_YDR342C,0.0,0.0
dlkcat,r_1166_ENZ_YDR343C,0.0,0.0
dlkcat,r_1166_ENZ_YDR345C,0.0,0.0
dlkcat,r_1166_ENZ_YDR387C,0.0,0.0
dlkcat,r_1166_ENZ_YDR536W,0.0,0.0
dlkcat,r_1166_ENZ_YEL069C,0.0,0.0
dlkcat,r_1166_ENZ_YFL011W,0.0,0.0
dlkcat,r_1166_ENZ_YHR092C,0.0,0.0
dlkcat,r_1166_ENZ_YHR094C,0.0,0.0
dlkcat,r_1166_ENZ_YHR096C,4.818256990122665,4.821293559636939
dlkcat,r_1166_ENZ_YJL214W,0.0,0.0
dlkcat,r_1166_ENZ_YJL219W,0.0,0.0
dlkcat,r_1166_ENZ_YJR158W,0.0,0.0
dlkcat,r_1166_ENZ_YJR160C,0.0,0.0
dlkcat,r_1166_ENZ_YLR081W,0.0,0.0
dlkcat,r_1166_ENZ_YMR011W,0.0,0.0
dlkcat,r_1166_ENZ_YNR072W,0.0,0.0
dlkcat,r_1166_ENZ_YOL156W,0.0,0.0
dlkcat,r_1167_ENZ_YJL212C,0.0,0.0
dlkcat,r_1168_ENZ_YDR135C_FWD,0.0,0.0
dlkcat,r_1168_ENZ_YDR135C_REV,0.0,0.0001913541017763
dlkcat,r_1168_ENZ_YLL015W_FWD,0.0,0.0
dlkcat,r_1168_ENZ_YLL015W_REV,0.0,0.0002578459297311
dlkcat,r_1169_ENZ_YCR098C_FWD,0.0,0.0
dlkcat,r_1169_ENZ_YCR098C_REV,0.0,2.619202236058269e-05
dlkcat,r_1170_ENZ_YCR098C_FWD,0.0,0.0
dlkcat,r_1170_ENZ_YCR098C_REV,0.0,1.4125258382283437e-05
dlkcat,r_1171_ENZ_YDR536W,0.0,0.0003557554986247
dlkcat,r_1171_ENZ_YGL084C,0.0,0.0004017654075371
dlkcat,r_1171_ENZ_YPL189W,0.0,0.0002515142586169
dlkcat,r_1172_ENZ_YFL054C,0.0,0.0003677777500109
dlkcat,r_1172_ENZ_YLL043W,0.0,0.0001196021324009
dlkcat,r_1173_ENZ_YCL025C_FWD,0.0,0.0
dlkcat,r_1173_ENZ_YCL025C_REV,0.0,4.441977333474734e-05
dlkcat,r_1173_ENZ_YKR039W_FWD,0.0,0.0
dlkcat,r_1173_ENZ_YKR039W_REV,0.0,0.0002014721839299
dlkcat,r_1173_ENZ_YOL020W_FWD,0.0,0.0
dlkcat,r_1173_ENZ_YOL020W_REV,0.0,0.0001449749966513
dlkcat,r_1173_ENZ_YOR348C_FWD,0.0,0.0
dlkcat,r_1173_ENZ_YOR348C_REV,0.0,0.0002020720252573
dlkcat,r_1173_ENZ_YPL265W_FWD,0.0,0.0
dlkcat,r_1173_ENZ_YPL265W_REV,0.0,0.0002347936317695
dlkcat,r_1174,0.0,0.0002681804491809
dlkcat,r_1175_ENZ_YDL198C,0.0,0.00021658113579
dlkcat,r_1176_ENZ_YER056C_FWD,0.0,0.0
dlkcat,r_1176_ENZ_YER056C_REV,0.0,1.8153110667721437e-05
dlkcat,r_1176_ENZ_YER060W-A_FWD,0.0,0.0
dlkcat,r_1176_ENZ_YER060W-A_REV,0.0,2.148739352266296e-05
dlkcat,r_1176_ENZ_YER060W_FWD,0.0,0.0
dlkcat,r_1176_ENZ_YER060W_REV,0.0,1.8153110667721437e-05
dlkcat,r_1177_ENZ_YDR497C,0.0,0.0
dlkcat,r_1177_ENZ_YOL103W,0.0,0.0
dlkcat,r_1178_ENZ_YMR058W,0.0,5.260816058247703e-06
dlkcat,r_1178_ENZ_YMR319C,1.1980184135814497e-05,1.809326928761088e-05
dlkcat,r_1179_ENZ_YJL133W,0.0,6.113085170286053e-06
dlkcat,r_1179_ENZ_YKR052C,0.0,5.119655648763313e-06
dlkcat,r_1180,0.0,4.1374651675640806e-05
dlkcat,r_1181,0.0,2.9549335082867945e-05
dlkcat,r_1182_FWD,0.0,0.0
dlkcat,r_1182_REV,0.0,0.0
dlkcat,r_1183_ENZ_YCL025C_FWD,0.0,0.0
dlkcat,r_1183_ENZ_YCL025C_REV,0.0,0.0002408160827157
dlkcat,r_1183_ENZ_YKR039W_FWD,0.0,0.0
dlkcat,r_1183_ENZ_YKR039W_REV,0.0,0.0002669867834544
dlkcat,r_1183_ENZ_YOR348C_FWD,0.0,0.0
dlkcat,r_1183_ENZ_YOR348C_REV,0.0,0.0002816491245001
dlkcat,r_1183_ENZ_YPL265W_FWD,0.0,0.0
dlkcat,r_1183_ENZ_YPL265W_REV,0.0,0.0002561222454146
dlkcat,r_1184_ENZ_YEL063C_FWD,0.0,0.0
dlkcat,r_1184_ENZ_YEL063C_REV,0.0,2.423184592011129e-05
dlkcat,r_1184_ENZ_YKR039W_FWD,0.0,0.0
dlkcat,r_1184_ENZ_YKR039W_REV,0.0,2.4214397553415368e-05
dlkcat,r_1184_ENZ_YNL270C_FWD,0.0,0.0
dlkcat,r_1184_ENZ_YNL270C_REV,0.0,2.308821391924787e-05
dlkcat,r_1185_ENZ_YBR293W,0.0,7.048770022698026e-05
dlkcat,r_1185_ENZ_YOL092W,0.0,0.0001366649801079
dlkcat,r_1186_ENZ_YCL025C_FWD,0.0,0.0
dlkcat,r_1186_ENZ_YCL025C_REV,0.0,9.78109986385367e-05
dlkcat,r_1186_ENZ_YDR508C_FWD,0.0,0.0
dlkcat,r_1186_ENZ_YDR508C_REV,0.0,0.0001053548324541
dlkcat,r_1186_ENZ_YKR039W_FWD,0.0,0.0
dlkcat,r_1186_ENZ_YKR039W_REV,0.0,9.388372620261488e-05
dlkcat,r_1186_ENZ_YPL265W_FWD,0.0,0.0
dlkcat,r_1186_ENZ_YPL265W_REV,0.0,9.856140101882628e-05
dlkcat,r_1187_ENZ_YJR001W,0.0,1.9674570554714173e-05
dlkcat,r_1188_ENZ_YKL146W,0.0,1.0555658195405115e-05
dlkcat,r_1188_ENZ_YNL101W,0.0,2.096598959339783e-05
dlkcat,r_1189_ENZ_YER119C,0.0,0.0
dlkcat,r_1190_ENZ_YFL055W_FWD,0.0,0.0008933599763041
dlkcat,r_1190_ENZ_YFL055W_REV,0.0,0.0001383923599347
dlkcat,r_1190_ENZ_YKR039W_FWD,0.0,0.000287465613165
dlkcat,r_1190_ENZ_YKR039W_REV,0.0,0.000287465613165
dlkcat,r_1190_ENZ_YPL265W_FWD,0.0,7.50087016037071e-05
dlkcat,r_1190_ENZ_YPL265W_REV,0.0,0.0001492216982477
dlkcat,r_1191_ENZ_YBR132C_FWD,0.0,0.0
dlkcat,r_1191_ENZ_YBR132C_REV,0.0,0.0
dlkcat,r_1192_ENZ_YBR068C_FWD,0.0,0.0
dlkcat,r_1192_ENZ_YBR068C_REV,0.0,1.5027757268082365e-05
dlkcat,r_1192_ENZ_YBR069C_FWD,0.0,0.0
dlkcat,r_1192_ENZ_YBR069C_REV,0.0,7.979045998460221e-06
dlkcat,r_1192_ENZ_YCL025C_FWD,0.0,0.0
dlkcat,r_1192_ENZ_YCL025C_REV,0.0,6.90757623348498e-06
dlkcat,r_1192_ENZ_YDR046C_FWD,0.0,0.0
dlkcat,r_1192_ENZ_YDR046C_REV,0.0,1.3805385576968338e-05
dlkcat,r_1192_ENZ_YDR508C_FWD,0.0,0.0
dlkcat,r_1192_ENZ_YDR508C_REV,0.0,1.3805385576940148e-05
dlkcat,r_1192_ENZ_YKR039W_FWD,0.0,0.0
dlkcat,r_1192_ENZ_YKR039W_REV,0.0,1.845485817843521e-05
dlkcat,r_1192_ENZ_YOL020W_FWD,0.0,0.0
dlkcat,r_1192_ENZ_YOL020W_REV,0.0,1.620782501322816e-05
dlkcat,r_1193_ENZ_YCR075C,0.0,0.0
dlkcat,r_1194_ENZ_YPR021C,0.2651046504631746,0.2654321705386535
dlkcat,r_1195_ENZ_YER119C,0.0,-0.0
dlkcat,r_1196_ENZ_YCL025C_FWD,0.0,0.0
dlkcat,r_1196_ENZ_YCL025C_REV,0.0,0.0001514942511125
dlkcat,r_1196_ENZ_YFL055W_FWD,0.0,0.0
dlkcat,r_1196_ENZ_YFL055W_REV,0.0,0.0001652451345455
dlkcat,r_1196_ENZ_YKR039W_FWD,0.0,0.0
dlkcat,r_1196_ENZ_YKR039W_REV,0.0,0.0001156121902345
dlkcat,r_1196_ENZ_YPL265W_FWD,0.0,0.0
dlkcat,r_1196_ENZ_YPL265W_REV,0.0,0.0001262431418137
dlkcat,r_1197_ENZ_YJR001W,0.0,3.1390315341477434e-05
dlkcat,r_1198_ENZ_YKL146W,0.0,2.001178855781152e-05
dlkcat,r_1198_ENZ_YNL101W,0.0,2.9259020816873252e-05
dlkcat,r_1199_ENZ_YCL025C_FWD,0.0,0.0
dlkcat,r_1199_ENZ_YCL025C_REV,0.0,9.645920101081228e-05
dlkcat,r_1199_ENZ_YDR508C_FWD,0.0,0.0
dlkcat,r_1199_ENZ_YDR508C_REV,0.0,0.0001016446449609
dlkcat,r_1199_ENZ_YKR039W_FWD,0.0,0.0
dlkcat,r_1199_ENZ_YKR039W_REV,0.0,0.0001240972051922
dlkcat,r_1199_ENZ_YPL265W_FWD,0.0,0.0
dlkcat,r_1199_ENZ_YPL265W_REV,0.0,0.0001245520743903
dlkcat,r_1200_ENZ_YBR293W,0.0,1000.0
dlkcat,r_1200_ENZ_YCL069W,0.0,1000.0
dlkcat,r_1200_ENZ_YMR088C,0.0,1000.0
dlkcat,r_1200_ENZ_YOL092W,0.0,1000.0
dlkcat,r_1201_ENZ_YBR069C_FWD,0.0,0.0
dlkcat,r_1201_ENZ_YBR069C_REV,0.0,2.7538795487298123e-05
dlkcat,r_1201_ENZ_YGR191W_FWD,0.0,0.0
dlkcat,r_1201_ENZ_YGR191W_REV,0.0,3.196826655673876e-05
dlkcat,r_1201_ENZ_YKR039W_FWD,0.0,0.0
dlkcat,r_1201_ENZ_YKR039W_REV,0.0,3.212600267779586e-05
dlkcat,r_1202_ENZ_YCL038C_FWD,0.0,1.7248819810767535e-05
dlkcat,r_1202_ENZ_YCL038C_REV,0.0,9.262265899454404e-05
dlkcat,r_1203_ENZ_YJR001W,0.0,1.7248819810767535e-05
dlkcat,r_1204_ENZ_YKL146W,0.0,1.643202053841413e-05
dlkcat,r_1204_ENZ_YNL101W,0.0,8.904523808339237e-05
dlkcat,r_1205_ENZ_YBR068C_FWD,0.0,0.0
dlkcat,r_1205_ENZ_YBR068C_REV,0.0,5.355497579931368e-05
dlkcat,r_1205_ENZ_YBR069C_FWD,0.0,0.0
dlkcat,r_1205_ENZ_YBR069C_REV,0.0,3.4387365145077675e-05
dlkcat,r_1205_ENZ_YCL025C_FWD,0.0,0.0
dlkcat,r_1205_ENZ_YCL025C_REV,0.0,3.9059720921968966e-05
dlkcat,r_1205_ENZ_YDR046C_FWD,0.0,0.0
dlkcat,r_1205_ENZ_YDR046C_REV,0.0,5.044814274360321e-05
dlkcat,r_1205_ENZ_YKR039W_FWD,0.0,0.0
dlkcat,r_1205_ENZ_YKR039W_REV,0.0,4.887091830677037e-05
dlkcat,r_1206_ENZ_YKL217W_FWD,0.0,0.0
dlkcat,r_1206_ENZ_YKL217W_REV,0.0,0.0
dlkcat,r_1207_ENZ_YKL217W,0.0,0.0
dlkcat,r_1208_ENZ_YCL038C_FWD,0.0,2.20183241684044e-05
dlkcat,r_1208_ENZ_YCL038C_REV,0.0,0.0005627350934454
dlkcat,r_1209_ENZ_YJR001W,0.0,2.20183241684044e-05
dlkcat,r_1210_ENZ_YKL146W,0.0,2.2778262269052356e-05
dlkcat,r_1210_ENZ_YNL101W,0.0,0.0006098117457178
dlkcat,r_1211_ENZ_YBR068C_FWD,0.0,0.0
dlkcat,r_1211_ENZ_YBR068C_REV,0.0,4.853358726955581e-05
dlkcat,r_1211_ENZ_YBR069C_FWD,0.0,0.0
dlkcat,r_1211_ENZ_YBR069C_REV,0.0,2.8200533604555437e-05
dlkcat,r_1211_ENZ_YCL025C_FWD,0.0,0.0
dlkcat,r_1211_ENZ_YCL025C_REV,0.0,4.213015115137053e-05
dlkcat,r_1211_ENZ_YDR046C_FWD,0.0,0.0
dlkcat,r_1211_ENZ_YDR046C_REV,0.0,3.703863965423548e-05
dlkcat,r_1211_ENZ_YDR508C_FWD,0.0,0.0
dlkcat,r_1211_ENZ_YDR508C_REV,0.0,4.530263749485952e-05
dlkcat,r_1211_ENZ_YKR039W_FWD,0.0,0.0
dlkcat,r_1211_ENZ_YKR039W_REV,0.0,4.381139792547506e-05
dlkcat,r_1212_ENZ_YBR293W,0.0,7.538382485864303e-05
dlkcat,r_1212_ENZ_YCL069W,0.0,0.000269179254972
dlkcat,r_1212_ENZ_YMR088C,0.0,0.0001470320998482
dlkcat,r_1212_ENZ_YOL092W,0.0,0.0002022550905737
dlkcat,r_1213_ENZ_YKR039W_FWD,0.0,0.0
dlkcat,r_1213_ENZ_YKR039W_REV,0.0,2.7113302718484444e-05
dlkcat,r_1213_ENZ_YNL268W_FWD,0.0,0.0
dlkcat,r_1213_ENZ_YNL268W_REV,0.0,3.3339688613215346e-05
dlkcat,r_1214_ENZ_YBR068C_FWD,0.0,0.0
dlkcat,r_1214_ENZ_YBR068C_REV,0.0,1.721837043247576e-05
dlkcat,r_1214_ENZ_YCL025C_FWD,0.0,0.0
dlkcat,r_1214_ENZ_YCL025C_REV,0.0,1.7519593553019797e-05
dlkcat,r_1214_ENZ_YDR046C_FWD,0.0,0.0
dlkcat,r_1214_ENZ_YDR046C_REV,0.0,1.5434254420750027e-05
dlkcat,r_1214_ENZ_YDR508C_FWD,0.0,0.0
dlkcat,r_1214_ENZ_YDR508C_REV,0.0,1.796554630717484e-05
dlkcat,r_1214_ENZ_YGR055W_FWD,0.0,0.0
dlkcat,r_1214_ENZ_YGR055W_REV,0.0,1.66332411543485e-05
dlkcat,r_1214_ENZ_YHL036W_FWD,0.0,0.0
dlkcat,r_1214_ENZ_YHL036W_REV,0.0,1.5219132630028833e-05
dlkcat,r_1214_ENZ_YKR039W_FWD,0.0,0.0
dlkcat,r_1214_ENZ_YKR039W_REV,0.0,1.5219132630042709e-05
dlkcat,r_1215_ENZ_YBR068C_FWD,0.0,0.0
dlkcat,r_1215_ENZ_YBR068C_REV,0.0,3.758691302607753e-05
dlkcat,r_1215_ENZ_YCL025C_FWD,0.0,0.0
dlkcat,r_1215_ENZ_YCL025C_REV,0.0,3.641307524565596e-05
dlkcat,r_1215_ENZ_YDR046C_FWD,0.0,0.0
dlkcat,r_1215_ENZ_YDR046C_REV,0.0,3.629480435297927e-05
dlkcat,r_1215_ENZ_YKR039W_FWD,0.0,0.0
dlkcat,r_1215_ENZ_YKR039W_REV,0.0,4.074601857700921e-05
dlkcat,r_1215_ENZ_YOL020W_FWD,0.0,0.0
dlkcat,r_1215_ENZ_YOL020W_REV,0.0,4.074601857700921e-05
dlkcat,r_1216_ENZ_YKR039W_FWD,0.0,0.0
dlkcat,r_1216_ENZ_YKR039W_REV,0.0,6.246556330168074e-05
dlkcat,r_1216_ENZ_YOR348C_FWD,0.0,0.0
dlkcat,r_1216_ENZ_YOR348C_REV,0.0,6.442264578986057e-05
dlkcat,r_1217_ENZ_YCL025C_FWD,0.0,0.0
dlkcat,r_1217_ENZ_YCL025C_REV,0.0,0.0002107189601294
dlkcat,r_1217_ENZ_YDR105C_FWD,0.0,0.0
dlkcat,r_1217_ENZ_YDR105C_REV,0.0,0.0001975869646552
dlkcat,r_1217_ENZ_YDR508C_FWD,0.0,0.0
dlkcat,r_1217_ENZ_YDR508C_REV,0.0,0.0002943830947479
dlkcat,r_1217_ENZ_YFL055W_FWD,0.0,0.0
dlkcat,r_1217_ENZ_YFL055W_REV,0.0,0.0002479983953929
dlkcat,r_1217_ENZ_YKR039W_FWD,0.0,0.0
dlkcat,r_1217_ENZ_YKR039W_REV,0.0,0.0001745165947064
dlkcat,r_1217_ENZ_YPL265W_FWD,0.0,0.0
dlkcat,r_1217_ENZ_YPL265W_REV,0.0,0.0002245833310148
dlkcat,r_1218_ENZ_YCL025C_FWD,0.0,0.0
dlkcat,r_1218_ENZ_YCL025C_REV,0.0,4.626569774382472e-05
dlkcat,r_1218_ENZ_YDR508C_FWD,0.0,0.0
dlkcat,r_1218_ENZ_YDR508C_REV,0.0,7.41968918800684e-05
dlkcat,r_1218_ENZ_YKR039W_FWD,0.0,0.0
dlkcat,r_1218_ENZ_YKR039W_REV,0.0,7.420690110203354e-05
dlkcat,r_1219_ENZ_YBR068C_FWD,0.0,0.0
dlkcat,r_1219_ENZ_YBR068C_REV,0.0,2.632335989170842e-05
dlkcat,r_1219_ENZ_YBR069C_FWD,0.0,0.0
dlkcat,r_1219_ENZ_YBR069C_REV,0.0,2.8590522143684405e-05
dlkcat,r_1219_ENZ_YDR046C_FWD,0.0,0.0
dlkcat,r_1219_ENZ_YDR046C_REV,0.0,2.7855115363323305e-05
dlkcat,r_1219_ENZ_YKR039W_FWD,0.0,0.0
dlkcat,r_1219_ENZ_YKR039W_REV,0.0,2.7855115394367916e-05
dlkcat,r_1219_ENZ_YOL020W_FWD,0.0,0.0
dlkcat,r_1219_ENZ_YOL020W_REV,0.0,2.7855115226280147e-05
dlkcat,r_1220_ENZ_YCL038C_FWD,0.0,0.0003178453460071
dlkcat,r_1220_ENZ_YCL038C_REV,0.0,0.0009987955784641
dlkcat,r_1221_ENZ_YBR293W,0.0,0.0003884948272733
dlkcat,r_1221_ENZ_YJR001W,0.0,7.92647067569139e-06
dlkcat,r_1222_ENZ_YKL146W,0.0,1.949786247903095e-05
dlkcat,r_1222_ENZ_YNL101W,0.0,0.000947154145102
dlkcat,r_1223_ENZ_YBR068C_FWD,0.0,0.0
dlkcat,r_1223_ENZ_YBR068C_REV,0.0,3.57380832734025e-05
dlkcat,r_1223_ENZ_YBR069C_FWD,0.0,0.0
dlkcat,r_1223_ENZ_YBR069C_REV,0.0,3.03306702725617e-05
dlkcat,r_1223_ENZ_YCL025C_FWD,0.0,0.0
dlkcat,r_1223_ENZ_YCL025C_REV,0.0,3.424978126865402e-05
dlkcat,r_1223_ENZ_YDR046C_FWD,0.0,0.0
dlkcat,r_1223_ENZ_YDR046C_REV,0.0,3.5999423699792366e-05
dlkcat,r_1223_ENZ_YKR039W_FWD,0.0,0.0
dlkcat,r_1223_ENZ_YKR039W_REV,0.0,3.903133397908237e-05
dlkcat,r_1223_ENZ_YOL020W_FWD,0.0,0.0
dlkcat,r_1223_ENZ_YOL020W_REV,0.0,3.739537429531953e-05
dlkcat,r_1224_ENZ_YBR068C_FWD,0.0,0.0
dlkcat,r_1224_ENZ_YBR068C_REV,0.0,4.060366402217075e-05
dlkcat,r_1224_ENZ_YBR069C_FWD,0.0,0.0
dlkcat,r_1224_ENZ_YBR069C_REV,0.0,2.361547913473649e-05
dlkcat,r_1224_ENZ_YCL025C_FWD,0.0,0.0
dlkcat,r_1224_ENZ_YCL025C_REV,0.0,3.3204712063389374e-05
dlkcat,r_1224_ENZ_YDR046C_FWD,0.0,0.0
dlkcat,r_1224_ENZ_YDR046C_REV,0.0,2.9616826262374163e-05
dlkcat,r_1224_ENZ_YKR039W_FWD,0.0,0.0
dlkcat,r_1224_ENZ_YKR039W_REV,0.0,3.798535487889443e-05
dlkcat,r_1225_ENZ_YIL013C_FWD,0.0,0.0
dlkcat,r_1225_ENZ_YIL013C_REV,0.0,3.8513286936860125e-06
dlkcat,r_1225_ENZ_YOR011W_FWD,0.0,0.0
dlkcat,r_1225_ENZ_YOR011W_REV,0.0,3.851428694075926e-06
dlkcat,r_1226_ENZ_YLR348C,0.0,0.0002777277732551
dlkcat,r_1227_ENZ_YBR298C,0.0,0.0
dlkcat,r_1227_ENZ_YDL247W,0.0,0.0
dlkcat,r_1227_ENZ_YGR289C,0.0,0.0
dlkcat,r_1227_ENZ_YJR160C,0.0,0.0
dlkcat,r_1228_ENZ_YBR180W,0.0,1.605085163396136e-05
dlkcat,r_1229_ENZ_YEL006W,0.0,0.0
dlkcat,r_1229_ENZ_YIL006W,0.0,0.0
dlkcat,r_1230_ENZ_YIL006W,0.0,-0.0
dlkcat,r_1231_ENZ_YIL006W,0.0,0.0
dlkcat,r_1232_ENZ_YIL006W,0.0,-0.0
dlkcat,r_1235_ENZ_YGR260W_FWD,0.0,0.0
dlkcat,r_1235_ENZ_YGR260W_REV,0.0,4.729020147931583e-07
dlkcat,r_1236_ENZ_YKL188C_and_YPL147W_FWD,0.0,4.766510474516969e-05
dlkcat,r_1236_ENZ_YKL188C_and_YPL147W_REV,0.0,6.0755755105557085e-05
dlkcat,r_1237_ENZ_YOR130C,0.0727450085523798,0.0728016266004942
dlkcat,r_1238_ENZ_YKR039W_FWD,0.0,0.0
dlkcat,r_1238_ENZ_YKR039W_REV,0.0,3.521553064644856e-05
dlkcat,r_1239_ENZ_YKL120W,0.0,0.0003752893945783
dlkcat,r_1241_ENZ_YCR028C_FWD,0.0,0.0
dlkcat,r_1241_ENZ_YCR028C_REV,0.0,1.9961198865569558e-05
dlkcat,r_1242_FWD,0.0,0.0
dlkcat,r_1242_REV,0.0,0.0
dlkcat,r_1243,0.0,2.88040048697914e-05
dlkcat,r_1244_ENZ_YBR296C_FWD,1.9699163325488596,1.9736866718741788
dlkcat,r_1244_ENZ_YBR296C_REV,0.0,0.0
dlkcat,r_1244_ENZ_YCR037C_FWD,0.0,0.0
dlkcat,r_1244_ENZ_YCR037C_REV,0.0,0.0
dlkcat,r_1244_ENZ_YJL198W_FWD,0.0,0.0
dlkcat,r_1244_ENZ_YJL198W_REV,0.0,0.0
dlkcat,r_1244_ENZ_YML123C_FWD,0.0,0.0
dlkcat,r_1244_ENZ_YML123C_REV,0.0,0.0
dlkcat,r_1244_ENZ_YNR013C_FWD,0.0,0.0
dlkcat,r_1244_ENZ_YNR013C_REV,0.0,0.0
dlkcat,r_1245_ENZ_YER053C,0.0,0.0032313755317652
dlkcat,r_1245_ENZ_YJR077C,0.0,0.0105277806268375
dlkcat,r_1249_ENZ_YDR456W_FWD,0.0014305285180476,0.0014305285180478
dlkcat,r_1249_ENZ_YDR456W_REV,0.0,0.0
dlkcat,r_1249_ENZ_YJL129C_FWD,0.0,0.0
dlkcat,r_1249_ENZ_YJL129C_REV,0.0,0.0
dlkcat,r_1250_ENZ_YKL174C,0.0,0.0
dlkcat,r_1251_ENZ_YLL028W_FWD,0.0,0.0
dlkcat,r_1251_ENZ_YLL028W_REV,0.0,2.3451844962996127e-05
dlkcat,r_1251_ENZ_YOR273C_FWD,0.0,0.0
dlkcat,r_1251_ENZ_YOR273C_REV,0.0,2.234895222665012e-05
dlkcat,r_1252_ENZ_YLL028W_FWD,0.0,0.0
dlkcat,r_1252_ENZ_YLL028W_REV,0.0,0.0
dlkcat,r_1252_ENZ_YOR273C_FWD,0.0,0.0
dlkcat,r_1252_ENZ_YOR273C_REV,0.0,0.0
dlkcat,r_1253_ENZ_YGL186C_FWD,0.0,0.0
dlkcat,r_1253_ENZ_YGL186C_REV,0.0,0.0
dlkcat,r_1254_ENZ_YKL217W_FWD,0.0,0.0
dlkcat,r_1254_ENZ_YKL217W_REV,0.0,0.0013019138637682
dlkcat,r_1255_ENZ_YPL274W,0.0,0.0
dlkcat,r_1256_ENZ_YNL003C_FWD,0.0,0.0
dlkcat,r_1256_ENZ_YNL003C_REV,0.0,0.0
dlkcat,r_1257_ENZ_YLL061W,0.0,0.0
dlkcat,r_1258_ENZ_YDR456W_FWD,0.0,0.0
dlkcat,r_1258_ENZ_YDR456W_REV,0.0015645174284287,0.0017831937428378
dlkcat,r_1258_ENZ_YLR138W_FWD,0.0,0.0
dlkcat,r_1258_ENZ_YLR138W_REV,0.0,0.0
dlkcat,r_1259_ENZ_YKL174C,0.0,0.0
dlkcat,r_1260_ENZ_YBR132C_FWD,0.0,0.0
dlkcat,r_1260_ENZ_YBR132C_REV,0.0,1.5544868581213178e-05
dlkcat,r_1260_ENZ_YHL016C_FWD,0.0,0.0
dlkcat,r_1260_ENZ_YHL016C_REV,0.0,1.642678427964117e-05
dlkcat,r_1260_ENZ_YKR039W_FWD,0.0,0.0
dlkcat,r_1260_ENZ_YKR039W_REV,0.0,1.657987095429747e-05
dlkcat,r_1260_ENZ_YLL028W_FWD,0.0,0.0
dlkcat,r_1260_ENZ_YLL028W_REV,0.0,1.378558149860154e-05
dlkcat,r_1260_ENZ_YOR273C_FWD,0.0,0.0
dlkcat,r_1260_ENZ_YOR273C_REV,0.0,1.350938648561617e-05
dlkcat,r_1260_ENZ_YPL274W_FWD,0.0,0.0
dlkcat,r_1260_ENZ_YPL274W_REV,0.0,1.5389696935041997e-05
dlkcat,r_1261_ENZ_YLL028W_FWD,0.0,0.0
dlkcat,r_1261_ENZ_YLL028W_REV,0.0,0.0
dlkcat,r_1261_ENZ_YOR273C_FWD,0.0,0.0
dlkcat,r_1261_ENZ_YOR273C_REV,0.0,0.0
dlkcat,r_1262_ENZ_YGR138C_FWD,0.0,0.0
dlkcat,r_1262_ENZ_YGR138C_REV,0.0,1.1902064223467956e-05
dlkcat,r_1262_ENZ_YLL028W_FWD,0.0,0.0
dlkcat,r_1262_ENZ_YLL028W_REV,0.0,9.692589022045062e-06
dlkcat,r_1262_ENZ_YOR273C_FWD,0.0,0.0
dlkcat,r_1262_ENZ_YOR273C_REV,0.0,9.692589022045062e-06
dlkcat,r_1262_ENZ_YPR156C_FWD,0.0,0.0
dlkcat,r_1262_ENZ_YPR156C_REV,0.0,1.11662160309978e-05
dlkcat,r_1263_ENZ_YGR138C_FWD,0.0,0.0
dlkcat,r_1263_ENZ_YGR138C_REV,0.0,0.0
dlkcat,r_1263_ENZ_YLL028W_FWD,0.0,0.0
dlkcat,r_1263_ENZ_YLL028W_REV,0.0,0.0
dlkcat,r_1263_ENZ_YOR273C_FWD,0.0,0.0
dlkcat,r_1263_ENZ_YOR273C_REV,0.0,0.0
dlkcat,r_1263_ENZ_YPR156C_FWD,0.0,0.0
dlkcat,r_1263_ENZ_YPR156C_REV,0.0,0.0
dlkcat,r_1264_ENZ_YLR348C,0.0,0.0002974403485193
dlkcat,r_1265_ENZ_YJR095W,0.0419752679233338,0.0426258792031024
dlkcat,r_1266_ENZ_YBR294W,0.0,0.0
dlkcat,r_1266_ENZ_YLR092W,0.0338952977360163,0.0339461742708789
dlkcat,r_1267_ENZ_YPL092W,0.0,5.087653486289534e-05
dlkcat,r_1268_FWD,0.0,0.0
dlkcat,r_1268_REV,0.0,0.0
dlkcat,r_1269_ENZ_YGR096W,0.0,0.0
dlkcat,r_1270_ENZ_YLR237W,0.0,0.0
dlkcat,r_1270_ENZ_YOR071C,0.0,0.0
dlkcat,r_1270_ENZ_YOR192C,0.0,0.0
dlkcat,r_1271_ENZ_YPL244C,0.0,0.0
dlkcat,r_1272_ENZ_YBR021W,0.0,0.0
dlkcat,r_1273_ENZ_YHL016C_FWD,0.0,0.0
dlkcat,r_1273_ENZ_YHL016C_REV,0.0,5.177899035334333e-05
dlkcat,r_1274_ENZ_YBL042C,0.0,0.0
dlkcat,r_1275_ENZ_YBR192W,0.0,0.0
dlkcat,r_1276_ENZ_YBR192W,0.0,0.0
dlkcat,r_1277_ENZ_YLL052C_FWD,0.0,0.0
dlkcat,r_1277_ENZ_YLL052C_REV,20.67810622304012,20.69423873724609
dlkcat,r_1277_ENZ_YPR192W_FWD,0.0,0.0
dlkcat,r_1277_ENZ_YPR192W_REV,0.0,0.0
dlkcat,r_1278_ENZ_YIL013C_FWD,0.0,0.0
dlkcat,r_1278_ENZ_YIL013C_REV,0.0,4.027895724402173e-06
dlkcat,r_1278_ENZ_YOR011W_FWD,0.0,0.0
dlkcat,r_1278_ENZ_YOR011W_REV,0.0,3.010968889874052e-06
dlkcat,r_1449,0.0,0.0
dlkcat,r_1450,0.0,0.0
dlkcat,r_1451,0.0,0.0
dlkcat,r_1452,0.0,0.0
dlkcat,r_1453,0.0,0.0
dlkcat,r_1454,0.0,0.0
dlkcat,r_1455,0.0,0.0
dlkcat,r_1456,0.0,0.0
dlkcat,r_1457,0.0,0.0
dlkcat,r_1458,0.0,0.0
dlkcat,r_1479,0.0,0.0
dlkcat,r_1480,0.0,0.0
dlkcat,r_1481,0.0,0.0
dlkcat,r_1482,0.0,0.0
dlkcat,r_1483,0.0,0.0
dlkcat,r_1484,0.0,0.0
dlkcat,r_1485,0.0,0.0
dlkcat,r_1486,0.0,0.0
dlkcat,r_1487,0.0,0.0
dlkcat,r_1488,0.0,0.0
dlkcat,r_1509,0.0,0.0
dlkcat,r_1510,0.0,0.0
dlkcat,r_1511,0.0,0.0
dlkcat,r_1512,0.0,0.0
dlkcat,r_1513,0.0,0.0
dlkcat,r_1514,0.0,0.0
dlkcat,r_1515,0.0,0.0
dlkcat,r_1516,0.0,0.0
dlkcat,r_1517,0.0,0.0
dlkcat,r_1518,0.0,0.0
dlkcat,r_1542,0.0,0.0
dlkcat,r_1543_FWD,0.0,0.0
dlkcat,r_1543_REV,0.0,0.0
dlkcat,r_1545,0.0,0.0
dlkcat,r_1546,0.0,0.0002363543784213
dlkcat,r_1547,0.0,0.0001279199823601
dlkcat,r_1548,0.0,1.9620309948287188e-05
dlkcat,r_1549,0.0,0.0001577248653483
dlkcat,r_1550,0.0,6.94233608233008e-05
dlkcat,r_1551,0.0,0.0
dlkcat,r_1552,0.0,0.0001772309223052
dlkcat,r_1553,0.0,2.735182444848032e-05
dlkcat,r_1554,0.0,-0.0
dlkcat,r_1560_FWD,0.0,0.0001108300325789
dlkcat,r_1560_REV,0.0,0.0
dlkcat,r_1562_FWD,0.0,0.0001081402234819
dlkcat,r_1562_REV,0.0,0.0
dlkcat,r_1563,0.0,0.0
dlkcat,r_1564,0.0,0.0
dlkcat,r_1565,0.0,0.0
dlkcat,r_1566,0.0,0.0
dlkcat,r_1567_FWD,0.0,0.0
dlkcat,r_1567_REV,0.1213150021855261,0.1222658852321484
dlkcat,r_1568_FWD,0.0,0.0
dlkcat,r_1568_REV,7.44340511231271e-05,9.483536932488623e-05
dlkcat,r_1572,0.0,0.0001277568354524
dlkcat,r_1573_FWD,0.0,0.0001277568354524
dlkcat,r_1573_REV,0.0,0.0
dlkcat,r_1574_ENZ_YKL120W_FWD,0.0,0.0
dlkcat,r_1574_ENZ_YKL120W_REV,0.134143087020353,0.1342505254241025
dlkcat,r_1575_FWD,0.0,7.7544518978373e-05
dlkcat,r_1575_REV,0.0,0.0
dlkcat,r_1576_FWD,0.0,0.0
dlkcat,r_1576_REV,0.0,9.291874027184122e-05
dlkcat,r_1577,0.0,7.869815946917602e-05
dlkcat,r_1578_FWD,0.0,9.747840058940692e-05
dlkcat,r_1578_REV,0.0,0.0
dlkcat,r_1579_FWD,0.0,7.853425712256345e-05
dlkcat,r_1579_REV,0.0,0.0
dlkcat,r_1580,0.0,7.853425712256345e-05
dlkcat,r_1581,0.0,4.181086669241451e-05
dlkcat,r_1582_FWD,0.0,3.35711262955396e-05
dlkcat,r_1582_REV,0.0,0.0
dlkcat,r_1583_FWD,0.0,2.998497260472865e-05
dlkcat,r_1583_REV,0.0,0.0
dlkcat,r_1585_ENZ_YKL217W_FWD,0.0871683161587739,0.0873013918178908
dlkcat,r_1585_ENZ_YKL217W_REV,0.0,0.0
dlkcat,r_1585_ENZ_YNL065W_FWD,0.0,0.0
dlkcat,r_1585_ENZ_YNL065W_REV,0.0,0.0
dlkcat,r_1586,0.0,0.0001333517257603
dlkcat,r_1587_FWD,0.0,0.0
dlkcat,r_1587_REV,0.0,0.0
dlkcat,r_1588_FWD,0.0,1000.0
dlkcat,r_1588_REV,0.0,1000.0
dlkcat,r_1589,0.0,5.192375544037231e-05
dlkcat,r_1590_FWD,0.0,0.0
dlkcat,r_1590_REV,0.0,5.2874934625016325e-05
dlkcat,r_1591_FWD,0.0,5.118662256582696e-05
dlkcat,r_1591_REV,0.0,0.0
dlkcat,r_1595_FWD,0.0,0.0
dlkcat,r_1595_REV,0.0,0.0
dlkcat,r_1596_FWD,0.0,0.0
dlkcat,r_1596_REV,0.0871178073571507,0.0873063591565315
dlkcat,r_1597_FWD,0.0,0.0
dlkcat,r_1597_REV,0.0,8.944498290977543e-05
dlkcat,r_1598,0.0,7.513016980972842e-05
dlkcat,r_1599_FWD,0.0,7.513016831989239e-05
dlkcat,r_1599_REV,0.0,0.0
dlkcat,r_1600_FWD,0.0,7.408239201517341e-05
dlkcat,r_1600_REV,0.0,0.0
dlkcat,r_1601_FWD,0.0,0.0
dlkcat,r_1601_REV,0.0,0.0
dlkcat,r_1603_ENZ_YFL058W,0.0,4.729020147931583e-07
dlkcat,r_1604,0.0,4.362759362225299e-05
dlkcat,r_1605_FWD,0.0,4.3627593591985536e-05
dlkcat,r_1605_REV,0.0,9.99992438946861e-05
dlkcat,r_1606_FWD,2.4984989901055688e-05,2.4985206890281097e-05
dlkcat,r_1606_REV,0.0,0.0
dlkcat,r_1607_FWD,0.0,0.0003571598849069
dlkcat,r_1607_REV,0.0,0.0
dlkcat,r_1608_FWD,0.0,0.0
dlkcat,r_1608_REV,0.0,0.0003571598849069
dlkcat,r_1609_FWD,0.0,0.0
dlkcat,r_1609_REV,0.0,0.0
dlkcat,r_1610_FWD,0.0,0.0
dlkcat,r_1610_REV,0.0,0.0
dlkcat,r_1611_FWD,0.0,0.0
dlkcat,r_1611_REV,0.0,0.0
dlkcat,r_1613,0.0,0.0004308122319986
dlkcat,r_1614_ENZ_YBR242W,0.0,0.0
dlkcat,r_1614_ENZ_YGL101W,0.0,0.0
dlkcat,r_1615_ENZ_YBR242W,0.0,0.0005932047636107
dlkcat,r_1615_ENZ_YGL101W,0.0,0.0006730054042499
dlkcat,r_1616_ENZ_YBR242W,0.0,0.0
dlkcat,r_1616_ENZ_YGL101W,0.0,0.0
dlkcat,r_1617_ENZ_YBR242W,0.0,0.0007531004326004
dlkcat,r_1617_ENZ_YGL101W,0.0,0.0007460245595609
dlkcat,r_1618,0.0,0.0007067125189923
dlkcat,r_1619_ENZ_YER037W,0.0,0.0007531004158787
dlkcat,r_1620,0.0,0.0
dlkcat,r_1621,0.0,0.0
dlkcat,r_1622_FWD,0.0,0.0
dlkcat,r_1622_REV,0.0,4.775091775155449e-05
dlkcat,r_1623_ENZ_YER183C,0.0,0.000935203427118
dlkcat,r_1624_ENZ_YER183C,0.0,0.0
dlkcat,r_1625,0.0,0.0
dlkcat,r_1627,0.0,0.0
dlkcat,r_1628_FWD,0.0,0.0
dlkcat,r_1628_REV,0.0,0.0
dlkcat,r_1629,0.0,0.0
dlkcat,r_1630,0.0,2.35456632243225e-05
dlkcat,r_1631,0.0,0.0003971036899208
dlkcat,r_1632_FWD,0.0,0.0
dlkcat,r_1632_REV,1.9317016046417732,2.0373166665969045
dlkcat,r_1633_FWD,0.0,0.0
dlkcat,r_1633_REV,0.0,0.00036700626173
dlkcat,r_1634,0.0,0.0002569894022464
dlkcat,r_1635_FWD,0.0,0.0
dlkcat,r_1635_REV,0.0,0.0
dlkcat,r_1637_FWD,0.0,0.0
dlkcat,r_1637_REV,0.0,0.0
dlkcat,r_1638,0.0,4.876900966938047e-05
dlkcat,r_1639,0.0,0.0
dlkcat,r_1640_FWD,0.0,0.0
dlkcat,r_1640_REV,0.0,0.0
dlkcat,r_1641,0.0,1.913459375789406e-05
dlkcat,r_1642_ENZ_YPR011C_FWD,0.0,0.0
dlkcat,r_1642_ENZ_YPR011C_REV,0.0,5.557840058664234e-06
dlkcat,r_1643,0.0,0.0
dlkcat,r_1644_FWD,0.0,0.0
dlkcat,r_1644_REV,0.0,0.0285097453175187
dlkcat,r_1645_FWD,0.0,0.0
dlkcat,r_1645_REV,0.0,0.0010276294278348
dlkcat,r_1647_FWD,0.0,0.0
dlkcat,r_1647_REV,0.0,4.903829359451666e-05
dlkcat,r_1648,0.0,0.0
dlkcat,r_1649,0.0,0.0
dlkcat,r_1650,0.0,0.0001656851729647
dlkcat,r_1651,0.0,1.897180415236753e-05
dlkcat,r_1652_FWD,0.0,1000.0
dlkcat,r_1652_REV,0.0,1000.0
dlkcat,r_1654_FWD,0.0,0.0
dlkcat,r_1654_REV,2.521652708315224,2.5221044853550034
dlkcat,r_1656_FWD,0.0,0.0
dlkcat,r_1656_REV,0.0,0.0
dlkcat,r_1657_ENZ_YBR147W,0.0,0.0
dlkcat,r_1658_ENZ_YDR508C,0.0,0.0
dlkcat,r_1659_FWD,0.0,8.70256628390653e-06
dlkcat,r_1659_REV,0.0,3.785647312917242e-05
dlkcat,r_1660_FWD,0.0,0.0281080720428574
dlkcat,r_1660_REV,0.0,0.0
dlkcat,r_1661_FWD,0.0,0.001090879016079
dlkcat,r_1661_REV,0.0,0.0
dlkcat,r_1663,0.0,0.0
dlkcat,r_1664_FWD,0.0,0.0
dlkcat,r_1664_REV,0.0,0.0
dlkcat,r_1665_FWD,1.3713243171876262,1.6670424760621905
dlkcat,r_1665_REV,0.0,0.0
dlkcat,r_1667_ENZ_YNL036W_FWD,0.0,0.1617574392974367
dlkcat,r_1667_ENZ_YNL036W_REV,0.0,0.1339607153459268
dlkcat,r_1668_FWD,0.0,0.0
dlkcat,r_1668_REV,0.0,0.0
dlkcat,r_1669_FWD,0.0,0.0
dlkcat,r_1669_REV,1.3713243171876262,1.6670424760908271
dlkcat,r_1671,0.0,0.0
dlkcat,r_1672,12.832132109088825,12.848589082307786
dlkcat,r_1673,0.0,3.858118200065578e-05
dlkcat,r_1674,0.0,3.858118200050775e-05
dlkcat,r_1675_FWD,0.0,0.0
dlkcat,r_1675_REV,0.0,0.0
dlkcat,r_1676_FWD,0.0,0.0
dlkcat,r_1676_REV,0.0,0.0001080584418831
dlkcat,r_1677_FWD,0.0,0.0
dlkcat,r_1677_REV,0.0,9.418171574998406e-05
dlkcat,r_1678_FWD,0.0,0.0
dlkcat,r_1678_REV,0.0,9.676709393525128e-05
dlkcat,r_1679_FWD,0.0,0.0
dlkcat,r_1679_REV,0.0,9.676709393524e-05
dlkcat,r_1680_FWD,0.0,0.0
dlkcat,r_1680_REV,0.0,9.676709393524e-05
dlkcat,r_1681_FWD,0.0,0.0
dlkcat,r_1681_REV,0.0,9.676709392594622e-05
dlkcat,r_1682,0.0145302391628505,0.0145395601991134
dlkcat,r_1683,0.0,1.3855989676236913e-05
dlkcat,r_1684_ENZ_YGL077C_FWD,0.0,6.211687000469054e-05
dlkcat,r_1684_ENZ_YGL077C_REV,0.0,0.0
dlkcat,r_1684_ENZ_YOR161C_FWD,0.0,4.481686238525309e-05
dlkcat,r_1684_ENZ_YOR161C_REV,0.0,0.0
dlkcat,r_1685,0.0,0.0
dlkcat,r_1686_FWD,0.0,0.0
dlkcat,r_1686_REV,0.0,0.0001399003127208
dlkcat,r_1687,0.0,0.0001399003127208
dlkcat,r_1688_FWD,0.0,0.0
dlkcat,r_1688_REV,0.0,9.409626307543274e-06
dlkcat,r_1689_FWD,0.0,3.968627540446024e-05
dlkcat,r_1689_REV,0.0,9.15904704494134e-06
dlkcat,r_1690,0.0,0.0072077277266586
dlkcat,r_1691_FWD,0.0,0.0
dlkcat,r_1691_REV,0.0,0.0
dlkcat,r_1694_FWD,0.0,0.0
dlkcat,r_1694_REV,1.4057383354655648,1.630242186167549
dlkcat,r_1695_FWD,0.0,0.0
dlkcat,r_1695_REV,0.0,9.376640935304042e-06
dlkcat,r_1696_FWD,0.0,0.0
dlkcat,r_1696_REV,2.1529707444638744,2.185543337951045
dlkcat,r_1697_FWD,12.829477725267914,12.848818814678282
dlkcat,r_1697_REV,0.0,0.0
dlkcat,r_1698_FWD,0.0,0.0
dlkcat,r_1698_REV,0.0,0.0001246943415239
dlkcat,r_1699_FWD,0.0,0.0
dlkcat,r_1699_REV,0.0,0.0
dlkcat,r_1700_FWD,0.0,7.457454218449955e-05
dlkcat,r_1700_REV,0.0,7.501132411702471e-05
dlkcat,r_1702,0.0,0.0
dlkcat,r_1703_ENZ_YKL024C,0.0,8.577603891819774e-05
dlkcat,r_1704_ENZ_YKL024C_FWD,0.0,4.39297710698762e-05
dlkcat,r_1704_ENZ_YKL024C_REV,0.0,4.236167702771784e-05
dlkcat,r_1705,0.0,0.0
dlkcat,r_1706,0.0,-0.0
dlkcat,r_1707_ENZ_YDR342C_FWD,0.0,0.0
dlkcat,r_1707_ENZ_YDR342C_REV,0.0,0.0
dlkcat,r_1707_ENZ_YHR092C_FWD,0.0,0.0
dlkcat,r_1707_ENZ_YHR092C_REV,0.0,0.0
dlkcat,r_1708_FWD,0.1211248217131445,0.122226338337017
dlkcat,r_1708_REV,0.0,0.0
dlkcat,r_1709,0.0,0.0
dlkcat,r_1710,0.0,0.0
dlkcat,r_1711,0.0,0.0
dlkcat,r_1712,0.0,0.0
dlkcat,r_1713_FWD,0.0,0.0
dlkcat,r_1713_REV,0.0,2.0231200603324645e-05
dlkcat,r_1714_FWD,0.0,0.0
dlkcat,r_1714_REV,4.817187064748111,4.821405931433631
dlkcat,r_1715,0.0,0.0
dlkcat,r_1716,0.0,0.0
dlkcat,r_1717_ENZ_YDL245C_FWD,0.0,0.0
dlkcat,r_1717_ENZ_YDL245C_REV,0.0,0.0
dlkcat,r_1717_ENZ_YEL069C_FWD,0.0,0.0
dlkcat,r_1717_ENZ_YEL069C_REV,0.0,0.0
dlkcat,r_1717_ENZ_YJR158W_FWD,0.0,0.0
dlkcat,r_1717_ENZ_YJR158W_REV,0.0,0.0
dlkcat,r_1717_ENZ_YNR072W_FWD,0.0,0.0
dlkcat,r_1717_ENZ_YNR072W_REV,0.0,0.0
dlkcat,r_1718,0.0,0.0
dlkcat,r_1719_ENZ_YHR092C_FWD,0.0,0.0
dlkcat,r_1719_ENZ_YHR092C_REV,0.0,0.0
dlkcat,r_1720_FWD,0.0,0.0
dlkcat,r_1720_REV,0.0,0.0
dlkcat,r_1721_FWD,0.0,0.0
dlkcat,r_1721_REV,0.0,0.0
dlkcat,r_1722,0.0,0.0001423651162046
dlkcat,r_1723,0.0,0.0
dlkcat,r_1724,0.0,0.0001739016420541
dlkcat,r_1725,0.0,0.0
dlkcat,r_1726_FWD,0.0,0.0
dlkcat,r_1726_REV,0.0,0.0
dlkcat,r_1727,0.0,7.509346507472347e-06
dlkcat,r_1728,0.0,0.0
dlkcat,r_1729_ENZ_YDL166C_FWD,0.0,0.0001314639993675
dlkcat,r_1729_ENZ_YDL166C_REV,0.0,0.0006216903992832
dlkcat,r_1730,0.0,0.0
dlkcat,r_1731,0.0,0.0
dlkcat,r_1732,0.0,0.0
dlkcat,r_1733,0.0,0.0
dlkcat,r_1734,0.0,0.000592866349713
dlkcat,r_1735_ENZ_YBL042C,0.0,0.0
dlkcat,r_1736_ENZ_YDR196C,0.0,8.043399202986595e-05
dlkcat,r_1737_FWD,0.0,0.0
dlkcat,r_1737_REV,0.0,0.0
dlkcat,r_1738_FWD,2.4984989901055688e-05,2.498507247044589e-05
dlkcat,r_1738_REV,0.0,0.0
dlkcat,r_1739_ENZ_YDR071C,0.0,0.0
dlkcat,r_1743_FWD,0.0,0.0
dlkcat,r_1743_REV,0.0,0.0
dlkcat,r_1744,0.0,2.4985072205726565e-05
dlkcat,r_1745_FWD,0.0,0.0
dlkcat,r_1745_REV,2.4984989901055688e-05,2.498509447898852e-05
dlkcat,r_1746_FWD,0.0,0.0
dlkcat,r_1746_REV,0.0038672325335111,0.0109586190417244
dlkcat,r_1747_FWD,0.0,0.0
dlkcat,r_1747_REV,0.0,0.0001312206406838
dlkcat,r_1748_FWD,0.0,0.0
dlkcat,r_1748_REV,0.2766634322686677,0.2766657811221762
dlkcat,r_1749,0.0,1.787908246909226e-05
dlkcat,r_1750_FWD,0.0,0.0
dlkcat,r_1750_REV,0.0,1.787908246909226e-05
dlkcat,r_1751_FWD,0.0,0.0
dlkcat,r_1751_REV,0.0,0.0002926832422618
dlkcat,r_1752_FWD,0.0,0.0003564830456622
dlkcat,r_1752_REV,0.0,0.0
dlkcat,r_1753,0.0,1.4651997441404718e-06
dlkcat,r_1754_FWD,0.0145328429070873,0.0145395122421686
dlkcat,r_1754_REV,0.0,0.0
dlkcat,r_1757,0.0,3.493499943732492e-06
dlkcat,r_1758_FWD,0.0,1000.0
dlkcat,r_1758_REV,0.0,999.9854671570928
dlkcat,r_1759_FWD,0.0,0.0
dlkcat,r_1759_REV,0.0,8.34284121514206e-05
dlkcat,r_1761,0.0,0.0003414787992062
dlkcat,r_1762_FWD,0.0,0.0003412370522648
dlkcat,r_1762_REV,0.0,0.0
dlkcat,r_1763_FWD,0.0,0.0
dlkcat,r_1763_REV,1.9317016047891544,2.035908371180688
dlkcat,r_1764,0.0,0.0
dlkcat,r_1765,0.0,0.0001908534666494
dlkcat,r_1766_FWD,0.0,6.113085174390409e-06
dlkcat,r_1766_REV,0.0,0.0
dlkcat,r_1770_ENZ_YBR041W_FWD,0.0,0.0
dlkcat,r_1770_ENZ_YBR041W_REV,0.0,7.5093465112811905e-06
dlkcat,r_1771_ENZ_YKL188C_and_YPL147W_FWD,0.0,0.0
dlkcat,r_1771_ENZ_YKL188C_and_YPL147W_REV,0.0,4.915988636284553e-05
dlkcat,r_1772_ENZ_YKL188C_and_YPL147W_FWD,0.0,2.3923799409297782e-05
dlkcat,r_1772_ENZ_YKL188C_and_YPL147W_REV,0.0,6.030642688648058e-05
dlkcat,r_1774_ENZ_YKL188C_and_YPL147W_FWD,0.0,2.8975237075075377e-05
dlkcat,r_1774_ENZ_YKL188C_and_YPL147W_REV,0.0,5.614506727743196e-05
dlkcat,r_1775_ENZ_YBR041W_FWD,0.0,6.130418269301163e-06
dlkcat,r_1775_ENZ_YBR041W_REV,0.0,6.293391582919601e-05
dlkcat,r_1776_FWD,0.0,0.0
dlkcat,r_1776_REV,0.0,7.143017295964393e-06
dlkcat,r_1777_FWD,0.0,0.0
dlkcat,r_1777_REV,0.0,6.030429824256667e-06
dlkcat,r_1788,0.0,1.7873387232070909e-06
dlkcat,r_1790_ENZ_YDL045C,0.0,3.940897248083926e-06
dlkcat,r_1791,0.0,0.0
dlkcat,r_1792,0.0,-0.0
dlkcat,r_1793,0.0,0.0001334184022439
dlkcat,r_1794,0.0,0.0665195433925186
dlkcat,r_1795_ENZ_YNL065W_FWD,0.0,0.0
dlkcat,r_1795_ENZ_YNL065W_REV,0.0,0.0001679789924298
dlkcat,r_1796_FWD,0.0,0.0
dlkcat,r_1796_REV,0.0,0.0001803110831414
dlkcat,r_1797,0.0,0.0
dlkcat,r_1798,0.0,0.0001803110831954
dlkcat,r_1800,0.0,0.0
dlkcat,r_1801_FWD,0.0,0.0
dlkcat,r_1801_REV,0.0,0.0006938598363532
dlkcat,r_1802_FWD,0.0,0.0
dlkcat,r_1802_REV,0.0,0.0
dlkcat,r_1803_ENZ_YGL225W_FWD,0.0,0.0
dlkcat,r_1803_ENZ_YGL225W_REV,0.0,0.0006938598363532
dlkcat,r_1805_ENZ_YBR241C_FWD,0.0,0.0
dlkcat,r_1805_ENZ_YBR241C_REV,0.0,0.0003810957917507
dlkcat,r_1806,0.0,0.0
dlkcat,r_1807,0.0,0.0
dlkcat,r_1808,0.0,0.0002803035802667
dlkcat,r_1809_FWD,0.0,0.0003948575742036
dlkcat,r_1809_REV,0.0038672325334355,0.0109665615966952
dlkcat,r_1810,0.0,0.0002747728296542
dlkcat,r_1811_ENZ_YPR058W_FWD,0.0,0.0001319478889015
dlkcat,r_1811_ENZ_YPR058W_REV,0.0,0.00010788157626
dlkcat,r_1812_FWD,0.0,0.0
dlkcat,r_1812_REV,2.4984989901055688e-05,2.4985275112038167e-05
dlkcat,r_1813_FWD,0.0,0.0
dlkcat,r_1813_REV,2.4984989901055688e-05,2.5457979654441672e-05
dlkcat,r_1814,2.4984989901055688e-05,2.5457976048066816e-05
dlkcat,r_1815,0.0,4.598508658623657e-06
dlkcat,r_1816_ENZ_YNL065W_FWD,0.0,4.6421244780242565e-06
dlkcat,r_1816_ENZ_YNL065W_REV,0.0,0.0
dlkcat,r_1817_FWD,0.0,5.230935755551336e-05
dlkcat,r_1817_REV,0.0,0.0
dlkcat,r_1818,0.0,2.26084693805452e-05
dlkcat,r_1819_FWD,0.0,0.0
dlkcat,r_1819_REV,0.0,0.0
dlkcat,r_1820,0.0,0.0
dlkcat,r_1821,0.0,0.0007531004148111
dlkcat,r_1822,0.0,0.0
dlkcat,r_1823,0.0,0.0
dlkcat,r_1824,0.0,0.0007686070285748
dlkcat,r_1825_FWD,0.0280388384423206,0.0290791671149193
dlkcat,r_1825_REV,0.0,0.0009730035632244
dlkcat,r_1826_FWD,0.0,0.0
dlkcat,r_1826_REV,0.0,0.0009885060183663
dlkcat,r_1827_FWD,0.0179227610119034,0.0262589111318024
dlkcat,r_1827_REV,0.0,0.0
dlkcat,r_1829_FWD,0.0,0.0019682994578982
dlkcat,r_1829_REV,1.371324313358402,1.6670424760567646
dlkcat,r_1830_FWD,0.0,0.0001297488775644
dlkcat,r_1830_REV,0.0,0.0002373336551724
dlkcat,r_1831_FWD,0.0,1000.0
dlkcat,r_1831_REV,0.0,0.0011700593263102
dlkcat,r_1832_FWD,0.0,0.0
dlkcat,r_1832_REV,0.1105493007117865,0.1129373891281413
dlkcat,r_1833_FWD,0.0,0.000145705651521
dlkcat,r_1833_REV,0.0,0.0
dlkcat,r_1834,0.0,-0.0
dlkcat,r_1835_ENZ_YBR041W_FWD,0.0,0.0
dlkcat,r_1835_ENZ_YBR041W_REV,0.0,8.079785158164425e-06
dlkcat,r_1836_ENZ_YBR041W_FWD,0.0,0.0
dlkcat,r_1836_ENZ_YBR041W_REV,0.0,7.81331328740531e-06
dlkcat,r_1837_ENZ_YBR147W,0.0,0.0
dlkcat,r_1838_ENZ_YDL131W,0.0,0.0
dlkcat,r_1838_ENZ_YDL182W,0.1295558267326839,0.1295895851217694
dlkcat,r_1839_FWD,0.0,0.0
dlkcat,r_1839_REV,0.0,0.0
dlkcat,r_1840_FWD,0.0,0.0
dlkcat,r_1840_REV,0.087197057442524,0.0873694944593535
dlkcat,r_1841,0.0,2.666396103475493e-05
dlkcat,r_1842_FWD,0.0,0.0
dlkcat,r_1842_REV,0.0,2.66639609949465e-05
dlkcat,r_1843,0.0,3.683530823370314e-05
dlkcat,r_1844_FWD,0.0,3.672847166080392e-05
dlkcat,r_1844_REV,0.0,0.0
dlkcat,r_1845_FWD,0.0,3.6835308178955264e-05
dlkcat,r_1845_REV,0.0,0.0
dlkcat,r_1846_FWD,0.0,0.0
dlkcat,r_1846_REV,0.0,0.0
dlkcat,r_1847,0.0,0.0
dlkcat,r_1848,0.0,0.0
dlkcat,r_1849_FWD,0.0,0.0
dlkcat,r_1849_REV,0.0,0.0001321132884202
dlkcat,r_1850,0.0,0.0006996366445903
dlkcat,r_1851_FWD,0.0,0.0001281372645973
dlkcat,r_1851_REV,0.0,0.0
dlkcat,r_1852_FWD,0.0,0.0001443330703753
dlkcat,r_1852_REV,0.0,0.0
dlkcat,r_1853_FWD,0.0,0.0001353707845616
dlkcat,r_1853_REV,0.0,0.0
dlkcat,r_1854_FWD,0.0,0.000136659062933
dlkcat,r_1854_REV,0.0,0.0
dlkcat,r_1855_FWD,0.0,0.0001259205979109
dlkcat,r_1855_REV,0.0,0.0
dlkcat,r_1856_FWD,0.0,9.968427956404558e-05
dlkcat,r_1856_REV,0.0,0.0
dlkcat,r_1857_FWD,0.0,9.90989131801831e-05
dlkcat,r_1857_REV,0.0,0.0
dlkcat,r_1858_FWD,0.0,9.90989131739086e-05
dlkcat,r_1858_REV,0.0,0.0
dlkcat,r_1859_FWD,0.0,9.909891316984935e-05
dlkcat,r_1859_REV,0.0,0.0
dlkcat,r_1860_FWD,0.0,0.0001078643216299
dlkcat,r_1860_REV,0.0,0.0
dlkcat,r_1861_FWD,0.0,0.0
dlkcat,r_1861_REV,1.1980184135814497e-05,1.7682547300558092e-05
dlkcat,r_1862,0.0,3.4892567689404075e-05
dlkcat,r_1863_FWD,0.0,5.862466719602777e-05
dlkcat,r_1863_REV,0.0,0.0
dlkcat,r_1864_FWD,0.0,0.0
dlkcat,r_1864_REV,0.0,6.80393014942382e-05
dlkcat,r_1865,0.0,5.828699998772224e-05
dlkcat,r_1866,0.0,3.209210844734578e-05
dlkcat,r_1867,0.0,2.338454297334813e-05
dlkcat,r_1868_FWD,0.0,3.456002398460889e-05
dlkcat,r_1868_REV,0.0,0.0
dlkcat,r_1869_FWD,0.0,0.0
dlkcat,r_1869_REV,0.0,3.456002398460889e-05
dlkcat,r_1870,0.0,3.2346190294518795e-05
dlkcat,r_1871,0.0,0.0001521423087989
dlkcat,r_1872,0.0,0.0
dlkcat,r_1873,0.0,0.0002211999517068
dlkcat,r_1874,0.0,0.0001313643574398
dlkcat,r_1875,0.0,0.0
dlkcat,r_1876_FWD,0.0,0.0
dlkcat,r_1876_REV,0.0,0.0
dlkcat,r_1877_ENZ_YDR342C_FWD,0.0,0.0
dlkcat,r_1877_ENZ_YDR342C_REV,0.0,0.0
dlkcat,r_1877_ENZ_YHR092C_FWD,0.0,0.0
dlkcat,r_1877_ENZ_YHR092C_REV,0.0,0.0
dlkcat,r_1878,0.0,-0.0
dlkcat,r_1879,0.0,2.0174708289215748e-05
dlkcat,r_1880,0.0,5.882659159811565e-05
dlkcat,r_1881,0.0,0.0001534616070087
dlkcat,r_1882_ENZ_YOR100C,0.0,9.81930982808521e-05
dlkcat,r_1883,0.0,1.502853321056234e-05
dlkcat,r_1884_FWD,0.0,0.0
dlkcat,r_1884_REV,0.0,0.0
dlkcat,r_1885_FWD,0.0,0.0
dlkcat,r_1885_REV,0.0,0.0
dlkcat,r_1886,0.0,0.0
dlkcat,r_1887_FWD,0.0745557156830512,0.0746935434834701
dlkcat,r_1887_REV,0.0,0.0
dlkcat,r_1889,0.0,0.0001291863690143
dlkcat,r_1890_FWD,0.0,0.0
dlkcat,r_1890_REV,0.0,0.0
dlkcat,r_1891,0.0,0.0001016254873433
dlkcat,r_1892_FWD,0.0,0.0
dlkcat,r_1892_REV,0.0,0.0
dlkcat,r_1893,0.0,2.903782162928456e-05
dlkcat,r_1895_FWD,0.0,0.0
dlkcat,r_1895_REV,0.0,9.538925867913496e-05
dlkcat,r_1896,0.0,9.538925867913496e-05
dlkcat,r_1897,0.0,5.249801100171047e-05
dlkcat,r_1898,0.0,8.419327491757111e-05
dlkcat,r_1899,0.0,4.191095543928936e-05
dlkcat,r_1900,0.0,2.820766555239329e-05
dlkcat,r_1901_FWD,0.0,1000.0
dlkcat,r_1901_REV,0.0,1000.0
dlkcat,r_1902,0.0,2.156171339541546e-05
dlkcat,r_1903,0.0,4.443651377500357e-05
dlkcat,r_1904,0.0,8.581609381318189e-05
dlkcat,r_1905_FWD,0.0,0.0001741302517466
dlkcat,r_1905_REV,0.0,0.0
dlkcat,r_1906,0.0,0.0002678162485674
dlkcat,r_1907_ENZ_YKR039W_FWD,0.0,0.0
dlkcat,r_1907_ENZ_YKR039W_REV,0.0,0.0
dlkcat,r_1908_ENZ_YDL245C_FWD,0.0,0.0
dlkcat,r_1908_ENZ_YDL245C_REV,0.0,0.0
dlkcat,r_1908_ENZ_YEL069C_FWD,0.0,0.0
dlkcat,r_1908_ENZ_YEL069C_REV,0.0,0.0
dlkcat,r_1908_ENZ_YJR158W_FWD,0.0,0.0
dlkcat,r_1908_ENZ_YJR158W_REV,0.0,0.0
dlkcat,r_1908_ENZ_YNR072W_FWD,0.0,0.0
dlkcat,r_1908_ENZ_YNR072W_REV,0.0,0.0
dlkcat,r_1909,0.0,0.0
dlkcat,r_1910_ENZ_YDL245C_FWD,0.0,0.0
dlkcat,r_1910_ENZ_YDL245C_REV,0.0,0.0
dlkcat,r_1910_ENZ_YDR342C_FWD,0.0,0.0
dlkcat,r_1910_ENZ_YDR342C_REV,0.0,0.0
dlkcat,r_1910_ENZ_YDR343C_FWD,0.0,0.0
dlkcat,r_1910_ENZ_YDR343C_REV,0.0,0.0
dlkcat,r_1910_ENZ_YDR345C_FWD,0.0,0.0
dlkcat,r_1910_ENZ_YDR345C_REV,0.0,0.0
dlkcat,r_1910_ENZ_YEL069C_FWD,0.0,0.0
dlkcat,r_1910_ENZ_YEL069C_REV,0.0,0.0
dlkcat,r_1910_ENZ_YFL011W_FWD,0.0,0.0
dlkcat,r_1910_ENZ_YFL011W_REV,0.0,0.0
dlkcat,r_1910_ENZ_YHR092C_FWD,0.0,0.0
dlkcat,r_1910_ENZ_YHR092C_REV,0.0,0.0
dlkcat,r_1910_ENZ_YHR096C_FWD,0.0,0.0
dlkcat,r_1910_ENZ_YHR096C_REV,0.0,0.0
dlkcat,r_1910_ENZ_YJL214W_FWD,0.0,0.0
dlkcat,r_1910_ENZ_YJL214W_REV,0.0,0.0
dlkcat,r_1910_ENZ_YJL219W_FWD,0.0,0.0
dlkcat,r_1910_ENZ_YJL219W_REV,0.0,0.0
dlkcat,r_1910_ENZ_YJR158W_FWD,0.0,0.0
dlkcat,r_1910_ENZ_YJR158W_REV,0.0,0.0
dlkcat,r_1910_ENZ_YNR072W_FWD,0.0,0.0
dlkcat,r_1910_ENZ_YNR072W_REV,0.0,0.0
dlkcat,r_1910_ENZ_YOL156W_FWD,0.0,0.0
dlkcat,r_1910_ENZ_YOL156W_REV,0.0,0.0
dlkcat,r_1911,0.0,8.951370951613968e-05
dlkcat,r_1912,0.0,3.4278308540755444e-05
dlkcat,r_1913,0.0,4.690919056305615e-05
dlkcat,r_1914,0.0,5.157705990402328e-05
dlkcat,r_1915,0.0,5.054425359573081e-06
dlkcat,r_1916,0.0,7.315900172166767e-06
dlkcat,r_1919_ENZ_YBR147W,0.0,0.0
dlkcat,r_1920_FWD,0.0,0.0
dlkcat,r_1920_REV,0.0,0.0
dlkcat,r_1921_FWD,0.0,0.0
dlkcat,r_1921_REV,0.0,0.0
dlkcat,r_1922_FWD,0.0,0.0
dlkcat,r_1922_REV,0.0,0.0
dlkcat,r_1923_FWD,0.0,0.0
dlkcat,r_1923_REV,0.0,0.0
dlkcat,r_1924_FWD,0.0,0.0
dlkcat,r_1924_REV,0.0,0.0
dlkcat,r_1925_FWD,0.0,0.0
dlkcat,r_1925_REV,0.0,0.0
dlkcat,r_1926_FWD,0.0,0.0
dlkcat,r_1926_REV,0.0,0.0
dlkcat,r_1927_FWD,0.0,0.0
dlkcat,r_1927_REV,0.0,0.0
dlkcat,r_1928_FWD,0.0,0.0
dlkcat,r_1928_REV,0.0,0.0
dlkcat,r_1929_FWD,0.0,0.0
dlkcat,r_1929_REV,0.0,0.0
dlkcat,r_1930_FWD,0.0,7.55530648487851e-05
dlkcat,r_1930_REV,0.0,8.7025663324683e-06
dlkcat,r_1931,0.0,0.0
dlkcat,r_1932_FWD,0.0,0.0
dlkcat,r_1932_REV,0.2766634322686677,0.2766634322686677
dlkcat,r_1935_ENZ_YDR508C,0.0,0.0
dlkcat,r_1936,0.0,0.0009933795439311
dlkcat,r_1937_FWD,0.0,0.0
dlkcat,r_1937_REV,0.0,0.0
dlkcat,r_1938_FWD,0.0,0.0
dlkcat,r_1938_REV,0.0,0.0
dlkcat,r_1939_FWD,0.0,0.0
dlkcat,r_1939_REV,0.0,0.0
dlkcat,r_1940_FWD,0.0,0.0
dlkcat,r_1940_REV,0.0,0.0
dlkcat,r_1941_FWD,0.0,0.0
dlkcat,r_1941_REV,0.0,0.0
dlkcat,r_1942_FWD,0.0,0.0
dlkcat,r_1942_REV,0.0,0.0
dlkcat,r_1943_FWD,0.0,0.0
dlkcat,r_1943_REV,0.0,0.0
dlkcat,r_1944_FWD,0.0,0.0
dlkcat,r_1944_REV,0.0,0.0
dlkcat,r_1945_FWD,0.0,0.0
dlkcat,r_1945_REV,0.0,0.0
dlkcat,r_1946_FWD,0.0,0.0
dlkcat,r_1946_REV,0.0,0.0
dlkcat,r_1947,0.0,0.0
dlkcat,r_1952,0.0,1.6825354835617312e-05
dlkcat,r_1963_FWD,0.0,0.0
dlkcat,r_1963_REV,0.0290656858141746,0.0290778011972162
dlkcat,r_1964_FWD,0.0290656858141746,0.0290788330543128
dlkcat,r_1964_REV,0.0,0.0
dlkcat,r_1965_FWD,0.0,0.0
dlkcat,r_1965_REV,3.743807605163796e-05,0.0243162645441023
dlkcat,r_1966_FWD,0.0,0.0
dlkcat,r_1966_REV,0.0,0.0
dlkcat,r_1967,0.0,4.729020147931583e-07
dlkcat,r_1968,0.0,0.0
dlkcat,r_1970_FWD,0.0,0.0
dlkcat,r_1970_REV,0.0,0.0
dlkcat,r_1971_FWD,0.0,0.0
dlkcat,r_1971_REV,0.0,0.0
dlkcat,r_1972,0.0,0.0
dlkcat,r_1974,0.0,0.0005925289334731
dlkcat,r_1975,0.0,0.0005493449490234
dlkcat,r_1976_ENZ_YOR100C,0.0,9.81930982808521e-05
dlkcat,r_1977_FWD,0.0145328429070873,0.0145411208883033
dlkcat,r_1977_REV,0.0,0.0
dlkcat,r_1978_FWD,11.825174207169232,11.84339778594872
dlkcat,r_1978_REV,0.0,0.0
dlkcat,r_1979_FWD,12.042941131449863,12.059105182709724
dlkcat,r_1979_REV,0.0,0.0
dlkcat,r_1980_FWD,0.0,3.479316176877332e-05
dlkcat,r_1980_REV,0.0,2.1796771495609202e-07
dlkcat,r_1981_ENZ_YBR041W_FWD,0.0,0.0
dlkcat,r_1981_ENZ_YBR041W_REV,0.0,5.671798709356093e-06
dlkcat,r_1984,0.0,6.165646268610492e-06
dlkcat,r_1987,0.0,3.782027773681362e-05
dlkcat,r_1988_FWD,0.0,0.0001722391747098
dlkcat,r_1988_REV,0.0,0.0
dlkcat,r_1989,0.0,0.0002307036719715
dlkcat,r_1990_ENZ_YJL212C,0.0,0.0
dlkcat,r_1991_FWD,0.0,0.0
dlkcat,r_1991_REV,0.0,3.10520664350617e-05
dlkcat,r_1992_FWD,0.0,0.0
dlkcat,r_1992_REV,12.041059461833084,12.058967324419376
dlkcat,r_1993,0.0,6.415618055806253e-06
dlkcat,r_1994,0.0,5.175011304420565e-06
dlkcat,r_1995_FWD,0.0,0.0
dlkcat,r_1995_REV,0.0,0.0
dlkcat,r_1996_FWD,0.0,7.487619209678396e-05
dlkcat,r_1996_REV,0.0,4.830628233413037e-06
dlkcat,r_1997,0.0,7.731123002109219e-05
dlkcat,r_1998_FWD,0.0,0.0
dlkcat,r_1998_REV,0.0,1.5302482056760852e-05
dlkcat,r_1999,0.0,0.0
dlkcat,r_2000,0.0,2.8821299532285183e-05
dlkcat,r_2001,0.0,4.092411725153261e-05
dlkcat,r_2002_FWD,0.0,5.111272979984455e-05
dlkcat,r_2002_REV,0.0,0.0
dlkcat,r_2003_FWD,0.0,4.1083786226137065e-05
dlkcat,r_2003_REV,0.0,0.0
dlkcat,r_2004,0.0,0.0
dlkcat,r_2005_FWD,0.0,0.0
dlkcat,r_2005_REV,1.970165413047205,1.9737147706693632
dlkcat,r_2008_ENZ_YNR013C_FWD,0.0,2.468622078760536e-05
dlkcat,r_2008_ENZ_YNR013C_REV,0.0,2.441314279226482e-05
dlkcat,r_2020_FWD,0.0,0.0
dlkcat,r_2020_REV,0.0014305285180476,0.0014305285180476
dlkcat,r_2022_FWD,0.0,4.7817796831368346e-06
dlkcat,r_2022_REV,0.0,0.0
dlkcat,r_2023_FWD,0.0,0.0
dlkcat,r_2023_REV,0.0,0.0
dlkcat,r_2024,0.0,2.228701865011795e-05
dlkcat,r_2025_ENZ_YNR027W,0.0,0.0
dlkcat,r_2026_ENZ_YNR027W,0.0,0.0005100168528677
dlkcat,r_2027,0.0,0.0006306663775861
dlkcat,r_2028,0.0,0.0
dlkcat,r_2029_ENZ_YEL029C,0.0,0.0
dlkcat,r_2030,0.000390144137107,0.0003940888126054
dlkcat,r_2031_FWD,0.0,0.0002157875662316
dlkcat,r_2031_REV,0.0,0.0074320813364539
dlkcat,r_2032_FWD,0.0,6.329197032073353e-05
dlkcat,r_2032_REV,0.0,0.0002365027071484
dlkcat,r_2033,0.0,0.0013019591720797
dlkcat,r_2034_ENZ_YGL080W_and_YGR243W,0.0,0.0003318534303964
dlkcat,r_2034_ENZ_YGL080W_and_YHR162W,0.0,0.000369571676867
dlkcat,r_2036_FWD,0.0,0.0
dlkcat,r_2036_REV,0.0,0.0
dlkcat,r_2037_FWD,0.0,3.4422063206874925e-05
dlkcat,r_2037_REV,0.0,0.0
dlkcat,r_2038,0.0,0.0
dlkcat,r_2039,0.0,3.940873713973541e-06
dlkcat,r_2040_ENZ_YOR306C,0.0,0.0
dlkcat,r_2041_ENZ_YDR342C,0.0,0.0
dlkcat,r_2041_ENZ_YHR092C,0.0,0.0
dlkcat,r_2042_FWD,0.0,0.0
dlkcat,r_2042_REV,0.0,0.0
dlkcat,r_2043,0.0,0.0
dlkcat,r_2044,0.0,-0.0
dlkcat,r_2045_ENZ_YDR508C_FWD,2.8998317350314995e-05,0.0329860066089386
dlkcat,r_2045_ENZ_YDR508C_REV,0.0,0.0
dlkcat,r_2046,0.0,1.1791511686057912e-05
dlkcat,r_2049_FWD,0.0,0.0
dlkcat,r_2049_REV,0.0015645174284517,0.0015645174284517
dlkcat,r_2050,0.0,0.0
dlkcat,r_2051,0.0,1.535430064601717e-05
dlkcat,r_2052,0.0,9.666845364657672e-06
dlkcat,r_2053_FWD,0.0145328429070873,0.0145379366098551
dlkcat,r_2053_REV,0.0,0.0
dlkcat,r_2054_FWD,0.0145328429070873,0.0145371078054788
dlkcat,r_2054_REV,0.0,0.0
dlkcat,r_2055,0.0,5.674676735008965e-06
dlkcat,r_2056,0.0,0.0002408004196298
dlkcat,r_2057_FWD,0.0,0.0
dlkcat,r_2057_REV,0.0,0.0002408004196298
dlkcat,r_2058,0.0,0.0
dlkcat,r_2060_FWD,0.0,0.0
dlkcat,r_2060_REV,0.0338952977361865,0.0339371206079424
dlkcat,r_2061,0.0,0.0001806981619924
dlkcat,r_2062,0.0,0.0
dlkcat,r_2063_FWD,0.0,0.0001181007544922
dlkcat,r_2063_REV,0.0,0.0
dlkcat,r_2064_ENZ_YDL024C,0.0,7.79441089881298e-05
dlkcat,r_2065,0.0,7.79441089881298e-05
dlkcat,r_2066,0.0,0.0
dlkcat,r_2067,0.0,-0.0
dlkcat,r_2068,0.0,0.0
dlkcat,r_2069,0.0,4.729020147931583e-07
dlkcat,r_2072_ENZ_YDR508C,0.0,6.919159752381832e-05
dlkcat,r_2073,0.0,2.042014660236908e-05
dlkcat,r_2074,0.0,0.0005877242179259
dlkcat,r_2075_FWD,0.0,0.0
dlkcat,r_2075_REV,0.0,2.272494745234033e-05
dlkcat,r_2079_ENZ_YGR289C_FWD,0.0,0.0001311202221161
dlkcat,r_2079_ENZ_YGR289C_REV,0.0,0.0
dlkcat,r_2080_FWD,0.0,0.0001532247011392
dlkcat,r_2080_REV,0.0,0.0
dlkcat,r_2082,0.0,0.0
dlkcat,r_2083,0.0,2.725026879038428e-05
dlkcat,r_2084_FWD,0.0,3.672847123621648e-05
dlkcat,r_2084_REV,0.0,0.0
dlkcat,r_2085_FWD,0.0,0.0
dlkcat,r_2085_REV,0.0,3.6728471408800645e-05
dlkcat,r_2086,0.0,0.0
dlkcat,r_2087_FWD,0.0,0.0
dlkcat,r_2087_REV,0.0,0.0
dlkcat,r_2089_FWD,0.0,0.0272838549158553
dlkcat,r_2089_REV,0.0,0.0
dlkcat,r_2090,0.0,0.0
dlkcat,r_2091,0.0,5.892233456712692e-05
dlkcat,r_2092,0.0,0.0
dlkcat,r_2093_FWD,0.0,0.0
dlkcat,r_2093_REV,0.119778037906874,0.1198291303666074
dlkcat,r_2094_ENZ_YLL052C_FWD,0.0,0.0
dlkcat,r_2094_ENZ_YLL052C_REV,0.0135059955350157,0.0150384596022737
dlkcat,r_2094_ENZ_YPR192W_FWD,0.0,0.0
dlkcat,r_2094_ENZ_YPR192W_REV,0.0,0.0
dlkcat,r_2095_FWD,0.0,0.0005957000188931
dlkcat,r_2095_REV,0.0,0.0
dlkcat,r_2096_FWD,0.0,0.0
dlkcat,r_2096_REV,37.95839209147631,38.06663572785207
dlkcat,r_2097_FWD,1.4057199641800486,1.6301576165029528
dlkcat,r_2097_REV,0.0,0.0
dlkcat,r_2098_FWD,0.0,0.0001045611743073
dlkcat,r_2098_REV,0.0,3.128413017004936e-05
dlkcat,r_2099_FWD,0.0,0.0002667828775431
dlkcat,r_2099_REV,0.0,0.0001101380627098
dlkcat,r_2100_FWD,20.671687583733725,20.69431282651808
dlkcat,r_2100_REV,0.0,0.0005723432169091
dlkcat,r_2101_FWD,0.0,9.999999997489796e-05
dlkcat,r_2101_REV,0.0,0.0001232113859466
dlkcat,r_2102,0.0,0.0
dlkcat,r_2103,0.0,0.0
dlkcat,r_2104,0.0,0.0
dlkcat,r_2105_ENZ_YDL245C_FWD,0.0,0.0
dlkcat,r_2105_ENZ_YDL245C_REV,0.0,0.0
dlkcat,r_2105_ENZ_YLL043W_FWD,0.0,0.0
dlkcat,r_2105_ENZ_YLL043W_REV,0.0,0.0
dlkcat,r_2106,0.0,4.541032701274247e-06
dlkcat,r_2107_ENZ_YIL013C_FWD,0.0,4.00142420251548e-05
dlkcat,r_2107_ENZ_YIL013C_REV,0.0,3.082809214807241e-05
dlkcat,r_2107_ENZ_YOR011W_FWD,0.0,1.0113859590893765e-05
dlkcat,r_2107_ENZ_YOR011W_REV,0.0,1.2793962682920016e-05
dlkcat,r_2108,0.3940849983885073,0.3940849983885073
dlkcat,r_2111,0.394084998388758,0.394084998388758
dlkcat,r_2112_ENZ_YJL060W_FWD,0.0,0.0
dlkcat,r_2112_ENZ_YJL060W_REV,0.0,0.0
dlkcat,r_2113,0.0,0.0
dlkcat,r_2114,0.0023920959299673,0.0023920959299673
dlkcat,r_2115_ENZ_YBR145W,0.0,0.0123134554476942
dlkcat,r_2115_ENZ_YOL086C,0.0,0.0150240202936445
dlkcat,r_2116_ENZ_YER073W,0.0,0.0007850177135281
dlkcat,r_2116_ENZ_YMR110C,0.0,0.0033420369012089
dlkcat,r_2116_ENZ_YMR170C,0.0,0.0014243244254831
dlkcat,r_2116_ENZ_YOR374W,0.0,0.0004009570744047
dlkcat,r_2117_ENZ_YHR137W_FWD,0.2027041943430447,0.2059292275574298
dlkcat,r_2117_ENZ_YHR137W_REV,0.0,0.0
dlkcat,r_2118_ENZ_YHR137W,0.0,2.914763059441716e-05
dlkcat,r_2119_ENZ_YHR137W_FWD,0.0,0.0008698166793622
dlkcat,r_2119_ENZ_YHR137W_REV,0.0,0.0008591742758018
dlkcat,r_2125_FWD,0.0,0.0
dlkcat,r_2125_REV,0.009639536289144,0.0283136603422225
dlkcat,r_2126_ENZ_YKR043C,0.0,0.0003015813166546
dlkcat,r_2129,0.0,0.003079352389264
dlkcat,r_2131_ENZ_YDL066W,0.2770184130055719,0.3455603470915105
dlkcat,r_2132_ENZ_YOR222W,0.0,0.0
dlkcat,r_2132_ENZ_YPL134C,0.6152771852391412,0.6166265601060693
dlkcat,r_2134,0.0,4.331708340797255e-06
dlkcat,r_2136_FWD,0.0,0.0
dlkcat,r_2136_REV,0.0,4.971101602423839e-06
dlkcat,r_2137,0.0,3.4418107386063185e-06
dlkcat,r_2139_FWD,0.0,0.0
dlkcat,r_2139_REV,0.0,3.51808843444823e-06
dlkcat,r_2140_ENZ_YKL182W_and_YPL231W,0.0491568446970483,0.0492371133978467
dlkcat,r_2141_ENZ_YKL182W_and_YPL231W,0.0152262509759692,0.0153167758236782
dlkcat,r_2142_ENZ_YER061C_and_YKL192C,0.0,0.0
dlkcat,r_2143_ENZ_YER061C_and_YKL192C,0.0,0.0
dlkcat,r_2144_ENZ_YER061C_and_YKL192C,0.0,0.0
dlkcat,r_2145_ENZ_YKL055C,0.0,0.0
dlkcat,r_2146_ENZ_YKL055C,0.0,0.0
dlkcat,r_2147_ENZ_YKL055C,0.0,0.0
dlkcat,r_2148_ENZ_YHR067W_FWD,0.0,0.0
dlkcat,r_2148_ENZ_YHR067W_REV,0.0,0.0
dlkcat,r_2149_ENZ_YHR067W_FWD,0.0,0.0
dlkcat,r_2149_ENZ_YHR067W_REV,0.0,0.0
dlkcat,r_2150_ENZ_YHR067W_FWD,0.0,0.0
dlkcat,r_2150_ENZ_YHR067W_REV,0.0,0.0
dlkcat,r_2151_ENZ_YBR026C,0.0,0.0
dlkcat,r_2152_ENZ_YBR026C,0.0,0.0
dlkcat,r_2153_ENZ_YBR026C,0.0,0.0
dlkcat,r_2154_ENZ_YJL196C,0.0,2.392535804043629e-05
dlkcat,r_2155_ENZ_YJL196C,0.0,5.9707801423547774e-05
dlkcat,r_2156_ENZ_YCR034W,0.0,5.260559971000272e-05
dlkcat,r_2157_ENZ_YCR034W,0.0,1.86451707912041e-05
dlkcat,r_2157_ENZ_YLR372W,0.0,2.484660332395065e-05
dlkcat,r_2158_ENZ_YCR034W,0.0,1.1728063394716377e-05
dlkcat,r_2158_ENZ_YLR372W,0.0,1.341448317071503e-05
dlkcat,r_2159_ENZ_YCR034W,0.0,7.706586090545012e-06
dlkcat,r_2159_ENZ_YLR372W,0.0,1.0335373055466354e-05
dlkcat,r_2160_ENZ_YLR372W,0.0,7.704425643909978e-06
dlkcat,r_2161_ENZ_YBR159W,0.0,2.2033742984983895e-05
dlkcat,r_2162_ENZ_YBR159W,0.0,5.9707801423547774e-05
dlkcat,r_2163_ENZ_YBR159W,0.0,5.260559971000272e-05
dlkcat,r_2164_ENZ_YBR159W,0.0,2.4846328735872253e-05
dlkcat,r_2165_ENZ_YBR159W,0.0,1.5537617652811492e-05
dlkcat,r_2166_ENZ_YBR159W,0.0,1.0939848740509904e-05
dlkcat,r_2167_ENZ_YBR159W,0.0,7.704425643909978e-06
dlkcat,r_2168_ENZ_YJL097W_FWD,0.0,2.390986336386902e-05
dlkcat,r_2168_ENZ_YJL097W_REV,0.0,0.0
dlkcat,r_2169_ENZ_YJL097W_FWD,0.0,3.0316069693558978e-05
dlkcat,r_2169_ENZ_YJL097W_REV,0.0,0.0
dlkcat,r_2170_ENZ_YJL097W_FWD,0.0,6.686150139668251e-05
dlkcat,r_2170_ENZ_YJL097W_REV,0.0,0.0
dlkcat,r_2171_ENZ_YJL097W_FWD,0.0,2.2745400252103132e-05
dlkcat,r_2171_ENZ_YJL097W_REV,0.0,0.0
dlkcat,r_2172_ENZ_YJL097W_FWD,0.0,1.5349985771672002e-05
dlkcat,r_2172_ENZ_YJL097W_REV,0.0,0.0
dlkcat,r_2173_ENZ_YJL097W,0.0,1.0939799563310556e-05
dlkcat,r_2174_ENZ_YJL097W_FWD,0.0,6.409647712714752e-06
dlkcat,r_2174_ENZ_YJL097W_REV,0.0,0.0
dlkcat,r_2175_ENZ_YDL015C,0.0,2.2033742984983895e-05
dlkcat,r_2176_ENZ_YDL015C,0.0,5.9707801423547774e-05
dlkcat,r_2177_ENZ_YDL015C,0.0,5.260559971000272e-05
dlkcat,r_2178_ENZ_YDL015C,0.0,2.4846328735872253e-05
dlkcat,r_2179_ENZ_YDL015C,0.0,1.5537617652811492e-05
dlkcat,r_2180_ENZ_YDL015C,0.0,1.0939848740509904e-05
dlkcat,r_2181_ENZ_YDL015C,0.0,7.704425643909978e-06
dlkcat,r_2182_ENZ_YGL055W,0.0367580249981529,0.0367647098456534
dlkcat,r_2183_ENZ_YGL055W,0.0121471130072542,0.0121558155734484
dlkcat,r_2184_FWD,0.0,0.0
dlkcat,r_2184_REV,0.0,5.682097872911074e-06
dlkcat,r_2185_FWD,0.0,0.0
dlkcat,r_2185_REV,0.0,5.098037013767814e-06
dlkcat,r_2186_ENZ_YBR041W_FWD,0.0,0.0
dlkcat,r_2186_ENZ_YBR041W_REV,0.0,5.775172879329583e-06
dlkcat,r_2187,0.0,3.88273432893173e-06
dlkcat,r_2188,0.0,3.4725875304619797e-06
dlkcat,r_2189,0.0,6.955959139940543e-06
dlkcat,r_2190_ENZ_YNL065W_FWD,0.0,0.0
dlkcat,r_2190_ENZ_YNL065W_REV,0.0,4.915886565148853e-06
dlkcat,r_2191_ENZ_YNL065W_FWD,0.0,0.0
dlkcat,r_2191_ENZ_YNL065W_REV,0.0,4.377709003666082e-06
dlkcat,r_2192_ENZ_YBR041W_FWD,0.0,0.0
dlkcat,r_2192_ENZ_YBR041W_REV,0.0,6.9559591432556e-06
dlkcat,r_2193,0.0,8.193559705368947e-06
dlkcat,r_2194_ENZ_YOR317W_FWD,0.0,0.0012370655367347
dlkcat,r_2194_ENZ_YOR317W_REV,0.0,0.0012092397956937
dlkcat,r_2195_ENZ_YMR246W_FWD,0.0,0.0065408482668093
dlkcat,r_2195_ENZ_YMR246W_REV,0.0,0.0065408483182046
dlkcat,r_2195_ENZ_YOR317W_FWD,0.0,0.0022304499731282
dlkcat,r_2195_ENZ_YOR317W_REV,0.0,0.0018814279570094
dlkcat,r_2196_ENZ_YMR246W_FWD,0.0,0.0051756999751353
dlkcat,r_2196_ENZ_YMR246W_REV,0.0,0.007459305513317
dlkcat,r_2196_ENZ_YOR317W_FWD,0.0,0.0017651290472007
dlkcat,r_2196_ENZ_YOR317W_REV,0.0,0.0020805889455488
dlkcat,r_2197_ENZ_YMR246W_FWD,0.0,0.0065408482600685
dlkcat,r_2197_ENZ_YMR246W_REV,0.0,0.0051491912275435
dlkcat,r_2197_ENZ_YOR317W_FWD,0.0,0.0022304499966517
dlkcat,r_2197_ENZ_YOR317W_REV,0.0,0.0018814279574454
dlkcat,r_2198_ENZ_YMR246W_FWD,0.0,0.0065408483038251
dlkcat,r_2198_ENZ_YMR246W_REV,0.0,0.0065408483190435
dlkcat,r_2198_ENZ_YOR317W_FWD,0.0,0.0022304499928624
dlkcat,r_2198_ENZ_YOR317W_REV,0.0,0.001881427958834
dlkcat,r_2199_ENZ_YMR246W_FWD,0.0,0.0065408483157172
dlkcat,r_2199_ENZ_YMR246W_REV,0.0,0.0065408483136273
dlkcat,r_2199_ENZ_YOR317W_FWD,0.0,0.0022304499873969
dlkcat,r_2199_ENZ_YOR317W_REV,0.0,0.0018814279579661
dlkcat,r_2200_ENZ_YOR317W_FWD,0.0,0.0011312851670323
dlkcat,r_2200_ENZ_YOR317W_REV,0.0,0.0011347555817545
dlkcat,r_2201_ENZ_YMR246W_FWD,0.0,0.0065408482670595
dlkcat,r_2201_ENZ_YMR246W_REV,0.0,0.0065408484743331
dlkcat,r_2201_ENZ_YOR317W_FWD,0.0,0.0022304499954723
dlkcat,r_2201_ENZ_YOR317W_REV,0.0,0.0018814279589144
dlkcat,r_2202_ENZ_YMR246W_FWD,0.0,0.0069487193303753
dlkcat,r_2202_ENZ_YMR246W_REV,0.0,0.0087336242711381
dlkcat,r_2202_ENZ_YOR317W_FWD,0.0,0.0022304500512471
dlkcat,r_2202_ENZ_YOR317W_REV,0.0,0.0020945139632534
dlkcat,r_2203_ENZ_YMR246W_FWD,0.0,0.0065408483061211
dlkcat,r_2203_ENZ_YMR246W_REV,0.0,0.0065408483132593
dlkcat,r_2203_ENZ_YOR317W_FWD,0.0,0.0022304500497164
dlkcat,r_2203_ENZ_YOR317W_REV,0.0,0.0018814279569416
dlkcat,r_2204_ENZ_YMR246W_FWD,0.0,0.0065408483106984
dlkcat,r_2204_ENZ_YMR246W_REV,0.0,0.0065408483142826
dlkcat,r_2204_ENZ_YOR317W_FWD,0.0,0.0022094934490941
dlkcat,r_2204_ENZ_YOR317W_REV,0.0,0.0018814279514719
dlkcat,r_2205_ENZ_YMR246W_FWD,0.0,0.0065408483137156
dlkcat,r_2205_ENZ_YMR246W_REV,0.0,0.0065408483155406
dlkcat,r_2205_ENZ_YOR317W_FWD,0.0,0.002198785511471
dlkcat,r_2205_ENZ_YOR317W_REV,0.0,0.0018814280037475
dlkcat,r_2206_ENZ_YER015W_FWD,0.0,0.0001023919886598
dlkcat,r_2206_ENZ_YER015W_REV,0.0,5.452817133703528e-05
dlkcat,r_2207_ENZ_YER015W_FWD,0.0,9.734188396048891e-05
dlkcat,r_2207_ENZ_YER015W_REV,0.0,6.195465045077952e-05
dlkcat,r_2208_ENZ_YER015W_FWD,0.0,9.462748429056588e-05
dlkcat,r_2208_ENZ_YER015W_REV,0.0,5.551833592084184e-05
dlkcat,r_2209_ENZ_YIL009W_FWD,0.0,0.0
dlkcat,r_2209_ENZ_YIL009W_REV,0.0,0.0
dlkcat,r_2210_ENZ_YIL009W_FWD,0.0,0.0
dlkcat,r_2210_ENZ_YIL009W_REV,0.0,0.0
dlkcat,r_2211_ENZ_YIL009W_FWD,0.0,0.0001916480009787
dlkcat,r_2211_ENZ_YIL009W_REV,0.0,0.0001910169285237
dlkcat,r_2212_ENZ_YIL009W_FWD,0.0,0.0001909006134057
dlkcat,r_2212_ENZ_YIL009W_REV,0.0,0.0008515918564835
dlkcat,r_2213_ENZ_YBR041W_FWD,0.0,0.0
dlkcat,r_2213_ENZ_YBR041W_REV,0.0,0.0
dlkcat,r_2214_ENZ_YBR041W_FWD,0.0,0.0002528374802252
dlkcat,r_2214_ENZ_YBR041W_REV,0.0,0.0002687634761912
dlkcat,r_2215_ENZ_YBR041W_FWD,0.0,0.0002523853861377
dlkcat,r_2215_ENZ_YBR041W_REV,0.0,0.0002706571094454
dlkcat,r_2216_ENZ_YBR041W_FWD,0.0,0.0
dlkcat,r_2216_ENZ_YBR041W_REV,0.0,0.0
dlkcat,r_2217_ENZ_YBR041W_FWD,0.0,0.0003194886405656
dlkcat,r_2217_ENZ_YBR041W_REV,0.0,0.0002528887265509
dlkcat,r_2218_ENZ_YBR041W_FWD,0.0,0.0002528362827476
dlkcat,r_2218_ENZ_YBR041W_REV,0.0,0.0003194886409419
dlkcat,r_2219_ENZ_YKL188C_and_YPL147W,0.0,5.866673733242086e-05
dlkcat,r_2220_ENZ_YKL188C_and_YPL147W,0.0,6.018550906568739e-05
dlkcat,r_2221_ENZ_YKL188C_and_YPL147W,0.0,6.095134453924326e-05
dlkcat,r_2222_ENZ_YKL188C_and_YPL147W,0.0,6.293363960866809e-05
dlkcat,r_2223_ENZ_YKL188C_and_YPL147W,0.0,6.077467577814133e-05
dlkcat,r_2224_ENZ_YKL188C_and_YPL147W,0.0,6.380261692603047e-05
dlkcat,r_2225_ENZ_YKL188C_and_YPL147W,0.0,2.360660790579061e-05
dlkcat,r_2226_ENZ_YKL188C_and_YPL147W,0.0,1.4110272659530034e-05
dlkcat,r_2227_ENZ_YKL188C_and_YPL147W,0.0,8.619802630093395e-06
dlkcat,r_2228_ENZ_YKL188C_and_YPL147W,0.0,6.07399218809553e-06
dlkcat,r_2229_FWD,0.0,0.0
dlkcat,r_2229_REV,0.0,3.868533854964329e-06
dlkcat,r_2230_FWD,0.0,0.0
dlkcat,r_2230_REV,0.0,3.4572550235978383e-06
dlkcat,r_2231_ENZ_YKL188C_and_YPL147W_FWD,0.0,1.0005653901782688e-05
dlkcat,r_2231_ENZ_YKL188C_and_YPL147W_REV,0.0,6.346840951702386e-05
dlkcat,r_2232_ENZ_YJR019C,0.0,4.283321116016481e-06
dlkcat,r_2233_ENZ_YJR019C,0.0,3.7981853318269648e-06
dlkcat,r_2234_ENZ_YJR019C,0.0,0.0001089065223442
dlkcat,r_2235_ENZ_YJR019C,0.0,0.0001089065223438
dlkcat,r_2236_ENZ_YGL205W,0.0,5.453698072599028e-06
dlkcat,r_2237_ENZ_YGL205W,0.0,7.192282610847e-06
dlkcat,r_2238_ENZ_YGL205W,0.0,7.461050959500781e-06
dlkcat,r_2239_ENZ_YGL205W,0.0,3.335566224430912e-05
dlkcat,r_2240_ENZ_YGL205W,0.0,1.9633907666818632e-05
dlkcat,r_2241_ENZ_YGL205W,0.0,8.886602021004e-06
dlkcat,r_2242_ENZ_YGL205W,0.0,6.168381129462408e-06
dlkcat,r_2243_ENZ_YGL205W,0.0,7.625087129149042e-06
dlkcat,r_2244_ENZ_YGL205W,0.0,7.625087129149042e-06
dlkcat,r_2245_ENZ_YGL205W,0.0,9.497924629897623e-06
dlkcat,r_2246_ENZ_YGL205W,0.0,9.497924629897623e-06
dlkcat,r_2247_ENZ_YGL205W,0.0,9.497924629897623e-06
dlkcat,r_2248_ENZ_YKR009C,0.0,5.704951404061909e-06
dlkcat,r_2249_ENZ_YKR009C,0.0,5.927353298337823e-06
dlkcat,r_2250_ENZ_YKR009C,0.0,2.392291962157363e-05
dlkcat,r_2251_ENZ_YKR009C,0.0,3.0537452878287574e-05
dlkcat,r_2252_ENZ_YKR009C,0.0,2.9889941564678613e-05
dlkcat,r_2253_ENZ_YKR009C,0.0,7.627682401552723e-06
dlkcat,r_2254_ENZ_YKR009C,0.0,5.453698072599028e-06
dlkcat,r_2255_ENZ_YKR009C,0.0,7.192282610847e-06
dlkcat,r_2256_ENZ_YKR009C,0.0,7.461050959500781e-06
dlkcat,r_2257_ENZ_YKR009C,0.0,3.335566224430912e-05
dlkcat,r_2258_ENZ_YKR009C,0.0,1.9633907666818632e-05
dlkcat,r_2259_ENZ_YKR009C,0.0,8.886602021004e-06
dlkcat,r_2260_ENZ_YKR009C,0.0,6.168381129462408e-06
dlkcat,r_2261_ENZ_YKR009C,0.0,7.625087129149042e-06
dlkcat,r_2262_ENZ_YKR009C,0.0,7.625087129149042e-06
dlkcat,r_2263_ENZ_YKR009C,0.0,9.497924629897623e-06
dlkcat,r_2264_ENZ_YKR009C,0.0,9.497924629897623e-06
dlkcat,r_2265_ENZ_YKR009C,0.0,4.052966963739163e-06
dlkcat,r_2266_ENZ_YKR009C,0.0,5.997300343923984e-06
dlkcat,r_2267_ENZ_YKR009C,0.0,5.908249381469943e-06
dlkcat,r_2268_ENZ_YKR009C,0.0,3.113448615484534e-05
dlkcat,r_2269_ENZ_YKR009C,0.0,2.988962932424892e-05
dlkcat,r_2270_ENZ_YKR009C,0.0,9.668468308473195e-06
dlkcat,r_2271_ENZ_YKR009C,0.0,6.891128982703758e-06
dlkcat,r_2272_ENZ_YKR009C,0.0,7.192273853698148e-06
dlkcat,r_2273_ENZ_YKR009C,0.0,7.461050959500781e-06
dlkcat,r_2274_ENZ_YKR009C,0.0,3.335566224430912e-05
dlkcat,r_2275_ENZ_YKR009C,0.0,1.9633907666818632e-05
dlkcat,r_2276_ENZ_YKR009C,0.0,8.886602021004e-06
dlkcat,r_2277_ENZ_YKR009C,0.0,6.168381129462408e-06
dlkcat,r_2278_ENZ_YKR009C,0.0,7.625087129149042e-06
dlkcat,r_2279_ENZ_YKR009C,0.0,7.625087129149042e-06
dlkcat,r_2280_ENZ_YKR009C,0.0,9.497924629897623e-06
dlkcat,r_2281_ENZ_YKR009C,0.0,9.497924629897623e-06
dlkcat,r_2282_ENZ_YKR009C,0.0,4.052966963739163e-06
dlkcat,r_2283_ENZ_YIL160C,0.0,4.958731054438559e-06
dlkcat,r_2284_ENZ_YIL160C,0.0,6.728618079441703e-06
dlkcat,r_2285_ENZ_YIL160C,0.0,7.461050959500781e-06
dlkcat,r_2286_ENZ_YIL160C,0.0,3.335566224430912e-05
dlkcat,r_2287_ENZ_YIL160C,0.0,1.9633907666818632e-05
dlkcat,r_2288_ENZ_YIL160C,0.0,8.886602021004e-06
dlkcat,r_2289_ENZ_YIL160C,0.0,6.168381129462408e-06
dlkcat,r_2290_ENZ_YIL160C,0.0,7.625087129149042e-06
dlkcat,r_2291_ENZ_YIL160C,0.0,7.625087129149042e-06
dlkcat,r_2292_ENZ_YIL160C,0.0,9.497924629897623e-06
dlkcat,r_2293_ENZ_YIL160C,0.0,9.497924629897623e-06
dlkcat,r_2294_ENZ_YIL160C,0.0,4.052966963739163e-06
dlkcat,r_2295_ENZ_YLR284C,0.0,6.130430133310938e-06
dlkcat,r_2296_ENZ_YLR284C,0.0,5.002193759602593e-06
dlkcat,r_2297_ENZ_YLR284C,0.0,5.002193759602593e-06
dlkcat,r_2298_ENZ_YLR284C,0.0,4.860025373831044e-06
dlkcat,r_2299_ENZ_YLR284C,0.0,1.044474848337393e-05
dlkcat,r_2300_ENZ_YLR284C,0.0,1.044474848337393e-05
dlkcat,r_2301_ENZ_YOR180C,0.0,5.002193759602593e-06
dlkcat,r_2302_ENZ_YOR180C,0.0,8.586692035719817e-06
dlkcat,r_2303_ENZ_YNL202W,0.0,5.002193759602593e-06
dlkcat,r_2304_ENZ_YNL202W,0.0,8.586692035719817e-06
dlkcat,r_2305_ENZ_YLR304C_FWD,0.0,0.0051484987278159
dlkcat,r_2305_ENZ_YLR304C_REV,0.0,0.0005728270693005
dlkcat,r_2308_ENZ_YBL011W,0.0068147944885162,0.0094310145765874
dlkcat,r_2308_ENZ_YKR067W,0.0,0.0
dlkcat,r_2309_ENZ_YBL011W,0.0,0.0004483748818729
dlkcat,r_2309_ENZ_YKR067W,0.0,0.0003463768030067
dlkcat,r_2310_ENZ_YKR067W,0.0,0.0031483813684941
dlkcat,r_2311_ENZ_YKR067W,0.0,0.0001251569143917
dlkcat,r_2312_ENZ_YBL011W,0.0,0.0005043911235933
dlkcat,r_2312_ENZ_YKR067W,0.0,0.0004925793465338
dlkcat,r_2313_ENZ_YBL011W,0.0,0.011754980026
dlkcat,r_2313_ENZ_YKR067W,0.0,0.0117549800227247
dlkcat,r_2314_ENZ_YKR067W,0.0,0.0005573296038812
dlkcat,r_2315_ENZ_YKR067W,0.0,9.75066474038183e-05
dlkcat,r_2316_ENZ_YKR067W,0.0,0.0005209109994402
dlkcat,r_2317_ENZ_YKR067W,0.0,0.000374560059612
dlkcat,r_2318_ENZ_YKR067W,0.0,0.0021356171258288
dlkcat,r_2319_ENZ_YKR067W,0.0,0.0001605829325575
dlkcat,r_2320_ENZ_YKR067W,0.0,0.0002802058175238
dlkcat,r_2321_ENZ_YKR067W,0.0060649273540621,0.0087529703750356
dlkcat,r_2322_ENZ_YKR067W,0.0,0.0006757267538731
dlkcat,r_2323_ENZ_YKR067W,0.0,0.0001219599982827
dlkcat,r_2324_ENZ_YIL124W,0.0,0.0006407143837389
dlkcat,r_2325_ENZ_YIL124W,0.0084795180680118,0.0113746594988237
dlkcat,r_2326_ENZ_YIL124W,0.0,0.0005591977788196
dlkcat,r_2327_ENZ_YIL124W,0.0,9.75066474038183e-05
dlkcat,r_2328_ENZ_YIL124W,0.0,0.0003535119683134
dlkcat,r_2329_ENZ_YIL124W,0.0056823735121333,0.0087529703752521
dlkcat,r_2330_ENZ_YIL124W,0.0,0.0006757267538731
dlkcat,r_2331_ENZ_YIL124W,0.0,0.0001219599982827
dlkcat,r_2332_ENZ_YOR175C,0.0067080667659537,0.0094387545528558
dlkcat,r_2333_ENZ_YDL052C,0.0,0.0005856993227689
dlkcat,r_2333_ENZ_YOR175C,0.0,0.0003182067364695
dlkcat,r_2334_ENZ_YOR175C,0.0084795180898379,0.0114790089820946
dlkcat,r_2335_ENZ_YDL052C,0.0,0.0013223281884789
dlkcat,r_2335_ENZ_YOR175C,0.0,0.0004796348153683
dlkcat,r_2336_ENZ_YOR175C,0.0,0.0029146987526257
dlkcat,r_2337_ENZ_YDL052C,0.0,0.0011140748296873
dlkcat,r_2337_ENZ_YOR175C,0.0,0.0004548335134989
dlkcat,r_2338_ENZ_YOR175C,0.0,0.0001611231095975
dlkcat,r_2339_ENZ_YDL052C,0.0,0.0001445192202295
dlkcat,r_2339_ENZ_YOR175C,0.0,0.0001188466303515
dlkcat,r_2340_ENZ_YDL052C,0.0,0.0003435758943203
dlkcat,r_2340_ENZ_YKR089C,0.0,5.159962181010627e-05
dlkcat,r_2340_ENZ_YOR081C,0.0,0.0006392884020238
dlkcat,r_2341_ENZ_YDL052C,0.0,0.0
dlkcat,r_2341_ENZ_YKR089C,0.0,0.0
dlkcat,r_2341_ENZ_YOR081C,0.0056823735116131,0.0087529703779697
dlkcat,r_2342_ENZ_YDL052C,0.0,0.0011227864438222
dlkcat,r_2342_ENZ_YKR089C,0.0,5.37717566340422e-05
dlkcat,r_2342_ENZ_YOR081C,0.0,0.0021356171277986
dlkcat,r_2343_ENZ_YDL052C,0.0,0.0001445192207649
dlkcat,r_2343_ENZ_YKR089C,0.0,5.157469873048222e-05
dlkcat,r_2343_ENZ_YOR081C,0.0,0.0001605829324871
dlkcat,r_2344_ENZ_YMR165C,0.0,0.0008536695986211
dlkcat,r_2345_ENZ_YMR165C,0.0,0.0002585863291262
dlkcat,r_2346_ENZ_YMR165C,0.001836456114803,0.0035673117409888
dlkcat,r_2347_ENZ_YMR165C,0.0,0.0002678670472032
dlkcat,r_2348_ENZ_YMR165C,0.0,0.0007462869902534
dlkcat,r_2349_ENZ_YMR165C,0.0,0.0002591103068381
dlkcat,r_2350_ENZ_YMR165C,0.0,0.0002592138996755
dlkcat,r_2351_ENZ_YMR165C,0.0,0.0002559129656747
dlkcat,r_2352_ENZ_YDR284C,0.0,0.0
dlkcat,r_2353_ENZ_YDR284C,0.0,0.0
dlkcat,r_2354_ENZ_YDR284C,0.0,0.0
dlkcat,r_2355_ENZ_YDR284C,0.0,0.0
dlkcat,r_2356_ENZ_YDR284C,0.0,0.0
dlkcat,r_2357_ENZ_YDR284C,0.0,0.0
dlkcat,r_2358_ENZ_YDR284C,0.0,0.0
dlkcat,r_2359_ENZ_YDR284C,0.0,0.0
dlkcat,r_2360_ENZ_YDR503C,0.0,0.0006001793336541
dlkcat,r_2361_ENZ_YDR503C,0.0,0.0002183067265537
dlkcat,r_2362_ENZ_YDR503C,0.0,0.0014723479575879
dlkcat,r_2363_ENZ_YDR503C,0.0,0.0002131440026137
dlkcat,r_2364_ENZ_YDR503C,0.0,0.0005210104517408
dlkcat,r_2365_ENZ_YDR503C,0.0,0.0002167341860097
dlkcat,r_2366_ENZ_YDR503C,0.0,0.0002328478201016
dlkcat,r_2367_ENZ_YDR503C,0.0,0.0002302485054599
dlkcat,r_2368_ENZ_YCR048W,0.0,0.0004452272753281
dlkcat,r_2368_ENZ_YNR019W,0.0,0.0001264787040155
dlkcat,r_2368_ENZ_YOR245C,0.0,0.0008361468137209
dlkcat,r_2369_ENZ_YCR048W,0.0,0.000179015990193
dlkcat,r_2369_ENZ_YNR019W,0.0,8.953277376534974e-05
dlkcat,r_2369_ENZ_YOR245C,0.0,0.0002302702629491
dlkcat,r_2370_ENZ_YCR048W,0.0,0.0034045222365376
dlkcat,r_2370_ENZ_YNR019W,0.0,0.00339123957889
dlkcat,r_2370_ENZ_YOR245C,0.0,0.0033912395788847
dlkcat,r_2371_ENZ_YCR048W,0.0,0.0003249038958939
dlkcat,r_2371_ENZ_YNR019W,0.0,0.0003822112933261
dlkcat,r_2371_ENZ_YOR245C,0.0,0.0003374211868964
dlkcat,r_2372_ENZ_YCR048W,0.0,0.0006925549600332
dlkcat,r_2372_ENZ_YNR019W,0.0,0.0007462869963203
dlkcat,r_2372_ENZ_YOR245C,0.0,0.00072131254318
dlkcat,r_2373_ENZ_YCR048W,0.0,0.0001871847349781
dlkcat,r_2373_ENZ_YNR019W,0.0,8.785044292151924e-05
dlkcat,r_2373_ENZ_YOR245C,0.0,0.0002264296175716
dlkcat,r_2374_ENZ_YCR048W,0.0,0.0002130081445189
dlkcat,r_2374_ENZ_YNR019W,0.0,0.000213008144443
dlkcat,r_2374_ENZ_YOR245C,0.0,0.0002130081444892
dlkcat,r_2375_ENZ_YCR048W,0.0,0.00016121533758
dlkcat,r_2375_ENZ_YNR019W,0.0,8.95700507440771e-05
dlkcat,r_2375_ENZ_YOR245C,0.0,0.0001900008432233
dlkcat,r_2376_ENZ_YCR048W,0.0,0.0004274553519537
dlkcat,r_2376_ENZ_YNR019W,0.0,0.0001223977617737
dlkcat,r_2376_ENZ_YOR245C,0.0,0.0008202876395846
dlkcat,r_2377_ENZ_YCR048W,0.0,0.0009366794734572
dlkcat,r_2377_ENZ_YNR019W,0.0,0.0009501684920249
dlkcat,r_2377_ENZ_YOR245C,0.0,0.0009501684918695
dlkcat,r_2378_ENZ_YCR048W,0.0,0.0004424098325658
dlkcat,r_2378_ENZ_YNR019W,0.0,0.0001419358130875
dlkcat,r_2378_ENZ_YOR245C,0.0,0.0008226921719509
dlkcat,r_2379_ENZ_YCR048W,0.0,0.0009366794727844
dlkcat,r_2379_ENZ_YNR019W,0.0,0.0009501684916628
dlkcat,r_2379_ENZ_YOR245C,0.0,0.0009501684916628
dlkcat,r_2380_ENZ_YCR048W,0.0,0.000391373353182
dlkcat,r_2380_ENZ_YNR019W,0.0,0.000111675070576
dlkcat,r_2380_ENZ_YOR245C,0.0,0.0008184838963719
dlkcat,r_2381_ENZ_YCR048W,0.0,0.0009501684912106
dlkcat,r_2381_ENZ_YNR019W,0.0,0.0008916420038005
dlkcat,r_2381_ENZ_YOR245C,0.0,0.0008916420062717
dlkcat,r_2382_ENZ_YCR048W,0.0,0.0009501684836254
dlkcat,r_2382_ENZ_YNR019W,0.0,0.0009501684911594
dlkcat,r_2382_ENZ_YOR245C,0.0,0.0008916420072655
dlkcat,r_2383_ENZ_YCR048W,0.0,0.0008916420035527
dlkcat,r_2383_ENZ_YNR019W,0.0,0.0008827145455186
dlkcat,r_2383_ENZ_YOR245C,0.0,0.0009412410290454
dlkcat,r_2384_ENZ_YCR048W,0.0,0.0005131867690905
dlkcat,r_2384_ENZ_YNR019W,0.0,0.0001264787040208
dlkcat,r_2384_ENZ_YOR245C,0.0,0.0007282677360935
dlkcat,r_2385_ENZ_YCR048W,0.0,0.0001926957626084
dlkcat,r_2385_ENZ_YNR019W,0.0,8.401792200449584e-05
dlkcat,r_2385_ENZ_YOR245C,0.0,0.0002302702637447
dlkcat,r_2386_ENZ_YCR048W,0.0,0.0017826683556468
dlkcat,r_2386_ENZ_YNR019W,0.0,0.001785596942888
dlkcat,r_2386_ENZ_YOR245C,0.0,0.0017728903166515
dlkcat,r_2387_ENZ_YCR048W,0.0,0.0002789469062632
dlkcat,r_2387_ENZ_YNR019W,0.0,0.0003822112897962
dlkcat,r_2387_ENZ_YOR245C,0.0,0.0002789492158503
dlkcat,r_2388_ENZ_YCR048W,0.0,0.0003880466208752
dlkcat,r_2388_ENZ_YNR019W,0.0,0.0001096705106103
dlkcat,r_2388_ENZ_YOR245C,0.0,0.0005816242471708
dlkcat,r_2389_ENZ_YCR048W,0.0,0.000189880357069
dlkcat,r_2389_ENZ_YNR019W,0.0,8.660327883144584e-05
dlkcat,r_2389_ENZ_YOR245C,0.0,0.0001808542724074
dlkcat,r_2390_ENZ_YCR048W,0.0,0.0001623969357713
dlkcat,r_2390_ENZ_YNR019W,0.0,0.0001629364088446
dlkcat,r_2390_ENZ_YOR245C,0.0,0.0001623966517696
dlkcat,r_2391_ENZ_YCR048W,0.0,0.0001632411360823
dlkcat,r_2391_ENZ_YNR019W,0.0,0.000163241136174
dlkcat,r_2391_ENZ_YOR245C,0.0,0.0001631889770821
dlkcat,r_2392_ENZ_YCR048W,0.0,0.0002159963150095
dlkcat,r_2392_ENZ_YNR019W,0.0,0.0002159963159071
dlkcat,r_2392_ENZ_YOR245C,0.0,0.0002159963146851
dlkcat,r_2393_ENZ_YCR048W,0.0,0.0002328034075925
dlkcat,r_2393_ENZ_YNR019W,0.0,0.0002327967791332
dlkcat,r_2393_ENZ_YOR245C,0.0,0.0002277539282508
dlkcat,r_2394_ENZ_YCR048W,0.0,0.0001771372420149
dlkcat,r_2394_ENZ_YNR019W,0.0,8.145746577798135e-05
dlkcat,r_2394_ENZ_YOR245C,0.0,0.0002142283890393
dlkcat,r_2395_ENZ_YCR048W,0.0,0.0002033107288614
dlkcat,r_2395_ENZ_YNR019W,0.0,9.58168742194724e-05
dlkcat,r_2395_ENZ_YOR245C,0.0,0.0002414742596532
dlkcat,r_2396_ENZ_YCR048W,0.0,0.0002688617501488
dlkcat,r_2396_ENZ_YNR019W,0.0,0.0002484840886446
dlkcat,r_2396_ENZ_YOR245C,0.0,0.0002650448703392
dlkcat,r_2397_ENZ_YCR048W,0.0,0.000252300968972
dlkcat,r_2397_ENZ_YNR019W,0.0,0.0001782099634498
dlkcat,r_2397_ENZ_YOR245C,0.0,0.0001782099635053
dlkcat,r_2398_ENZ_YCR048W,0.0,0.0002062385843911
dlkcat,r_2398_ENZ_YNR019W,0.0,9.581687656425378e-05
dlkcat,r_2398_ENZ_YOR245C,0.0,0.0002414742593566
dlkcat,r_2399_ENZ_YCR048W,0.0,0.0001912730716167
dlkcat,r_2399_ENZ_YNR019W,0.0,9.509896185877324e-05
dlkcat,r_2399_ENZ_YOR245C,0.0,0.0002411339869648
dlkcat,r_2400_ENZ_YOR245C,0.0,0.000805935433237
dlkcat,r_2401_ENZ_YOR245C,0.0,0.0002653146252252
dlkcat,r_2402_ENZ_YOR245C,0.0,0.003255900069579
dlkcat,r_2403_ENZ_YOR245C,0.0,0.0003822112934025
dlkcat,r_2404_ENZ_YOR245C,0.0,0.0007462869970921
dlkcat,r_2405_ENZ_YOR245C,0.0,0.0002018875305514
dlkcat,r_2406_ENZ_YOR245C,0.0,0.0001686312300669
dlkcat,r_2407_ENZ_YOR245C,0.0,0.0001524394578461
dlkcat,r_2408_ENZ_YOR245C,0.0,0.000645749751853
dlkcat,r_2409_ENZ_YOR245C,0.0,0.0009897584471512
dlkcat,r_2410_ENZ_YOR245C,0.0,0.000639947200859
dlkcat,r_2411_ENZ_YOR245C,0.0,0.0009901456557372
dlkcat,r_2412_ENZ_YOR245C,0.0,0.0005933013414467
dlkcat,r_2413_ENZ_YOR245C,0.0,0.0007479984465378
dlkcat,r_2414_ENZ_YOR245C,0.0,0.0008262925367034
dlkcat,r_2415_ENZ_YOR245C,0.0,0.0009914939733597
dlkcat,r_2416_ENZ_YOR245C,0.0,0.0009457347622348
dlkcat,r_2417_ENZ_YOR245C,0.0,0.0002653146254148
dlkcat,r_2418_ENZ_YOR245C,0.0,0.0017984606817386
dlkcat,r_2419_ENZ_YOR245C,0.0,0.0003155106811011
dlkcat,r_2420_ENZ_YOR245C,0.0,0.0006678462345813
dlkcat,r_2421_ENZ_YOR245C,0.0,0.0002322690201949
dlkcat,r_2422_ENZ_YOR245C,0.0,0.0002191538740428
dlkcat,r_2423_ENZ_YOR245C,0.0,0.0002191538749261
dlkcat,r_2424_ENZ_YOR245C,0.0,0.0002027953410905
dlkcat,r_2425_ENZ_YOR245C,0.0,0.000268861750464
dlkcat,r_2426_ENZ_YOR245C,0.0,0.0002417034686995
dlkcat,r_2427_ENZ_YOR245C,0.0,0.0002573243903058
dlkcat,r_2428_ENZ_YOR245C,0.0,0.0002523009691085
dlkcat,r_2429_ENZ_YOR245C,0.0,0.0002523009691557
dlkcat,r_2430_ENZ_YOR245C,0.0,0.0001705626360212
dlkcat,r_2431_ENZ_YOR245C,0.0,0.0001703222895087
dlkcat,r_2432_ENZ_YBR029C_FWD,0.0066760231472826,0.0093781513301486
dlkcat,r_2432_ENZ_YBR029C_REV,0.0,0.0
dlkcat,r_2433_ENZ_YBR029C_FWD,0.0051425476608293,0.008150582188742
dlkcat,r_2433_ENZ_YBR029C_REV,0.0,0.0
dlkcat,r_2434_ENZ_YBR029C_FWD,0.0,0.0031439012803196
dlkcat,r_2434_ENZ_YBR029C_REV,0.0,0.0
dlkcat,r_2435_ENZ_YBR029C_FWD,0.0,0.0001717300154016
dlkcat,r_2435_ENZ_YBR029C_REV,0.0,0.0
dlkcat,r_2436_ENZ_YBR029C_FWD,0.0,0.0006392884017954
dlkcat,r_2436_ENZ_YBR029C_REV,0.0,0.0
dlkcat,r_2437_ENZ_YBR029C_FWD,0.0060141255331091,0.0087464562522542
dlkcat,r_2437_ENZ_YBR029C_REV,0.0,0.0
dlkcat,r_2438_ENZ_YBR029C_FWD,0.0,0.0020766926963967
dlkcat,r_2438_ENZ_YBR029C_REV,0.0,0.0
dlkcat,r_2439_ENZ_YBR029C_FWD,0.0,0.0001605829324805
dlkcat,r_2439_ENZ_YBR029C_REV,0.0,0.0
dlkcat,r_2440_ENZ_YBR029C_FWD,0.0,0.0001063275468709
dlkcat,r_2440_ENZ_YBR029C_REV,0.0,0.0
dlkcat,r_2441_ENZ_YBR029C_FWD,0.0,0.0001215382587531
dlkcat,r_2441_ENZ_YBR029C_REV,0.0,0.0
dlkcat,r_2442_ENZ_YBR029C_FWD,0.0,9.928905416460424e-05
dlkcat,r_2442_ENZ_YBR029C_REV,0.0,0.0
dlkcat,r_2443_ENZ_YBR029C_FWD,0.0,7.573048232020314e-05
dlkcat,r_2443_ENZ_YBR029C_REV,0.0,0.0
dlkcat,r_2444_ENZ_YBR029C_FWD,0.0,7.832415866447813e-05
dlkcat,r_2444_ENZ_YBR029C_REV,0.0,0.0
dlkcat,r_2445_ENZ_YBR029C_FWD,0.0,6.15616493303582e-05
dlkcat,r_2445_ENZ_YBR029C_REV,0.0,0.0
dlkcat,r_2446_ENZ_YER026C,0.0069037321720403,0.0091330729229342
dlkcat,r_2447_ENZ_YER026C,0.0017680699632408,0.0046278621483693
dlkcat,r_2448_ENZ_YER026C,0.0,0.0031394573947007
dlkcat,r_2449_ENZ_YER026C,0.0,0.0001133147393788
dlkcat,r_2450_ENZ_YER026C,0.0,0.0005269064534411
dlkcat,r_2451_ENZ_YER026C,0.0061509677051535,0.0087431278166917
dlkcat,r_2452_ENZ_YER026C,0.0,0.0021356171097177
dlkcat,r_2453_ENZ_YER026C,0.0,0.0001299512109442
dlkcat,r_2454_ENZ_YPR113W,0.0,0.0015462782101594
dlkcat,r_2455_ENZ_YPR113W,0.0015362425109263,0.0035118441219061
dlkcat,r_2456_ENZ_YPR113W,0.0,0.0017722021524771
dlkcat,r_2457_ENZ_YPR113W,0.0,0.0001663861122467
dlkcat,r_2458_ENZ_YPR113W,0.0,0.0002768745393935
dlkcat,r_2459_ENZ_YPR113W,0.0,0.0005394481490513
dlkcat,r_2460_ENZ_YPR113W,0.0,0.0003629664169377
dlkcat,r_2461_ENZ_YPR113W,0.0,0.0001105025109863
dlkcat,r_2462_ENZ_YBR042C_FWD,0.0,0.0
dlkcat,r_2462_ENZ_YBR042C_REV,0.0,0.0
dlkcat,r_2463_ENZ_YBR042C_FWD,0.0,0.0
dlkcat,r_2463_ENZ_YBR042C_REV,0.0,0.0
dlkcat,r_2464_ENZ_YNL169C,0.0,0.0094314927934191
dlkcat,r_2465_ENZ_YNL169C,0.0,0.0016597310294394
dlkcat,r_2466_ENZ_YNL169C,0.0,0.0027673245487252
dlkcat,r_2467_ENZ_YNL169C,0.0,0.0001697759412658
dlkcat,r_2468_ENZ_YNL169C,0.0,0.0006317937454856
dlkcat,r_2469_ENZ_YNL169C,0.0,0.0085553986569334
dlkcat,r_2470_ENZ_YNL169C,0.0,0.0018713978981042
dlkcat,r_2471_ENZ_YNL169C,0.0,0.000116330627304
dlkcat,r_2472_ENZ_YGR170W,0.0,0.0005224665931673
dlkcat,r_2473_ENZ_YGR170W,0.0,0.0001900129472984
dlkcat,r_2474_ENZ_YGR170W,0.0,0.0003934451004553
dlkcat,r_2475_ENZ_YGR170W,0.0,9.209084672357386e-05
dlkcat,r_2476_ENZ_YGR170W,0.0,0.0003160510391383
dlkcat,r_2477_ENZ_YGR170W,0.0,0.0004974517262046
dlkcat,r_2478_ENZ_YGR170W,0.0,0.0005400641441783
dlkcat,r_2479_ENZ_YGR170W,0.0,0.000130813560423
dlkcat,r_2480_ENZ_YGR170W,0.0,0.0090851695640969
dlkcat,r_2481_ENZ_YGR170W,0.0,0.0006774525348102
dlkcat,r_2482_ENZ_YGR170W,0.0,0.0010200864428963
dlkcat,r_2483_ENZ_YGR170W,0.0,0.0001044201589105
dlkcat,r_2484_ENZ_YGR170W,0.0,0.0005400641441783
dlkcat,r_2485_ENZ_YGR170W,0.0,0.008752970358689
dlkcat,r_2486_ENZ_YGR170W,0.0,0.002126628940281
dlkcat,r_2487_ENZ_YGR170W,0.0,0.0001163306272748
dlkcat,r_2488_ENZ_YGR157W,0.0,0.0092013952538876
dlkcat,r_2489_ENZ_YGR157W,0.0,0.0088849338976031
dlkcat,r_2490_ENZ_YGR157W,0.0,0.001671461378477
dlkcat,r_2491_ENZ_YGR157W,0.0,0.0001217250444242
dlkcat,r_2492_ENZ_YGR157W,0.0,0.009431829881668
dlkcat,r_2493_ENZ_YGR157W,0.0,0.0093438146783723
dlkcat,r_2494_ENZ_YGR157W,0.0,0.0017073522587408
dlkcat,r_2495_ENZ_YGR157W,0.0,0.0001398118957443
dlkcat,r_2496_ENZ_YJR073C,0.0,0.0094312761402788
dlkcat,r_2497_ENZ_YJR073C,0.0,0.0087902166341418
dlkcat,r_2498_ENZ_YJR073C,0.0,0.0016780982104238
dlkcat,r_2499_ENZ_YJR073C,0.0,0.0001217250444192
dlkcat,r_2500_ENZ_YJR073C,0.0,0.0094318090774832
dlkcat,r_2501_ENZ_YJR073C,0.0,0.0088031991494344
dlkcat,r_2502_ENZ_YJR073C,0.0,0.0016686947451139
dlkcat,r_2503_ENZ_YJR073C,0.0,0.0001059194304095
dlkcat,r_2504_ENZ_YJR073C,0.0,0.0091579461842802
dlkcat,r_2505_ENZ_YJR073C,0.0,0.0087902166342562
dlkcat,r_2506_ENZ_YJR073C,0.0,0.0016780982104238
dlkcat,r_2507_ENZ_YJR073C,0.0,0.0001217250444192
dlkcat,r_2508_ENZ_YJR073C,0.0,0.0094318090774832
dlkcat,r_2509_ENZ_YJR073C,0.0,0.0088031991494344
dlkcat,r_2510_ENZ_YJR073C,0.0,0.0016686947451139
dlkcat,r_2511_ENZ_YJR073C,0.0,0.0001059194304095
dlkcat,r_2512_ENZ_YOR311C,0.0,0.0002167103692989
dlkcat,r_2513_ENZ_YOR311C,0.0,0.0002336244514695
dlkcat,r_2514_ENZ_YOR311C,0.0,0.0002336244514695
dlkcat,r_2515_ENZ_YOR311C,0.0,0.0002336244514695
dlkcat,r_2516_ENZ_YOR311C,0.0,0.0002337308274755
dlkcat,r_2517_ENZ_YOR311C,0.0,0.00023408504659
dlkcat,r_2518_ENZ_YOR311C,0.0,0.0002340853324992
dlkcat,r_2519_ENZ_YOR311C,0.0,0.0002191347336479
dlkcat,r_2520_ENZ_YHR123W,0.0,0.0
dlkcat,r_2521_ENZ_YHR123W,0.0,0.0
dlkcat,r_2522_ENZ_YHR123W,0.0,0.0
dlkcat,r_2523_ENZ_YHR123W,0.0,0.0
dlkcat,r_2524_ENZ_YHR123W,0.0,0.0
dlkcat,r_2525_ENZ_YHR123W,0.0,0.0
dlkcat,r_2526_ENZ_YHR123W,0.0,0.0
dlkcat,r_2527_ENZ_YHR123W,0.0,0.0
dlkcat,r_2528_ENZ_YHR123W,0.0,6.365882894279195e-05
dlkcat,r_2528_ENZ_YNL130C,0.0,5.925144567822116e-05
dlkcat,r_2529_ENZ_YHR123W,0.0,6.180904442238954e-05
dlkcat,r_2529_ENZ_YNL130C,0.0,4.363826553632766e-05
dlkcat,r_2530_ENZ_YHR123W,0.0,5.586764463387795e-05
dlkcat,r_2530_ENZ_YNL130C,0.0,3.795769241719975e-05
dlkcat,r_2531_ENZ_YHR123W,0.0,4.272331281642689e-05
dlkcat,r_2531_ENZ_YNL130C,0.0,3.962527195738122e-05
dlkcat,r_2532_ENZ_YHR123W,0.0,7.025129173854339e-05
dlkcat,r_2532_ENZ_YNL130C,0.0,7.486251589483572e-05
dlkcat,r_2533_ENZ_YHR123W,0.0,7.472019258933927e-05
dlkcat,r_2533_ENZ_YNL130C,0.0,5.0734323347256806e-05
dlkcat,r_2534_ENZ_YHR123W,0.0,7.00749014344805e-05
dlkcat,r_2534_ENZ_YNL130C,0.0,4.553682772154843e-05
dlkcat,r_2535_ENZ_YHR123W,0.0,4.8896509082219096e-05
dlkcat,r_2535_ENZ_YNL130C,0.0,3.882027279100697e-05
dlkcat,r_2536_ENZ_YCL004W,0.0,0.0001133067804263
dlkcat,r_2537_ENZ_YCL004W,0.0,0.0001140520002301
dlkcat,r_2538_ENZ_YCL004W,0.0,0.0001002307866004
dlkcat,r_2539_ENZ_YCL004W,0.0,8.070135537465287e-05
dlkcat,r_2540_ENZ_YCL004W,0.0,7.838381122659246e-05
dlkcat,r_2541_ENZ_YCL004W,0.0,6.156164999617576e-05
dlkcat,r_2542_ENZ_YHR100C,0.0,8.949585145644418e-05
dlkcat,r_2543_ENZ_YHR100C,0.0,0.0001025255237023
dlkcat,r_2544_ENZ_YHR100C,0.0,0.0001002307866279
dlkcat,r_2545_ENZ_YHR100C,0.0,8.070135537465287e-05
dlkcat,r_2546_ENZ_YHR100C,0.0,7.838381122659246e-05
dlkcat,r_2547_ENZ_YHR100C,0.0,6.156164999617576e-05
dlkcat,r_2548_ENZ_YDL142C,0.0,0.0
dlkcat,r_2549_ENZ_YDL142C,0.0,0.0
dlkcat,r_2550_ENZ_YDL142C,0.0,0.0
dlkcat,r_2551_ENZ_YDL142C,0.0,0.0
dlkcat,r_2552_ENZ_YDL142C,0.0,0.0
dlkcat,r_2553_ENZ_YDL142C,0.0,0.0
dlkcat,r_2554_ENZ_YDL142C,0.0,0.0
dlkcat,r_2555_ENZ_YDL142C,0.0,0.0
dlkcat,r_2556_ENZ_YDL142C,0.0,0.0
dlkcat,r_2557_ENZ_YDL142C,0.0,0.0
dlkcat,r_2558_ENZ_YDL142C,0.0,0.0
dlkcat,r_2559_ENZ_YDL142C,0.0,0.0
dlkcat,r_2560_ENZ_YDL142C,0.0,0.0
dlkcat,r_2561_ENZ_YDL142C,0.0,0.0
dlkcat,r_2562_ENZ_YDL142C,0.0,0.0
dlkcat,r_2563_ENZ_YDL142C,0.0,0.0
dlkcat,r_2564_ENZ_YDL142C,0.0,0.0
dlkcat,r_2565_ENZ_YDL142C,0.0,0.0
dlkcat,r_2566_ENZ_YDL142C,0.0,0.0
dlkcat,r_2567_ENZ_YDL142C,0.0,0.0
dlkcat,r_2568_ENZ_YDL142C,0.0,0.0
dlkcat,r_2569_ENZ_YDL142C,0.0,0.0
dlkcat,r_2570_ENZ_YDL142C,0.0,0.0
dlkcat,r_2571_ENZ_YDL142C,0.0,0.0
dlkcat,r_2572_ENZ_YDL142C,0.0,0.0
dlkcat,r_2573_ENZ_YDL142C,0.0,0.0
dlkcat,r_2574_ENZ_YDL142C,0.0,0.0
dlkcat,r_2575_ENZ_YDL142C,0.0,0.0
dlkcat,r_2576_ENZ_YDL142C,0.0,0.0
dlkcat,r_2577_ENZ_YDL142C,0.0,0.0
dlkcat,r_2578_ENZ_YDL142C,0.0,0.0
dlkcat,r_2579_ENZ_YDL142C,0.0,0.0
dlkcat,r_2580_ENZ_YDL142C,0.0,0.0
dlkcat,r_2581_ENZ_YDL142C,0.0,0.0
dlkcat,r_2582_ENZ_YDL142C,0.0,0.0
dlkcat,r_2583_ENZ_YDL142C,0.0,0.0
dlkcat,r_2584_ENZ_YGR110W,0.0,0.0
dlkcat,r_2585_ENZ_YGR110W,0.0,0.0
dlkcat,r_2586_ENZ_YGR110W,0.0,0.0
dlkcat,r_2587_ENZ_YGR110W,0.0,0.0
dlkcat,r_2588_ENZ_YGR110W,0.0,0.0
dlkcat,r_2589_ENZ_YGR110W,0.0,0.0
dlkcat,r_2590_ENZ_YGR110W,0.0,0.0
dlkcat,r_2591_ENZ_YGR110W,0.0,0.0
dlkcat,r_2592_ENZ_YGR110W,0.0,0.0
dlkcat,r_2593_ENZ_YGR110W,0.0,0.0
dlkcat,r_2594_ENZ_YGR110W,0.0,0.0
dlkcat,r_2595_ENZ_YGR110W,0.0,0.0
dlkcat,r_2596_ENZ_YGR110W,0.0,0.0
dlkcat,r_2597_ENZ_YGR110W,0.0,0.0
dlkcat,r_2598_ENZ_YGR110W,0.0,0.0
dlkcat,r_2599_ENZ_YGR110W,0.0,0.0
dlkcat,r_2600_ENZ_YGR110W,0.0,0.0
dlkcat,r_2601_ENZ_YGR110W,0.0,0.0
dlkcat,r_2602_ENZ_YGR110W,0.0,0.0
dlkcat,r_2603_ENZ_YGR110W,0.0,0.0
dlkcat,r_2604_ENZ_YGR110W,0.0,0.0
dlkcat,r_2605_ENZ_YGR110W,0.0,0.0
dlkcat,r_2606_ENZ_YGR110W,0.0,0.0
dlkcat,r_2607_ENZ_YGR110W,0.0,0.0
dlkcat,r_2608_ENZ_YGR110W,0.0,0.0
dlkcat,r_2609_ENZ_YGR110W,0.0,0.0
dlkcat,r_2610_ENZ_YGR110W,0.0,0.0
dlkcat,r_2611_ENZ_YGR110W,0.0,0.0
dlkcat,r_2612_ENZ_YGR110W,0.0,0.0
dlkcat,r_2613_ENZ_YGR110W,0.0,0.0
dlkcat,r_2614_ENZ_YGR110W,0.0,0.0
dlkcat,r_2615_ENZ_YGR110W,0.0,0.0
dlkcat,r_2616_ENZ_YGR110W,0.0,0.0
dlkcat,r_2617_ENZ_YGR110W,0.0,0.0
dlkcat,r_2618_ENZ_YGR110W,0.0,0.0
dlkcat,r_2619_ENZ_YGR110W,0.0,0.0
dlkcat,r_2620_ENZ_YPR140W_FWD,0.0,1000.0
dlkcat,r_2620_ENZ_YPR140W_REV,0.0,1000.0
dlkcat,r_2621_ENZ_YPR140W_FWD,0.0,1000.0
dlkcat,r_2621_ENZ_YPR140W_REV,0.0,1000.0
dlkcat,r_2622_ENZ_YPR140W_FWD,0.0,1000.0
dlkcat,r_2622_ENZ_YPR140W_REV,0.0,1000.0
dlkcat,r_2623_ENZ_YPR140W_FWD,0.0,1000.0
dlkcat,r_2623_ENZ_YPR140W_REV,0.0,1000.0
dlkcat,r_2624_ENZ_YPR140W_FWD,0.0,1000.0
dlkcat,r_2624_ENZ_YPR140W_REV,0.0,1000.0
dlkcat,r_2625_ENZ_YPR140W_FWD,0.0,1000.0
dlkcat,r_2625_ENZ_YPR140W_REV,0.0,1000.0
dlkcat,r_2626_ENZ_YPR140W_FWD,0.0,1000.0
dlkcat,r_2626_ENZ_YPR140W_REV,0.0,1000.0
dlkcat,r_2627_ENZ_YPR140W_FWD,0.0,1000.0
dlkcat,r_2627_ENZ_YPR140W_REV,0.0,1000.0
dlkcat,r_2628_ENZ_YPR140W_FWD,0.0,1000.0
dlkcat,r_2628_ENZ_YPR140W_REV,0.0,1000.0
dlkcat,r_2629_ENZ_YPR140W_FWD,0.0,1000.0
dlkcat,r_2629_ENZ_YPR140W_REV,0.0,1000.0
dlkcat,r_2630_ENZ_YPR140W_FWD,0.0,1000.0
dlkcat,r_2630_ENZ_YPR140W_REV,0.0,1000.0
dlkcat,r_2631_ENZ_YPR140W_FWD,0.0,1000.0
dlkcat,r_2631_ENZ_YPR140W_REV,0.0,1000.0
dlkcat,r_2632_ENZ_YPR140W_FWD,0.0,1000.0
dlkcat,r_2632_ENZ_YPR140W_REV,0.0,1000.0
dlkcat,r_2633_ENZ_YPR140W_FWD,0.0,1000.0
dlkcat,r_2633_ENZ_YPR140W_REV,0.0,1000.0
dlkcat,r_2634_ENZ_YPR140W_FWD,0.0,1000.0
dlkcat,r_2634_ENZ_YPR140W_REV,0.0,1000.0
dlkcat,r_2635_ENZ_YPR140W_FWD,0.0,1000.0
dlkcat,r_2635_ENZ_YPR140W_REV,0.0,1000.0
dlkcat,r_2636_ENZ_YPR140W_FWD,0.0,1000.0
dlkcat,r_2636_ENZ_YPR140W_REV,0.0,1000.0
dlkcat,r_2637_ENZ_YPR140W_FWD,0.0,1000.0
dlkcat,r_2637_ENZ_YPR140W_REV,0.0,1000.0
dlkcat,r_2638_ENZ_YPR140W_FWD,0.0,1000.0
dlkcat,r_2638_ENZ_YPR140W_REV,0.0,1000.0
dlkcat,r_2639_ENZ_YPR140W_FWD,0.0,1000.0
dlkcat,r_2639_ENZ_YPR140W_REV,0.0,1000.0
dlkcat,r_2640_ENZ_YPR140W_FWD,0.0,1000.0
dlkcat,r_2640_ENZ_YPR140W_REV,0.0,1000.0
dlkcat,r_2641_ENZ_YPR140W_FWD,0.0,1000.0
dlkcat,r_2641_ENZ_YPR140W_REV,0.0,1000.0
dlkcat,r_2642_ENZ_YPR140W_FWD,0.0,1000.0
dlkcat,r_2642_ENZ_YPR140W_REV,0.0,1000.0
dlkcat,r_2643_ENZ_YPR140W_FWD,0.0,1000.0
dlkcat,r_2643_ENZ_YPR140W_REV,0.0,1000.0
dlkcat,r_2644_ENZ_YPR140W_FWD,0.0,1000.0
dlkcat,r_2644_ENZ_YPR140W_REV,0.0,1000.0
dlkcat,r_2645_ENZ_YPR140W_FWD,0.0,1000.0
dlkcat,r_2645_ENZ_YPR140W_REV,0.0,1000.0
dlkcat,r_2646_ENZ_YPR140W_FWD,0.0,1000.0
dlkcat,r_2646_ENZ_YPR140W_REV,0.0,1000.0
dlkcat,r_2647_ENZ_YPR140W_FWD,0.0,1000.0
dlkcat,r_2647_ENZ_YPR140W_REV,0.0,1000.0
dlkcat,r_2648_ENZ_YPR140W_FWD,0.0,1000.0
dlkcat,r_2648_ENZ_YPR140W_REV,0.0,1000.0
dlkcat,r_2649_ENZ_YPR140W_FWD,0.0,1000.0
dlkcat,r_2649_ENZ_YPR140W_REV,0.0,1000.0
dlkcat,r_2650_ENZ_YPR140W_FWD,0.0,1000.0
dlkcat,r_2650_ENZ_YPR140W_REV,0.0,1000.0
dlkcat,r_2651_ENZ_YPR140W_FWD,0.0,1000.0
dlkcat,r_2651_ENZ_YPR140W_REV,0.0,1000.0
dlkcat,r_2652_ENZ_YPR140W_FWD,0.0,1000.0
dlkcat,r_2652_ENZ_YPR140W_REV,0.0,1000.0
dlkcat,r_2653_ENZ_YPR140W_FWD,0.0,1000.0
dlkcat,r_2653_ENZ_YPR140W_REV,0.0,1000.0
dlkcat,r_2654_ENZ_YPR140W_FWD,0.0,1000.0
dlkcat,r_2654_ENZ_YPR140W_REV,0.0,1000.0
dlkcat,r_2655_ENZ_YPR140W_FWD,0.0,1000.0
dlkcat,r_2655_ENZ_YPR140W_REV,0.0,1000.0
dlkcat,r_2656_ENZ_YPR140W_FWD,0.0,1000.0
dlkcat,r_2656_ENZ_YPR140W_REV,0.0,1000.0
dlkcat,r_2657_ENZ_YPR140W_FWD,0.0,1000.0
dlkcat,r_2657_ENZ_YPR140W_REV,0.0,1000.0
dlkcat,r_2658_ENZ_YPR140W_FWD,0.0,1000.0
dlkcat,r_2658_ENZ_YPR140W_REV,0.0,1000.0
dlkcat,r_2659_ENZ_YPR140W_FWD,0.0,1000.0
dlkcat,r_2659_ENZ_YPR140W_REV,0.0,1000.0
dlkcat,r_2660_ENZ_YPR140W_FWD,0.0,1000.0
dlkcat,r_2660_ENZ_YPR140W_REV,0.0,1000.0
dlkcat,r_2661_ENZ_YPR140W_FWD,0.0,1000.0
dlkcat,r_2661_ENZ_YPR140W_REV,0.0,1000.0
dlkcat,r_2662_ENZ_YPR140W_FWD,0.0,1000.0
dlkcat,r_2662_ENZ_YPR140W_REV,0.0,1000.0
dlkcat,r_2663_ENZ_YPR140W_FWD,0.0,1000.0
dlkcat,r_2663_ENZ_YPR140W_REV,0.0,1000.0
dlkcat,r_2664_ENZ_YPR140W_FWD,0.0,1000.0
dlkcat,r_2664_ENZ_YPR140W_REV,0.0,1000.0
dlkcat,r_2665_ENZ_YPR140W_FWD,0.0,1000.0
dlkcat,r_2665_ENZ_YPR140W_REV,0.0,1000.0
dlkcat,r_2666_ENZ_YPR140W_FWD,0.0,1000.0
dlkcat,r_2666_ENZ_YPR140W_REV,0.0,1000.0
dlkcat,r_2667_ENZ_YPR140W_FWD,0.0,1000.0
dlkcat,r_2667_ENZ_YPR140W_REV,0.0,1000.0
dlkcat,r_2668_ENZ_YPR140W_FWD,0.0,1000.0
dlkcat,r_2668_ENZ_YPR140W_REV,0.0,1000.0
dlkcat,r_2669_ENZ_YPR140W_FWD,0.0,1000.0
dlkcat,r_2669_ENZ_YPR140W_REV,0.0,1000.0
dlkcat,r_2670_ENZ_YPR140W_FWD,0.0,1000.0
dlkcat,r_2670_ENZ_YPR140W_REV,0.0,1000.0
dlkcat,r_2671_ENZ_YPR140W_FWD,0.0,1000.0
dlkcat,r_2671_ENZ_YPR140W_REV,0.0,1000.0
dlkcat,r_2672_ENZ_YPR140W_FWD,0.0,1000.0
dlkcat,r_2672_ENZ_YPR140W_REV,0.0,1000.0
dlkcat,r_2673_ENZ_YPR140W_FWD,0.0,1000.0
dlkcat,r_2673_ENZ_YPR140W_REV,0.0,1000.0
dlkcat,r_2674_ENZ_YPR140W_FWD,0.0,1000.0
dlkcat,r_2674_ENZ_YPR140W_REV,0.0,1000.0
dlkcat,r_2675_ENZ_YPR140W_FWD,0.0,1000.0
dlkcat,r_2675_ENZ_YPR140W_REV,0.0,1000.0
dlkcat,r_2676_ENZ_YPR140W_FWD,0.0,1000.0
dlkcat,r_2676_ENZ_YPR140W_REV,0.0,1000.0
dlkcat,r_2677_ENZ_YPR140W_FWD,0.0,1000.0
dlkcat,r_2677_ENZ_YPR140W_REV,0.0,1000.0
dlkcat,r_2678_ENZ_YPR140W_FWD,0.0,1000.0
dlkcat,r_2678_ENZ_YPR140W_REV,0.0,1000.0
dlkcat,r_2679_ENZ_YPR140W_FWD,0.0,1000.0
dlkcat,r_2679_ENZ_YPR140W_REV,0.0,1000.0
dlkcat,r_2680_ENZ_YPR140W_FWD,0.0,1000.0
dlkcat,r_2680_ENZ_YPR140W_REV,0.0,1000.0
dlkcat,r_2681_ENZ_YPR140W_FWD,0.0,1000.0
dlkcat,r_2681_ENZ_YPR140W_REV,0.0,1000.0
dlkcat,r_2682_ENZ_YPR140W_FWD,0.0,1000.0
dlkcat,r_2682_ENZ_YPR140W_REV,0.0,1000.0
dlkcat,r_2683_ENZ_YPR140W_FWD,0.0,1000.0
dlkcat,r_2683_ENZ_YPR140W_REV,0.0,1000.0
dlkcat,r_2684_ENZ_YPR140W_FWD,0.0,1000.0
dlkcat,r_2684_ENZ_YPR140W_REV,0.0,1000.0
dlkcat,r_2685_ENZ_YPR140W_FWD,0.0,1000.0
dlkcat,r_2685_ENZ_YPR140W_REV,0.0,1000.0
dlkcat,r_2686_ENZ_YPR140W_FWD,0.0,1000.0
dlkcat,r_2686_ENZ_YPR140W_REV,0.0,1000.0
dlkcat,r_2687_ENZ_YPR140W_FWD,0.0,1000.0
dlkcat,r_2687_ENZ_YPR140W_REV,0.0,1000.0
dlkcat,r_2688_ENZ_YPR140W_FWD,0.0,1000.0
dlkcat,r_2688_ENZ_YPR140W_REV,0.0,1000.0
dlkcat,r_2689_ENZ_YPR140W_FWD,0.0,1000.0
dlkcat,r_2689_ENZ_YPR140W_REV,0.0,1000.0
dlkcat,r_2690_ENZ_YPR140W_FWD,0.0,1000.0
dlkcat,r_2690_ENZ_YPR140W_REV,0.0,1000.0
dlkcat,r_2691_ENZ_YPR140W_FWD,0.0,1000.0
dlkcat,r_2691_ENZ_YPR140W_REV,0.0,1000.0
dlkcat,r_2692_ENZ_YPR140W_FWD,0.0,1000.0
dlkcat,r_2692_ENZ_YPR140W_REV,0.0,1000.0
dlkcat,r_2693_ENZ_YPR140W_FWD,0.0,1000.0
dlkcat,r_2693_ENZ_YPR140W_REV,0.0,1000.0
dlkcat,r_2694_ENZ_YPR140W_FWD,0.0,1000.0
dlkcat,r_2694_ENZ_YPR140W_REV,0.0,1000.0
dlkcat,r_2695_ENZ_YPR140W_FWD,0.0,1000.0
dlkcat,r_2695_ENZ_YPR140W_REV,0.0,1000.0
dlkcat,r_2696_ENZ_YPR140W_FWD,0.0,1000.0
dlkcat,r_2696_ENZ_YPR140W_REV,0.0,1000.0
dlkcat,r_2697_ENZ_YPR140W_FWD,0.0,1000.0
dlkcat,r_2697_ENZ_YPR140W_REV,0.0,1000.0
dlkcat,r_2698_ENZ_YPR140W_FWD,0.0,1000.0
dlkcat,r_2698_ENZ_YPR140W_REV,0.0,1000.0
dlkcat,r_2699_ENZ_YPR140W_FWD,0.0,1000.0
dlkcat,r_2699_ENZ_YPR140W_REV,0.0,1000.0
dlkcat,r_2700_ENZ_YPR140W_FWD,0.0,1000.0
dlkcat,r_2700_ENZ_YPR140W_REV,0.0,1000.0
dlkcat,r_2701_ENZ_YPR140W_FWD,0.0,1000.0
dlkcat,r_2701_ENZ_YPR140W_REV,0.0,1000.0
dlkcat,r_2702_ENZ_YPR140W_FWD,0.0,1000.0
dlkcat,r_2702_ENZ_YPR140W_REV,0.0,1000.0
dlkcat,r_2703_ENZ_YPR140W_FWD,0.0,1000.0
dlkcat,r_2703_ENZ_YPR140W_REV,0.0,1000.0
dlkcat,r_2704_ENZ_YPR140W_FWD,0.0,1000.0
dlkcat,r_2704_ENZ_YPR140W_REV,0.0,1000.0
dlkcat,r_2705_ENZ_YPR140W_FWD,0.0,1000.0
dlkcat,r_2705_ENZ_YPR140W_REV,0.0,1000.0
dlkcat,r_2706_ENZ_YPR140W_FWD,0.0,1000.0
dlkcat,r_2706_ENZ_YPR140W_REV,0.0,1000.0
dlkcat,r_2707_ENZ_YPR140W_FWD,0.0,1000.0
dlkcat,r_2707_ENZ_YPR140W_REV,0.0,1000.0
dlkcat,r_2708_ENZ_YPR140W_FWD,0.0,1000.0
dlkcat,r_2708_ENZ_YPR140W_REV,0.0,1000.0
dlkcat,r_2709_ENZ_YPR140W_FWD,0.0,1000.0
dlkcat,r_2709_ENZ_YPR140W_REV,0.0,1000.0
dlkcat,r_2710_ENZ_YPR140W_FWD,0.0,1000.0
dlkcat,r_2710_ENZ_YPR140W_REV,0.0,1000.0
dlkcat,r_2711_ENZ_YPR140W_FWD,0.0,1000.0
dlkcat,r_2711_ENZ_YPR140W_REV,0.0,1000.0
dlkcat,r_2712_ENZ_YPR140W_FWD,0.0,1000.0
dlkcat,r_2712_ENZ_YPR140W_REV,0.0,1000.0
dlkcat,r_2713_ENZ_YPR140W_FWD,0.0,1000.0
dlkcat,r_2713_ENZ_YPR140W_REV,0.0,1000.0
dlkcat,r_2714_ENZ_YPR140W_FWD,0.0,1000.0
dlkcat,r_2714_ENZ_YPR140W_REV,0.0,1000.0
dlkcat,r_2715_ENZ_YPR140W_FWD,0.0,1000.0
dlkcat,r_2715_ENZ_YPR140W_REV,0.0,1000.0
dlkcat,r_2716_ENZ_YPR140W_FWD,0.0,1000.0
dlkcat,r_2716_ENZ_YPR140W_REV,0.0,1000.0
dlkcat,r_2717_ENZ_YPR140W_FWD,0.0,1000.0
dlkcat,r_2717_ENZ_YPR140W_REV,0.0,1000.0
dlkcat,r_2718_ENZ_YPR140W_FWD,0.0,1000.0
dlkcat,r_2718_ENZ_YPR140W_REV,0.0,1000.0
dlkcat,r_2719_ENZ_YPR140W_FWD,0.0,1000.0
dlkcat,r_2719_ENZ_YPR140W_REV,0.0,1000.0
dlkcat,r_2720_ENZ_YPR140W_FWD,0.0,1000.0
dlkcat,r_2720_ENZ_YPR140W_REV,0.0,1000.0
dlkcat,r_2721_ENZ_YPR140W_FWD,0.0,1000.0
dlkcat,r_2721_ENZ_YPR140W_REV,0.0,1000.0
dlkcat,r_2722_ENZ_YPR140W_FWD,0.0,1000.0
dlkcat,r_2722_ENZ_YPR140W_REV,0.0,1000.0
dlkcat,r_2723_ENZ_YPR140W_FWD,0.0,1000.0
dlkcat,r_2723_ENZ_YPR140W_REV,0.0,1000.0
dlkcat,r_2724_ENZ_YPR140W_FWD,0.0,1000.0
dlkcat,r_2724_ENZ_YPR140W_REV,0.0,1000.0
dlkcat,r_2725_ENZ_YPR140W_FWD,0.0,1000.0
dlkcat,r_2725_ENZ_YPR140W_REV,0.0,1000.0
dlkcat,r_2726_ENZ_YPR140W_FWD,0.0,1000.0
dlkcat,r_2726_ENZ_YPR140W_REV,0.0,1000.0
dlkcat,r_2727_ENZ_YPR140W_FWD,0.0,1000.0
dlkcat,r_2727_ENZ_YPR140W_REV,0.0,1000.0
dlkcat,r_2728_ENZ_YPR140W_FWD,0.0,1000.0
dlkcat,r_2728_ENZ_YPR140W_REV,0.0,1000.0
dlkcat,r_2729_ENZ_YPR140W_FWD,0.0,1000.0
dlkcat,r_2729_ENZ_YPR140W_REV,0.0,1000.0
dlkcat,r_2730_ENZ_YPR140W_FWD,0.0,1000.0
dlkcat,r_2730_ENZ_YPR140W_REV,0.0,1000.0
dlkcat,r_2731_ENZ_YPR140W_FWD,0.0,1000.0
dlkcat,r_2731_ENZ_YPR140W_REV,0.0,1000.0
dlkcat,r_2732_ENZ_YPR140W_FWD,0.0,1000.0
dlkcat,r_2732_ENZ_YPR140W_REV,0.0,1000.0
dlkcat,r_2733_ENZ_YPR140W_FWD,0.0,1000.0
dlkcat,r_2733_ENZ_YPR140W_REV,0.0,1000.0
dlkcat,r_2734_ENZ_YPR140W_FWD,0.0,1000.0
dlkcat,r_2734_ENZ_YPR140W_REV,0.0,1000.0
dlkcat,r_2735_ENZ_YPR140W_FWD,0.0,1000.0
dlkcat,r_2735_ENZ_YPR140W_REV,0.0,1000.0
dlkcat,r_2736_ENZ_YPR140W_FWD,0.0,1000.0
dlkcat,r_2736_ENZ_YPR140W_REV,0.0,1000.0
dlkcat,r_2737_ENZ_YPR140W_FWD,0.0,1000.0
dlkcat,r_2737_ENZ_YPR140W_REV,0.0,1000.0
dlkcat,r_2738_ENZ_YPR140W_FWD,0.0,1000.0
dlkcat,r_2738_ENZ_YPR140W_REV,0.0,1000.0
dlkcat,r_2739_ENZ_YPR140W_FWD,0.0,1000.0
dlkcat,r_2739_ENZ_YPR140W_REV,0.0,1000.0
dlkcat,r_2740_ENZ_YPR140W_FWD,0.0,1000.0
dlkcat,r_2740_ENZ_YPR140W_REV,0.0,1000.0
dlkcat,r_2741_ENZ_YPR140W_FWD,0.0,1000.0
dlkcat,r_2741_ENZ_YPR140W_REV,0.0,1000.0
dlkcat,r_2742_ENZ_YPR140W_FWD,0.0,1000.0
dlkcat,r_2742_ENZ_YPR140W_REV,0.0,1000.0
dlkcat,r_2743_ENZ_YPR140W_FWD,0.0,1000.0
dlkcat,r_2743_ENZ_YPR140W_REV,0.0,1000.0
dlkcat,r_2744_ENZ_YPR140W_FWD,0.0,1000.0
dlkcat,r_2744_ENZ_YPR140W_REV,0.0,1000.0
dlkcat,r_2745_ENZ_YPR140W_FWD,0.0,1000.0
dlkcat,r_2745_ENZ_YPR140W_REV,0.0,1000.0
dlkcat,r_2746_ENZ_YPR140W_FWD,0.0,1000.0
dlkcat,r_2746_ENZ_YPR140W_REV,0.0,1000.0
dlkcat,r_2747_ENZ_YPR140W_FWD,0.0,1000.0
dlkcat,r_2747_ENZ_YPR140W_REV,0.0,1000.0
dlkcat,r_2748_ENZ_YPR140W_FWD,0.0,1000.0
dlkcat,r_2748_ENZ_YPR140W_REV,0.0,1000.0
dlkcat,r_2749_ENZ_YPR140W_FWD,0.0,1000.0
dlkcat,r_2749_ENZ_YPR140W_REV,0.0,1000.0
dlkcat,r_2750_ENZ_YPR140W_FWD,0.0,1000.0
dlkcat,r_2750_ENZ_YPR140W_REV,0.0,1000.0
dlkcat,r_2751_ENZ_YPR140W_FWD,0.0,1000.0
dlkcat,r_2751_ENZ_YPR140W_REV,0.0,1000.0
dlkcat,r_2752_ENZ_YPR140W_FWD,0.0,1000.0
dlkcat,r_2752_ENZ_YPR140W_REV,0.0,1000.0
dlkcat,r_2753_ENZ_YPR140W_FWD,0.0,1000.0
dlkcat,r_2753_ENZ_YPR140W_REV,0.0,1000.0
dlkcat,r_2754_ENZ_YPR140W_FWD,0.0,1000.0
dlkcat,r_2754_ENZ_YPR140W_REV,0.0,1000.0
dlkcat,r_2755_ENZ_YPR140W_FWD,0.0,1000.0
dlkcat,r_2755_ENZ_YPR140W_REV,0.0,1000.0
dlkcat,r_2756_ENZ_YPR140W_FWD,0.0,1000.0
dlkcat,r_2756_ENZ_YPR140W_REV,0.0,1000.0
dlkcat,r_2757_ENZ_YPR140W_FWD,0.0,1000.0
dlkcat,r_2757_ENZ_YPR140W_REV,0.0,1000.0
dlkcat,r_2758_ENZ_YPR140W_FWD,0.0,1000.0
dlkcat,r_2758_ENZ_YPR140W_REV,0.0,1000.0
dlkcat,r_2759_ENZ_YPR140W_FWD,0.0,1000.0
dlkcat,r_2759_ENZ_YPR140W_REV,0.0,1000.0
dlkcat,r_2760_ENZ_YPR140W_FWD,0.0,1000.0
dlkcat,r_2760_ENZ_YPR140W_REV,0.0,1000.0
dlkcat,r_2761_ENZ_YPR140W_FWD,0.0,1000.0
dlkcat,r_2761_ENZ_YPR140W_REV,0.0,1000.0
dlkcat,r_2762_ENZ_YPR140W_FWD,0.0,1000.0
dlkcat,r_2762_ENZ_YPR140W_REV,0.0,1000.0
dlkcat,r_2763_ENZ_YPR140W_FWD,0.0,1000.0
dlkcat,r_2763_ENZ_YPR140W_REV,0.0,1000.0
dlkcat,r_2764_ENZ_YPR140W_FWD,0.0,1000.0
dlkcat,r_2764_ENZ_YPR140W_REV,0.0,1000.0
dlkcat,r_2765_ENZ_YPR140W_FWD,0.0,1000.0
dlkcat,r_2765_ENZ_YPR140W_REV,0.0,1000.0
dlkcat,r_2766_ENZ_YPR140W_FWD,0.0,1000.0
dlkcat,r_2766_ENZ_YPR140W_REV,0.0,1000.0
dlkcat,r_2767_ENZ_YPR140W_FWD,0.0,1000.0
dlkcat,r_2767_ENZ_YPR140W_REV,0.0,1000.0
dlkcat,r_2768_ENZ_YPR140W_FWD,0.0,1000.0
dlkcat,r_2768_ENZ_YPR140W_REV,0.0,1000.0
dlkcat,r_2769_ENZ_YPR140W_FWD,0.0,1000.0
dlkcat,r_2769_ENZ_YPR140W_REV,0.0,1000.0
dlkcat,r_2770_ENZ_YPR140W_FWD,0.0,1000.0
dlkcat,r_2770_ENZ_YPR140W_REV,0.0,1000.0
dlkcat,r_2771_ENZ_YPR140W_FWD,0.0,1000.0
dlkcat,r_2771_ENZ_YPR140W_REV,0.0,1000.0
dlkcat,r_2772_ENZ_YPR140W_FWD,0.0,1000.0
dlkcat,r_2772_ENZ_YPR140W_REV,0.0,1000.0
dlkcat,r_2773_ENZ_YPR140W_FWD,0.0,1000.0
dlkcat,r_2773_ENZ_YPR140W_REV,0.0,1000.0
dlkcat,r_2774_ENZ_YPR140W_FWD,0.0,1000.0
dlkcat,r_2774_ENZ_YPR140W_REV,0.0,1000.0
dlkcat,r_2775_ENZ_YPR140W_FWD,0.0,1000.0
dlkcat,r_2775_ENZ_YPR140W_REV,0.0,1000.0
dlkcat,r_2776_ENZ_YPR140W_FWD,0.0,1000.0
dlkcat,r_2776_ENZ_YPR140W_REV,0.0,1000.0
dlkcat,r_2777_ENZ_YPR140W_FWD,0.0,1000.0
dlkcat,r_2777_ENZ_YPR140W_REV,0.0,1000.0
dlkcat,r_2778_ENZ_YPR140W_FWD,0.0,1000.0
dlkcat,r_2778_ENZ_YPR140W_REV,0.0,1000.0
dlkcat,r_2779_ENZ_YPR140W_FWD,0.0,1000.0
dlkcat,r_2779_ENZ_YPR140W_REV,0.0,1000.0
dlkcat,r_2780_ENZ_YPR140W_FWD,0.0,1000.0
dlkcat,r_2780_ENZ_YPR140W_REV,0.0,1000.0
dlkcat,r_2781_ENZ_YPR140W_FWD,0.0,1000.0
dlkcat,r_2781_ENZ_YPR140W_REV,0.0,1000.0
dlkcat,r_2782_ENZ_YPR140W_FWD,0.0,1000.0
dlkcat,r_2782_ENZ_YPR140W_REV,0.0,1000.0
dlkcat,r_2783_ENZ_YPR140W_FWD,0.0,1000.0
dlkcat,r_2783_ENZ_YPR140W_REV,0.0,1000.0
dlkcat,r_2784_ENZ_YPR140W_FWD,0.0,1000.0
dlkcat,r_2784_ENZ_YPR140W_REV,0.0,1000.0
dlkcat,r_2785_ENZ_YPR140W_FWD,0.0,1000.0
dlkcat,r_2785_ENZ_YPR140W_REV,0.0,1000.0
dlkcat,r_2786_ENZ_YPR140W_FWD,0.0,1000.0
dlkcat,r_2786_ENZ_YPR140W_REV,0.0,1000.0
dlkcat,r_2787_ENZ_YPR140W_FWD,0.0,1000.0
dlkcat,r_2787_ENZ_YPR140W_REV,0.0,1000.0
dlkcat,r_2788_ENZ_YPR140W_FWD,0.0,1000.0
dlkcat,r_2788_ENZ_YPR140W_REV,0.0,1000.0
dlkcat,r_2789_ENZ_YPR140W_FWD,0.0,1000.0
dlkcat,r_2789_ENZ_YPR140W_REV,0.0,1000.0
dlkcat,r_2790_ENZ_YPR140W_FWD,0.0,1000.0
dlkcat,r_2790_ENZ_YPR140W_REV,0.0,1000.0
dlkcat,r_2791_ENZ_YPR140W_FWD,0.0,1000.0
dlkcat,r_2791_ENZ_YPR140W_REV,0.0,1000.0
dlkcat,r_2792_ENZ_YPR140W_FWD,0.0,1000.0
dlkcat,r_2792_ENZ_YPR140W_REV,0.0,1000.0
dlkcat,r_2793_ENZ_YPR140W_FWD,0.0,1000.0
dlkcat,r_2793_ENZ_YPR140W_REV,0.0,1000.0
dlkcat,r_2794_ENZ_YPR140W_FWD,0.0,1000.0
dlkcat,r_2794_ENZ_YPR140W_REV,0.0,1000.0
dlkcat,r_2795_ENZ_YPR140W_FWD,0.0,1000.0
dlkcat,r_2795_ENZ_YPR140W_REV,0.0,1000.0
dlkcat,r_2796_ENZ_YPR140W_FWD,0.0,1000.0
dlkcat,r_2796_ENZ_YPR140W_REV,0.0,1000.0
dlkcat,r_2797_ENZ_YPR140W_FWD,0.0,1000.0
dlkcat,r_2797_ENZ_YPR140W_REV,0.0,1000.0
dlkcat,r_2798_ENZ_YPR140W_FWD,0.0,1000.0
dlkcat,r_2798_ENZ_YPR140W_REV,0.0,1000.0
dlkcat,r_2799_ENZ_YPR140W_FWD,0.0,1000.0
dlkcat,r_2799_ENZ_YPR140W_REV,0.0,1000.0
dlkcat,r_2800_ENZ_YPR140W_FWD,0.0,1000.0
dlkcat,r_2800_ENZ_YPR140W_REV,0.0,1000.0
dlkcat,r_2801_ENZ_YPR140W_FWD,0.0,1000.0
dlkcat,r_2801_ENZ_YPR140W_REV,0.0,1000.0
dlkcat,r_2802_ENZ_YPR140W_FWD,0.0,1000.0
dlkcat,r_2802_ENZ_YPR140W_REV,0.0,1000.0
dlkcat,r_2803_ENZ_YPR140W_FWD,0.0,1000.0
dlkcat,r_2803_ENZ_YPR140W_REV,0.0,1000.0
dlkcat,r_2804_ENZ_YPR140W_FWD,0.0,1000.0
dlkcat,r_2804_ENZ_YPR140W_REV,0.0,1000.0
dlkcat,r_2805_ENZ_YPR140W_FWD,0.0,1000.0
dlkcat,r_2805_ENZ_YPR140W_REV,0.0,1000.0
dlkcat,r_2806_ENZ_YPR140W_FWD,0.0,1000.0
dlkcat,r_2806_ENZ_YPR140W_REV,0.0,1000.0
dlkcat,r_2807_ENZ_YPR140W_FWD,0.0,1000.0
dlkcat,r_2807_ENZ_YPR140W_REV,0.0,1000.0
dlkcat,r_2808_ENZ_YPR140W_FWD,0.0,1000.0
dlkcat,r_2808_ENZ_YPR140W_REV,0.0,1000.0
dlkcat,r_2809_ENZ_YPR140W_FWD,0.0,1000.0
dlkcat,r_2809_ENZ_YPR140W_REV,0.0,1000.0
dlkcat,r_2810_ENZ_YPR140W_FWD,0.0,1000.0
dlkcat,r_2810_ENZ_YPR140W_REV,0.0,1000.0
dlkcat,r_2811_ENZ_YPR140W_FWD,0.0,1000.0
dlkcat,r_2811_ENZ_YPR140W_REV,0.0,1000.0
dlkcat,r_2812,0.0,0.0
dlkcat,r_2813,0.0,0.0
dlkcat,r_2814,0.0,0.0
dlkcat,r_2815,0.0,0.0
dlkcat,r_2816,0.0,0.0
dlkcat,r_2817,0.0,0.0
dlkcat,r_2818,0.0,0.0
dlkcat,r_2819,0.0,0.0
dlkcat,r_2820_ENZ_YJL100W,0.0,0.0019682994594258
dlkcat,r_2820_ENZ_YLR305C,0.0,0.0019682994536029
dlkcat,r_2821_ENZ_YJL100W,0.0,0.0019682994577303
dlkcat,r_2821_ENZ_YLR305C,0.0,0.0019682994460747
dlkcat,r_2822_ENZ_YJL100W,0.0,0.0019682994439067
dlkcat,r_2822_ENZ_YLR305C,0.0,0.0019682994636891
dlkcat,r_2823_ENZ_YJL100W,0.0,0.0019682994628738
dlkcat,r_2823_ENZ_YLR305C,0.0,0.0019403565967692
dlkcat,r_2824_ENZ_YJL100W,0.0,0.0019403565777995
dlkcat,r_2824_ENZ_YLR305C,0.0,0.0019682994608949
dlkcat,r_2825_ENZ_YJL100W,0.0,0.0019682994540843
dlkcat,r_2825_ENZ_YLR305C,0.0,0.0019682994613878
dlkcat,r_2826_ENZ_YJL100W,0.0,0.0002351865330458
dlkcat,r_2826_ENZ_YLR305C,0.0,5.413697566147846e-05
dlkcat,r_2827_ENZ_YJL100W,0.0,0.001968299462983
dlkcat,r_2827_ENZ_YLR305C,0.0,0.0019682994549121
dlkcat,r_2828_ENZ_YJL100W,0.0,0.0
dlkcat,r_2829_ENZ_YJL100W,0.0,0.0
dlkcat,r_2830_ENZ_YJL100W,0.0,0.0
dlkcat,r_2831_ENZ_YJL100W,0.0,0.0
dlkcat,r_2832_ENZ_YJL100W,0.0,0.0
dlkcat,r_2833_ENZ_YJL100W,0.0,0.0
dlkcat,r_2834_ENZ_YJL100W,0.0,0.0
dlkcat,r_2835_ENZ_YJL100W,0.0,0.0
dlkcat,r_2836_ENZ_YDR373W_and_YNL267W,0.0,0.0007067125174149
dlkcat,r_2837_ENZ_YDR373W_and_YNL267W,0.0,0.0007067125174149
dlkcat,r_2838_ENZ_YDR373W_and_YNL267W,0.0,0.0007067125174149
dlkcat,r_2839_ENZ_YDR373W_and_YNL267W,0.0,0.0007067125174149
dlkcat,r_2840_ENZ_YDR373W_and_YNL267W,0.0,0.0007067125174149
dlkcat,r_2841_ENZ_YDR373W_and_YNL267W,0.0,0.0007067125174149
dlkcat,r_2842_ENZ_YDR373W_and_YNL267W,0.0,0.000127481863795
dlkcat,r_2843_ENZ_YDR373W_and_YNL267W,0.0,0.0007067125174149
dlkcat,r_2844_ENZ_YNL267W,0.0,0.0009841497314178
dlkcat,r_2845_ENZ_YNL267W,0.0,0.0009841497227012
dlkcat,r_2846_ENZ_YNL267W,0.0,0.00098414972644
dlkcat,r_2847_ENZ_YNL267W,0.0,0.0009701782885702
dlkcat,r_2848_ENZ_YNL267W,0.0,0.0009841497244487
dlkcat,r_2849_ENZ_YNL267W,0.0,0.0009841497233122
dlkcat,r_2850_ENZ_YNL267W,0.0,0.000126076695023
dlkcat,r_2851_ENZ_YNL267W,0.0,0.0009841497314377
dlkcat,r_2852_ENZ_YBR097W_and_YLR240W,0.0,0.0019498059648306
dlkcat,r_2852_ENZ_YBR097W_and_YLR240W_and_YBR128C_and_YPL120W_and_YLR211C,0.0,0.0019498059855216
dlkcat,r_2852_ENZ_YBR097W_and_YLR240W_and_YPL120W_and_YLR360W,0.0,0.0019498059846547
dlkcat,r_2853_ENZ_YBR097W_and_YLR240W,0.0,0.0019682995014491
dlkcat,r_2853_ENZ_YBR097W_and_YLR240W_and_YBR128C_and_YPL120W_and_YLR211C,0.0,0.0019498059809255
dlkcat,r_2853_ENZ_YBR097W_and_YLR240W_and_YPL120W_and_YLR360W,0.0,0.0019498059796632
dlkcat,r_2854_ENZ_YBR097W_and_YLR240W,0.0,0.0019682994574399
dlkcat,r_2854_ENZ_YBR097W_and_YLR240W_and_YBR128C_and_YPL120W_and_YLR211C,0.0,0.0019498059832905
dlkcat,r_2854_ENZ_YBR097W_and_YLR240W_and_YPL120W_and_YLR360W,0.0,0.0019498059831706
dlkcat,r_2855_ENZ_YBR097W_and_YLR240W,0.0,0.0020725442451248
dlkcat,r_2855_ENZ_YBR097W_and_YLR240W_and_YBR128C_and_YPL120W_and_YLR211C,0.0,0.001968299435342
dlkcat,r_2855_ENZ_YBR097W_and_YLR240W_and_YPL120W_and_YLR360W,0.0,0.0019682994347949
dlkcat,r_2856_ENZ_YBR097W_and_YLR240W,0.0,0.0019218631735213
dlkcat,r_2856_ENZ_YBR097W_and_YLR240W_and_YBR128C_and_YPL120W_and_YLR211C,0.0,0.0019682994383303
dlkcat,r_2856_ENZ_YBR097W_and_YLR240W_and_YPL120W_and_YLR360W,0.0,0.0019682994396541
dlkcat,r_2857_ENZ_YBR097W_and_YLR240W,0.0,0.0019498059900779
dlkcat,r_2857_ENZ_YBR097W_and_YLR240W_and_YBR128C_and_YPL120W_and_YLR211C,0.0,0.0019498059766842
dlkcat,r_2857_ENZ_YBR097W_and_YLR240W_and_YPL120W_and_YLR360W,0.0,0.0019498059764933
dlkcat,r_2858_ENZ_YBR097W_and_YLR240W,0.0,0.000131472780902
dlkcat,r_2858_ENZ_YBR097W_and_YLR240W_and_YBR128C_and_YPL120W_and_YLR211C,0.0,0.000138690404098
dlkcat,r_2858_ENZ_YBR097W_and_YLR240W_and_YPL120W_and_YLR360W,0.0,0.0001116222914417
dlkcat,r_2859_ENZ_YBR097W_and_YLR240W,0.0,0.0001315000276607
dlkcat,r_2859_ENZ_YBR097W_and_YLR240W_and_YBR128C_and_YPL120W_and_YLR211C,0.0,0.0001387987320438
dlkcat,r_2859_ENZ_YBR097W_and_YLR240W_and_YPL120W_and_YLR360W,0.0,0.000111410151101
dlkcat,r_2860_ENZ_YDR208W,0.0,0.0009841497314178
dlkcat,r_2861_ENZ_YDR208W,0.0,0.0009841497227012
dlkcat,r_2862_ENZ_YDR208W,0.0,0.00098414972644
dlkcat,r_2863_ENZ_YDR208W,0.0,0.0009701782885702
dlkcat,r_2864_ENZ_YDR208W,0.0,0.0009841497244487
dlkcat,r_2865_ENZ_YDR208W,0.0,0.0009841497233122
dlkcat,r_2866_ENZ_YDR208W,0.0,0.000126076695023
dlkcat,r_2867_ENZ_YDR208W,0.0,0.0009841497314377
dlkcat,r_2868_ENZ_YDR208W,0.0,0.0018470602696192
dlkcat,r_2869_ENZ_YDR208W,0.0,0.0019682994445187
dlkcat,r_2870_ENZ_YDR208W,0.0,0.0019682994408434
dlkcat,r_2871_ENZ_YDR208W,0.0,0.0018470602769351
dlkcat,r_2872_ENZ_YDR208W,0.0,0.0019682994325727
dlkcat,r_2873_ENZ_YDR208W,0.0,0.0019682994376246
dlkcat,r_2874_ENZ_YDR208W,0.0,0.0011193084478131
dlkcat,r_2875_ENZ_YDR208W,0.0,0.001968299450656
dlkcat,r_2876_ENZ_YFR019W,0.0,0.0003765502176356
dlkcat,r_2877_ENZ_YFR019W,0.0,0.0002969056406008
dlkcat,r_2878_ENZ_YFR019W,0.0,0.0002979526776689
dlkcat,r_2879_ENZ_YFR019W,0.0,0.0002994956895898
dlkcat,r_2880_ENZ_YFR019W,0.0,0.0002965294510621
dlkcat,r_2881_ENZ_YFR019W,0.0,0.0003181773524314
dlkcat,r_2882_ENZ_YFR019W,0.0,0.0001097371006646
dlkcat,r_2883_ENZ_YFR019W,0.0,0.000109829957319
dlkcat,r_2884_ENZ_YNR008W_FWD,0.0,1000.0
dlkcat,r_2884_ENZ_YNR008W_REV,0.0,1000.0
dlkcat,r_2885_ENZ_YNR008W_FWD,0.0,1000.0
dlkcat,r_2885_ENZ_YNR008W_REV,0.0,1000.0
dlkcat,r_2886_ENZ_YNR008W_FWD,0.0,1000.0
dlkcat,r_2886_ENZ_YNR008W_REV,0.0,1000.0
dlkcat,r_2887_ENZ_YNR008W_FWD,0.0,1000.0
dlkcat,r_2887_ENZ_YNR008W_REV,0.0,1000.0
dlkcat,r_2888_ENZ_YNR008W_FWD,0.0,1000.0
dlkcat,r_2888_ENZ_YNR008W_REV,0.0,1000.0
dlkcat,r_2889_ENZ_YNR008W_FWD,0.0,1000.0
dlkcat,r_2889_ENZ_YNR008W_REV,0.0,1000.0
dlkcat,r_2890_ENZ_YNR008W_FWD,0.0,1000.0
dlkcat,r_2890_ENZ_YNR008W_REV,0.0,1000.0
dlkcat,r_2891_ENZ_YNR008W_FWD,0.0,1000.0
dlkcat,r_2891_ENZ_YNR008W_REV,0.0,1000.0
dlkcat,r_2892_ENZ_YNR008W_FWD,0.0,1000.0
dlkcat,r_2892_ENZ_YNR008W_REV,0.0,1000.0
dlkcat,r_2893_ENZ_YNR008W_FWD,0.0,1000.0
dlkcat,r_2893_ENZ_YNR008W_REV,0.0,1000.0
dlkcat,r_2894_ENZ_YNR008W_FWD,0.0,1000.0
dlkcat,r_2894_ENZ_YNR008W_REV,0.0,1000.0
dlkcat,r_2895_ENZ_YNR008W_FWD,0.0,1000.0
dlkcat,r_2895_ENZ_YNR008W_REV,0.0,1000.0
dlkcat,r_2896_ENZ_YNR008W_FWD,0.0,1000.0
dlkcat,r_2896_ENZ_YNR008W_REV,0.0,1000.0
dlkcat,r_2897_ENZ_YNR008W_FWD,0.0,1000.0
dlkcat,r_2897_ENZ_YNR008W_REV,0.0,1000.0
dlkcat,r_2898_ENZ_YNR008W_FWD,0.0,1000.0
dlkcat,r_2898_ENZ_YNR008W_REV,0.0,1000.0
dlkcat,r_2899_ENZ_YNR008W_FWD,0.0,1000.0
dlkcat,r_2899_ENZ_YNR008W_REV,0.0,1000.0
dlkcat,r_2900_ENZ_YNR008W_FWD,0.0,1000.0
dlkcat,r_2900_ENZ_YNR008W_REV,0.0,1000.0
dlkcat,r_2901_ENZ_YNR008W_FWD,0.0,1000.0
dlkcat,r_2901_ENZ_YNR008W_REV,0.0,1000.0
dlkcat,r_2902_ENZ_YNR008W_FWD,0.0,1000.0
dlkcat,r_2902_ENZ_YNR008W_REV,0.0,1000.0
dlkcat,r_2903_ENZ_YNR008W_FWD,0.0,1000.0
dlkcat,r_2903_ENZ_YNR008W_REV,0.0,1000.0
dlkcat,r_2904_ENZ_YNR008W_FWD,0.0,1000.0
dlkcat,r_2904_ENZ_YNR008W_REV,0.0,1000.0
dlkcat,r_2905_ENZ_YNR008W_FWD,0.0,1000.0
dlkcat,r_2905_ENZ_YNR008W_REV,0.0,1000.0
dlkcat,r_2906_ENZ_YNR008W_FWD,0.0,1000.0
dlkcat,r_2906_ENZ_YNR008W_REV,0.0,1000.0
dlkcat,r_2907_ENZ_YNR008W_FWD,0.0,1000.0
dlkcat,r_2907_ENZ_YNR008W_REV,0.0,1000.0
dlkcat,r_2908_ENZ_YNR008W_FWD,0.0,1000.0
dlkcat,r_2908_ENZ_YNR008W_REV,0.0,1000.0
dlkcat,r_2909_ENZ_YNR008W_FWD,0.0,1000.0
dlkcat,r_2909_ENZ_YNR008W_REV,0.0,1000.0
dlkcat,r_2910_ENZ_YNR008W_FWD,0.0,1000.0
dlkcat,r_2910_ENZ_YNR008W_REV,0.0,1000.0
dlkcat,r_2911_ENZ_YNR008W_FWD,0.0,1000.0
dlkcat,r_2911_ENZ_YNR008W_REV,0.0,1000.0
dlkcat,r_2912_ENZ_YNR008W_FWD,0.0,1000.0
dlkcat,r_2912_ENZ_YNR008W_REV,0.0,1000.0
dlkcat,r_2913_ENZ_YNR008W_FWD,0.0,1000.0
dlkcat,r_2913_ENZ_YNR008W_REV,0.0,1000.0
dlkcat,r_2914_ENZ_YNR008W_FWD,0.0,1000.0
dlkcat,r_2914_ENZ_YNR008W_REV,0.0,1000.0
dlkcat,r_2915_ENZ_YNR008W_FWD,0.0,1000.0
dlkcat,r_2915_ENZ_YNR008W_REV,0.0,1000.0
dlkcat,r_2916_ENZ_YNR008W_FWD,0.0,1000.0
dlkcat,r_2916_ENZ_YNR008W_REV,0.0,1000.0
dlkcat,r_2917_ENZ_YNR008W_FWD,0.0,1000.0
dlkcat,r_2917_ENZ_YNR008W_REV,0.0,1000.0
dlkcat,r_2918_ENZ_YNR008W_FWD,0.0,1000.0
dlkcat,r_2918_ENZ_YNR008W_REV,0.0,1000.0
dlkcat,r_2919_ENZ_YNR008W_FWD,0.0,1000.0
dlkcat,r_2919_ENZ_YNR008W_REV,0.0,1000.0
dlkcat,r_2920_ENZ_YNR008W_FWD,0.0,1000.0
dlkcat,r_2920_ENZ_YNR008W_REV,0.0,1000.0
dlkcat,r_2921_ENZ_YNR008W_FWD,0.0,1000.0
dlkcat,r_2921_ENZ_YNR008W_REV,0.0,1000.0
dlkcat,r_2922_ENZ_YNR008W_FWD,0.0,1000.0
dlkcat,r_2922_ENZ_YNR008W_REV,0.0,1000.0
dlkcat,r_2923_ENZ_YNR008W_FWD,0.0,1000.0
dlkcat,r_2923_ENZ_YNR008W_REV,0.0,1000.0
dlkcat,r_2924_ENZ_YNR008W_FWD,0.0,1000.0
dlkcat,r_2924_ENZ_YNR008W_REV,0.0,1000.0
dlkcat,r_2925_ENZ_YNR008W_FWD,0.0,1000.0
dlkcat,r_2925_ENZ_YNR008W_REV,0.0,1000.0
dlkcat,r_2926_ENZ_YNR008W_FWD,0.0,1000.0
dlkcat,r_2926_ENZ_YNR008W_REV,0.0,1000.0
dlkcat,r_2927_ENZ_YNR008W_FWD,0.0,1000.0
dlkcat,r_2927_ENZ_YNR008W_REV,0.0,1000.0
dlkcat,r_2928_ENZ_YNR008W_FWD,0.0,1000.0
dlkcat,r_2928_ENZ_YNR008W_REV,0.0,1000.0
dlkcat,r_2929_ENZ_YNR008W_FWD,0.0,1000.0
dlkcat,r_2929_ENZ_YNR008W_REV,0.0,1000.0
dlkcat,r_2930_ENZ_YNR008W_FWD,0.0,1000.0
dlkcat,r_2930_ENZ_YNR008W_REV,0.0,1000.0
dlkcat,r_2931_ENZ_YNR008W_FWD,0.0,1000.0
dlkcat,r_2931_ENZ_YNR008W_REV,0.0,1000.0
dlkcat,r_2932_ENZ_YNR008W_FWD,0.0,1000.0
dlkcat,r_2932_ENZ_YNR008W_REV,0.0,1000.0
dlkcat,r_2933_ENZ_YNR008W_FWD,0.0,1000.0
dlkcat,r_2933_ENZ_YNR008W_REV,0.0,1000.0
dlkcat,r_2934_ENZ_YNR008W_FWD,0.0,1000.0
dlkcat,r_2934_ENZ_YNR008W_REV,0.0,1000.0
dlkcat,r_2935_ENZ_YNR008W_FWD,0.0,1000.0
dlkcat,r_2935_ENZ_YNR008W_REV,0.0,1000.0
dlkcat,r_2936_ENZ_YNR008W_FWD,0.0,1000.0
dlkcat,r_2936_ENZ_YNR008W_REV,0.0,1000.0
dlkcat,r_2937_ENZ_YNR008W_FWD,0.0,1000.0
dlkcat,r_2937_ENZ_YNR008W_REV,0.0,1000.0
dlkcat,r_2938_ENZ_YNR008W_FWD,0.0,1000.0
dlkcat,r_2938_ENZ_YNR008W_REV,0.0,1000.0
dlkcat,r_2939_ENZ_YNR008W_FWD,0.0,1000.0
dlkcat,r_2939_ENZ_YNR008W_REV,0.0,1000.0
dlkcat,r_2940_ENZ_YNR008W_FWD,0.0,1000.0
dlkcat,r_2940_ENZ_YNR008W_REV,0.0,1000.0
dlkcat,r_2941_ENZ_YNR008W_FWD,0.0,1000.0
dlkcat,r_2941_ENZ_YNR008W_REV,0.0,1000.0
dlkcat,r_2942_ENZ_YNR008W_FWD,0.0,1000.0
dlkcat,r_2942_ENZ_YNR008W_REV,0.0,1000.0
dlkcat,r_2943_ENZ_YNR008W_FWD,0.0,1000.0
dlkcat,r_2943_ENZ_YNR008W_REV,0.0,1000.0
dlkcat,r_2944_ENZ_YNR008W_FWD,0.0,1000.0
dlkcat,r_2944_ENZ_YNR008W_REV,0.0,1000.0
dlkcat,r_2945_ENZ_YNR008W_FWD,0.0,1000.0
dlkcat,r_2945_ENZ_YNR008W_REV,0.0,1000.0
dlkcat,r_2946_ENZ_YNR008W_FWD,0.0,1000.0
dlkcat,r_2946_ENZ_YNR008W_REV,0.0,1000.0
dlkcat,r_2947_ENZ_YNR008W_FWD,0.0,1000.0
dlkcat,r_2947_ENZ_YNR008W_REV,0.0,1000.0
dlkcat,r_2948_ENZ_YNR008W_FWD,0.0,1000.0
dlkcat,r_2948_ENZ_YNR008W_REV,0.0,1000.0
dlkcat,r_2949_ENZ_YNR008W_FWD,0.0,0.0008030059735099
dlkcat,r_2949_ENZ_YNR008W_REV,0.0,0.0008068928248773
dlkcat,r_2950_ENZ_YNR008W_FWD,0.0,0.0006667085366772
dlkcat,r_2950_ENZ_YNR008W_REV,0.0,0.0007754868869719
dlkcat,r_2951_ENZ_YNR008W_FWD,0.0,0.0006354949497932
dlkcat,r_2951_ENZ_YNR008W_REV,0.0,0.0006667086750033
dlkcat,r_2952_ENZ_YNR008W_FWD,0.0,1000.0
dlkcat,r_2952_ENZ_YNR008W_REV,0.0,1000.0
dlkcat,r_2953_ENZ_YNR008W_FWD,0.0,1000.0
dlkcat,r_2953_ENZ_YNR008W_REV,0.0,1000.0
dlkcat,r_2954_ENZ_YNR008W_FWD,0.0,1000.0
dlkcat,r_2954_ENZ_YNR008W_REV,0.0,1000.0
dlkcat,r_2955_ENZ_YNR008W_FWD,0.0,1000.0
dlkcat,r_2955_ENZ_YNR008W_REV,0.0,1000.0
dlkcat,r_2956_ENZ_YNR008W_FWD,0.0,1000.0
dlkcat,r_2956_ENZ_YNR008W_REV,0.0,1000.0
dlkcat,r_2957_ENZ_YNR008W_FWD,0.0,0.000756639302921
dlkcat,r_2957_ENZ_YNR008W_REV,0.0,0.0007736076557716
dlkcat,r_2958_ENZ_YNR008W_FWD,0.0,0.0007566393027451
dlkcat,r_2958_ENZ_YNR008W_REV,0.0,0.0007736076554399
dlkcat,r_2959_ENZ_YNR008W_FWD,0.0,0.0006391047239067
dlkcat,r_2959_ENZ_YNR008W_REV,0.0,0.0007736076555642
dlkcat,r_2960_ENZ_YNR008W_FWD,0.0,1000.0
dlkcat,r_2960_ENZ_YNR008W_REV,0.0,1000.0
dlkcat,r_2961_ENZ_YNR008W_FWD,0.0,0.0005889544518394
dlkcat,r_2961_ENZ_YNR008W_REV,0.0,0.0007665190846553
dlkcat,r_2962_ENZ_YNR008W_FWD,0.0,0.0006347446808683
dlkcat,r_2962_ENZ_YNR008W_REV,0.0,0.0013904497954404
dlkcat,r_2963_ENZ_YNR008W_FWD,0.0,0.0006878857251307
dlkcat,r_2963_ENZ_YNR008W_REV,0.0,0.000645263098602
dlkcat,r_2964_ENZ_YNR008W_FWD,0.0,1000.0
dlkcat,r_2964_ENZ_YNR008W_REV,0.0,1000.0
dlkcat,r_2965_ENZ_YNR008W_FWD,0.0,0.00052853884988
dlkcat,r_2965_ENZ_YNR008W_REV,0.0,0.00077077498756
dlkcat,r_2966_ENZ_YNR008W_FWD,0.0,0.0005776551617196
dlkcat,r_2966_ENZ_YNR008W_REV,0.0,0.0007707749921066
dlkcat,r_2967_ENZ_YNR008W_FWD,0.0,0.0012517722119289
dlkcat,r_2967_ENZ_YNR008W_REV,0.0,0.0006466031083047
dlkcat,r_2968_ENZ_YNR008W_FWD,0.0,1000.0
dlkcat,r_2968_ENZ_YNR008W_REV,0.0,1000.0
dlkcat,r_2969_ENZ_YNR008W_FWD,0.0,1000.0
dlkcat,r_2969_ENZ_YNR008W_REV,0.0,1000.0
dlkcat,r_2970_ENZ_YNR008W_FWD,0.0,1000.0
dlkcat,r_2970_ENZ_YNR008W_REV,0.0,1000.0
dlkcat,r_2971_ENZ_YNR008W_FWD,0.0,1000.0
dlkcat,r_2971_ENZ_YNR008W_REV,0.0,1000.0
dlkcat,r_2972_ENZ_YNR008W_FWD,0.0,1000.0
dlkcat,r_2972_ENZ_YNR008W_REV,0.0,1000.0
dlkcat,r_2973_ENZ_YNR008W_FWD,0.0,1000.0
dlkcat,r_2973_ENZ_YNR008W_REV,0.0,1000.0
dlkcat,r_2974_ENZ_YNR008W_FWD,0.0,1000.0
dlkcat,r_2974_ENZ_YNR008W_REV,0.0,1000.0
dlkcat,r_2975_ENZ_YNR008W_FWD,0.0,1000.0
dlkcat,r_2975_ENZ_YNR008W_REV,0.0,1000.0
dlkcat,r_2976_ENZ_YNR008W_FWD,0.0,1000.0
dlkcat,r_2976_ENZ_YNR008W_REV,0.0,1000.0
dlkcat,r_2977_ENZ_YNR008W_FWD,0.0,0.0005807444342737
dlkcat,r_2977_ENZ_YNR008W_REV,0.0,0.0006450480481585
dlkcat,r_2978_ENZ_YNR008W_FWD,0.0,0.0010842402087913
dlkcat,r_2978_ENZ_YNR008W_REV,0.0,0.0006408154495058
dlkcat,r_2979_ENZ_YNR008W_FWD,0.0,0.00067582665549
dlkcat,r_2979_ENZ_YNR008W_REV,0.0,0.0006412784109081
dlkcat,r_2980_ENZ_YNR008W_FWD,0.0,1000.0
dlkcat,r_2980_ENZ_YNR008W_REV,0.0,1000.0
dlkcat,r_2981_ENZ_YNR008W_FWD,0.0,1000.0
dlkcat,r_2981_ENZ_YNR008W_REV,0.0,1000.0
dlkcat,r_2982_ENZ_YNR008W_FWD,0.0,1000.0
dlkcat,r_2982_ENZ_YNR008W_REV,0.0,1000.0
dlkcat,r_2983_ENZ_YNR008W_FWD,0.0,1000.0
dlkcat,r_2983_ENZ_YNR008W_REV,0.0,1000.0
dlkcat,r_2984_ENZ_YNR008W_FWD,0.0,1000.0
dlkcat,r_2984_ENZ_YNR008W_REV,0.0,1000.0
dlkcat,r_2985_ENZ_YNR008W_FWD,0.0,1000.0
dlkcat,r_2985_ENZ_YNR008W_REV,0.0,1000.0
dlkcat,r_2986_ENZ_YNR008W_FWD,0.0,1000.0
dlkcat,r_2986_ENZ_YNR008W_REV,0.0,1000.0
dlkcat,r_2987_ENZ_YNR008W_FWD,0.0,1000.0
dlkcat,r_2987_ENZ_YNR008W_REV,0.0,1000.0
dlkcat,r_2988_ENZ_YNR008W_FWD,0.0,1000.0
dlkcat,r_2988_ENZ_YNR008W_REV,0.0,1000.0
dlkcat,r_2989_ENZ_YNR008W_FWD,0.0,1000.0
dlkcat,r_2989_ENZ_YNR008W_REV,0.0,1000.0
dlkcat,r_2990_ENZ_YNR008W_FWD,0.0,1000.0
dlkcat,r_2990_ENZ_YNR008W_REV,0.0,1000.0
dlkcat,r_2991_ENZ_YNR008W_FWD,0.0,1000.0
dlkcat,r_2991_ENZ_YNR008W_REV,0.0,1000.0
dlkcat,r_2992_ENZ_YNR008W_FWD,0.0,1000.0
dlkcat,r_2992_ENZ_YNR008W_REV,0.0,1000.0
dlkcat,r_2993_ENZ_YNR008W_FWD,0.0,0.0006303639964733
dlkcat,r_2993_ENZ_YNR008W_REV,0.0,0.0006450480740853
dlkcat,r_2994_ENZ_YNR008W_FWD,0.0,0.0006758993496134
dlkcat,r_2994_ENZ_YNR008W_REV,0.0,0.00063860033014
dlkcat,r_2995_ENZ_YNR008W_FWD,0.0,0.0006305920596971
dlkcat,r_2995_ENZ_YNR008W_REV,0.0,0.0006419741221848
dlkcat,r_2996_ENZ_YNR008W_FWD,0.0,1000.0
dlkcat,r_2996_ENZ_YNR008W_REV,0.0,1000.0
dlkcat,r_2997_ENZ_YNR008W_FWD,0.0,1000.0
dlkcat,r_2997_ENZ_YNR008W_REV,0.0,1000.0
dlkcat,r_2998_ENZ_YNR008W_FWD,0.0,1000.0
dlkcat,r_2998_ENZ_YNR008W_REV,0.0,1000.0
dlkcat,r_2999_ENZ_YNR008W_FWD,0.0,1000.0
dlkcat,r_2999_ENZ_YNR008W_REV,0.0,1000.0
dlkcat,r_3000_ENZ_YNR008W_FWD,0.0,1000.0
dlkcat,r_3000_ENZ_YNR008W_REV,0.0,1000.0
dlkcat,r_3001_ENZ_YNR008W_FWD,0.0,1000.0
dlkcat,r_3001_ENZ_YNR008W_REV,0.0,1000.0
dlkcat,r_3002_ENZ_YNR008W_FWD,0.0,1000.0
dlkcat,r_3002_ENZ_YNR008W_REV,0.0,1000.0
dlkcat,r_3003_ENZ_YNR008W_FWD,0.0,1000.0
dlkcat,r_3003_ENZ_YNR008W_REV,0.0,1000.0
dlkcat,r_3004_ENZ_YNR008W_FWD,0.0,1000.0
dlkcat,r_3004_ENZ_YNR008W_REV,0.0,1000.0
dlkcat,r_3005_ENZ_YNR008W_FWD,0.0,1000.0
dlkcat,r_3005_ENZ_YNR008W_REV,0.0,1000.0
dlkcat,r_3006_ENZ_YNR008W_FWD,0.0,1000.0
dlkcat,r_3006_ENZ_YNR008W_REV,0.0,1000.0
dlkcat,r_3007_ENZ_YNR008W_FWD,0.0,1000.0
dlkcat,r_3007_ENZ_YNR008W_REV,0.0,1000.0
dlkcat,r_3008_ENZ_YNR008W_FWD,0.0,1000.0
dlkcat,r_3008_ENZ_YNR008W_REV,0.0,1000.0
dlkcat,r_3009_ENZ_YNR008W_FWD,0.0,0.0007376705762055
dlkcat,r_3009_ENZ_YNR008W_REV,0.0,0.0007459139099756
dlkcat,r_3010_ENZ_YNR008W_FWD,0.0,0.0006179109668552
dlkcat,r_3010_ENZ_YNR008W_REV,0.0,0.0007550553872176
dlkcat,r_3011_ENZ_YNR008W_FWD,0.0,0.0006207331345975
dlkcat,r_3011_ENZ_YNR008W_REV,0.0,0.0007044287493173
dlkcat,r_3022_ENZ_YML059C,0.0,0.0002072999313811
dlkcat,r_3023_ENZ_YML059C,0.0,0.0001292600577109
dlkcat,r_3024_ENZ_YML059C,0.0,0.0001278000777276
dlkcat,r_3025_ENZ_YML059C,0.0,0.0001333607549405
dlkcat,r_3026_ENZ_YML059C,0.0,0.0005785277145
dlkcat,r_3027_ENZ_YML059C,0.0,0.0002347434919061
dlkcat,r_3028_ENZ_YML059C,0.0,0.0002240242103574
dlkcat,r_3029_ENZ_YML059C,0.0,0.000208019944266
dlkcat,r_3030_ENZ_YML059C,0.0,2.6035760432243897e-05
dlkcat,r_3031_ENZ_YML059C,0.0,2.764732495203856e-05
dlkcat,r_3032_ENZ_YML059C,0.0,2.7182640830356243e-05
dlkcat,r_3033_ENZ_YML059C,0.0,2.6593987402168486e-05
dlkcat,r_3034_ENZ_YMR008C,0.0,2.401987667867268e-05
dlkcat,r_3035_ENZ_YMR008C,0.0,2.463440299263178e-05
dlkcat,r_3036_ENZ_YMR008C,0.0,2.2938798089258383e-05
dlkcat,r_3037_ENZ_YMR008C,0.0,3.497566716495173e-05
dlkcat,r_3038_ENZ_YMR008C,0.0,2.6739028660368332e-05
dlkcat,r_3039_ENZ_YMR008C,0.0,2.685400114312356e-05
dlkcat,r_3040_ENZ_YMR008C,0.0,2.455356637496976e-05
dlkcat,r_3041_ENZ_YMR008C,0.0,2.446827230213117e-05
dlkcat,r_3042_ENZ_YMR008C,0.0,2.603396480411677e-05
dlkcat,r_3043_ENZ_YMR008C,0.0,2.6716271798803492e-05
dlkcat,r_3044_ENZ_YMR008C,0.0,2.472299467641548e-05
dlkcat,r_3045_ENZ_YMR008C,0.0,2.2941599625866026e-05
dlkcat,r_3046_ENZ_YMR006C,0.0,0.0
dlkcat,r_3046_ENZ_YMR008C,0.0,0.0
dlkcat,r_3047_ENZ_YMR006C,0.0,0.0
dlkcat,r_3047_ENZ_YMR008C,0.0,0.0
dlkcat,r_3048_ENZ_YMR006C,0.0,0.0
dlkcat,r_3048_ENZ_YMR008C,0.0,0.0
dlkcat,r_3049_ENZ_YMR006C,0.0,0.0
dlkcat,r_3049_ENZ_YMR008C,0.0,0.0
dlkcat,r_3050_ENZ_YMR006C,0.0,0.0
dlkcat,r_3050_ENZ_YMR008C,0.0,0.0
dlkcat,r_3051_ENZ_YMR006C,0.0,0.0
dlkcat,r_3051_ENZ_YMR008C,0.0,0.0
dlkcat,r_3052_ENZ_YMR006C,0.0,0.0
dlkcat,r_3052_ENZ_YMR008C,0.0,0.0
dlkcat,r_3053_ENZ_YMR006C,0.0,0.0
dlkcat,r_3053_ENZ_YMR008C,0.0,0.0
dlkcat,r_3054_ENZ_YMR006C,0.0,0.0
dlkcat,r_3054_ENZ_YMR008C,0.0,0.0
dlkcat,r_3055_ENZ_YMR006C,0.0,0.0
dlkcat,r_3055_ENZ_YMR008C,0.0,0.0
dlkcat,r_3056_ENZ_YMR006C,0.0,0.0
dlkcat,r_3056_ENZ_YMR008C,0.0,0.0
dlkcat,r_3057_ENZ_YMR006C,0.0,0.0
dlkcat,r_3057_ENZ_YMR008C,0.0,0.0
dlkcat,r_3058_ENZ_YMR006C,0.0,0.0
dlkcat,r_3058_ENZ_YOL011W,0.0,0.0
dlkcat,r_3059_ENZ_YMR006C,0.0,0.0
dlkcat,r_3059_ENZ_YOL011W,0.0,0.0
dlkcat,r_3060_ENZ_YMR006C,0.0,0.0
dlkcat,r_3060_ENZ_YOL011W,0.0,0.0
dlkcat,r_3061_ENZ_YMR006C,0.0,0.0
dlkcat,r_3061_ENZ_YOL011W,0.0,0.0
dlkcat,r_3062_ENZ_YMR006C,0.0,0.0
dlkcat,r_3062_ENZ_YOL011W,0.0,0.0
dlkcat,r_3063_ENZ_YMR006C,0.0,0.0
dlkcat,r_3063_ENZ_YOL011W,0.0,0.0
dlkcat,r_3064_ENZ_YMR006C,0.0,0.0
dlkcat,r_3064_ENZ_YOL011W,0.0,0.0
dlkcat,r_3065_ENZ_YMR006C,0.0,0.0
dlkcat,r_3065_ENZ_YOL011W,0.0,0.0
dlkcat,r_3066_ENZ_YMR006C,0.0,0.0
dlkcat,r_3066_ENZ_YOL011W,0.0,0.0
dlkcat,r_3067_ENZ_YMR006C,0.0,0.0
dlkcat,r_3067_ENZ_YOL011W,0.0,0.0
dlkcat,r_3068_ENZ_YMR006C,0.0,0.0
dlkcat,r_3068_ENZ_YOL011W,0.0,0.0
dlkcat,r_3069_ENZ_YMR006C,0.0,0.0
dlkcat,r_3069_ENZ_YOL011W,0.0,0.0
dlkcat,r_3070_ENZ_YOL011W,0.0,2.2343816973701336e-05
dlkcat,r_3071_ENZ_YOL011W,0.0,2.6664307977794337e-05
dlkcat,r_3072_ENZ_YOL011W,0.0,2.1343706993114645e-05
dlkcat,r_3073_ENZ_YOL011W,0.0,2.396718831071682e-05
dlkcat,r_3074_ENZ_YOL011W,0.0,2.2418162161592925e-05
dlkcat,r_3075_ENZ_YOL011W,0.0,3.257334293867696e-05
dlkcat,r_3076_ENZ_YOL011W,0.0,2.07119747407582e-05
dlkcat,r_3077_ENZ_YOL011W,0.0,2.3109982380521845e-05
dlkcat,r_3078_ENZ_YOL011W,0.0,2.2417156601973155e-05
dlkcat,r_3079_ENZ_YOL011W,0.0,2.650192926151665e-05
dlkcat,r_3080_ENZ_YOL011W,0.0,2.2582430735982304e-05
dlkcat,r_3081_ENZ_YOL011W,0.0,2.433116736055667e-05
dlkcat,r_3082_ENZ_YPL268W,0.0,0.0
dlkcat,r_3083_ENZ_YPL268W,0.0,0.0
dlkcat,r_3084_ENZ_YPL268W,0.0,0.0
dlkcat,r_3085_ENZ_YPL268W,0.0,0.0
dlkcat,r_3086_ENZ_YPL268W,0.0,0.0
dlkcat,r_3087_ENZ_YPL268W,0.0,0.0
dlkcat,r_3088_ENZ_YPL268W,0.0,0.0
dlkcat,r_3089_ENZ_YPL268W,0.0,0.0
dlkcat,r_3090_ENZ_YPL268W,0.0,0.0
dlkcat,r_3091_ENZ_YPL268W,0.0,0.0
dlkcat,r_3092_ENZ_YPL268W,0.0,0.0
dlkcat,r_3093_ENZ_YPL268W,0.0,0.0
dlkcat,r_3094_ENZ_YPL268W,0.0,0.0
dlkcat,r_3095_ENZ_YPL268W,0.0,0.0
dlkcat,r_3096_ENZ_YPL268W,0.0,0.0
dlkcat,r_3097_ENZ_YPL268W,0.0,0.0
dlkcat,r_3098_ENZ_YPL206C,0.0,8.920010763229655e-05
dlkcat,r_3099_ENZ_YPL206C,0.0,9.618415954518732e-05
dlkcat,r_3100_ENZ_YPL206C,0.0,7.890403515373993e-05
dlkcat,r_3101_ENZ_YPL206C,0.0,6.387553693014305e-05
dlkcat,r_3102_ENZ_YPL206C,0.0,6.198430975865622e-05
dlkcat,r_3103_ENZ_YPL206C,0.0,6.156165001775683e-05
dlkcat,r_3104_ENZ_YKR031C,0.0,6.218497415471092e-05
dlkcat,r_3105_ENZ_YKR031C,0.0,4.4277788349107033e-05
dlkcat,r_3106_ENZ_YKR031C,0.0,3.977489288795322e-05
dlkcat,r_3107_ENZ_YKR031C,0.0,7.567417163265589e-05
dlkcat,r_3108_ENZ_YKR031C,0.0,5.990982915466958e-05
dlkcat,r_3109_ENZ_YKR031C,0.0,4.277026888814817e-05
dlkcat,r_3110_ENZ_YKR031C,0.0,4.514314212041362e-05
dlkcat,r_3111_ENZ_YKR031C,0.0,4.459677041220879e-05
dlkcat,r_3112_ENZ_YNL106C,0.0,0.000105899121078
dlkcat,r_3112_ENZ_YOR109W,0.0,0.0001084546722345
dlkcat,r_3113_ENZ_YNL106C,0.0,0.0001186305897125
dlkcat,r_3113_ENZ_YOR109W,0.0,0.0001186305897125
dlkcat,r_3114_ENZ_YNL106C,0.0,0.0001059238357594
dlkcat,r_3114_ENZ_YOR109W,0.0,0.0001140531217602
dlkcat,r_3115_ENZ_YNL106C,0.0,9.50996794557568e-05
dlkcat,r_3115_ENZ_YOR109W,0.0,0.0001852965839002
dlkcat,r_3116_ENZ_YNL106C,0.0,0.0001011251979283
dlkcat,r_3116_ENZ_YOR109W,0.0,0.0005620128385479
dlkcat,r_3117_ENZ_YNL106C,0.0,0.0001063448664367
dlkcat,r_3117_ENZ_YOR109W,0.0,9.76194049291654e-05
dlkcat,r_3118_ENZ_YNL106C,0.0,4.408243956310898e-05
dlkcat,r_3118_ENZ_YOR109W,0.0,4.921993915196765e-05
dlkcat,r_3119_ENZ_YNL106C,0.0,4.614853556983434e-05
dlkcat,r_3119_ENZ_YOR109W,0.0,5.994753648475015e-05
dlkcat,r_3120_ENZ_YJR110W,0.0,0.0002988200969218
dlkcat,r_3120_ENZ_YNL106C,0.0,0.0002988200969218
dlkcat,r_3120_ENZ_YOR109W,0.0,0.0003765502086547
dlkcat,r_3121_ENZ_YJR110W,0.0,0.0003533562586239
dlkcat,r_3121_ENZ_YNL106C,0.0,0.0003533562597488
dlkcat,r_3121_ENZ_YOR109W,0.0,0.0003533562597457
dlkcat,r_3122_ENZ_YJR110W,0.0,0.0003533562590267
dlkcat,r_3122_ENZ_YNL106C,0.0,0.0003533562593087
dlkcat,r_3122_ENZ_YOR109W,0.0,0.0003533562585449
dlkcat,r_3123_ENZ_YJR110W,0.0,0.0003533562573871
dlkcat,r_3123_ENZ_YNL106C,0.0,0.0003533562594562
dlkcat,r_3123_ENZ_YOR109W,0.0,0.000376550208589
dlkcat,r_3124_ENZ_YJR110W,0.0,0.0003765502065391
dlkcat,r_3124_ENZ_YNL106C,0.0,0.0003533562589392
dlkcat,r_3124_ENZ_YOR109W,0.0,0.000353356259048
dlkcat,r_3125_ENZ_YJR110W,0.0,0.0003533562571789
dlkcat,r_3125_ENZ_YNL106C,0.0,0.0003533562556983
dlkcat,r_3125_ENZ_YOR109W,0.0,0.0003533562554682
dlkcat,r_3126_ENZ_YJR110W,0.0,0.0001386904046296
dlkcat,r_3126_ENZ_YNL106C,0.0,7.60952400646886e-05
dlkcat,r_3126_ENZ_YOR109W,0.0,9.154394911048414e-05
dlkcat,r_3127_ENZ_YJR110W,0.0,0.0001387987284182
dlkcat,r_3127_ENZ_YNL106C,0.0,7.609665671637345e-05
dlkcat,r_3127_ENZ_YOR109W,0.0,0.0001063334790684
dlkcat,r_3128_ENZ_YKL212W,0.0,0.0019498059855749
dlkcat,r_3129_ENZ_YKL212W,0.0,0.0020725442452249
dlkcat,r_3130_ENZ_YKL212W,0.0,0.0019498059928473
dlkcat,r_3131_ENZ_YKL212W,0.0,0.0019498059938589
dlkcat,r_3132_ENZ_YKL212W,0.0,0.0019682994538527
dlkcat,r_3133_ENZ_YKL212W,0.0,0.0019498059897351
dlkcat,r_3134_ENZ_YKL212W,0.0,0.0001219653650226
dlkcat,r_3135_ENZ_YKL212W,0.0,0.0001271456477951
dlkcat,r_3136_ENZ_YKL212W,0.0,0.0007067125361928
dlkcat,r_3137_ENZ_YKL212W,0.0,0.0007531004162668
dlkcat,r_3138_ENZ_YKL212W,0.0,0.000753100414216
dlkcat,r_3139_ENZ_YKL212W,0.0,0.0004921025851629
dlkcat,r_3140_ENZ_YKL212W,0.0,0.0008000619031633
dlkcat,r_3141_ENZ_YKL212W,0.0,0.0005390640449602
dlkcat,r_3142_ENZ_YKL212W,0.0,0.0001157887306817
dlkcat,r_3143_ENZ_YKL212W,0.0,0.0001219462244197
dlkcat,r_3144_ENZ_YNL106C,0.0,0.0002420396201811
dlkcat,r_3144_ENZ_YOR109W,0.0,0.0002117909226964
dlkcat,r_3145_ENZ_YNL106C,0.0,0.000220976191839
dlkcat,r_3145_ENZ_YOR109W,0.0,0.0002209761920592
dlkcat,r_3146_ENZ_YNL106C,0.0,0.0002105692422893
dlkcat,r_3146_ENZ_YOR109W,0.0,0.0002105692422871
dlkcat,r_3147_ENZ_YNL106C,0.0,0.0002106977892326
dlkcat,r_3147_ENZ_YOR109W,0.0,0.0002676326648838
dlkcat,r_3148_ENZ_YNL106C,0.0,0.0002120223149626
dlkcat,r_3148_ENZ_YOR109W,0.0,0.0001939994405972
dlkcat,r_3149_ENZ_YNL106C,0.0,0.0002272040410415
dlkcat,r_3149_ENZ_YOR109W,0.0,0.0002272041410683
dlkcat,r_3150_ENZ_YNL106C,0.0,9.268786244209792e-05
dlkcat,r_3150_ENZ_YOR109W,0.0,9.434875564640066e-05
dlkcat,r_3151_ENZ_YNL106C,0.0,0.0002118055763924
dlkcat,r_3151_ENZ_YOR109W,0.0,0.0002118003918241
dlkcat,r_3152_ENZ_YNL106C,0.0,0.0006547667008991
dlkcat,r_3152_ENZ_YOR109W,0.0,0.0006278371091923
dlkcat,r_3153_ENZ_YNL106C,0.0,0.0006241571801979
dlkcat,r_3153_ENZ_YOR109W,0.0,0.0005959314246287
dlkcat,r_3154_ENZ_YNL106C,0.0,0.0006383636544793
dlkcat,r_3154_ENZ_YOR109W,0.0,0.0006356489763476
dlkcat,r_3155_ENZ_YNL106C,0.0,0.0005959754942921
dlkcat,r_3155_ENZ_YOR109W,0.0,0.0005957551533573
dlkcat,r_3156_ENZ_YNL106C,0.0,0.0005912908288943
dlkcat,r_3156_ENZ_YOR109W,0.0,0.000595993290152
dlkcat,r_3157_ENZ_YNL106C,0.0,0.0005958022769094
dlkcat,r_3157_ENZ_YOR109W,0.0,0.0006386320874973
dlkcat,r_3158_ENZ_YNL106C,0.0,9.394180411014516e-05
dlkcat,r_3158_ENZ_YOR109W,0.0,0.0001466612187783
dlkcat,r_3159_ENZ_YNL106C,0.0,0.0005959646496371
dlkcat,r_3159_ENZ_YOR109W,0.0,0.0005959646496371
dlkcat,r_3160_ENZ_YKL212W,0.0,0.0015766022623067
dlkcat,r_3161_ENZ_YKL212W,0.0,0.0015501816982306
dlkcat,r_3162_ENZ_YKL212W,0.0,0.0015378497165885
dlkcat,r_3163_ENZ_YKL212W,0.0,0.0015310290457115
dlkcat,r_3164_ENZ_YKL212W,0.0,0.0015494962394093
dlkcat,r_3165_ENZ_YKL212W,0.0,0.0019682994429706
dlkcat,r_3166_ENZ_YKL212W,0.0,0.0002351865330867
dlkcat,r_3167_ENZ_YKL212W,0.0,0.0019403566006586
dlkcat,r_3168_ENZ_YKL212W,0.0,0.0007067125174149
dlkcat,r_3169_ENZ_YKL212W,0.0,0.0007067125174149
dlkcat,r_3170_ENZ_YKL212W,0.0,0.0007067125174149
dlkcat,r_3171_ENZ_YKL212W,0.0,0.0007067125174149
dlkcat,r_3172_ENZ_YKL212W,0.0,0.0007067125174149
dlkcat,r_3173_ENZ_YKL212W,0.0,0.0007067125174149
dlkcat,r_3174_ENZ_YKL212W,0.0,0.000127481863795
dlkcat,r_3175_ENZ_YKL212W,0.0,0.0007067125174149
dlkcat,r_3176_ENZ_YNL106C,0.0,0.0001004249557654
dlkcat,r_3176_ENZ_YOR109W,0.0,0.0001004249557654
dlkcat,r_3177_ENZ_YNL106C,0.0,0.0001058998008254
dlkcat,r_3177_ENZ_YOR109W,0.0,0.000113445440141
dlkcat,r_3178_ENZ_YNL106C,0.0,0.0001059337201141
dlkcat,r_3178_ENZ_YOR109W,0.0,0.0001059337201141
dlkcat,r_3179_ENZ_YNL106C,0.0,0.0001053437548299
dlkcat,r_3179_ENZ_YOR109W,0.0,0.0001058991206139
dlkcat,r_3180_ENZ_YNL106C,0.0,0.0001053471055662
dlkcat,r_3180_ENZ_YOR109W,0.0,0.0001136015186222
dlkcat,r_3181_ENZ_YNL106C,0.0,0.0001058871840529
dlkcat,r_3181_ENZ_YOR109W,0.0,0.0001136185597214
dlkcat,r_3182_ENZ_YNL106C,0.0,5.278790295637492e-05
dlkcat,r_3182_ENZ_YOR109W,0.0,7.500427204920612e-05
dlkcat,r_3183_ENZ_YNL106C,0.0,5.415859314172877e-05
dlkcat,r_3183_ENZ_YOR109W,0.0,5.481094171322e-05
dlkcat,r_3184_ENZ_YNL106C,0.0,0.000296437920026
dlkcat,r_3184_ENZ_YOR109W,0.0,0.0002978981583767
dlkcat,r_3185_ENZ_YNL106C,0.0,0.0002977065485823
dlkcat,r_3185_ENZ_YOR109W,0.0,0.0002977066486122
dlkcat,r_3186_ENZ_YNL106C,0.0,0.0002978978135076
dlkcat,r_3186_ENZ_YOR109W,0.0,0.0002978979135374
dlkcat,r_3187_ENZ_YNL106C,0.0,0.0002972786823933
dlkcat,r_3187_ENZ_YOR109W,0.0,0.0003260734800094
dlkcat,r_3188_ENZ_YNL106C,0.0,0.0002691679814184
dlkcat,r_3188_ENZ_YOR109W,0.0,0.0002676172544173
dlkcat,r_3189_ENZ_YNL106C,0.0,0.0002962638885524
dlkcat,r_3189_ENZ_YOR109W,0.0,0.0002979139848164
dlkcat,r_3190_ENZ_YNL106C,0.0,9.849754068902428e-05
dlkcat,r_3190_ENZ_YOR109W,0.0,0.000112532971344
dlkcat,r_3191_ENZ_YNL106C,0.0,0.0001092073722206
dlkcat,r_3191_ENZ_YOR109W,0.0,0.0001098401197579
dlkcat,r_3192_ENZ_YIL002C,0.0,0.0002117156698062
dlkcat,r_3192_ENZ_YNL106C,0.0,0.0002145891962044
dlkcat,r_3192_ENZ_YOR109W,0.0,0.0002177537258738
dlkcat,r_3193_ENZ_YIL002C,0.0,0.000231574214653
dlkcat,r_3193_ENZ_YNL106C,0.0,0.0002676326583754
dlkcat,r_3193_ENZ_YOR109W,0.0,0.0002420396203148
dlkcat,r_3194_ENZ_YIL002C,0.0,0.0002231148666496
dlkcat,r_3194_ENZ_YNL106C,0.0,0.0002008499130763
dlkcat,r_3194_ENZ_YOR109W,0.0,0.0002118032129692
dlkcat,r_3195_ENZ_YIL002C,0.0,0.00027813129571
dlkcat,r_3195_ENZ_YNL106C,0.0,0.0002008499131953
dlkcat,r_3195_ENZ_YOR109W,0.0,0.0002008499131953
dlkcat,r_3196_ENZ_YIL002C,0.0,0.0002118077771964
dlkcat,r_3196_ENZ_YNL106C,0.0,0.0002268582130664
dlkcat,r_3196_ENZ_YOR109W,0.0,0.0002349029611821
dlkcat,r_3197_ENZ_YIL002C,0.0,0.0002118055766491
dlkcat,r_3197_ENZ_YNL106C,0.0,0.0002676326584634
dlkcat,r_3197_ENZ_YOR109W,0.0,0.0002054594927978
dlkcat,r_3198_ENZ_YIL002C,0.0,8.959317516321619e-05
dlkcat,r_3198_ENZ_YNL106C,0.0,8.781640673216629e-05
dlkcat,r_3198_ENZ_YOR109W,0.0,9.870939855005644e-05
dlkcat,r_3199_ENZ_YIL002C,0.0,0.0007816368433527
dlkcat,r_3199_ENZ_YNL106C,0.0,0.0002268007395622
dlkcat,r_3199_ENZ_YOR109W,0.0,0.0002106900633789
dlkcat,r_3200_ENZ_YIL002C,0.0,0.0005928591757582
dlkcat,r_3200_ENZ_YNL106C,0.0,0.0007531004143537
dlkcat,r_3200_ENZ_YOR109W,0.0,0.0007531004144025
dlkcat,r_3201_ENZ_YIL002C,0.0,0.0006372779496828
dlkcat,r_3201_ENZ_YNL106C,0.0,0.0005958683409588
dlkcat,r_3201_ENZ_YOR109W,0.0,0.0006417657720154
dlkcat,r_3202_ENZ_YIL002C,0.0,0.0005959861013487
dlkcat,r_3202_ENZ_YNL106C,0.0,0.0005959861013487
dlkcat,r_3202_ENZ_YOR109W,0.0,0.0005959861013487
dlkcat,r_3203_ENZ_YIL002C,0.0,0.0006439013292833
dlkcat,r_3203_ENZ_YNL106C,0.0,0.0006387219459078
dlkcat,r_3203_ENZ_YOR109W,0.0,0.0006384524084053
dlkcat,r_3204_ENZ_YIL002C,0.0,0.0007531004155458
dlkcat,r_3204_ENZ_YNL106C,0.0,0.0007067125187631
dlkcat,r_3204_ENZ_YOR109W,0.0,0.0007067125187631
dlkcat,r_3205_ENZ_YIL002C,0.0,0.0006960211630211
dlkcat,r_3205_ENZ_YNL106C,0.0,0.0007062197564158
dlkcat,r_3205_ENZ_YOR109W,0.0,0.0007062197563056
dlkcat,r_3206_ENZ_YIL002C,0.0,0.0001246750613521
dlkcat,r_3206_ENZ_YNL106C,0.0,0.0001223935627798
dlkcat,r_3206_ENZ_YOR109W,0.0,0.0001806642717028
dlkcat,r_3207_ENZ_YIL002C,0.0,0.0006960211683564
dlkcat,r_3207_ENZ_YNL106C,0.0,0.0007067125110324
dlkcat,r_3207_ENZ_YOR109W,0.0,0.0007067125113682
dlkcat,r_3208_ENZ_YOL065C,0.0,0.0019682994619909
dlkcat,r_3209_ENZ_YOL065C,0.0,0.0019498059903639
dlkcat,r_3210_ENZ_YOL065C,0.0,0.0019753447853076
dlkcat,r_3211_ENZ_YOL065C,0.0,0.0019682994591434
dlkcat,r_3212_ENZ_YOL065C,0.0,0.0019498059847933
dlkcat,r_3213_ENZ_YOL065C,0.0,0.0019682994609082
dlkcat,r_3214_ENZ_YOL065C,0.0,0.0008872026039957
dlkcat,r_3215_ENZ_YOL065C,0.0,0.0015493766973406
dlkcat,r_3216_ENZ_YFR019W_and_YNL325C_and_YFR021W_and_YNL054W_and_YLR386W,0.0,2.641674566106718e-05
dlkcat,r_3217_ENZ_YFR019W_and_YNL325C_and_YFR021W_and_YNL054W_and_YLR386W,0.0,2.630132096345886e-05
dlkcat,r_3218_ENZ_YFR019W_and_YNL325C_and_YFR021W_and_YNL054W_and_YLR386W,0.0,2.6368950982574388e-05
dlkcat,r_3219_ENZ_YFR019W_and_YNL325C_and_YFR021W_and_YNL054W_and_YLR386W,0.0,2.6048001496788853e-05
dlkcat,r_3220_ENZ_YFR019W_and_YNL325C_and_YFR021W_and_YNL054W_and_YLR386W,0.0,2.6048001496788853e-05
dlkcat,r_3221_ENZ_YFR019W_and_YNL325C_and_YFR021W_and_YNL054W_and_YLR386W,0.0,2.6048001496788853e-05
dlkcat,r_3222_ENZ_YFR019W_and_YNL325C_and_YFR021W_and_YNL054W_and_YLR386W,0.0,2.6048173128601386e-05
dlkcat,r_3223_ENZ_YFR019W_and_YNL325C_and_YFR021W_and_YNL054W_and_YLR386W,0.0,2.539714476945676e-05
dlkcat,r_3224_ENZ_YDR284C,0.0,2.3592025808483182e-05
dlkcat,r_3225_ENZ_YDR284C,0.0,2.985953804124364e-05
dlkcat,r_3226_ENZ_YDR284C,0.0,2.9957833844946817e-05
dlkcat,r_3227_ENZ_YDR284C,0.0,2.8026577745698944e-05
dlkcat,r_3228_ENZ_YDR284C,0.0,2.6737175596203144e-05
dlkcat,r_3229_ENZ_YDR284C,0.0,2.8026577745698944e-05
dlkcat,r_3230_ENZ_YDR284C,0.0,2.8026577745698944e-05
dlkcat,r_3231_ENZ_YDR284C,0.0,2.8026577745698944e-05
dlkcat,r_3232_ENZ_YDR503C,0.0,0.000706712519524
dlkcat,r_3233_ENZ_YDR503C,0.0,0.000706712519524
dlkcat,r_3234_ENZ_YDR503C,0.0,0.000706712519524
dlkcat,r_3235_ENZ_YDR503C,0.0,0.000706712519524
dlkcat,r_3236_ENZ_YDR503C,0.0,0.0006926143593082
dlkcat,r_3237_ENZ_YDR503C,0.0,0.000706712519524
dlkcat,r_3238_ENZ_YDR503C,0.0,0.000706712519524
dlkcat,r_3239_ENZ_YDR503C,0.0,0.000706712519524
dlkcat,r_3240_ENZ_YER037W,0.0,-0.0
dlkcat,r_3241_ENZ_YER037W,0.0,-0.0
dlkcat,r_3242_ENZ_YER037W,0.0,-0.0
dlkcat,r_3243_ENZ_YER037W,0.0,-0.0
dlkcat,r_3244_ENZ_YDR284C,0.0,-0.0
dlkcat,r_3245_ENZ_YDR284C,0.0,-0.0
dlkcat,r_3246_ENZ_YDR284C,0.0,-0.0
dlkcat,r_3247_ENZ_YDR284C,0.0,-0.0
dlkcat,r_3248_ENZ_YDR503C,0.0,-0.0
dlkcat,r_3249_ENZ_YDR503C,0.0,-0.0
dlkcat,r_3250_ENZ_YDR503C,0.0,-0.0
dlkcat,r_3251_ENZ_YDR503C,0.0,-0.0
dlkcat,r_3252_ENZ_YKL140W,0.0,5.81676651245644e-05
dlkcat,r_3252_ENZ_YLL012W,0.0,8.1204922257605e-05
dlkcat,r_3253_ENZ_YKL140W,0.0,6.313833560311899e-05
dlkcat,r_3253_ENZ_YLL012W,0.0,7.828956410804722e-05
dlkcat,r_3254_ENZ_YLL012W,0.0,8.735821560534873e-05
dlkcat,r_3255_ENZ_YLL012W,0.0,8.817115396464459e-05
dlkcat,r_3256_ENZ_YLL012W,0.0,6.621155467736051e-05
dlkcat,r_3257_ENZ_YLL012W,0.0,6.907099180342158e-05
dlkcat,r_3258_ENZ_YLL012W,0.0,9.085192449020953e-05
dlkcat,r_3259_ENZ_YLL012W,0.0,9.09213940674114e-05
dlkcat,r_3260_ENZ_YLL012W,0.0,8.145202400822171e-05
dlkcat,r_3261_ENZ_YLL012W,0.0,8.367264345565673e-05
dlkcat,r_3262_ENZ_YLR020C,0.0,4.001424170319012e-05
dlkcat,r_3263_ENZ_YLR020C,0.0,3.99423447587921e-05
dlkcat,r_3264_ENZ_YBR204C,0.0,0.000190366679417
dlkcat,r_3264_ENZ_YCR068W,0.0,0.0001989758155535
dlkcat,r_3264_ENZ_YKR089C,0.0,4.775880821230195e-05
dlkcat,r_3264_ENZ_YMR313C,0.0,2.4016515673648715e-05
dlkcat,r_3264_ENZ_YOR081C,0.0,0.0001813509192102
dlkcat,r_3265_ENZ_YBR204C,0.0,0.0001936455695581
dlkcat,r_3265_ENZ_YKR089C,0.0,5.511122487522613e-05
dlkcat,r_3265_ENZ_YMR313C,0.0,1.8006732252434788e-05
dlkcat,r_3265_ENZ_YOR081C,0.0,0.000143161806851
dlkcat,r_3266_ENZ_YBR204C,0.0,0.0001475114733215
dlkcat,r_3266_ENZ_YKR089C,0.0,3.702036455477398e-05
dlkcat,r_3266_ENZ_YMR313C,0.0,1.8708569144987308e-05
dlkcat,r_3266_ENZ_YOR081C,0.0,0.0001395165021686
dlkcat,r_3267_ENZ_YBR204C,0.0,0.0003630524316422
dlkcat,r_3267_ENZ_YKR089C,0.0,0.0003630524316983
dlkcat,r_3267_ENZ_YMR313C,0.0,0.0003630524317116
dlkcat,r_3267_ENZ_YOR081C,0.0,0.0003630524317168
dlkcat,r_3268_ENZ_YBR204C,0.0,0.0001686298226998
dlkcat,r_3268_ENZ_YKR089C,0.0,0.0001686298226725
dlkcat,r_3268_ENZ_YMR313C,0.0,0.0001686298226725
dlkcat,r_3268_ENZ_YOR081C,0.0,0.0001686298226725
dlkcat,r_3269_ENZ_YBR204C,0.0,0.0001647107954722
dlkcat,r_3269_ENZ_YKR089C,0.0,5.364762522264144e-05
dlkcat,r_3269_ENZ_YMR313C,0.0,2.0369114329454877e-05
dlkcat,r_3269_ENZ_YOR081C,0.0,0.0001581490479482
dlkcat,r_3270_ENZ_YBR204C,0.0,0.0001704830733078
dlkcat,r_3270_ENZ_YKR089C,0.0,0.0001704830734884
dlkcat,r_3270_ENZ_YMR313C,0.0,0.0001633515526635
dlkcat,r_3270_ENZ_YOR081C,0.0,0.0001633515525737
dlkcat,r_3271_ENZ_YBR204C,0.0,0.0003172766234151
dlkcat,r_3271_ENZ_YKR089C,0.0,5.4040370300381495e-05
dlkcat,r_3271_ENZ_YMR313C,0.0,2.3077003061366952e-05
dlkcat,r_3271_ENZ_YOR081C,0.0,0.0002791176223063
dlkcat,r_3272_ENZ_YBR204C,0.0,0.0001544042215396
dlkcat,r_3272_ENZ_YKR089C,0.0,0.0001676868790406
dlkcat,r_3272_ENZ_YMR313C,0.0,0.0001682456883879
dlkcat,r_3272_ENZ_YOR081C,0.0,0.0001682456883998
dlkcat,r_3273_ENZ_YBR204C,0.0,0.0003755789777701
dlkcat,r_3273_ENZ_YKR089C,0.0,4.293869485838542e-05
dlkcat,r_3273_ENZ_YMR313C,0.0,1.6425291389232655e-05
dlkcat,r_3273_ENZ_YOR081C,0.0,0.0001542279984594
dlkcat,r_3274_ENZ_YBR204C,0.0,0.000198984132854
dlkcat,r_3274_ENZ_YKR089C,0.0,4.5999886049141736e-05
dlkcat,r_3274_ENZ_YMR313C,0.0,1.6064820938042477e-05
dlkcat,r_3274_ENZ_YOR081C,0.0,0.0001386012347475
dlkcat,r_3275_ENZ_YBR204C,0.0,0.0003278584949964
dlkcat,r_3275_ENZ_YKR089C,0.0,0.0003278585950297
dlkcat,r_3275_ENZ_YMR313C,0.0,0.0003278584949967
dlkcat,r_3275_ENZ_YOR081C,0.0,0.0003278584949967
dlkcat,r_3276_ENZ_YBR204C,0.0,0.0001676916758272
dlkcat,r_3276_ENZ_YKR089C,0.0,0.0001676916758271
dlkcat,r_3276_ENZ_YMR313C,0.0,0.0001676916758272
dlkcat,r_3276_ENZ_YOR081C,0.0,0.0001676916758271
dlkcat,r_3277_ENZ_YBR204C,0.0,0.0001712624877709
dlkcat,r_3277_ENZ_YKR089C,0.0,0.0001632532007471
dlkcat,r_3277_ENZ_YMR313C,0.0,0.0001495334590115
dlkcat,r_3277_ENZ_YOR081C,0.0,0.0002735461445748
dlkcat,r_3278_ENZ_YBR204C,0.0,0.0001603679914552
dlkcat,r_3278_ENZ_YKR089C,0.0,0.0001664571595127
dlkcat,r_3278_ENZ_YMR313C,0.0,0.0001664402148203
dlkcat,r_3278_ENZ_YOR081C,0.0,0.0001632576429999
dlkcat,r_3279_ENZ_YBR204C,0.0,0.000314829934398
dlkcat,r_3279_ENZ_YKR089C,0.0,6.377396931668989e-05
dlkcat,r_3279_ENZ_YMR313C,0.0,2.344624080381926e-05
dlkcat,r_3279_ENZ_YOR081C,0.0,0.0002501545588936
dlkcat,r_3280_ENZ_YBR204C,0.0,0.0001398374261289
dlkcat,r_3280_ENZ_YKR089C,0.0,3.727171259817596e-05
dlkcat,r_3280_ENZ_YMR313C,0.0,2.385012577001567e-05
dlkcat,r_3280_ENZ_YOR081C,0.0,0.0001810920243007
dlkcat,r_3281_ENZ_YBR204C,0.0,0.0001506819292789
dlkcat,r_3281_ENZ_YKR089C,0.0,0.0001506819303589
dlkcat,r_3281_ENZ_YMR313C,0.0,0.0001633122725253
dlkcat,r_3281_ENZ_YOR081C,0.0,0.0001633123725426
dlkcat,r_3282_ENZ_YBR204C,0.0,0.0001474519868738
dlkcat,r_3282_ENZ_YKR089C,0.0,3.901124301375347e-05
dlkcat,r_3282_ENZ_YMR313C,0.0,1.858819924649424e-05
dlkcat,r_3282_ENZ_YOR081C,0.0,0.0001393242938734
dlkcat,r_3283_ENZ_YBR204C,0.0,0.000327092565576
dlkcat,r_3283_ENZ_YKR089C,0.0,0.0003277907504318
dlkcat,r_3283_ENZ_YMR313C,0.0,0.0003259050993765
dlkcat,r_3283_ENZ_YOR081C,0.0,0.0003610147420842
dlkcat,r_3284_ENZ_YBR204C,0.0,0.0001689782915061
dlkcat,r_3284_ENZ_YKR089C,0.0,0.0002130081444058
dlkcat,r_3284_ENZ_YMR313C,0.0,0.0002130081444585
dlkcat,r_3284_ENZ_YOR081C,0.0,0.0002130081444585
dlkcat,r_3285_ENZ_YBR204C,0.0,0.0002062901353507
dlkcat,r_3285_ENZ_YKR089C,0.0,0.0001935835073938
dlkcat,r_3285_ENZ_YMR313C,0.0,0.0001935835073938
dlkcat,r_3285_ENZ_YOR081C,0.0,0.0001935835073938
dlkcat,r_3286_ENZ_YBR204C,0.0,0.0002043519035299
dlkcat,r_3286_ENZ_YKR089C,0.0,0.0001943219017785
dlkcat,r_3286_ENZ_YMR313C,0.0,0.0001943219018953
dlkcat,r_3286_ENZ_YOR081C,0.0,0.0001943219018101
dlkcat,r_3287_ENZ_YBR204C,0.0,0.0004248458822045
dlkcat,r_3287_ENZ_YKR089C,0.0,7.428682892701884e-05
dlkcat,r_3287_ENZ_YMR313C,0.0,1.9624066547725088e-05
dlkcat,r_3287_ENZ_YOR081C,0.0,0.0002779880971235
dlkcat,r_3288_ENZ_YBR204C,0.0,0.0001404578459448
dlkcat,r_3288_ENZ_YKR089C,0.0,5.138274531248533e-05
dlkcat,r_3288_ENZ_YMR313C,0.0,1.866507402241728e-05
dlkcat,r_3288_ENZ_YOR081C,0.0,0.0001423271482276
dlkcat,r_3289_ENZ_YBR204C,0.0,0.0001732779288694
dlkcat,r_3289_ENZ_YKR089C,0.0,0.0001732779288694
dlkcat,r_3289_ENZ_YMR313C,0.0,0.0001623990202088
dlkcat,r_3289_ENZ_YOR081C,0.0,0.0001625091363521
dlkcat,r_3290_ENZ_YBR204C,0.0,0.0001576096521693
dlkcat,r_3290_ENZ_YKR089C,0.0,0.0001731210246453
dlkcat,r_3290_ENZ_YMR313C,0.0,0.0001991584969882
dlkcat,r_3290_ENZ_YOR081C,0.0,0.0001991584969873
dlkcat,r_3291_ENZ_YBR204C,0.0,0.0004585887846487
dlkcat,r_3291_ENZ_YKR089C,0.0,0.0004585887810556
dlkcat,r_3291_ENZ_YMR313C,0.0,0.0004585887810337
dlkcat,r_3291_ENZ_YOR081C,0.0,0.0004585887811581
dlkcat,r_3292_ENZ_YBR204C,0.0,0.0001927370280531
dlkcat,r_3292_ENZ_YKR089C,0.0,5.357855434353232e-05
dlkcat,r_3292_ENZ_YMR313C,0.0,2.4447434300208133e-05
dlkcat,r_3292_ENZ_YOR081C,0.0,0.0001808724491155
dlkcat,r_3293_ENZ_YBR204C,0.0,0.0001935835128952
dlkcat,r_3293_ENZ_YKR089C,0.0,0.00014959928193
dlkcat,r_3293_ENZ_YMR313C,0.0,0.00014959928193
dlkcat,r_3293_ENZ_YOR081C,0.0,0.000169855213759
dlkcat,r_3294_ENZ_YBR204C,0.0,0.0002043519083696
dlkcat,r_3294_ENZ_YKR089C,0.0,0.0002070285297781
dlkcat,r_3294_ENZ_YMR313C,0.0,0.0002070285296573
dlkcat,r_3294_ENZ_YOR081C,0.0,0.0001374739367379
dlkcat,r_3295_ENZ_YBR204C,0.0,0.0003993806566958
dlkcat,r_3295_ENZ_YKR089C,0.0,7.268629272811147e-05
dlkcat,r_3295_ENZ_YMR313C,0.0,1.821852318936011e-05
dlkcat,r_3295_ENZ_YOR081C,0.0,0.0002497068167756
dlkcat,r_3296_ENZ_YMR313C,0.0,5.385301702615086e-05
dlkcat,r_3297_ENZ_YCR068W,0.0,5.23132655098589e-05
dlkcat,r_3297_ENZ_YMR313C,0.0,2.1471584794997486e-05
dlkcat,r_3298_ENZ_YMR313C,0.0,6.19038598669075e-05
dlkcat,r_3299_ENZ_YMR313C,0.0,5.46614230503284e-05
dlkcat,r_3300_ENZ_YMR313C,0.0,6.578816297562193e-05
dlkcat,r_3301_ENZ_YMR313C,0.0,1.5062470431688385e-05
dlkcat,r_3302_ENZ_YMR313C,0.0,5.2199863387558665e-05
dlkcat,r_3303_ENZ_YMR313C,0.0,4.8910040321866605e-05
dlkcat,r_3304_ENZ_YDR058C,0.0,-0.0
dlkcat,r_3305_ENZ_YDR058C,0.0,-0.0
dlkcat,r_3306_ENZ_YDR058C,0.0,-0.0
dlkcat,r_3307_ENZ_YDR058C,0.0,-0.0
dlkcat,r_3308_ENZ_YKL094W,0.0,4.904138606488576e-05
dlkcat,r_3309_ENZ_YKL094W,0.0,4.8501618002562186e-05
dlkcat,r_3310_ENZ_YKL094W,0.0,5.3218582403185104e-05
dlkcat,r_3311_ENZ_YKL094W,0.0,5.161404836494104e-05
dlkcat,r_3312_ENZ_YMR313C,0.0,0.0002688617503059
dlkcat,r_3313_ENZ_YMR313C,0.0,0.0002688617522907
dlkcat,r_3314_ENZ_YMR313C,0.0,0.0002688617523309
dlkcat,r_3315_ENZ_YMR313C,0.0,0.0002131091282032
dlkcat,r_3316_ENZ_YKR089C,0.0,0.0001629615342926
dlkcat,r_3317_ENZ_YKR089C,0.0,4.834278372101153e-05
dlkcat,r_3318_ENZ_YKR089C,0.0,3.663426226374611e-05
dlkcat,r_3319_ENZ_YKR089C,0.0,5.107420466301128e-05
dlkcat,r_3320_ENZ_YKR089C,0.0,0.0003872186361903
dlkcat,r_3321_ENZ_YKR089C,0.0,5.035171065919698e-05
dlkcat,r_3322_ENZ_YKR089C,0.0,3.765137733816731e-05
dlkcat,r_3323_ENZ_YKR089C,0.0,5.173933673807696e-05
dlkcat,r_3324_ENZ_YKR089C,0.0,0.0001632442379979
dlkcat,r_3325_ENZ_YKR089C,0.0,0.0001632534736213
dlkcat,r_3326_ENZ_YKR089C,0.0,0.0001644162315628
dlkcat,r_3327_ENZ_YKR089C,0.0,0.000163239464642
dlkcat,r_3328_ENZ_YKR089C,0.0,0.0003908428340825
dlkcat,r_3329_ENZ_YKR089C,0.0,0.0003896641248411
dlkcat,r_3330_ENZ_YKR089C,0.0,0.0003259077461583
dlkcat,r_3331_ENZ_YKR089C,0.0,0.0003243626787906
dlkcat,r_3332_FWD,0.0,0.0005959442223364
dlkcat,r_3332_REV,0.0,0.0
dlkcat,r_3333_FWD,0.0,0.0007239975096453
dlkcat,r_3333_REV,0.0,0.0
dlkcat,r_3334_FWD,0.0,0.0007239975091652
dlkcat,r_3334_REV,0.0,0.0
dlkcat,r_3335_FWD,0.0,0.0007239975091652
dlkcat,r_3335_REV,0.0,0.0
dlkcat,r_3336_FWD,0.0,0.000519533210074
dlkcat,r_3336_REV,0.0,0.0
dlkcat,r_3337_FWD,0.0,0.0005937486048248
dlkcat,r_3337_REV,0.0,0.0
dlkcat,r_3338_FWD,0.0,0.0007236530939067
dlkcat,r_3338_REV,0.0,0.0
dlkcat,r_3339_FWD,0.0,0.0007236530934303
dlkcat,r_3339_REV,0.0,0.0
dlkcat,r_3340_FWD,0.0,2.3707970278508128e-05
dlkcat,r_3340_REV,0.0,0.0
dlkcat,r_3341_FWD,0.0,2.931739072664641e-05
dlkcat,r_3341_REV,0.0,0.0
dlkcat,r_3342_FWD,0.0,2.931678466553181e-05
dlkcat,r_3342_REV,0.0,0.0
dlkcat,r_3343_FWD,0.0,2.3707970278508128e-05
dlkcat,r_3343_REV,0.0,0.0
dlkcat,r_3344_FWD,0.0,2.116012899666675e-05
dlkcat,r_3344_REV,0.0,0.0
dlkcat,r_3345_FWD,0.0,2.116012899224516e-05
dlkcat,r_3345_REV,0.0,0.0
dlkcat,r_3346_FWD,0.0,2.116012899224516e-05
dlkcat,r_3346_REV,0.0,0.0
dlkcat,r_3347_FWD,0.0,2.116012899224516e-05
dlkcat,r_3347_REV,0.0,0.0
dlkcat,r_3348_ENZ_YDR072C,0.0,0.0
dlkcat,r_3349_ENZ_YDR072C,0.0,0.0
dlkcat,r_3350_ENZ_YDR072C,0.0,0.0
dlkcat,r_3351_ENZ_YDR072C,0.0,0.0
dlkcat,r_3352_ENZ_YDR072C,0.0,0.0
dlkcat,r_3353_ENZ_YDR072C,0.0,0.0
dlkcat,r_3354_ENZ_YDR072C,0.0,0.0
dlkcat,r_3355_ENZ_YDR072C,0.0,0.0
dlkcat,r_3356_ENZ_YDR072C,0.0,0.0
dlkcat,r_3357_ENZ_YDR072C,0.0,0.0
dlkcat,r_3358_ENZ_YDR072C,0.0,0.0
dlkcat,r_3359_ENZ_YDR072C,0.0,0.0
dlkcat,r_3360_ENZ_YDR072C,0.0,0.0
dlkcat,r_3361_ENZ_YDR072C,0.0,0.0
dlkcat,r_3362_ENZ_YDR072C,0.0,0.0
dlkcat,r_3363_ENZ_YDR072C,0.0,0.0
dlkcat,r_3364_ENZ_YDR072C,0.0,0.0
dlkcat,r_3365_ENZ_YDR072C,0.0,0.0
dlkcat,r_3366_ENZ_YDR072C,0.0,0.0
dlkcat,r_3367_ENZ_YDR072C,0.0,0.0
dlkcat,r_3368_ENZ_YDR072C,0.0,0.0
dlkcat,r_3369_ENZ_YDR072C,0.0,0.0
dlkcat,r_3370_ENZ_YDR072C,0.0,0.0
dlkcat,r_3371_ENZ_YDR072C,0.0,0.0
dlkcat,r_3372_ENZ_YDR072C,0.0,0.0
dlkcat,r_3373_ENZ_YDR072C,0.0,0.0
dlkcat,r_3374_ENZ_YDR072C,0.0,0.0
dlkcat,r_3375_ENZ_YDR072C,0.0,0.0
dlkcat,r_3376_ENZ_YDR072C,0.0,0.0
dlkcat,r_3377_ENZ_YDR072C,0.0,0.0
dlkcat,r_3378_ENZ_YDR072C,0.0,0.0
dlkcat,r_3379_ENZ_YDR072C,0.0,0.0
dlkcat,r_3380_ENZ_YDR072C,0.0,0.0
dlkcat,r_3381_ENZ_YDR072C,0.0,0.0
dlkcat,r_3382_ENZ_YDR072C,0.0,0.0
dlkcat,r_3383_ENZ_YDR072C,0.0,0.0
dlkcat,r_3384_ENZ_YDR072C,0.0,0.0
dlkcat,r_3385_ENZ_YDR072C,0.0,0.0
dlkcat,r_3386_ENZ_YDR072C,0.0,0.0
dlkcat,r_3387_ENZ_YDR072C,0.0,0.0
dlkcat,r_3388_ENZ_YDR072C,0.0,0.0
dlkcat,r_3389_ENZ_YDR072C,0.0,0.0
dlkcat,r_3390_ENZ_YDR072C,0.0,0.0
dlkcat,r_3391_ENZ_YDR072C,0.0,0.0
dlkcat,r_3392_ENZ_YDR072C,0.0,0.0
dlkcat,r_3393_ENZ_YDR072C,0.0,0.0
dlkcat,r_3394_ENZ_YDR072C,0.0,0.0
dlkcat,r_3395_ENZ_YDR072C,0.0,0.0
dlkcat,r_3396_ENZ_YDR072C,0.0,0.0
dlkcat,r_3397_ENZ_YDR072C,0.0,0.0
dlkcat,r_3398_ENZ_YDR072C,0.0,0.0
dlkcat,r_3399_ENZ_YDR072C,0.0,0.0
dlkcat,r_3400_ENZ_YDR072C,0.0,0.0
dlkcat,r_3401_ENZ_YDR072C,0.0,0.0
dlkcat,r_3402_ENZ_YDR072C,0.0,0.0
dlkcat,r_3403_ENZ_YDR072C,0.0,0.0
dlkcat,r_3404_ENZ_YDR072C,0.0,0.0
dlkcat,r_3405_ENZ_YDR072C,0.0,0.0
dlkcat,r_3406_ENZ_YDR072C,0.0,0.0
dlkcat,r_3407_ENZ_YDR072C,0.0,0.0
dlkcat,r_3408_ENZ_YDR072C,0.0,0.0
dlkcat,r_3409_ENZ_YDR072C,0.0,0.0
dlkcat,r_3410_ENZ_YDR072C,0.0,0.0
dlkcat,r_3411_ENZ_YDR072C,0.0,0.0
dlkcat,r_3412_ENZ_YDR072C,0.0,0.0
dlkcat,r_3413_ENZ_YDR072C,0.0,0.0
dlkcat,r_3414_ENZ_YDR072C,0.0,0.0
dlkcat,r_3415_ENZ_YDR072C,0.0,0.0
dlkcat,r_3416_ENZ_YDR072C,0.0,0.0
dlkcat,r_3417_ENZ_YDR072C,0.0,0.0
dlkcat,r_3418_ENZ_YDR072C,0.0,0.0
dlkcat,r_3419_ENZ_YDR072C,0.0,0.0
dlkcat,r_3420_ENZ_YDR072C,0.0,0.0
dlkcat,r_3421_ENZ_YDR072C,0.0,0.0
dlkcat,r_3422_ENZ_YDR072C,0.0,0.0
dlkcat,r_3423_ENZ_YDR072C,0.0,0.0
dlkcat,r_3424_ENZ_YDR072C,0.0,0.0
dlkcat,r_3425_ENZ_YDR072C,0.0,0.0
dlkcat,r_3426_ENZ_YDR072C,0.0,0.0
dlkcat,r_3427_ENZ_YDR072C,0.0,0.0
dlkcat,r_3428_ENZ_YDR367W_and_YKL004W,0.0,7.755906679091872e-05
dlkcat,r_3429_ENZ_YDR367W_and_YKL004W,0.0,0.000115187423345
dlkcat,r_3430_ENZ_YDR367W_and_YKL004W,0.0,9.530903572316086e-05
dlkcat,r_3431_ENZ_YDR367W_and_YKL004W,0.0,7.722862698553712e-05
dlkcat,r_3432_ENZ_YDR367W_and_YKL004W,0.0,7.439155215713811e-05
dlkcat,r_3433_ENZ_YDR367W_and_YKL004W,0.0,7.981217518606993e-05
dlkcat,r_3434_ENZ_YDR367W_and_YKL004W,0.0,7.722687772222514e-05
dlkcat,r_3435_ENZ_YDR367W_and_YKL004W,0.0,7.577927395239215e-05
dlkcat,r_3436_ENZ_YDR367W_and_YKL004W,0.0,9.804829589206396e-05
dlkcat,r_3437_ENZ_YDR367W_and_YKL004W,0.0,0.0001025319629615
dlkcat,r_3438_ENZ_YDR367W_and_YKL004W,0.0,0.0005643595232342
dlkcat,r_3439_ENZ_YDR367W_and_YKL004W,0.0,6.165696733530495e-05
dlkcat,r_3440_ENZ_YDR367W_and_YKL004W,0.0,5.9448376094550784e-05
dlkcat,r_3441_ENZ_YDR367W_and_YKL004W,0.0,8.508038805849229e-05
dlkcat,r_3442_ENZ_YDR367W_and_YKL004W,0.0,7.725113425950069e-05
dlkcat,r_3443_ENZ_YDR367W_and_YKL004W,0.0,7.580262988394119e-05
dlkcat,r_3444_ENZ_YDR367W_and_YKL004W,0.0,9.840640443638397e-05
dlkcat,r_3445_ENZ_YDR367W_and_YKL004W,0.0,0.0001030545345718
dlkcat,r_3446_ENZ_YDR367W_and_YKL004W,0.0,7.57132463595929e-05
dlkcat,r_3447_ENZ_YDR367W_and_YKL004W,0.0,6.222148854604371e-05
dlkcat,r_3448_ENZ_YDR367W_and_YKL004W,0.0,5.961548915110539e-05
dlkcat,r_3449_ENZ_YDR367W_and_YKL004W,0.0,8.534990263353839e-05
dlkcat,r_3450_ENZ_YDR367W_and_YKL004W,0.0,7.747326684739986e-05
dlkcat,r_3451_ENZ_YDR367W_and_YKL004W,0.0,7.60164968497179e-05
dlkcat,r_3452_ENZ_YDR367W_and_YKL004W,0.0,9.843011808800544e-05
dlkcat,r_3453_ENZ_YDR367W_and_YKL004W,0.0,0.0001269551047204
dlkcat,r_3454_ENZ_YDR367W_and_YKL004W,0.0,9.43483120820817e-05
dlkcat,r_3455_ENZ_YDR367W_and_YKL004W,0.0,7.860947144671116e-05
dlkcat,r_3456_ENZ_YDR367W_and_YKL004W,0.0,7.534399927493496e-05
dlkcat,r_3457_ENZ_YDR367W_and_YKL004W,0.0,8.010943826726738e-05
dlkcat,r_3458_ENZ_YDR367W_and_YKL004W,0.0,7.271502150878462e-05
dlkcat,r_3459_ENZ_YDR367W_and_YKL004W,0.0,7.603064578347585e-05
dlkcat,r_3460_ENZ_YDR367W_and_YKL004W,0.0,9.765481023856244e-05
dlkcat,r_3461_ENZ_YDR367W_and_YKL004W,0.0,0.0001358611128876
dlkcat,r_3462_ENZ_YDR367W_and_YKL004W,0.0,9.36255584842721e-05
dlkcat,r_3463_ENZ_YDR367W_and_YKL004W,0.0,7.811418486127763e-05
dlkcat,r_3464_ENZ_YDR367W_and_YKL004W,0.0,7.488888768563129e-05
dlkcat,r_3465_ENZ_YDR367W_and_YKL004W,0.0,8.478394769229431e-05
dlkcat,r_3466_ENZ_YDR367W_and_YKL004W,0.0,7.628313547858312e-05
dlkcat,r_3467_ENZ_YDR367W_and_YKL004W,0.0,7.55672272131136e-05
dlkcat,r_3468_ENZ_YDR367W_and_YKL004W,0.0,9.770802310547488e-05
dlkcat,r_3469_ENZ_YDR367W_and_YKL004W,0.0,0.0001031435139135
dlkcat,r_3470_ENZ_YDR367W_and_YKL004W,0.0,9.367517400746476e-05
dlkcat,r_3471_ENZ_YDR367W_and_YKL004W,0.0,7.814822815674916e-05
dlkcat,r_3472_ENZ_YDR367W_and_YKL004W,0.0,7.959201312885966e-05
dlkcat,r_3473_ENZ_YDR367W_and_YKL004W,0.0,8.482405459962047e-05
dlkcat,r_3474_ENZ_YDR367W_and_YKL004W,0.0,7.594605727305748e-05
dlkcat,r_3475_ENZ_YDR367W_and_YKL004W,0.0,7.559908652021718e-05
dlkcat,r_3476_ENZ_YDR367W_and_YKL004W,0.0,9.202590534838583e-05
dlkcat,r_3477_ENZ_YDR367W_and_YKL004W,0.0,0.0001366590581387
dlkcat,r_3478_ENZ_YDR367W_and_YKL004W,0.0,7.507216078458985e-05
dlkcat,r_3479_ENZ_YDR367W_and_YKL004W,0.0,6.653733116596464e-05
dlkcat,r_3480_ENZ_YDR367W_and_YKL004W,0.0,5.945396068391794e-05
dlkcat,r_3481_ENZ_YDR367W_and_YKL004W,0.0,7.985257179567643e-05
dlkcat,r_3482_ENZ_YDR367W_and_YKL004W,0.0,7.726236829377341e-05
dlkcat,r_3483_ENZ_YDR367W_and_YKL004W,0.0,7.473716459784895e-05
dlkcat,r_3484_ENZ_YDR367W_and_YKL004W,0.0,9.810304052079304e-05
dlkcat,r_3485_ENZ_YDR367W_and_YKL004W,0.0,0.0001367302375605
dlkcat,r_3486_ENZ_YDR367W_and_YKL004W,0.0,9.539775289454664e-05
dlkcat,r_3487_ENZ_YDR367W_and_YKL004W,0.0,7.728770563559806e-05
dlkcat,r_3488_ENZ_YDR367W_and_YKL004W,0.0,7.515220689477799e-05
dlkcat,r_3489_ENZ_YDR367W_and_YKL004W,0.0,8.391318146302242e-05
dlkcat,r_3490_ENZ_YDR367W_and_YKL004W,0.0,7.546179562289979e-05
dlkcat,r_3491_ENZ_YDR367W_and_YKL004W,0.0,7.475875423921253e-05
dlkcat,r_3492_ENZ_YDR367W_and_YKL004W,0.0,9.785406608472193e-05
dlkcat,r_3493_ENZ_YDR367W_and_YKL004W,0.0,0.0001278548225165
dlkcat,r_3494_ENZ_YDR367W_and_YKL004W,0.0,9.516230381638438e-05
dlkcat,r_3495_ENZ_YDR367W_and_YKL004W,0.0,7.82416243154671e-05
dlkcat,r_3496_ENZ_YDR367W_and_YKL004W,0.0,7.500601278884745e-05
dlkcat,r_3497_ENZ_YDR367W_and_YKL004W,0.0,8.493409915096818e-05
dlkcat,r_3498_ENZ_YDR367W_and_YKL004W,0.0,5.788402921726999e-05
dlkcat,r_3499_ENZ_YDR367W_and_YKL004W,0.0,5.958291518968345e-05
dlkcat,r_3500_ENZ_YDR367W_and_YKL004W,0.0,7.706935727306144e-05
dlkcat,r_3501_ENZ_YDR367W_and_YKL004W,0.0,0.0001076880056146
dlkcat,r_3502_ENZ_YDR367W_and_YKL004W,0.0,9.52044868936531e-05
dlkcat,r_3503_ENZ_YDR367W_and_YKL004W,0.0,7.827013780453994e-05
dlkcat,r_3504_ENZ_YDR367W_and_YKL004W,0.0,7.041054131313728e-05
dlkcat,r_3505_ENZ_YDR367W_and_YKL004W,0.0,8.496770006419935e-05
dlkcat,r_3506_ENZ_YDR367W_and_YKL004W,0.0,7.24055915092947e-05
dlkcat,r_3507_ENZ_YDR367W_and_YKL004W,0.0,7.46383080795325e-05
dlkcat,r_3508_FWD,0.0,0.0001725172792326
dlkcat,r_3508_REV,0.0,0.0
dlkcat,r_3509_FWD,0.0,0.0001906060743566
dlkcat,r_3509_REV,0.0,0.0001900231455526
dlkcat,r_3510_FWD,0.0,0.0051491334647309
dlkcat,r_3510_REV,0.0,0.0095496198731333
dlkcat,r_3511_FWD,0.0,0.0053342381525227
dlkcat,r_3511_REV,0.0,0.0046753013425611
dlkcat,r_3512_FWD,0.0,0.0056908461001218
dlkcat,r_3512_REV,0.0,0.0056789977497641
dlkcat,r_3513_FWD,0.0,0.0051660323366861
dlkcat,r_3513_REV,0.0,0.0047682268416139
dlkcat,r_3514_FWD,0.0,5.291239027040151e-05
dlkcat,r_3514_REV,0.0,0.0
dlkcat,r_3515_FWD,0.0,0.0008765412302592
dlkcat,r_3515_REV,0.0,0.0009519509519084
dlkcat,r_3516_FWD,0.0,0.0051492204531155
dlkcat,r_3516_REV,0.0,0.0062503819263699
dlkcat,r_3517_FWD,0.0385897368614892,0.0557253534418732
dlkcat,r_3517_REV,0.0,0.0
dlkcat,r_3518_FWD,0.0,0.0064793927317276
dlkcat,r_3518_REV,0.0032146496691788,0.0157597747007318
dlkcat,r_3519_FWD,0.0066263511369941,0.021446511073082
dlkcat,r_3519_REV,0.0,0.0
dlkcat,r_3520_FWD,0.0,0.0
dlkcat,r_3520_REV,0.0015493439837624,0.0186879613007326
dlkcat,r_3521_FWD,0.0,0.0
dlkcat,r_3521_REV,0.0,2.2745399750177093e-05
dlkcat,r_3522_FWD,0.0,0.0
dlkcat,r_3522_REV,0.0,1.553730229603762e-05
dlkcat,r_3523_FWD,0.0,0.0002528470028159
dlkcat,r_3523_REV,0.0,0.0002324211393199
dlkcat,r_3524_FWD,0.0,0.0002528786406058
dlkcat,r_3524_REV,0.0,0.0002680723082437
dlkcat,r_3525_FWD,0.0,0.0
dlkcat,r_3525_REV,0.0108636817579974,0.0215966602605426
dlkcat,r_3526_ENZ_YLL052C_FWD,0.0,0.0
dlkcat,r_3526_ENZ_YLL052C_REV,0.0924104341709807,0.0958831292969479
dlkcat,r_3526_ENZ_YPR192W_FWD,0.0,0.0
dlkcat,r_3526_ENZ_YPR192W_REV,0.0,0.0
dlkcat,r_3527_FWD,0.0,0.0
dlkcat,r_3527_REV,0.0,5.291326900470321e-05
dlkcat,r_3528_FWD,0.0,0.0
dlkcat,r_3528_REV,0.0374959419585505,0.0534329489669018
dlkcat,r_3529_FWD,0.0084795180909355,0.0117549800239604
dlkcat,r_3529_REV,0.0,0.0
dlkcat,r_3530_FWD,0.0,0.0
dlkcat,r_3530_REV,0.008479518068134,0.0117549800239604
dlkcat,r_3531_FWD,0.0489051380054072,0.0489125371029941
dlkcat,r_3531_REV,0.0,0.0
dlkcat,r_3532_FWD,0.0925110658242562,0.0925166364915299
dlkcat,r_3532_REV,0.0,0.0
dlkcat,r_3533_FWD,0.0,0.0
dlkcat,r_3533_REV,0.0925036667266692,0.0925285275071615
dlkcat,r_3534_FWD,0.0078177960944622,0.0108151130179145
dlkcat,r_3534_REV,0.0,0.0
dlkcat,r_3535_FWD,0.008479518069319,0.0117549800246239
dlkcat,r_3535_REV,0.0,0.0
dlkcat,r_3536_FWD,0.0,0.0
dlkcat,r_3536_REV,0.015277588105976,0.0306429080493909
dlkcat,r_3537_FWD,0.0,0.0
dlkcat,r_3537_REV,0.002150368291374,0.0048540033220944
dlkcat,r_3538_FWD,0.0240188002776327,0.0243174782439122
dlkcat,r_3538_REV,0.0,0.0
dlkcat,r_3539_FWD,0.0,0.0
dlkcat,r_3539_REV,0.0,0.0002626030929694
dlkcat,r_3540_FWD,0.0,0.0
dlkcat,r_3540_REV,0.0240186242004709,0.0242373019243698
dlkcat,r_3541_FWD,0.0,0.0
dlkcat,r_3541_REV,0.0,0.0
dlkcat,r_3542_FWD,0.0,5.695980507542941e-05
dlkcat,r_3542_REV,0.0,0.0
dlkcat,r_3543_FWD,0.0,0.0051939703131265
dlkcat,r_3543_REV,0.0,0.0074621512192454
dlkcat,r_3544_FWD,0.0,0.0069696237900683
dlkcat,r_3544_REV,0.0,0.0064455741530563
dlkcat,r_3545_ENZ_YKR039W_FWD,0.0206568212139448,0.0207433784613357
dlkcat,r_3545_ENZ_YKR039W_REV,0.0,0.0
dlkcat,r_3546_FWD,0.0033084446629663,0.0035020922651902
dlkcat,r_3546_REV,0.0,0.0
dlkcat,r_3547_FWD,0.0406340448770795,0.0407587334283496
dlkcat,r_3547_REV,0.0,0.0
dlkcat,r_3548_FWD,0.0,0.0
dlkcat,r_3548_REV,0.0406340448770795,0.0407587334288981
dlkcat,r_3549_FWD,0.0,0.0
dlkcat,r_3549_REV,0.0,0.0
dlkcat,r_3550_FWD,0.0,0.0
dlkcat,r_3550_REV,0.0,0.0
dlkcat,r_3551_FWD,0.0,0.0
dlkcat,r_3551_REV,0.0,0.0
dlkcat,r_3552_FWD,0.0,999.9948037531038
dlkcat,r_3552_REV,0.0,999.9979715396472
dlkcat,r_3553_FWD,0.0,4.001424208196543e-05
dlkcat,r_3553_REV,0.0,0.0
dlkcat,r_3554_FWD,0.0,0.0004585887811008
dlkcat,r_3554_REV,0.0,0.0009851489645904
dlkcat,r_3555_FWD,0.0,0.0004007749052435
dlkcat,r_3555_REV,0.0,0.0039246000574977
dlkcat,r_3556_FWD,0.0,0.000426032851382
dlkcat,r_3556_REV,0.0,0.0007680686448616
dlkcat,r_3557_FWD,0.0,0.0003999085810679
dlkcat,r_3557_REV,0.0,0.0008916419998933
dlkcat,r_3558_FWD,0.0,0.0004585887841642
dlkcat,r_3558_REV,0.0,0.0008916420080061
dlkcat,r_3559_FWD,0.0,0.0003999085735992
dlkcat,r_3559_REV,0.0,0.0009501684903013
dlkcat,r_3560_FWD,0.0,0.000327773150683
dlkcat,r_3560_REV,0.0,0.000992449749371
dlkcat,r_3561_FWD,0.0,0.0002854901734008
dlkcat,r_3561_REV,0.0,0.0007750843257908
dlkcat,r_3562_FWD,0.0,0.0007067125176227
dlkcat,r_3562_REV,0.0,0.0015462781829037
dlkcat,r_3563_FWD,0.0,0.0007530999092568
dlkcat,r_3563_REV,0.002048069298313,0.0033745147439555
dlkcat,r_3564_FWD,0.0,0.0007424090558849
dlkcat,r_3564_REV,0.0,0.0017722021534255
dlkcat,r_3565_FWD,0.0,0.0007531004164116
dlkcat,r_3565_REV,0.0,0.0001561374105169
dlkcat,r_3566_FWD,0.0,0.0007067125135489
dlkcat,r_3566_REV,0.0,0.0002791565827559
dlkcat,r_3567_FWD,0.0,0.0007067125363597
dlkcat,r_3567_REV,0.0,0.0005730426662466
dlkcat,r_3568_FWD,0.0,0.0001760090536713
dlkcat,r_3568_REV,0.0,0.0003555159982497
dlkcat,r_3569_FWD,0.0,0.0007067125169788
dlkcat,r_3569_REV,0.0,0.0001104254668054
dlkcat,r_3570_FWD,0.0,2.5949884133597e-05
dlkcat,r_3570_REV,0.0,0.0
dlkcat,r_3571_FWD,0.0,0.005155270124421
dlkcat,r_3571_REV,0.0,0.0070624806041495
dlkcat,r_3572_FWD,0.0,0.0052983862420737
dlkcat,r_3572_REV,0.0,0.0051247518021985
dlkcat,r_3573_FWD,0.0,0.0054098813417671
dlkcat,r_3573_REV,0.0,0.0051762747871051
dlkcat,r_3574_FWD,0.0,0.0055443822890262
dlkcat,r_3574_REV,0.0,0.0055695295698106
dlkcat,r_3575_FWD,0.0,0.0008643875331762
dlkcat,r_3575_REV,0.0,0.0008647353658114
dlkcat,r_3576_FWD,0.0,0.0051491912256008
dlkcat,r_3576_REV,0.0,0.0051762502190288
dlkcat,r_3577_FWD,0.0,0.0105947681607281
dlkcat,r_3577_REV,0.0,0.0051826133212492
dlkcat,r_3578_FWD,0.0023767493895667,0.0130029576029938
dlkcat,r_3578_REV,0.0,0.0
dlkcat,r_3579_FWD,0.0,0.0073054750049965
dlkcat,r_3579_REV,0.0,0.004799421568698
dlkcat,r_3580_FWD,0.0029410588883664,0.0127275847746
dlkcat,r_3580_REV,0.0,0.0
dlkcat,r_3581_FWD,0.0,0.0020760667674893
dlkcat,r_3581_REV,0.0,0.0
dlkcat,r_3582_FWD,0.0056823735111979,0.0087529703725505
dlkcat,r_3582_REV,0.0,0.0
dlkcat,r_3583_FWD,0.0056823735111979,0.0087529703779919
dlkcat,r_3583_REV,0.0,0.0
dlkcat,r_3584_FWD,0.0,0.0
dlkcat,r_3584_REV,0.0056823735111979,0.0087529703725298
dlkcat,r_3585_FWD,0.0,0.0051762502541971
dlkcat,r_3585_REV,0.0,0.007453634058152
dlkcat,r_3586_FWD,0.0,0.0074542662658639
dlkcat,r_3586_REV,0.0,0.0063843515428261
dlkcat,r_3587_FWD,0.0,0.007470429563579
dlkcat,r_3587_REV,0.0,0.0052213788509157
dlkcat,r_3588_FWD,0.0,0.000779499854283
dlkcat,r_3588_REV,0.0,0.0003295266770822
dlkcat,r_3589_FWD,0.0,0.0038436112253227
dlkcat,r_3589_REV,0.0,0.0002848160387519
dlkcat,r_3590_FWD,0.0,0.0006443436425113
dlkcat,r_3590_REV,0.0,0.0003804122128637
dlkcat,r_3591_FWD,0.0,0.0007527650991383
dlkcat,r_3591_REV,0.0,0.0002858675509278
dlkcat,r_3592_FWD,0.0,0.0007669224265032
dlkcat,r_3592_REV,0.0,0.0003259115657203
dlkcat,r_3593_FWD,0.0,0.0007482808343434
dlkcat,r_3593_REV,0.0,0.0002711804727825
dlkcat,r_3594_FWD,0.0,0.0009914939618774
dlkcat,r_3594_REV,0.0,0.0003996020666212
dlkcat,r_3595_FWD,0.0,0.0007480046951769
dlkcat,r_3595_REV,0.0,0.000283834438613
dlkcat,r_3596_FWD,0.0,0.0003257082383857
dlkcat,r_3596_REV,0.0,0.0
dlkcat,r_3597_FWD,0.0,5.5904980049648056e-05
dlkcat,r_3597_REV,0.0,0.0
dlkcat,r_3598_FWD,0.0,0.0
dlkcat,r_3598_REV,0.0,0.0
dlkcat,r_3599_FWD,0.0,0.0002283734709356
dlkcat,r_3599_REV,0.0,0.0002523570449053
dlkcat,r_3600_FWD,0.0,0.0002515194691677
dlkcat,r_3600_REV,0.0,0.0002528389083691
dlkcat,r_3601_FWD,0.0,0.0015535728285156
dlkcat,r_3601_REV,0.0,0.0
dlkcat,r_3602_FWD,0.0,0.0
dlkcat,r_3602_REV,0.0,0.0018920425946351
dlkcat,r_3603_FWD,0.0,0.0015576461967086
dlkcat,r_3603_REV,0.0,0.000423594473041
dlkcat,r_3604_ENZ_YLL052C_FWD,0.0,0.0002106867498987
dlkcat,r_3604_ENZ_YLL052C_REV,0.0,0.0
dlkcat,r_3604_ENZ_YLL053C_FWD,0.0,0.0001413500319777
dlkcat,r_3604_ENZ_YLL053C_REV,0.0,0.0
dlkcat,r_3604_ENZ_YPR192W_FWD,0.0,0.0002004927359902
dlkcat,r_3604_ENZ_YPR192W_REV,0.0,0.0
dlkcat,r_3605_ENZ_YCR037C_FWD,0.0,0.0
dlkcat,r_3605_ENZ_YCR037C_REV,0.0,0.0001876199582103
dlkcat,r_3605_ENZ_YJL198W_FWD,0.0,0.0
dlkcat,r_3605_ENZ_YJL198W_REV,0.0,4.99975816182772e-06
dlkcat,r_3605_ENZ_YML123C_FWD,0.0,0.0
dlkcat,r_3605_ENZ_YML123C_REV,0.0,0.0002117972364496
dlkcat,r_3606_ENZ_YCR098C_FWD,0.0,2.427732971634838e-05
dlkcat,r_3606_ENZ_YCR098C_REV,0.0,0.0
dlkcat,r_3607_ENZ_YCR098C_FWD,0.0,2.634487907791083e-05
dlkcat,r_3607_ENZ_YCR098C_REV,0.0,0.0
dlkcat,r_3608_FWD,0.0,2.4487842921356837e-05
dlkcat,r_3608_REV,0.0,0.0
dlkcat,r_3609_FWD,0.0,5.2057874724635925e-05
dlkcat,r_3609_REV,0.0,0.0
dlkcat,r_3610_FWD,0.0,2.555619269111272e-05
dlkcat,r_3610_REV,0.0,0.0
dlkcat,r_3611_FWD,0.0,4.950018311731622e-05
dlkcat,r_3611_REV,0.0,0.0
dlkcat,r_3612_FWD,0.0,0.0
dlkcat,r_3612_REV,0.0,0.0
dlkcat,r_3613_FWD,0.0,0.0
dlkcat,r_3613_REV,0.0,0.0
dlkcat,r_3614_FWD,0.0,0.0020964165076975
dlkcat,r_3614_REV,0.0,0.0001899642295032
dlkcat,r_3615_FWD,0.0,0.0001758957523863
dlkcat,r_3615_REV,0.0,0.0001898498769988
dlkcat,r_3616_FWD,0.0,0.0005948406259932
dlkcat,r_3616_REV,0.0,0.0007654667679499
dlkcat,r_3617_FWD,0.0,0.0006431930667467
dlkcat,r_3617_REV,0.0,0.0007788060846403
dlkcat,r_3618_FWD,0.0,0.0005928584346115
dlkcat,r_3618_REV,0.0,0.0007843519632024
dlkcat,r_3619_FWD,0.0,0.0005458732103393
dlkcat,r_3619_REV,0.0,0.0007883625742546
dlkcat,r_3620_FWD,0.0,0.0005928591007107
dlkcat,r_3620_REV,0.0,0.000778829446566
dlkcat,r_3621_FWD,0.0,0.0005958779267309
dlkcat,r_3621_REV,0.0,0.000778759657674
dlkcat,r_3622_FWD,0.0,0.0001523583809408
dlkcat,r_3622_REV,0.0,0.0001063234338572
dlkcat,r_3623_FWD,0.0,0.0005877557433322
dlkcat,r_3623_REV,0.0,0.0007787326507724
dlkcat,r_3624_FWD,0.0,0.0005928816423903
dlkcat,r_3624_REV,0.0,0.0005928611066288
dlkcat,r_3625_FWD,0.0,0.0005961077926297
dlkcat,r_3625_REV,0.0,0.0005960066282906
dlkcat,r_3626_FWD,0.0,0.0005948244478117
dlkcat,r_3626_REV,0.0,0.0006185705380801
dlkcat,r_3627_FWD,0.0,0.0005928779071506
dlkcat,r_3627_REV,0.0,0.0005976888138548
dlkcat,r_3628_FWD,0.0,0.0005961076768858
dlkcat,r_3628_REV,0.0,0.0005961418976676
dlkcat,r_3629_FWD,0.0,0.000592867746409
dlkcat,r_3629_REV,0.0,0.0006418734928166
dlkcat,r_3630_FWD,0.0,0.000148434068488
dlkcat,r_3630_REV,0.0,0.0001523455745173
dlkcat,r_3631_FWD,0.0,0.0006386906400583
dlkcat,r_3631_REV,0.0,0.0005928574273621
dlkcat,r_3632_FWD,0.0,0.0007750305731559
dlkcat,r_3632_REV,0.0,0.0
dlkcat,r_3633_FWD,0.0,0.0007747543898446
dlkcat,r_3633_REV,0.0,0.0
dlkcat,r_3634_FWD,0.0,0.000778792385014
dlkcat,r_3634_REV,0.0,0.0
dlkcat,r_3635_FWD,0.0,0.000778664959661
dlkcat,r_3635_REV,0.0,0.0
dlkcat,r_3636_FWD,0.0,0.0007785136616274
dlkcat,r_3636_REV,0.0,0.0
dlkcat,r_3637_FWD,0.0,0.0007750280043659
dlkcat,r_3637_REV,0.0,0.0
dlkcat,r_3638_FWD,0.0,0.0001117774056886
dlkcat,r_3638_REV,0.0,0.0
dlkcat,r_3639_FWD,0.0,0.0007788014037872
dlkcat,r_3639_REV,0.0,0.0
dlkcat,r_3640_FWD,0.0,0.0
dlkcat,r_3640_REV,0.0,0.0
dlkcat,r_3641_FWD,0.0,0.0
dlkcat,r_3641_REV,0.0,0.0
dlkcat,r_3642_FWD,0.0,0.0
dlkcat,r_3642_REV,0.0,0.0
dlkcat,r_3643_FWD,0.0,0.0
dlkcat,r_3643_REV,0.0,0.0
dlkcat,r_3644_FWD,0.0,0.0
dlkcat,r_3644_REV,0.0,0.0
dlkcat,r_3645_FWD,0.0,0.0
dlkcat,r_3645_REV,0.0,0.0
dlkcat,r_3646_FWD,0.0,0.0
dlkcat,r_3646_REV,0.0,0.0
dlkcat,r_3647_FWD,0.0,0.0
dlkcat,r_3647_REV,0.0,0.0
dlkcat,r_3648_FWD,0.0,2.3583885338851477e-05
dlkcat,r_3648_REV,0.0,0.0
dlkcat,r_3649_ENZ_YNR013C_FWD,0.0,0.0
dlkcat,r_3649_ENZ_YNR013C_REV,0.0,2.932162687496742e-05
dlkcat,r_3650_FWD,0.0,0.0015309418801479
dlkcat,r_3650_REV,0.0,2.932162687496742e-05
dlkcat,r_3651_FWD,0.0,0.0019080086896883
dlkcat,r_3651_REV,0.0,0.0
dlkcat,r_3652_FWD,0.0,0.0
dlkcat,r_3652_REV,0.0,0.0019080086896883
dlkcat,r_3653_FWD,0.0,0.0
dlkcat,r_3653_REV,0.0,0.0172307194415701
dlkcat,r_3654_FWD,0.0,0.0002980936779968
dlkcat,r_3654_REV,0.0,0.0
dlkcat,r_3655_FWD,0.0,0.0002666128970794
dlkcat,r_3655_REV,0.0,0.0
dlkcat,r_3656_FWD,0.0,0.000297925644709
dlkcat,r_3656_REV,0.0,0.0
dlkcat,r_3657_FWD,0.0,0.0002702091030542
dlkcat,r_3657_REV,0.0,0.0
dlkcat,r_3658_FWD,0.0,0.0002989409962611
dlkcat,r_3658_REV,0.0,0.0
dlkcat,r_3659_FWD,0.0,0.0002989347234433
dlkcat,r_3659_REV,0.0,0.0
dlkcat,r_3660_FWD,0.0,0.0001107558301692
dlkcat,r_3660_REV,0.0,0.0
dlkcat,r_3661_FWD,0.0,0.0001108415543117
dlkcat,r_3661_REV,0.0,0.0
dlkcat,r_3662_FWD,0.0,0.0011591188873579
dlkcat,r_3662_REV,0.0,0.0
dlkcat,r_3663_FWD,0.0,0.0
dlkcat,r_3663_REV,0.0,0.0014151649199272
dlkcat,r_3664_FWD,0.0,0.0
dlkcat,r_3664_REV,0.0,0.0028303298398544
dlkcat,r_3665_FWD,0.0,0.0
dlkcat,r_3665_REV,0.0,0.0005818628205644
dlkcat,r_3666_FWD,0.0,0.0007531004166789
dlkcat,r_3666_REV,0.0,0.0
dlkcat,r_3667_FWD,0.0,0.0
dlkcat,r_3667_REV,0.0,0.0007531004155731
dlkcat,r_3668_FWD,0.0,0.0002281040026143
dlkcat,r_3668_REV,0.0,0.0
dlkcat,r_3669_FWD,0.0,0.0
dlkcat,r_3669_REV,0.0,0.0175465755699339
dlkcat,r_3670_FWD,0.0,0.0
dlkcat,r_3670_REV,0.0,0.0
dlkcat,r_3671_FWD,0.0,0.0
dlkcat,r_3671_REV,0.0,0.0
dlkcat,r_3672_FWD,0.0,0.0001063275472974
dlkcat,r_3672_REV,0.0,0.0
dlkcat,r_3673_FWD,0.0,0.0001215382595087
dlkcat,r_3673_REV,0.0,0.0
dlkcat,r_3674_FWD,0.0,9.405698105881763e-05
dlkcat,r_3674_REV,0.0,0.0
dlkcat,r_3675_FWD,0.0,7.573048278781059e-05
dlkcat,r_3675_REV,0.0,0.0
dlkcat,r_3676_FWD,0.0,7.758825109628578e-05
dlkcat,r_3676_REV,0.0,0.0
dlkcat,r_3677_FWD,0.0,6.15616501698875e-05
dlkcat,r_3677_REV,0.0,0.0
dlkcat,r_3678_FWD,0.0,0.0
dlkcat,r_3678_REV,0.0,0.0
dlkcat,r_3679_FWD,0.0,0.0
dlkcat,r_3679_REV,0.0,0.0
dlkcat,r_3680_ENZ_YHR002W_FWD,0.0,0.0
dlkcat,r_3680_ENZ_YHR002W_REV,0.0,0.0
dlkcat,r_3681_FWD,0.0,0.0009519525552685
dlkcat,r_3681_REV,0.0,0.0008733613416524
dlkcat,r_3682_FWD,0.0,0.005176337203101
dlkcat,r_3682_REV,0.0,0.0047738056435107
dlkcat,r_3683_FWD,0.0,0.0002515117610081
dlkcat,r_3683_REV,0.0,0.0002708148901048
dlkcat,r_3684_FWD,0.0,0.0002515188630832
dlkcat,r_3684_REV,0.0,0.0002709967028208
dlkcat,r_3685_FWD,0.0,0.000853669619191
dlkcat,r_3685_REV,0.0,0.0008888750667055
dlkcat,r_3686_FWD,0.0,0.000193645569579
dlkcat,r_3686_REV,0.0,0.000769761290151
dlkcat,r_3687_FWD,0.0,0.0001874815334264
dlkcat,r_3687_REV,0.0,0.0008431253280566
dlkcat,r_3688_FWD,0.0,0.0004585887831543
dlkcat,r_3688_REV,0.0,0.0002688617518463
dlkcat,r_3689_FWD,0.0,0.0002131703738875
dlkcat,r_3689_REV,0.0,0.0033779797743845
dlkcat,r_3690_FWD,0.0,0.0001819895606667
dlkcat,r_3690_REV,0.0,0.0007720177080213
dlkcat,r_3691_FWD,0.0,0.0001624668848454
dlkcat,r_3691_REV,0.0,0.0016837362249354
dlkcat,r_3692_FWD,0.0,0.0003155029272002
dlkcat,r_3692_REV,0.0,0.0002038328486803
dlkcat,r_3693_FWD,0.0,0.0001676811275773
dlkcat,r_3693_REV,0.0,0.0006178301059076
dlkcat,r_3694_FWD,0.0,0.0001523689308915
dlkcat,r_3694_REV,0.0,0.0006477027923018
dlkcat,r_3695_FWD,0.0,0.0001846452469833
dlkcat,r_3695_REV,0.0,0.0006678462504144
dlkcat,r_3696_FWD,0.0,0.0004520784489925
dlkcat,r_3696_REV,0.0,0.0002688617492748
dlkcat,r_3697_FWD,0.0,0.0001551943022783
dlkcat,r_3697_REV,0.0,0.0001446151684371
dlkcat,r_3698_FWD,0.0,0.0001629339796469
dlkcat,r_3698_REV,0.0,0.0007614771855398
dlkcat,r_3699_FWD,0.0,0.0002062901339043
dlkcat,r_3699_REV,0.0,0.0001446151718449
dlkcat,r_3700_FWD,0.0,0.0003999085780362
dlkcat,r_3700_REV,0.0,0.000241474259298
dlkcat,r_3701_FWD,0.0,0.0001929138919624
dlkcat,r_3701_REV,0.0,0.000249154247602
dlkcat,r_3702_FWD,0.0,0.0002033615479848
dlkcat,r_3702_REV,0.0,0.0009501684912195
dlkcat,r_3703_FWD,0.0,0.0001873043034064
dlkcat,r_3703_REV,0.0,0.0002302702614391
dlkcat,r_3704_FWD,0.0,0.0003669735366794
dlkcat,r_3704_REV,0.0,0.0002484840880896
dlkcat,r_3705_FWD,0.0,0.0003586686410282
dlkcat,r_3705_REV,0.0,0.0003586686356546
dlkcat,r_3706_FWD,0.0,0.0001906549213566
dlkcat,r_3706_REV,0.0,0.000950168492003
dlkcat,r_3707_FWD,0.0,0.0002497504499541
dlkcat,r_3707_REV,0.0,0.0003586686345012
dlkcat,r_3708_FWD,0.0,0.0003999085781405
dlkcat,r_3708_REV,0.0,0.0002414742596778
dlkcat,r_3709_FWD,0.0,0.0001926678714282
dlkcat,r_3709_REV,0.0,0.0002287551808425
dlkcat,r_3710_FWD,0.0,0.0001338069552545
dlkcat,r_3710_REV,0.0,0.0009412410545518
dlkcat,r_3711_FWD,0.0,0.0001991584959037
dlkcat,r_3711_REV,0.0,0.000228593238806
dlkcat,r_3712_FWD,0.0,0.0004238312606959
dlkcat,r_3712_REV,0.0,0.000252300970945
dlkcat,r_3713_FWD,0.0,0.0001927370265014
dlkcat,r_3713_REV,0.0,9.65700923739822e-05
dlkcat,r_3714_FWD,0.0,0.0002033615480345
dlkcat,r_3714_REV,0.0,0.0009501684914776
dlkcat,r_3715_FWD,0.0,0.0002062901345225
dlkcat,r_3715_REV,0.0,0.000104765899391
dlkcat,r_3716_FWD,0.0,0.0003993806562445
dlkcat,r_3716_REV,0.0,0.0002411339866125
dlkcat,r_3717_FWD,0.0,0.0
dlkcat,r_3717_REV,0.0,8.817115369463835e-05
dlkcat,r_3718_FWD,0.0,0.0
dlkcat,r_3718_REV,0.0,6.907099346564749e-05
dlkcat,r_3719_FWD,0.0,0.0
dlkcat,r_3719_REV,0.0,9.099063871076396e-05
dlkcat,r_3720_FWD,0.0,0.0
dlkcat,r_3720_REV,0.0,7.851875194386793e-05
dlkcat,r_3721_FWD,0.0,8.120492220875519e-05
dlkcat,r_3721_REV,0.0,0.0
dlkcat,r_3722_FWD,0.0,7.823497586656458e-05
dlkcat,r_3722_REV,0.0,0.0
dlkcat,r_3723_FWD,0.0,8.653742827641198e-05
dlkcat,r_3723_REV,0.0,0.0
dlkcat,r_3724_FWD,0.0,8.817115614601079e-05
dlkcat,r_3724_REV,0.0,0.0
dlkcat,r_3725_FWD,0.0,6.716505989468047e-05
dlkcat,r_3725_REV,0.0,0.0
dlkcat,r_3726_FWD,0.0,6.907099183581233e-05
dlkcat,r_3726_REV,0.0,0.0
dlkcat,r_3727_FWD,0.0,8.999831265033009e-05
dlkcat,r_3727_REV,0.0,0.0
dlkcat,r_3728_FWD,0.0,9.092139195798764e-05
dlkcat,r_3728_REV,0.0,0.0
dlkcat,r_3729_FWD,0.0,8.145202401932394e-05
dlkcat,r_3729_REV,0.0,0.0
dlkcat,r_3730_FWD,0.0,8.367264576847333e-05
dlkcat,r_3730_REV,0.0,0.0
dlkcat,r_3731_FWD,0.0,0.0002191538747966
dlkcat,r_3731_REV,0.0,0.0
dlkcat,r_3732_FWD,0.0,6.12321425959017e-05
dlkcat,r_3732_REV,0.0,0.0
dlkcat,r_3733_FWD,0.0,4.9438070042207016e-05
dlkcat,r_3733_REV,0.0,0.0
dlkcat,r_3734_FWD,0.0,5.92988958061369e-05
dlkcat,r_3734_REV,0.0,0.0
dlkcat,r_3735_FWD,0.0,0.0004585887801856
dlkcat,r_3735_REV,0.0,0.0
dlkcat,r_3736_FWD,0.0,6.609977670191114e-05
dlkcat,r_3736_REV,0.0,0.0
dlkcat,r_3737_FWD,0.0,5.267338141216882e-05
dlkcat,r_3737_REV,0.0,0.0
dlkcat,r_3738_FWD,0.0,6.39438392258788e-05
dlkcat,r_3738_REV,0.0,0.0
dlkcat,r_3739_FWD,0.0,0.0002070285294877
dlkcat,r_3739_REV,0.0,0.0
dlkcat,r_3740_FWD,0.0,0.0002062901354649
dlkcat,r_3740_REV,0.0,0.0
dlkcat,r_3741_FWD,0.0,0.0002062901353205
dlkcat,r_3741_REV,0.0,0.0
dlkcat,r_3742_FWD,0.0,0.0002191538733167
dlkcat,r_3742_REV,0.0,0.0
dlkcat,r_3743_FWD,0.0,0.0003633425939507
dlkcat,r_3743_REV,0.0,0.000252300970323
dlkcat,r_3744_FWD,0.0,0.0003278813680265
dlkcat,r_3744_REV,0.0,0.0002985114005901
dlkcat,r_3745_FWD,0.0,0.0003628162989097
dlkcat,r_3745_REV,0.0,0.0002127699085468
dlkcat,r_3746_FWD,0.0,0.0003324218978323
dlkcat,r_3746_REV,0.0,0.0002235141003543
dlkcat,r_3747_FWD,0.0,0.0
dlkcat,r_3747_REV,0.0,0.0003620160019886
dlkcat,r_3748_FWD,0.0,0.0
dlkcat,r_3748_REV,0.0,5.2348108397345456e-05
dlkcat,r_3749_FWD,0.0,0.0
dlkcat,r_3749_REV,0.0,4.2684287279242224e-05
dlkcat,r_3750_FWD,0.0,0.0
dlkcat,r_3750_REV,0.0,5.060218886116484e-05
dlkcat,r_3751_FWD,0.0,0.000223621356513
dlkcat,r_3751_REV,0.0,0.0003629208402292
dlkcat,r_3752_FWD,0.0,0.0002306226542153
dlkcat,r_3752_REV,0.0,0.0003785611027407
dlkcat,r_3753_FWD,0.0,0.0002320020149669
dlkcat,r_3753_REV,0.0,0.0003889361536115
dlkcat,r_3754_FWD,0.0,0.0002263069739421
dlkcat,r_3754_REV,0.0,0.0003277758493838
dlkcat,r_3755_FWD,0.0,0.0005281931912415
dlkcat,r_3755_REV,0.0,0.0
dlkcat,r_3756_FWD,0.0060818265639459,0.0087529703942337
dlkcat,r_3756_REV,0.0,0.0
dlkcat,r_3757_FWD,0.0,0.0020766927028099
dlkcat,r_3757_REV,0.0,0.0
dlkcat,r_3758_FWD,0.0,0.0001506916821762
dlkcat,r_3758_REV,0.0,0.0
dlkcat,r_3759_FWD,0.0,0.0001063275472373
dlkcat,r_3759_REV,0.0,0.0
dlkcat,r_3760_FWD,0.0,0.0001198128477012
dlkcat,r_3760_REV,0.0,0.0
dlkcat,r_3761_FWD,0.0,0.0001002307858286
dlkcat,r_3761_REV,0.0,0.0
dlkcat,r_3762_FWD,0.0,8.070135543421487e-05
dlkcat,r_3762_REV,0.0,0.0
dlkcat,r_3763_FWD,0.0,7.832415847497345e-05
dlkcat,r_3763_REV,0.0,0.0
dlkcat,r_3764_FWD,0.0,6.156164997779383e-05
dlkcat,r_3764_REV,0.0,0.0
dlkcat,r_3765_FWD,0.0,0.0091564141816106
dlkcat,r_3765_REV,0.0,0.0
dlkcat,r_3766_FWD,0.0,0.0016519812440972
dlkcat,r_3766_REV,0.0,0.0
dlkcat,r_3767_FWD,0.0,0.0025942156300109
dlkcat,r_3767_REV,0.0,0.0
dlkcat,r_3768_FWD,0.0,0.0001242251064011
dlkcat,r_3768_REV,0.0,0.0
dlkcat,r_3769_FWD,0.0,0.0004723489350885
dlkcat,r_3769_REV,0.0,0.0
dlkcat,r_3770_FWD,0.0,0.0085629708498907
dlkcat,r_3770_REV,0.0,0.0
dlkcat,r_3771_FWD,0.0,0.0018809852453588
dlkcat,r_3771_REV,0.0,0.0
dlkcat,r_3772_FWD,0.0,0.0001163306280619
dlkcat,r_3772_REV,0.0,0.0
dlkcat,r_3773_FWD,0.0,0.00914682415713
dlkcat,r_3773_REV,0.0,0.0
dlkcat,r_3774_FWD,0.0,0.0016217344006229
dlkcat,r_3774_REV,0.0,0.0
dlkcat,r_3775_FWD,0.0,0.0027673245488516
dlkcat,r_3775_REV,0.0,0.0
dlkcat,r_3776_FWD,0.0,0.0001713862281344
dlkcat,r_3776_REV,0.0,0.0
dlkcat,r_3777_FWD,0.0,0.0005400641441783
dlkcat,r_3777_REV,0.0,0.0
dlkcat,r_3778_FWD,0.0,0.0087896893947741
dlkcat,r_3778_REV,0.0,0.0
dlkcat,r_3779_FWD,0.0,0.0021356171052832
dlkcat,r_3779_REV,0.0,0.0
dlkcat,r_3780_FWD,0.0,0.0001205124482717
dlkcat,r_3780_REV,0.0,0.0
dlkcat,r_3781_FWD,0.0,1000.0
dlkcat,r_3781_REV,0.0,1000.0
dlkcat,r_3782_FWD,0.0,1000.0
dlkcat,r_3782_REV,0.0,1000.0
dlkcat,r_3783_FWD,0.0,1000.0
dlkcat,r_3783_REV,0.0,1000.0
dlkcat,r_3784_FWD,0.0,1000.0
dlkcat,r_3784_REV,0.0,1000.0
dlkcat,r_3785_FWD,0.0,1000.0
dlkcat,r_3785_REV,0.0,1000.0
dlkcat,r_3786_FWD,0.0,1000.0
dlkcat,r_3786_REV,0.0,1000.0
dlkcat,r_3787_FWD,0.0,1000.0
dlkcat,r_3787_REV,0.0,1000.0
dlkcat,r_3788_FWD,0.0,1000.0
dlkcat,r_3788_REV,0.0,1000.0
dlkcat,r_3789_FWD,0.0,0.0
dlkcat,r_3789_REV,0.0,0.0006001793312265
dlkcat,r_3790_FWD,0.0,0.0
dlkcat,r_3790_REV,0.0,0.0009759181739636
dlkcat,r_3791_FWD,0.0,0.0
dlkcat,r_3791_REV,0.0,0.0005259521160917
dlkcat,r_3792_FWD,0.0,0.0
dlkcat,r_3792_REV,0.0,0.0002328478146536
dlkcat,r_3793_FWD,0.0,0.0
dlkcat,r_3793_REV,0.0,0.000215004118907
dlkcat,r_3794_FWD,0.0,0.0
dlkcat,r_3794_REV,0.0,0.0001954109217169
dlkcat,r_3795_FWD,0.0,0.0
dlkcat,r_3795_REV,0.0,0.0001856274367158
dlkcat,r_3796_FWD,0.0,0.0
dlkcat,r_3796_REV,0.0,0.0001689533586552
dlkcat,r_3797_FWD,0.0,0.0004891822716508
dlkcat,r_3797_REV,0.0,0.0
dlkcat,r_3798_FWD,0.0,0.0012013671749653
dlkcat,r_3798_REV,0.0,0.0
dlkcat,r_3799_FWD,0.0,0.0003810139751167
dlkcat,r_3799_REV,0.0,0.0
dlkcat,r_3800_FWD,0.0,0.0001864214918514
dlkcat,r_3800_REV,0.0,0.0
dlkcat,r_3801_FWD,0.0,0.0001854142874009
dlkcat,r_3801_REV,0.0,0.0
dlkcat,r_3802_FWD,0.0,0.0001944109242119
dlkcat,r_3802_REV,0.0,0.0
dlkcat,r_3803_FWD,0.0,0.0002332962504105
dlkcat,r_3803_REV,0.0,0.0
dlkcat,r_3804_FWD,0.0,0.0002335642952324
dlkcat,r_3804_REV,0.0,0.0
dlkcat,r_3805_FWD,0.0,9.236722631520288e-05
dlkcat,r_3805_REV,0.0,0.0007531004143999
dlkcat,r_3806_FWD,0.0,0.0001373664253116
dlkcat,r_3806_REV,0.0,0.0007531004166567
dlkcat,r_3807_FWD,0.0,9.570700909241729e-05
dlkcat,r_3807_REV,0.0,0.0007531004179766
dlkcat,r_3808_FWD,0.0,7.860947150213349e-05
dlkcat,r_3808_REV,0.0,0.0007531004166159
dlkcat,r_3809_FWD,0.0,7.534400105324579e-05
dlkcat,r_3809_REV,0.0,0.0007531004180911
dlkcat,r_3810_FWD,0.0,6.379816646400209e-05
dlkcat,r_3810_REV,0.0,0.0007531004182368
dlkcat,r_3811_FWD,0.0,7.74879621090463e-05
dlkcat,r_3811_REV,0.0,0.0001102213715649
dlkcat,r_3812_FWD,0.0,7.603064572521134e-05
dlkcat,r_3812_REV,0.0,0.0001219462241976
dlkcat,r_3813_ENZ_YIL048W_FWD,0.0,8.284620214231788e-05
dlkcat,r_3813_ENZ_YIL048W_REV,0.0,0.0
dlkcat,r_3813_ENZ_YMR162C_FWD,0.0,0.0006875534840505
dlkcat,r_3813_ENZ_YMR162C_REV,0.0,0.0
dlkcat,r_3814_ENZ_YIL048W_FWD,0.0,7.05466411012037e-05
dlkcat,r_3814_ENZ_YIL048W_REV,0.0,0.0
dlkcat,r_3814_ENZ_YMR162C_FWD,0.0,0.0001783089287552
dlkcat,r_3814_ENZ_YMR162C_REV,0.0,0.0
dlkcat,r_3815_ENZ_YIL048W_FWD,0.0,7.715740771405567e-05
dlkcat,r_3815_ENZ_YIL048W_REV,0.0,0.0
dlkcat,r_3815_ENZ_YMR162C_FWD,0.0,0.000392241830216
dlkcat,r_3815_ENZ_YMR162C_REV,0.0,0.0
dlkcat,r_3816_ENZ_YIL048W_FWD,0.0,5.085864855166554e-05
dlkcat,r_3816_ENZ_YIL048W_REV,0.0,0.0
dlkcat,r_3816_ENZ_YMR162C_FWD,0.0,6.91112906065116e-05
dlkcat,r_3816_ENZ_YMR162C_REV,0.0,0.0
dlkcat,r_3817_ENZ_YIL048W_FWD,0.0,6.58285607319347e-05
dlkcat,r_3817_ENZ_YIL048W_REV,0.0,0.0
dlkcat,r_3817_ENZ_YMR162C_FWD,0.0,0.000333901943078
dlkcat,r_3817_ENZ_YMR162C_REV,0.0,0.0
dlkcat,r_3818_ENZ_YIL048W_FWD,0.0,7.384582248857457e-05
dlkcat,r_3818_ENZ_YIL048W_REV,0.0,0.0
dlkcat,r_3818_ENZ_YMR162C_FWD,0.0,0.0005561806830758
dlkcat,r_3818_ENZ_YMR162C_REV,0.0,0.0
dlkcat,r_3819_ENZ_YIL048W_FWD,0.0,6.501557822456262e-05
dlkcat,r_3819_ENZ_YIL048W_REV,0.0,0.0
dlkcat,r_3819_ENZ_YMR162C_FWD,0.0,0.000532828662272
dlkcat,r_3819_ENZ_YMR162C_REV,0.0,0.0
dlkcat,r_3820_ENZ_YIL048W_FWD,0.0,5.161865429757455e-05
dlkcat,r_3820_ENZ_YIL048W_REV,0.0,0.0
dlkcat,r_3820_ENZ_YMR162C_FWD,0.0,9.296187800536062e-05
dlkcat,r_3820_ENZ_YMR162C_REV,0.0,0.0
dlkcat,r_3821_ENZ_YAL026C_FWD,0.0,0.0005337077808217
dlkcat,r_3821_ENZ_YAL026C_REV,0.0,0.0
dlkcat,r_3822_ENZ_YAL026C_FWD,0.0,0.0001354496213674
dlkcat,r_3822_ENZ_YAL026C_REV,0.0,0.0
dlkcat,r_3823_ENZ_YAL026C_FWD,0.0,0.0003007915452374
dlkcat,r_3823_ENZ_YAL026C_REV,0.0,0.0
dlkcat,r_3824_ENZ_YAL026C_FWD,0.0,6.644624489594323e-05
dlkcat,r_3824_ENZ_YAL026C_REV,0.0,0.0
dlkcat,r_3825_ENZ_YAL026C_FWD,0.0,0.0002715213376168
dlkcat,r_3825_ENZ_YAL026C_REV,0.0,0.0
dlkcat,r_3826_ENZ_YAL026C_FWD,0.0,0.0005390836365035
dlkcat,r_3826_ENZ_YAL026C_REV,0.0,0.0
dlkcat,r_3827_ENZ_YAL026C_FWD,0.0,0.000640629323956
dlkcat,r_3827_ENZ_YAL026C_REV,0.0,0.0
dlkcat,r_3828_ENZ_YAL026C_FWD,0.0,9.584614901331932e-05
dlkcat,r_3828_ENZ_YAL026C_REV,0.0,0.0
dlkcat,r_3829_FWD,0.0,0.0
dlkcat,r_3829_REV,0.0,0.0
dlkcat,r_3830_FWD,0.0,0.0
dlkcat,r_3830_REV,0.0,0.0
dlkcat,r_3831_FWD,0.0,0.0
dlkcat,r_3831_REV,0.0,0.0
dlkcat,r_3832_FWD,0.0,0.0
dlkcat,r_3832_REV,0.0,0.0
dlkcat,r_3833_FWD,0.0,0.0
dlkcat,r_3833_REV,0.0,0.0
dlkcat,r_3834_FWD,0.0,0.0
dlkcat,r_3834_REV,0.0,0.0
dlkcat,r_3835_FWD,0.0,0.0
dlkcat,r_3835_REV,0.0,0.0
dlkcat,r_3836_FWD,0.0,0.0
dlkcat,r_3836_REV,0.0,0.0
dlkcat,r_3837_FWD,0.0,0.0015584933569829
dlkcat,r_3837_REV,0.0,0.0
dlkcat,r_3838_FWD,0.0,0.0015310018183525
dlkcat,r_3838_REV,0.0,0.0
dlkcat,r_3839_FWD,0.0,0.0015388454689819
dlkcat,r_3839_REV,0.0,0.0
dlkcat,r_3840_FWD,0.0,0.0015390088385602
dlkcat,r_3840_REV,0.0,0.0
dlkcat,r_3841_FWD,0.0,0.0015390088380129
dlkcat,r_3841_REV,0.0,0.0
dlkcat,r_3842_FWD,0.0,0.0015386640332915
dlkcat,r_3842_REV,0.0,0.0
dlkcat,r_3843_FWD,0.0,0.0001097565338863
dlkcat,r_3843_REV,0.0,0.0
dlkcat,r_3844_FWD,0.0,0.0001002107548176
dlkcat,r_3844_REV,0.0,0.0
dlkcat,r_3845_FWD,0.0,0.0092222976823465
dlkcat,r_3845_REV,0.0,0.0
dlkcat,r_3846_FWD,0.0,0.0005262450554948
dlkcat,r_3846_REV,0.0,0.0
dlkcat,r_3847_FWD,0.0,0.000844313228899
dlkcat,r_3847_REV,0.0,0.0
dlkcat,r_3848_FWD,0.0,0.0001264664990738
dlkcat,r_3848_REV,0.0,0.0
dlkcat,r_3849_FWD,0.0,0.0004872876673009
dlkcat,r_3849_REV,0.0,0.0
dlkcat,r_3850_FWD,0.0,0.0087529703578797
dlkcat,r_3850_REV,0.0,0.0
dlkcat,r_3851_FWD,0.0,0.0021266289477033
dlkcat,r_3851_REV,0.0,0.0
dlkcat,r_3852_FWD,0.0,0.0001605829301418
dlkcat,r_3852_REV,0.0,0.0
dlkcat,r_3853_FWD,0.0,0.0094304061801419
dlkcat,r_3853_REV,0.0,0.0
dlkcat,r_3854_FWD,0.0,0.0005262365182872
dlkcat,r_3854_REV,0.0,0.0
dlkcat,r_3855_FWD,0.0,0.0008401654197569
dlkcat,r_3855_REV,0.0,0.0
dlkcat,r_3856_FWD,0.0,0.0001257646663059
dlkcat,r_3856_REV,0.0,0.0
dlkcat,r_3857_FWD,0.0,0.0004872876673009
dlkcat,r_3857_REV,0.0,0.0
dlkcat,r_3858_FWD,0.0,0.0087529703587049
dlkcat,r_3858_REV,0.0,0.0
dlkcat,r_3859_FWD,0.0,0.0021266289483191
dlkcat,r_3859_REV,0.0,0.0
dlkcat,r_3860_FWD,0.0,0.0001605829286946
dlkcat,r_3860_REV,0.0,0.0
dlkcat,r_3861_FWD,0.0,0.0019682994391141
dlkcat,r_3861_REV,0.0,0.0
dlkcat,r_3862_FWD,0.0,0.0019682994549121
dlkcat,r_3862_REV,0.0,0.0
dlkcat,r_3863_FWD,0.0,0.00196829944612
dlkcat,r_3863_REV,0.0,0.0
dlkcat,r_3864_FWD,0.0,0.0019682994447345
dlkcat,r_3864_REV,0.0,0.0
dlkcat,r_3865_FWD,0.0,0.0019682994459397
dlkcat,r_3865_REV,0.0,0.0
dlkcat,r_3866_FWD,0.0,0.0020910377020415
dlkcat,r_3866_REV,0.0,0.0
dlkcat,r_3867_FWD,0.0,0.000128125924423
dlkcat,r_3867_REV,0.0,0.0
dlkcat,r_3868_FWD,0.0,0.000134218329121
dlkcat,r_3868_REV,0.0,0.0
dlkcat,r_3869_FWD,0.0,0.0019682994471708
dlkcat,r_3869_REV,0.0,0.0020918568837584
dlkcat,r_3870_FWD,0.0,0.0019682994613834
dlkcat,r_3870_REV,0.0,0.0053427771605958
dlkcat,r_3871_FWD,0.0,0.0019682994334306
dlkcat,r_3871_REV,0.0,0.0002355980366423
dlkcat,r_3872_FWD,0.0,0.0019682994645542
dlkcat,r_3872_REV,0.0,0.0019403566011462
dlkcat,r_3873_FWD,0.0,0.0019682994619225
dlkcat,r_3873_REV,0.0,0.0002210861619872
dlkcat,r_3874_FWD,0.0,0.0019498059884925
dlkcat,r_3874_REV,0.0,0.0002511475840201
dlkcat,r_3875_FWD,0.0,0.000232976802045
dlkcat,r_3875_REV,0.0,9.29101235756423e-05
dlkcat,r_3876_FWD,0.0,0.0019682994505645
dlkcat,r_3876_REV,0.0,0.0002210861620333
dlkcat,r_3877_FWD,0.0,5.718580946222806e-05
dlkcat,r_3877_REV,0.0,0.0
dlkcat,r_3878_FWD,0.0,3.902449761476367e-05
dlkcat,r_3878_REV,0.0,0.0
dlkcat,r_3879_FWD,0.0,3.739646079776071e-05
dlkcat,r_3879_REV,0.0,0.0
dlkcat,r_3880_FWD,0.0,3.88701009026372e-05
dlkcat,r_3880_REV,0.0,0.0
dlkcat,r_3881_FWD,0.0,5.539157609572475e-05
dlkcat,r_3881_REV,0.0,0.0
dlkcat,r_3882_FWD,0.0,4.2841404290417976e-05
dlkcat,r_3882_REV,0.0,0.0
dlkcat,r_3883_FWD,0.0,3.385701524282541e-05
dlkcat,r_3883_REV,0.0,0.0
dlkcat,r_3884_FWD,0.0,3.926134956615486e-05
dlkcat,r_3884_REV,0.0,0.0
dlkcat,r_3885_ENZ_YAL026C_FWD,0.0,0.0
dlkcat,r_3885_ENZ_YAL026C_REV,0.0,0.0
dlkcat,r_3886_ENZ_YAL026C_FWD,0.0,0.0
dlkcat,r_3886_ENZ_YAL026C_REV,0.0,0.0
dlkcat,r_3887_ENZ_YAL026C_FWD,0.0,0.0
dlkcat,r_3887_ENZ_YAL026C_REV,0.0,0.0
dlkcat,r_3888_ENZ_YAL026C_FWD,0.0,0.0
dlkcat,r_3888_ENZ_YAL026C_REV,0.0,0.0
dlkcat,r_3889_ENZ_YAL026C_FWD,0.0,0.0
dlkcat,r_3889_ENZ_YAL026C_REV,0.0,0.0
dlkcat,r_3890_ENZ_YAL026C_FWD,0.0,0.0
dlkcat,r_3890_ENZ_YAL026C_REV,0.0,0.0
dlkcat,r_3891_ENZ_YAL026C_FWD,0.0,0.0
dlkcat,r_3891_ENZ_YAL026C_REV,0.0,0.0
dlkcat,r_3892_ENZ_YAL026C_FWD,0.0,0.0
dlkcat,r_3892_ENZ_YAL026C_REV,0.0,0.0
dlkcat,r_3893_ENZ_YIL048W_FWD,0.0,0.0
dlkcat,r_3893_ENZ_YIL048W_REV,0.0,0.0
dlkcat,r_3894_ENZ_YIL048W_FWD,0.0,0.0
dlkcat,r_3894_ENZ_YIL048W_REV,0.0,0.0
dlkcat,r_3895_ENZ_YIL048W_FWD,0.0,0.0
dlkcat,r_3895_ENZ_YIL048W_REV,0.0,0.0
dlkcat,r_3896_ENZ_YIL048W_FWD,0.0,0.0
dlkcat,r_3896_ENZ_YIL048W_REV,0.0,0.0
dlkcat,r_3897_ENZ_YIL048W_FWD,0.0,0.0
dlkcat,r_3897_ENZ_YIL048W_REV,0.0,0.0
dlkcat,r_3898_ENZ_YIL048W_FWD,0.0,0.0
dlkcat,r_3898_ENZ_YIL048W_REV,0.0,0.0
dlkcat,r_3899_ENZ_YIL048W_FWD,0.0,0.0
dlkcat,r_3899_ENZ_YIL048W_REV,0.0,0.0
dlkcat,r_3900_ENZ_YIL048W_FWD,0.0,0.0
dlkcat,r_3900_ENZ_YIL048W_REV,0.0,0.0
dlkcat,r_3901_FWD,0.0,0.0002098251571343
dlkcat,r_3901_REV,0.0,0.0002011652732034
dlkcat,r_3902_FWD,0.0,0.0001910727557723
dlkcat,r_3902_REV,0.0,0.0002098251571343
dlkcat,r_3903_FWD,0.0,5.675849872588401e-05
dlkcat,r_3903_REV,0.0,0.0
dlkcat,r_3904_FWD,0.0,3.730288923868841e-05
dlkcat,r_3904_REV,0.0,0.0
dlkcat,r_3905_FWD,0.0,3.975852392841261e-05
dlkcat,r_3905_REV,0.0,0.0
dlkcat,r_3906_FWD,0.0,4.115446482320095e-05
dlkcat,r_3906_REV,0.0,0.0
dlkcat,r_3907_FWD,0.0,5.988612533940341e-05
dlkcat,r_3907_REV,0.0,0.0
dlkcat,r_3908_FWD,0.0,4.26093849416035e-05
dlkcat,r_3908_REV,0.0,0.0
dlkcat,r_3909_FWD,0.0,3.68748705232081e-05
dlkcat,r_3909_REV,0.0,0.0
dlkcat,r_3910_FWD,0.0,4.159345838647965e-05
dlkcat,r_3910_REV,0.0,0.0
dlkcat,r_3911_FWD,0.0,0.0015495504189155
dlkcat,r_3911_REV,0.0,0.0015315506831887
dlkcat,r_3912_FWD,0.0,0.0015493847258589
dlkcat,r_3912_REV,0.0,0.0016773142335981
dlkcat,r_3913_FWD,0.0,0.0015576662915712
dlkcat,r_3913_REV,0.0,0.0013979467936136
dlkcat,r_3914_FWD,0.0,0.0015494864064926
dlkcat,r_3914_REV,0.0,0.0015873015873015
dlkcat,r_3915_FWD,0.0,0.0015394296105801
dlkcat,r_3915_REV,0.0,0.0016712247011234
dlkcat,r_3916_FWD,0.0,0.0015495531247662
dlkcat,r_3916_REV,0.0,0.0013914183726839
dlkcat,r_3917_FWD,0.0,0.0001861202551234
dlkcat,r_3917_REV,0.0,0.000885705440595
dlkcat,r_3918_FWD,0.0,0.0016774346578687
dlkcat,r_3918_REV,0.0,0.0013871453803684
dlkcat,r_3919_FWD,0.0,0.0016726722318871
dlkcat,r_3919_REV,0.0,0.0
dlkcat,r_3920_FWD,0.0,0.0018240807195537
dlkcat,r_3920_REV,0.0,0.0
dlkcat,r_3921_FWD,0.0,0.0015494982588126
dlkcat,r_3921_REV,0.0,0.0
dlkcat,r_3922_FWD,0.0,0.0016858780302513
dlkcat,r_3922_REV,0.0,0.0
dlkcat,r_3923_FWD,0.0,0.0014161596136741
dlkcat,r_3923_REV,0.0,0.0
dlkcat,r_3924_FWD,0.0,0.0015388266556417
dlkcat,r_3924_REV,0.0,0.0
dlkcat,r_3925_FWD,0.0,0.0008811429576303
dlkcat,r_3925_REV,0.0,0.0
dlkcat,r_3926_FWD,0.0,0.0016228132189191
dlkcat,r_3926_REV,0.0,0.0
dlkcat,r_3927_FWD,0.0,3.406078935164203e-05
dlkcat,r_3927_REV,0.0,0.0
dlkcat,r_3928_FWD,0.0,3.1067855516209164e-05
dlkcat,r_3928_REV,0.0,0.0
dlkcat,r_3929_FWD,0.0,0.0007747467008716
dlkcat,r_3929_REV,0.0,0.0
dlkcat,r_3930_FWD,0.0,0.0007747493985568
dlkcat,r_3930_REV,0.0,0.0
dlkcat,r_3931_FWD,0.0,0.0008324593061823
dlkcat,r_3931_REV,0.0,0.0
dlkcat,r_3932_FWD,0.0,0.0007787277665443
dlkcat,r_3932_REV,0.0,0.0
dlkcat,r_3933_FWD,0.0,0.0007750279163172
dlkcat,r_3933_REV,0.0,0.0
dlkcat,r_3934_FWD,0.0,0.0008141085548727
dlkcat,r_3934_REV,0.0,0.0
dlkcat,r_3935_FWD,0.0,0.0001076343500621
dlkcat,r_3935_REV,0.0,0.0
dlkcat,r_3936_FWD,0.0,0.0007747431932449
dlkcat,r_3936_REV,0.0,0.0
dlkcat,r_3937_FWD,0.0,0.0
dlkcat,r_3937_REV,0.0,0.0001078907161899
dlkcat,r_3938_FWD,0.0,0.0
dlkcat,r_3938_REV,0.0,0.0001670439789399
dlkcat,r_3939_FWD,0.0,1000.0
dlkcat,r_3939_REV,0.0,999.9854671570928
dlkcat,r_3940,0.0,0.0009635977847697
dlkcat,r_3941_FWD,0.0,0.0007536739850859
dlkcat,r_3941_REV,0.0,0.0
dlkcat,r_3942_FWD,0.0,0.0007531004159204
dlkcat,r_3942_REV,0.0,0.0
dlkcat,r_3943_FWD,0.0,0.0007531004142222
dlkcat,r_3943_REV,0.0,0.0
dlkcat,r_3944_FWD,0.0,0.0008000618850774
dlkcat,r_3944_REV,0.0,0.0
dlkcat,r_3945_FWD,0.0,0.0008000619035506
dlkcat,r_3945_REV,0.0,0.0
dlkcat,r_3946_FWD,0.0,0.0005972081763321
dlkcat,r_3946_REV,0.0,0.0
dlkcat,r_3947_FWD,0.0,9.294373709245464e-05
dlkcat,r_3947_REV,0.0,0.0
dlkcat,r_3948_FWD,0.0,8.71631284624641e-05
dlkcat,r_3948_REV,0.0,0.0
dlkcat,r_3949_FWD,0.0,9.538267039740822e-05
dlkcat,r_3949_REV,0.0,0.0
dlkcat,r_3950_FWD,0.0,0.0001069388793622
dlkcat,r_3950_REV,0.0,0.0
dlkcat,r_3951_FWD,0.0,0.0001069358231288
dlkcat,r_3951_REV,0.0,0.0
dlkcat,r_3952_FWD,0.0,0.0001063438490581
dlkcat,r_3952_REV,0.0,0.0
dlkcat,r_3953_FWD,0.0,0.0001068935981137
dlkcat,r_3953_REV,0.0,0.0
dlkcat,r_3954_FWD,0.0,0.0001069369062521
dlkcat,r_3954_REV,0.0,0.0
dlkcat,r_3955_FWD,0.0,5.30658984376764e-05
dlkcat,r_3955_REV,0.0,0.0
dlkcat,r_3956_FWD,0.0,5.581199129686587e-05
dlkcat,r_3956_REV,0.0,0.0
dlkcat,r_3957_FWD,0.0,0.0
dlkcat,r_3957_REV,0.0,0.00026633824731
dlkcat,r_3958_FWD,0.0,0.0
dlkcat,r_3958_REV,0.0,0.0
dlkcat,r_3959_ENZ_YBR192W_FWD,0.0,0.0
dlkcat,r_3959_ENZ_YBR192W_REV,0.0,9.449439112290832e-05
dlkcat,r_3960_ENZ_YBR192W_FWD,0.0,9.607414232823434e-05
dlkcat,r_3960_ENZ_YBR192W_REV,0.0,0.0
dlkcat,r_3961_ENZ_YER053C_FWD,0.0,0.0
dlkcat,r_3961_ENZ_YER053C_REV,0.0,8.70504996504239e-05
dlkcat,r_3961_ENZ_YJR077C_FWD,0.0,0.0
dlkcat,r_3961_ENZ_YJR077C_REV,0.0,9.915889382908995e-05
dlkcat,r_3962_FWD,0.0,0.0
dlkcat,r_3962_REV,0.0,9.915889382908995e-05
dlkcat,r_3963,0.0,0.0010856169251898
dlkcat,r_3964,0.001536242510769,0.0033745027596183
dlkcat,r_3965,0.0,0.0012442344938819
dlkcat,r_3966,0.0,0.0001063605070609
dlkcat,r_3967,0.0,0.0002110480983556
dlkcat,r_3968,0.0,0.0003741919704003
dlkcat,r_3969,0.0,0.0002675835000549
dlkcat,r_3970,0.0,8.178078486304553e-05
dlkcat,r_3971,0.0,0.0001518363734826
dlkcat,r_3972,0.0038878300739776,0.0040569530653895
dlkcat,r_3973_FWD,0.0026820637074379,0.0026820851708472
dlkcat,r_3973_REV,0.0,0.0
dlkcat,r_3975,0.0011292161627353,0.0022836414843539
dlkcat,r_3976,0.0,0.0006906346606593
dlkcat,r_3977,0.0,0.0010114942403504
dlkcat,r_3978,0.0,0.0001001527075086
dlkcat,r_3979,0.0,0.0011389208272811
dlkcat,r_3980,0.0006127934688607,0.0032039436074644
dlkcat,r_3981,0.0,0.0017474178134446
dlkcat,r_3982,0.0,0.0001097567559403
dlkcat,r_3983,0.0,0.0002645901993897
dlkcat,r_3984,0.0,0.0004199042144409
dlkcat,r_3985,0.0,0.0003245148448005
dlkcat,r_3986,0.0,7.854504100843887e-05
dlkcat,r_3987_FWD,0.0023451210831873,0.0023451210831873
dlkcat,r_3987_REV,0.0,0.0
dlkcat,r_3988,0.0,0.0060030655823682
dlkcat,r_3989,0.0,0.0058480759291562
dlkcat,r_3990,0.0,0.0016648003209427
dlkcat,r_3991,0.0,0.0001095567793221
dlkcat,r_3992,0.0,0.0083103072035603
dlkcat,r_3993,0.0,0.0081527741903903
dlkcat,r_3994,0.0,0.0016648003209222
dlkcat,r_3995,0.0,0.0001090649157662
dlkcat,r_3996_FWD,0.0101606938260816,0.0101606938260816
dlkcat,r_3996_REV,0.0,0.0
dlkcat,r_3997,0.0,0.0039578581672025
dlkcat,r_3998,0.0,0.0039694438074397
dlkcat,r_3999,0.0,0.0015317832393253
dlkcat,r_4000,0.0,0.0001280568558103
dlkcat,r_4001,0.0,0.0005004399207221
dlkcat,r_4002,0.0,0.0006323639796243
dlkcat,r_4003,0.0,0.0003805955004301
dlkcat,r_4004,0.0,9.437639920137048e-05
dlkcat,r_4005_FWD,0.0027307332266632,0.0027307332266632
dlkcat,r_4005_REV,0.0,0.0
dlkcat,r_4006,0.0,0.0006314677967597
dlkcat,r_4007,0.0,0.0001869824425061
dlkcat,r_4008,0.0009336793656065,0.0029970049457986
dlkcat,r_4009,0.0,0.0002443243991047
dlkcat,r_4010,0.0,0.000516645019592
dlkcat,r_4011,0.0,0.0001582212151524
dlkcat,r_4012,0.0,9.2443671138761e-05
dlkcat,r_4013,0.0,6.578336469557993e-05
dlkcat,r_4014,0.0,0.0003471719487097
dlkcat,r_4015,0.0,0.0001431240384175
dlkcat,r_4016,0.0,0.0006590505147932
dlkcat,r_4017,0.0,0.0002212794116253
dlkcat,r_4018,0.0,0.0003499431350983
dlkcat,r_4019,0.0,0.0001536834184154
dlkcat,r_4020,0.0,0.0001011003309122
dlkcat,r_4021,0.0,6.226379272604486e-05
dlkcat,r_4022,0.0,0.0006314677966947
dlkcat,r_4023,0.0,0.000159269138394
dlkcat,r_4024,0.0,0.0016457624717303
dlkcat,r_4025,0.0,0.0002443243991422
dlkcat,r_4026,0.0,0.0005396515574537
dlkcat,r_4027,0.0,0.0001582212150268
dlkcat,r_4028,0.0,0.0001013513726499
dlkcat,r_4029,0.0,6.697045674006847e-05
dlkcat,r_4030,0.0,0.0001677411524421
dlkcat,r_4031,0.0,0.0001020689822048
dlkcat,r_4032,0.0,0.0002365807043375
dlkcat,r_4033,0.0,0.0001133726309091
dlkcat,r_4034,0.0,0.0001647562079241
dlkcat,r_4035,0.0,0.0001010694855053
dlkcat,r_4036,0.0,7.828411084144848e-05
dlkcat,r_4037,0.0,5.086596980892487e-05
dlkcat,r_4038_FWD,0.0027022802474595,0.0027022802474595
dlkcat,r_4038_REV,0.0,0.0
dlkcat,r_4039_ENZ_YBL015W_FWD,0.0,0.0003380241696832
dlkcat,r_4039_ENZ_YBL015W_REV,0.0,0.000377421760813
dlkcat,r_4040_FWD,0.0,4.369770704074072e-06
dlkcat,r_4040_REV,0.0,0.0
dlkcat,r_4041,0.3940849983885073,0.3940849983885073
dlkcat,r_4042,0.0,0.0
dlkcat,r_4043,0.0,0.0
dlkcat,r_4044,0.0,0.0
dlkcat,r_4045_ENZ_YDR400W,0.0,0.0004764730014663
dlkcat,r_4046,0.7,0.7
dlkcat,r_4047,0.3940849983885073,0.3940849983885073
dlkcat,r_4048,0.3940849983885073,0.3940849983885073
dlkcat,r_4049,0.3940849983885073,0.3940849983885073
dlkcat,r_4050,0.3940849983885073,0.3940849983885073
dlkcat,r_4051,0.0,0.0
dlkcat,r_4052,0.0,0.0
dlkcat,r_4053,0.0,0.0
dlkcat,r_4054,0.0,0.0
dlkcat,r_4055,0.0,0.0
dlkcat,r_4056,0.0,0.0
dlkcat,r_4057,0.0,0.0
dlkcat,r_4058,0.0,0.0
dlkcat,r_4059,0.0,0.0
dlkcat,r_4060,0.0,0.0
dlkcat,r_4061,0.0,0.0
dlkcat,r_4062,0.0,0.0
dlkcat,r_4063,0.3940849983885073,0.3940849983885073
dlkcat,r_4064,0.0,0.0
dlkcat,r_4065,0.3940849983885073,0.3940849983885073
dlkcat,r_4066,0.0,0.0
dlkcat,r_4067,0.0,0.0
dlkcat,r_4068,0.0,0.0
dlkcat,r_4069,0.0,0.0
dlkcat,r_4070,0.0,0.0
dlkcat,r_4071,0.0,0.0
dlkcat,r_4072,0.0,0.0
dlkcat,r_4073,0.0,0.0
dlkcat,r_4074,0.0,0.0
dlkcat,r_4075,0.0,0.0
dlkcat,r_4076,0.0,0.0
dlkcat,r_4077,0.0,0.0
dlkcat,r_4078,0.0,0.0
dlkcat,r_4079,0.0,0.0
dlkcat,r_4080,0.0,0.0
dlkcat,r_4081,0.0,0.0
dlkcat,r_4082,0.0,0.0
dlkcat,r_4083,0.0,0.0
dlkcat,r_4084,0.0,0.0
dlkcat,r_4085,0.0,0.0
dlkcat,r_4086,0.0,0.0
dlkcat,r_4087,0.0,0.0
dlkcat,r_4088,0.0,0.0
dlkcat,r_4089,0.0,0.0
dlkcat,r_4090,0.0,0.0
dlkcat,r_4091,0.0,0.0
dlkcat,r_4092,0.0,0.0
dlkcat,r_4093,0.0,0.0
dlkcat,r_4094,0.0,0.0
dlkcat,r_4095,0.0,0.0
dlkcat,r_4096,0.0,0.0
dlkcat,r_4097,0.0,0.0
dlkcat,r_4098,0.0,0.0
dlkcat,r_4099,0.0,0.0
dlkcat,r_4100,0.0,0.0
dlkcat,r_4101,0.0,0.0
dlkcat,r_4102,0.0,0.0
dlkcat,r_4103,0.0,0.0
dlkcat,r_4104,0.0,0.0
dlkcat,r_4105,0.0,0.0
dlkcat,r_4106,0.0,0.0
dlkcat,r_4107,0.0,0.0
dlkcat,r_4108,0.0,0.0
dlkcat,r_4109,0.0,0.0
dlkcat,r_4110,0.0,0.0
dlkcat,r_4111,0.0,0.0
dlkcat,r_4112,0.0,0.0
dlkcat,r_4113,0.0,0.0
dlkcat,r_4114,0.0,0.0
dlkcat,r_4115,0.0,0.0
dlkcat,r_4116,0.0,0.0
dlkcat,r_4117,0.0,0.0
dlkcat,r_4118,0.0,0.0
dlkcat,r_4119,0.0,0.0
dlkcat,r_4120,0.0,0.0
dlkcat,r_4121,0.0,0.0
dlkcat,r_4122,0.0,0.0
dlkcat,r_4123,0.0,0.0
dlkcat,r_4124,0.0,0.0
dlkcat,r_4125,0.0,0.0
dlkcat,r_4126,0.0,0.0
dlkcat,r_4127,0.0,0.0
dlkcat,r_4128,0.0,0.0
dlkcat,r_4129,0.0,0.0
dlkcat,r_4130,0.0,0.0
dlkcat,r_4131,0.0,0.0
dlkcat,r_4132,0.0,0.0
dlkcat,r_4133,0.0,0.0
dlkcat,r_4134,0.0,0.0
dlkcat,r_4135,0.0,0.0
dlkcat,r_4136,0.0,0.0
dlkcat,r_4137,0.0,0.0
dlkcat,r_4138,0.0,0.0
dlkcat,r_4139,0.0,0.0
dlkcat,r_4140,0.0,0.0
dlkcat,r_4141,0.0,0.0
dlkcat,r_4142,0.0,0.0
dlkcat,r_4143,0.0,0.0
dlkcat,r_4144,0.0,0.0
dlkcat,r_4145,0.0,0.0
dlkcat,r_4146,0.0,0.0
dlkcat,r_4147,0.0,0.0
dlkcat,r_4148,0.0,0.0
dlkcat,r_4149,0.0,0.0
dlkcat,r_4150,0.0,0.0
dlkcat,r_4151,0.0,0.0
dlkcat,r_4152_ENZ_YAL039C_FWD,0.0,0.0
dlkcat,r_4152_ENZ_YAL039C_REV,0.0,0.0
dlkcat,r_4152_ENZ_YKL087C_FWD,0.0,0.0
dlkcat,r_4152_ENZ_YKL087C_REV,0.0,0.0
dlkcat,r_4153_ENZ_YAL061W,0.0,-0.0
dlkcat,r_4154_ENZ_YAL061W_FWD,0.0,0.0
dlkcat,r_4154_ENZ_YAL061W_REV,0.0,0.0
dlkcat,r_4155_ENZ_YBL080C,0.0,-0.0
dlkcat,r_4156_ENZ_YBL091C_FWD,0.0,0.0
dlkcat,r_4156_ENZ_YBL091C_REV,0.0,1.1900233571601304e-05
dlkcat,r_4156_ENZ_YLR244C_FWD,0.0,0.0
dlkcat,r_4156_ENZ_YLR244C_REV,0.0,1.4907330270874652e-05
dlkcat,r_4157_ENZ_YBR022W_FWD,0.0,0.0
dlkcat,r_4157_ENZ_YBR022W_REV,0.0,0.0
dlkcat,r_4157_ENZ_YMR087W_FWD,0.0,0.0
dlkcat,r_4157_ENZ_YMR087W_REV,0.0,0.0
dlkcat,r_4158_ENZ_YBR046C_FWD,0.0,0.0
dlkcat,r_4158_ENZ_YBR046C_REV,0.0,0.0
dlkcat,r_4159_ENZ_YBR070C_and_YGL047W_FWD,0.0,0.0
dlkcat,r_4159_ENZ_YBR070C_and_YGL047W_REV,0.0,0.0
dlkcat,r_4160_ENZ_YBR111C_FWD,0.0,0.0
dlkcat,r_4160_ENZ_YBR111C_REV,0.0,0.0
dlkcat,r_4161_ENZ_YBR147W_FWD,0.0,0.0001632030657306
dlkcat,r_4161_ENZ_YBR147W_REV,0.0,0.0
dlkcat,r_4161_ENZ_YDR352W_FWD,0.0,0.0001638145678862
dlkcat,r_4161_ENZ_YDR352W_REV,0.0,0.0
dlkcat,r_4162_ENZ_YBR147W_FWD,0.0,1000.0
dlkcat,r_4162_ENZ_YBR147W_REV,0.0,0.0
dlkcat,r_4162_ENZ_YDR352W_FWD,0.0,1000.0
dlkcat,r_4162_ENZ_YDR352W_REV,0.0,0.0
dlkcat,r_4163_ENZ_YBR147W_FWD,0.0,0.0002616764453124
dlkcat,r_4163_ENZ_YBR147W_REV,0.0,0.0
dlkcat,r_4163_ENZ_YDR352W_FWD,0.0,0.0001736053172724
dlkcat,r_4163_ENZ_YDR352W_REV,0.0,0.0
dlkcat,r_4164_ENZ_YBR222C_FWD,0.0,0.0
dlkcat,r_4164_ENZ_YBR222C_REV,0.0,0.0
dlkcat,r_4165_ENZ_YBR229C_FWD,0.0,0.0
dlkcat,r_4165_ENZ_YBR229C_REV,0.0,0.0
dlkcat,r_4166_ENZ_YBR229C_FWD,0.0,0.0
dlkcat,r_4166_ENZ_YBR229C_REV,0.0,0.0
dlkcat,r_4167_ENZ_YBR235W_FWD,0.0,0.0
dlkcat,r_4167_ENZ_YBR235W_REV,0.0,0.0
dlkcat,r_4168_ENZ_YBR241C_FWD,0.0,0.0
dlkcat,r_4168_ENZ_YBR241C_REV,0.0,0.0
dlkcat,r_4169_ENZ_YBR241C_FWD,0.0,0.0
dlkcat,r_4169_ENZ_YBR241C_REV,0.0,0.0
dlkcat,r_4170_ENZ_YBR243C_FWD,0.0,0.0
dlkcat,r_4170_ENZ_YBR243C_REV,0.0,0.0
dlkcat,r_4171_ENZ_YBR281C_and_YNL191W,0.0,3.2606910759481794e-05
dlkcat,r_4172_ENZ_YBR295W,0.0,-0.0
dlkcat,r_4173_ENZ_YCL017C_FWD,0.0,0.0
dlkcat,r_4173_ENZ_YCL017C_REV,0.0,0.0
dlkcat,r_4174_ENZ_YCR011C_FWD,0.0,0.0
dlkcat,r_4174_ENZ_YCR011C_REV,0.0,0.0
dlkcat,r_4175_ENZ_YCR107W_FWD,0.0,0.0
dlkcat,r_4175_ENZ_YCR107W_REV,0.0,0.0
dlkcat,r_4175_ENZ_YDL243C_FWD,0.0,0.0
dlkcat,r_4175_ENZ_YDL243C_REV,0.0,0.0
dlkcat,r_4175_ENZ_YJR155W_FWD,0.0,0.0
dlkcat,r_4175_ENZ_YJR155W_REV,0.0,0.0
dlkcat,r_4175_ENZ_YNL331C_FWD,0.0,0.0
dlkcat,r_4175_ENZ_YNL331C_REV,0.0,0.0
dlkcat,r_4175_ENZ_YOL165C_FWD,0.0,0.0
dlkcat,r_4175_ENZ_YOL165C_REV,0.0,0.0
dlkcat,r_4175_ENZ_YPL088W_FWD,0.0,0.0
dlkcat,r_4175_ENZ_YPL088W_REV,0.0,0.0
dlkcat,r_4176_ENZ_YCR107W_FWD,0.0,0.0
dlkcat,r_4176_ENZ_YCR107W_REV,0.0,0.0
dlkcat,r_4176_ENZ_YDL243C_FWD,0.0,0.0
dlkcat,r_4176_ENZ_YDL243C_REV,0.0,0.0
dlkcat,r_4176_ENZ_YJR155W_FWD,0.0,0.0
dlkcat,r_4176_ENZ_YJR155W_REV,0.0,0.0
dlkcat,r_4176_ENZ_YNL331C_FWD,0.0,0.0
dlkcat,r_4176_ENZ_YNL331C_REV,0.0,0.0
dlkcat,r_4176_ENZ_YOL165C_FWD,0.0,0.0
dlkcat,r_4176_ENZ_YOL165C_REV,0.0,0.0
dlkcat,r_4176_ENZ_YPL088W_FWD,0.0,0.0
dlkcat,r_4176_ENZ_YPL088W_REV,0.0,0.0
dlkcat,r_4177_ENZ_YCR107W_FWD,0.0,0.0
dlkcat,r_4177_ENZ_YCR107W_REV,0.0,0.0
dlkcat,r_4177_ENZ_YDL243C_FWD,0.0,0.0
dlkcat,r_4177_ENZ_YDL243C_REV,0.0,0.0
dlkcat,r_4177_ENZ_YJR155W_FWD,0.0,0.0
dlkcat,r_4177_ENZ_YJR155W_REV,0.0,0.0
dlkcat,r_4177_ENZ_YNL331C_FWD,0.0,0.0
dlkcat,r_4177_ENZ_YNL331C_REV,0.0,0.0
dlkcat,r_4177_ENZ_YOL165C_FWD,0.0,0.0
dlkcat,r_4177_ENZ_YOL165C_REV,0.0,0.0
dlkcat,r_4177_ENZ_YPL088W_FWD,0.0,0.0
dlkcat,r_4177_ENZ_YPL088W_REV,0.0,0.0
dlkcat,r_4178_ENZ_YCR107W_FWD,0.0,0.0
dlkcat,r_4178_ENZ_YCR107W_REV,0.0,0.0
dlkcat,r_4178_ENZ_YDL243C_FWD,0.0,0.0
dlkcat,r_4178_ENZ_YDL243C_REV,0.0,0.0
dlkcat,r_4178_ENZ_YJR155W_FWD,0.0,1.4652812296844786e-10
dlkcat,r_4178_ENZ_YJR155W_REV,0.0,0.0
dlkcat,r_4178_ENZ_YNL331C_FWD,0.0,0.0
dlkcat,r_4178_ENZ_YNL331C_REV,0.0,0.0
dlkcat,r_4178_ENZ_YOL165C_FWD,0.0,0.0
dlkcat,r_4178_ENZ_YOL165C_REV,0.0,0.0
dlkcat,r_4178_ENZ_YPL088W_FWD,0.0,0.0
dlkcat,r_4178_ENZ_YPL088W_REV,0.0,0.0
dlkcat,r_4179_ENZ_YCR107W_FWD,0.0,0.0
dlkcat,r_4179_ENZ_YCR107W_REV,0.0,0.0
dlkcat,r_4179_ENZ_YDL243C_FWD,0.0,0.0
dlkcat,r_4179_ENZ_YDL243C_REV,0.0,0.0
dlkcat,r_4179_ENZ_YJR155W_FWD,0.0,0.0
dlkcat,r_4179_ENZ_YJR155W_REV,0.0,0.0
dlkcat,r_4179_ENZ_YNL331C_FWD,0.0,0.0
dlkcat,r_4179_ENZ_YNL331C_REV,0.0,0.0
dlkcat,r_4179_ENZ_YOL165C_FWD,0.0,0.0
dlkcat,r_4179_ENZ_YOL165C_REV,0.0,0.0
dlkcat,r_4179_ENZ_YPL088W_FWD,0.0,0.0
dlkcat,r_4179_ENZ_YPL088W_REV,0.0,0.0
dlkcat,r_4180_ENZ_YCR107W_FWD,0.0,0.0
dlkcat,r_4180_ENZ_YCR107W_REV,0.0,0.0
dlkcat,r_4180_ENZ_YDL243C_FWD,0.0,0.0
dlkcat,r_4180_ENZ_YDL243C_REV,0.0,0.0
dlkcat,r_4180_ENZ_YJR155W_FWD,0.0,0.0
dlkcat,r_4180_ENZ_YJR155W_REV,0.0,0.0
dlkcat,r_4180_ENZ_YNL331C_FWD,0.0,0.0
dlkcat,r_4180_ENZ_YNL331C_REV,0.0,0.0
dlkcat,r_4180_ENZ_YOL165C_FWD,0.0,0.0
dlkcat,r_4180_ENZ_YOL165C_REV,0.0,0.0
dlkcat,r_4180_ENZ_YPL088W_FWD,0.0,0.0
dlkcat,r_4180_ENZ_YPL088W_REV,0.0,0.0
dlkcat,r_4181_ENZ_YEL031W_FWD,0.0,0.0
dlkcat,r_4181_ENZ_YEL031W_REV,0.0,0.0
dlkcat,r_4183_ENZ_YEL070W_FWD,0.0,0.0
dlkcat,r_4183_ENZ_YEL070W_REV,0.0,0.0
dlkcat,r_4183_ENZ_YNR073C_FWD,0.0,0.0
dlkcat,r_4183_ENZ_YNR073C_REV,0.0,0.0
dlkcat,r_4184_ENZ_YER010C_FWD,0.0,0.0
dlkcat,r_4184_ENZ_YER010C_REV,0.0,0.0
dlkcat,r_4185_ENZ_YER010C,0.0,8.322822931296214e-05
dlkcat,r_4186_ENZ_YER042W_FWD,0.0,0.0
dlkcat,r_4186_ENZ_YER042W_REV,0.0,0.0
dlkcat,r_4187_ENZ_YER087W,0.0,-0.0
dlkcat,r_4188_ENZ_YER163C,0.0,3.2126364117743515e-05
dlkcat,r_4189_ENZ_YHL018W_FWD,0.0,0.0
dlkcat,r_4189_ENZ_YHL018W_REV,0.0,0.0
dlkcat,r_4190_ENZ_YHR008C,0.0,-0.0
dlkcat,r_4191_ENZ_YHR043C_FWD,0.0,0.0
dlkcat,r_4191_ENZ_YHR043C_REV,0.0,0.0
dlkcat,r_4191_ENZ_YHR044C_FWD,0.0,0.0
dlkcat,r_4191_ENZ_YHR044C_REV,0.0,0.0
dlkcat,r_4192_ENZ_YHR109W_FWD,0.0,0.0
dlkcat,r_4192_ENZ_YHR109W_REV,0.0,0.0
dlkcat,r_4193_ENZ_YDR440W_FWD,0.0,0.0
dlkcat,r_4193_ENZ_YDR440W_REV,0.0,0.0
dlkcat,r_4193_ENZ_YHR119W_FWD,0.0,0.0
dlkcat,r_4193_ENZ_YHR119W_REV,0.0,0.0
dlkcat,r_4193_ENZ_YJL168C_FWD,0.0,0.0
dlkcat,r_4193_ENZ_YJL168C_REV,0.0,0.0
dlkcat,r_4194_ENZ_YIL023C_FWD,0.0,0.0
dlkcat,r_4194_ENZ_YIL023C_REV,0.0,0.0
dlkcat,r_4195_ENZ_YMR243C_FWD,0.0,0.0
dlkcat,r_4195_ENZ_YMR243C_REV,0.0,0.0
dlkcat,r_4195_ENZ_YOR316C_FWD,0.0,0.0
dlkcat,r_4195_ENZ_YOR316C_REV,0.0,0.0
dlkcat,r_4196_ENZ_YIL043C_FWD,0.0,0.0436194740818161
dlkcat,r_4196_ENZ_YIL043C_REV,0.0,0.0
dlkcat,r_4196_ENZ_YML125C_FWD,0.0,0.0436203942706017
dlkcat,r_4196_ENZ_YML125C_REV,0.0,0.0
dlkcat,r_4197_ENZ_YIL043C_FWD,0.0,0.0
dlkcat,r_4197_ENZ_YIL043C_REV,0.0,0.0
dlkcat,r_4197_ENZ_YKL150W_FWD,0.0,0.0
dlkcat,r_4197_ENZ_YKL150W_REV,0.0,0.0
dlkcat,r_4197_ENZ_YML125C_FWD,0.0,0.0
dlkcat,r_4197_ENZ_YML125C_REV,0.0,0.0
dlkcat,r_4198_ENZ_YIR036C_FWD,0.0,0.0
dlkcat,r_4198_ENZ_YIR036C_REV,0.0,0.0
dlkcat,r_4199_ENZ_YIR038C_FWD,0.0,0.0
dlkcat,r_4199_ENZ_YIR038C_REV,0.0,0.0
dlkcat,r_4200_ENZ_YKR076W_FWD,0.0,0.0
dlkcat,r_4200_ENZ_YKR076W_REV,0.0,0.0
dlkcat,r_4200_ENZ_YMR251W_FWD,0.0,0.0
dlkcat,r_4200_ENZ_YMR251W_REV,0.0,0.0
dlkcat,r_4201_ENZ_YLL060C_FWD,0.0,0.0
dlkcat,r_4201_ENZ_YLL060C_REV,0.0,0.0
dlkcat,r_4202_ENZ_YKL069W_FWD,0.0,1.6949417597528216e-05
dlkcat,r_4202_ENZ_YKL069W_REV,0.0,0.0
dlkcat,r_4203_ENZ_YKL103C_FWD,0.0,0.0
dlkcat,r_4203_ENZ_YKL103C_REV,0.0,9.93549708106778e-05
dlkcat,r_4204_ENZ_YKL103C_FWD,0.0,0.0
dlkcat,r_4204_ENZ_YKL103C_REV,0.0,3.531504597958923e-05
dlkcat,r_4205_ENZ_YKL215C,0.0,3.208893081484167e-05
dlkcat,r_4206_ENZ_YKL218C_FWD,0.0,0.0
dlkcat,r_4206_ENZ_YKL218C_REV,0.0,0.0
dlkcat,r_4207_ENZ_YGR154C_FWD,0.0,0.0
dlkcat,r_4207_ENZ_YGR154C_REV,0.0,0.0
dlkcat,r_4208_ENZ_YKR076W_FWD,0.0,0.0
dlkcat,r_4208_ENZ_YKR076W_REV,0.0,0.0
dlkcat,r_4209_ENZ_YGR154C_FWD,0.0,0.0
dlkcat,r_4209_ENZ_YGR154C_REV,0.0,0.0
dlkcat,r_4210_ENZ_YFL061W_FWD,0.0,0.0
dlkcat,r_4210_ENZ_YFL061W_REV,0.0,0.0
dlkcat,r_4210_ENZ_YNL335W_FWD,0.0,0.0
dlkcat,r_4210_ENZ_YNL335W_REV,0.0,0.0
dlkcat,r_4211_ENZ_YFL060C_FWD,0.0,0.0
dlkcat,r_4211_ENZ_YFL060C_REV,0.0,0.0
dlkcat,r_4211_ENZ_YNL334C_FWD,0.0,0.0
dlkcat,r_4211_ENZ_YNL334C_REV,0.0,0.0
dlkcat,r_4212_ENZ_YFL059W_FWD,0.0,0.0
dlkcat,r_4212_ENZ_YFL059W_REV,0.0,0.0
dlkcat,r_4212_ENZ_YNL333W_FWD,0.0,0.0
dlkcat,r_4212_ENZ_YNL333W_REV,0.0,0.0
dlkcat,r_4214_ENZ_YFR044C_FWD,0.0,3.260652057335278e-05
dlkcat,r_4214_ENZ_YFR044C_REV,0.0,0.0
dlkcat,r_4215_ENZ_YFR044C_FWD,0.0,0.0
dlkcat,r_4215_ENZ_YFR044C_REV,0.0,0.0
dlkcat,r_4216_ENZ_YDL024C_FWD,0.0,0.0001405768240163
dlkcat,r_4216_ENZ_YDL024C_REV,0.0,3.940892245424376e-06
dlkcat,r_4217_ENZ_YDL120W_FWD,0.0,0.0
dlkcat,r_4217_ENZ_YDL120W_REV,0.0,0.0
dlkcat,r_4218_ENZ_YDL219W_FWD,0.0,0.0
dlkcat,r_4218_ENZ_YDL219W_REV,0.0,0.0
dlkcat,r_4219_ENZ_YDL219W_FWD,0.0,0.0
dlkcat,r_4219_ENZ_YDL219W_REV,0.0,0.0
dlkcat,r_4220_ENZ_YDL236W_FWD,0.0,0.0
dlkcat,r_4220_ENZ_YDL236W_REV,0.0,0.0
dlkcat,r_4221_ENZ_YDL246C_FWD,0.0,0.0
dlkcat,r_4221_ENZ_YDL246C_REV,0.0,0.0
dlkcat,r_4222_ENZ_YDR009W,0.0,-0.0
dlkcat,r_4223_ENZ_YDR036C,0.0,-0.0
dlkcat,r_4224_ENZ_YDR038C,0.0,0.0002600696214827
dlkcat,r_4224_ENZ_YDR039C,0.0,0.0002747714041504
dlkcat,r_4224_ENZ_YDR040C,0.0,0.0002173866620986
dlkcat,r_4225_ENZ_YDR051C_FWD,0.0,0.0
dlkcat,r_4225_ENZ_YDR051C_REV,0.0,0.0
dlkcat,r_4225_ENZ_YOL075C_FWD,0.0,0.0
dlkcat,r_4225_ENZ_YOL075C_REV,0.0,0.0
dlkcat,r_4226_ENZ_YDR111C_FWD,0.0,0.0004096064756165
dlkcat,r_4226_ENZ_YDR111C_REV,0.0,0.0035574109156638
dlkcat,r_4227_ENZ_YDR242W_FWD,0.0,0.0
dlkcat,r_4227_ENZ_YDR242W_REV,0.0,0.0
dlkcat,r_4228_ENZ_YDR242W,0.0,-0.0
dlkcat,r_4230_ENZ_YDR242W_FWD,0.0,0.0
dlkcat,r_4230_ENZ_YDR242W_REV,0.0,0.0
dlkcat,r_4231_ENZ_YDR242W_FWD,0.0,0.0
dlkcat,r_4231_ENZ_YDR242W_REV,0.0,0.0
dlkcat,r_4232_ENZ_YDR248C_FWD,0.0,0.0003388834811826
dlkcat,r_4232_ENZ_YDR248C_REV,0.0,0.0
dlkcat,r_4233_ENZ_YDR410C_FWD,0.0,0.0
dlkcat,r_4233_ENZ_YDR410C_REV,0.0,0.0
dlkcat,r_4234_ENZ_YDR437W_and_YGR216C_and_YNL038W_and_YPL076W_and_YPL175W_and_YPL096C-A_FWD,0.0,0.0
dlkcat,r_4234_ENZ_YDR437W_and_YGR216C_and_YNL038W_and_YPL076W_and_YPL175W_and_YPL096C-A_REV,0.0,0.0
dlkcat,r_4236_ENZ_YDR533C_FWD,0.0,0.0042486620660262
dlkcat,r_4236_ENZ_YDR533C_REV,0.0,0.0071105358789393
dlkcat,r_4236_ENZ_YMR322C_FWD,0.0,0.0128905553609482
dlkcat,r_4236_ENZ_YMR322C_REV,0.0,0.0012509170413328
dlkcat,r_4236_ENZ_YOR391C_FWD,0.0,0.0143386487269962
dlkcat,r_4236_ENZ_YOR391C_REV,0.0,0.0012555451701912
dlkcat,r_4236_ENZ_YPL280W_FWD,0.0,0.0156261846405844
dlkcat,r_4236_ENZ_YPL280W_REV,0.0,0.0041341240473135
dlkcat,r_4237_ENZ_YGL006W,0.0,0.0
dlkcat,r_4238_ENZ_YGL167C,0.0,-0.0
dlkcat,r_4239_ENZ_YGL017W_FWD,0.0,0.0
dlkcat,r_4239_ENZ_YGL017W_REV,0.0,0.0
dlkcat,r_4241_ENZ_YGL027C_FWD,0.0,0.0
dlkcat,r_4241_ENZ_YGL027C_REV,0.0,0.0
dlkcat,r_4242_ENZ_YGL038C_FWD,0.0,0.0
dlkcat,r_4242_ENZ_YGL038C_REV,0.0,0.0
dlkcat,r_4243_ENZ_YGL065C_FWD,0.0,0.0
dlkcat,r_4243_ENZ_YGL065C_REV,0.0,0.0
dlkcat,r_4244_ENZ_YGL065C_FWD,0.0,0.0
dlkcat,r_4244_ENZ_YGL065C_REV,0.0,0.0
dlkcat,r_4245_ENZ_YGL156W,0.0,-0.0
dlkcat,r_4246_ENZ_YGL156W,0.0,-0.0
dlkcat,r_4247_ENZ_YGL169W,0.0,0.0
dlkcat,r_4248_ENZ_YGL196W,0.0,0.0
dlkcat,r_4249_ENZ_YGR012W_FWD,0.0,5.336482547546595e-05
dlkcat,r_4249_ENZ_YGR012W_REV,0.0,0.0
dlkcat,r_4250_ENZ_YGR036C_FWD,0.0,0.0
dlkcat,r_4250_ENZ_YGR036C_REV,0.0,0.0
dlkcat,r_4251_ENZ_YGR046W_FWD,0.0,0.0
dlkcat,r_4251_ENZ_YGR046W_REV,0.0,0.0
dlkcat,r_4252_ENZ_YGR144W_FWD,0.0,0.0
dlkcat,r_4252_ENZ_YGR144W_REV,0.0,0.0
dlkcat,r_4253_ENZ_YGR227W_FWD,0.0,0.0
dlkcat,r_4253_ENZ_YGR227W_REV,0.0,0.0
dlkcat,r_4254_ENZ_YGR234W,0.0,0.0
dlkcat,r_4255_ENZ_YGR234W,0.0,0.0
dlkcat,r_4256_ENZ_YJL046W,0.0,0.0
dlkcat,r_4258_ENZ_YJL046W,0.0,-0.0
dlkcat,r_4260_ENZ_YJL126W_FWD,0.0,0.0
dlkcat,r_4260_ENZ_YJL126W_REV,0.0,0.0
dlkcat,r_4261_ENZ_YJL126W_FWD,0.0,0.0
dlkcat,r_4261_ENZ_YJL126W_REV,0.0,0.0
dlkcat,r_4262_ENZ_YJL200C_FWD,0.5391277500703858,0.5469336955779716
dlkcat,r_4262_ENZ_YJL200C_REV,0.0,0.0026985853836396
dlkcat,r_4263_ENZ_YJR040W_FWD,0.0,0.0
dlkcat,r_4263_ENZ_YJR040W_REV,0.0,0.0
dlkcat,r_4264_ENZ_YJR051W,0.0,0.0002664082613179
dlkcat,r_4265_ENZ_YJR069C,0.0,-0.0
dlkcat,r_4266_ENZ_YJR069C,0.0005555016661729,0.0015353540720739
dlkcat,r_4267_ENZ_YJR069C,0.0,0.0002657704949299
dlkcat,r_4268_ENZ_YJR069C,0.0,0.0002721185571576
dlkcat,r_4269_ENZ_YJR069C_FWD,0.0,0.0
dlkcat,r_4269_ENZ_YJR069C_REV,0.0,0.0
dlkcat,r_4270_ENZ_YJR104C,0.0,-0.0
dlkcat,r_4271_ENZ_YJR131W_FWD,0.0,0.0
dlkcat,r_4271_ENZ_YJR131W_REV,0.0,0.0
dlkcat,r_4271_ENZ_YLR057W_FWD,0.0,0.0
dlkcat,r_4271_ENZ_YLR057W_REV,0.0,0.0
dlkcat,r_4272_ENZ_YJR131W_FWD,0.0,0.0
dlkcat,r_4272_ENZ_YJR131W_REV,0.0,0.0
dlkcat,r_4272_ENZ_YLR057W_FWD,0.0,0.0
dlkcat,r_4272_ENZ_YLR057W_REV,0.0,0.0
dlkcat,r_4273_ENZ_YJR149W_FWD,0.0,0.0
dlkcat,r_4273_ENZ_YJR149W_REV,0.0,0.0
dlkcat,r_4274_ENZ_YLL058W,0.0,4.288288256130285e-05
dlkcat,r_4274_ENZ_YML082W,0.0,5.232685542984339e-05
dlkcat,r_4275_ENZ_YKL220C_FWD,0.0,0.0
dlkcat,r_4275_ENZ_YKL220C_REV,0.0,0.0
dlkcat,r_4275_ENZ_YLR047C_FWD,0.0,0.0
dlkcat,r_4275_ENZ_YLR047C_REV,0.0,0.0
dlkcat,r_4275_ENZ_YLR214W_FWD,0.0,0.0
dlkcat,r_4275_ENZ_YLR214W_REV,0.0,0.0
dlkcat,r_4275_ENZ_YNR060W_FWD,0.0,0.0
dlkcat,r_4275_ENZ_YNR060W_REV,0.0,0.0
dlkcat,r_4275_ENZ_YOL152W_FWD,0.0,0.0
dlkcat,r_4275_ENZ_YOL152W_REV,0.0,0.0
dlkcat,r_4275_ENZ_YOR381W_FWD,0.0,0.0
dlkcat,r_4275_ENZ_YOR381W_REV,0.0,0.0
dlkcat,r_4275_ENZ_YOR384W_FWD,0.0,0.0
dlkcat,r_4275_ENZ_YOR384W_REV,0.0,0.0
dlkcat,r_4276_ENZ_YLL051C_FWD,0.0,0.0
dlkcat,r_4276_ENZ_YLL051C_REV,0.0,0.0
dlkcat,r_4277_ENZ_YLR099C_FWD,0.0,0.0
dlkcat,r_4277_ENZ_YLR099C_REV,0.0,0.0
dlkcat,r_4277_ENZ_YPR139C_FWD,0.0,0.0
dlkcat,r_4277_ENZ_YPR139C_REV,0.0,0.0
dlkcat,r_4278_ENZ_YLR143W,0.0,-0.0
dlkcat,r_4279_ENZ_YLR151C,0.0,-0.0
dlkcat,r_4280_ENZ_YLR239C_FWD,0.0,1000.0
dlkcat,r_4280_ENZ_YLR239C_REV,0.0,1000.0
dlkcat,r_4281_ENZ_YLR239C_FWD,0.0,1000.0
dlkcat,r_4281_ENZ_YLR239C_REV,0.0,1000.0
dlkcat,r_4282_ENZ_YLR345W,0.0,0.0
dlkcat,r_4283_ENZ_YLR446W,0.0,0.0
dlkcat,r_4284_ENZ_YLR446W,0.0,-0.0
dlkcat,r_4285_ENZ_YLR446W,0.0,0.0
dlkcat,r_4286_ENZ_YLR446W,0.0,0.0
dlkcat,r_4287_ENZ_YLR446W,0.0,-0.0
dlkcat,r_4288_ENZ_YMR099C_FWD,0.0,0.0
dlkcat,r_4288_ENZ_YMR099C_REV,0.0,0.0
dlkcat,r_4291_ENZ_YMR110C_FWD,0.0,0.0
dlkcat,r_4291_ENZ_YMR110C_REV,0.0,0.0
dlkcat,r_4292_ENZ_YMR110C_FWD,0.0,0.0
dlkcat,r_4292_ENZ_YMR110C_REV,0.0,0.0016236679809504
dlkcat,r_4293_ENZ_YMR110C,0.0,0.0015853622373497
dlkcat,r_4294_ENZ_YMR110C,0.0,0.0
dlkcat,r_4295_ENZ_YMR110C_FWD,0.0,0.0
dlkcat,r_4295_ENZ_YMR110C_REV,0.0,0.0
dlkcat,r_4296_ENZ_YMR110C,0.0,-0.0
dlkcat,r_4297_ENZ_YMR110C_FWD,0.0,0.0
dlkcat,r_4297_ENZ_YMR110C_REV,0.0,0.0
dlkcat,r_4298_ENZ_YMR110C_FWD,0.0,0.0
dlkcat,r_4298_ENZ_YMR110C_REV,0.0,0.0
dlkcat,r_4299_ENZ_YMR110C_FWD,0.0,0.0
dlkcat,r_4299_ENZ_YMR110C_REV,0.0,0.0
dlkcat,r_4300_ENZ_YMR110C_FWD,0.0,0.0
dlkcat,r_4300_ENZ_YMR110C_REV,0.0,0.0
dlkcat,r_4301_ENZ_YMR110C_FWD,0.0,0.0
dlkcat,r_4301_ENZ_YMR110C_REV,0.0,0.0
dlkcat,r_4302_ENZ_YMR110C_FWD,0.0,0.0
dlkcat,r_4302_ENZ_YMR110C_REV,0.0,0.0
dlkcat,r_4303_ENZ_YMR110C_FWD,0.0,0.0
dlkcat,r_4303_ENZ_YMR110C_REV,0.0,0.0
dlkcat,r_4304_ENZ_YMR110C_FWD,0.0,0.0
dlkcat,r_4304_ENZ_YMR110C_REV,0.0,0.0
dlkcat,r_4305_ENZ_YMR110C_FWD,0.0,0.0
dlkcat,r_4305_ENZ_YMR110C_REV,0.0,0.0
dlkcat,r_4306_ENZ_YMR110C_FWD,0.0,0.0
dlkcat,r_4306_ENZ_YMR110C_REV,0.0,0.0
dlkcat,r_4307_ENZ_YMR110C_FWD,0.0,0.0
dlkcat,r_4307_ENZ_YMR110C_REV,0.0,0.0
dlkcat,r_4308_ENZ_YMR162C,0.0,-0.0
dlkcat,r_4309_ENZ_YMR210W,0.0,-0.0
dlkcat,r_4310_ENZ_YNL048W_FWD,0.0,0.0
dlkcat,r_4310_ENZ_YNL048W_REV,0.0,0.0
dlkcat,r_4311_ENZ_YNL048W_FWD,0.0,0.0
dlkcat,r_4311_ENZ_YNL048W_REV,0.0,0.0
dlkcat,r_4312_ENZ_YNL092W_FWD,0.0,0.0
dlkcat,r_4312_ENZ_YNL092W_REV,0.0,0.0
dlkcat,r_4313_ENZ_YNL219C_FWD,0.0,0.0
dlkcat,r_4313_ENZ_YNL219C_REV,0.0,0.0
dlkcat,r_4314_ENZ_YNL219C_FWD,0.0,0.0
dlkcat,r_4314_ENZ_YNL219C_REV,0.0,0.0
dlkcat,r_4315_ENZ_YNL274C_FWD,0.0,0.0
dlkcat,r_4315_ENZ_YNL274C_REV,0.0,0.0
dlkcat,r_4316_ENZ_YNR030W_FWD,0.0,0.0
dlkcat,r_4316_ENZ_YNR030W_REV,0.0,0.0
dlkcat,r_4317_ENZ_YOL157C_FWD,0.0,0.0
dlkcat,r_4317_ENZ_YOL157C_REV,0.0,0.0
dlkcat,r_4318_ENZ_YOL157C_FWD,0.0,0.0
dlkcat,r_4318_ENZ_YOL157C_REV,0.0,0.0
dlkcat,r_4319_ENZ_YOL157C_FWD,0.0,0.0
dlkcat,r_4319_ENZ_YOL157C_REV,0.0,0.0
dlkcat,r_4320_ENZ_YOR002W_FWD,0.0,0.0
dlkcat,r_4320_ENZ_YOR002W_REV,0.0,0.0
dlkcat,r_4321_ENZ_YOR067C_FWD,0.0,0.0
dlkcat,r_4321_ENZ_YOR067C_REV,0.0,0.0
dlkcat,r_4322_ENZ_YOR149C_FWD,0.0,0.0
dlkcat,r_4322_ENZ_YOR149C_REV,0.0,0.0
dlkcat,r_4323_ENZ_YOR196C_FWD,0.0,1000.0
dlkcat,r_4323_ENZ_YOR196C_REV,0.0,1000.0
dlkcat,r_4324_ENZ_YOR196C_FWD,0.0,1000.0
dlkcat,r_4324_ENZ_YOR196C_REV,0.0,1000.0
dlkcat,r_4325_ENZ_YOR226C,0.0,0.0
dlkcat,r_4325_ENZ_YPL135W,0.0,0.0
dlkcat,r_4326_ENZ_YOR251C_FWD,0.0,0.0
dlkcat,r_4326_ENZ_YOR251C_REV,0.0,0.0
dlkcat,r_4326_ENZ_YOR285W_FWD,0.0,0.0
dlkcat,r_4326_ENZ_YOR285W_REV,0.0,0.0
dlkcat,r_4326_ENZ_YOR286W_FWD,0.0,0.0
dlkcat,r_4326_ENZ_YOR286W_REV,0.0,0.0
dlkcat,r_4327_ENZ_YOR334W_FWD,0.0,0.0
dlkcat,r_4327_ENZ_YOR334W_REV,0.0,0.0
dlkcat,r_4327_ENZ_YPL060W_FWD,0.0,0.0
dlkcat,r_4327_ENZ_YPL060W_REV,0.0,0.0
dlkcat,r_4328_ENZ_YPL227C_FWD,0.0,0.0
dlkcat,r_4328_ENZ_YPL227C_REV,0.0,0.0
dlkcat,r_4329_ENZ_YPR003C_FWD,0.0,0.0
dlkcat,r_4329_ENZ_YPR003C_REV,0.0,0.0
dlkcat,r_4330_ENZ_YPR127W_FWD,0.0,0.0
dlkcat,r_4330_ENZ_YPR127W_REV,0.0,0.0003606033636067
dlkcat,r_4331_ENZ_YDR371W_FWD,0.0,0.0
dlkcat,r_4331_ENZ_YDR371W_REV,0.0,0.0
dlkcat,r_4331_ENZ_YLR286C_FWD,0.0,0.0
dlkcat,r_4331_ENZ_YLR286C_REV,0.0,0.0
dlkcat,r_4332_ENZ_YOR161C_FWD,0.0,0.0001109171036118
dlkcat,r_4332_ENZ_YOR161C_REV,0.0,0.0
dlkcat,r_4333_ENZ_YDR452W_FWD,0.0,0.0016586286950267
dlkcat,r_4333_ENZ_YDR452W_REV,14.853386938608274,14.861474790493215
dlkcat,r_4333_ENZ_YHR201C_FWD,0.0,0.0
dlkcat,r_4333_ENZ_YHR201C_REV,0.0,0.0
dlkcat,r_4334_ENZ_YDR270W,0.0,0.0
dlkcat,r_4335_ENZ_YDR452W,0.0,0.0004702167576402
dlkcat,r_4336_ENZ_YLR351C_FWD,0.0,0.0
dlkcat,r_4336_ENZ_YLR351C_REV,0.0,0.0
dlkcat,r_4337_ENZ_YMR301C_FWD,0.0,0.0
dlkcat,r_4337_ENZ_YMR301C_REV,0.0,0.0
dlkcat,r_4338_ENZ_YOL157C_FWD,0.0,0.0
dlkcat,r_4338_ENZ_YOL157C_REV,0.0,0.0
dlkcat,r_4339_ENZ_YEL004W_FWD,0.0,0.0
dlkcat,r_4339_ENZ_YEL004W_REV,0.0,0.0
dlkcat,r_4340_ENZ_YEL066W_FWD,0.0,0.0
dlkcat,r_4340_ENZ_YEL066W_REV,0.0,0.0
dlkcat,r_4341_FWD,0.0,0.0
dlkcat,r_4341_REV,0.0,0.0
dlkcat,r_4342,0.0,0.0
dlkcat,r_4343_FWD,0.0,0.0
dlkcat,r_4343_REV,0.0,0.0
dlkcat,r_4344,0.0,0.0
dlkcat,r_4345,0.0,0.0
dlkcat,r_4346_FWD,0.0,0.0
dlkcat,r_4346_REV,0.0,0.0
dlkcat,r_4347,0.0,0.0
dlkcat,r_4348_FWD,0.0,0.0
dlkcat,r_4348_REV,0.0,0.0
dlkcat,r_4349_FWD,0.0,0.0
dlkcat,r_4349_REV,0.0,0.0
dlkcat,r_4350,0.0,0.0
dlkcat,r_4351,0.0,0.0
dlkcat,r_4352_FWD,0.0,0.0
dlkcat,r_4352_REV,0.0,0.0
dlkcat,r_4353,0.0,0.0
dlkcat,r_4354,0.0,0.0
dlkcat,r_4355_FWD,0.0,0.0001702902785342
dlkcat,r_4355_REV,0.0,0.0
dlkcat,r_4356_FWD,0.0,0.0
dlkcat,r_4356_REV,0.0,0.0002098119165921
dlkcat,r_4357,0.0,0.0
dlkcat,r_4358_FWD,0.0,0.0
dlkcat,r_4358_REV,0.0,0.0
dlkcat,r_4359,0.0,0.0
dlkcat,r_4360_FWD,0.0,0.0
dlkcat,r_4360_REV,0.0,0.0
dlkcat,r_4361_ENZ_YJR152W_FWD,0.0,0.0
dlkcat,r_4361_ENZ_YJR152W_REV,0.0,0.0
dlkcat,r_4361_ENZ_YKR093W_FWD,0.0,0.0
dlkcat,r_4361_ENZ_YKR093W_REV,0.0,0.0
dlkcat,r_4362,0.0,0.0
dlkcat,r_4363,0.0,-0.0
dlkcat,r_4364_FWD,0.0,0.0
dlkcat,r_4364_REV,0.0,0.0
dlkcat,r_4365_FWD,0.0,0.0
dlkcat,r_4365_REV,0.0,0.0
dlkcat,r_4366_FWD,0.0,0.0
dlkcat,r_4366_REV,0.0,1.5442420431915904e-05
dlkcat,r_4367_FWD,0.0,0.0
dlkcat,r_4367_REV,0.0,1.8412289494132428e-05
dlkcat,r_4368,0.0,0.0
dlkcat,r_4369_FWD,0.0,0.0
dlkcat,r_4369_REV,0.0,0.0
dlkcat,r_4370,0.0,0.0
dlkcat,r_4371_FWD,0.0,0.0
dlkcat,r_4371_REV,0.0,0.0
dlkcat,r_4372_ENZ_YGR247W,0.0,0.0
dlkcat,r_4373_FWD,0.0,0.0
dlkcat,r_4373_REV,0.0,0.0
dlkcat,r_4374,0.0,0.0
dlkcat,r_4375_FWD,0.0,0.0
dlkcat,r_4375_REV,0.0,0.0
dlkcat,r_4376,0.0,0.0
dlkcat,r_4377_FWD,0.0,0.0
dlkcat,r_4377_REV,0.0,0.0
dlkcat,r_4378,0.0,0.0
dlkcat,r_4379_FWD,0.0,0.0
dlkcat,r_4379_REV,0.0,0.0
dlkcat,r_4380_FWD,0.0,0.0
dlkcat,r_4380_REV,0.0,1.6273290465357304e-05
dlkcat,r_4381_FWD,0.0,0.0
dlkcat,r_4381_REV,0.0,1.6273208346045953e-05
dlkcat,r_4382_FWD,0.0,0.0
dlkcat,r_4382_REV,0.0,0.0
dlkcat,r_4383_FWD,0.0,0.0
dlkcat,r_4383_REV,0.0,0.0
dlkcat,r_4384,0.0,0.0
dlkcat,r_4385_FWD,0.0,0.0
dlkcat,r_4385_REV,0.0,0.0
dlkcat,r_4386,0.0,0.0
dlkcat,r_4387_ENZ_YJR152W_FWD,0.0,0.0
dlkcat,r_4387_ENZ_YJR152W_REV,0.0,0.0
dlkcat,r_4387_ENZ_YKR093W_FWD,0.0,0.0
dlkcat,r_4387_ENZ_YKR093W_REV,0.0,0.0
dlkcat,r_4388_ENZ_YGR247W,0.0,0.0
dlkcat,r_4389_FWD,0.0,0.0
dlkcat,r_4389_REV,0.0,0.0
dlkcat,r_4390_FWD,0.0,0.0
dlkcat,r_4390_REV,0.0,0.0
dlkcat,r_4391,0.0,-0.0
dlkcat,r_4392_FWD,0.0,0.0
dlkcat,r_4392_REV,0.0,0.0
dlkcat,r_4393,0.0,0.0
dlkcat,r_4394_FWD,0.0,0.0
dlkcat,r_4394_REV,0.0,0.0
dlkcat,r_4395_ENZ_YDL245C_FWD,0.0,4.1015368879016013e-10
dlkcat,r_4395_ENZ_YDL245C_REV,0.0,2.558530152185768e-07
dlkcat,r_4395_ENZ_YDR342C_FWD,0.0,1.423683926304875e-08
dlkcat,r_4395_ENZ_YDR342C_REV,0.0,2.5512036927466397e-09
dlkcat,r_4395_ENZ_YDR343C_FWD,0.0,0.0
dlkcat,r_4395_ENZ_YDR343C_REV,0.0,2.5512036927466397e-09
dlkcat,r_4395_ENZ_YDR345C_FWD,0.0,0.0
dlkcat,r_4395_ENZ_YDR345C_REV,0.0,0.0
dlkcat,r_4395_ENZ_YEL069C_FWD,0.0,1.4806857961957574e-09
dlkcat,r_4395_ENZ_YEL069C_REV,0.0,1.6788035850368033e-08
dlkcat,r_4395_ENZ_YFL011W_FWD,0.0,0.0
dlkcat,r_4395_ENZ_YFL011W_REV,0.0,0.0
dlkcat,r_4395_ENZ_YHR092C_FWD,0.0,0.0
dlkcat,r_4395_ENZ_YHR092C_REV,0.0,1.0705463182603123e-09
dlkcat,r_4395_ENZ_YHR094C_FWD,0.0,3.0366606118548134e-07
dlkcat,r_4395_ENZ_YHR094C_REV,0.0,2.5512036927466397e-09
dlkcat,r_4395_ENZ_YHR096C_FWD,0.0,1.60326862896909e-10
dlkcat,r_4395_ENZ_YHR096C_REV,0.0,2.506084229025873e-10
dlkcat,r_4395_ENZ_YJL214W_FWD,0.0,4.781304596690462e-08
dlkcat,r_4395_ENZ_YJL214W_REV,0.0,0.0
dlkcat,r_4395_ENZ_YJL219W_FWD,0.0,4.781304596690462e-08
dlkcat,r_4395_ENZ_YJL219W_REV,0.0,2.5512036927466397e-09
dlkcat,r_4395_ENZ_YJR158W_FWD,0.0,4.1015368879016013e-10
dlkcat,r_4395_ENZ_YJR158W_REV,0.0,2.558530152185768e-07
dlkcat,r_4395_ENZ_YMR011W_FWD,0.0,4.7812960701776326e-08
dlkcat,r_4395_ENZ_YMR011W_REV,0.0,2.5512036927466397e-09
dlkcat,r_4395_ENZ_YNR072W_FWD,0.0,4.781304596690462e-08
dlkcat,r_4395_ENZ_YNR072W_REV,0.0,1.6788035850368033e-08
dlkcat,r_4395_ENZ_YOL156W_FWD,0.0,4.7812960701776326e-08
dlkcat,r_4395_ENZ_YOL156W_REV,0.0,0.0
dlkcat,r_4396,0.0,0.0002055731500151
dlkcat,r_4397_FWD,0.0,0.0
dlkcat,r_4397_REV,0.0,1.997327223790535e-05
dlkcat,r_4398_ENZ_YJR152W_FWD,0.0,0.0
dlkcat,r_4398_ENZ_YJR152W_REV,0.0,0.0
dlkcat,r_4398_ENZ_YKR093W_FWD,0.0,0.0
dlkcat,r_4398_ENZ_YKR093W_REV,0.0,0.0
dlkcat,r_4399_FWD,0.0,0.0
dlkcat,r_4399_REV,0.0,0.0
dlkcat,r_4400_ENZ_YBR299W,0.0,0.0
dlkcat,r_4400_ENZ_YGR292W,0.0,0.0
dlkcat,r_4401_FWD,0.0,0.0
dlkcat,r_4401_REV,0.0,0.0
dlkcat,r_4402_ENZ_YJR152W_FWD,0.0,0.0
dlkcat,r_4402_ENZ_YJR152W_REV,0.0,0.0
dlkcat,r_4402_ENZ_YKR093W_FWD,0.0,0.0
dlkcat,r_4402_ENZ_YKR093W_REV,0.0,0.0
dlkcat,r_4403_ENZ_YDR452W,0.0,0.0
dlkcat,r_4403_ENZ_YHR201C,0.0,0.0
dlkcat,r_4404_ENZ_YJR152W_FWD,0.0,0.0
dlkcat,r_4404_ENZ_YJR152W_REV,0.0,0.0
dlkcat,r_4404_ENZ_YKR093W_FWD,0.0,0.0
dlkcat,r_4404_ENZ_YKR093W_REV,0.0,0.0
dlkcat,r_4405_FWD,0.0,0.0
dlkcat,r_4405_REV,0.0,0.0
dlkcat,r_4406_FWD,0.0,0.0
dlkcat,r_4406_REV,0.0,0.0
dlkcat,r_4407_FWD,0.0,0.0
dlkcat,r_4407_REV,0.0,0.0
dlkcat,r_4408_ENZ_YJR152W_FWD,0.0,0.0
dlkcat,r_4408_ENZ_YJR152W_REV,0.0,0.0
dlkcat,r_4408_ENZ_YKR093W_FWD,0.0,0.0
dlkcat,r_4408_ENZ_YKR093W_REV,0.0,0.0
dlkcat,r_4409,0.0,0.0
dlkcat,r_4410_FWD,0.0,0.0
dlkcat,r_4410_REV,0.0,0.0001588181801325
dlkcat,r_4411,0.0,0.0
dlkcat,r_4412_ENZ_YGR247W,0.0,0.0
dlkcat,r_4413,0.0,0.0
dlkcat,r_4414,0.0,0.0
dlkcat,r_4415,0.0,0.0
dlkcat,r_4416,0.0,0.0
dlkcat,r_4417,0.0,0.0
dlkcat,r_4418,0.0,0.0
dlkcat,r_4419_FWD,0.0,0.0
dlkcat,r_4419_REV,0.0,0.0
dlkcat,r_4420_ENZ_YBR299W_FWD,0.0,0.0
dlkcat,r_4420_ENZ_YBR299W_REV,0.0,0.0
dlkcat,r_4420_ENZ_YGR292W_FWD,0.0,0.0
dlkcat,r_4420_ENZ_YGR292W_REV,0.0,0.0
dlkcat,r_4421_FWD,0.0,0.0
dlkcat,r_4421_REV,0.0,0.0
dlkcat,r_4422_FWD,0.0,0.0
dlkcat,r_4422_REV,0.0,0.0001588181838167
dlkcat,r_4423_FWD,0.0,0.0
dlkcat,r_4423_REV,0.0,0.0
dlkcat,r_4424_ENZ_YJR152W_FWD,0.0,0.0
dlkcat,r_4424_ENZ_YJR152W_REV,0.0,0.0
dlkcat,r_4424_ENZ_YKR093W_FWD,0.0,0.0
dlkcat,r_4424_ENZ_YKR093W_REV,0.0,0.0
dlkcat,r_4425_FWD,0.0,0.0
dlkcat,r_4425_REV,0.0,0.0
dlkcat,r_4426_FWD,0.0,0.0
dlkcat,r_4426_REV,0.0,0.0
dlkcat,r_4427_FWD,0.0,0.0
dlkcat,r_4427_REV,0.0,1.4489145401558323e-05
dlkcat,r_4428_FWD,0.0,0.0
dlkcat,r_4428_REV,0.0,0.0
dlkcat,r_4429_ENZ_YJR152W_FWD,0.0,0.0
dlkcat,r_4429_ENZ_YJR152W_REV,0.0,0.0
dlkcat,r_4429_ENZ_YKR093W_FWD,0.0,0.0
dlkcat,r_4429_ENZ_YKR093W_REV,0.0,0.0
dlkcat,r_4430_FWD,0.0,0.0
dlkcat,r_4430_REV,0.0,0.0
dlkcat,r_4431_FWD,0.0,0.0
dlkcat,r_4431_REV,0.0,0.0
dlkcat,r_4432,0.0,0.0
dlkcat,r_4433_FWD,0.0,0.0
dlkcat,r_4433_REV,0.0,0.0
dlkcat,r_4434_FWD,0.0,0.0
dlkcat,r_4434_REV,0.0,0.0
dlkcat,r_4435_ENZ_YER062C,0.0,0.0
dlkcat,r_4435_ENZ_YIL053W,0.0,0.0
dlkcat,r_4436,0.0,0.0
dlkcat,r_4437_ENZ_YJR152W_FWD,0.0,0.0
dlkcat,r_4437_ENZ_YJR152W_REV,0.0,0.0
dlkcat,r_4437_ENZ_YKR093W_FWD,0.0,0.0
dlkcat,r_4437_ENZ_YKR093W_REV,0.0,0.0
dlkcat,r_4438_FWD,0.0,0.0
dlkcat,r_4438_REV,0.0,0.0
dlkcat,r_4439,0.0,0.0
dlkcat,r_4440_FWD,0.0,1.4642599018842683e-05
dlkcat,r_4440_REV,0.0,0.0
dlkcat,r_4441_FWD,0.0,0.0
dlkcat,r_4441_REV,0.0,0.0
dlkcat,r_4442,0.0,0.0
dlkcat,r_4443_FWD,0.0,0.0
dlkcat,r_4443_REV,0.0,0.0
dlkcat,r_4444_FWD,0.0,0.0
dlkcat,r_4444_REV,0.0,0.0002533831847006
dlkcat,r_4445_FWD,0.0,0.0
dlkcat,r_4445_REV,0.0,0.0003248734403835
dlkcat,r_4446_FWD,0.0,0.0
dlkcat,r_4446_REV,0.0,0.0001946825363419
dlkcat,r_4447_FWD,0.0,0.0
dlkcat,r_4447_REV,0.0,6.50179484588953e-05
dlkcat,r_4448_ENZ_YJR152W_FWD,0.0,0.0
dlkcat,r_4448_ENZ_YJR152W_REV,0.0,1.5581937577779925e-05
dlkcat,r_4448_ENZ_YKR093W_FWD,0.0,0.0
dlkcat,r_4448_ENZ_YKR093W_REV,0.0,1.572456821895274e-05
dlkcat,r_4449_FWD,0.0,0.0
dlkcat,r_4449_REV,0.0,1.572456821895274e-05
dlkcat,r_4450_FWD,0.0,0.0
dlkcat,r_4450_REV,0.0,0.0001750646273982
dlkcat,r_4451_FWD,0.0,0.0
dlkcat,r_4451_REV,0.0,1.6125194224479028e-05
dlkcat,r_4452_FWD,0.0,0.0
dlkcat,r_4452_REV,0.0,0.0
dlkcat,r_4453_FWD,0.0,0.0
dlkcat,r_4453_REV,0.0,0.0001960270814889
dlkcat,r_4454_FWD,0.0,0.0
dlkcat,r_4454_REV,0.0,2.621239352932833e-05
dlkcat,r_4455_FWD,0.0,0.0
dlkcat,r_4455_REV,0.0,0.0002084701463944
dlkcat,r_4456_FWD,0.0,0.0
dlkcat,r_4456_REV,0.0,0.0001946726913719
dlkcat,r_4457_ENZ_YDR093W_FWD,0.0,0.0
dlkcat,r_4457_ENZ_YDR093W_REV,0.0,0.0
dlkcat,r_4458_FWD,0.0,0.0
dlkcat,r_4458_REV,0.0,0.0002084672256081
dlkcat,r_4459_FWD,0.0,0.0
dlkcat,r_4459_REV,0.0,0.0002879353798119
dlkcat,r_4460_FWD,0.0,0.0
dlkcat,r_4460_REV,0.9299787655358728,0.93176821913111
dlkcat,r_4461_FWD,0.0,0.0
dlkcat,r_4461_REV,0.0,1.5340722148388802e-05
dlkcat,r_4462_FWD,0.0,0.0
dlkcat,r_4462_REV,0.0,0.0
dlkcat,r_4463_FWD,0.0,0.0
dlkcat,r_4463_REV,0.0,1.6440782568016843e-05
dlkcat,r_4464_FWD,0.0,0.0
dlkcat,r_4464_REV,0.0,0.0
dlkcat,r_4465_FWD,0.0,0.0
dlkcat,r_4465_REV,0.0,0.0
dlkcat,r_4466_FWD,0.0,0.0
dlkcat,r_4466_REV,0.0,2.7366860323802672e-05
dlkcat,r_4467_FWD,0.0,0.0
dlkcat,r_4467_REV,0.0,0.0
dlkcat,r_4468_ENZ_YDR342C_FWD,0.0,0.0
dlkcat,r_4468_ENZ_YDR342C_REV,0.0,0.0
dlkcat,r_4468_ENZ_YHR092C_FWD,0.0,0.0
dlkcat,r_4468_ENZ_YHR092C_REV,0.0,0.0
dlkcat,r_4469_ENZ_YKR039W_FWD,0.0,0.0
dlkcat,r_4469_ENZ_YKR039W_REV,0.0,2.5404817370899835e-05
dlkcat,r_4470_FWD,0.0,0.0
dlkcat,r_4470_REV,0.0,0.0001142222357931
dlkcat,r_4471_ENZ_YJR152W_FWD,0.0,0.0
dlkcat,r_4471_ENZ_YJR152W_REV,0.0,3.274444898465623e-05
dlkcat,r_4471_ENZ_YKR093W_FWD,0.0,0.0
dlkcat,r_4471_ENZ_YKR093W_REV,0.0,3.300037414682988e-05
dlkcat,r_4472_FWD,0.0,0.0
dlkcat,r_4472_REV,0.0,3.300037414682988e-05
dlkcat,r_4473_ENZ_YJR152W_FWD,0.0,0.0
dlkcat,r_4473_ENZ_YJR152W_REV,0.0,0.0001182851507301
dlkcat,r_4473_ENZ_YKR093W_FWD,0.0,0.0
dlkcat,r_4473_ENZ_YKR093W_REV,0.0,0.0001408718378627
dlkcat,r_4474_FWD,0.0,0.0
dlkcat,r_4474_REV,0.0,0.0001395482537532
dlkcat,r_4475_FWD,0.0,0.0
dlkcat,r_4475_REV,0.0,7.247974430335535e-05
dlkcat,r_4476_FWD,0.0,0.0
dlkcat,r_4476_REV,0.0,7.247974434498872e-05
dlkcat,r_4477_FWD,0.0,0.0
dlkcat,r_4477_REV,0.0,0.0
dlkcat,r_4478_FWD,0.0,0.0
dlkcat,r_4478_REV,0.0,2.147261011423152e-05
dlkcat,r_4479_FWD,0.0,0.0
dlkcat,r_4479_REV,0.0,0.0
dlkcat,r_4480_FWD,0.0,0.0
dlkcat,r_4480_REV,0.0,0.0
dlkcat,r_4481,0.0,4.763810931204815e-05
dlkcat,r_4482_FWD,0.0,0.0001308711264791
dlkcat,r_4482_REV,0.0,0.0
dlkcat,r_4483_FWD,0.0,0.0001395482542498
dlkcat,r_4483_REV,0.0,0.0
dlkcat,r_4484_ENZ_YJR130C_FWD,0.0,0.0
dlkcat,r_4484_ENZ_YJR130C_REV,0.0,5.276120291442671e-05
dlkcat,r_4484_ENZ_YLL058W_FWD,0.0,0.0
dlkcat,r_4484_ENZ_YLL058W_REV,0.0,5.475729848187366e-05
dlkcat,r_4484_ENZ_YML082W_FWD,0.0,0.0
dlkcat,r_4484_ENZ_YML082W_REV,0.0,5.583480573346372e-05
dlkcat,r_4485,0.0,0.0002026547408251
dlkcat,r_4486,0.0,0.0002026547408251
dlkcat,r_4487,0.0,0.0002026547408251
dlkcat,r_4488,0.0,0.0002026547408251
dlkcat,r_4489,0.0,0.0
dlkcat,r_4490_FWD,0.0,0.0
dlkcat,r_4490_REV,0.0,0.0
dlkcat,r_4491,0.0,0.0
dlkcat,r_4492,0.0,0.0
dlkcat,r_4493_ENZ_YNL065W_FWD,0.0,0.0
dlkcat,r_4493_ENZ_YNL065W_REV,0.0,1.752695847214575e-05
dlkcat,r_4494,0.0,-0.0
dlkcat,r_4495,0.0,0.0
dlkcat,r_4496,0.0,0.000100387759929
dlkcat,r_4497,0.0,0.0001241481281619
dlkcat,r_4498,0.0,0.0
dlkcat,r_4499,0.0,0.0
dlkcat,r_4500,0.0,-0.0
dlkcat,r_4501,0.0,0.0
dlkcat,r_4502,0.0,0.000203993314086
dlkcat,r_4503,0.0,0.0
dlkcat,r_4504,0.0,0.0002038531656365
dlkcat,r_4505,0.0,0.0
dlkcat,r_4506,0.0,0.0
dlkcat,r_4507,0.0,8.664162667981756e-05
dlkcat,r_4508,0.0,0.0
dlkcat,r_4509,0.0,3.299770558468085e-05
dlkcat,r_4510,0.0,0.0
dlkcat,r_4511,0.0,-0.0
dlkcat,r_4512,0.0,0.0
dlkcat,r_4513,0.0,0.0
dlkcat,r_4514,0.0,0.0
dlkcat,r_4515,0.0,0.0
dlkcat,r_4516,0.0,0.0
dlkcat,r_4517,0.0,0.0
dlkcat,r_4518,0.0,1.6163571544658417e-05
dlkcat,r_4519,0.0,2.752716794662824e-05
dlkcat,r_4520,0.0,0.0001770704493139
dlkcat,r_4521,0.0,1.4874952056190109e-05
dlkcat,r_4522,0.0,0.0
dlkcat,r_4523,0.0,0.0002564605936221
dlkcat,r_4524,0.0,1.739502876731483e-05
dlkcat,r_4525,0.0,0.0001628664488143
dlkcat,r_4526,0.0,-0.0
dlkcat,r_4527,0.9298850699175872,0.9318952265305162
dlkcat,r_4528,0.0,0.0
dlkcat,r_4529,0.0,0.0001904155798254
dlkcat,r_4530,0.0,1.8514061340083043e-05
dlkcat,r_4531,0.0,6.937341480868497e-05
dlkcat,r_4532,0.0,0.0
dlkcat,r_4533,0.0,0.0
dlkcat,r_4534,0.0,0.0
dlkcat,r_4535,0.0,0.0
dlkcat,r_4536,0.0,0.0
dlkcat,r_4537,0.0,0.0
dlkcat,r_4538,0.0,0.0002083878745189
dlkcat,r_4539,0.0,0.0002431236447617
dlkcat,r_4540,0.0,0.0
dlkcat,r_4541,0.0,0.0
dlkcat,r_4542,0.0,0.0
dlkcat,r_4543,0.0,0.0003233492593991
dlkcat,r_4544,0.0,0.0
dlkcat,r_4545,0.0,0.0
dlkcat,r_4546,0.0,0.0
dlkcat,r_4547,0.0,0.000252289348195
dlkcat,r_4548,0.0,2.2002639311759917e-05
dlkcat,r_4549,0.0,1.997327237511504e-05
dlkcat,r_4550,0.0,2.1472609899125805e-05
dlkcat,r_4551,0.0,0.0
dlkcat,r_4552,0.0,1.627320835723492e-05
dlkcat,r_4553,0.0,0.0
dlkcat,r_4554,0.0,0.0
dlkcat,r_4555,0.0,2.214643172226277e-05
dlkcat,r_4556,0.0,6.796786484131179e-05
dlkcat,r_4557,0.0,3.14615900956286e-05
dlkcat,r_4558,0.0,3.258138908521918e-05
dlkcat,r_4559,0.0,0.0
dlkcat,r_4560,0.0,0.0
dlkcat,r_4561,0.0,0.0
dlkcat,r_4562,0.0,0.0
dlkcat,r_4563,0.0,0.0
dlkcat,r_4564,0.0,0.0
dlkcat,r_4565,0.0,0.0
dlkcat,r_4567,0.0,0.0003437637057057
dlkcat,r_4568,0.0,0.0
dlkcat,r_4569,0.0,-0.0
dlkcat,r_4570_ENZ_YER081W_FWD,0.0,0.0
dlkcat,r_4570_ENZ_YER081W_REV,0.0,0.0
dlkcat,r_4570_ENZ_YIL074C_FWD,0.0,0.0
dlkcat,r_4570_ENZ_YIL074C_REV,0.0840409088485664,0.0843535026593735
dlkcat,r_4571_FWD,0.0840767844063936,0.0844147545151284
dlkcat,r_4571_REV,0.0,0.0
dlkcat,r_4572_FWD,0.0,6.828427244372212e-05
dlkcat,r_4572_REV,0.0,0.0
dlkcat,r_4573,0.0,6.82842740399649e-05
dlkcat,r_4574,0.0,6.407824183428778e-05
dlkcat,r_4575,0.0,4.994296753775744e-05
dlkcat,r_4581,0.0840421002103532,0.0844124333409952
dlkcat,r_4582,0.0840421002103532,0.0844124333409952
dlkcat,r_4583,0.0,0.0001935835091604
dlkcat,r_4584_ENZ_YER015W,0.0,0.0001937200237427
dlkcat,r_4584_ENZ_YIL009W,0.0,0.0001787782369464
dlkcat,r_4584_ENZ_YMR246W,0.0,0.0002062901350234
dlkcat,r_4584_ENZ_YOR317W,0.0,0.0001824625309025
dlkcat,r_4585,0.0,0.0
dlkcat,r_4586,0.0,0.0
dlkcat,r_4587_ENZ_YOL122C_FWD,8.551644205987701e-05,8.551671948753757e-05
dlkcat,r_4587_ENZ_YOL122C_REV,0.0,0.0
dlkcat,r_4588_ENZ_YNL275W_FWD,0.0005083696651858,0.0005083696651858
dlkcat,r_4588_ENZ_YNL275W_REV,0.0,0.0
dlkcat,r_4589_ENZ_YOL122C_FWD,0.0002597020187034,0.0002597020187034
dlkcat,r_4589_ENZ_YOL122C_REV,0.0,0.0
dlkcat,r_4590_ENZ_YOL130W_FWD,0.0010758520714682,0.0010758520714682
dlkcat,r_4590_ENZ_YOL130W_REV,0.0,0.0
dlkcat,r_4591_ENZ_YGL255W_FWD,0.0,0.0002947780257683
dlkcat,r_4591_ENZ_YGL255W_REV,0.0,0.0
dlkcat,r_4591_ENZ_YLR130C_FWD,0.0,0.0002947758177082
dlkcat,r_4591_ENZ_YLR130C_REV,0.0,0.0
dlkcat,r_4592_ENZ_YGR191W_FWD,0.0,0.0004896675516682
dlkcat,r_4592_ENZ_YGR191W_REV,0.0,0.0
dlkcat,r_4592_ENZ_YOL130W_FWD,0.0,0.0004896675516682
dlkcat,r_4592_ENZ_YOL130W_REV,0.0,0.0
dlkcat,r_4593_FWD,0.0,0.0
dlkcat,r_4593_REV,0.0005083696651858,0.0005083696651858
dlkcat,r_4594_FWD,0.0,0.0
dlkcat,r_4594_REV,0.0002597020187034,0.0002597020187034
dlkcat,r_4595_FWD,0.0,0.0
dlkcat,r_4595_REV,0.0010758520714682,0.0010758520714682
dlkcat,r_4596_FWD,0.0,0.0
dlkcat,r_4596_REV,0.0002947755753622,0.0002947755753622
dlkcat,r_4597_FWD,0.0,0.0
dlkcat,r_4597_REV,0.0004896675516682,0.0004896675516682
dlkcat,r_4598,0.3940849983885073,0.3940849983885073
dlkcat,r_4599,0.3940849983885073,0.3940849983885073
dlkcat,r_4600_FWD,0.0,0.0
dlkcat,r_4600_REV,8.551644205987701e-05,8.551644205987701e-05
dlkcat,r_4601_FWD,0.0,-0.0
dlkcat,r_4601_REV,0.0,0.0
dlkcat,r_4602_FWD,0.0,0.0
dlkcat,r_4602_REV,0.0,0.0
dlkcat,r_4603_FWD,0.0,0.0
dlkcat,r_4603_REV,0.0,0.0
dlkcat,r_4604_FWD,0.0,0.0
dlkcat,r_4604_REV,0.0,0.0
dlkcat,r_4605_FWD,0.0,0.0
dlkcat,r_4605_REV,0.0,0.0
dlkcat,r_4606_FWD,0.0,0.0
dlkcat,r_4606_REV,0.0,0.0
dlkcat,r_4607_FWD,0.0,0.0
dlkcat,r_4607_REV,0.0,0.0005960214965838
dlkcat,r_4608,0.0,7.91985677088017e-05
dlkcat,r_4609_FWD,0.0,0.0005959648980542
dlkcat,r_4609_REV,0.0,0.0
dlkcat,r_4610_FWD,0.0,0.0
dlkcat,r_4610_REV,0.0,0.0272795308023563
dlkcat,r_4611_FWD,0.0,0.0
dlkcat,r_4611_REV,0.0,0.0007380849489869
dlkcat,r_4612_FWD,0.0,0.0
dlkcat,r_4612_REV,0.0,0.0
dlkcat,r_4613_FWD,0.0,0.0
dlkcat,r_4613_REV,0.0,0.0
dlkcat,r_4614_FWD,0.0,0.0
dlkcat,r_4614_REV,0.0,0.0
dlkcat,r_4615_FWD,0.0,0.0
dlkcat,r_4615_REV,0.0,0.0
dlkcat,r_4616_FWD,0.0,0.0
dlkcat,r_4616_REV,0.0,0.0
dlkcat,r_4617_FWD,0.0,0.0
dlkcat,r_4617_REV,0.0,0.0
dlkcat,r_4618_FWD,0.0,0.0
dlkcat,r_4618_REV,0.0,0.0
dlkcat,r_4619_FWD,0.0,0.0
dlkcat,r_4619_REV,0.0,0.0
dlkcat,r_4620_FWD,0.0,0.0
dlkcat,r_4620_REV,0.0,0.0
dlkcat,r_4621_FWD,0.0,4.2240020588835137e-05
dlkcat,r_4621_REV,0.0,0.0
dlkcat,r_4622_FWD,0.0,0.0
dlkcat,r_4622_REV,0.0,0.0
dlkcat,r_4623_FWD,0.0,0.0
dlkcat,r_4623_REV,0.0,0.0
dlkcat,r_4624_FWD,0.0,0.0
dlkcat,r_4624_REV,0.0,0.0
dlkcat,r_4625_FWD,0.0,0.0
dlkcat,r_4625_REV,0.0,0.0
dlkcat,r_4626_FWD,0.0,0.0
dlkcat,r_4626_REV,0.0,0.0
dlkcat,r_4627_FWD,0.0,0.0
dlkcat,r_4627_REV,0.0,0.0
dlkcat,r_4628_FWD,0.0,0.0
dlkcat,r_4628_REV,0.0,0.0
dlkcat,r_4629_ENZ_YBR177C_FWD,0.0,5.598955850616427e-06
dlkcat,r_4629_ENZ_YBR177C_REV,0.0,0.0
dlkcat,r_4629_ENZ_YPL095C_FWD,0.0,6.494145668223261e-06
dlkcat,r_4629_ENZ_YPL095C_REV,0.0,0.0
dlkcat,r_4630_ENZ_YBR177C_FWD,0.0,3.5069430989950745e-06
dlkcat,r_4630_ENZ_YBR177C_REV,0.0,0.0
dlkcat,r_4630_ENZ_YPL095C_FWD,0.0,5.2318282922847455e-06
dlkcat,r_4630_ENZ_YPL095C_REV,0.0,0.0
dlkcat,r_4631_ENZ_YBR177C_FWD,0.0,5.229242216594117e-06
dlkcat,r_4631_ENZ_YBR177C_REV,0.0,0.0
dlkcat,r_4631_ENZ_YPL095C_FWD,0.0,5.687442471732277e-06
dlkcat,r_4631_ENZ_YPL095C_REV,0.0,0.0
dlkcat,r_4632_ENZ_YGR015C_FWD,0.0,0.0
dlkcat,r_4632_ENZ_YGR015C_REV,0.0,0.0
dlkcat,r_4632_ENZ_YGR177C_FWD,0.0,0.0
dlkcat,r_4632_ENZ_YGR177C_REV,0.0,0.0
dlkcat,r_4632_ENZ_YOR377W_FWD,0.0,0.0
dlkcat,r_4632_ENZ_YOR377W_REV,0.0,0.0
dlkcat,r_4633_ENZ_YBR177C_FWD,0.0,5.737231487487615e-06
dlkcat,r_4633_ENZ_YBR177C_REV,0.0,0.0
dlkcat,r_4633_ENZ_YPL095C_FWD,0.0,5.737331631561204e-06
dlkcat,r_4633_ENZ_YPL095C_REV,0.0,0.0
dlkcat,r_4634_FWD,0.0,5.91740152477982e-06
dlkcat,r_4634_REV,0.0,0.0
dlkcat,r_4635_FWD,0.0,7.390712923290484e-06
dlkcat,r_4635_REV,0.0,0.0
dlkcat,r_4636_FWD,0.0,7.19227389394302e-06
dlkcat,r_4636_REV,0.0,0.0
dlkcat,r_4637,0.0,0.0
dlkcat,r_4638,0.0,7.249719761996213e-06
dlkcat,r_4639_FWD,0.0,7.461050976598216e-06
dlkcat,r_4639_REV,0.0,0.0
dlkcat,r_4640_FWD,0.0,7.390677671015311e-06
dlkcat,r_4640_REV,0.0,0.0
dlkcat,r_4641_FWD,0.0,6.749259510075804e-06
dlkcat,r_4641_REV,0.0,0.0
dlkcat,r_4642,0.0,0.0
dlkcat,r_4643,0.0,7.249719761996213e-06
dlkcat,r_4644,0.0,7.001480810586713e-06
dlkcat,r_4645,0.0,7.390677671394175e-06
dlkcat,r_4646,0.0,7.192273904993704e-06
dlkcat,r_4647,0.0,0.0
dlkcat,r_4648,0.0,7.249719761996213e-06
dlkcat,r_4649_ENZ_YGR015C,0.0,0.0001951766530681
dlkcat,r_4650,0.0,0.0001951766530681
dlkcat,r_4651_ENZ_YGR087C,0.0,0.0001763745395962
dlkcat,r_4651_ENZ_YLR044C,0.0,0.0002318297517643
dlkcat,r_4651_ENZ_YLR134W,0.0,0.0001698791183064
dlkcat,r_4652_ENZ_YBR145W,0.0,0.0002325461038747
dlkcat,r_4652_ENZ_YDL168W,0.0,0.0002235783993007
dlkcat,r_4652_ENZ_YOL086C,0.0,0.0002291499248241
dlkcat,r_4653_ENZ_YGL256W,0.0,0.0
dlkcat,r_4653_ENZ_YMR083W,0.0,0.0
dlkcat,r_4654_ENZ_YCR105W,0.0,0.0001479177420768
dlkcat,r_4654_ENZ_YDR368W,0.0,0.0001679445919674
dlkcat,r_4654_ENZ_YMR318C,0.0,7.321266075858979e-05
dlkcat,r_4655_FWD,0.0,0.0
dlkcat,r_4655_REV,0.0,0.0
dlkcat,r_4656_FWD,0.0,0.0002077678810126
dlkcat,r_4656_REV,0.0,0.0
dlkcat,r_4657_FWD,0.0,0.0002325461045122
dlkcat,r_4657_REV,0.0,0.0
dlkcat,r_4658,0.0,0.0002316681134091
dlkcat,r_4659,0.0,0.0002182222181499
dlkcat,r_4660_ENZ_YHR137W_FWD,0.0,2.2233809965292728e-05
dlkcat,r_4660_ENZ_YHR137W_REV,0.0,0.0
dlkcat,r_4661_ENZ_YBR145W,0.0,2.210991222364317e-05
dlkcat,r_4661_ENZ_YDL168W,0.0,2.2107153207703845e-05
dlkcat,r_4661_ENZ_YOL086C,0.0,2.2109043342211088e-05
dlkcat,r_4662_ENZ_YGL256W,0.0,0.0
dlkcat,r_4662_ENZ_YMR083W,0.0,0.0
dlkcat,r_4663_ENZ_YCR105W,0.0,2.1985637558244453e-05
dlkcat,r_4663_ENZ_YDR368W,0.0,2.1761345232296225e-05
dlkcat,r_4663_ENZ_YMR318C,0.0,1.895095856660131e-05
dlkcat,r_4664_FWD,0.0,0.0
dlkcat,r_4664_REV,0.0,0.0
dlkcat,r_4665_FWD,0.0,2.2233810207730745e-05
dlkcat,r_4665_REV,0.0,0.0
dlkcat,r_4666_FWD,0.0,2.2109912047457717e-05
dlkcat,r_4666_REV,0.0,0.0
dlkcat,r_4667,0.0,2.2233810206648275e-05
dlkcat,r_4668,0.0,2.2109912176937477e-05
dlkcat,r_4669_ENZ_YGR087C,0.0,4.577409834850138e-05
dlkcat,r_4669_ENZ_YLR044C,0.0,4.926159327892782e-05
dlkcat,r_4669_ENZ_YLR134W,0.0,4.695405586663953e-05
dlkcat,r_4670_ENZ_YBR145W,0.0,5.148334674576899e-05
dlkcat,r_4670_ENZ_YDL168W,0.0,5.196239584560197e-05
dlkcat,r_4670_ENZ_YOL086C,0.0,5.1965661280330144e-05
dlkcat,r_4671_ENZ_YGL256W,0.0,0.0
dlkcat,r_4671_ENZ_YMR083W,0.0,0.0
dlkcat,r_4672_ENZ_YCR105W,0.0,5.1470645476760224e-05
dlkcat,r_4672_ENZ_YDR368W,0.0,4.976780374376516e-05
dlkcat,r_4672_ENZ_YMR318C,0.0,3.17474103041851e-05
dlkcat,r_4673_FWD,0.0,0.0
dlkcat,r_4673_REV,0.0,0.0
dlkcat,r_4674_FWD,0.0,5.265611243376184e-05
dlkcat,r_4674_REV,0.0,0.0
dlkcat,r_4675_FWD,0.0,5.197165304528933e-05
dlkcat,r_4675_REV,0.0,0.0
dlkcat,r_4676,0.0,5.265611251328156e-05
dlkcat,r_4677,0.0,5.197165309791391e-05
dlkcat,r_4678_ENZ_YMR169C_FWD,0.0,0.0005078880104882
dlkcat,r_4678_ENZ_YMR169C_REV,0.0,0.0004623534219963
dlkcat,r_4678_ENZ_YMR170C_FWD,0.0,0.0004195034972542
dlkcat,r_4678_ENZ_YMR170C_REV,0.0,0.0005434139484939
dlkcat,r_4678_ENZ_YOR374W_FWD,0.0,0.0003582483401893
dlkcat,r_4678_ENZ_YOR374W_REV,0.0,0.0002722476489769
dlkcat,r_4679_ENZ_YER015W_FWD,0.0,9.205896820952798e-05
dlkcat,r_4679_ENZ_YER015W_REV,0.0,7.964816063076881e-05
dlkcat,r_4679_ENZ_YIL009W_FWD,0.0,9.047029979995496e-05
dlkcat,r_4679_ENZ_YIL009W_REV,0.0,7.960275553222493e-05
dlkcat,r_4679_ENZ_YMR246W_FWD,0.0,9.480420501441192e-05
dlkcat,r_4679_ENZ_YMR246W_REV,0.0,7.979526094148983e-05
dlkcat,r_4679_ENZ_YOR317W_FWD,0.0,9.1354584211287e-05
dlkcat,r_4679_ENZ_YOR317W_REV,0.0,0.0012092397959549
dlkcat,r_4680_ENZ_YBR177C_FWD,0.0,0.0001065213364354
dlkcat,r_4680_ENZ_YBR177C_REV,0.0,0.0
dlkcat,r_4680_ENZ_YPL095C_FWD,0.0,0.0001053471117177
dlkcat,r_4680_ENZ_YPL095C_REV,0.0,0.0
dlkcat,r_4681_FWD,0.0,0.0001163864288913
dlkcat,r_4681_REV,0.0,8.069718463007276e-05
dlkcat,r_4682_FWD,0.0,7.192273904993704e-06
dlkcat,r_4682_REV,0.0,0.0
dlkcat,r_4683_FWD,0.0,7.001480810586713e-06
dlkcat,r_4683_REV,0.0,0.0
dlkcat,r_4684_FWD,0.0,7.390677671394175e-06
dlkcat,r_4684_REV,0.0,0.0
dlkcat,r_4685_FWD,0.0,7.249719761996213e-06
dlkcat,r_4685_REV,0.0,0.0
dlkcat,r_4686_FWD,0.0,7.979528642768093e-05
dlkcat,r_4686_REV,0.0,0.0005432990712309
dlkcat,r_4687_ENZ_YGR015C,0.0,3.718171981692553e-05
dlkcat,r_4687_ENZ_YGR177C,0.0,3.71817198051988e-05
dlkcat,r_4687_ENZ_YOR377W,0.0,3.718171981522192e-05
dlkcat,r_4688,0.0,3.718171945266136e-05
dlkcat,r_4689,0.0,3.718171945266136e-05
dlkcat,r_4690_ENZ_YGR015C,0.0,2.007273848848968e-05
dlkcat,r_4690_ENZ_YGR177C,0.0,1.888401024140174e-05
dlkcat,r_4690_ENZ_YOR377W,0.0,1.8884010250797e-05
dlkcat,r_4691,0.0,1.8884009636219168e-05
dlkcat,r_4692,0.0,1.8884009636219168e-05
dlkcat,r_4693_ENZ_YGR015C,0.0,7.563934506149561e-05
dlkcat,r_4693_ENZ_YGR177C,0.0,7.288175147000114e-05
dlkcat,r_4693_ENZ_YOR377W,0.0,6.890532005610073e-05
dlkcat,r_4694,0.0,7.563934557995589e-05
dlkcat,r_4695,0.0,7.563934557995589e-05
dlkcat,r_4697_FWD,0.0,0.0001072283909185
dlkcat,r_4697_REV,0.0,0.0
dlkcat,r_4698_ENZ_YKL217W,0.0,0.0001072283920184
dlkcat,r_4698_ENZ_YNL065W,0.0,3.793315878899972e-05
dlkcat,r_4699,0.0,0.0001005015006285
dlkcat,r_4700_ENZ_YIL166C,0.0,4.320900940178035e-05
dlkcat,r_4701_ENZ_YFR055W_FWD,0.0,5.336482548223831e-05
dlkcat,r_4701_ENZ_YFR055W_REV,0.0,0.0
dlkcat,r_4702_FWD,0.0,3.647658054245495e-05
dlkcat,r_4702_REV,0.0,0.0
dlkcat,r_4703_ENZ_YOR251C,0.0,3.4208462044035826e-05
dlkcat,r_4704_ENZ_YIL166C,0.0,0.0
dlkcat,r_4705_ENZ_YIL166C,0.0,0.0
dlkcat,r_4706_ENZ_YLL057C_FWD,0.0,0.0
dlkcat,r_4706_ENZ_YLL057C_REV,0.0,0.0
dlkcat,r_4707_FWD,0.0,0.0
dlkcat,r_4707_REV,0.0,0.0
dlkcat,r_4708,0.0,4.320900940178035e-05
dlkcat,r_4709,0.0,0.0
dlkcat,r_4710,0.0,-0.0
dlkcat,r_4711_ENZ_YOR126C_FWD,0.0,1.6326981309155997e-05
dlkcat,r_4711_ENZ_YOR126C_REV,0.0,0.0
dlkcat,r_4712_ENZ_YOR126C_FWD,0.0,1.6364562224202572e-05
dlkcat,r_4712_ENZ_YOR126C_REV,0.0,0.0
dlkcat,r_4713_ENZ_YOR126C_FWD,0.0,2.0422829925093037e-05
dlkcat,r_4713_ENZ_YOR126C_REV,0.0,0.0
dlkcat,r_4714_ENZ_YOR126C_FWD,0.0,2.1607824580271995e-05
dlkcat,r_4714_ENZ_YOR126C_REV,0.0,0.0
dlkcat,r_4715_ENZ_YOR126C_FWD,0.0,0.0
dlkcat,r_4715_ENZ_YOR126C_REV,0.0,0.0
dlkcat,r_4716_ENZ_YOR126C_FWD,0.0,3.560588557149913e-05
dlkcat,r_4716_ENZ_YOR126C_REV,0.0,0.0
dlkcat,r_4717_ENZ_YOR126C_FWD,0.0,0.0
dlkcat,r_4717_ENZ_YOR126C_REV,0.0,0.0
dlkcat,r_4718_ENZ_YOR374W_FWD,0.0,1.7111576113097254e-05
dlkcat,r_4718_ENZ_YOR374W_REV,0.0,0.0
dlkcat,r_4718_ENZ_YPL061W_FWD,0.0,1.769551626044456e-05
dlkcat,r_4718_ENZ_YPL061W_REV,0.0,0.0
dlkcat,r_4719_ENZ_YOR374W_FWD,0.0,1.4430178052651788e-05
dlkcat,r_4719_ENZ_YOR374W_REV,0.0,0.0
dlkcat,r_4719_ENZ_YPL061W_FWD,0.0,1.484324025134709e-05
dlkcat,r_4719_ENZ_YPL061W_REV,0.0,0.0
dlkcat,r_4720_ENZ_YOR126C_FWD,0.0,1.7695516273323147e-05
dlkcat,r_4720_ENZ_YOR126C_REV,0.0,0.0
dlkcat,r_4721_ENZ_YOR126C_FWD,0.0,1.4843240281989243e-05
dlkcat,r_4721_ENZ_YOR126C_REV,0.0,0.0
dlkcat,r_4722_ENZ_YJL012C,0.0,0.0002432441862865
dlkcat,r_4723_ENZ_YDR452W_FWD,0.0,1.0514794396006644e-05
dlkcat,r_4723_ENZ_YDR452W_REV,0.0,1.5599452848345215e-05
dlkcat,r_4723_ENZ_YHR201C_FWD,0.0,9.115953971036132e-06
dlkcat,r_4723_ENZ_YHR201C_REV,0.0,9.166333063193316e-06
dlkcat,r_4724_ENZ_YDR452W_FWD,14.855284108891391,14.860765329293503
dlkcat,r_4724_ENZ_YDR452W_REV,0.0,0.0
dlkcat,r_4724_ENZ_YHR201C_FWD,0.0,0.0
dlkcat,r_4724_ENZ_YHR201C_REV,0.0,0.0
dlkcat,r_4725_ENZ_YDR452W_FWD,0.0,0.0
dlkcat,r_4725_ENZ_YDR452W_REV,0.0,0.0
dlkcat,r_4725_ENZ_YHR201C_FWD,0.0,0.0
dlkcat,r_4725_ENZ_YHR201C_REV,0.0,0.0
dlkcat,r_4726_FWD,0.0,1.077517596138099e-05
dlkcat,r_4726_REV,0.0,0.0
dlkcat,r_4727,0.0,1.298296195952806e-05
dlkcat,r_4728_FWD,0.0,1.2875410083879046e-05
dlkcat,r_4728_REV,0.0,0.0
dlkcat,r_4729,0.0,1.5987561170938136e-05
dlkcat,r_4730_FWD,0.0,1.711908285328967e-05
dlkcat,r_4730_REV,0.0,0.0
dlkcat,r_4731,0.0,1.711908285328967e-05
dlkcat,r_4732_FWD,0.0,1.8521131182044903e-05
dlkcat,r_4732_REV,0.0,0.0
dlkcat,r_4733,0.0,1.8521131182044903e-05
dlkcat,r_4734_FWD,0.0,0.0
dlkcat,r_4734_REV,0.0,0.0
dlkcat,r_4735,0.0,0.0
dlkcat,r_4736_FWD,0.0,3.5605885563505524e-05
dlkcat,r_4736_REV,0.0,0.0
dlkcat,r_4737,0.0,3.560588557793842e-05
dlkcat,r_4738_FWD,0.0,0.0
dlkcat,r_4738_REV,0.0,0.0
dlkcat,r_4739,0.0,0.0
dlkcat,r_4740_FWD,0.0,1.66055450370924e-05
dlkcat,r_4740_REV,0.0,0.0
dlkcat,r_4741,0.0,1.7695516274803442e-05
dlkcat,r_4742_FWD,0.0,1.48432402817672e-05
dlkcat,r_4742_REV,0.0,0.0
dlkcat,r_4743,0.0,1.3928957559569688e-05
dlkcat,r_4744_FWD,0.0,0.0002282613422917
dlkcat,r_4744_REV,0.0,1.545410688130744e-05
dlkcat,r_4745_FWD,14.853386938605691,14.861453135465291
dlkcat,r_4745_REV,0.0,0.0
dlkcat,r_4746_FWD,0.0,0.0
dlkcat,r_4746_REV,0.0,0.0
dlkcat,r_4747_ENZ_YDR020C,0.0,0.0005945254354992
dlkcat,r_4747_ENZ_YNR012W,0.0,0.0002980996905492
dlkcat,r_4748_ENZ_YFL053W,0.0,0.0
dlkcat,r_4748_ENZ_YML070W,0.0,0.0
dlkcat,r_4749_ENZ_YLR209C_FWD,0.0,0.0004664929784361
dlkcat,r_4749_ENZ_YLR209C_REV,0.0,0.0001389543932716
dlkcat,r_4750_ENZ_YBR019C_FWD,0.0,0.0
dlkcat,r_4750_ENZ_YBR019C_REV,0.0,0.0
dlkcat,r_4751_ENZ_YEL066W,0.0,0.0
dlkcat,r_4751_ENZ_YPR193C,0.0,0.0
dlkcat,r_4752_ENZ_YLR146C,0.0,0.0
dlkcat,r_4752_ENZ_YPR069C,0.0,0.0
dlkcat,r_4753_ENZ_YPL214C_FWD,0.0,0.0
dlkcat,r_4753_ENZ_YPL214C_REV,0.0,0.0
dlkcat,r_4754_ENZ_YDR538W_FWD,0.0,0.0
dlkcat,r_4754_ENZ_YDR538W_REV,0.0,0.0
dlkcat,r_4755_ENZ_YDL178W,0.0,0.0
dlkcat,r_4755_ENZ_YEL071W,0.0,0.0
dlkcat,r_4756_ENZ_YDR400W,0.0,0.0005964270551697
dlkcat,r_4757_ENZ_YDR109C_FWD,0.0,0.0
dlkcat,r_4757_ENZ_YDR109C_REV,0.0,0.0
dlkcat,r_4758_ENZ_YLR209C_FWD,0.0,0.0
dlkcat,r_4758_ENZ_YLR209C_REV,0.0,0.0
dlkcat,r_4759_ENZ_YGL067W,0.0,-0.0
dlkcat,r_4760_ENZ_YER023W_FWD,0.0,0.0001532721359159
dlkcat,r_4760_ENZ_YER023W_REV,0.0,0.0
dlkcat,r_4761_ENZ_YJL060W,0.0,0.0
dlkcat,r_4762_ENZ_YDR036C_FWD,0.0,0.0
dlkcat,r_4762_ENZ_YDR036C_REV,0.0,0.0
dlkcat,r_4763_ENZ_YAL060W_FWD,0.0,0.0
dlkcat,r_4763_ENZ_YAL060W_REV,0.0,0.0
dlkcat,r_4763_ENZ_YAL061W_FWD,0.0,0.0
dlkcat,r_4763_ENZ_YAL061W_REV,0.0,0.0
dlkcat,r_4764_ENZ_YPR062W,0.0,-0.0
dlkcat,r_4765_ENZ_YIR032C,0.0,0.0
dlkcat,r_4766_ENZ_YJL005W,0.0,0.0003717923325594
dlkcat,r_4767_ENZ_YJL060W,0.0,0.0
dlkcat,r_4768_ENZ_YDR481C,0.0,0.0
dlkcat,r_4769_ENZ_YDR305C,0.0,-0.0
dlkcat,r_4770_ENZ_YKL067W,0.0,-0.0
dlkcat,r_4771_ENZ_YKL067W,0.0,0.0
dlkcat,r_4772_ENZ_YKL067W,0.0,-0.0
dlkcat,r_4773_ENZ_YKL067W,0.0,0.0
dlkcat,r_4774_ENZ_YKL067W,0.0,-0.0
dlkcat,r_4775_ENZ_YKL067W,0.0,0.0002033288386983
dlkcat,r_4776_ENZ_YKL067W,0.0,0.0
dlkcat,r_4777_ENZ_YKL067W_FWD,0.0,0.0
dlkcat,r_4777_ENZ_YKL067W_REV,0.0,0.0
dlkcat,r_4778_ENZ_YKL067W_FWD,0.0,0.0
dlkcat,r_4778_ENZ_YKL067W_REV,0.0,0.0
dlkcat,r_4779_FWD,0.0,1.3034475312948312e-05
dlkcat,r_4779_REV,0.0,0.0
dlkcat,r_4780,0.0,5.719000166781828e-06
dlkcat,r_4781_ENZ_YGR144W,0.0,4.729020147931583e-07
dlkcat,r_4782_ENZ_YGR144W,0.0,4.729020147931583e-07
