tool,reaction,min_flux,max_flux
catpred,r_0001_ENZ_YDL174C_and_YEL039C,0.0,0.0007884919237008
catpred,r_0001_ENZ_YDL174C_and_YJR048W,0.0,0.0006213933161897
catpred,r_0001_ENZ_YEL039C_and_YEL071W,0.0,0.0006213934162424
catpred,r_0001_ENZ_YEL071W_and_YJR048W,0.0,0.0006213934162424
catpred,r_0002_ENZ_YDL178W_and_YEL039C,0.0,0.0006213933164005
catpred,r_0002_ENZ_YDL178W_and_YJR048W,0.0,0.0006213934164556
catpred,r_0003_ENZ_YAL060W_FWD,0.0,0.0
catpred,r_0003_ENZ_YAL060W_REV,0.0,0.0001943102949455
catpred,r_0004_ENZ_YEL039C_and_YML054C,0.0,0.0005167342755267
catpred,r_0004_ENZ_YJR048W_and_YML054C,0.0,0.000519688712275
catpred,r_0005_ENZ_YPR165W_and_YGR032W,0.0,0.2066619823174755
catpred,r_0005_ENZ_YPR165W_and_YLR342W,0.0,0.2066613410555362
catpred,r_0005_ENZ_YPR165W_and_YMR306W,0.0,0.206662380228295
catpred,r_0006_ENZ_YGR143W,0.0,0.0690494942137136
catpred,r_0006_ENZ_YPR159W,0.0,0.0690496271628914
catpred,r_0007_ENZ_YIL020C,0.0212933251417393,0.0213095990111868
catpred,r_0012_ENZ_YHR037W,0.0,0.0001603953977918
catpred,r_0013_ENZ_YEL038W_and_YMR009W,5.312343543056874e-05,8.087404162868985e-05
catpred,r_0014_ENZ_YOL066C,0.0002768010412381,0.0002795978568361
catpred,r_0015_ENZ_YBR153W,0.0002768010412381,0.000279597775085
catpred,r_0016_ENZ_YCL009C_and_YMR108W,0.0,0.0
catpred,r_0016_ENZ_YMR108W,0.0618889155408636,0.0619365567859593
catpred,r_0017_ENZ_YNL256W,0.0,1.7726539528241852e-05
catpred,r_0018_ENZ_YER152C_FWD,0.0,0.0
catpred,r_0018_ENZ_YER152C_REV,0.0,0.0
catpred,r_0018_ENZ_YGL202W_FWD,0.0919182474272775,0.0919474385649693
catpred,r_0018_ENZ_YGL202W_REV,0.0,0.0
catpred,r_0018_ENZ_YJL060W_FWD,0.0,0.0
catpred,r_0018_ENZ_YJL060W_REV,0.0,0.0
catpred,r_0019_ENZ_YHR063C,5.312343543051323e-05,6.388947040567216e-05
catpred,r_0020_ENZ_YBR249C,0.0,0.0
catpred,r_0020_ENZ_YDR035W,0.0863949528600619,0.0866190422883599
catpred,r_0021_ENZ_YDR204W_and_YGR255C_and_YLR201C_and_YML110C_and_YOL096C_and_YOR125C,0.0,0.0
catpred,r_0022_ENZ_YDR204W_and_YGR255C_and_YLR201C_and_YML110C_and_YOL096C_and_YOR125C,0.0,0.0
catpred,r_0023_ENZ_YGL009C_FWD,0.0,0.0
catpred,r_0023_ENZ_YGL009C_REV,0.0951936961909477,0.0952281958282309
catpred,r_0024_ENZ_YNL104C,0.0,4.1945248972108384e-05
catpred,r_0024_ENZ_YOR108W,0.0,7.421223248061633e-05
catpred,r_0025_ENZ_YNL104C,0.0951343424195297,0.0952395655767475
catpred,r_0026_ENZ_YGL202W,0.0,7.79797031594241e-05
catpred,r_0026_ENZ_YHR137W,0.0,7.745156795417296e-05
catpred,r_0026_ENZ_YHR208W,0.0,7.910753057046675e-05
catpred,r_0026_ENZ_YJR148W,0.0,7.910753057046675e-05
catpred,r_0027_ENZ_YDR234W_FWD,0.0919177922842919,0.0919486750195085
catpred,r_0027_ENZ_YDR234W_REV,0.0,0.0
catpred,r_0028_ENZ_YPR001W,0.0,7.754402117887693e-05
catpred,r_0029,0.0951936961909477,0.0952281931501094
catpred,r_0030,0.0,0.0
catpred,r_0032_ENZ_YOL064C,0.018448867863469,0.0184959460829858
catpred,r_0033_ENZ_YGL248W,0.0,2.970355288492432e-05
catpred,r_0033_ENZ_YOR360C,0.0,1.9695740566365305e-05
catpred,r_0034_ENZ_YOR360C,0.0,-0.0
catpred,r_0035_ENZ_YOR360C,0.0,-0.0
catpred,r_0036_ENZ_YOR360C,0.0,0.000131431740461
catpred,r_0037_ENZ_YOR360C,0.0,-0.0
catpred,r_0038_ENZ_YDR487C,0.0005536020824763,0.0005591960098329
catpred,r_0039_ENZ_YDR127W,0.0865994424183623,0.0866164608285273
catpred,r_0040_ENZ_YDR127W,0.0865991347300847,0.0866216780509286
catpred,r_0041_ENZ_YBR265W,0.0,0.0
catpred,r_0042_ENZ_YBR249C,0.0,0.0001873002538722
catpred,r_0042_ENZ_YDR035W,0.0,0.0001657309297755
catpred,r_0043_ENZ_YDR376W,0.0,0.0
catpred,r_0043_ENZ_YPL252C,0.0,0.0
catpred,r_0044_ENZ_YDR538W_and_YDR539W,0.0,0.0
catpred,r_0045_ENZ_YLR231C,0.0016967409844167,0.0016967409844167
catpred,r_0057_ENZ_YKR009C,0.0,2.1781353272594318e-05
catpred,r_0058_ENZ_YJR025C,0.0016971539016041,0.0016971539016041
catpred,r_0059_ENZ_YER175C,0.0,0.0
catpred,r_0060_ENZ_YGL009C_FWD,0.0,0.0
catpred,r_0060_ENZ_YGL009C_REV,0.0951936961907797,0.0952266559802901
catpred,r_0061_ENZ_YCL018W,0.0951936961907797,0.0952414459865663
catpred,r_0062_ENZ_YGR087C,0.0,4.521628321685345e-05
catpred,r_0062_ENZ_YLR044C,0.0,4.1014796306887424e-05
catpred,r_0062_ENZ_YLR134W,0.0,3.9431456430011336e-05
catpred,r_0063_ENZ_YBR176W,5.312343543051323e-05,6.388947040567216e-05
catpred,r_0064_ENZ_YDL080C,0.0,4.187497336737012e-05
catpred,r_0064_ENZ_YGR087C,0.0,4.957890574291274e-05
catpred,r_0064_ENZ_YLR044C,0.0,4.993204612440544e-05
catpred,r_0064_ENZ_YLR134W,0.0,4.991307327328193e-05
catpred,r_0065_ENZ_YDR127W,0.0865991347302974,0.086616460174513
catpred,r_0066_ENZ_YNR033W,1.7726451753422023e-05,2.903393766488793e-05
catpred,r_0067_ENZ_YMR289W,1.7726451753411615e-05,3.051021463336412e-05
catpred,r_0068_ENZ_YGR019W,0.0,5.405595468244151e-05
catpred,r_0069_ENZ_YCR053W,0.0,-0.0
catpred,r_0070,0.0,-0.0
catpred,r_0072_ENZ_YDL080C,0.0,5.380506019021791e-05
catpred,r_0073_ENZ_YLR410W,0.0,0.0
catpred,r_0073_ENZ_YOR163W,0.0,0.0
catpred,r_0074_ENZ_YDR017C,0.0,0.0
catpred,r_0075_ENZ_YLR017W,5.312343543056874e-05,8.087404162868985e-05
catpred,r_0076_ENZ_YER037W,0.0,0.0001625522809374
catpred,r_0076_ENZ_YGL224C,0.0,0.0001558310178739
catpred,r_0077_ENZ_YOR155C,0.0,0.0002196417320916
catpred,r_0078_ENZ_YER037W,0.0,0.0002113102843841
catpred,r_0078_ENZ_YGL224C,0.0,0.0002196544115342
catpred,r_0079_ENZ_YGR061C,0.0286315914494796,0.0286315914494796
catpred,r_0080_ENZ_YGL125W,0.0,0.0555134039445585
catpred,r_0080_ENZ_YGL125W_and_YPL023C,0.0,0.0555159430585819
catpred,r_0081_ENZ_YDR232W,0.0,3.607987848691652e-05
catpred,r_0082_ENZ_YOR163W,0.0,2.1984977715661103e-05
catpred,r_0083_ENZ_YDR017C,0.0,2.1984977715661103e-05
catpred,r_0084_ENZ_YER183C,0.0,0.0
catpred,r_0085_ENZ_YER091C,0.0,-0.0
catpred,r_0086_ENZ_YJR024C,5.3123435430561805e-05,7.79354780206798e-05
catpred,r_0087_ENZ_YPR118W_FWD,5.312343543051323e-05,8.143761229313651e-05
catpred,r_0087_ENZ_YPR118W_REV,0.0,0.0
catpred,r_0088_ENZ_YLR410W_FWD,0.0,0.0
catpred,r_0088_ENZ_YLR410W_REV,0.0,0.0
catpred,r_0089_ENZ_YLR410W_FWD,0.0,1.7527544120099492e-05
catpred,r_0089_ENZ_YLR410W_REV,0.0,0.0
catpred,r_0090_ENZ_YIL107C,0.0,4.323332255040668e-05
catpred,r_0090_ENZ_YOL136C,0.0,5.741408719917018e-05
catpred,r_0091_ENZ_YGR248W,7.441954977290842,7.451159758276159
catpred,r_0091_ENZ_YHR163W,0.0,0.0
catpred,r_0092_ENZ_YLR410W,0.0,0.0
catpred,r_0092_ENZ_YOR163W,0.0,0.0
catpred,r_0093_ENZ_YDR017C,0.0,0.0
catpred,r_0094,0.0,-0.0
catpred,r_0095_ENZ_YGR087C,0.0,0.0001605720033432
catpred,r_0095_ENZ_YLR044C,0.0,0.000171423772288
catpred,r_0095_ENZ_YLR134W,0.0,0.0001906194271062
catpred,r_0096_ENZ_YLR355C,0.1802274267222285,0.1802607311916445
catpred,r_0097_ENZ_YCL009C_and_YMR108W,0.0,0.0
catpred,r_0097_ENZ_YMR108W,0.1802274267220605,0.1802621756700165
catpred,r_0099_ENZ_YKL192C_FWD,0.0,0.0
catpred,r_0099_ENZ_YKL192C_REV,0.0,0.0
catpred,r_0100_ENZ_YIL160C,0.0,2.046102958354356e-05
catpred,r_0101_ENZ_YIL160C,0.0,7.87349300370199e-06
catpred,r_0102_ENZ_YIL160C,0.0,2.048627774678556e-05
catpred,r_0103_ENZ_YPL028W_FWD,0.0,0.0
catpred,r_0103_ENZ_YPL028W_REV,0.0,2.5657264911160823e-05
catpred,r_0104_ENZ_YPL028W_FWD,0.0618649212153454,0.0620125269861696
catpred,r_0104_ENZ_YPL028W_REV,0.0,0.0
catpred,r_0105_ENZ_YIL160C,0.0,2.1781353272594318e-05
catpred,r_0106_ENZ_YIL160C,0.0,6.889349898675512e-06
catpred,r_0107_ENZ_YIL160C,0.0,4.855124934094457e-06
catpred,r_0108_ENZ_YMR207C,0.0,-0.0
catpred,r_0109_ENZ_YDL141W_and_YNR016C,0.3310339752088242,0.3310749221693508
catpred,r_0111_ENZ_YBL015W,0.0,0.0003198507280841
catpred,r_0112_ENZ_YAL054C,0.0,0.0
catpred,r_0112_ENZ_YLR153C,0.4017898513675736,0.4018995429796341
catpred,r_0113_ENZ_YAL054C,0.0,0.0003508562168374
catpred,r_0114_ENZ_YLR153C,0.0,0.0
catpred,r_0115_ENZ_YER069W,0.0516114230789155,0.0516500394295616
catpred,r_0116_ENZ_YAR071W,0.0,0.0
catpred,r_0116_ENZ_YBR092C,0.0,0.0
catpred,r_0116_ENZ_YBR093C,0.0,0.0
catpred,r_0116_ENZ_YHR215W,0.0,0.0
catpred,r_0117_ENZ_YPR002W_FWD,0.0,0.000100104625586
catpred,r_0117_ENZ_YPR002W_REV,0.0,0.0
catpred,r_0118_ENZ_YOL140W,0.0516114230787252,0.0516500482685088
catpred,r_0119_ENZ_YPL148C,0.0,2.2029551173303377e-05
catpred,r_0120_ENZ_YGL205W,0.0,6.58751831803528e-06
catpred,r_0121_ENZ_YGL205W,0.0,5.121438132180134e-06
catpred,r_0122_ENZ_YGL205W,0.0,8.188509584152988e-06
catpred,r_0123_ENZ_YGL205W,0.0,2.0486277730687295e-05
catpred,r_0124_ENZ_YGL205W,0.0,2.046102958354356e-05
catpred,r_0125_ENZ_YGL205W,0.0,1.7691121025480708e-05
catpred,r_0126_ENZ_YCR048W_FWD,0.0,3.957513920586214e-05
catpred,r_0126_ENZ_YCR048W_REV,0.0,0.0
catpred,r_0127_ENZ_YCR048W,0.0,0.0
catpred,r_0127_ENZ_YNR019W,0.0023231552390111,0.0029089670994056
catpred,r_0128_ENZ_YCR048W_FWD,0.0,3.962260499251746e-05
catpred,r_0128_ENZ_YCR048W_REV,0.0,0.0
catpred,r_0129_ENZ_YCR048W,0.0,4.534698591414085e-05
catpred,r_0130_ENZ_YCR048W_FWD,0.0,3.795637731953322e-05
catpred,r_0130_ENZ_YCR048W_REV,0.0,0.0
catpred,r_0131_ENZ_YCR048W_FWD,0.0,0.0001113776144659
catpred,r_0131_ENZ_YCR048W_REV,0.0,0.0
catpred,r_0132_ENZ_YCR048W_FWD,0.0,0.0004167781776608
catpred,r_0132_ENZ_YCR048W_REV,0.0,0.0
catpred,r_0132_ENZ_YNR019W_FWD,0.0,0.0005799452036557
catpred,r_0132_ENZ_YNR019W_REV,0.0,0.0
catpred,r_0133_ENZ_YCR048W_FWD,0.0,7.074819384781956e-05
catpred,r_0133_ENZ_YCR048W_REV,0.0,0.0
catpred,r_0134_ENZ_YCR048W_FWD,0.0,8.111329663315255e-05
catpred,r_0134_ENZ_YCR048W_REV,0.0,0.0
catpred,r_0135_ENZ_YCR048W_FWD,0.0,5.9327988021603005e-05
catpred,r_0135_ENZ_YCR048W_REV,0.0,0.0
catpred,r_0137_ENZ_YJL091C_FWD,0.0,0.0
catpred,r_0137_ENZ_YJL091C_REV,0.0,0.0
catpred,r_0138_ENZ_YNL141W,0.0,0.0003245931999973
catpred,r_0139_ENZ_YDR441C,0.0,0.0002670476765065
catpred,r_0139_ENZ_YML022W,0.0,0.0002725418308294
catpred,r_0140_ENZ_YNL141W,0.0,0.0002298839008262
catpred,r_0142_ENZ_YJR105W,0.0388489622631377,0.0393607400564746
catpred,r_0143_ENZ_YML035C,0.0,0.0001407872276317
catpred,r_0144_ENZ_YER043C,0.0391480376191522,0.0392352927210858
catpred,r_0145_ENZ_YOL052C,5.312343543051323e-05,7.891530998938023e-05
catpred,r_0146_ENZ_YNR058W_FWD,0.0,0.0
catpred,r_0146_ENZ_YNR058W_REV,0.0,0.0
catpred,r_0147_ENZ_YJL005W,0.0,3.070020258238892e-05
catpred,r_0148_ENZ_YDL166C,1.9493779355559409,1.949678931573156
catpred,r_0148_ENZ_YDR226W,0.0,0.0
catpred,r_0149_ENZ_YER170W,0.0,0.0002294502565511
catpred,r_0150_ENZ_YER170W_FWD,0.0,0.0003191508678511
catpred,r_0150_ENZ_YER170W_REV,0.0,0.0
catpred,r_0151_ENZ_YLR359W,0.0286287954792073,0.0286412110099467
catpred,r_0152_ENZ_YLR359W_FWD,0.0365047539755961,0.0371432664589527
catpred,r_0152_ENZ_YLR359W_REV,0.0,0.0
catpred,r_0153_ENZ_YNL220W,0.0365047539755944,0.0368090500206674
catpred,r_0154_ENZ_YKL001C,0.0184565682674057,0.0184967313294734
catpred,r_0155_ENZ_YGR247W,0.0,0.0
catpred,r_0156_ENZ_YFL030W,0.0,0.0002526015429319
catpred,r_0157_ENZ_YOR335C,0.1473510968732908,0.1473510968732908
catpred,r_0158_ENZ_YGR177C,0.0,2.672364115956921e-05
catpred,r_0158_ENZ_YOR377W,0.0,2.672364115956921e-05
catpred,r_0159_ENZ_YGR177C,0.0,4.771533910363779e-05
catpred,r_0159_ENZ_YOR377W,0.0,4.293933596211108e-05
catpred,r_0160_ENZ_YGR177C,0.0,3.385482218321023e-05
catpred,r_0160_ENZ_YOR377W,0.0,2.993527757844117e-05
catpred,r_0161_ENZ_YGR177C,0.0,3.7513368279284975e-05
catpred,r_0161_ENZ_YOR377W,0.0,3.139553705516773e-05
catpred,r_0162_ENZ_YGR177C,0.0,1.039134305949596e-05
catpred,r_0162_ENZ_YOR377W,0.0,9.84416344673722e-06
catpred,r_0163_ENZ_YMR303C,0.0,0.3834600124731029
catpred,r_0164_ENZ_YDR368W,0.0,0.0
catpred,r_0164_ENZ_YHR104W,0.0,0.0
catpred,r_0165_ENZ_YGL256W,0.0,0.0032688296454668
catpred,r_0165_ENZ_YMR083W,0.0,0.1849404829331983
catpred,r_0166_ENZ_YBR145W,0.0,4.77751246319158e-05
catpred,r_0166_ENZ_YDL168W,0.0,4.77751246319158e-05
catpred,r_0166_ENZ_YOL086C,0.0,4.777512466744295e-05
catpred,r_0167_ENZ_YGL256W,0.0,4.8894356619748336e-05
catpred,r_0167_ENZ_YMR083W,0.0,4.947650052621738e-05
catpred,r_0168_ENZ_YCR105W,0.0,4.713876793197014e-05
catpred,r_0168_ENZ_YDR368W,0.0,4.713876796808026e-05
catpred,r_0168_ENZ_YMR318C,0.0,5.50601722754604e-05
catpred,r_0169_ENZ_YBR145W,0.0,1.231748636956742e-05
catpred,r_0169_ENZ_YDL168W,0.0,1.2319435389214484e-05
catpred,r_0169_ENZ_YOL086C,0.0,1.2319535390492575e-05
catpred,r_0170_ENZ_YGL256W,0.0,1.23194353892353e-05
catpred,r_0170_ENZ_YMR083W,0.0,1.368677219049097e-05
catpred,r_0171_ENZ_YCR105W,0.0,1.2274425344613316e-05
catpred,r_0171_ENZ_YMR318C,0.0,1.2439416886778076e-05
catpred,r_0172_ENZ_YMR169C,0.0,8.54659854422626e-05
catpred,r_0172_ENZ_YMR170C,0.0,8.56313403315752e-05
catpred,r_0173_ENZ_YPL061W,0.3787816812767384,0.3835240672322492
catpred,r_0174_ENZ_YOR374W,0.0,0.0002287286103452
catpred,r_0175_ENZ_YER073W,0.0,0.0003040898542745
catpred,r_0175_ENZ_YOR374W,0.0,0.0003040898542756
catpred,r_0176_ENZ_YOR374W,0.0,0.0
catpred,r_0177_ENZ_YPL061W,0.0,0.0
catpred,r_0178_ENZ_YER073W,0.0,0.0
catpred,r_0178_ENZ_YOR374W,0.0,0.0
catpred,r_0179_ENZ_YBR145W,0.0,3.8863557549256855e-05
catpred,r_0179_ENZ_YDL168W,0.0,4.041897719159193e-05
catpred,r_0179_ENZ_YOL086C,0.0,4.041897720313826e-05
catpred,r_0180_ENZ_YGL256W,0.0,3.985501158702831e-05
catpred,r_0180_ENZ_YMR083W,0.0,3.985501159238515e-05
catpred,r_0181_ENZ_YCR105W,0.0,4.026316204200353e-05
catpred,r_0181_ENZ_YMR318C,0.0,4.852199308442995e-05
catpred,r_0182_ENZ_YBR145W,0.0,4.084405053503271e-05
catpred,r_0182_ENZ_YDL168W,0.0,4.08712490573282e-05
catpred,r_0182_ENZ_YOL086C,0.0,4.088254553580306e-05
catpred,r_0183_ENZ_YGL256W,0.0,3.8920012632705225e-05
catpred,r_0183_ENZ_YMR083W,0.0,5.6170191996461616e-05
catpred,r_0184_ENZ_YCR105W,0.0,4.0698291188912645e-05
catpred,r_0184_ENZ_YMR318C,0.0,4.068187488592834e-05
catpred,r_0185_ENZ_YMR169C,0.0,0.0
catpred,r_0185_ENZ_YMR170C,0.0,0.0
catpred,r_0186_ENZ_YBR145W,0.0,9.761528346287351e-06
catpred,r_0186_ENZ_YDL168W,0.0,9.761528346299711e-06
catpred,r_0186_ENZ_YOL086C,0.0,9.76152834633224e-06
catpred,r_0187_ENZ_YGL256W,0.0,9.761528830009789e-06
catpred,r_0187_ENZ_YMR083W,0.0,9.39338232958456e-06
catpred,r_0188_ENZ_YDR481C,0.0,1.772655849141404e-05
catpred,r_0189_ENZ_YIR029W_FWD,0.0,0.0
catpred,r_0189_ENZ_YIR029W_REV,0.0,0.0
catpred,r_0190_ENZ_YIR027C_FWD,0.0,0.0
catpred,r_0190_ENZ_YIR027C_REV,0.0,0.0
catpred,r_0191_ENZ_YBR208C,0.0,7.449025308405287e-05
catpred,r_0192_ENZ_YBR199W,0.0,0.0
catpred,r_0192_ENZ_YBR205W,0.0,0.0
catpred,r_0192_ENZ_YDR483W,0.0,0.0
catpred,r_0192_ENZ_YJL139C,0.0,0.0
catpred,r_0192_ENZ_YKR061W,0.0,0.0
catpred,r_0192_ENZ_YNL029C,0.0,0.0
catpred,r_0192_ENZ_YOR099W,0.0,0.0
catpred,r_0192_ENZ_YPL053C,0.0,0.0
catpred,r_0193_ENZ_YBR001C,0.0,4.765769560651639e-05
catpred,r_0193_ENZ_YPR026W,0.0,4.6650347740061215e-05
catpred,r_0194_ENZ_YDR001C,0.0,5.750035986836627e-05
catpred,r_0195_ENZ_YBR126C_and_YDR074W_and_YML100W,0.0,0.0382399911608061
catpred,r_0195_ENZ_YBR126C_and_YDR074W_and_YMR261C,0.0,0.038244210977502
catpred,r_0198_ENZ_YBR299W,0.0,0.0
catpred,r_0198_ENZ_YGR287C,0.0,0.0
catpred,r_0198_ENZ_YGR292W,0.0,0.0
catpred,r_0198_ENZ_YIL172C,0.0,0.0
catpred,r_0198_ENZ_YJL216C,0.0,0.0
catpred,r_0198_ENZ_YJL221C,0.0,0.0
catpred,r_0199_ENZ_YDR242W,0.0,0.0
catpred,r_0199_ENZ_YMR293C,0.0,0.0
catpred,r_0200,0.0,0.0
catpred,r_0201_ENZ_YOR374W,0.0,0.0004644758908787
catpred,r_0202_ENZ_YDR354W,0.0108182770219076,0.0108638289782082
catpred,r_0203_ENZ_YER090W_and_YKL211C,0.0108182770219079,0.0108274012027408
catpred,r_0204_ENZ_YDR305C_FWD,0.0,0.0001613016415039
catpred,r_0204_ENZ_YDR305C_REV,0.0,0.0
catpred,r_0205_ENZ_YHR104W,0.0,0.0
catpred,r_0206_ENZ_YPL111W,0.0,3.095003630475962e-05
catpred,r_0207_ENZ_YHR018C_FWD,0.0516114230789155,0.0516478198397495
catpred,r_0207_ENZ_YHR018C_REV,0.0,0.0
catpred,r_0208_ENZ_YOL058W_FWD,0.0516154294987321,0.0516377172960351
catpred,r_0208_ENZ_YOL058W_REV,0.0,0.0
catpred,r_0209_ENZ_YDR341C,0.0516114230789155,0.0516114230789155
catpred,r_0210_ENZ_YHR091C,0.0,0.0
catpred,r_0211_ENZ_YGR124W,0.0326626133640151,0.0327106632366327
catpred,r_0211_ENZ_YPR145W,0.0,0.0
catpred,r_0212_ENZ_YHR019C,0.0326626133640927,0.0326626133640927
catpred,r_0213_ENZ_YCR024C,0.0,0.0
catpred,r_0214_ENZ_YJL130C,0.0299919070821371,0.0300068551914249
catpred,r_0215_ENZ_YER052C,0.0799274655807515,0.0799880616082981
catpred,r_0216_ENZ_YLR027C_FWD,0.0,0.0
catpred,r_0216_ENZ_YLR027C_REV,0.3548405634939978,0.3551882065211686
catpred,r_0217_ENZ_YKL106W,0.0,0.0
catpred,r_0218_ENZ_YLR027C_FWD,0.0,1.0064199276441305e-05
catpred,r_0218_ENZ_YLR027C_REV,0.0,5.793541944852018e-05
catpred,r_0219_ENZ_YDR158W,0.0799274655806947,0.0799900701385037
catpred,r_0220_ENZ_YLL018C,0.0955469803209311,0.0955469803209311
catpred,r_0221_ENZ_YPL104W,0.0,0.0
catpred,r_0222_ENZ_YDR530C,0.0,0.0001613153630326
catpred,r_0223_ENZ_YCL050C,0.0,0.0
catpred,r_0224_ENZ_YCL050C,0.0,0.0
catpred,r_0225_ENZ_YER055C,0.0212933251417393,0.021305068914057
catpred,r_0226_ENZ_Q0080_and_Q0085_and_Q0130_and_YBL099W_and_YBR039W_and_YDL004W_and_YDR298C_and_YDR377W_and_YJR121W_and_YKL016C_and_YLR295C_and_YML081C-A_and_YPL078C_and_YPL271W_and_YDR322C-A_and_YPR020W_and_YOL077W-A,21.41323492411964,21.41323492411964
catpred,r_0227_ENZ_YCR024C-A_and_YEL017C-A_and_YGL008C,0.0,0.0003409656355819
catpred,r_0227_ENZ_YCR024C-A_and_YEL017C-A_and_YPL036W,0.0,0.0003391652051705
catpred,r_0227_ENZ_YER005W,0.0,0.0004231874032358
catpred,r_0228_ENZ_YBR110W,0.0,0.0
catpred,r_0229_ENZ_YGR286C_FWD,0.0,0.0
catpred,r_0229_ENZ_YGR286C_REV,0.0,0.0
catpred,r_0230_ENZ_YDL141W,0.0,0.0
catpred,r_0231_ENZ_YNL280C,0.0103108202025575,0.0103369298078188
catpred,r_0233_ENZ_YMR015C,0.0,1.8594956209233842e-07
catpred,r_0234_ENZ_YGL001C,0.0103108202025575,0.0103379248325318
catpred,r_0235_ENZ_YGL001C,0.0103108202025575,0.0103379248325318
catpred,r_0236_ENZ_YLR100W,0.0103108202025575,0.0103379248325318
catpred,r_0237_ENZ_YLR100W,0.0103108202025575,0.0103379248325318
catpred,r_0238_ENZ_YGR060W,0.0103108202025575,0.0103379248325318
catpred,r_0239_ENZ_YGR060W,0.0103108202025575,0.0103379248325318
catpred,r_0240_ENZ_YGR060W,0.0103108202025575,0.0103379248325318
catpred,r_0241_ENZ_YGR060W,0.0103108202025575,0.0103379248325318
catpred,r_0242_ENZ_YLR056W,0.0,2.4987770133457784e-07
catpred,r_0243_ENZ_YMR202W,0.0,9.059509494539966e-07
catpred,r_0244_ENZ_YGL012W,0.0103108202025575,0.010339086928811
catpred,r_0249_ENZ_YDL090C_and_YKL019W,0.0,0.0
catpred,r_0250_ENZ_YJL130C,0.0,0.0816511919972844
catpred,r_0250_ENZ_YJR109C_and_YOR303W,0.0,0.0816243391574246
catpred,r_0252_ENZ_YAR035W,0.0,4.73250935558835e-05
catpred,r_0252_ENZ_YER024W,0.0,4.5978237794289806e-05
catpred,r_0253_ENZ_YML042W,0.0,3.345417433564535e-05
catpred,r_0254_ENZ_YML042W,0.0,4.497485296939274e-05
catpred,r_0255_ENZ_YGR088W,0.0,0.0001521264514887
catpred,r_0256_ENZ_YDR256C,0.0,1.5844294237541026e-05
catpred,r_0259_ENZ_YDR297W,0.0,0.0
catpred,r_0260_ENZ_YMR272C,0.0,0.0
catpred,r_0261_ENZ_YDR297W,0.0,0.0
catpred,r_0262_ENZ_YMR272C,0.0,0.0
catpred,r_0263_ENZ_YKL008C_and_YHL003C_and_YMR298W,0.0,4.9855703841639176e-05
catpred,r_0264_ENZ_YKL008C_and_YHL003C_and_YMR298W,0.0,5.078435791536218e-05
catpred,r_0265_ENZ_YKL008C_and_YHL003C_and_YMR298W,0.0,5.323685444153653e-05
catpred,r_0266_ENZ_YKL008C_and_YHL003C_and_YMR298W,0.0,5.288379223775119e-05
catpred,r_0267_ENZ_YMR272C,0.0,0.0
catpred,r_0268_ENZ_YMR272C,0.0,0.0
catpred,r_0269_ENZ_YMR272C,0.0,0.0
catpred,r_0270_ENZ_YMR272C,0.0,0.0
catpred,r_0271_ENZ_YLR307W,0.0,0.0
catpred,r_0271_ENZ_YLR308W,0.0,0.0
catpred,r_0272_ENZ_YBR023C,0.0,0.0066013061159125
catpred,r_0272_ENZ_YBR038W,0.0,0.0066012991485304
catpred,r_0272_ENZ_YNL192W,0.0,0.0066012991485304
catpred,r_0273_ENZ_YLR133W,0.0,5.968624367488119e-05
catpred,r_0274_ENZ_YGR202C,0.0,5.286376027518491e-05
catpred,r_0278_ENZ_YPR060C,0.0757631312566358,0.0757791937677515
catpred,r_0279_ENZ_YGL148W,0.0865991347300849,0.0866216780509048
catpred,r_0280_ENZ_YLR304C_FWD,0.0,0.0014569142779039
catpred,r_0280_ENZ_YLR304C_REV,0.0,0.0006934531392749
catpred,r_0281_ENZ_YBR002C,0.0,0.0
catpred,r_0281_ENZ_YMR101C,0.0,0.0
catpred,r_0282_ENZ_YBR002C,0.0,0.0
catpred,r_0282_ENZ_YMR101C,0.0,0.0
catpred,r_0283_ENZ_YBR002C,0.0,0.0
catpred,r_0283_ENZ_YMR101C,0.0,0.0
catpred,r_0284_ENZ_YBR002C,0.0,0.0
catpred,r_0284_ENZ_YMR101C,0.0,0.0
catpred,r_0285_ENZ_YBR002C,0.0,0.0
catpred,r_0285_ENZ_YMR101C,0.0,0.0
catpred,r_0286_ENZ_YBR002C,0.0,0.0
catpred,r_0286_ENZ_YMR101C,0.0,0.0
catpred,r_0287_ENZ_YBR002C,0.0,0.0
catpred,r_0287_ENZ_YMR101C,0.0,0.0
catpred,r_0288_ENZ_YBR002C,0.0,0.0
catpred,r_0288_ENZ_YMR101C,0.0,0.0
catpred,r_0289_ENZ_YBR002C,0.0,0.0
catpred,r_0289_ENZ_YMR101C,0.0,0.0
catpred,r_0290_ENZ_YBR002C,0.0,0.0
catpred,r_0290_ENZ_YMR101C,0.0,0.0
catpred,r_0291_ENZ_YBR002C,0.0,0.0
catpred,r_0291_ENZ_YMR101C,0.0,0.0
catpred,r_0292_ENZ_YBR002C,0.0,0.0
catpred,r_0292_ENZ_YMR101C,0.0,0.0
catpred,r_0293_ENZ_YBR002C,0.0,0.0
catpred,r_0293_ENZ_YMR101C,0.0,0.0
catpred,r_0294_ENZ_YBR002C_FWD,0.0,0.0
catpred,r_0294_ENZ_YBR002C_REV,0.0,0.0
catpred,r_0294_ENZ_YMR101C_FWD,0.0,0.0
catpred,r_0294_ENZ_YMR101C_REV,0.0,0.0
catpred,r_0295_ENZ_YBR002C_FWD,0.0,0.0
catpred,r_0295_ENZ_YBR002C_REV,0.0,0.0
catpred,r_0295_ENZ_YMR101C_FWD,0.0,0.0
catpred,r_0295_ENZ_YMR101C_REV,0.0,0.0
catpred,r_0296_ENZ_YBR002C,0.0,0.0
catpred,r_0296_ENZ_YMR101C,0.0,0.0
catpred,r_0297_ENZ_YBR002C,0.0,0.0
catpred,r_0297_ENZ_YMR101C,0.0,0.0
catpred,r_0298_ENZ_YBR002C,0.0,0.0
catpred,r_0298_ENZ_YMR101C,0.0,0.0
catpred,r_0299_ENZ_YBR002C,0.0,0.0
catpred,r_0299_ENZ_YMR101C,0.0,0.0
catpred,r_0300_ENZ_YNR001C,0.3869129214463663,0.3875662056540052
catpred,r_0300_ENZ_YPR001W,0.0,0.0
catpred,r_0301_ENZ_YCR005C,0.0,4.978402910970459e-05
catpred,r_0302_ENZ_YLR304C_FWD,0.0,0.0014558237720344
catpred,r_0302_ENZ_YLR304C_REV,0.0,0.0005034978732598
catpred,r_0303_ENZ_YLR304C_FWD,0.0,0.0035509332285206
catpred,r_0303_ENZ_YLR304C_REV,0.0,0.0004186793507758
catpred,r_0304_ENZ_YDR044W,0.0,4.336458011552913e-06
catpred,r_0306_ENZ_YBL039C,0.0,0.0001892868921109
catpred,r_0306_ENZ_YJR103W,0.0,0.000190339483831
catpred,r_0307_ENZ_YBL039C,0.0,0.0138790974023704
catpred,r_0307_ENZ_YJR103W,0.0,0.0138871054577906
catpred,r_0308_ENZ_YFR055W,0.0,9.745586559124776e-05
catpred,r_0308_ENZ_YGL184C,0.0,5.9907421105759306e-05
catpred,r_0309_ENZ_YGR155W,0.0021731006337227,0.0022526515882447
catpred,r_0310_ENZ_YAL012W,0.0021731006337226,0.0022126296306854
catpred,r_0311_ENZ_YJR130C,0.0,4.549264266844044e-05
catpred,r_0312_ENZ_YLR303W,0.0,0.0
catpred,r_0313_ENZ_YNL247W,0.0021196976012726,0.0021196976012726
catpred,r_0314_ENZ_YLR245C,0.0,0.0001151501470406
catpred,r_0315_ENZ_YNR012W,0.0,0.0001558261050327
catpred,r_0317_ENZ_YHR007C_and_YHR042W,0.0103108202025575,0.0103372646772034
catpred,r_0318_ENZ_YPR062W,0.0,0.0001210862064797
catpred,r_0319_ENZ_YML086C,0.0,0.0
catpred,r_0320_ENZ_YMR041C,0.0,0.0
catpred,r_0321_ENZ_YBR149W,0.0,0.0
catpred,r_0322_ENZ_YKL060C_FWD,0.0,0.0
catpred,r_0322_ENZ_YKL060C_REV,0.0,0.0
catpred,r_0323_ENZ_YDL246C,0.0,0.0
catpred,r_0323_ENZ_YJR159W,0.0,0.0
catpred,r_0326_ENZ_YHR144C_FWD,0.0006865685205564,0.0010218642332872
catpred,r_0326_ENZ_YHR144C_REV,0.0,0.0
catpred,r_0327_ENZ_YHR144C,0.0,0.000159757905853
catpred,r_0328_ENZ_YNL141W,0.0,0.0
catpred,r_0329_ENZ_YLR245C,0.0,0.0001465228655821
catpred,r_0330_ENZ_YDR454C_FWD,0.0,0.0
catpred,r_0330_ENZ_YDR454C_REV,0.0004513908485725,0.0006710371523622
catpred,r_0331_ENZ_YHR068W,0.0,0.0
catpred,r_0332_ENZ_YCR036W,0.0,0.0
catpred,r_0334_ENZ_YDR196C,0.0,6.539402717614662e-05
catpred,r_0335_ENZ_YNR057C_FWD,0.0,0.0
catpred,r_0335_ENZ_YNR057C_REV,0.0,0.0
catpred,r_0340_ENZ_YPL087W_FWD,0.0,0.0
catpred,r_0340_ENZ_YPL087W_REV,0.0,5.314476380791078e-05
catpred,r_0341_ENZ_YPL087W_FWD,0.0,0.0
catpred,r_0341_ENZ_YPL087W_REV,0.0,5.281885034391642e-05
catpred,r_0342_ENZ_YPL087W,0.0,9.56890383838902e-05
catpred,r_0343_ENZ_YPL087W,0.0,0.0001474319894511
catpred,r_0344_ENZ_YOR236W,0.0010242757049669,0.0010423949894296
catpred,r_0345_ENZ_YOR236W,0.0,0.0
catpred,r_0346_ENZ_YMR113W,1.7726451753408146e-05,1.7726451753408146e-05
catpred,r_0347_ENZ_YNL256W,1.7726451753408146e-05,1.7726451753408146e-05
catpred,r_0348_ENZ_YDL100C,0.0,1.7726567033719504e-05
catpred,r_0349_ENZ_YLR420W_FWD,0.0,0.0
catpred,r_0349_ENZ_YLR420W_REV,0.0299919070821371,0.0300068279592704
catpred,r_0350_ENZ_YNL256W,0.0,1.7726526358563532e-05
catpred,r_0351_ENZ_YNL256W,0.0,1.7726475555737733e-05
catpred,r_0352_ENZ_YJR016C,0.1802276687239631,0.1802527096962946
catpred,r_0353_ENZ_YJR016C,0.0618887465223287,0.0619516554855873
catpred,r_0354_ENZ_YFL053W,0.0,0.0001266569455644
catpred,r_0354_ENZ_YML070W,0.0,0.0001359474101894
catpred,r_0355_ENZ_YJL167W,0.020621920002134,0.0206800605469694
catpred,r_0356_ENZ_YKL152C_FWD,0.0,0.0
catpred,r_0356_ENZ_YKL152C_REV,0.0,0.0
catpred,r_0357_ENZ_YOR163W,0.0,4.295917188557041e-05
catpred,r_0358_ENZ_YDR017C,0.0,3.987467389166e-05
catpred,r_0359_ENZ_YLR172C,0.0,-0.0
catpred,r_0360_ENZ_YMR013C,0.0,-0.0
catpred,r_0361_ENZ_YPR183W,0.1962882916289927,0.196289278642033
catpred,r_0362_ENZ_YAL023C_and_YDL095W,0.0,0.1962892786420326
catpred,r_0362_ENZ_YDL093W,0.0,0.1962892786420322
catpred,r_0362_ENZ_YJR143C,0.0,0.1962892786420324
catpred,r_0362_ENZ_YOR321W,0.0,0.1962889007037385
catpred,r_0363_ENZ_YJR057W,0.0,0.0001563579589675
catpred,r_0364_ENZ_YBR252W,0.0,0.0003553877815792
catpred,r_0364_ENZ_YJR069C,0.0,0.0003553877815792
catpred,r_0365_ENZ_YJR153W,0.0,0.0
catpred,r_0366_ENZ_YGR254W_FWD,0.0,0.0
catpred,r_0366_ENZ_YGR254W_REV,0.0,0.0
catpred,r_0366_ENZ_YHR174W_FWD,2.498065898899964,2.499158000984568
catpred,r_0366_ENZ_YHR174W_REV,0.0,0.0
catpred,r_0366_ENZ_YMR323W_FWD,0.0,0.0
catpred,r_0366_ENZ_YMR323W_REV,0.0,0.0
catpred,r_0366_ENZ_YOR393W_FWD,0.0,0.0
catpred,r_0366_ENZ_YOR393W_REV,0.0,0.0
catpred,r_0366_ENZ_YPL281C_FWD,0.0,0.0
catpred,r_0366_ENZ_YPL281C_REV,0.0,0.0
catpred,r_0368_ENZ_YDR147W,0.0,0.0
catpred,r_0368_ENZ_YLR133W,0.0,0.0
catpred,r_0369_ENZ_YOR126C,0.0,2.540928183863977e-05
catpred,r_0370_ENZ_YDR261C,0.0,0.0
catpred,r_0370_ENZ_YGR282C,0.0,0.0
catpred,r_0370_ENZ_YLR300W,0.0,0.0
catpred,r_0370_ENZ_YNR067C,0.0,0.0
catpred,r_0370_ENZ_YOR190W,0.0,0.0
catpred,r_0373_ENZ_YPL069C,0.0,0.0
catpred,r_0399_ENZ_YER015W_FWD,0.0,5.312343543045772e-05
catpred,r_0399_ENZ_YER015W_REV,0.0,5.714076982021865e-06
catpred,r_0400_ENZ_YER015W_FWD,0.0,5.3123435430180166e-05
catpred,r_0400_ENZ_YER015W_REV,0.0,2.5423213376601826e-05
catpred,r_0402_ENZ_YER015W_FWD,0.0,5.3123435430624255e-05
catpred,r_0402_ENZ_YER015W_REV,0.0,2.941237304776123e-05
catpred,r_0410_ENZ_YER015W_FWD,0.0,5.312343543106834e-05
catpred,r_0410_ENZ_YER015W_REV,0.0,6.126229560018959e-06
catpred,r_0412_ENZ_YER015W_FWD,0.0,5.312343543064486e-05
catpred,r_0412_ENZ_YER015W_REV,0.0,2.354999915419336e-05
catpred,r_0436_ENZ_YOR176W,0.0,4.337685917107925e-06
catpred,r_0437_ENZ_YEL039C_and_YKR066C,0.0,0.0
catpred,r_0437_ENZ_YJR048W_and_YKR066C,0.0,0.0
catpred,r_0438_ENZ_Q0045_and_Q0250_and_Q0275_and_YDL067C_and_YEL039C_and_YGL187C_and_YGL191W_and_YHR051W_and_YIL111W_and_YLR038C_and_YLR395C_and_YMR256C,0.0,32.93775596439177
catpred,r_0438_ENZ_Q0045_and_Q0250_and_Q0275_and_YDL067C_and_YEL039C_and_YGL187C_and_YGL191W_and_YHR051W_and_YLR038C_and_YLR395C_and_YMR256C_and_YNL052W,0.0,32.94018677619225
catpred,r_0438_ENZ_Q0045_and_Q0250_and_Q0275_and_YDL067C_and_YGL187C_and_YGL191W_and_YHR051W_and_YIL111W_and_YJR048W_and_YLR038C_and_YLR395C_and_YMR256C,0.0,32.93888747219335
catpred,r_0438_ENZ_Q0045_and_Q0250_and_Q0275_and_YDL067C_and_YGL187C_and_YGL191W_and_YHR051W_and_YJR048W_and_YLR038C_and_YLR395C_and_YMR256C_and_YNL052W,0.0,32.93888747220037
catpred,r_0438_ENZ_Q0045_and_Q0250_and_Q0275_and_YDL067C_and_YHR116W_and_YDR231C_and_YGR062C_and_YJL003W_and_YPL132W_and_YLL018C-A,0.0,32.93888747220037
catpred,r_0439_ENZ_Q0105_and_YBL045C_and_YDR529C_and_YEL024W_and_YEL039C_and_YFR033C_and_YGR183C_and_YHR001W-A_and_YJL166W_and_YOR065W_and_YPR191W,0.0,16.469443736100185
catpred,r_0439_ENZ_Q0105_and_YBL045C_and_YDR529C_and_YEL024W_and_YFR033C_and_YGR183C_and_YHR001W-A_and_YJL166W_and_YJR048W_and_YOR065W_and_YPR191W,0.0,16.46917879001258
catpred,r_0440_ENZ_YDL045C,0.0,2.7959744205893727e-06
catpred,r_0441_ENZ_YLR011W,0.0,0.0009528284793977
catpred,r_0442_ENZ_YLR011W,0.0,0.0014298561105579
catpred,r_0443_ENZ_YDL168W,0.0,-0.0
catpred,r_0445_ENZ_YOR388C,0.0,0.0001394917431589
catpred,r_0446_ENZ_YGR204W,0.0128151890154852,0.0132251525206082
catpred,r_0447_ENZ_YBR084W_FWD,0.0,0.0
catpred,r_0447_ENZ_YBR084W_REV,0.0,0.0003499501484802
catpred,r_0448_ENZ_YJL155C,0.0,5.741552340055023e-05
catpred,r_0448_ENZ_YLR345W,0.0,4.506111212077002e-05
catpred,r_0449_ENZ_YLR377C,0.0,9.100078966639558e-05
catpred,r_0450_ENZ_YKL060C_FWD,0.0,0.019913044619265
catpred,r_0450_ENZ_YKL060C_REV,0.0,8.432799707147609e-05
catpred,r_0451_ENZ_YPL262W_FWD,0.0,0.0007859283288988
catpred,r_0451_ENZ_YPL262W_REV,0.0,3.438907257524715e-05
catpred,r_0452_ENZ_YPL262W_FWD,0.1165941270248988,0.1170487749045641
catpred,r_0452_ENZ_YPL262W_REV,0.0,0.0
catpred,r_0453_ENZ_YKL216W,0.0299919070821371,0.0300061791962603
catpred,r_0454_ENZ_YEL047C_FWD,0.0,0.0069221525629139
catpred,r_0454_ENZ_YEL047C_REV,0.0,2.795996070639304e-06
catpred,r_0455_ENZ_YEL047C_FWD,0.0,2.795986721680734e-06
catpred,r_0455_ENZ_YEL047C_REV,0.0,0.0
catpred,r_0457_ENZ_YLR299W,0.0,0.0
catpred,r_0458_ENZ_YBR020W,0.0,-0.0
catpred,r_0459_ENZ_YBR018C,0.0,1000.0
catpred,r_0460_ENZ_YJL101C,0.0,6.536302649884362e-05
catpred,r_0461,0.0,0.0
catpred,r_0462_ENZ_YJL167W,0.0206216404051151,0.0206786788402337
catpred,r_0463_ENZ_YPR184W,0.0,0.0001563579575576
catpred,r_0464_ENZ_YIL099W,0.0,0.0001151597067745
catpred,r_0465,0.0,0.0001972624014843
catpred,r_0466_ENZ_YNL241C,7.441955155369995,7.451217711988327
catpred,r_0467_ENZ_YBR196C_FWD,0.0,0.0
catpred,r_0467_ENZ_YBR196C_REV,4.505299648714601,4.512888401159813
catpred,r_0468_ENZ_YDR300C,0.0528561392185571,0.0530176111247957
catpred,r_0469_ENZ_YMR250W,0.0,4.7809239972940176e-05
catpred,r_0470_ENZ_YDL215C,0.0,0.0006948387958605
catpred,r_0471_ENZ_YAL062W,0.0,0.0
catpred,r_0471_ENZ_YOR375C,1.519559665952207,1.5203604799211357
catpred,r_0472_ENZ_YDL171C,0.0,0.0001130540288754
catpred,r_0473_ENZ_YOR323C,0.0528568784255472,0.0530226186585046
catpred,r_0475_ENZ_YFL060C,0.0,0.0001701235656433
catpred,r_0475_ENZ_YNL334C,0.0,0.0001699550360701
catpred,r_0476_ENZ_YPR035W,0.2592199344594648,0.2594402499741981
catpred,r_0477_ENZ_YKL104C,0.0066012856320298,0.0068111238767086
catpred,r_0478_ENZ_YOR168W,0.033850929664922,0.0338510990631788
catpred,r_0479_ENZ_YGL245W,0.0969284799321349,0.0969284799321349
catpred,r_0480_ENZ_YOL033W,0.0,0.0
catpred,r_0481_ENZ_YCL035C_and_YPL091W,0.0,0.0002351170893382
catpred,r_0481_ENZ_YDR098C_and_YPL091W,0.0,0.0002350855118882
catpred,r_0481_ENZ_YDR513W_and_YPL091W,0.0,0.0002237100402155
catpred,r_0481_ENZ_YER174C_and_YPL091W,0.0,0.0002350826919733
catpred,r_0482_ENZ_YPL059W_and_YPL091W,0.0,0.0
catpred,r_0483_ENZ_YBR244W,0.0,0.0002490025879378
catpred,r_0483_ENZ_YCL035C,0.0,0.00020330795562
catpred,r_0483_ENZ_YDR513W,0.0,0.0002208556308147
catpred,r_0483_ENZ_YIR037W,0.0,0.000227749200729
catpred,r_0483_ENZ_YKL026C,0.0,0.0002266282608767
catpred,r_0483_ENZ_YNL229C,0.0,0.000143209969479
catpred,r_0484_ENZ_YPL059W,0.0,0.0
catpred,r_0485_ENZ_YOL049W,0.0,5.003147494342386e-05
catpred,r_0486_ENZ_YGR192C_FWD,0.0,0.0
catpred,r_0486_ENZ_YGR192C_REV,0.0,0.0
catpred,r_0486_ENZ_YJL052W_FWD,2.707206793173353,2.708355005923557
catpred,r_0486_ENZ_YJL052W_REV,0.0,0.0
catpred,r_0486_ENZ_YJR009C_FWD,0.0,0.0
catpred,r_0486_ENZ_YJR009C_REV,0.0,0.0
catpred,r_0487_ENZ_YOR120W,0.0,0.0001262349244894
catpred,r_0488_ENZ_YHL032C,0.0,0.0001305926306143
catpred,r_0489_ENZ_YER062C,0.0,0.0001571620379472
catpred,r_0489_ENZ_YIL053W,0.0,0.0001566225084003
catpred,r_0490_ENZ_YIL155C,0.0,0.0069223207269374
catpred,r_0491_ENZ_YDL022W,0.0,0.019155075101578
catpred,r_0491_ENZ_YOL059W,0.0,0.015861905713337
catpred,r_0492_ENZ_YOL059W,0.0,0.0167369758913406
catpred,r_0497_ENZ_YPL110C,0.0,3.075739553471774e-05
catpred,r_0499_ENZ_YDR408C,0.0286287954792035,0.028641166339475
catpred,r_0500,0.0,0.0
catpred,r_0501_ENZ_YAL044C_and_YDR019C_and_YFL018C_and_YMR189W,0.0,0.0002595526829983
catpred,r_0502_ENZ_YLR058C_FWD,0.1218144138974679,0.1222266753224601
catpred,r_0502_ENZ_YLR058C_REV,0.0,0.0
catpred,r_0503_ENZ_YBR263W_FWD,0.0,0.0001883843011058
catpred,r_0503_ENZ_YBR263W_REV,0.0,0.000182115801052
catpred,r_0504_ENZ_YAL044C_and_YDR019C_and_YFL018C_and_YMR189W,0.0,0.0003035617370558
catpred,r_0505_ENZ_YAL044C_and_YDR019C_and_YFL018C_and_YMR189W,0.0,0.0007809811428637
catpred,r_0505_ENZ_YDR148C_and_YFL018C_and_YIL125W,0.0,0.0007807617070218
catpred,r_0506_ENZ_YAL044C_and_YDR019C_and_YFL018C_and_YMR189W,0.0,0.0002524569396464
catpred,r_0507_ENZ_YAL044C_and_YDR019C_and_YFL018C_and_YMR189W,0.0,0.0002952967556801
catpred,r_0508_ENZ_YAL044C_and_YDR019C_and_YFL018C_and_YMR189W,0.0,0.0002952967558104
catpred,r_0509_ENZ_YAL044C_and_YDR019C_and_YFL018C_and_YMR189W,0.0,0.0002945790008666
catpred,r_0510_ENZ_YFR015C_and_YJL137C,0.0,0.1000952559753477
catpred,r_0510_ENZ_YFR015C_and_YKR058W,0.0,0.1001626889598855
catpred,r_0510_ENZ_YJL137C_and_YLR258W,0.0,0.1001061289413314
catpred,r_0510_ENZ_YKR058W_and_YLR258W,0.0,0.1001607812741456
catpred,r_0511_ENZ_YPR160W,0.0,0.0003762746957651
catpred,r_0512_ENZ_YBR121C,0.0,0.0932671611858527
catpred,r_0512_ENZ_YPR081C,0.0,0.0932666944559925
catpred,r_0514_ENZ_YMR217W,0.0134173666453504,0.0134562300500402
catpred,r_0518_ENZ_YMR281W_FWD,0.0,0.0
catpred,r_0518_ENZ_YMR281W_REV,0.0,0.0
catpred,r_0519_ENZ_YCL052C_and_YJR013W_FWD,0.0,0.0
catpred,r_0519_ENZ_YCL052C_and_YJR013W_REV,0.0,0.0
catpred,r_0520_ENZ_YKL165C_FWD,0.0,0.0
catpred,r_0520_ENZ_YKL165C_REV,0.0,0.0
catpred,r_0521_ENZ_YBR004C_FWD,0.0,0.0
catpred,r_0521_ENZ_YBR004C_REV,0.0,0.0
catpred,r_0522_ENZ_YGL142C_FWD,0.0,0.0
catpred,r_0522_ENZ_YGL142C_REV,0.0,0.0
catpred,r_0523_ENZ_YDR302W_FWD,0.0,0.0
catpred,r_0523_ENZ_YDR302W_REV,0.0,0.0
catpred,r_0523_ENZ_YLL031C_FWD,0.0,0.0
catpred,r_0523_ENZ_YLL031C_REV,0.0,0.0
catpred,r_0524_ENZ_YGR267C,1.7726451753415085e-05,1.7726451753415085e-05
catpred,r_0525_ENZ_YBL033C,0.0002768010412381,0.0002795980850592
catpred,r_0526_ENZ_YDL238C,0.0,3.694454565378834e-05
catpred,r_0527_ENZ_YDR399W,0.0,0.0001003370996421
catpred,r_0528_ENZ_YDR454C,0.0,0.0011743823226767
catpred,r_0529_ENZ_YDR454C_FWD,0.0,0.0011838361191918
catpred,r_0529_ENZ_YDR454C_REV,0.0,0.0002060259803384
catpred,r_0530_ENZ_YDR376W_and_YPL252C,0.0,0.0
catpred,r_0530_ENZ_YER141W,0.0,0.0
catpred,r_0531_ENZ_YPL172C,0.0,4.337685917107925e-06
catpred,r_0532_ENZ_YDR204W_and_YGR255C_and_YLR201C_and_YML110C_and_YOL096C_and_YOR125C,0.0,0.0
catpred,r_0533_ENZ_YFR053C,0.0,0.0
catpred,r_0533_ENZ_YGL253W,0.0,0.0
catpred,r_0533_ENZ_YLR446W,0.0,0.0
catpred,r_0534_ENZ_YCL040W,0.0,3.3924348022675304
catpred,r_0534_ENZ_YDR516C,0.0,3.392520663066719
catpred,r_0534_ENZ_YFR053C,0.0,3.392470863204349
catpred,r_0534_ENZ_YGL253W,0.0,3.3925206630667084
catpred,r_0534_ENZ_YLR446W,0.0,3.392434802269741
catpred,r_0535_ENZ_YFR053C,0.0,0.0
catpred,r_0535_ENZ_YGL253W,0.0,0.0
catpred,r_0535_ENZ_YLR446W,0.0,0.0
catpred,r_0536_ENZ_YCL030C,0.0212933251417393,0.0213095990111868
catpred,r_0537_ENZ_YFR025C,0.0212933251417393,0.0213095990111868
catpred,r_0538_ENZ_YIL116W,0.0212933251417393,0.0213095990111868
catpred,r_0539_ENZ_YPR033C,0.0212933251423235,0.0212934322133536
catpred,r_0540_ENZ_YPR033C,0.0,0.0
catpred,r_0541_ENZ_YBR034C,0.0,0.0
catpred,r_0542_ENZ_YDR234W_FWD,0.0919177922842919,0.0919463960535432
catpred,r_0542_ENZ_YDR234W_REV,0.0,0.0
catpred,r_0542_ENZ_YJL200C_FWD,0.0,0.0
catpred,r_0542_ENZ_YJL200C_REV,0.0,0.0
catpred,r_0543_ENZ_YDL131W,0.0,0.0
catpred,r_0543_ENZ_YDL182W,0.0,0.0
catpred,r_0544_ENZ_YLL062C,0.0,3.466007643770746e-05
catpred,r_0544_ENZ_YPL273W,0.0,3.741519106464225e-05
catpred,r_0545_ENZ_YIL094C,0.0919177922842919,0.0919374464950619
catpred,r_0546_ENZ_YJR139C,0.036488456496898,0.0800134794503592
catpred,r_0547_ENZ_YJR139C,0.0,0.0434338608501175
catpred,r_0548_ENZ_YHR025W,0.0614712328297811,0.0615321946039947
catpred,r_0549_ENZ_YNL277W,0.0184562327509704,0.0184943475362288
catpred,r_0550_ENZ_YDR453C_and_YGR209C,0.0,0.0004008634512343
catpred,r_0550_ENZ_YDR453C_and_YLR043C,0.0,0.0002699186354661
catpred,r_0551_ENZ_YBL064C_and_YCR083W,0.0,0.0
catpred,r_0552_ENZ_YGR209C_and_YLR109W,0.0,5.415026013558579e-05
catpred,r_0552_ENZ_YLR043C_and_YLR109W,0.0,5.390090686064823e-05
catpred,r_0553_ENZ_YDR272W,0.0,0.0010526703843053
catpred,r_0554_ENZ_YOR040W,0.0,-0.0
catpred,r_0555_ENZ_YNR041C,0.0,0.0
catpred,r_0556_ENZ_YPL214C,0.0,2.9897408565923916e-05
catpred,r_0557_ENZ_YDL205C,0.0,4.336458011552913e-06
catpred,r_0558_ENZ_YLR450W,0.0,0.0
catpred,r_0558_ENZ_YML075C,0.0618649120336866,0.0620065656844363
catpred,r_0560_ENZ_YML126C,0.0618657600064021,0.0620275489951347
catpred,r_0561_ENZ_YOL055C,0.0,3.640955880160588e-05
catpred,r_0561_ENZ_YPL258C,0.0,2.98991006000604e-05
catpred,r_0561_ENZ_YPR121W,0.0,2.918489302912907e-05
catpred,r_0562_ENZ_YDR399W,0.0,0.0001283371583901
catpred,r_0563_ENZ_YBR248C,0.0212933251417393,0.0213050680029953
catpred,r_0564_ENZ_YOR202W,0.0212933251417393,0.0213095990111868
catpred,r_0565_ENZ_YHR216W,0.0,0.0134280539302924
catpred,r_0565_ENZ_YLR432W,0.0,0.0134293870381529
catpred,r_0565_ENZ_YML056C,0.0,0.0134293870381565
catpred,r_0566_ENZ_YKL211C,0.0108182770219078,0.0108627506956083
catpred,r_0567_ENZ_YGR087C,0.0,1.2625500578851425e-05
catpred,r_0567_ENZ_YLR044C,0.0,1.26255005789e-05
catpred,r_0567_ENZ_YLR134W,0.0,1.2625500366791886e-05
catpred,r_0568_ENZ_YBR011C,0.0,0.0009135693039428
catpred,r_0569_ENZ_YMR267W,1.9826973030926835,1.9844013714644968
catpred,r_0570_ENZ_YLR028C_FWD,0.0,0.0499380043268767
catpred,r_0570_ENZ_YLR028C_REV,0.0,0.0
catpred,r_0570_ENZ_YMR120C_FWD,0.0,0.0499383788996767
catpred,r_0570_ENZ_YMR120C_REV,0.0,0.0
catpred,r_0571_ENZ_YDR315C,0.0,1.5967934229310643e-05
catpred,r_0572_ENZ_YDR173C,0.0,0.0
catpred,r_0573_ENZ_YDR173C,0.0,0.0
catpred,r_0574_ENZ_YDR173C,0.0,0.0
catpred,r_0575_ENZ_YDR173C,0.0,0.0
catpred,r_0596_ENZ_YER019W,0.0,0.0
catpred,r_0597_ENZ_YER019W,0.0,0.0
catpred,r_0598_ENZ_YER019W,0.0,0.0
catpred,r_0599_ENZ_YER019W,0.0,0.0
catpred,r_0600_ENZ_YER019W,0.0,0.0
catpred,r_0601_ENZ_YER019W,0.0,0.0
catpred,r_0602_ENZ_YER019W,0.0,0.0
catpred,r_0603_ENZ_YER019W,0.0,0.0
catpred,r_0604_ENZ_YER019W,0.0,0.0
catpred,r_0605_ENZ_YER019W,0.0,0.0
catpred,r_0606_ENZ_YER019W,0.0,0.0
catpred,r_0607_ENZ_YER019W,0.0,0.0
catpred,r_0608_ENZ_YER019W,0.0,0.0
catpred,r_0609_ENZ_YER019W,0.0,0.0
catpred,r_0610_ENZ_YER019W,0.0,0.0
catpred,r_0611_ENZ_YER019W,0.0,0.0
catpred,r_0612_ENZ_YER019W,0.0,0.0
catpred,r_0613_ENZ_YER019W,0.0,0.0
catpred,r_0614_ENZ_YER019W,0.0,0.0
catpred,r_0615_ENZ_YER019W,0.0,0.0
catpred,r_0616_ENZ_YER019W,0.0,-0.0
catpred,r_0617_ENZ_YER019W,0.0,-0.0
catpred,r_0618_ENZ_YER019W,0.0,-0.0
catpred,r_0619_ENZ_YER019W,0.0,-0.0
catpred,r_0620_ENZ_YER019W,0.0,-0.0
catpred,r_0621_ENZ_YER019W,0.0,-0.0
catpred,r_0622_ENZ_YER019W,0.0,-0.0
catpred,r_0623_ENZ_YER019W,0.0,-0.0
catpred,r_0624_ENZ_YER019W,0.0,-0.0
catpred,r_0625_ENZ_YER019W,0.0,-0.0
catpred,r_0626_ENZ_YER019W,0.0,-0.0
catpred,r_0627_ENZ_YER019W,0.0,-0.0
catpred,r_0628_ENZ_YER019W,0.0,-0.0
catpred,r_0629_ENZ_YER019W,0.0,-0.0
catpred,r_0630_ENZ_YER019W,0.0,-0.0
catpred,r_0631_ENZ_YER019W,0.0,-0.0
catpred,r_0632_ENZ_YER019W,0.0,-0.0
catpred,r_0633_ENZ_YER019W,0.0,-0.0
catpred,r_0634_ENZ_YER019W,0.0,-0.0
catpred,r_0635_ENZ_YER019W,0.0,-0.0
catpred,r_0636_ENZ_YER019W,0.0,-0.0
catpred,r_0637_ENZ_YER019W,0.0,-0.0
catpred,r_0638_ENZ_YER019W,0.0,-0.0
catpred,r_0639_ENZ_YER019W,0.0,-0.0
catpred,r_0640_ENZ_YER019W,0.0,-0.0
catpred,r_0641_ENZ_YER019W,0.0,-0.0
catpred,r_0642_ENZ_YER019W,0.0,-0.0
catpred,r_0643_ENZ_YER019W,0.0,-0.0
catpred,r_0644_ENZ_YER019W,0.0,-0.0
catpred,r_0645_ENZ_YER019W,0.0,-0.0
catpred,r_0646_ENZ_YER019W,0.0,5.899985008043628e-05
catpred,r_0647_ENZ_YER019W,0.0,5.867869759741164e-05
catpred,r_0648_ENZ_YER019W,0.0,5.861678933537316e-05
catpred,r_0649_ENZ_YER019W,0.0,0.0001141709807419
catpred,r_0650_ENZ_YER019W,0.0,0.0001141709807405
catpred,r_0651_ENZ_YER019W,0.0,0.0001141709807405
catpred,r_0652_ENZ_YER019W,0.0,0.0001141709807405
catpred,r_0653_ENZ_YER019W,0.0,0.0001141709807405
catpred,r_0654_ENZ_YER019W,0.0,0.0001141709807419
catpred,r_0655_ENZ_YER019W,0.0,0.0001141709807405
catpred,r_0656_ENZ_YOR126C,0.0,2.995075133016556e-05
catpred,r_0657_ENZ_YOR126C,0.0,7.626517735509486e-05
catpred,r_0658_ENZ_YNL037C_and_YOR136W,0.0,0.0040563440260165
catpred,r_0659_ENZ_YLR174W_FWD,0.0894990218836113,0.1434336625393218
catpred,r_0659_ENZ_YLR174W_REV,0.0,0.0
catpred,r_0661_ENZ_YNL009W,0.0,1.2225933350845652e-05
catpred,r_0662_ENZ_YER065C,0.0,0.0002558260495414
catpred,r_0663_ENZ_YJR148W_FWD,0.0,0.0
catpred,r_0663_ENZ_YJR148W_REV,0.0617956504629992,0.0619302664422278
catpred,r_0664_ENZ_YHR208W_FWD,0.0,0.0
catpred,r_0664_ENZ_YHR208W_REV,0.0,9.362357361648171e-05
catpred,r_0665_ENZ_YBL076C,0.0618887465223287,0.0618887465223287
catpred,r_0666_ENZ_YPL040C,0.0,0.0
catpred,r_0667_ENZ_YPL117C_FWD,0.020621920002134,0.0206781714694557
catpred,r_0667_ENZ_YPL117C_REV,0.0,0.0
catpred,r_0668_ENZ_YGR244C_and_YOR142W_FWD,0.0,0.0
catpred,r_0668_ENZ_YGR244C_and_YOR142W_REV,0.0,0.0
catpred,r_0669_ENZ_YLR355C,0.0618887465223287,0.061951655485563
catpred,r_0670_ENZ_YLR231C,0.0,5.75302110640448e-05
catpred,r_0671_ENZ_YBL098W,0.0016971539016041,0.0016974975147563
catpred,r_0672_ENZ_YHR037W_FWD,0.0,0.0
catpred,r_0672_ENZ_YHR037W_REV,0.0,0.0001516042370369
catpred,r_0673_ENZ_YHR037W_FWD,0.0,0.0001392778033906
catpred,r_0673_ENZ_YHR037W_REV,0.0,0.0
catpred,r_0674_ENZ_YLR089C_FWD,0.0,0.0
catpred,r_0674_ENZ_YLR089C_REV,0.0,7.63432556270538e-05
catpred,r_0675_ENZ_YEL046C,0.0,-0.0
catpred,r_0676_ENZ_YMR226C_FWD,0.0,0.0
catpred,r_0676_ENZ_YMR226C_REV,0.0,0.0
catpred,r_0678_ENZ_YBR115C_and_YGL154C,0.0919177922842919,0.091949568166417
catpred,r_0679_ENZ_YDR321W,0.0,4.816552400891544e-05
catpred,r_0680_ENZ_YLR155C,0.0,3.893726237007983e-05
catpred,r_0680_ENZ_YLR157C,0.0,3.893726244149493e-05
catpred,r_0680_ENZ_YLR158C,0.0,4.047710912792243e-05
catpred,r_0680_ENZ_YLR160C,0.0,4.04771092256881e-05
catpred,r_0681_ENZ_YLR027C,0.0,0.0
catpred,r_0682_ENZ_YKL106W,0.0,0.0
catpred,r_0683_ENZ_YLR027C,0.0,0.0
catpred,r_0687_ENZ_YER023W,0.0,0.002572281029422
catpred,r_0688_ENZ_YHR104W,0.0,0.0005193881514529
catpred,r_0688_ENZ_YOL151W,0.0,0.0005193881514529
catpred,r_0689_ENZ_YCL064C,0.0,0.0001193236961348
catpred,r_0690_ENZ_YMR226C,0.0,0.0
catpred,r_0691_ENZ_YJR159W,0.0,0.0
catpred,r_0692_ENZ_YCL064C,0.0,6.259825500438965e-05
catpred,r_0693_ENZ_YER086W,0.0,8.183233263382023e-05
catpred,r_0694_ENZ_YJR078W,0.0016970219480703,0.0017502269188552
catpred,r_0695_ENZ_YDR403W,0.0,1.0777775477599506e-05
catpred,r_0696_ENZ_YOL151W,0.0,0.0005193882846992
catpred,r_0697_ENZ_YML004C,0.0,0.0010526703862137
catpred,r_0698_ENZ_YHR072W,0.0103108202025575,0.0103390869287808
catpred,r_0699_ENZ_YJR148W_FWD,0.0,0.0
catpred,r_0699_ENZ_YJR148W_REV,0.0951936961907904,0.0952392192981016
catpred,r_0700_ENZ_YHR208W_FWD,0.0,0.0
catpred,r_0700_ENZ_YHR208W_REV,0.0,0.0
catpred,r_0701_ENZ_YPL160W,0.0951936961909477,0.095194172564004
catpred,r_0702_ENZ_YLR382C,0.0,0.0
catpred,r_0703_ENZ_YNL045W_FWD,0.0,0.0
catpred,r_0703_ENZ_YNL045W_REV,0.0,0.0
catpred,r_0704_ENZ_YNL045W_FWD,0.0,0.0
catpred,r_0704_ENZ_YNL045W_REV,0.0,0.0
catpred,r_0705_ENZ_YNL045W_FWD,0.0,0.0
catpred,r_0705_ENZ_YNL045W_REV,0.0,0.0
catpred,r_0706_ENZ_YNL045W_FWD,0.0,0.0
catpred,r_0706_ENZ_YNL045W_REV,0.0,0.0
catpred,r_0707_ENZ_YNL045W_FWD,0.0,0.0
catpred,r_0707_ENZ_YNL045W_REV,0.0,0.0
catpred,r_0708_ENZ_YNL045W_FWD,0.0,0.0
catpred,r_0708_ENZ_YNL045W_REV,0.0,0.0
catpred,r_0711_ENZ_YDR037W,0.0919182522639916,0.0919182522639916
catpred,r_0712_ENZ_YNL073W,0.0,0.0
catpred,r_0713_ENZ_YKL085W_FWD,0.3868208558115357,0.3875788217969024
catpred,r_0713_ENZ_YKL085W_REV,0.0,0.0
catpred,r_0714_ENZ_YOL126C_FWD,0.0,0.0
catpred,r_0714_ENZ_YOL126C_REV,0.3198712618166605,0.3203222739866564
catpred,r_0715_ENZ_YDL078C_FWD,0.0,0.0
catpred,r_0715_ENZ_YDL078C_REV,0.0,5.391868468303249e-05
catpred,r_0716_ENZ_YIR031C,0.0,7.568410821563037e-05
catpred,r_0716_ENZ_YNL117W,0.0,0.0001140536967455
catpred,r_0717_ENZ_YNL117W,0.0,6.126335802147942e-05
catpred,r_0718_ENZ_YKL029C,0.0,0.0501420031921102
catpred,r_0719_ENZ_YKL029C,0.0,0.050050834916492
catpred,r_0721_ENZ_YKL192C_and_YOR221C_FWD,0.0,0.0
catpred,r_0721_ENZ_YKL192C_and_YOR221C_REV,0.0,0.0
catpred,r_0722_ENZ_YDL055C,0.1962882916289927,0.1962882916289927
catpred,r_0723_ENZ_YER003C_FWD,0.0,0.0
catpred,r_0723_ENZ_YER003C_REV,0.1962882916290027,0.1964437189974082
catpred,r_0724_ENZ_YBR084W_FWD,0.0,0.0003338961499501
catpred,r_0724_ENZ_YBR084W_REV,0.0,0.0
catpred,r_0725_ENZ_YGR204W_FWD,0.065331277128135,0.0657355845939637
catpred,r_0725_ENZ_YGR204W_REV,0.0,0.0
catpred,r_0726_ENZ_YDR502C,0.0,0.0
catpred,r_0726_ENZ_YLR180W,0.0392011610547304,0.0392895293918628
catpred,r_0727_ENZ_YER091C,0.0554318513315233,0.0555125774736456
catpred,r_0728_ENZ_YBL013W,0.0,0.0
catpred,r_0729_ENZ_YGR264C,0.0162831321172476,0.0162831321172476
catpred,r_0730_ENZ_YGR171C,0.0,0.0
catpred,r_0731_ENZ_YKR080W,12.401193755436278,12.507933596555874
catpred,r_0732_ENZ_YGR204W_FWD,0.0,0.0
catpred,r_0732_ENZ_YGR204W_REV,12.335749610873613,12.442775917715858
catpred,r_0733_ENZ_YBR084W_FWD,0.0,0.0003348591463169
catpred,r_0733_ENZ_YBR084W_REV,0.0,0.0
catpred,r_0734_ENZ_YPR006C,0.0,7.725077028863936e-05
catpred,r_0735_ENZ_YMR208W,0.0,0.0027978693320828
catpred,r_0736_ENZ_YMR208W,0.0,0.0021103082005093
catpred,r_0737_ENZ_YMR208W,0.0,0.0620345651093991
catpred,r_0738_ENZ_YMR208W,0.0,0.0620345651085859
catpred,r_0739_ENZ_YNR043W,0.0618649212153454,0.062027548995102
catpred,r_0747_ENZ_YBR036C_and_YBR161W,0.0,0.0
catpred,r_0747_ENZ_YBR036C_and_YPL057C,0.0,0.0
catpred,r_0748_ENZ_YBR036C_and_YBR161W,0.0,0.0
catpred,r_0748_ENZ_YBR036C_and_YPL057C,0.0,0.0
catpred,r_0749_ENZ_YBR036C_and_YBR161W,0.0,0.0
catpred,r_0749_ENZ_YBR036C_and_YPL057C,0.0,0.0
catpred,r_0750_ENZ_YBR036C_and_YBR161W,0.0,0.0
catpred,r_0750_ENZ_YBR036C_and_YPL057C,0.0,0.0
catpred,r_0751_ENZ_YBR036C_and_YBR161W,0.0,0.0
catpred,r_0751_ENZ_YBR036C_and_YPL057C,0.0,0.0
catpred,r_0752_ENZ_YBR036C_and_YBR161W,0.0,0.0
catpred,r_0752_ENZ_YBR036C_and_YPL057C,0.0,0.0
catpred,r_0753_ENZ_YBR036C_and_YBR161W,0.0,0.0
catpred,r_0753_ENZ_YBR036C_and_YPL057C,0.0,0.0
catpred,r_0754_ENZ_YBR036C_and_YBR161W,0.0,0.0
catpred,r_0754_ENZ_YBR036C_and_YPL057C,0.0,0.0
catpred,r_0755_ENZ_YBR036C_and_YBR161W,0.0,0.0
catpred,r_0755_ENZ_YBR036C_and_YPL057C,0.0,0.0
catpred,r_0756_ENZ_YBR036C_and_YBR161W,0.0,0.0
catpred,r_0756_ENZ_YBR036C_and_YPL057C,0.0,0.0
catpred,r_0757_ENZ_YDR287W,0.0,0.0
catpred,r_0757_ENZ_YHR046C,0.002311149010499,0.0024525787035384
catpred,r_0758_ENZ_YJL153C,0.0023117234110657,0.0024088793490414
catpred,r_0759_ENZ_YER069W,0.0516114230787252,0.0516500482685088
catpred,r_0760_ENZ_YFL017C,0.0066012856323863,0.0066012856323863
catpred,r_0761_ENZ_YJL071W_FWD,0.0,3.590339250680863e-05
catpred,r_0761_ENZ_YJL071W_REV,0.0,0.0
catpred,r_0761_ENZ_YMR062C_FWD,0.0,3.590339272022126e-05
catpred,r_0761_ENZ_YMR062C_REV,0.0,0.0
catpred,r_0762_ENZ_YDR428C,0.0016971539016041,0.0017404522924947
catpred,r_0763_ENZ_YDR402C_and_YDR403W,0.0,0.0
catpred,r_0764_ENZ_YGL067W,0.0,0.0
catpred,r_0765_ENZ_YEL041W,0.0,0.0009142837376263
catpred,r_0765_ENZ_YJR049C,0.0,0.0009142865058676
catpred,r_0766_ENZ_YEL041W,0.0,0.0
catpred,r_0766_ENZ_YJR049C,0.0,0.0
catpred,r_0766_ENZ_YPL188W,0.0,0.0
catpred,r_0767_ENZ_YDL042C,0.0,0.0
catpred,r_0767_ENZ_YDR191W,0.0,0.0
catpred,r_0767_ENZ_YOL068C,0.0,0.0
catpred,r_0767_ENZ_YOR025W,0.0,0.0
catpred,r_0767_ENZ_YPL015C,0.0,0.0
catpred,r_0768_ENZ_YHR074W,0.0016974894180394,0.0016974979126886
catpred,r_0769_ENZ_YHR074W_FWD,0.0,0.0
catpred,r_0769_ENZ_YHR074W_REV,0.0,0.0
catpred,r_0770_ENZ_YDL085W,0.0,0.0
catpred,r_0770_ENZ_YMR145C,15.131276111764867,15.334229011218357
catpred,r_0771_ENZ_YEL041W,0.0,0.0009142824219466
catpred,r_0771_ENZ_YJR049C,0.0,0.0009142876377101
catpred,r_0772_ENZ_YEL041W,0.0,0.0
catpred,r_0772_ENZ_YJR049C,0.0,0.0
catpred,r_0772_ENZ_YPL188W,0.0,0.0
catpred,r_0773_ENZ_YML120C,1.090595811179675,1.2918420298685902
catpred,r_0774_ENZ_YOR209C,0.0,3.355164353687164e-07
catpred,r_0775_ENZ_YOR209C,0.0,0.0
catpred,r_0781_ENZ_YGL037C,0.0,3.355164353687164e-07
catpred,r_0782_ENZ_YLR285W,0.0,0.0
catpred,r_0783_ENZ_YCL047C,0.0,0.0
catpred,r_0783_ENZ_YLR328W,0.0,0.0
catpred,r_0784_ENZ_YGR010W,0.0,0.0
catpred,r_0784_ENZ_YLR328W,0.0,0.0
catpred,r_0785_ENZ_YGR010W,0.0,0.0016974979536682
catpred,r_0785_ENZ_YLR328W,0.0,0.0016974927523402
catpred,r_0786_ENZ_YFR047C,0.0016971539016041,0.0016974975147563
catpred,r_0787_ENZ_YFR047C,0.0,0.0
catpred,r_0788_ENZ_YER005W,0.0,0.0001253611056064
catpred,r_0789_ENZ_YER005W,0.0,0.0002786284444979
catpred,r_0790_ENZ_YER005W,0.0,0.000258622731927
catpred,r_0791_ENZ_YEL042W,0.0,0.0002787414736786
catpred,r_0792_ENZ_YER005W,0.0,0.0001694706810972
catpred,r_0793_ENZ_YER005W,0.0,7.948974557106525e-05
catpred,r_0795_ENZ_YKL067W,0.0031573804129699,0.0053050958485495
catpred,r_0796_ENZ_YKL067W,0.0,0.0011979406176825
catpred,r_0797_ENZ_YKL067W,0.0,0.0001268697173551
catpred,r_0798_ENZ_YKL067W,0.0,0.0002586227306586
catpred,r_0799_ENZ_YKL067W,0.0,0.0001563579589675
catpred,r_0800_ENZ_YKL067W,0.2330875730975797,0.2954461189689668
catpred,r_0801_ENZ_YKL067W,0.0,0.0002431231760526
catpred,r_0802_ENZ_YKL067W_FWD,0.0,0.0
catpred,r_0802_ENZ_YKL067W_REV,0.0,0.0
catpred,r_0803_ENZ_YKL067W_FWD,0.0,0.000153200522844
catpred,r_0803_ENZ_YKL067W_REV,0.0,0.0
catpred,r_0804_ENZ_YAL035W,0.0,0.000219639190405
catpred,r_0804_ENZ_YER005W,0.0,0.0002196392922186
catpred,r_0804_ENZ_YLL001W,0.0,0.0002196392921334
catpred,r_0805_ENZ_YER005W,0.0,0.0002144288016256
catpred,r_0806_ENZ_YER005W,0.0,0.0002143937678559
catpred,r_0807_ENZ_YER005W,0.0,0.0002196534427674
catpred,r_0810_ENZ_YEL042W,0.0,0.0003080488014717
catpred,r_0811_ENZ_YKL067W,0.4340537496150963,0.4962532634836786
catpred,r_0812_ENZ_YLR303W,0.0,-0.0
catpred,r_0813_ENZ_YLR303W,0.0184562327509703,0.0185012950333883
catpred,r_0815_ENZ_YAL012W,0.0,4.763812248022607e-05
catpred,r_0815_ENZ_YLL058W,0.0,3.77519307341481e-05
catpred,r_0815_ENZ_YML082W,0.0,5.016479122744999e-05
catpred,r_0816_ENZ_YJL088W,0.0516114230787252,0.0516416017519476
catpred,r_0817_ENZ_YKL184W,0.0,1.5443308694261526e-05
catpred,r_0818_ENZ_YMR062C,0.0516114230787252,0.0516582433562245
catpred,r_0819_ENZ_YLR438W,0.0,4.584633201498711e-05
catpred,r_0820_ENZ_YML106W_FWD,0.0,0.0
catpred,r_0820_ENZ_YML106W_REV,0.0,0.0300066094697141
catpred,r_0820_ENZ_YMR271C_FWD,0.0,0.0
catpred,r_0820_ENZ_YMR271C_REV,0.0,0.0300074825079254
catpred,r_0821_ENZ_YEL021W,0.0299919070821371,0.0300060330332438
catpred,r_0831_ENZ_YDR148C_and_YFL018C_and_YIL125W,0.0,0.0007105438490098
catpred,r_0831_ENZ_YDR148C_and_YFL018C_and_YIL125W_and_YFR049W,0.0,0.0006112264673387
catpred,r_0832_ENZ_YDR148C_and_YFL018C_and_YIL125W,0.0,0.0008244926769208
catpred,r_0832_ENZ_YDR148C_and_YFL018C_and_YIL125W_and_YFR049W,0.0,0.0006358884754836
catpred,r_0841_ENZ_YGR277C,0.0,8.882593865955357e-05
catpred,r_0842_ENZ_YDR531W,5.312343543051323e-05,5.3123692789270686e-05
catpred,r_0843_ENZ_YIL145C,5.312343543056874e-05,6.51299961622609e-05
catpred,r_0844_ENZ_YJR019C,0.0,5.304730686217507e-05
catpred,r_0845_ENZ_YJR019C,0.0,5.312343543051323e-05
catpred,r_0847_ENZ_YJR019C,0.0,5.312343543054099e-05
catpred,r_0848_ENZ_YJR019C,0.0,5.036081003275544e-05
catpred,r_0849_ENZ_YJR019C,0.0,6.31216296468548e-05
catpred,r_0850_ENZ_YJR019C,0.0,6.440250531235953e-05
catpred,r_0851_ENZ_YGL202W_FWD,0.0,0.0
catpred,r_0851_ENZ_YGL202W_REV,0.0413164824387943,0.0449323797062735
catpred,r_0852_ENZ_YFL022C_and_YLR060W,0.0430041687629455,0.0430041687629455
catpred,r_0853_ENZ_YPR047W,0.0,0.0
catpred,r_0854_ENZ_YDR380W,0.0,1.8596931641787218e-05
catpred,r_0855_ENZ_YGL234W,0.028631111369456,0.028631111369456
catpred,r_0882_ENZ_YEL058W_FWD,0.0066012856323863,0.0066012856323863
catpred,r_0882_ENZ_YEL058W_REV,0.0,0.0
catpred,r_0883_ENZ_YGR209C_and_YPR167C,0.0,0.0185027957365311
catpred,r_0883_ENZ_YLR043C_and_YPR167C,0.0,0.0184978999368197
catpred,r_0884_ENZ_YKR097W,0.0,0.0001422042766459
catpred,r_0885_ENZ_YGR007W,0.0,0.0
catpred,r_0886_ENZ_YGR240C_and_YMR205C,0.0,0.020698393797947
catpred,r_0887_ENZ_YGR240C_and_YMR205C,0.1386609855495118,0.1626006584637786
catpred,r_0888_ENZ_YKL127W_FWD,0.0,0.4138472514535918
catpred,r_0888_ENZ_YKL127W_REV,0.0,0.0
catpred,r_0888_ENZ_YMR105C_FWD,0.0,0.414755109931641
catpred,r_0888_ENZ_YMR105C_REV,0.0,0.0
catpred,r_0889_ENZ_YGR256W,0.0,0.0
catpred,r_0889_ENZ_YHR183W,7.441465088741062,7.450975016292569
catpred,r_0890_ENZ_YEL058W_FWD,0.0,0.0
catpred,r_0890_ENZ_YEL058W_REV,0.0,0.0
catpred,r_0891_ENZ_YER081W,0.2090718835487073,0.2092896707718932
catpred,r_0891_ENZ_YIL074C,0.0,0.0
catpred,r_0892_ENZ_YCR012W_FWD,2.7069108200220766,2.708468759206589
catpred,r_0892_ENZ_YCR012W_REV,0.0,0.0
catpred,r_0893_ENZ_YKL152C_FWD,2.498027069921702,2.4991732641737423
catpred,r_0893_ENZ_YKL152C_REV,0.0,0.0
catpred,r_0893_ENZ_YOR283W_FWD,0.0,0.0
catpred,r_0893_ENZ_YOR283W_REV,0.0,0.0
catpred,r_0902_ENZ_YFL045C_FWD,0.0,0.0
catpred,r_0902_ENZ_YFL045C_REV,0.1962882916289927,0.1964494078655779
catpred,r_0903_ENZ_YOL055C,0.0,2.9896326320111327e-05
catpred,r_0903_ENZ_YPL258C,0.0,2.9472436118922492e-05
catpred,r_0903_ENZ_YPR121W,0.0,3.073329829323957e-05
catpred,r_0904_ENZ_YMR220W,0.0618657600064021,0.062027548995102
catpred,r_0905_ENZ_YIL083C,5.312343543051323e-05,5.3123692789270686e-05
catpred,r_0906_ENZ_YKL088W_and_YKR072C_and_YOR054C,5.312343543056874e-05,5.3123692789270686e-05
catpred,r_0907_ENZ_YKL127W_FWD,0.0,0.0002188889532849
catpred,r_0907_ENZ_YKL127W_REV,0.0,0.0002410769852317
catpred,r_0907_ENZ_YMR105C_FWD,0.0,0.000241701883035
catpred,r_0907_ENZ_YMR105C_REV,0.0,0.0002467404279458
catpred,r_0907_ENZ_YMR278W_FWD,0.0,0.0002143859328312
catpred,r_0907_ENZ_YMR278W_REV,0.0,0.0004369609202383
catpred,r_0908_ENZ_YAR015W,0.0286287954792072,0.0286417998034205
catpred,r_0909_ENZ_YCL030C,0.0212933251417393,0.021305068914057
catpred,r_0910_ENZ_YCL030C,0.0212933251417393,0.0213095990111868
catpred,r_0911_ENZ_YOR128C,0.0286287954792073,0.0286412110099467
catpred,r_0912_ENZ_YLR028C_FWD,0.0,0.0499361247242602
catpred,r_0912_ENZ_YLR028C_REV,0.0,0.0
catpred,r_0912_ENZ_YMR120C_FWD,0.0,0.0499353160197172
catpred,r_0912_ENZ_YMR120C_REV,0.0,0.0
catpred,r_0913_ENZ_YDR007W,0.0108182770219087,0.0108638282484908
catpred,r_0914_ENZ_YGL234W,0.0286315914494636,0.0286315914494636
catpred,r_0915_ENZ_YMR300C,0.0286315914494636,0.0286315914494636
catpred,r_0916_ENZ_YBL068W_and_YOL061W,0.0,0.0
catpred,r_0916_ENZ_YER099C_and_YOL061W,0.0,0.0
catpred,r_0916_ENZ_YKL181W_and_YBL068W,0.092432254596871,0.0926889563735656
catpred,r_0916_ENZ_YKL181W_and_YER099C,0.0,0.0
catpred,r_0916_ENZ_YKL181W_and_YHL011C,0.0,0.0
catpred,r_0917_ENZ_YGR208W,0.2090886357586062,0.2092896329515561
catpred,r_0918_ENZ_YOR184W,0.2090675021712811,0.2093012236784509
catpred,r_0919_ENZ_YBR183W,0.0,9.563608257445108e-05
catpred,r_0920_ENZ_YDR402C,0.0,0.0001203015404605
catpred,r_0921_ENZ_YDR294C,0.0,0.0
catpred,r_0922_ENZ_YDR297W,0.0,0.0
catpred,r_0929_ENZ_YMR020W,0.0,0.0
catpred,r_0935_ENZ_YGL040C,0.0,1.803989809304855e-05
catpred,r_0936_ENZ_YMR020W,0.0,0.0
catpred,r_0937_ENZ_YMR020W,5.3123435430429966e-05,7.891487892253089e-05
catpred,r_0938_ENZ_YNL316C,0.0430041687627333,0.0430162143163976
catpred,r_0939_ENZ_YBR166C,0.0327589624936902,0.032776288649486
catpred,r_0940_ENZ_YLR142W,0.0,0.0001264431550356
catpred,r_0941_ENZ_YHR020W,0.0528960909022178,0.0528960909022178
catpred,r_0942_ENZ_YER014W,0.0,2.1144290725631787e-06
catpred,r_0943_ENZ_YLR209C,0.0,0.0
catpred,r_0949_ENZ_YLR209C_FWD,0.0,0.0001085441814136
catpred,r_0949_ENZ_YLR209C_REV,0.0,0.0
catpred,r_0950_ENZ_YLR209C_FWD,0.0,0.0
catpred,r_0950_ENZ_YLR209C_REV,0.0,0.0
catpred,r_0951_ENZ_YLR209C_FWD,0.0,8.764846291901829e-05
catpred,r_0951_ENZ_YLR209C_REV,0.0,0.0004725984463909
catpred,r_0953_ENZ_YBR035C,0.0,0.0
catpred,r_0954_ENZ_YBR035C,0.0,0.0
catpred,r_0955_ENZ_YBR035C,0.0,0.0
catpred,r_0956_ENZ_YBR035C,0.0,0.0002319918051689
catpred,r_0957_ENZ_YER023W,0.0528960909018394,0.053056486300226
catpred,r_0958_ENZ_YBR218C,0.6749705903698612,0.6752781907571865
catpred,r_0958_ENZ_YGL062W,0.0,0.0
catpred,r_0959_ENZ_YGR087C,0.0,0.0
catpred,r_0959_ENZ_YLR044C,0.3833205227380051,0.3837766983695307
catpred,r_0959_ENZ_YLR134W,0.0,0.0
catpred,r_0960_ENZ_YGR087C,0.0,0.0002006178785582
catpred,r_0960_ENZ_YLR044C,0.0,0.0003313635056159
catpred,r_0960_ENZ_YLR134W,0.0,0.0002434337256151
catpred,r_0961_ENZ_YBR221C_and_YER178W_and_YFL018C_and_YGR193C_and_YNL071W,0.7593902067838967,0.7606012139452513
catpred,r_0962_ENZ_YAL038W,2.324867629438918,2.326000029211419
catpred,r_0962_ENZ_YOR347C,0.0,0.0
catpred,r_0963_ENZ_YDR204W_and_YGR255C_and_YLR201C_and_YML110C_and_YOL096C_and_YOR125C,0.0,0.0
catpred,r_0964_ENZ_YDR135C,0.0,6.835338393784696e-05
catpred,r_0965_ENZ_YDR236C,0.0,0.000216182585782
catpred,r_0966_ENZ_YDR236C,0.0,2.795986636708751e-06
catpred,r_0967_ENZ_YOL143C,0.0005536020824763,0.0005591956637498
catpred,r_0968_ENZ_YBR256C,0.0002768010412381,0.000279597775085
catpred,r_0969_ENZ_YCR036W,0.0,0.0001983265311173
catpred,r_0970_ENZ_YGR209C,0.0,0.001006554716427
catpred,r_0971_ENZ_YGR209C,0.0,0.0001357155130929
catpred,r_0972_ENZ_YGR209C,0.0,0.0002334823917227
catpred,r_0973_ENZ_YGR209C,0.0,0.0003554004324731
catpred,r_0974_ENZ_YER070W,0.0,0.0010065543145302
catpred,r_0974_ENZ_YGR180C,0.0,0.0010065543145302
catpred,r_0974_ENZ_YIL066C,0.0,0.0010065492532206
catpred,r_0974_ENZ_YJL026W,0.0,0.0010065492532206
catpred,r_0975_ENZ_YER070W,0.0,0.0
catpred,r_0975_ENZ_YGR180C,0.0,0.0
catpred,r_0975_ENZ_YIL066C,0.0,0.0
catpred,r_0975_ENZ_YJL026W,0.0,0.0
catpred,r_0976_ENZ_YER070W,0.0,0.0016890507572483
catpred,r_0976_ENZ_YGR180C,0.0,0.0016921891239969
catpred,r_0976_ENZ_YIL066C,0.0,0.0016921891248368
catpred,r_0976_ENZ_YJL026W,0.0,0.0016921891228605
catpred,r_0977_ENZ_YER070W,0.0,0.0
catpred,r_0977_ENZ_YGR180C,0.0,0.0
catpred,r_0977_ENZ_YIL066C,0.0,0.0
catpred,r_0977_ENZ_YJL026W,0.0,0.0
catpred,r_0978_ENZ_YER070W,0.0,0.0006710363112876
catpred,r_0978_ENZ_YGR180C,0.0,0.0006710349462529
catpred,r_0978_ENZ_YIL066C,0.0,0.0006710349462529
catpred,r_0978_ENZ_YJL026W,0.0,0.0006710349462529
catpred,r_0979_ENZ_YER070W,0.0,0.0
catpred,r_0979_ENZ_YGR180C,0.0,0.0
catpred,r_0979_ENZ_YIL066C,0.0,0.0
catpred,r_0979_ENZ_YJL026W,0.0,0.0
catpred,r_0982_ENZ_YOR095C_FWD,2.570890362501224,2.574062450622652
catpred,r_0982_ENZ_YOR095C_REV,0.0,0.0
catpred,r_0983_ENZ_YNL129W,0.0,0.0
catpred,r_0984_ENZ_YJL121C_FWD,4.869837800191777,4.8767567539300645
catpred,r_0984_ENZ_YJL121C_REV,0.0,0.0
catpred,r_0985_ENZ_YDR204W_and_YGR255C_and_YLR201C_and_YML110C_and_YOL096C_and_YOR125C,0.0,0.0
catpred,r_0986_ENZ_YML008C,0.0,9.977022883411737e-07
catpred,r_0987_ENZ_YJL068C,0.0,-0.0
catpred,r_0988_ENZ_YIR034C,0.0919177922842919,0.0919368177129832
catpred,r_0989_ENZ_YNR050C,0.0919177922842919,0.0919368177129832
catpred,r_0990_ENZ_YKL060C_FWD,0.1399840947260663,0.1625740830024934
catpred,r_0990_ENZ_YKL060C_REV,0.0,0.0
catpred,r_0992_ENZ_YHR013C_and_YDL040C_and_YOR253W,0.0,2.8634877957678384e-05
catpred,r_0993_ENZ_YMR296C_and_YKL212W_and_YDR062W_and_YGR038W_and_YLR350W_and_YBR058C-A,0.0,0.0
catpred,r_0995_ENZ_YDR023W,0.0,0.059544530506128
catpred,r_0995_ENZ_YHR011W,0.0,0.0595445302220243
catpred,r_0996_ENZ_YDR127W,0.086599134730085,0.0866152368273285
catpred,r_0997_ENZ_YDR127W,0.086599134730084,0.0866247937196461
catpred,r_0998_ENZ_YBR213W,0.0,0.0
catpred,r_0999_ENZ_YBR213W,0.0,0.0
catpred,r_1000_ENZ_YEL047C_FWD,0.0,0.0010762214614923
catpred,r_1000_ENZ_YEL047C_REV,0.0,0.0
catpred,r_1001_ENZ_YPR069C,0.0,8.44986541957693e-06
catpred,r_1002_ENZ_YLR146C,5.312343543051323e-05,7.891581443253415e-05
catpred,r_1003_ENZ_YDR294C,0.0,0.0
catpred,r_1004_ENZ_YJL134W,0.0,4.9438562162773536e-05
catpred,r_1004_ENZ_YKR053C,0.0,5.963866075475721e-05
catpred,r_1005_ENZ_YJL134W,0.0,4.5524427231047326e-05
catpred,r_1005_ENZ_YKR053C,0.0,5.874010580064759e-05
catpred,r_1006_ENZ_YLR260W,0.0,5.167450953269536e-05
catpred,r_1006_ENZ_YOR171C,0.0,6.643884260348153e-05
catpred,r_1007_ENZ_YLR260W,0.0,5.255729826814104e-05
catpred,r_1007_ENZ_YOR171C,0.0,5.870921560280351e-05
catpred,r_1008_FWD,0.0,0.0
catpred,r_1008_REV,0.0,0.0
catpred,r_1009_FWD,0.0,0.0
catpred,r_1009_REV,0.0,0.0
catpred,r_1010_ENZ_YGR175C,0.0,0.0
catpred,r_1011_ENZ_YGR175C,0.0103108202025575,0.0103390869287808
catpred,r_1012_ENZ_YHR190W,0.0103108202025575,0.0103390869287808
catpred,r_1021_ENZ_YDR178W_and_YJL045W_and_YKL141W_and_YLL041C_FWD,0.0,0.027468831915755
catpred,r_1021_ENZ_YDR178W_and_YJL045W_and_YKL141W_and_YLL041C_REV,0.0,0.0013963071635329
catpred,r_1021_ENZ_YDR178W_and_YKL141W_and_YKL148C_and_YLL041C_FWD,0.0,0.0
catpred,r_1021_ENZ_YDR178W_and_YKL141W_and_YKL148C_and_YLL041C_REV,0.0,0.0
catpred,r_1021_ENZ_YLR164W_and_YJL045W_and_YKL141W_and_YLL041C_FWD,0.0299039124786779,0.0376536416765758
catpred,r_1021_ENZ_YLR164W_and_YJL045W_and_YKL141W_and_YLL041C_REV,0.0,0.0
catpred,r_1022_ENZ_YGR244C_and_YOR142W,0.0,0.0008291399589088
catpred,r_1023_ENZ_YBR006W,0.0,5.292052940197856e-05
catpred,r_1024_ENZ_YIL162W,0.0,0.0
catpred,r_1025_ENZ_YJR010W,0.0184565682674057,0.0186088729521753
catpred,r_1026_ENZ_YCL050C,0.0,0.0001200608413265
catpred,r_1027_ENZ_YFR030W_and_YJR137C,0.0184562327509705,0.0184959655726579
catpred,r_1028_ENZ_YLL048C,0.0,-0.0
catpred,r_1029_ENZ_YLL057C,0.0,0.0
catpred,r_1030_ENZ_YAL044C_and_YDR019C_and_YFL018C_and_YMR189W,0.0,0.0007485678955845
catpred,r_1031_ENZ_YKL132C_FWD,0.0,0.0
catpred,r_1031_ENZ_YKL132C_REV,0.0,0.0
catpred,r_1031_ENZ_YOR241W_FWD,0.0,0.0
catpred,r_1031_ENZ_YOR241W_REV,0.0,0.0
catpred,r_1032_ENZ_YBR092C,0.0,0.0
catpred,r_1033_ENZ_YBR092C,0.0,0.0
catpred,r_1034_ENZ_YOR143C,0.0,3.355164353687164e-07
catpred,r_1035_ENZ_YOR143C,0.0,0.0
catpred,r_1036_ENZ_YPL214C,0.0,3.0501171271051976e-05
catpred,r_1037_ENZ_YGR209C_and_YIL010W,0.0,0.0
catpred,r_1037_ENZ_YIL010W_and_YLR043C,0.0,0.0
catpred,r_1038_ENZ_YDR353W,0.0,0.022029715988808
catpred,r_1038_ENZ_YDR353W_and_YGR209C,0.0,0.0220297159902101
catpred,r_1038_ENZ_YDR353W_and_YLR043C,0.0,0.0220297159902136
catpred,r_1039_ENZ_YCR083W_and_YHR106W,0.0,0.0
catpred,r_1039_ENZ_YCR083W_and_YPL091W,0.0,0.0
catpred,r_1040_ENZ_YEL046C,0.0,4.748588841064129e-05
catpred,r_1041_ENZ_YCR053W,0.0614712328297244,0.0615434994083736
catpred,r_1042_ENZ_YIL078W,0.0614712328297811,0.0614715404469537
catpred,r_1043_ENZ_YKL194C,0.0,0.0
catpred,r_1045_ENZ_YOR074C,0.0010065542902335,0.0010210428571276
catpred,r_1046_ENZ_YER175C,0.0,0.0
catpred,r_1047_ENZ_YBR003W,0.0,0.0
catpred,r_1048_ENZ_YGR043C_FWD,2.3159213347883747,2.3379927819529427
catpred,r_1048_ENZ_YGR043C_REV,0.0,0.0
catpred,r_1048_ENZ_YLR354C_FWD,0.0,0.0
catpred,r_1048_ENZ_YLR354C_REV,0.0,0.0
catpred,r_1049_ENZ_YBR117C_FWD,0.0,0.0
catpred,r_1049_ENZ_YBR117C_REV,0.0,0.0
catpred,r_1049_ENZ_YPR074C_FWD,2.47809082931049,2.48167550972664
catpred,r_1049_ENZ_YPR074C_REV,0.0,0.0
catpred,r_1050_ENZ_YBR117C_FWD,0.0,0.0
catpred,r_1050_ENZ_YBR117C_REV,0.0,0.0
catpred,r_1050_ENZ_YPR074C_FWD,2.39208663807087,2.395047139652175
catpred,r_1050_ENZ_YPR074C_REV,0.0,0.0
catpred,r_1051_ENZ_YBR126C_and_YDR074W_and_YML100W,0.0,0.0
catpred,r_1051_ENZ_YBR126C_and_YDR074W_and_YMR261C,0.0381789730242421,0.0382604103557498
catpred,r_1054_ENZ_YDR050C_FWD,0.1411552211594045,0.1434225292939843
catpred,r_1054_ENZ_YDR050C_REV,0.0,0.0
catpred,r_1055_ENZ_YGL026C,0.0108182770219078,0.0108638289781853
catpred,r_1056_ENZ_YGL202W,0.0,1.1301702336034836e-05
catpred,r_1057_ENZ_YOL097C,0.0091211231203037,0.0091211231203037
catpred,r_1058_ENZ_YDR268W,0.0,0.0
catpred,r_1063_ENZ_YGL202W_FWD,0.0295332221370798,0.0333869471793691
catpred,r_1063_ENZ_YGL202W_REV,0.0,0.0
catpred,r_1065_ENZ_YLR027C,0.0,-0.0
catpred,r_1066_ENZ_YGR185C,0.0327589624936902,0.0327589624936902
catpred,r_1067_ENZ_YPL097W,0.0,0.0
catpred,r_1068_ENZ_YLR189C,0.0,0.0
catpred,r_1069_ENZ_YDL103C_FWD,0.0066012856323863,0.0066012856323863
catpred,r_1069_ENZ_YDL103C_REV,0.0,0.0
catpred,r_1070_ENZ_YBR019C_FWD,0.0,0.0
catpred,r_1070_ENZ_YBR019C_REV,0.0,0.0
catpred,r_1071_ENZ_YBR018C_FWD,0.0,0.0
catpred,r_1071_ENZ_YBR018C_REV,0.0,1000.0
catpred,r_1072_ENZ_YKL024C,0.0,0.0139971488936741
catpred,r_1073_ENZ_YKL024C,0.0,0.01399972369197
catpred,r_1074_ENZ_YHR128W,0.0,8.59120137585434e-05
catpred,r_1075_ENZ_YBR208C,0.0,7.449025308405287e-05
catpred,r_1076_ENZ_YIR032C,0.0,0.0
catpred,r_1077_ENZ_YDR020C,0.0,0.0002100721396541
catpred,r_1077_ENZ_YNR012W,0.0,0.0002113004508887
catpred,r_1078_ENZ_YDR020C,0.0,0.0002112993602878
catpred,r_1078_ENZ_YNR012W,0.0,0.0003239151796874
catpred,r_1079_ENZ_YKL024C,0.0,0.0001294008104144
catpred,r_1080_ENZ_YKL024C,0.0,0.0001291667064039
catpred,r_1081_ENZ_YDR047W,0.0,4.509890393075006e-06
catpred,r_1082_ENZ_YKR069W,0.0,0.0
catpred,r_1083_ENZ_YOR278W,0.0,4.509890393075006e-06
catpred,r_1084_ENZ_YHL012W_FWD,0.0,0.4139866306542601
catpred,r_1084_ENZ_YHL012W_REV,0.0,999.586325025668
catpred,r_1084_ENZ_YKL035W_FWD,0.0,0.4140283455422358
catpred,r_1084_ENZ_YKL035W_REV,0.0,999.5863250256442
catpred,r_1085_ENZ_YBR127C_and_YDL185W_and_YOR332W_and_YHR026W_and_YEL027W_and_YKL080W_and_YLR447C_and_YEL051W_and_YPL234C_and_YMR054W_and_YGR020C_and_YPR036W_and_YHR039C-A_and_YGR106C_and_YCL005W-A,0.0,0.0001111035539025
catpred,r_1085_ENZ_YPR170W-B_and_YBR127C_and_YDL185W_and_YOR332W_and_YHR026W_and_YEL027W_and_YKL080W_and_YLR447C_and_YEL051W_and_YPL234C_and_YMR054W_and_YGR020C_and_YPR036W_and_YHR039C-A_and_YGR106C_and_YCL005W-A,0.0,0.000110082308323
catpred,r_1086_ENZ_YBR127C_and_YDL185W_and_YEL027W_and_YEL051W_and_YGR020C_and_YHR026W_and_YHR039C-A_and_YKL080W_and_YLR447C_and_YOR270C_and_YOR332W_and_YPL234C_and_YPR036W_and_YGR106C_and_YCL005W-A,0.0,6.050331708795653e-05
catpred,r_1086_ENZ_YBR127C_and_YDL185W_and_YEL027W_and_YEL051W_and_YGR020C_and_YHR026W_and_YHR039C-A_and_YKL080W_and_YLR447C_and_YOR270C_and_YOR332W_and_YPL234C_and_YPR036W_and_YPR170W-B_and_YGR106C_and_YCL005W-A,0.0,5.982025974304861e-05
catpred,r_1087_ENZ_YJR148W_FWD,0.0,4.216023891340237e-05
catpred,r_1087_ENZ_YJR148W_REV,0.0,0.0
catpred,r_1088_ENZ_YHR208W_FWD,0.0,0.0
catpred,r_1088_ENZ_YHR208W_REV,0.0849806070958502,0.0850311057778764
catpred,r_1089_ENZ_YGR094W,0.0849806070958502,0.0849810323600554
catpred,r_1090_ENZ_YGR094W,0.0,0.0
catpred,r_1091_ENZ_YJR133W,0.0,5.312343543051323e-05
catpred,r_1092_ENZ_YLR070C,0.0,0.0
catpred,r_1093_ENZ_YHR104W,0.0,0.0
catpred,r_1094_ENZ_YGR194C,0.0,0.0
catpred,r_1095_ENZ_YFL001W_FWD,0.0,0.0
catpred,r_1095_ENZ_YFL001W_REV,0.0,0.0
catpred,r_1095_ENZ_YGL063W_FWD,0.0,0.0
catpred,r_1095_ENZ_YGL063W_REV,0.0,0.0
catpred,r_1095_ENZ_YNL292W_FWD,0.0,0.0
catpred,r_1095_ENZ_YNL292W_REV,0.0,0.0
catpred,r_1095_ENZ_YPL212C_FWD,0.0,0.0
catpred,r_1095_ENZ_YPL212C_REV,0.0,0.0
catpred,r_1096_ENZ_YKL217W_FWD,0.0,0.0
catpred,r_1096_ENZ_YKL217W_REV,0.0,6.645844978532545e-05
catpred,r_1096_ENZ_YNL065W_FWD,0.0,0.0
catpred,r_1096_ENZ_YNL065W_REV,0.0,5.644106024995516e-05
catpred,r_1097_FWD,0.0,0.0002802272290283
catpred,r_1097_REV,0.0,0.0
catpred,r_1098,0.0,2.7574995726607765e-05
catpred,r_1099_ENZ_YOR222W_FWD,0.0,0.0
catpred,r_1099_ENZ_YOR222W_REV,0.0,0.0
catpred,r_1099_ENZ_YPL134C_FWD,0.0919177922842919,0.0919485285619257
catpred,r_1099_ENZ_YPL134C_REV,0.0,0.0
catpred,r_1100_FWD,0.0,0.0
catpred,r_1100_REV,0.0,0.0
catpred,r_1101_ENZ_YDL210W,0.0,0.0
catpred,r_1101_ENZ_YOR348C,0.0,0.0
catpred,r_1102_ENZ_YDL210W,0.0,0.0
catpred,r_1103_FWD,0.0,0.0
catpred,r_1103_REV,0.0,0.0
catpred,r_1104_ENZ_YNR056C_FWD,0.0,0.0
catpred,r_1104_ENZ_YNR056C_REV,0.0,0.0
catpred,r_1106_ENZ_YCR010C_FWD,0.0,0.0001449865976119
catpred,r_1106_ENZ_YCR010C_REV,0.0,0.0
catpred,r_1107,0.0,0.0001637518505849
catpred,r_1108_ENZ_YER056C,0.0,0.0
catpred,r_1108_ENZ_YER060W,0.0,0.0
catpred,r_1108_ENZ_YER060W-A,0.0,0.0
catpred,r_1109_ENZ_YAL022C,0.0,0.0
catpred,r_1110_ENZ_YBL030C_FWD,0.0,0.0
catpred,r_1110_ENZ_YBL030C_REV,0.0,0.0
catpred,r_1110_ENZ_YBR085W_FWD,21.361236931893213,21.361236931893213
catpred,r_1110_ENZ_YBR085W_REV,0.0,0.0
catpred,r_1110_ENZ_YMR056C_FWD,0.0,0.0
catpred,r_1110_ENZ_YMR056C_REV,0.0,0.0
catpred,r_1111_ENZ_YPR128C,0.0,-0.0
catpred,r_1112_ENZ_YMR241W_FWD,0.0,0.0
catpred,r_1112_ENZ_YMR241W_REV,0.3690003433268156,0.4333102093101646
catpred,r_1113_ENZ_YJR152W,0.0,0.0
catpred,r_1114_ENZ_YIR028W,0.0,0.0
catpred,r_1115_ENZ_YDR384C_FWD,0.0,0.0
catpred,r_1115_ENZ_YDR384C_REV,0.0,0.0
catpred,r_1115_ENZ_YGR121C_FWD,1.7890676130598406,1.7892480739441183
catpred,r_1115_ENZ_YGR121C_REV,0.0,0.0
catpred,r_1115_ENZ_YNL142W_FWD,0.0,0.0
catpred,r_1115_ENZ_YNL142W_REV,0.0,0.0
catpred,r_1115_ENZ_YPR138C_FWD,0.0,0.0
catpred,r_1115_ENZ_YPR138C_REV,0.0,0.0
catpred,r_1116_ENZ_YPR128C,0.0,3.892921763806734e-05
catpred,r_1118_ENZ_YPR021C,0.0,-0.0
catpred,r_1119_ENZ_YGR065C,0.0,0.0
catpred,r_1120_ENZ_YOR100C,0.0,4.113222847192892e-05
catpred,r_1121_FWD,0.0,5.8611261720916286e-05
catpred,r_1121_REV,0.0,0.0
catpred,r_1122_FWD,0.0,5.82582201111171e-05
catpred,r_1122_REV,0.0,0.0
catpred,r_1123_FWD,0.0,5.825821658975508e-05
catpred,r_1123_REV,0.0,0.0
catpred,r_1124_FWD,0.0,5.80904552093045e-05
catpred,r_1124_REV,0.0,0.0
catpred,r_1125_ENZ_YGL077C,0.0,0.0002226486976653
catpred,r_1126_ENZ_YBR291C_FWD,0.0,0.0
catpred,r_1126_ENZ_YBR291C_REV,0.3944669685358128,0.4371771443488005
catpred,r_1127_ENZ_YBR291C_FWD,0.0,0.0
catpred,r_1127_ENZ_YBR291C_REV,0.0864523301501594,0.0866184859208276
catpred,r_1128_ENZ_YBR291C_FWD,0.0899559080022535,0.1434495732477058
catpred,r_1128_ENZ_YBR291C_REV,0.0,0.0
catpred,r_1129_ENZ_YHR002W,0.0617272247793499,0.0620278060619394
catpred,r_1130_ENZ_YBR192W,0.0,6.65609249512894e-05
catpred,r_1131_ENZ_YBR192W,0.0,6.292411304161362e-05
catpred,r_1132_ENZ_YAL022C,0.0,0.0
catpred,r_1133_ENZ_YER056C,0.0,0.0
catpred,r_1133_ENZ_YER060W,0.0,0.0
catpred,r_1133_ENZ_YER060W-A,0.0,0.0
catpred,r_1133_ENZ_YGL186C,0.0,0.0
catpred,r_1134_ENZ_YDL245C,0.0,0.0
catpred,r_1134_ENZ_YDR342C,0.0,0.0
catpred,r_1134_ENZ_YDR343C,0.0,0.0
catpred,r_1134_ENZ_YDR345C,0.0,0.0
catpred,r_1134_ENZ_YEL069C,0.0,0.0
catpred,r_1134_ENZ_YFL011W,0.0,0.0
catpred,r_1134_ENZ_YHR092C,0.0,0.0
catpred,r_1134_ENZ_YHR094C,0.0,0.0
catpred,r_1134_ENZ_YHR096C,0.0,0.0
catpred,r_1134_ENZ_YJL214W,0.0,0.0
catpred,r_1134_ENZ_YJL219W,0.0,0.0
catpred,r_1134_ENZ_YJR158W,0.0,0.0
catpred,r_1134_ENZ_YMR011W,0.0,0.0
catpred,r_1134_ENZ_YNR072W,0.0,0.0
catpred,r_1134_ENZ_YOL156W,0.0,0.0
catpred,r_1135_ENZ_YFL011W,0.0,0.0
catpred,r_1135_ENZ_YJL219W,0.0,0.0
catpred,r_1135_ENZ_YLR081W,0.0,0.0
catpred,r_1135_ENZ_YNL318C,0.0,0.0
catpred,r_1135_ENZ_YOL156W,0.0,0.0
catpred,r_1136_ENZ_YKL217W_FWD,0.0,0.0
catpred,r_1136_ENZ_YKL217W_REV,0.0,9.341708785326476e-05
catpred,r_1137,1.1317868947774037,1.132737495481435
catpred,r_1138_FWD,0.0,0.0
catpred,r_1138_REV,1.131531342791416,1.132742530873149
catpred,r_1139_ENZ_YDL245C,0.0,0.0
catpred,r_1139_ENZ_YDR342C,0.0,0.0
catpred,r_1139_ENZ_YDR343C,0.0,0.0
catpred,r_1139_ENZ_YDR345C,0.0,0.0
catpred,r_1139_ENZ_YEL069C,0.0,0.0
catpred,r_1139_ENZ_YFL011W,0.0,0.0
catpred,r_1139_ENZ_YHR094C,0.0,0.0
catpred,r_1139_ENZ_YHR096C,0.0,0.0
catpred,r_1139_ENZ_YJL214W,0.0,0.0
catpred,r_1139_ENZ_YJL219W,0.0,0.0
catpred,r_1139_ENZ_YJR158W,0.0,0.0
catpred,r_1139_ENZ_YNR072W,0.0,0.0
catpred,r_1139_ENZ_YOL156W,0.0,0.0
catpred,r_1146_ENZ_YIL013C_FWD,0.0,0.0
catpred,r_1146_ENZ_YIL013C_REV,0.0,7.092109581783852e-07
catpred,r_1146_ENZ_YOR011W_FWD,0.0,0.0
catpred,r_1146_ENZ_YOR011W_REV,0.0,7.092109767351562e-07
catpred,r_1147_ENZ_YIL013C_FWD,0.0,0.0
catpred,r_1147_ENZ_YIL013C_REV,0.0,5.164848846380549e-06
catpred,r_1147_ENZ_YOR011W_FWD,0.0,0.0
catpred,r_1147_ENZ_YOR011W_REV,0.0,2.560056307603521e-06
catpred,r_1148_ENZ_YIL013C_FWD,0.0,0.0
catpred,r_1148_ENZ_YIL013C_REV,0.0,0.0
catpred,r_1148_ENZ_YOR011W_FWD,0.0,0.0
catpred,r_1148_ENZ_YOR011W_REV,0.0,0.0
catpred,r_1149_ENZ_YGL077C_FWD,0.0,0.0
catpred,r_1149_ENZ_YGL077C_REV,0.0,0.0
catpred,r_1151_ENZ_YIL134W,0.0,2.795986636708751e-06
catpred,r_1161_ENZ_YIL013C_FWD,0.0,0.0
catpred,r_1161_ENZ_YIL013C_REV,0.0,8.674304676423161e-07
catpred,r_1161_ENZ_YOR011W_FWD,0.0,0.0
catpred,r_1161_ENZ_YOR011W_REV,0.0,5.058925162892915e-07
catpred,r_1162_ENZ_YIL013C_FWD,0.0,0.0
catpred,r_1162_ENZ_YIL013C_REV,0.0,0.0
catpred,r_1162_ENZ_YOR011W_FWD,0.0,0.0
catpred,r_1162_ENZ_YOR011W_REV,0.0,0.0
catpred,r_1164_FWD,0.0,0.0
catpred,r_1164_REV,0.0,0.0
catpred,r_1165_ENZ_YGL225W,0.0,0.0002639339168872
catpred,r_1166_ENZ_YDL245C,0.0,0.0
catpred,r_1166_ENZ_YDL247W,0.0,0.0
catpred,r_1166_ENZ_YDR342C,0.0,0.0
catpred,r_1166_ENZ_YDR343C,0.0,0.0
catpred,r_1166_ENZ_YDR345C,0.0,0.0
catpred,r_1166_ENZ_YDR387C,0.0,0.0
catpred,r_1166_ENZ_YDR536W,0.0,0.0
catpred,r_1166_ENZ_YEL069C,0.0,0.0
catpred,r_1166_ENZ_YFL011W,0.0,0.001254916327121
catpred,r_1166_ENZ_YHR092C,3.39008254344386,3.392482895551338
catpred,r_1166_ENZ_YHR094C,0.0,0.0
catpred,r_1166_ENZ_YHR096C,0.0,0.0
catpred,r_1166_ENZ_YJL214W,0.0,0.0
catpred,r_1166_ENZ_YJL219W,0.0,0.0
catpred,r_1166_ENZ_YJR158W,0.0,0.0
catpred,r_1166_ENZ_YJR160C,0.0,0.0
catpred,r_1166_ENZ_YLR081W,0.0,0.0
catpred,r_1166_ENZ_YMR011W,0.0,0.0
catpred,r_1166_ENZ_YNR072W,0.0,0.0
catpred,r_1166_ENZ_YOL156W,0.0,0.0
catpred,r_1167_ENZ_YJL212C,0.0,0.0
catpred,r_1168_ENZ_YDR135C_FWD,0.0,0.0
catpred,r_1168_ENZ_YDR135C_REV,0.0,5.174209693314946e-05
catpred,r_1168_ENZ_YLL015W_FWD,0.0,0.0
catpred,r_1168_ENZ_YLL015W_REV,0.0,6.567943272983712e-05
catpred,r_1169_ENZ_YCR098C_FWD,0.0,0.0
catpred,r_1169_ENZ_YCR098C_REV,0.0,2.08885917013494e-05
catpred,r_1170_ENZ_YCR098C_FWD,0.0,0.0
catpred,r_1170_ENZ_YCR098C_REV,0.0,5.931019653859656e-06
catpred,r_1171_ENZ_YDR536W,0.0,0.0001757894869598
catpred,r_1171_ENZ_YGL084C,0.0,0.0001685412697725
catpred,r_1171_ENZ_YPL189W,0.0,0.0001685413261709
catpred,r_1172_ENZ_YFL054C,0.0,0.0001882265739209
catpred,r_1172_ENZ_YLL043W,0.0,0.0001525966440567
catpred,r_1173_ENZ_YCL025C_FWD,0.0,0.0
catpred,r_1173_ENZ_YCL025C_REV,0.0,0.0001632860033847
catpred,r_1173_ENZ_YKR039W_FWD,0.0,0.0
catpred,r_1173_ENZ_YKR039W_REV,0.0,0.0001806185533981
catpred,r_1173_ENZ_YOL020W_FWD,0.0,0.0
catpred,r_1173_ENZ_YOL020W_REV,0.0,0.0001538148854108
catpred,r_1173_ENZ_YOR348C_FWD,0.0,0.0
catpred,r_1173_ENZ_YOR348C_REV,0.0,0.0001544504895204
catpred,r_1173_ENZ_YPL265W_FWD,0.0,0.0
catpred,r_1173_ENZ_YPL265W_REV,0.0,0.00015954763436
catpred,r_1174,0.0,9.764561431074847e-05
catpred,r_1175_ENZ_YDL198C,0.0,0.0002226433036823
catpred,r_1176_ENZ_YER056C_FWD,0.0,0.0
catpred,r_1176_ENZ_YER056C_REV,0.0,9.348271177355911e-06
catpred,r_1176_ENZ_YER060W-A_FWD,0.0,0.0
catpred,r_1176_ENZ_YER060W-A_REV,0.0,9.404606755647216e-06
catpred,r_1176_ENZ_YER060W_FWD,0.0,0.0
catpred,r_1176_ENZ_YER060W_REV,0.0,9.404606755351874e-06
catpred,r_1177_ENZ_YDR497C,0.0,0.0
catpred,r_1177_ENZ_YOL103W,0.0,0.0
catpred,r_1178_ENZ_YMR058W,0.0,1.3010181286809289e-05
catpred,r_1178_ENZ_YMR319C,0.0,1.3010008446097074e-05
catpred,r_1179_ENZ_YJL133W,0.0,4.522836401148128e-06
catpred,r_1179_ENZ_YKR052C,0.0,4.522836401800386e-06
catpred,r_1180,0.0,2.378056035365339e-05
catpred,r_1181,0.0,2.581863388993176e-05
catpred,r_1182_FWD,0.0,0.0
catpred,r_1182_REV,0.0,0.0
catpred,r_1183_ENZ_YCL025C_FWD,0.0,0.0
catpred,r_1183_ENZ_YCL025C_REV,0.0,0.0001860835156272
catpred,r_1183_ENZ_YKR039W_FWD,0.0,0.0
catpred,r_1183_ENZ_YKR039W_REV,0.0,0.0002296812532774
catpred,r_1183_ENZ_YOR348C_FWD,0.0,0.0
catpred,r_1183_ENZ_YOR348C_REV,0.0,0.000229681253291
catpred,r_1183_ENZ_YPL265W_FWD,0.0,0.0
catpred,r_1183_ENZ_YPL265W_REV,0.0,0.0002296812605494
catpred,r_1184_ENZ_YEL063C_FWD,0.0,0.0
catpred,r_1184_ENZ_YEL063C_REV,0.0,1.1052519080366474e-05
catpred,r_1184_ENZ_YKR039W_FWD,0.0,0.0
catpred,r_1184_ENZ_YKR039W_REV,0.0,1.1172620317100037e-05
catpred,r_1184_ENZ_YNL270C_FWD,0.0,0.0
catpred,r_1184_ENZ_YNL270C_REV,0.0,1.1172720318697316e-05
catpred,r_1185_ENZ_YBR293W,0.0,0.0001887469300742
catpred,r_1185_ENZ_YOL092W,0.0,0.0004138920142562
catpred,r_1186_ENZ_YCL025C_FWD,0.0,0.0
catpred,r_1186_ENZ_YCL025C_REV,0.0,3.796216477002651e-05
catpred,r_1186_ENZ_YDR508C_FWD,0.0,0.0
catpred,r_1186_ENZ_YDR508C_REV,0.0,3.97641821468786e-05
catpred,r_1186_ENZ_YKR039W_FWD,0.0,0.0
catpred,r_1186_ENZ_YKR039W_REV,0.0,3.976418218928913e-05
catpred,r_1186_ENZ_YPL265W_FWD,0.0,0.0
catpred,r_1186_ENZ_YPL265W_REV,0.0,3.955335934543308e-05
catpred,r_1187_ENZ_YJR001W,0.0,0.0003704655106279
catpred,r_1188_ENZ_YKL146W,0.0,0.0003704655106279
catpred,r_1188_ENZ_YNL101W,0.0,0.0003706093047952
catpred,r_1189_ENZ_YER119C,0.0,0.0
catpred,r_1190_ENZ_YFL055W_FWD,0.0,3.6154804462812384e-05
catpred,r_1190_ENZ_YFL055W_REV,0.0,6.103086480531428e-05
catpred,r_1190_ENZ_YKR039W_FWD,0.0,4.0473649735438266e-05
catpred,r_1190_ENZ_YKR039W_REV,0.0,7.083044202588207e-05
catpred,r_1190_ENZ_YPL265W_FWD,0.0,3.565048705696933e-05
catpred,r_1190_ENZ_YPL265W_REV,0.0,5.974540217729488e-05
catpred,r_1191_ENZ_YBR132C_FWD,0.0,0.0
catpred,r_1191_ENZ_YBR132C_REV,0.0,0.0
catpred,r_1192_ENZ_YBR068C_FWD,0.0,0.0
catpred,r_1192_ENZ_YBR068C_REV,0.0,1.6883175431806324e-05
catpred,r_1192_ENZ_YBR069C_FWD,0.0,0.0
catpred,r_1192_ENZ_YBR069C_REV,0.0,1.5170823653709586e-05
catpred,r_1192_ENZ_YCL025C_FWD,0.0,0.0
catpred,r_1192_ENZ_YCL025C_REV,0.0,1.631888546667652e-05
catpred,r_1192_ENZ_YDR046C_FWD,0.0,0.0
catpred,r_1192_ENZ_YDR046C_REV,0.0,1.6343430706614297e-05
catpred,r_1192_ENZ_YDR508C_FWD,0.0,0.0
catpred,r_1192_ENZ_YDR508C_REV,0.0,1.88099374765216e-05
catpred,r_1192_ENZ_YKR039W_FWD,0.0,0.0
catpred,r_1192_ENZ_YKR039W_REV,0.0,1.880993747646392e-05
catpred,r_1192_ENZ_YOL020W_FWD,0.0,0.0
catpred,r_1192_ENZ_YOL020W_REV,0.0,1.3577851642524156e-05
catpred,r_1193_ENZ_YCR075C,0.0,0.0
catpred,r_1194_ENZ_YPR021C,0.1880832018976796,0.1882695675965584
catpred,r_1195_ENZ_YER119C,0.0,-0.0
catpred,r_1196_ENZ_YCL025C_FWD,0.0,0.0
catpred,r_1196_ENZ_YCL025C_REV,0.0,5.090024563037324e-05
catpred,r_1196_ENZ_YFL055W_FWD,0.0,0.0
catpred,r_1196_ENZ_YFL055W_REV,0.0,5.0900245448196046e-05
catpred,r_1196_ENZ_YKR039W_FWD,0.0,0.0
catpred,r_1196_ENZ_YKR039W_REV,0.0,7.469611585318725e-05
catpred,r_1196_ENZ_YPL265W_FWD,0.0,0.0
catpred,r_1196_ENZ_YPL265W_REV,0.0,7.304910947340815e-05
catpred,r_1197_ENZ_YJR001W,0.0,0.0002818077520696
catpred,r_1198_ENZ_YKL146W,0.0,0.0003517501683489
catpred,r_1198_ENZ_YNL101W,0.0,0.0002667662523854
catpred,r_1199_ENZ_YCL025C_FWD,0.0,0.0
catpred,r_1199_ENZ_YCL025C_REV,0.0,3.796999007231808e-05
catpred,r_1199_ENZ_YDR508C_FWD,0.0,0.0
catpred,r_1199_ENZ_YDR508C_REV,0.0,4.841152015427896e-05
catpred,r_1199_ENZ_YKR039W_FWD,0.0,0.0
catpred,r_1199_ENZ_YKR039W_REV,0.0,4.6616823181099e-05
catpred,r_1199_ENZ_YPL265W_FWD,0.0,0.0
catpred,r_1199_ENZ_YPL265W_REV,0.0,3.934870466784299e-05
catpred,r_1200_ENZ_YBR293W,0.0,1000.0
catpred,r_1200_ENZ_YCL069W,0.0,1000.0
catpred,r_1200_ENZ_YMR088C,0.0,1000.0
catpred,r_1200_ENZ_YOL092W,0.0,1000.0
catpred,r_1201_ENZ_YBR069C_FWD,0.0,0.0
catpred,r_1201_ENZ_YBR069C_REV,0.0,1.5154360025575186e-05
catpred,r_1201_ENZ_YGR191W_FWD,0.0,0.0
catpred,r_1201_ENZ_YGR191W_REV,0.0,1.515436122089334e-05
catpred,r_1201_ENZ_YKR039W_FWD,0.0,0.0
catpred,r_1201_ENZ_YKR039W_REV,0.0,1.3356524480319376e-05
catpred,r_1202_ENZ_YCL038C_FWD,0.0,0.0001726982162195
catpred,r_1202_ENZ_YCL038C_REV,0.0,0.0001274791268903
catpred,r_1203_ENZ_YJR001W,0.0,0.0001615005907973
catpred,r_1204_ENZ_YKL146W,0.0,0.0001479851241319
catpred,r_1204_ENZ_YNL101W,0.0,0.0001676447811102
catpred,r_1205_ENZ_YBR068C_FWD,0.0,0.0
catpred,r_1205_ENZ_YBR068C_REV,0.0,4.917553586690493e-05
catpred,r_1205_ENZ_YBR069C_FWD,0.0,0.0
catpred,r_1205_ENZ_YBR069C_REV,0.0,3.8990666541352526e-05
catpred,r_1205_ENZ_YCL025C_FWD,0.0,0.0
catpred,r_1205_ENZ_YCL025C_REV,0.0,5.387331341744073e-05
catpred,r_1205_ENZ_YDR046C_FWD,0.0,0.0
catpred,r_1205_ENZ_YDR046C_REV,0.0,5.387331341967505e-05
catpred,r_1205_ENZ_YKR039W_FWD,0.0,0.0
catpred,r_1205_ENZ_YKR039W_REV,0.0,4.859593147975988e-05
catpred,r_1206_ENZ_YKL217W_FWD,0.0,0.0
catpred,r_1206_ENZ_YKL217W_REV,0.0,0.0
catpred,r_1207_ENZ_YKL217W,0.0,0.0
catpred,r_1208_ENZ_YCL038C_FWD,0.0,0.0005207501638433
catpred,r_1208_ENZ_YCL038C_REV,0.0,0.0007916802862143
catpred,r_1209_ENZ_YJR001W,0.0,0.0006911996336233
catpred,r_1210_ENZ_YKL146W,0.0,0.0006404617267755
catpred,r_1210_ENZ_YNL101W,0.0,0.0008109333310415
catpred,r_1211_ENZ_YBR068C_FWD,0.0,0.0
catpred,r_1211_ENZ_YBR068C_REV,0.0,3.86620021979589e-05
catpred,r_1211_ENZ_YBR069C_FWD,0.0,0.0
catpred,r_1211_ENZ_YBR069C_REV,0.0,4.9317231590101374e-05
catpred,r_1211_ENZ_YCL025C_FWD,0.0,0.0
catpred,r_1211_ENZ_YCL025C_REV,0.0,3.944113407837457e-05
catpred,r_1211_ENZ_YDR046C_FWD,0.0,0.0
catpred,r_1211_ENZ_YDR046C_REV,0.0,3.944113410261908e-05
catpred,r_1211_ENZ_YDR508C_FWD,0.0,0.0
catpred,r_1211_ENZ_YDR508C_REV,0.0,3.868263041931219e-05
catpred,r_1211_ENZ_YKR039W_FWD,0.0,0.0
catpred,r_1211_ENZ_YKR039W_REV,0.0,7.54022899641521e-05
catpred,r_1212_ENZ_YBR293W,0.0,9.768837848154534e-05
catpred,r_1212_ENZ_YCL069W,0.0,0.0001255967999661
catpred,r_1212_ENZ_YMR088C,0.0,0.000144661875344
catpred,r_1212_ENZ_YOL092W,0.0,6.949789746477135e-05
catpred,r_1213_ENZ_YKR039W_FWD,0.0,0.0
catpred,r_1213_ENZ_YKR039W_REV,0.0,2.9982819754678647e-05
catpred,r_1213_ENZ_YNL268W_FWD,0.0,0.0
catpred,r_1213_ENZ_YNL268W_REV,0.0,2.4442626862269945e-05
catpred,r_1214_ENZ_YBR068C_FWD,0.0,0.0
catpred,r_1214_ENZ_YBR068C_REV,0.0,1.8897004770299097e-05
catpred,r_1214_ENZ_YCL025C_FWD,0.0,0.0
catpred,r_1214_ENZ_YCL025C_REV,0.0,1.56225584321823e-05
catpred,r_1214_ENZ_YDR046C_FWD,0.0,0.0
catpred,r_1214_ENZ_YDR046C_REV,0.0,1.5717418137946304e-05
catpred,r_1214_ENZ_YDR508C_FWD,0.0,0.0
catpred,r_1214_ENZ_YDR508C_REV,0.0,1.563563520126654e-05
catpred,r_1214_ENZ_YGR055W_FWD,0.0,0.0
catpred,r_1214_ENZ_YGR055W_REV,0.0,1.5716434525511747e-05
catpred,r_1214_ENZ_YHL036W_FWD,0.0,0.0
catpred,r_1214_ENZ_YHL036W_REV,0.0,1.5361165031375912e-05
catpred,r_1214_ENZ_YKR039W_FWD,0.0,0.0
catpred,r_1214_ENZ_YKR039W_REV,0.0,1.708194542762026e-05
catpred,r_1215_ENZ_YBR068C_FWD,0.0,0.0
catpred,r_1215_ENZ_YBR068C_REV,0.0,1.22206875790426e-05
catpred,r_1215_ENZ_YCL025C_FWD,0.0,0.0
catpred,r_1215_ENZ_YCL025C_REV,0.0,1.2386212096981986e-05
catpred,r_1215_ENZ_YDR046C_FWD,0.0,0.0
catpred,r_1215_ENZ_YDR046C_REV,0.0,1.2386312098267016e-05
catpred,r_1215_ENZ_YKR039W_FWD,0.0,0.0
catpred,r_1215_ENZ_YKR039W_REV,0.0,1.2305894670508466e-05
catpred,r_1215_ENZ_YOL020W_FWD,0.0,0.0
catpred,r_1215_ENZ_YOL020W_REV,0.0,1.2305894670508466e-05
catpred,r_1216_ENZ_YKR039W_FWD,0.0,0.0
catpred,r_1216_ENZ_YKR039W_REV,0.0,4.536148114620692e-05
catpred,r_1216_ENZ_YOR348C_FWD,0.0,0.0
catpred,r_1216_ENZ_YOR348C_REV,0.0,4.536148106325938e-05
catpred,r_1217_ENZ_YCL025C_FWD,0.0,0.0
catpred,r_1217_ENZ_YCL025C_REV,0.0,6.74379074644127e-05
catpred,r_1217_ENZ_YDR105C_FWD,0.0,0.0
catpred,r_1217_ENZ_YDR105C_REV,0.0,7.554507136288413e-05
catpred,r_1217_ENZ_YDR508C_FWD,0.0,0.0
catpred,r_1217_ENZ_YDR508C_REV,0.0,8.154126542289641e-05
catpred,r_1217_ENZ_YFL055W_FWD,0.0,0.0
catpred,r_1217_ENZ_YFL055W_REV,0.0,8.268933538974326e-05
catpred,r_1217_ENZ_YKR039W_FWD,0.0,0.0
catpred,r_1217_ENZ_YKR039W_REV,0.0,8.63381727554402e-05
catpred,r_1217_ENZ_YPL265W_FWD,0.0,0.0
catpred,r_1217_ENZ_YPL265W_REV,0.0,8.19220490631406e-05
catpred,r_1218_ENZ_YCL025C_FWD,0.0,0.0
catpred,r_1218_ENZ_YCL025C_REV,0.0,3.181640444002015e-05
catpred,r_1218_ENZ_YDR508C_FWD,0.0,0.0
catpred,r_1218_ENZ_YDR508C_REV,0.0,3.313509639143314e-05
catpred,r_1218_ENZ_YKR039W_FWD,0.0,0.0
catpred,r_1218_ENZ_YKR039W_REV,0.0,4.424306680780171e-05
catpred,r_1219_ENZ_YBR068C_FWD,0.0,0.0
catpred,r_1219_ENZ_YBR068C_REV,0.0,9.533692861446104e-06
catpred,r_1219_ENZ_YBR069C_FWD,0.0,0.0
catpred,r_1219_ENZ_YBR069C_REV,0.0,9.53369286146302e-06
catpred,r_1219_ENZ_YDR046C_FWD,0.0,0.0
catpred,r_1219_ENZ_YDR046C_REV,0.0,9.533693084391032e-06
catpred,r_1219_ENZ_YKR039W_FWD,0.0,0.0
catpred,r_1219_ENZ_YKR039W_REV,0.0,9.533693080811216e-06
catpred,r_1219_ENZ_YOL020W_FWD,0.0,0.0
catpred,r_1219_ENZ_YOL020W_REV,0.0,9.533693080911612e-06
catpred,r_1220_ENZ_YCL038C_FWD,0.0,0.0002185594268358
catpred,r_1220_ENZ_YCL038C_REV,0.0,0.0002006612579851
catpred,r_1221_ENZ_YBR293W,0.0,0.0002337840108908
catpred,r_1221_ENZ_YJR001W,0.0,0.0001603241809404
catpred,r_1222_ENZ_YKL146W,0.0,0.0002070134093804
catpred,r_1222_ENZ_YNL101W,0.0,0.0002247526568577
catpred,r_1223_ENZ_YBR068C_FWD,0.0,0.0
catpred,r_1223_ENZ_YBR068C_REV,0.0,1.3250066300804496e-05
catpred,r_1223_ENZ_YBR069C_FWD,0.0,0.0
catpred,r_1223_ENZ_YBR069C_REV,0.0,1.246884832101225e-05
catpred,r_1223_ENZ_YCL025C_FWD,0.0,0.0
catpred,r_1223_ENZ_YCL025C_REV,0.0,1.2846749676012624e-05
catpred,r_1223_ENZ_YDR046C_FWD,0.0,0.0
catpred,r_1223_ENZ_YDR046C_REV,0.0,1.2895960211478652e-05
catpred,r_1223_ENZ_YKR039W_FWD,0.0,0.0
catpred,r_1223_ENZ_YKR039W_REV,0.0,1.2961666125604898e-05
catpred,r_1223_ENZ_YOL020W_FWD,0.0,0.0
catpred,r_1223_ENZ_YOL020W_REV,0.0,1.274520144735336e-05
catpred,r_1224_ENZ_YBR068C_FWD,0.0,0.0
catpred,r_1224_ENZ_YBR068C_REV,0.0,3.074967465316325e-05
catpred,r_1224_ENZ_YBR069C_FWD,0.0,0.0
catpred,r_1224_ENZ_YBR069C_REV,0.0,3.075010708558645e-05
catpred,r_1224_ENZ_YCL025C_FWD,0.0,0.0
catpred,r_1224_ENZ_YCL025C_REV,0.0,3.984023843306428e-05
catpred,r_1224_ENZ_YDR046C_FWD,0.0,0.0
catpred,r_1224_ENZ_YDR046C_REV,0.0,3.984033843718038e-05
catpred,r_1224_ENZ_YKR039W_FWD,0.0,0.0
catpred,r_1224_ENZ_YKR039W_REV,0.0,3.984023843568719e-05
catpred,r_1225_ENZ_YIL013C_FWD,0.0,0.0
catpred,r_1225_ENZ_YIL013C_REV,0.0,4.64255367548308e-06
catpred,r_1225_ENZ_YOR011W_FWD,0.0,0.0
catpred,r_1225_ENZ_YOR011W_REV,0.0,0.0
catpred,r_1226_ENZ_YLR348C,0.0,0.0001310825638629
catpred,r_1227_ENZ_YBR298C,0.0,0.0
catpred,r_1227_ENZ_YDL247W,0.0,0.0
catpred,r_1227_ENZ_YGR289C,0.0,0.0
catpred,r_1227_ENZ_YJR160C,0.0,0.0
catpred,r_1228_ENZ_YBR180W,0.0,0.0
catpred,r_1229_ENZ_YEL006W,0.0,0.0
catpred,r_1229_ENZ_YIL006W,0.0,0.0
catpred,r_1230_ENZ_YIL006W,0.0,-0.0
catpred,r_1231_ENZ_YIL006W,0.0,0.0
catpred,r_1232_ENZ_YIL006W,0.0,-0.0
catpred,r_1235_ENZ_YGR260W_FWD,0.0,0.0
catpred,r_1235_ENZ_YGR260W_REV,0.0,3.355164353687164e-07
catpred,r_1236_ENZ_YKL188C_and_YPL147W_FWD,0.0,2.0461372012937023e-05
catpred,r_1236_ENZ_YKL188C_and_YPL147W_REV,0.0,3.7244595015511984e-05
catpred,r_1237_ENZ_YOR130C,0.0516114230789155,0.0516500394295616
catpred,r_1238_ENZ_YKR039W_FWD,0.0,0.0
catpred,r_1238_ENZ_YKR039W_REV,0.0,3.0000293759289972e-05
catpred,r_1239_ENZ_YKL120W,0.0,0.0001540472352232
catpred,r_1241_ENZ_YCR028C_FWD,0.0,0.0
catpred,r_1241_ENZ_YCR028C_REV,0.0,1.0768127845803569e-05
catpred,r_1242_FWD,0.0,0.0
catpred,r_1242_REV,0.0,0.0
catpred,r_1243,0.0,1.1154172343624811e-05
catpred,r_1244_ENZ_YBR296C_FWD,1.3976493571539876,1.399927381340687
catpred,r_1244_ENZ_YBR296C_REV,0.0,0.0
catpred,r_1244_ENZ_YCR037C_FWD,0.0,0.0
catpred,r_1244_ENZ_YCR037C_REV,0.0,0.0
catpred,r_1244_ENZ_YJL198W_FWD,0.0,0.0
catpred,r_1244_ENZ_YJL198W_REV,0.0,0.0
catpred,r_1244_ENZ_YML123C_FWD,0.0,0.0
catpred,r_1244_ENZ_YML123C_REV,0.0,0.0
catpred,r_1244_ENZ_YNR013C_FWD,0.0,0.0
catpred,r_1244_ENZ_YNR013C_REV,0.0,0.0
catpred,r_1245_ENZ_YER053C,17.198024392400427,17.309103691785253
catpred,r_1245_ENZ_YJR077C,0.0,0.0
catpred,r_1249_ENZ_YDR456W_FWD,0.0,0.0010149422415671
catpred,r_1249_ENZ_YDR456W_REV,0.0,0.0
catpred,r_1249_ENZ_YJL129C_FWD,0.0,0.0010149371625718
catpred,r_1249_ENZ_YJL129C_REV,0.0,0.0
catpred,r_1250_ENZ_YKL174C,0.0,0.0
catpred,r_1251_ENZ_YLL028W_FWD,0.0,0.0
catpred,r_1251_ENZ_YLL028W_REV,0.0,1.0600803761327826e-05
catpred,r_1251_ENZ_YOR273C_FWD,0.0,0.0
catpred,r_1251_ENZ_YOR273C_REV,0.0,1.8696872385023933e-05
catpred,r_1252_ENZ_YLL028W_FWD,0.0,0.0
catpred,r_1252_ENZ_YLL028W_REV,0.0,0.0
catpred,r_1252_ENZ_YOR273C_FWD,0.0,0.0
catpred,r_1252_ENZ_YOR273C_REV,0.0,0.0
catpred,r_1253_ENZ_YGL186C_FWD,0.0,0.0
catpred,r_1253_ENZ_YGL186C_REV,0.0,0.0
catpred,r_1254_ENZ_YKL217W_FWD,0.0,0.0
catpred,r_1254_ENZ_YKL217W_REV,0.0,0.0001247142022591
catpred,r_1255_ENZ_YPL274W,0.0,0.0
catpred,r_1256_ENZ_YNL003C_FWD,0.0,0.0
catpred,r_1256_ENZ_YNL003C_REV,0.0,0.0
catpred,r_1257_ENZ_YLL061W,0.0,0.0
catpred,r_1258_ENZ_YDR456W_FWD,0.0,0.0
catpred,r_1258_ENZ_YDR456W_REV,0.0,0.0022503664784915
catpred,r_1258_ENZ_YLR138W_FWD,0.0,0.0
catpred,r_1258_ENZ_YLR138W_REV,0.0,0.0021373714031929
catpred,r_1259_ENZ_YKL174C,0.0,0.0
catpred,r_1260_ENZ_YBR132C_FWD,0.0,0.0
catpred,r_1260_ENZ_YBR132C_REV,0.0,6.663126912241635e-06
catpred,r_1260_ENZ_YHL016C_FWD,0.0,0.0
catpred,r_1260_ENZ_YHL016C_REV,0.0,8.107209839069984e-06
catpred,r_1260_ENZ_YKR039W_FWD,0.0,0.0
catpred,r_1260_ENZ_YKR039W_REV,0.0,8.452047071991209e-06
catpred,r_1260_ENZ_YLL028W_FWD,0.0,0.0
catpred,r_1260_ENZ_YLL028W_REV,0.0,0.0
catpred,r_1260_ENZ_YOR273C_FWD,0.0,0.0
catpred,r_1260_ENZ_YOR273C_REV,0.0,8.05928516666582e-06
catpred,r_1260_ENZ_YPL274W_FWD,0.0,0.0
catpred,r_1260_ENZ_YPL274W_REV,0.0,8.068492143444017e-06
catpred,r_1261_ENZ_YLL028W_FWD,0.0,0.0
catpred,r_1261_ENZ_YLL028W_REV,0.0,0.0
catpred,r_1261_ENZ_YOR273C_FWD,0.0,0.0
catpred,r_1261_ENZ_YOR273C_REV,0.0,0.0
catpred,r_1262_ENZ_YGR138C_FWD,0.0,0.0
catpred,r_1262_ENZ_YGR138C_REV,0.0,5.687793462515189e-06
catpred,r_1262_ENZ_YLL028W_FWD,0.0,0.0
catpred,r_1262_ENZ_YLL028W_REV,0.0,5.687793462507464e-06
catpred,r_1262_ENZ_YOR273C_FWD,0.0,0.0
catpred,r_1262_ENZ_YOR273C_REV,0.0,0.0
catpred,r_1262_ENZ_YPR156C_FWD,0.0,0.0
catpred,r_1262_ENZ_YPR156C_REV,0.0,5.687793462507464e-06
catpred,r_1263_ENZ_YGR138C_FWD,0.0,0.0
catpred,r_1263_ENZ_YGR138C_REV,0.0,0.0
catpred,r_1263_ENZ_YLL028W_FWD,0.0,0.0
catpred,r_1263_ENZ_YLL028W_REV,0.0,0.0
catpred,r_1263_ENZ_YOR273C_FWD,0.0,0.0
catpred,r_1263_ENZ_YOR273C_REV,0.0,0.0
catpred,r_1263_ENZ_YPR156C_FWD,0.0,0.0
catpred,r_1263_ENZ_YPR156C_REV,0.0,0.0
catpred,r_1264_ENZ_YLR348C,0.0,0.0001507689508249
catpred,r_1265_ENZ_YJR095W,0.0298289712214566,0.0310332570792321
catpred,r_1266_ENZ_YBR294W,0.0,0.0
catpred,r_1266_ENZ_YLR092W,0.0240485085341029,0.0240851668619622
catpred,r_1267_ENZ_YPL092W,0.0,4.695188173672871e-05
catpred,r_1268_FWD,0.0,0.0
catpred,r_1268_REV,0.0,0.0
catpred,r_1269_ENZ_YGR096W,0.0,0.0
catpred,r_1270_ENZ_YLR237W,0.0,0.0
catpred,r_1270_ENZ_YOR071C,0.0,0.0
catpred,r_1270_ENZ_YOR192C,0.0,0.0
catpred,r_1271_ENZ_YPL244C,0.0,0.0
catpred,r_1272_ENZ_YBR021W,0.0,0.0
catpred,r_1273_ENZ_YHL016C_FWD,0.0,0.0
catpred,r_1273_ENZ_YHL016C_REV,0.0,3.921242768954031e-05
catpred,r_1274_ENZ_YBL042C,0.0,0.0
catpred,r_1275_ENZ_YBR192W,0.0,0.0
catpred,r_1276_ENZ_YBR192W,0.0,0.0
catpred,r_1277_ENZ_YLL052C_FWD,0.0,0.0
catpred,r_1277_ENZ_YLL052C_REV,0.0,0.0
catpred,r_1277_ENZ_YPR192W_FWD,0.0,0.0
catpred,r_1277_ENZ_YPR192W_REV,14.506845950997551,14.514968122433038
catpred,r_1278_ENZ_YIL013C_FWD,0.0,0.0
catpred,r_1278_ENZ_YIL013C_REV,0.0,4.5102968141159244e-06
catpred,r_1278_ENZ_YOR011W_FWD,0.0,0.0
catpred,r_1278_ENZ_YOR011W_REV,0.0,4.88930363605998e-06
catpred,r_1449,0.0,0.0
catpred,r_1450,0.0,0.0
catpred,r_1451,0.0,0.0
catpred,r_1452,0.0,0.0
catpred,r_1453,0.0,0.0
catpred,r_1454,0.0,0.0
catpred,r_1455,0.0,0.0
catpred,r_1456,0.0,0.0
catpred,r_1457,0.0,0.0
catpred,r_1458,0.0,0.0
catpred,r_1479,0.0,0.0
catpred,r_1480,0.0,0.0
catpred,r_1481,0.0,0.0
catpred,r_1482,0.0,0.0
catpred,r_1483,0.0,0.0
catpred,r_1484,0.0,0.0
catpred,r_1485,0.0,0.0
catpred,r_1486,0.0,0.0
catpred,r_1487,0.0,0.0
catpred,r_1488,0.0,0.0
catpred,r_1509,0.0,0.0
catpred,r_1510,0.0,0.0
catpred,r_1511,0.0,0.0
catpred,r_1512,0.0,0.0
catpred,r_1513,0.0,0.0
catpred,r_1514,0.0,0.0
catpred,r_1515,0.0,0.0
catpred,r_1516,0.0,0.0
catpred,r_1517,0.0,0.0
catpred,r_1518,0.0,0.0
catpred,r_1542,0.0,0.0
catpred,r_1543_FWD,0.0,0.0
catpred,r_1543_REV,0.0,0.0
catpred,r_1545,0.0,0.0
catpred,r_1546,0.0,8.440230977013741e-05
catpred,r_1547,0.0,5.866334324884648e-05
catpred,r_1548,0.0,1.1197351267623964e-05
catpred,r_1549,0.0,0.0002070622465715
catpred,r_1550,0.0,4.243848699045372e-05
catpred,r_1551,0.0,0.0
catpred,r_1552,0.0,7.037419086874941e-05
catpred,r_1553,0.0,2.2193696978987626e-05
catpred,r_1554,0.0,-0.0
catpred,r_1560_FWD,0.0,1.5362733714496812e-05
catpred,r_1560_REV,0.0,0.0
catpred,r_1562_FWD,0.0,5.909232438277472e-05
catpred,r_1562_REV,0.0,0.0
catpred,r_1563,0.0,0.0
catpred,r_1564,0.0,0.0
catpred,r_1565,0.0,0.0
catpred,r_1566,0.0,0.0
catpred,r_1567_FWD,0.0,0.0
catpred,r_1567_REV,0.0864538119993762,0.0866211024079038
catpred,r_1568_FWD,0.0,0.0
catpred,r_1568_REV,5.312343543051323e-05,6.432011420400008e-05
catpred,r_1572,0.0,4.762400785847387e-05
catpred,r_1573_FWD,0.0,4.874975093563383e-05
catpred,r_1573_REV,0.0,0.0
catpred,r_1574_ENZ_YKL120W_FWD,0.0,0.0
catpred,r_1574_ENZ_YKL120W_REV,0.0951445078302591,0.0952282034081977
catpred,r_1575_FWD,0.0,4.973171218030509e-05
catpred,r_1575_REV,0.0,0.0
catpred,r_1576_FWD,0.0,0.0
catpred,r_1576_REV,0.0,5.291997053515668e-05
catpred,r_1577,0.0,4.803610525244001e-05
catpred,r_1578_FWD,0.0,5.047169307597493e-05
catpred,r_1578_REV,0.0,0.0
catpred,r_1579_FWD,0.0,4.765186389268233e-05
catpred,r_1579_REV,0.0,0.0
catpred,r_1580,0.0,4.835051559725495e-05
catpred,r_1581,0.0,2.7574995726607765e-05
catpred,r_1582_FWD,0.0,4.100786487759578e-05
catpred,r_1582_REV,0.0,0.0
catpred,r_1583_FWD,0.0,4.084376775237431e-05
catpred,r_1583_REV,0.0,0.0
catpred,r_1585_ENZ_YKL217W_FWD,0.0,0.0
catpred,r_1585_ENZ_YKL217W_REV,0.0,0.0
catpred,r_1585_ENZ_YNL065W_FWD,0.0618277847813615,0.0619391342459628
catpred,r_1585_ENZ_YNL065W_REV,0.0,0.0
catpred,r_1586,0.0,5.542421534393549e-05
catpred,r_1587_FWD,0.0,0.0
catpred,r_1587_REV,0.0,0.0
catpred,r_1588_FWD,0.0,1000.0
catpred,r_1588_REV,0.0,1000.0
catpred,r_1589,0.0,1.4506155263147025e-05
catpred,r_1590_FWD,0.0,0.0
catpred,r_1590_REV,0.0,1.5627232986328843e-05
catpred,r_1591_FWD,0.0,1.634222875992225e-05
catpred,r_1591_REV,0.0,0.0
catpred,r_1595_FWD,0.0,0.0
catpred,r_1595_REV,0.0,0.0
catpred,r_1596_FWD,0.0,0.0
catpred,r_1596_REV,0.0618081891164803,0.0619391784704689
catpred,r_1597_FWD,0.0,0.0
catpred,r_1597_REV,0.0,4.781179281364984e-05
catpred,r_1598,0.0,4.827686908774609e-05
catpred,r_1599_FWD,0.0,4.827686908774609e-05
catpred,r_1599_REV,0.0,0.0
catpred,r_1600_FWD,0.0,4.141641059485124e-05
catpred,r_1600_REV,0.0,0.0
catpred,r_1601_FWD,0.0,0.0
catpred,r_1601_REV,0.0,0.0
catpred,r_1603_ENZ_YFL058W,0.0,3.355164353687164e-07
catpred,r_1604,0.0,1.2783762882280504e-05
catpred,r_1605_FWD,0.0,1.2494848186758722e-05
catpred,r_1605_REV,0.0,2.8779699435231565e-14
catpred,r_1606_FWD,1.7726451753408146e-05,1.7726451753408146e-05
catpred,r_1606_REV,0.0,0.0
catpred,r_1607_FWD,0.0,0.0006628100268386
catpred,r_1607_REV,0.0,0.0
catpred,r_1608_FWD,0.0,0.0
catpred,r_1608_REV,0.0,0.0006628100268386
catpred,r_1609_FWD,0.0,0.0
catpred,r_1609_REV,0.0,0.0
catpred,r_1610_FWD,0.0,0.0
catpred,r_1610_REV,0.0,0.0
catpred,r_1611_FWD,0.0,0.0
catpred,r_1611_REV,0.0,0.0
catpred,r_1613,0.0,0.0001074491145378
catpred,r_1614_ENZ_YBR242W,0.0,0.0
catpred,r_1614_ENZ_YGL101W,0.0,0.0
catpred,r_1615_ENZ_YBR242W,0.0,0.000103131477374
catpred,r_1615_ENZ_YGL101W,0.0,0.0001300070716734
catpred,r_1616_ENZ_YBR242W,0.0,0.0
catpred,r_1616_ENZ_YGL101W,0.0,0.0
catpred,r_1617_ENZ_YBR242W,0.0,0.0003309628874612
catpred,r_1617_ENZ_YGL101W,0.0,0.0002144264296386
catpred,r_1618,0.0,0.0002145445317559
catpred,r_1619_ENZ_YER037W,0.0,0.000214433339056
catpred,r_1620,0.0,0.0
catpred,r_1621,0.0,0.0
catpred,r_1622_FWD,0.0,0.0
catpred,r_1622_REV,0.0,3.499806470438904e-05
catpred,r_1623_ENZ_YER183C,0.0,0.0007485678955845
catpred,r_1624_ENZ_YER183C,0.0,0.0
catpred,r_1625,0.0,0.0
catpred,r_1627,0.0,0.0
catpred,r_1628_FWD,0.0,0.0
catpred,r_1628_REV,0.0,0.0
catpred,r_1629,0.0,0.0
catpred,r_1630,0.0,9.654356550453658e-06
catpred,r_1631,0.0,0.0003596031072751
catpred,r_1632_FWD,0.0,0.0
catpred,r_1632_REV,0.0,0.1970899419170975
catpred,r_1633_FWD,0.0,0.0
catpred,r_1633_REV,0.0,0.0003478655443376
catpred,r_1634,0.0,0.0001507195053997
catpred,r_1635_FWD,0.0,0.0
catpred,r_1635_REV,0.0,0.0
catpred,r_1637_FWD,0.0,0.0
catpred,r_1637_REV,0.0,0.0
catpred,r_1638,0.0,3.141190308619812e-05
catpred,r_1639,0.0,0.0
catpred,r_1640_FWD,0.0,0.0
catpred,r_1640_REV,0.0,0.0
catpred,r_1641,0.0,1.0907549441788178e-05
catpred,r_1642_ENZ_YPR011C_FWD,0.0,0.0
catpred,r_1642_ENZ_YPR011C_REV,0.0,2.8848348077321373e-05
catpred,r_1643,0.0,0.0
catpred,r_1644_FWD,0.0,0.0
catpred,r_1644_REV,0.0,0.0140293556596339
catpred,r_1645_FWD,0.0,0.0
catpred,r_1645_REV,0.0,5.966372684962362e-05
catpred,r_1647_FWD,0.0,0.0
catpred,r_1647_REV,0.0,4.2916379938917615e-05
catpred,r_1648,0.0,0.0
catpred,r_1649,0.0,0.0
catpred,r_1650,0.0,6.777087927462705e-05
catpred,r_1651,0.0,5.727422763530943e-05
catpred,r_1652_FWD,0.0,1000.0
catpred,r_1652_REV,0.0,1000.0
catpred,r_1654_FWD,0.0,0.0
catpred,r_1654_REV,1.7890551636917829,1.789284527863363
catpred,r_1656_FWD,0.0,0.0
catpred,r_1656_REV,0.0,0.0
catpred,r_1657_ENZ_YBR147W,0.0,0.0
catpred,r_1658_ENZ_YDR508C,0.0,0.0
catpred,r_1659_FWD,0.0,1.0058615033201425e-05
catpred,r_1659_REV,0.0,4.578388518683418e-05
catpred,r_1660_FWD,0.0,0.0140073190381789
catpred,r_1660_REV,0.0,0.0
catpred,r_1661_FWD,0.0,7.149056902444606e-05
catpred,r_1661_REV,0.0,0.0
catpred,r_1663,0.0,0.0
catpred,r_1664_FWD,0.0,0.0
catpred,r_1664_REV,0.0,0.0
catpred,r_1665_FWD,0.0,14.869785331667613
catpred,r_1665_REV,0.0,998.9123695607668
catpred,r_1667_ENZ_YNL036W_FWD,0.0,1000.0
catpred,r_1667_ENZ_YNL036W_REV,0.0,14.847733444705485
catpred,r_1668_FWD,0.0,0.0
catpred,r_1668_REV,0.0,0.0
catpred,r_1669_FWD,0.0,998.912350956732
catpred,r_1669_REV,0.0,14.826904079860638
catpred,r_1671,0.0,0.0
catpred,r_1672,8.940969662521319,8.948686463655338
catpred,r_1673,0.0,4.141765910065098e-05
catpred,r_1674,0.0,4.141765910065098e-05
catpred,r_1675_FWD,0.0,0.0
catpred,r_1675_REV,0.0,0.0
catpred,r_1676_FWD,0.0,0.0
catpred,r_1676_REV,0.0,6.278089989786252e-05
catpred,r_1677_FWD,0.0,0.0
catpred,r_1677_REV,0.0,5.545958328973064e-05
catpred,r_1678_FWD,0.0,0.0
catpred,r_1678_REV,0.0,5.5459638025978295e-05
catpred,r_1679_FWD,0.0,0.0
catpred,r_1679_REV,0.0,5.989992434033602e-05
catpred,r_1680_FWD,0.0,0.0
catpred,r_1680_REV,0.0,5.514074802497222e-05
catpred,r_1681_FWD,0.0,0.0
catpred,r_1681_REV,0.0,5.63523203947168e-05
catpred,r_1682,0.0103114631520772,0.0103344788847404
catpred,r_1683,0.0,1.3539559414488367e-05
catpred,r_1684_ENZ_YGL077C_FWD,0.0,4.865355570861072e-05
catpred,r_1684_ENZ_YGL077C_REV,0.0,0.0
catpred,r_1684_ENZ_YOR161C_FWD,0.0,5.25738572969758e-05
catpred,r_1684_ENZ_YOR161C_REV,0.0,0.0
catpred,r_1685,0.0,0.0
catpred,r_1686_FWD,0.0,0.0
catpred,r_1686_REV,0.0,4.6729029337444494e-05
catpred,r_1687,0.0,6.646423509709676e-05
catpred,r_1688_FWD,0.0,0.0
catpred,r_1688_REV,0.0,9.572481665554022e-06
catpred,r_1689_FWD,0.0,4.981606935706905e-05
catpred,r_1689_REV,0.0,9.857052870672808e-06
catpred,r_1690,0.0,0.0001096244560825
catpred,r_1691_FWD,0.0,0.0
catpred,r_1691_REV,0.0,0.0
catpred,r_1694_FWD,0.0,998.912299225456
catpred,r_1694_REV,0.0,12.793382806648784
catpred,r_1695_FWD,0.0,0.0
catpred,r_1695_REV,0.0,2.1192802098120863e-05
catpred,r_1696_FWD,0.0,0.0
catpred,r_1696_REV,1.3873212297872983,1.4412406249583607
catpred,r_1697_FWD,8.940969662521319,8.948743158242312
catpred,r_1697_REV,0.0,0.0
catpred,r_1698_FWD,0.0,0.0
catpred,r_1698_REV,0.0,7.062508738978762e-05
catpred,r_1699_FWD,0.0,0.0
catpred,r_1699_REV,0.0,0.0
catpred,r_1700_FWD,0.0,5.312343543051323e-05
catpred,r_1700_REV,0.0,3.231762378874681e-05
catpred,r_1702,0.0,0.0
catpred,r_1703_ENZ_YKL024C,0.0048636123514388,0.0051179692172205
catpred,r_1704_ENZ_YKL024C_FWD,0.0,0.0
catpred,r_1704_ENZ_YKL024C_REV,0.0013223946161131,0.0016928481419333
catpred,r_1705,0.0,0.0
catpred,r_1706,0.0,-0.0
catpred,r_1707_ENZ_YDR342C_FWD,0.0,0.0
catpred,r_1707_ENZ_YDR342C_REV,0.0,0.0
catpred,r_1707_ENZ_YHR092C_FWD,0.0,0.0
catpred,r_1707_ENZ_YHR092C_REV,0.0,0.0
catpred,r_1708_FWD,0.0864537107389983,0.0866203189454956
catpred,r_1708_REV,0.0,0.0
catpred,r_1709,0.0,0.0
catpred,r_1710,0.0,0.0
catpred,r_1711,0.0,0.0
catpred,r_1712,0.0,0.0
catpred,r_1713_FWD,0.0,0.0
catpred,r_1713_REV,0.0,5.913471451374826e-05
catpred,r_1714_FWD,0.0,0.0
catpred,r_1714_REV,3.39143496837355,3.3924793234360067
catpred,r_1715,0.0,0.0
catpred,r_1716,0.0,0.0
catpred,r_1717_ENZ_YDL245C_FWD,0.0,0.0
catpred,r_1717_ENZ_YDL245C_REV,0.0,0.0
catpred,r_1717_ENZ_YEL069C_FWD,0.0,0.0
catpred,r_1717_ENZ_YEL069C_REV,0.0,0.0
catpred,r_1717_ENZ_YJR158W_FWD,0.0,0.0
catpred,r_1717_ENZ_YJR158W_REV,0.0,0.0
catpred,r_1717_ENZ_YNR072W_FWD,0.0,0.0
catpred,r_1717_ENZ_YNR072W_REV,0.0,0.0
catpred,r_1718,0.0,0.0
catpred,r_1719_ENZ_YHR092C_FWD,0.0,0.0
catpred,r_1719_ENZ_YHR092C_REV,0.0,0.0
catpred,r_1720_FWD,0.0,0.0
catpred,r_1720_REV,0.0,0.0
catpred,r_1721_FWD,0.0,0.0
catpred,r_1721_REV,0.0,0.0
catpred,r_1722,0.0,4.984743246296691e-05
catpred,r_1723,0.0,0.0
catpred,r_1724,0.0,8.07203812753926e-05
catpred,r_1725,0.0,0.0
catpred,r_1726_FWD,0.0,0.0
catpred,r_1726_REV,0.0,0.0
catpred,r_1727,0.0,6.794422899459446e-06
catpred,r_1728,0.0,0.0
catpred,r_1729_ENZ_YDL166C_FWD,0.0,0.0
catpred,r_1729_ENZ_YDL166C_REV,0.000794485084967,0.0010065554756826
catpred,r_1730,0.0,0.0
catpred,r_1731,0.0,0.0
catpred,r_1732,0.0,0.0
catpred,r_1733,0.0,0.0
catpred,r_1734,0.0,0.0002204929166289
catpred,r_1735_ENZ_YBL042C,0.0,0.0
catpred,r_1736_ENZ_YDR196C,0.0,8.882593865955357e-05
catpred,r_1737_FWD,0.0,0.0
catpred,r_1737_REV,0.0,0.0
catpred,r_1738_FWD,1.7726451753415085e-05,1.772659453328045e-05
catpred,r_1738_REV,0.0,0.0
catpred,r_1739_ENZ_YDR071C,0.0,0.0
catpred,r_1743_FWD,0.0,0.0
catpred,r_1743_REV,0.0,0.0
catpred,r_1744,0.0,1.772654168960133e-05
catpred,r_1745_FWD,0.0,0.0
catpred,r_1745_REV,1.7726451753415085e-05,1.772654952110689e-05
catpred,r_1746_FWD,0.0,0.0066206766619108
catpred,r_1746_REV,0.0,0.0115130628550692
catpred,r_1747_FWD,0.0,0.0
catpred,r_1747_REV,0.0,3.990931760709804e-05
catpred,r_1748_FWD,0.0,0.0
catpred,r_1748_REV,0.1962882916289927,0.1962882916289927
catpred,r_1749,0.0,1.4314080906800005e-05
catpred,r_1750_FWD,0.0,0.0
catpred,r_1750_REV,0.0,1.4314080906800005e-05
catpred,r_1751_FWD,0.0,0.0
catpred,r_1751_REV,0.0,0.0002034519284452
catpred,r_1752_FWD,0.0,0.0001301142140826
catpred,r_1752_REV,0.0,0.0
catpred,r_1753,0.0,0.0
catpred,r_1754_FWD,0.0103108202025575,0.0103382646006451
catpred,r_1754_REV,0.0,0.0
catpred,r_1757,0.0,4.707815230855589e-06
catpred,r_1758_FWD,0.0,1000.0
catpred,r_1758_REV,0.0,999.9896891797974
catpred,r_1759_FWD,0.0,0.0
catpred,r_1759_REV,0.0,5.037497710060307e-05
catpred,r_1761,0.0,0.0003357719936266
catpred,r_1762_FWD,0.0,0.0003646758549922
catpred,r_1762_REV,0.0,0.0
catpred,r_1763_FWD,0.0,0.0001626080795766
catpred,r_1763_REV,0.0,0.1982012630093638
catpred,r_1764,0.0,0.0
catpred,r_1765,0.0,0.0001782075908569
catpred,r_1766_FWD,0.0,7.007881384378523e-06
catpred,r_1766_REV,0.0,0.0
catpred,r_1770_ENZ_YBR041W_FWD,0.0,0.0
catpred,r_1770_ENZ_YBR041W_REV,0.0,5.49662632842729e-06
catpred,r_1771_ENZ_YKL188C_and_YPL147W_FWD,0.0,0.0
catpred,r_1771_ENZ_YKL188C_and_YPL147W_REV,0.0,3.309281121770735e-05
catpred,r_1772_ENZ_YKL188C_and_YPL147W_FWD,0.0,1.7253693174261516e-05
catpred,r_1772_ENZ_YKL188C_and_YPL147W_REV,0.0,3.2453443038659527e-05
catpred,r_1774_ENZ_YKL188C_and_YPL147W_FWD,0.0,2.718055065030818e-05
catpred,r_1774_ENZ_YKL188C_and_YPL147W_REV,0.0,3.989701217443496e-05
catpred,r_1775_ENZ_YBR041W_FWD,0.0,6.5676286386867535e-06
catpred,r_1775_ENZ_YBR041W_REV,0.0,4.682339751200214e-05
catpred,r_1776_FWD,0.0,0.0
catpred,r_1776_REV,0.0,5.454982878898285e-06
catpred,r_1777_FWD,0.0,0.0
catpred,r_1777_REV,0.0,1.0273885279618589e-05
catpred,r_1788,0.0,0.0
catpred,r_1790_ENZ_YDL045C,0.0,2.795986636708751e-06
catpred,r_1791,0.0,0.0
catpred,r_1792,0.0,-0.0
catpred,r_1793,0.0,0.0001152478168743
catpred,r_1794,0.0,0.0003372666409921
catpred,r_1795_ENZ_YNL065W_FWD,0.0,0.0
catpred,r_1795_ENZ_YNL065W_REV,0.0,0.0001233399728573
catpred,r_1796_FWD,0.0,0.0
catpred,r_1796_REV,0.0,8.180068557027409e-05
catpred,r_1797,0.0,0.0
catpred,r_1798,0.0,8.180068557027409e-05
catpred,r_1800,0.0,0.0
catpred,r_1801_FWD,0.0,0.0
catpred,r_1801_REV,0.0,0.0004995396976577
catpred,r_1802_FWD,0.0,0.0
catpred,r_1802_REV,0.0,0.0
catpred,r_1803_ENZ_YGL225W_FWD,0.0,0.0
catpred,r_1803_ENZ_YGL225W_REV,0.0,0.0004995396976577
catpred,r_1805_ENZ_YBR241C_FWD,0.0,0.0
catpred,r_1805_ENZ_YBR241C_REV,0.0,0.0001050352742268
catpred,r_1806,0.0,0.0
catpred,r_1807,0.0,0.0
catpred,r_1808,0.0,0.0001105606389572
catpred,r_1809_FWD,0.0,0.0066207179498163
catpred,r_1809_REV,0.0,0.01155456249105
catpred,r_1810,0.0,0.0002245549488795
catpred,r_1811_ENZ_YPR058W_FWD,0.0,0.0006082255900882
catpred,r_1811_ENZ_YPR058W_REV,0.0,6.637855225438347e-05
catpred,r_1812_FWD,0.0,0.0
catpred,r_1812_REV,1.7726451753411615e-05,1.7726451753411615e-05
catpred,r_1813_FWD,0.0,0.0
catpred,r_1813_REV,1.7726451753411615e-05,1.7726451753411615e-05
catpred,r_1814,1.7726451753411615e-05,1.7726451753411615e-05
catpred,r_1815,0.0,8.691275886029554e-05
catpred,r_1816_ENZ_YNL065W_FWD,0.0,0.0001177397402147
catpred,r_1816_ENZ_YNL065W_REV,0.0,0.0
catpred,r_1817_FWD,0.0,5.034571878059779e-05
catpred,r_1817_REV,0.0,0.0
catpred,r_1818,0.0,1.037442662330909e-05
catpred,r_1819_FWD,0.0,0.0
catpred,r_1819_REV,0.0,0.0
catpred,r_1820,0.0,0.0
catpred,r_1821,0.0,0.0002113002939978
catpred,r_1822,0.0,0.0
catpred,r_1823,0.0,0.0
catpred,r_1824,0.0,0.0002660253080144
catpred,r_1825_FWD,0.0205167487115246,0.0206686537142817
catpred,r_1825_REV,0.0,0.0
catpred,r_1826_FWD,0.0,0.0
catpred,r_1826_REV,0.0,0.0002112818388777
catpred,r_1827_FWD,0.0,0.001659067807901
catpred,r_1827_REV,0.0,0.0001673782160247
catpred,r_1829_FWD,0.0,998.9124992584128
catpred,r_1829_REV,0.0,12.792405676279738
catpred,r_1830_FWD,0.0,4.889513986161553e-05
catpred,r_1830_REV,0.0,5.371935727760402e-05
catpred,r_1831_FWD,0.0,1000.0
catpred,r_1831_REV,0.0,0.000346268541861
catpred,r_1832_FWD,0.0,0.0
catpred,r_1832_REV,0.0786358523791368,0.0798108152240162
catpred,r_1833_FWD,0.0,5.388526197803206e-05
catpred,r_1833_REV,0.0,0.0
catpred,r_1834,0.0,-0.0
catpred,r_1835_ENZ_YBR041W_FWD,0.0,0.0
catpred,r_1835_ENZ_YBR041W_REV,0.0,5.836406412960959e-06
catpred,r_1836_ENZ_YBR041W_FWD,0.0,0.0
catpred,r_1836_ENZ_YBR041W_REV,0.0,6.238026685157329e-06
catpred,r_1837_ENZ_YBR147W,0.0,0.0
catpred,r_1838_ENZ_YDL131W,0.0,0.0
catpred,r_1838_ENZ_YDL182W,0.0919177922842919,0.0919485323229638
catpred,r_1839_FWD,0.0,0.0
catpred,r_1839_REV,0.0,0.0
catpred,r_1840_FWD,0.0,0.0
catpred,r_1840_REV,0.0618657600064021,0.0620120535603435
catpred,r_1841,0.0,1.1593077679575292e-05
catpred,r_1842_FWD,0.0,0.0
catpred,r_1842_REV,0.0,1.1593077679575292e-05
catpred,r_1843,0.0,2.32772650173331e-05
catpred,r_1844_FWD,0.0,9.76079163917735e-06
catpred,r_1844_REV,0.0,0.0
catpred,r_1845_FWD,0.0,1.0345677584323865e-05
catpred,r_1845_REV,0.0,0.0
catpred,r_1846_FWD,0.0,0.0
catpred,r_1846_REV,0.0,0.0
catpred,r_1847,0.0,0.0
catpred,r_1848,0.0,0.0
catpred,r_1849_FWD,0.0,0.0
catpred,r_1849_REV,0.0,1.5365285257917805e-05
catpred,r_1850,0.0,0.0003226124089402
catpred,r_1851_FWD,0.0,5.899420849026453e-05
catpred,r_1851_REV,0.0,0.0
catpred,r_1852_FWD,0.0,5.899420493991892e-05
catpred,r_1852_REV,0.0,0.0
catpred,r_1853_FWD,0.0,7.46098723015989e-05
catpred,r_1853_REV,0.0,0.0
catpred,r_1854_FWD,0.0,5.889249766090343e-05
catpred,r_1854_REV,0.0,0.0
catpred,r_1855_FWD,0.0,5.889249390257298e-05
catpred,r_1855_REV,0.0,0.0
catpred,r_1856_FWD,0.0,5.889249071023249e-05
catpred,r_1856_REV,0.0,0.0
catpred,r_1857_FWD,0.0,5.88924870976934e-05
catpred,r_1857_REV,0.0,0.0
catpred,r_1858_FWD,0.0,8.362770149533075e-05
catpred,r_1858_REV,0.0,0.0
catpred,r_1859_FWD,0.0,6.885319927593496e-05
catpred,r_1859_REV,0.0,0.0
catpred,r_1860_FWD,0.0,6.933940901175314e-05
catpred,r_1860_REV,0.0,0.0
catpred,r_1861_FWD,0.0,0.0
catpred,r_1861_REV,0.0,1.403457181777055e-05
catpred,r_1862,0.0,2.3779243456062416e-05
catpred,r_1863_FWD,0.0,4.04195106726013e-05
catpred,r_1863_REV,0.0,0.0
catpred,r_1864_FWD,0.0,0.0
catpred,r_1864_REV,0.0,4.883429887328483e-05
catpred,r_1865,0.0,4.883429887328483e-05
catpred,r_1866,0.0,3.932233219838821e-05
catpred,r_1867,0.0,2.581863388993176e-05
catpred,r_1868_FWD,0.0,4.087130265392758e-05
catpred,r_1868_REV,0.0,0.0
catpred,r_1869_FWD,0.0,0.0
catpred,r_1869_REV,0.0,4.319960161289116e-05
catpred,r_1870,0.0,3.945410647462899e-05
catpred,r_1871,0.0,0.0002181410707874
catpred,r_1872,0.0,0.0
catpred,r_1873,0.0,0.0002051445231227
catpred,r_1874,0.0,8.13477282543204e-05
catpred,r_1875,0.0,0.0
catpred,r_1876_FWD,0.0,0.0
catpred,r_1876_REV,0.0,0.0
catpred,r_1877_ENZ_YDR342C_FWD,0.0,0.0
catpred,r_1877_ENZ_YDR342C_REV,0.0,0.0
catpred,r_1877_ENZ_YHR092C_FWD,0.0,0.0
catpred,r_1877_ENZ_YHR092C_REV,0.0,0.0
catpred,r_1878,0.0,-0.0
catpred,r_1879,0.0,1.255650013436732e-05
catpred,r_1880,0.0,3.615535018985661e-05
catpred,r_1881,0.0,6.613899108942611e-05
catpred,r_1882_ENZ_YOR100C,0.0,2.992772842435538e-05
catpred,r_1883,0.0,1.6992036727999076e-05
catpred,r_1884_FWD,0.0,0.0
catpred,r_1884_REV,0.0,0.0
catpred,r_1885_FWD,0.0,0.0
catpred,r_1885_REV,0.0,0.0
catpred,r_1886,0.0,0.0
catpred,r_1887_FWD,0.0528960909022178,0.0530225301253364
catpred,r_1887_REV,0.0,0.0
catpred,r_1889,0.0,5.206950418658218e-05
catpred,r_1890_FWD,0.0,0.0
catpred,r_1890_REV,0.0,0.0
catpred,r_1891,0.0,4.134587796841044e-05
catpred,r_1892_FWD,0.0,0.0
catpred,r_1892_REV,0.0,0.0
catpred,r_1893,0.0,1.5108042008670636e-05
catpred,r_1895_FWD,0.0,0.0
catpred,r_1895_REV,0.0,5.1447305184047776e-05
catpred,r_1896,0.0,5.1447305184047776e-05
catpred,r_1897,0.0,4.398444766588638e-05
catpred,r_1898,0.0,8.25178059513168e-05
catpred,r_1899,0.0,5.02643135866232e-05
catpred,r_1900,0.0,3.078152524788047e-05
catpred,r_1901_FWD,0.0,1000.0
catpred,r_1901_REV,0.0,1000.0
catpred,r_1902,0.0,1.0541154762302996e-05
catpred,r_1903,0.0,1.366547960267306e-05
catpred,r_1904,0.0,4.636171006531381e-05
catpred,r_1905_FWD,0.0,0.0001216329369335
catpred,r_1905_REV,0.0,0.0
catpred,r_1906,0.0,7.109509384922185e-05
catpred,r_1907_ENZ_YKR039W_FWD,0.0,0.0
catpred,r_1907_ENZ_YKR039W_REV,0.0,0.0
catpred,r_1908_ENZ_YDL245C_FWD,0.0,0.0
catpred,r_1908_ENZ_YDL245C_REV,0.0,0.0
catpred,r_1908_ENZ_YEL069C_FWD,0.0,0.0
catpred,r_1908_ENZ_YEL069C_REV,0.0,0.0
catpred,r_1908_ENZ_YJR158W_FWD,0.0,0.0
catpred,r_1908_ENZ_YJR158W_REV,0.0,0.0
catpred,r_1908_ENZ_YNR072W_FWD,0.0,0.0
catpred,r_1908_ENZ_YNR072W_REV,0.0,0.0
catpred,r_1909,0.0,0.0
catpred,r_1910_ENZ_YDL245C_FWD,0.0,0.0
catpred,r_1910_ENZ_YDL245C_REV,0.0,0.0
catpred,r_1910_ENZ_YDR342C_FWD,0.0,0.0
catpred,r_1910_ENZ_YDR342C_REV,0.0,0.0
catpred,r_1910_ENZ_YDR343C_FWD,0.0,0.0
catpred,r_1910_ENZ_YDR343C_REV,0.0,0.0
catpred,r_1910_ENZ_YDR345C_FWD,0.0,0.0
catpred,r_1910_ENZ_YDR345C_REV,0.0,0.0
catpred,r_1910_ENZ_YEL069C_FWD,0.0,0.0
catpred,r_1910_ENZ_YEL069C_REV,0.0,0.0
catpred,r_1910_ENZ_YFL011W_FWD,0.0,0.0
catpred,r_1910_ENZ_YFL011W_REV,0.0,0.0
catpred,r_1910_ENZ_YHR092C_FWD,0.0,0.0
catpred,r_1910_ENZ_YHR092C_REV,0.0,0.0
catpred,r_1910_ENZ_YHR096C_FWD,0.0,0.0
catpred,r_1910_ENZ_YHR096C_REV,0.0,0.0
catpred,r_1910_ENZ_YJL214W_FWD,0.0,0.0
catpred,r_1910_ENZ_YJL214W_REV,0.0,0.0
catpred,r_1910_ENZ_YJL219W_FWD,0.0,0.0
catpred,r_1910_ENZ_YJL219W_REV,0.0,0.0
catpred,r_1910_ENZ_YJR158W_FWD,0.0,0.0
catpred,r_1910_ENZ_YJR158W_REV,0.0,0.0
catpred,r_1910_ENZ_YNR072W_FWD,0.0,0.0
catpred,r_1910_ENZ_YNR072W_REV,0.0,0.0
catpred,r_1910_ENZ_YOL156W_FWD,0.0,0.0
catpred,r_1910_ENZ_YOL156W_REV,0.0,0.0
catpred,r_1911,0.0,3.504182454175286e-05
catpred,r_1912,0.0,9.533974081118654e-06
catpred,r_1913,0.0,1.3154294775607034e-05
catpred,r_1914,0.0,3.561698121770551e-05
catpred,r_1915,0.0,5.739769787806547e-06
catpred,r_1916,0.0,4.406904542642957e-06
catpred,r_1919_ENZ_YBR147W,0.0,0.0
catpred,r_1920_FWD,0.0,0.0
catpred,r_1920_REV,0.0,0.0
catpred,r_1921_FWD,0.0,0.0
catpred,r_1921_REV,0.0,0.0
catpred,r_1922_FWD,0.0,0.0
catpred,r_1922_REV,0.0,0.0
catpred,r_1923_FWD,0.0,0.0
catpred,r_1923_REV,0.0,0.0
catpred,r_1924_FWD,0.0,0.0
catpred,r_1924_REV,0.0,0.0
catpred,r_1925_FWD,0.0,0.0
catpred,r_1925_REV,0.0,0.0
catpred,r_1926_FWD,0.0,0.0
catpred,r_1926_REV,0.0,0.0
catpred,r_1927_FWD,0.0,0.0
catpred,r_1927_REV,0.0,0.0
catpred,r_1928_FWD,0.0,0.0
catpred,r_1928_REV,0.0,0.0
catpred,r_1929_FWD,0.0,0.0
catpred,r_1929_REV,0.0,0.0
catpred,r_1930_FWD,0.0,9.333680607127684e-05
catpred,r_1930_REV,0.0,0.0
catpred,r_1931,0.0,0.0
catpred,r_1932_FWD,0.0,0.0
catpred,r_1932_REV,0.1962882916289927,0.1962882916289927
catpred,r_1935_ENZ_YDR508C,0.0,0.0
catpred,r_1936,0.0,0.0006213664527323
catpred,r_1937_FWD,0.0,0.0
catpred,r_1937_REV,0.0,0.0
catpred,r_1938_FWD,0.0,0.0
catpred,r_1938_REV,0.0,0.0
catpred,r_1939_FWD,0.0,0.0
catpred,r_1939_REV,0.0,0.0
catpred,r_1940_FWD,0.0,0.0
catpred,r_1940_REV,0.0,0.0
catpred,r_1941_FWD,0.0,0.0
catpred,r_1941_REV,0.0,0.0
catpred,r_1942_FWD,0.0,0.0
catpred,r_1942_REV,0.0,0.0
catpred,r_1943_FWD,0.0,0.0
catpred,r_1943_REV,0.0,0.0
catpred,r_1944_FWD,0.0,0.0
catpred,r_1944_REV,0.0,0.0
catpred,r_1945_FWD,0.0,0.0
catpred,r_1945_REV,0.0,0.0
catpred,r_1946_FWD,0.0,0.0
catpred,r_1946_REV,0.0,0.0
catpred,r_1947,0.0,0.0
catpred,r_1952,0.0,0.0
catpred,r_1963_FWD,0.0,0.0
catpred,r_1963_REV,0.0206216404051151,0.020670842143052
catpred,r_1964_FWD,0.0206216404051151,0.0206800581583861
catpred,r_1964_REV,0.0,0.0
catpred,r_1965_FWD,0.0,0.0
catpred,r_1965_REV,2.1521351676212497e-05,0.0002986689490779
catpred,r_1966_FWD,0.0,0.0
catpred,r_1966_REV,0.0,0.0
catpred,r_1967,0.0,3.355164353687164e-07
catpred,r_1968,0.0,0.0
catpred,r_1970_FWD,0.0,0.0
catpred,r_1970_REV,0.0,0.0
catpred,r_1971_FWD,0.0,0.0
catpred,r_1971_REV,0.0,0.0
catpred,r_1972,0.0,0.0
catpred,r_1974,0.0,0.0002196560659593
catpred,r_1975,0.0,0.0002113013843571
catpred,r_1976_ENZ_YOR100C,0.0,2.992772842435538e-05
catpred,r_1977_FWD,0.0103108202025575,0.0103339966830436
catpred,r_1977_REV,0.0,0.0
catpred,r_1978_FWD,8.227870108756166,8.234651781356984
catpred,r_1978_REV,0.0,0.0
catpred,r_1979_FWD,8.380862718281191,8.388226335607698
catpred,r_1979_REV,0.0,0.0
catpred,r_1980_FWD,0.0,4.011330368494671e-05
catpred,r_1980_REV,0.0,0.0
catpred,r_1981_ENZ_YBR041W_FWD,0.0,0.0
catpred,r_1981_ENZ_YBR041W_REV,0.0,0.0
catpred,r_1984,0.0,7.152082633771206e-06
catpred,r_1987,0.0,2.0373725201326687e-05
catpred,r_1988_FWD,0.0,6.685798156269573e-05
catpred,r_1988_REV,0.0,0.0
catpred,r_1989,0.0,9.508577045813647e-05
catpred,r_1990_ENZ_YJL212C,0.0,0.0
catpred,r_1991_FWD,0.0,0.0
catpred,r_1991_REV,0.0,5.766614665406178e-05
catpred,r_1992_FWD,0.0,0.0
catpred,r_1992_REV,8.381368735580205,8.38810267104554
catpred,r_1993,0.0,6.069551552870256e-06
catpred,r_1994,0.0,5.999765151701135e-06
catpred,r_1995_FWD,0.0,0.0
catpred,r_1995_REV,0.0,0.0
catpred,r_1996_FWD,0.0,0.0
catpred,r_1996_REV,0.0,2.2899273354273664e-05
catpred,r_1997,0.0,6.539402717614662e-05
catpred,r_1998_FWD,0.0,0.0
catpred,r_1998_REV,0.0,8.124743883723695e-06
catpred,r_1999,0.0,0.0
catpred,r_2000,0.0,1.1154172343624811e-05
catpred,r_2001,0.0,1.157455171343913e-05
catpred,r_2002_FWD,0.0,1.1574558219901164e-05
catpred,r_2002_REV,0.0,0.0
catpred,r_2003_FWD,0.0,1.3318675165878812e-05
catpred,r_2003_REV,0.0,0.0
catpred,r_2004,0.0,0.0
catpred,r_2005_FWD,0.0,0.0
catpred,r_2005_REV,1.3975919992929242,1.399866096329777
catpred,r_2008_ENZ_YNR013C_FWD,0.0,0.0002726086066405
catpred,r_2008_ENZ_YNR013C_REV,0.0,0.00030928077296
catpred,r_2020_FWD,0.0,0.0
catpred,r_2020_REV,0.0010149371631561,0.0010149371631561
catpred,r_2022_FWD,0.0,4.337269657834347e-06
catpred,r_2022_REV,0.0,0.0
catpred,r_2023_FWD,0.0,0.0
catpred,r_2023_REV,0.0,0.0
catpred,r_2024,0.0,1.549370412606138e-05
catpred,r_2025_ENZ_YNR027W,0.0,0.0
catpred,r_2026_ENZ_YNR027W,0.0,0.0001105755838404
catpred,r_2027,0.0,0.0001525000311595
catpred,r_2028,0.0,0.0
catpred,r_2029_ENZ_YEL029C,0.0,0.0
catpred,r_2030,0.0002768010412381,0.0002795977741771
catpred,r_2031_FWD,0.0,8.810829092301478e-05
catpred,r_2031_REV,0.0,0.0001983238630196
catpred,r_2032_FWD,1.9831161474386896,1.984445626974704
catpred,r_2032_REV,0.0,0.0
catpred,r_2033,0.0,0.0001199803222076
catpred,r_2034_ENZ_YGL080W_and_YGR243W,0.0,0.0001796429888959
catpred,r_2034_ENZ_YGL080W_and_YHR162W,0.0,0.0001234398884722
catpred,r_2036_FWD,0.0,0.0
catpred,r_2036_REV,0.0,0.0
catpred,r_2037_FWD,0.0,4.274782306901093e-05
catpred,r_2037_REV,0.0,0.0
catpred,r_2038,0.0,0.0
catpred,r_2039,0.0,2.795986866385298e-06
catpred,r_2040_ENZ_YOR306C,0.0,0.0
catpred,r_2041_ENZ_YDR342C,0.0,0.0
catpred,r_2041_ENZ_YHR092C,0.0,0.0
catpred,r_2042_FWD,0.0,0.0
catpred,r_2042_REV,0.0,0.0
catpred,r_2043,0.0,0.0
catpred,r_2044,0.0,-0.0
catpred,r_2045_ENZ_YDR508C_FWD,0.0,0.0001913761733705
catpred,r_2045_ENZ_YDR508C_REV,0.0,0.0001784216499237
catpred,r_2046,0.0,5.93458271451984e-06
catpred,r_2049_FWD,0.0,0.0
catpred,r_2049_REV,0.0011100001570007,0.0011100001570007
catpred,r_2050,0.0,0.0
catpred,r_2051,0.0,9.785677923922596e-06
catpred,r_2052,0.0,5.687803841511463e-06
catpred,r_2053_FWD,0.0103108202025575,0.0103390929907752
catpred,r_2053_REV,0.0,0.0
catpred,r_2054_FWD,0.0103108202025575,0.0103325478623891
catpred,r_2054_REV,0.0,0.0
catpred,r_2055,0.0,0.0
catpred,r_2056,0.0,6.969041996897005e-05
catpred,r_2057_FWD,0.0,0.0
catpred,r_2057_REV,0.0,8.99918018536297e-05
catpred,r_2058,0.0,0.0
catpred,r_2060_FWD,0.0,0.0
catpred,r_2060_REV,0.0240481730176676,0.0240838701108394
catpred,r_2061,0.0,4.0926715620625415e-05
catpred,r_2062,0.0,0.0
catpred,r_2063_FWD,0.0,5.42288317367513e-05
catpred,r_2063_REV,0.0,0.0
catpred,r_2064_ENZ_YDL024C,0.0,3.014136536323505e-05
catpred,r_2065,0.0,2.9896209953485068e-05
catpred,r_2066,0.0,0.0
catpred,r_2067,0.0,-0.0
catpred,r_2068,0.0,0.0
catpred,r_2069,0.0,3.355164353687164e-07
catpred,r_2072_ENZ_YDR508C,0.0,6.189148204901324e-05
catpred,r_2073,0.0,1.7996024095481844e-05
catpred,r_2074,0.0,0.0002112997620411
catpred,r_2075_FWD,0.0,0.0
catpred,r_2075_REV,0.0,1.773453580239566e-05
catpred,r_2079_ENZ_YGR289C_FWD,0.0,6.360413056704511e-05
catpred,r_2079_ENZ_YGR289C_REV,0.0,0.0
catpred,r_2080_FWD,0.0,5.053092068357007e-05
catpred,r_2080_REV,0.0,0.0
catpred,r_2082,0.0,0.0
catpred,r_2083,0.0,1.1494125519255494e-05
catpred,r_2084_FWD,0.0,1.1461000504635332e-05
catpred,r_2084_REV,0.0,0.0
catpred,r_2085_FWD,0.0,0.0
catpred,r_2085_REV,0.0,1.22978182582335e-05
catpred,r_2086,0.0,0.0
catpred,r_2087_FWD,0.0,0.0
catpred,r_2087_REV,0.0,0.0
catpred,r_2089_FWD,0.0,0.0140360937539624
catpred,r_2089_REV,0.0,0.0
catpred,r_2090,0.0,0.0
catpred,r_2091,0.0,3.622660941265954e-05
catpred,r_2092,0.0,0.0
catpred,r_2093_FWD,0.0,0.0
catpred,r_2093_REV,0.0849806070957583,0.0850300450719082
catpred,r_2094_ENZ_YLL052C_FWD,0.0,0.0
catpred,r_2094_ENZ_YLL052C_REV,0.0,0.0123594688670611
catpred,r_2094_ENZ_YPR192W_FWD,0.0,0.0032897745981098
catpred,r_2094_ENZ_YPR192W_REV,0.0,0.0136110966293991
catpred,r_2095_FWD,0.0,0.0002914006859191
catpred,r_2095_REV,0.0,0.0
catpred,r_2096_FWD,0.0,0.0
catpred,r_2096_REV,35.36773768417149,35.41811973387842
catpred,r_2097_FWD,0.0,14.869785299254444
catpred,r_2097_REV,0.0,998.9123699994592
catpred,r_2098_FWD,0.0,9.009949280002622e-05
catpred,r_2098_REV,0.0,2.683310647234266e-05
catpred,r_2099_FWD,0.0,0.0001104097741464
catpred,r_2099_REV,0.0,0.0001354648798903
catpred,r_2100_FWD,14.507845219530743,14.514795734880853
catpred,r_2100_REV,0.0,0.0
catpred,r_2101_FWD,0.0,0.0
catpred,r_2101_REV,0.0,9.600839801362364e-06
catpred,r_2102,0.0,0.0
catpred,r_2103,0.0,0.0
catpred,r_2104,0.0,0.0
catpred,r_2105_ENZ_YDL245C_FWD,0.0,0.0
catpred,r_2105_ENZ_YDL245C_REV,0.0,0.0
catpred,r_2105_ENZ_YLL043W_FWD,0.0,0.0
catpred,r_2105_ENZ_YLL043W_REV,0.0,0.0
catpred,r_2106,0.0,3.0585903806204864e-06
catpred,r_2107_ENZ_YIL013C_FWD,0.0,2.212582428433741e-05
catpred,r_2107_ENZ_YIL013C_REV,0.0,3.94740315625558e-06
catpred,r_2107_ENZ_YOR011W_FWD,0.0,3.102811304971983e-05
catpred,r_2107_ENZ_YOR011W_REV,0.0,5.495581778969944e-06
catpred,r_2108,0.2795970195843438,0.2795984241716734
catpred,r_2111,0.2795970195845496,0.2795984241716734
catpred,r_2112_ENZ_YJL060W_FWD,0.0,0.0
catpred,r_2112_ENZ_YJL060W_REV,0.0,0.0
catpred,r_2113,0.0,0.0
catpred,r_2114,0.0016971539016045,0.0016974975147563
catpred,r_2115_ENZ_YBR145W,0.0,0.0456958581512054
catpred,r_2115_ENZ_YOL086C,0.0,0.095557202804848
catpred,r_2116_ENZ_YER073W,0.0,0.0029208005902532
catpred,r_2116_ENZ_YMR110C,0.0,0.0031856430857453
catpred,r_2116_ENZ_YMR170C,0.0,0.0059875465414482
catpred,r_2116_ENZ_YOR374W,0.0,0.0038919648651204
catpred,r_2117_ENZ_YHR137W_FWD,0.0,0.0022701349302377
catpred,r_2117_ENZ_YHR137W_REV,0.0,0.001540441187007
catpred,r_2118_ENZ_YHR137W,0.0,1.1798327283076004e-05
catpred,r_2119_ENZ_YHR137W_FWD,0.0,0.0031475115285132
catpred,r_2119_ENZ_YHR137W_REV,0.0,0.0005997383655418
catpred,r_2125_FWD,0.0,0.0001517368955301
catpred,r_2125_REV,0.0,0.0051555765161528
catpred,r_2126_ENZ_YKR043C,0.0,8.313178286385725e-05
catpred,r_2129,0.0,0.0102321698659375
catpred,r_2131_ENZ_YDL066W,0.2435628580640911,0.2937683435201199
catpred,r_2132_ENZ_YOR222W,0.0,0.001873926694522
catpred,r_2132_ENZ_YPL134C,0.0,0.0424638097610804
catpred,r_2134,0.0,5.1420354703901605e-06
catpred,r_2136_FWD,0.0,0.0
catpred,r_2136_REV,0.0,5.667493785289565e-06
catpred,r_2137,0.0,4.141731818009878e-06
catpred,r_2139_FWD,0.0,0.0
catpred,r_2139_REV,0.0,4.141731818009878e-06
catpred,r_2140_ENZ_YKL182W_and_YPL231W,0.0348748076530622,0.0350927053528538
catpred,r_2141_ENZ_YKL182W_and_YPL231W,0.0104838901724922,0.0108674769162035
catpred,r_2142_ENZ_YER061C_and_YKL192C,0.0,0.0
catpred,r_2143_ENZ_YER061C_and_YKL192C,0.0,0.0
catpred,r_2144_ENZ_YER061C_and_YKL192C,0.0,-0.0
catpred,r_2145_ENZ_YKL055C,0.0,0.0
catpred,r_2146_ENZ_YKL055C,0.0,0.0
catpred,r_2147_ENZ_YKL055C,0.0,-0.0
catpred,r_2148_ENZ_YHR067W_FWD,0.0,0.0
catpred,r_2148_ENZ_YHR067W_REV,0.0,0.0
catpred,r_2149_ENZ_YHR067W_FWD,0.0,0.0
catpred,r_2149_ENZ_YHR067W_REV,0.0,0.0
catpred,r_2150_ENZ_YHR067W_FWD,0.0,-0.0
catpred,r_2150_ENZ_YHR067W_REV,0.0,0.0
catpred,r_2151_ENZ_YBR026C,0.0,0.0
catpred,r_2152_ENZ_YBR026C,0.0,0.0
catpred,r_2153_ENZ_YBR026C,0.0,-0.0
catpred,r_2154_ENZ_YJL196C,0.0,1.8399163908486296e-05
catpred,r_2155_ENZ_YJL196C,0.0,2.0485420108091853e-05
catpred,r_2156_ENZ_YCR034W,0.0,0.0001848654613905
catpred,r_2157_ENZ_YCR034W,0.0,2.1648778898980663e-05
catpred,r_2157_ENZ_YLR372W,0.0,1.2948127257217824e-05
catpred,r_2158_ENZ_YCR034W,0.0,1.5104139175505344e-05
catpred,r_2158_ENZ_YLR372W,0.0,1.515111165785184e-05
catpred,r_2159_ENZ_YCR034W,0.0,1.761566402683023e-05
catpred,r_2159_ENZ_YLR372W,0.0,1.0652205773701347e-05
catpred,r_2160_ENZ_YLR372W,0.0,8.188511193573276e-06
catpred,r_2161_ENZ_YBR159W,0.0,1.8399163908486296e-05
catpred,r_2162_ENZ_YBR159W,0.0,2.0485420108091853e-05
catpred,r_2163_ENZ_YBR159W,0.0,0.0001848654613905
catpred,r_2164_ENZ_YBR159W,0.0,2.079819140507529e-05
catpred,r_2165_ENZ_YBR159W,0.0,1.4219472762896533e-05
catpred,r_2166_ENZ_YBR159W,0.0,1.3181394663503614e-05
catpred,r_2167_ENZ_YBR159W,0.0,8.18851421406511e-06
catpred,r_2168_ENZ_YJL097W_FWD,0.0,1.839758136325924e-05
catpred,r_2168_ENZ_YJL097W_REV,0.0,0.0
catpred,r_2169_ENZ_YJL097W_FWD,0.0,2.049398997838186e-05
catpred,r_2169_ENZ_YJL097W_REV,0.0,0.0
catpred,r_2170_ENZ_YJL097W_FWD,0.0,0.0002173791586901
catpred,r_2170_ENZ_YJL097W_REV,0.0,0.0
catpred,r_2171_ENZ_YJL097W_FWD,0.0,2.1745250692122656e-05
catpred,r_2171_ENZ_YJL097W_REV,0.0,0.0
catpred,r_2172_ENZ_YJL097W_FWD,0.0,1.4574532695653526e-05
catpred,r_2172_ENZ_YJL097W_REV,0.0,0.0
catpred,r_2173_ENZ_YJL097W,0.0,1.0054774378066217e-05
catpred,r_2174_ENZ_YJL097W_FWD,0.0,1.4681044445618065e-05
catpred,r_2174_ENZ_YJL097W_REV,0.0,0.0
catpred,r_2175_ENZ_YDL015C,0.0,1.8399163908486296e-05
catpred,r_2176_ENZ_YDL015C,0.0,2.0485420108091853e-05
catpred,r_2177_ENZ_YDL015C,0.0,0.0001848654613905
catpred,r_2178_ENZ_YDL015C,0.0,2.079819140507529e-05
catpred,r_2179_ENZ_YDL015C,0.0,1.4219472762896533e-05
catpred,r_2180_ENZ_YDL015C,0.0,1.3181394663503614e-05
catpred,r_2181_ENZ_YDL015C,0.0,8.18851421406511e-06
catpred,r_2182_ENZ_YGL055W,0.0260792323415427,0.0260792323415427
catpred,r_2183_ENZ_YGL055W,0.0086181828977774,0.00862786169124
catpred,r_2184_FWD,0.0,0.0
catpred,r_2184_REV,0.0,7.30927573449041e-06
catpred,r_2185_FWD,0.0,0.0
catpred,r_2185_REV,0.0,5.713656894015817e-06
catpred,r_2186_ENZ_YBR041W_FWD,0.0,0.0
catpred,r_2186_ENZ_YBR041W_REV,0.0,4.07789136078196e-06
catpred,r_2187,0.0,5.982515860758486e-06
catpred,r_2188,0.0,5.860487874967401e-06
catpred,r_2189,0.0,6.51926731155654e-06
catpred,r_2190_ENZ_YNL065W_FWD,0.0,0.0
catpred,r_2190_ENZ_YNL065W_REV,0.0,5.948012858247864e-06
catpred,r_2191_ENZ_YNL065W_FWD,0.0,0.0
catpred,r_2191_ENZ_YNL065W_REV,0.0,5.752672947195725e-06
catpred,r_2192_ENZ_YBR041W_FWD,0.0,0.0
catpred,r_2192_ENZ_YBR041W_REV,0.0,5.530976676069999e-06
catpred,r_2193,0.0,7.001394085076607e-06
catpred,r_2194_ENZ_YOR317W_FWD,0.0,0.0001398875557224
catpred,r_2194_ENZ_YOR317W_REV,0.0,0.0001030664869363
catpred,r_2195_ENZ_YMR246W_FWD,0.0,8.308623609020004e-05
catpred,r_2195_ENZ_YMR246W_REV,0.0,9.512975264287976e-05
catpred,r_2195_ENZ_YOR317W_FWD,0.0,0.0001030626927848
catpred,r_2195_ENZ_YOR317W_REV,0.0,9.920244002074884e-05
catpred,r_2196_ENZ_YMR246W_FWD,0.0,8.674994163040792e-05
catpred,r_2196_ENZ_YMR246W_REV,0.0,0.0002533697799029
catpred,r_2196_ENZ_YOR317W_FWD,0.0,9.91615655110288e-05
catpred,r_2196_ENZ_YOR317W_REV,0.0,0.0003187401654326
catpred,r_2197_ENZ_YMR246W_FWD,0.0,8.675316033061978e-05
catpred,r_2197_ENZ_YMR246W_REV,0.0,0.001307475289295
catpred,r_2197_ENZ_YOR317W_FWD,0.0,0.000103076977485
catpred,r_2197_ENZ_YOR317W_REV,0.0,0.0017698261667145
catpred,r_2198_ENZ_YMR246W_FWD,0.0,9.776195226342114e-05
catpred,r_2198_ENZ_YMR246W_REV,0.0,0.0001974061792659
catpred,r_2198_ENZ_YOR317W_FWD,0.0,0.0001030637140102
catpred,r_2198_ENZ_YOR317W_REV,0.0,0.0002349470695173
catpred,r_2199_ENZ_YMR246W_FWD,0.0,9.650207705677026e-05
catpred,r_2199_ENZ_YMR246W_REV,0.0,9.15135816872764e-05
catpred,r_2199_ENZ_YOR317W_FWD,0.0,0.0001030694406583
catpred,r_2199_ENZ_YOR317W_REV,0.0,0.0001030624650237
catpred,r_2200_ENZ_YOR317W_FWD,0.0,0.0001030717828999
catpred,r_2200_ENZ_YOR317W_REV,0.0,0.0001032276282777
catpred,r_2201_ENZ_YMR246W_FWD,0.0,8.675045593047616e-05
catpred,r_2201_ENZ_YMR246W_REV,0.0,0.0001262134599431
catpred,r_2201_ENZ_YOR317W_FWD,0.0,0.0001030627240477
catpred,r_2201_ENZ_YOR317W_REV,0.0,0.0001030681517873
catpred,r_2202_ENZ_YMR246W_FWD,0.0,8.350032263227964e-05
catpred,r_2202_ENZ_YMR246W_REV,0.0,0.0003332987520283
catpred,r_2202_ENZ_YOR317W_FWD,0.0,0.0001030637152682
catpred,r_2202_ENZ_YOR317W_REV,0.0,0.0003189093280496
catpred,r_2203_ENZ_YMR246W_FWD,0.0,8.147096967926781e-05
catpred,r_2203_ENZ_YMR246W_REV,0.0,0.001232334956952
catpred,r_2203_ENZ_YOR317W_FWD,0.0,9.672472680539665e-05
catpred,r_2203_ENZ_YOR317W_REV,0.0,0.0017421560482895
catpred,r_2204_ENZ_YMR246W_FWD,0.0,8.346053466290144e-05
catpred,r_2204_ENZ_YMR246W_REV,0.0,0.0002801687815036
catpred,r_2204_ENZ_YOR317W_FWD,0.0,9.879903357704956e-05
catpred,r_2204_ENZ_YOR317W_REV,0.0,0.0002349482750618
catpred,r_2205_ENZ_YMR246W_FWD,0.0,8.680186197529176e-05
catpred,r_2205_ENZ_YMR246W_REV,0.0,8.959885388981452e-05
catpred,r_2205_ENZ_YOR317W_FWD,0.0,0.0001030691845641
catpred,r_2205_ENZ_YOR317W_REV,0.0,0.0001030659630768
catpred,r_2206_ENZ_YER015W_FWD,0.0,5.312343542999976e-05
catpred,r_2206_ENZ_YER015W_REV,0.0,3.067954574476062e-05
catpred,r_2207_ENZ_YER015W_FWD,0.0,5.312343543055487e-05
catpred,r_2207_ENZ_YER015W_REV,0.0,2.8026348002689388e-05
catpred,r_2208_ENZ_YER015W_FWD,0.0,5.312343543051323e-05
catpred,r_2208_ENZ_YER015W_REV,0.0,2.66423260032399e-05
catpred,r_2209_ENZ_YIL009W_FWD,0.0,0.0
catpred,r_2209_ENZ_YIL009W_REV,0.0,0.0
catpred,r_2210_ENZ_YIL009W_FWD,0.0,0.0
catpred,r_2210_ENZ_YIL009W_REV,0.0,0.0
catpred,r_2211_ENZ_YIL009W_FWD,0.0,6.459978662966964e-05
catpred,r_2211_ENZ_YIL009W_REV,0.0,6.370996970132297e-05
catpred,r_2212_ENZ_YIL009W_FWD,0.0,6.367762695730678e-05
catpred,r_2212_ENZ_YIL009W_REV,0.0,6.573665297284074e-05
catpred,r_2213_ENZ_YBR041W_FWD,0.0,0.0
catpred,r_2213_ENZ_YBR041W_REV,0.0,0.0
catpred,r_2214_ENZ_YBR041W_FWD,0.0,0.0001525882377193
catpred,r_2214_ENZ_YBR041W_REV,0.0,0.0001468081269377
catpred,r_2215_ENZ_YBR041W_FWD,0.0,0.0001525922088045
catpred,r_2215_ENZ_YBR041W_REV,0.0,0.000152663163474
catpred,r_2216_ENZ_YBR041W_FWD,0.0,0.0
catpred,r_2216_ENZ_YBR041W_REV,0.0,0.0
catpred,r_2217_ENZ_YBR041W_FWD,0.0,0.0001468026855037
catpred,r_2217_ENZ_YBR041W_REV,0.0,0.0001468873199884
catpred,r_2218_ENZ_YBR041W_FWD,0.0,0.000172028258548
catpred,r_2218_ENZ_YBR041W_REV,0.0,0.000152590393126
catpred,r_2219_ENZ_YKL188C_and_YPL147W,0.0,3.309023783677067e-05
catpred,r_2220_ENZ_YKL188C_and_YPL147W,0.0,3.1204966083304725e-05
catpred,r_2221_ENZ_YKL188C_and_YPL147W,0.0,3.987664487671485e-05
catpred,r_2222_ENZ_YKL188C_and_YPL147W,0.0,4.6823408614971376e-05
catpred,r_2223_ENZ_YKL188C_and_YPL147W,0.0,3.724521559556868e-05
catpred,r_2224_ENZ_YKL188C_and_YPL147W,0.0,3.391050650469444e-05
catpred,r_2225_ENZ_YKL188C_and_YPL147W,0.0,2.174559227686697e-05
catpred,r_2226_ENZ_YKL188C_and_YPL147W,0.0,1.5150938071459174e-05
catpred,r_2227_ENZ_YKL188C_and_YPL147W,0.0,1.9121873545812707e-05
catpred,r_2228_ENZ_YKL188C_and_YPL147W,0.0,8.188583301941742e-06
catpred,r_2229_FWD,0.0,0.0
catpred,r_2229_REV,0.0,5.948527761472089e-06
catpred,r_2230_FWD,0.0,0.0
catpred,r_2230_REV,0.0,5.752672947195725e-06
catpred,r_2231_ENZ_YKL188C_and_YPL147W_FWD,0.0,1.273176978215551e-05
catpred,r_2231_ENZ_YKL188C_and_YPL147W_REV,0.0,3.308075841015261e-05
catpred,r_2232_ENZ_YJR019C,0.0,5.982023233944145e-06
catpred,r_2233_ENZ_YJR019C,0.0,5.860487874967401e-06
catpred,r_2234_ENZ_YJR019C,0.0,5.3123435430624255e-05
catpred,r_2235_ENZ_YJR019C,0.0,5.312343543052711e-05
catpred,r_2236_ENZ_YGL205W,0.0,7.1377256172251536e-06
catpred,r_2237_ENZ_YGL205W,0.0,7.1377256172251536e-06
catpred,r_2238_ENZ_YGL205W,0.0,7.1377256172251536e-06
catpred,r_2239_ENZ_YGL205W,0.0,2.1745413753188065e-05
catpred,r_2240_ENZ_YGL205W,0.0,1.478223051762104e-05
catpred,r_2241_ENZ_YGL205W,0.0,1.0651213345646312e-05
catpred,r_2242_ENZ_YGL205W,0.0,5.849530864243668e-06
catpred,r_2243_ENZ_YGL205W,0.0,5.849530864243668e-06
catpred,r_2244_ENZ_YGL205W,0.0,5.849530864243668e-06
catpred,r_2245_ENZ_YGL205W,0.0,1.0098685333193023e-05
catpred,r_2246_ENZ_YGL205W,0.0,1.272241178207345e-05
catpred,r_2247_ENZ_YGL205W,0.0,1.2722411772081443e-05
catpred,r_2248_ENZ_YKR009C,0.0,7.625843894621537e-06
catpred,r_2249_ENZ_YKR009C,0.0,4.794396454399497e-06
catpred,r_2250_ENZ_YKR009C,0.0,2.2226173086116542e-05
catpred,r_2251_ENZ_YKR009C,0.0,2.048627774678556e-05
catpred,r_2252_ENZ_YKR009C,0.0,2.7468093943890754e-05
catpred,r_2253_ENZ_YKR009C,0.0,8.188413743236405e-06
catpred,r_2254_ENZ_YKR009C,0.0,6.353804787750192e-06
catpred,r_2255_ENZ_YKR009C,0.0,6.353804787750192e-06
catpred,r_2256_ENZ_YKR009C,0.0,6.353804787750192e-06
catpred,r_2257_ENZ_YKR009C,0.0,2.1745413753188065e-05
catpred,r_2258_ENZ_YKR009C,0.0,1.478223051762104e-05
catpred,r_2259_ENZ_YKR009C,0.0,1.0651213345646312e-05
catpred,r_2260_ENZ_YKR009C,0.0,5.849530864243668e-06
catpred,r_2261_ENZ_YKR009C,0.0,5.849530864243668e-06
catpred,r_2262_ENZ_YKR009C,0.0,7.615614868885358e-06
catpred,r_2263_ENZ_YKR009C,0.0,1.0098685364390292e-05
catpred,r_2264_ENZ_YKR009C,0.0,1.272241178207345e-05
catpred,r_2265_ENZ_YKR009C,0.0,5.180754712771907e-06
catpred,r_2266_ENZ_YKR009C,0.0,5.180754712771907e-06
catpred,r_2267_ENZ_YKR009C,0.0,5.180754712771907e-06
catpred,r_2268_ENZ_YKR009C,0.0,2.0486277730687295e-05
catpred,r_2269_ENZ_YKR009C,0.0,2.046102958354356e-05
catpred,r_2270_ENZ_YKR009C,0.0,7.87349300370199e-06
catpred,r_2271_ENZ_YKR009C,0.0,7.1377256172251536e-06
catpred,r_2272_ENZ_YKR009C,0.0,7.1377256172251536e-06
catpred,r_2273_ENZ_YKR009C,0.0,7.1377256172251536e-06
catpred,r_2274_ENZ_YKR009C,0.0,2.1745413753188065e-05
catpred,r_2275_ENZ_YKR009C,0.0,1.478223051762104e-05
catpred,r_2276_ENZ_YKR009C,0.0,1.0651213345646312e-05
catpred,r_2277_ENZ_YKR009C,0.0,5.849530864243668e-06
catpred,r_2278_ENZ_YKR009C,0.0,5.849530864243668e-06
catpred,r_2279_ENZ_YKR009C,0.0,7.615614868885358e-06
catpred,r_2280_ENZ_YKR009C,0.0,1.0098685364390292e-05
catpred,r_2281_ENZ_YKR009C,0.0,1.272241178207345e-05
catpred,r_2282_ENZ_YKR009C,0.0,5.180754712771907e-06
catpred,r_2283_ENZ_YIL160C,0.0,7.484599270745129e-06
catpred,r_2284_ENZ_YIL160C,0.0,6.408669780397225e-06
catpred,r_2285_ENZ_YIL160C,0.0,6.408669780397225e-06
catpred,r_2286_ENZ_YIL160C,0.0,2.174542141546317e-05
catpred,r_2287_ENZ_YIL160C,0.0,1.478223051762104e-05
catpred,r_2288_ENZ_YIL160C,0.0,1.0651213345646312e-05
catpred,r_2289_ENZ_YIL160C,0.0,5.849530864243668e-06
catpred,r_2290_ENZ_YIL160C,0.0,5.849530864243668e-06
catpred,r_2291_ENZ_YIL160C,0.0,7.615614868885358e-06
catpred,r_2292_ENZ_YIL160C,0.0,1.0098685364390292e-05
catpred,r_2293_ENZ_YIL160C,0.0,1.272241178207345e-05
catpred,r_2294_ENZ_YIL160C,0.0,5.180754712771907e-06
catpred,r_2295_ENZ_YLR284C,0.0,6.889801005244278e-06
catpred,r_2296_ENZ_YLR284C,0.0,6.182009179050984e-06
catpred,r_2297_ENZ_YLR284C,0.0,6.182009179050984e-06
catpred,r_2298_ENZ_YLR284C,0.0,5.787927199657483e-06
catpred,r_2299_ENZ_YLR284C,0.0,8.225804667090497e-06
catpred,r_2300_ENZ_YLR284C,0.0,9.956858079362974e-06
catpred,r_2301_ENZ_YOR180C,0.0,6.182009179050984e-06
catpred,r_2302_ENZ_YOR180C,0.0,8.447838367804672e-06
catpred,r_2303_ENZ_YNL202W,0.0,6.1819049265166015e-06
catpred,r_2304_ENZ_YNL202W,0.0,8.225804667090497e-06
catpred,r_2305_ENZ_YLR304C_FWD,0.0,0.0042825459687501
catpred,r_2305_ENZ_YLR304C_REV,0.0,0.0004186820686281
catpred,r_2308_ENZ_YBL011W,0.0073319648429654,0.0088521822504995
catpred,r_2308_ENZ_YKR067W,0.0,0.0
catpred,r_2309_ENZ_YBL011W,0.0,0.0006716244969376
catpred,r_2309_ENZ_YKR067W,0.0,0.000495517049529
catpred,r_2310_ENZ_YKR067W,0.0008918062498705,0.0022593464455944
catpred,r_2311_ENZ_YKR067W,0.0,0.0001769776210934
catpred,r_2312_ENZ_YBL011W,0.0,0.0016146262073238
catpred,r_2312_ENZ_YKR067W,0.0,0.0006058317648703
catpred,r_2313_ENZ_YBL011W,0.0,0.0087433815686732
catpred,r_2313_ENZ_YKR067W,0.0,0.0087907707312592
catpred,r_2314_ENZ_YKR067W,0.0,0.0010384806918279
catpred,r_2315_ENZ_YKR067W,0.0,0.0001276238870636
catpred,r_2316_ENZ_YKR067W,0.0,5.141576447509734e-05
catpred,r_2317_ENZ_YKR067W,0.0,0.000267493957528
catpred,r_2318_ENZ_YKR067W,0.0,0.0002935114527767
catpred,r_2319_ENZ_YKR067W,0.0,7.898965042621919e-05
catpred,r_2320_ENZ_YKR067W,0.0,5.180806391405185e-05
catpred,r_2321_ENZ_YKR067W,0.0,0.0005558939325716
catpred,r_2322_ENZ_YKR067W,0.0,0.0001531126424773
catpred,r_2323_ENZ_YKR067W,0.0,3.600849601304284e-05
catpred,r_2324_ENZ_YIL124W,0.0,0.000935925909543
catpred,r_2325_ENZ_YIL124W,0.0075063021415182,0.0087907707308083
catpred,r_2326_ENZ_YIL124W,0.0,0.0013741227499173
catpred,r_2327_ENZ_YIL124W,0.0,0.0001276238869747
catpred,r_2328_ENZ_YIL124W,0.0,5.180806391405185e-05
catpred,r_2329_ENZ_YIL124W,0.0,0.0005558939325716
catpred,r_2330_ENZ_YIL124W,0.0,0.0001531126424773
catpred,r_2331_ENZ_YIL124W,0.0,3.600849601304284e-05
catpred,r_2332_ENZ_YOR175C,0.0084797960888447,0.0088472209403771
catpred,r_2333_ENZ_YDL052C,0.0,5.662456415024813e-05
catpred,r_2333_ENZ_YOR175C,0.0,6.255920583567452e-05
catpred,r_2334_ENZ_YOR175C,0.0021552959440667,0.0029772687850566
catpred,r_2335_ENZ_YDL052C,0.0,0.0
catpred,r_2335_ENZ_YOR175C,0.005242770891194,0.0062865363076604
catpred,r_2336_ENZ_YOR175C,0.0019411203538607,0.0022579177930121
catpred,r_2337_ENZ_YDL052C,0.0,0.0001935722695993
catpred,r_2337_ENZ_YOR175C,0.0,0.0002597832858432
catpred,r_2338_ENZ_YOR175C,0.0,0.0001668361970829
catpred,r_2339_ENZ_YDL052C,0.0,5.467445135551611e-05
catpred,r_2339_ENZ_YOR175C,0.0,4.34152611770032e-05
catpred,r_2340_ENZ_YDL052C,0.0,5.475502777363988e-05
catpred,r_2340_ENZ_YKR089C,0.0,3.481534265729457e-05
catpred,r_2340_ENZ_YOR081C,0.0,3.481534266287866e-05
catpred,r_2341_ENZ_YDL052C,0.0,0.0005426459077664
catpred,r_2341_ENZ_YKR089C,0.0,8.157324856357395e-05
catpred,r_2341_ENZ_YOR081C,0.0,8.157324856357395e-05
catpred,r_2342_ENZ_YDL052C,0.0,0.0001935722727006
catpred,r_2342_ENZ_YKR089C,0.0,6.403050527656451e-05
catpred,r_2342_ENZ_YOR081C,0.0,6.252919370823909e-05
catpred,r_2343_ENZ_YDL052C,0.0,4.891291556857616e-05
catpred,r_2343_ENZ_YKR089C,0.0,2.847250354429901e-05
catpred,r_2343_ENZ_YOR081C,0.0,2.847250354429901e-05
catpred,r_2344_ENZ_YMR165C,0.0,0.0001023555997417
catpred,r_2345_ENZ_YMR165C,0.0,5.373426184185348e-05
catpred,r_2346_ENZ_YMR165C,0.0,0.0002324902890861
catpred,r_2347_ENZ_YMR165C,0.0,6.533043901764748e-05
catpred,r_2348_ENZ_YMR165C,0.0,8.60906356882486e-05
catpred,r_2349_ENZ_YMR165C,0.0,7.387859352068643e-05
catpred,r_2350_ENZ_YMR165C,0.0,7.38785935206869e-05
catpred,r_2351_ENZ_YMR165C,0.0,5.7634259611694105e-05
catpred,r_2352_ENZ_YDR284C,0.0,0.0
catpred,r_2353_ENZ_YDR284C,0.0,0.0
catpred,r_2354_ENZ_YDR284C,0.0,0.0
catpred,r_2355_ENZ_YDR284C,0.0,0.0
catpred,r_2356_ENZ_YDR284C,0.0,0.0
catpred,r_2357_ENZ_YDR284C,0.0,0.0
catpred,r_2358_ENZ_YDR284C,0.0,0.0
catpred,r_2359_ENZ_YDR284C,0.0,0.0
catpred,r_2360_ENZ_YDR503C,0.0,0.0001771423529332
catpred,r_2361_ENZ_YDR503C,0.0,7.626980484598533e-05
catpred,r_2362_ENZ_YDR503C,0.0021600701115933,0.0024793927963728
catpred,r_2363_ENZ_YDR503C,0.0,9.55509185156119e-05
catpred,r_2364_ENZ_YDR503C,0.0,0.00014149907576
catpred,r_2365_ENZ_YDR503C,0.0,7.731651737197254e-05
catpred,r_2366_ENZ_YDR503C,0.0,8.171575062831948e-05
catpred,r_2367_ENZ_YDR503C,0.0,0.0001074601423445
catpred,r_2368_ENZ_YCR048W,0.0,8.604921655776298e-05
catpred,r_2368_ENZ_YNR019W,0.0,9.800689204372976e-05
catpred,r_2368_ENZ_YOR245C,0.0,6.682950324908712e-05
catpred,r_2369_ENZ_YCR048W,0.0,7.065971087120439e-05
catpred,r_2369_ENZ_YNR019W,0.0,7.065971092405728e-05
catpred,r_2369_ENZ_YOR245C,0.0,5.206985084476429e-05
catpred,r_2370_ENZ_YCR048W,0.0,0.0003240123484616
catpred,r_2370_ENZ_YNR019W,0.0,0.0003240123484616
catpred,r_2370_ENZ_YOR245C,0.0,0.0003240123484616
catpred,r_2371_ENZ_YCR048W,0.0,0.000109746048657
catpred,r_2371_ENZ_YNR019W,0.0,0.0001707350686787
catpred,r_2371_ENZ_YOR245C,0.0,0.0001091332899612
catpred,r_2372_ENZ_YCR048W,0.0,0.0001097455308845
catpred,r_2372_ENZ_YNR019W,0.0,0.0001097456308955
catpred,r_2372_ENZ_YOR245C,0.0,0.0001098030001344
catpred,r_2373_ENZ_YCR048W,0.0,7.037115248163068e-05
catpred,r_2373_ENZ_YNR019W,0.0,7.94059704823209e-05
catpred,r_2373_ENZ_YOR245C,0.0,7.940597048232686e-05
catpred,r_2374_ENZ_YCR048W,0.0,0.0001326393220438
catpred,r_2374_ENZ_YNR019W,0.0,0.0001097466891702
catpred,r_2374_ENZ_YOR245C,0.0,0.0001097466891702
catpred,r_2375_ENZ_YCR048W,0.0,8.029428182974489e-05
catpred,r_2375_ENZ_YNR019W,0.0,8.848520985646588e-05
catpred,r_2375_ENZ_YOR245C,0.0,8.848520985647732e-05
catpred,r_2376_ENZ_YCR048W,0.0,0.0004243277706465
catpred,r_2376_ENZ_YNR019W,0.0,0.0017813478048779
catpred,r_2376_ENZ_YOR245C,0.0,0.0002813625299236
catpred,r_2377_ENZ_YCR048W,0.0,0.0025874300291373
catpred,r_2377_ENZ_YNR019W,0.0,0.0025874301293962
catpred,r_2377_ENZ_YOR245C,0.0,0.0025874300291373
catpred,r_2378_ENZ_YCR048W,0.0,0.0023976241321378
catpred,r_2378_ENZ_YNR019W,0.0,0.0008472679591408
catpred,r_2378_ENZ_YOR245C,0.0,0.0002387507162848
catpred,r_2379_ENZ_YCR048W,0.0,0.0025748427967825
catpred,r_2379_ENZ_YNR019W,0.0,0.0025748427967825
catpred,r_2379_ENZ_YOR245C,0.0,0.0025748427967825
catpred,r_2380_ENZ_YCR048W,0.0,0.0004217777206558
catpred,r_2380_ENZ_YNR019W,0.0,0.0008431575426114
catpred,r_2380_ENZ_YOR245C,0.0,0.0002223954312559
catpred,r_2381_ENZ_YCR048W,0.0,0.0025727315847879
catpred,r_2381_ENZ_YNR019W,0.0,0.0025681647315164
catpred,r_2381_ENZ_YOR245C,0.0,0.0025681643641691
catpred,r_2382_ENZ_YCR048W,0.0,0.002573611587705
catpred,r_2382_ENZ_YNR019W,0.0,0.0025947236835194
catpred,r_2382_ENZ_YOR245C,0.0,0.0025947236835194
catpred,r_2383_ENZ_YCR048W,0.0,0.0025743800018024
catpred,r_2383_ENZ_YNR019W,0.0,0.0025743800018024
catpred,r_2383_ENZ_YOR245C,0.0,0.0025748182909516
catpred,r_2384_ENZ_YCR048W,0.0,7.672619785234197e-05
catpred,r_2384_ENZ_YNR019W,0.0,0.000114422898412
catpred,r_2384_ENZ_YOR245C,0.0,6.215853889354263e-05
catpred,r_2385_ENZ_YCR048W,0.0,6.798296625856715e-05
catpred,r_2385_ENZ_YNR019W,0.0,7.472197729788436e-05
catpred,r_2385_ENZ_YOR245C,0.0,7.472197729789501e-05
catpred,r_2386_ENZ_YCR048W,0.0,0.0002861236510493
catpred,r_2386_ENZ_YNR019W,0.0,0.0002861236510493
catpred,r_2386_ENZ_YOR245C,0.0,0.0002861010109277
catpred,r_2387_ENZ_YCR048W,0.0,9.779526513253086e-05
catpred,r_2387_ENZ_YNR019W,0.0,9.779526513253329e-05
catpred,r_2387_ENZ_YOR245C,0.0,9.779526523196586e-05
catpred,r_2388_ENZ_YCR048W,0.0,7.138783244787559e-05
catpred,r_2388_ENZ_YNR019W,0.0,9.242072418936852e-05
catpred,r_2388_ENZ_YOR245C,0.0,5.802997800994757e-05
catpred,r_2389_ENZ_YCR048W,0.0,7.228897110841221e-05
catpred,r_2389_ENZ_YNR019W,0.0,8.126385430237918e-05
catpred,r_2389_ENZ_YOR245C,0.0,5.471134638700788e-05
catpred,r_2390_ENZ_YCR048W,0.0,9.779526575091943e-05
catpred,r_2390_ENZ_YNR019W,0.0,0.0001157286298028
catpred,r_2390_ENZ_YOR245C,0.0,0.0001157286297599
catpred,r_2391_ENZ_YCR048W,0.0,9.719785082016912e-05
catpred,r_2391_ENZ_YNR019W,0.0,9.719789067688934e-05
catpred,r_2391_ENZ_YOR245C,0.0,9.118655323735052e-05
catpred,r_2392_ENZ_YCR048W,0.0,0.0002140963455567
catpred,r_2392_ENZ_YNR019W,0.0,0.0002140963682933
catpred,r_2392_ENZ_YOR245C,0.0,0.0002140963455567
catpred,r_2393_ENZ_YCR048W,0.0,0.0002009276021498
catpred,r_2393_ENZ_YNR019W,0.0,0.0002060735337414
catpred,r_2393_ENZ_YOR245C,0.0,0.0002140946222734
catpred,r_2394_ENZ_YCR048W,0.0,0.0001308663363151
catpred,r_2394_ENZ_YNR019W,0.0,0.0001685924194316
catpred,r_2394_ENZ_YOR245C,0.0,0.0001030921109633
catpred,r_2395_ENZ_YCR048W,0.0,0.0001387340879365
catpred,r_2395_ENZ_YNR019W,0.0,0.0001612475782317
catpred,r_2395_ENZ_YOR245C,0.0,0.0001030924479675
catpred,r_2396_ENZ_YCR048W,0.0,0.0002142065176575
catpred,r_2396_ENZ_YNR019W,0.0,0.000214206517654
catpred,r_2396_ENZ_YOR245C,0.0,0.0002142065176975
catpred,r_2397_ENZ_YCR048W,0.0,0.0002059663655415
catpred,r_2397_ENZ_YNR019W,0.0,0.0002142044897805
catpred,r_2397_ENZ_YOR245C,0.0,0.0002142044898126
catpred,r_2398_ENZ_YCR048W,0.0,0.0001671289336795
catpred,r_2398_ENZ_YNR019W,0.0,0.0001685922750087
catpred,r_2398_ENZ_YOR245C,0.0,9.914153920275332e-05
catpred,r_2399_ENZ_YCR048W,0.0,0.0001342196706457
catpred,r_2399_ENZ_YNR019W,0.0,0.0001685923175769
catpred,r_2399_ENZ_YOR245C,0.0,0.0001030928422554
catpred,r_2400_ENZ_YOR245C,0.0,6.669210398395154e-05
catpred,r_2401_ENZ_YOR245C,0.0,6.89757835868499e-05
catpred,r_2402_ENZ_YOR245C,0.0,0.0003240102417152
catpred,r_2403_ENZ_YOR245C,0.0,0.0001230112709132
catpred,r_2404_ENZ_YOR245C,0.0,0.0001023839099496
catpred,r_2405_ENZ_YOR245C,0.0,5.152418116308416e-05
catpred,r_2406_ENZ_YOR245C,0.0,0.0001021635723317
catpred,r_2407_ENZ_YOR245C,0.0,5.4642650720960334e-05
catpred,r_2408_ENZ_YOR245C,0.0,0.0002085755465553
catpred,r_2409_ENZ_YOR245C,0.0,0.0025684310242701
catpred,r_2410_ENZ_YOR245C,0.0,0.0002222438511248
catpred,r_2411_ENZ_YOR245C,0.0,0.0026225071379857
catpred,r_2412_ENZ_YOR245C,0.0,0.0002222508022737
catpred,r_2413_ENZ_YOR245C,0.0,0.0025746425468631
catpred,r_2414_ENZ_YOR245C,0.0,0.0025743243783393
catpred,r_2415_ENZ_YOR245C,0.0,0.0025744795352659
catpred,r_2416_ENZ_YOR245C,0.0,6.219052631117884e-05
catpred,r_2417_ENZ_YOR245C,0.0,5.288337052667558e-05
catpred,r_2418_ENZ_YOR245C,0.0,0.0002861234471552
catpred,r_2419_ENZ_YOR245C,0.0,9.178220813737766e-05
catpred,r_2420_ENZ_YOR245C,0.0,5.802997733418428e-05
catpred,r_2421_ENZ_YOR245C,0.0,5.650156743512648e-05
catpred,r_2422_ENZ_YOR245C,0.0,9.173290799577184e-05
catpred,r_2423_ENZ_YOR245C,0.0,9.298600272623523e-05
catpred,r_2424_ENZ_YOR245C,0.0,0.0002142045350099
catpred,r_2425_ENZ_YOR245C,0.0,0.0002059633177707
catpred,r_2426_ENZ_YOR245C,0.0,0.000103145223236
catpred,r_2427_ENZ_YOR245C,0.0,9.680677627511088e-05
catpred,r_2428_ENZ_YOR245C,0.0,0.0002142047859836
catpred,r_2429_ENZ_YOR245C,0.0,0.0002059650808662
catpred,r_2430_ENZ_YOR245C,0.0,0.0001030911832163
catpred,r_2431_ENZ_YOR245C,0.0,0.0001030916172868
catpred,r_2432_ENZ_YBR029C_FWD,0.0084347060954256,0.008862625657613
catpred,r_2432_ENZ_YBR029C_REV,0.0,0.0
catpred,r_2433_ENZ_YBR029C_FWD,0.0,0.0004929778115089
catpred,r_2433_ENZ_YBR029C_REV,0.0,0.0
catpred,r_2434_ENZ_YBR029C_FWD,0.0018849727423973,0.0022723324291905
catpred,r_2434_ENZ_YBR029C_REV,0.0,0.0
catpred,r_2435_ENZ_YBR029C_FWD,0.0,0.0001393513677458
catpred,r_2435_ENZ_YBR029C_REV,0.0,0.0
catpred,r_2436_ENZ_YBR029C_FWD,0.0,5.3767817616662446e-05
catpred,r_2436_ENZ_YBR029C_REV,0.0,0.0
catpred,r_2437_ENZ_YBR029C_FWD,0.0055334994809228,0.0062562860531028
catpred,r_2437_ENZ_YBR029C_REV,0.0,0.0
catpred,r_2438_ENZ_YBR029C_FWD,0.0,0.0002777930662836
catpred,r_2438_ENZ_YBR029C_REV,0.0,0.0
catpred,r_2439_ENZ_YBR029C_FWD,0.0,4.786119946083837e-05
catpred,r_2439_ENZ_YBR029C_REV,0.0,0.0
catpred,r_2440_ENZ_YBR029C_FWD,0.0,5.236612253846657e-05
catpred,r_2440_ENZ_YBR029C_REV,0.0,0.0
catpred,r_2441_ENZ_YBR029C_FWD,0.0,4.839882122362064e-05
catpred,r_2441_ENZ_YBR029C_REV,0.0,0.0
catpred,r_2442_ENZ_YBR029C_FWD,0.0,7.128227348217011e-05
catpred,r_2442_ENZ_YBR029C_REV,0.0,0.0
catpred,r_2443_ENZ_YBR029C_FWD,0.0,3.492946546490572e-05
catpred,r_2443_ENZ_YBR029C_REV,0.0,0.0
catpred,r_2444_ENZ_YBR029C_FWD,0.0,2.9114375503289683e-05
catpred,r_2444_ENZ_YBR029C_REV,0.0,0.0
catpred,r_2445_ENZ_YBR029C_FWD,0.0,4.53616651381601e-05
catpred,r_2445_ENZ_YBR029C_REV,0.0,0.0
catpred,r_2446_ENZ_YER026C,0.006103029246683,0.0084998332481788
catpred,r_2447_ENZ_YER026C,0.0,9.286866418668322e-05
catpred,r_2448_ENZ_YER026C,0.0,0.0022818949583332
catpred,r_2449_ENZ_YER026C,0.0,0.00015542128524
catpred,r_2450_ENZ_YER026C,0.0,5.724503206157392e-05
catpred,r_2451_ENZ_YER026C,0.0055296557461127,0.0062756186869867
catpred,r_2452_ENZ_YER026C,0.0,0.0002662922723415
catpred,r_2453_ENZ_YER026C,0.0,3.6904074206407794e-05
catpred,r_2454_ENZ_YPR113W,0.0002211249811877,0.0024391890747115
catpred,r_2455_ENZ_YPR113W,0.0,0.0005107143740084
catpred,r_2456_ENZ_YPR113W,0.0,0.002065051658735
catpred,r_2457_ENZ_YPR113W,0.0,0.0001518329357666
catpred,r_2458_ENZ_YPR113W,0.0,5.37713080557352e-05
catpred,r_2459_ENZ_YPR113W,0.0,0.0002147972527203
catpred,r_2460_ENZ_YPR113W,0.0,9.37089957953828e-05
catpred,r_2461_ENZ_YPR113W,0.0,4.53729003232475e-05
catpred,r_2462_ENZ_YBR042C_FWD,0.0,0.0
catpred,r_2462_ENZ_YBR042C_REV,0.0,0.0
catpred,r_2463_ENZ_YBR042C_FWD,0.0,0.0
catpred,r_2463_ENZ_YBR042C_REV,0.0,0.0
catpred,r_2464_ENZ_YNL169C,0.0,0.0069025687849341
catpred,r_2465_ENZ_YNL169C,0.0,0.000102815028065
catpred,r_2466_ENZ_YNL169C,0.0,0.0013410340945195
catpred,r_2467_ENZ_YNL169C,0.0,0.0001458586795236
catpred,r_2468_ENZ_YNL169C,0.0,6.436094009825344e-05
catpred,r_2469_ENZ_YNL169C,0.0,0.0063332754057071
catpred,r_2470_ENZ_YNL169C,0.0,0.0002769478809165
catpred,r_2471_ENZ_YNL169C,0.0,4.684998805272314e-05
catpred,r_2472_ENZ_YGR170W,0.0,0.0001161075179783
catpred,r_2473_ENZ_YGR170W,0.0,4.319542746644391e-05
catpred,r_2474_ENZ_YGR170W,0.0,7.321220318974559e-05
catpred,r_2475_ENZ_YGR170W,0.0,5.060155253345548e-05
catpred,r_2476_ENZ_YGR170W,0.0,3.526612320955817e-05
catpred,r_2477_ENZ_YGR170W,0.0,0.0001482703174387
catpred,r_2478_ENZ_YGR170W,0.0,8.030515235066003e-05
catpred,r_2479_ENZ_YGR170W,0.0,2.984777452744073e-05
catpred,r_2480_ENZ_YGR170W,0.0,0.0068470351772179
catpred,r_2481_ENZ_YGR170W,0.0,6.983234847754991e-05
catpred,r_2482_ENZ_YGR170W,0.0,0.0003233612224946
catpred,r_2483_ENZ_YGR170W,0.0,0.0001015174638533
catpred,r_2484_ENZ_YGR170W,0.0,4.774463050831924e-05
catpred,r_2485_ENZ_YGR170W,0.0,0.0062754577711195
catpred,r_2486_ENZ_YGR170W,0.0,0.0002597901539219
catpred,r_2487_ENZ_YGR170W,0.0,4.702873545464636e-05
catpred,r_2488_ENZ_YGR157W,0.0,0.0068860910205229
catpred,r_2489_ENZ_YGR157W,0.0,0.0060647724053926
catpred,r_2490_ENZ_YGR157W,0.0,0.0007910619636857
catpred,r_2491_ENZ_YGR157W,0.0,0.0001720322769249
catpred,r_2492_ENZ_YGR157W,0.0,0.0068868492094135
catpred,r_2493_ENZ_YGR157W,0.0,0.0060056116097187
catpred,r_2494_ENZ_YGR157W,0.0,0.0007230794718979
catpred,r_2495_ENZ_YGR157W,0.0,0.0001232593995779
catpred,r_2496_ENZ_YJR073C,0.0,0.0068860910205229
catpred,r_2497_ENZ_YJR073C,0.0,0.0060647724053926
catpred,r_2498_ENZ_YJR073C,0.0,0.0007910619636857
catpred,r_2499_ENZ_YJR073C,0.0,0.0001720322769249
catpred,r_2500_ENZ_YJR073C,0.0,0.0068868492094135
catpred,r_2501_ENZ_YJR073C,0.0,0.0060056116097187
catpred,r_2502_ENZ_YJR073C,0.0,0.0007230794718979
catpred,r_2503_ENZ_YJR073C,0.0,0.0001232593995779
catpred,r_2504_ENZ_YJR073C,0.0,0.0068860910205229
catpred,r_2505_ENZ_YJR073C,0.0,0.0060647724053926
catpred,r_2506_ENZ_YJR073C,0.0,0.0007910619636857
catpred,r_2507_ENZ_YJR073C,0.0,0.0001720322769249
catpred,r_2508_ENZ_YJR073C,0.0,0.0068868492094135
catpred,r_2509_ENZ_YJR073C,0.0,0.0060056116097187
catpred,r_2510_ENZ_YJR073C,0.0,0.0007230794718979
catpred,r_2511_ENZ_YJR073C,0.0,0.0001232593995779
catpred,r_2512_ENZ_YOR311C,0.0,8.159136944740908e-05
catpred,r_2513_ENZ_YOR311C,0.0,8.184097809782465e-05
catpred,r_2514_ENZ_YOR311C,0.0,7.812288229658293e-05
catpred,r_2515_ENZ_YOR311C,0.0,0.0001468524233487
catpred,r_2516_ENZ_YOR311C,0.0,0.0001078121804773
catpred,r_2517_ENZ_YOR311C,0.0,8.435722025978976e-05
catpred,r_2518_ENZ_YOR311C,0.0,8.432802102733292e-05
catpred,r_2519_ENZ_YOR311C,0.0,8.437898691937562e-05
catpred,r_2520_ENZ_YHR123W,0.0,0.0
catpred,r_2521_ENZ_YHR123W,0.0,0.0
catpred,r_2522_ENZ_YHR123W,0.0,0.0
catpred,r_2523_ENZ_YHR123W,0.0,0.0
catpred,r_2524_ENZ_YHR123W,0.0,0.0
catpred,r_2525_ENZ_YHR123W,0.0,0.0
catpred,r_2526_ENZ_YHR123W,0.0,0.0
catpred,r_2527_ENZ_YHR123W,0.0,0.0
catpred,r_2528_ENZ_YHR123W,0.0,4.498020188444441e-05
catpred,r_2528_ENZ_YNL130C,0.0,4.8944337854373605e-05
catpred,r_2529_ENZ_YHR123W,0.0,4.92875782831815e-05
catpred,r_2529_ENZ_YNL130C,0.0,5.286428196819755e-05
catpred,r_2530_ENZ_YHR123W,0.0,4.314296380240431e-05
catpred,r_2530_ENZ_YNL130C,0.0,4.337104488908608e-05
catpred,r_2531_ENZ_YHR123W,0.0,3.720584655086959e-05
catpred,r_2531_ENZ_YNL130C,0.0,3.738832877834635e-05
catpred,r_2532_ENZ_YHR123W,0.0,4.487597518476605e-05
catpred,r_2532_ENZ_YNL130C,0.0,5.769573246272586e-05
catpred,r_2533_ENZ_YHR123W,0.0,4.189742471530863e-05
catpred,r_2533_ENZ_YNL130C,0.0,4.209782855183849e-05
catpred,r_2534_ENZ_YHR123W,0.0,3.539576547340051e-05
catpred,r_2534_ENZ_YNL130C,0.0,8.999060097990099e-05
catpred,r_2535_ENZ_YHR123W,0.0,5.102625714784292e-05
catpred,r_2535_ENZ_YNL130C,0.0,3.864637067585431e-05
catpred,r_2536_ENZ_YCL004W,0.0,5.2611397403613545e-05
catpred,r_2537_ENZ_YCL004W,0.0,4.932592991268634e-05
catpred,r_2538_ENZ_YCL004W,0.0,4.458069868308705e-05
catpred,r_2539_ENZ_YCL004W,0.0,3.493221369156129e-05
catpred,r_2540_ENZ_YCL004W,0.0,3.0265906923679835e-05
catpred,r_2541_ENZ_YCL004W,0.0,3.823222610046563e-05
catpred,r_2542_ENZ_YHR100C,0.0,5.2611397403613545e-05
catpred,r_2543_ENZ_YHR100C,0.0,4.932592991268634e-05
catpred,r_2544_ENZ_YHR100C,0.0,4.458069868308705e-05
catpred,r_2545_ENZ_YHR100C,0.0,3.493221369156129e-05
catpred,r_2546_ENZ_YHR100C,0.0,3.0265906923679835e-05
catpred,r_2547_ENZ_YHR100C,0.0,3.823222610046563e-05
catpred,r_2548_ENZ_YDL142C,0.0,0.0
catpred,r_2549_ENZ_YDL142C,0.0,0.0
catpred,r_2550_ENZ_YDL142C,0.0,0.0
catpred,r_2551_ENZ_YDL142C,0.0,0.0
catpred,r_2552_ENZ_YDL142C,0.0,0.0
catpred,r_2553_ENZ_YDL142C,0.0,0.0
catpred,r_2554_ENZ_YDL142C,0.0,0.0
catpred,r_2555_ENZ_YDL142C,0.0,0.0
catpred,r_2556_ENZ_YDL142C,0.0,0.0
catpred,r_2557_ENZ_YDL142C,0.0,0.0
catpred,r_2558_ENZ_YDL142C,0.0,0.0
catpred,r_2559_ENZ_YDL142C,0.0,0.0
catpred,r_2560_ENZ_YDL142C,0.0,0.0
catpred,r_2561_ENZ_YDL142C,0.0,0.0
catpred,r_2562_ENZ_YDL142C,0.0,0.0
catpred,r_2563_ENZ_YDL142C,0.0,0.0
catpred,r_2564_ENZ_YDL142C,0.0,0.0
catpred,r_2565_ENZ_YDL142C,0.0,0.0
catpred,r_2566_ENZ_YDL142C,0.0,0.0
catpred,r_2567_ENZ_YDL142C,0.0,0.0
catpred,r_2568_ENZ_YDL142C,0.0,0.0
catpred,r_2569_ENZ_YDL142C,0.0,0.0
catpred,r_2570_ENZ_YDL142C,0.0,0.0
catpred,r_2571_ENZ_YDL142C,0.0,0.0
catpred,r_2572_ENZ_YDL142C,0.0,0.0
catpred,r_2573_ENZ_YDL142C,0.0,0.0
catpred,r_2574_ENZ_YDL142C,0.0,0.0
catpred,r_2575_ENZ_YDL142C,0.0,0.0
catpred,r_2576_ENZ_YDL142C,0.0,0.0
catpred,r_2577_ENZ_YDL142C,0.0,0.0
catpred,r_2578_ENZ_YDL142C,0.0,0.0
catpred,r_2579_ENZ_YDL142C,0.0,0.0
catpred,r_2580_ENZ_YDL142C,0.0,0.0
catpred,r_2581_ENZ_YDL142C,0.0,0.0
catpred,r_2582_ENZ_YDL142C,0.0,0.0
catpred,r_2583_ENZ_YDL142C,0.0,0.0
catpred,r_2584_ENZ_YGR110W,0.0,0.0
catpred,r_2585_ENZ_YGR110W,0.0,0.0
catpred,r_2586_ENZ_YGR110W,0.0,0.0
catpred,r_2587_ENZ_YGR110W,0.0,0.0
catpred,r_2588_ENZ_YGR110W,0.0,0.0
catpred,r_2589_ENZ_YGR110W,0.0,0.0
catpred,r_2590_ENZ_YGR110W,0.0,0.0
catpred,r_2591_ENZ_YGR110W,0.0,0.0
catpred,r_2592_ENZ_YGR110W,0.0,0.0
catpred,r_2593_ENZ_YGR110W,0.0,0.0
catpred,r_2594_ENZ_YGR110W,0.0,0.0
catpred,r_2595_ENZ_YGR110W,0.0,0.0
catpred,r_2596_ENZ_YGR110W,0.0,0.0
catpred,r_2597_ENZ_YGR110W,0.0,0.0
catpred,r_2598_ENZ_YGR110W,0.0,0.0
catpred,r_2599_ENZ_YGR110W,0.0,0.0
catpred,r_2600_ENZ_YGR110W,0.0,0.0
catpred,r_2601_ENZ_YGR110W,0.0,0.0
catpred,r_2602_ENZ_YGR110W,0.0,0.0
catpred,r_2603_ENZ_YGR110W,0.0,0.0
catpred,r_2604_ENZ_YGR110W,0.0,0.0
catpred,r_2605_ENZ_YGR110W,0.0,0.0
catpred,r_2606_ENZ_YGR110W,0.0,0.0
catpred,r_2607_ENZ_YGR110W,0.0,0.0
catpred,r_2608_ENZ_YGR110W,0.0,0.0
catpred,r_2609_ENZ_YGR110W,0.0,0.0
catpred,r_2610_ENZ_YGR110W,0.0,0.0
catpred,r_2611_ENZ_YGR110W,0.0,0.0
catpred,r_2612_ENZ_YGR110W,0.0,0.0
catpred,r_2613_ENZ_YGR110W,0.0,0.0
catpred,r_2614_ENZ_YGR110W,0.0,0.0
catpred,r_2615_ENZ_YGR110W,0.0,0.0
catpred,r_2616_ENZ_YGR110W,0.0,0.0
catpred,r_2617_ENZ_YGR110W,0.0,0.0
catpred,r_2618_ENZ_YGR110W,0.0,0.0
catpred,r_2619_ENZ_YGR110W,0.0,0.0
catpred,r_2620_ENZ_YPR140W_FWD,0.0,1000.0
catpred,r_2620_ENZ_YPR140W_REV,0.0,1000.0
catpred,r_2621_ENZ_YPR140W_FWD,0.0,1000.0
catpred,r_2621_ENZ_YPR140W_REV,0.0,1000.0
catpred,r_2622_ENZ_YPR140W_FWD,0.0,1000.0
catpred,r_2622_ENZ_YPR140W_REV,0.0,1000.0
catpred,r_2623_ENZ_YPR140W_FWD,0.0,1000.0
catpred,r_2623_ENZ_YPR140W_REV,0.0,1000.0
catpred,r_2624_ENZ_YPR140W_FWD,0.0,1000.0
catpred,r_2624_ENZ_YPR140W_REV,0.0,1000.0
catpred,r_2625_ENZ_YPR140W_FWD,0.0,1000.0
catpred,r_2625_ENZ_YPR140W_REV,0.0,1000.0
catpred,r_2626_ENZ_YPR140W_FWD,0.0,1000.0
catpred,r_2626_ENZ_YPR140W_REV,0.0,1000.0
catpred,r_2627_ENZ_YPR140W_FWD,0.0,1000.0
catpred,r_2627_ENZ_YPR140W_REV,0.0,1000.0
catpred,r_2628_ENZ_YPR140W_FWD,0.0,1000.0
catpred,r_2628_ENZ_YPR140W_REV,0.0,1000.0
catpred,r_2629_ENZ_YPR140W_FWD,0.0,1000.0
catpred,r_2629_ENZ_YPR140W_REV,0.0,1000.0
catpred,r_2630_ENZ_YPR140W_FWD,0.0,1000.0
catpred,r_2630_ENZ_YPR140W_REV,0.0,1000.0
catpred,r_2631_ENZ_YPR140W_FWD,0.0,1000.0
catpred,r_2631_ENZ_YPR140W_REV,0.0,1000.0
catpred,r_2632_ENZ_YPR140W_FWD,0.0,1000.0
catpred,r_2632_ENZ_YPR140W_REV,0.0,1000.0
catpred,r_2633_ENZ_YPR140W_FWD,0.0,1000.0
catpred,r_2633_ENZ_YPR140W_REV,0.0,1000.0
catpred,r_2634_ENZ_YPR140W_FWD,0.0,1000.0
catpred,r_2634_ENZ_YPR140W_REV,0.0,1000.0
catpred,r_2635_ENZ_YPR140W_FWD,0.0,1000.0
catpred,r_2635_ENZ_YPR140W_REV,0.0,1000.0
catpred,r_2636_ENZ_YPR140W_FWD,0.0,1000.0
catpred,r_2636_ENZ_YPR140W_REV,0.0,1000.0
catpred,r_2637_ENZ_YPR140W_FWD,0.0,1000.0
catpred,r_2637_ENZ_YPR140W_REV,0.0,1000.0
catpred,r_2638_ENZ_YPR140W_FWD,0.0,1000.0
catpred,r_2638_ENZ_YPR140W_REV,0.0,1000.0
catpred,r_2639_ENZ_YPR140W_FWD,0.0,1000.0
catpred,r_2639_ENZ_YPR140W_REV,0.0,1000.0
catpred,r_2640_ENZ_YPR140W_FWD,0.0,1000.0
catpred,r_2640_ENZ_YPR140W_REV,0.0,1000.0
catpred,r_2641_ENZ_YPR140W_FWD,0.0,1000.0
catpred,r_2641_ENZ_YPR140W_REV,0.0,1000.0
catpred,r_2642_ENZ_YPR140W_FWD,0.0,1000.0
catpred,r_2642_ENZ_YPR140W_REV,0.0,1000.0
catpred,r_2643_ENZ_YPR140W_FWD,0.0,1000.0
catpred,r_2643_ENZ_YPR140W_REV,0.0,1000.0
catpred,r_2644_ENZ_YPR140W_FWD,0.0,1000.0
catpred,r_2644_ENZ_YPR140W_REV,0.0,1000.0
catpred,r_2645_ENZ_YPR140W_FWD,0.0,1000.0
catpred,r_2645_ENZ_YPR140W_REV,0.0,1000.0
catpred,r_2646_ENZ_YPR140W_FWD,0.0,1000.0
catpred,r_2646_ENZ_YPR140W_REV,0.0,1000.0
catpred,r_2647_ENZ_YPR140W_FWD,0.0,1000.0
catpred,r_2647_ENZ_YPR140W_REV,0.0,1000.0
catpred,r_2648_ENZ_YPR140W_FWD,0.0,1000.0
catpred,r_2648_ENZ_YPR140W_REV,0.0,1000.0
catpred,r_2649_ENZ_YPR140W_FWD,0.0,1000.0
catpred,r_2649_ENZ_YPR140W_REV,0.0,1000.0
catpred,r_2650_ENZ_YPR140W_FWD,0.0,1000.0
catpred,r_2650_ENZ_YPR140W_REV,0.0,1000.0
catpred,r_2651_ENZ_YPR140W_FWD,0.0,1000.0
catpred,r_2651_ENZ_YPR140W_REV,0.0,1000.0
catpred,r_2652_ENZ_YPR140W_FWD,0.0,1000.0
catpred,r_2652_ENZ_YPR140W_REV,0.0,1000.0
catpred,r_2653_ENZ_YPR140W_FWD,0.0,1000.0
catpred,r_2653_ENZ_YPR140W_REV,0.0,1000.0
catpred,r_2654_ENZ_YPR140W_FWD,0.0,1000.0
catpred,r_2654_ENZ_YPR140W_REV,0.0,1000.0
catpred,r_2655_ENZ_YPR140W_FWD,0.0,1000.0
catpred,r_2655_ENZ_YPR140W_REV,0.0,1000.0
catpred,r_2656_ENZ_YPR140W_FWD,0.0,1000.0
catpred,r_2656_ENZ_YPR140W_REV,0.0,1000.0
catpred,r_2657_ENZ_YPR140W_FWD,0.0,1000.0
catpred,r_2657_ENZ_YPR140W_REV,0.0,1000.0
catpred,r_2658_ENZ_YPR140W_FWD,0.0,1000.0
catpred,r_2658_ENZ_YPR140W_REV,0.0,1000.0
catpred,r_2659_ENZ_YPR140W_FWD,0.0,1000.0
catpred,r_2659_ENZ_YPR140W_REV,0.0,1000.0
catpred,r_2660_ENZ_YPR140W_FWD,0.0,1000.0
catpred,r_2660_ENZ_YPR140W_REV,0.0,1000.0
catpred,r_2661_ENZ_YPR140W_FWD,0.0,1000.0
catpred,r_2661_ENZ_YPR140W_REV,0.0,1000.0
catpred,r_2662_ENZ_YPR140W_FWD,0.0,1000.0
catpred,r_2662_ENZ_YPR140W_REV,0.0,1000.0
catpred,r_2663_ENZ_YPR140W_FWD,0.0,1000.0
catpred,r_2663_ENZ_YPR140W_REV,0.0,1000.0
catpred,r_2664_ENZ_YPR140W_FWD,0.0,1000.0
catpred,r_2664_ENZ_YPR140W_REV,0.0,1000.0
catpred,r_2665_ENZ_YPR140W_FWD,0.0,1000.0
catpred,r_2665_ENZ_YPR140W_REV,0.0,1000.0
catpred,r_2666_ENZ_YPR140W_FWD,0.0,1000.0
catpred,r_2666_ENZ_YPR140W_REV,0.0,1000.0
catpred,r_2667_ENZ_YPR140W_FWD,0.0,1000.0
catpred,r_2667_ENZ_YPR140W_REV,0.0,1000.0
catpred,r_2668_ENZ_YPR140W_FWD,0.0,1000.0
catpred,r_2668_ENZ_YPR140W_REV,0.0,1000.0
catpred,r_2669_ENZ_YPR140W_FWD,0.0,999.9995443384004
catpred,r_2669_ENZ_YPR140W_REV,0.0,1000.0
catpred,r_2670_ENZ_YPR140W_FWD,0.0,1000.0
catpred,r_2670_ENZ_YPR140W_REV,0.0,1000.0
catpred,r_2671_ENZ_YPR140W_FWD,0.0,1000.0
catpred,r_2671_ENZ_YPR140W_REV,0.0,1000.0
catpred,r_2672_ENZ_YPR140W_FWD,0.0,1000.0
catpred,r_2672_ENZ_YPR140W_REV,0.0,1000.0
catpred,r_2673_ENZ_YPR140W_FWD,0.0,1000.0
catpred,r_2673_ENZ_YPR140W_REV,0.0,1000.0
catpred,r_2674_ENZ_YPR140W_FWD,0.0,1000.0
catpred,r_2674_ENZ_YPR140W_REV,0.0,1000.0
catpred,r_2675_ENZ_YPR140W_FWD,0.0,1000.0
catpred,r_2675_ENZ_YPR140W_REV,0.0,1000.0
catpred,r_2676_ENZ_YPR140W_FWD,0.0,1000.0
catpred,r_2676_ENZ_YPR140W_REV,0.0,1000.0
catpred,r_2677_ENZ_YPR140W_FWD,0.0,1000.0
catpred,r_2677_ENZ_YPR140W_REV,0.0,1000.0
catpred,r_2678_ENZ_YPR140W_FWD,0.0,1000.0
catpred,r_2678_ENZ_YPR140W_REV,0.0,1000.0
catpred,r_2679_ENZ_YPR140W_FWD,0.0,1000.0
catpred,r_2679_ENZ_YPR140W_REV,0.0,1000.0
catpred,r_2680_ENZ_YPR140W_FWD,0.0,1000.0
catpred,r_2680_ENZ_YPR140W_REV,0.0,1000.0
catpred,r_2681_ENZ_YPR140W_FWD,0.0,1000.0
catpred,r_2681_ENZ_YPR140W_REV,0.0,1000.0
catpred,r_2682_ENZ_YPR140W_FWD,0.0,1000.0
catpred,r_2682_ENZ_YPR140W_REV,0.0,1000.0
catpred,r_2683_ENZ_YPR140W_FWD,0.0,1000.0
catpred,r_2683_ENZ_YPR140W_REV,0.0,1000.0
catpred,r_2684_ENZ_YPR140W_FWD,0.0,1000.0
catpred,r_2684_ENZ_YPR140W_REV,0.0,1000.0
catpred,r_2685_ENZ_YPR140W_FWD,0.0,1000.0
catpred,r_2685_ENZ_YPR140W_REV,0.0,1000.0
catpred,r_2686_ENZ_YPR140W_FWD,0.0,1000.0
catpred,r_2686_ENZ_YPR140W_REV,0.0,1000.0
catpred,r_2687_ENZ_YPR140W_FWD,0.0,1000.0
catpred,r_2687_ENZ_YPR140W_REV,0.0,1000.0
catpred,r_2688_ENZ_YPR140W_FWD,0.0,1000.0
catpred,r_2688_ENZ_YPR140W_REV,0.0,1000.0
catpred,r_2689_ENZ_YPR140W_FWD,0.0,1000.0
catpred,r_2689_ENZ_YPR140W_REV,0.0,1000.0
catpred,r_2690_ENZ_YPR140W_FWD,0.0,1000.0
catpred,r_2690_ENZ_YPR140W_REV,0.0,1000.0
catpred,r_2691_ENZ_YPR140W_FWD,0.0,1000.0
catpred,r_2691_ENZ_YPR140W_REV,0.0,1000.0
catpred,r_2692_ENZ_YPR140W_FWD,0.0,1000.0
catpred,r_2692_ENZ_YPR140W_REV,0.0,1000.0
catpred,r_2693_ENZ_YPR140W_FWD,0.0,1000.0
catpred,r_2693_ENZ_YPR140W_REV,0.0,1000.0
catpred,r_2694_ENZ_YPR140W_FWD,0.0,1000.0
catpred,r_2694_ENZ_YPR140W_REV,0.0,1000.0
catpred,r_2695_ENZ_YPR140W_FWD,0.0,1000.0
catpred,r_2695_ENZ_YPR140W_REV,0.0,1000.0
catpred,r_2696_ENZ_YPR140W_FWD,0.0,1000.0
catpred,r_2696_ENZ_YPR140W_REV,0.0,1000.0
catpred,r_2697_ENZ_YPR140W_FWD,0.0,1000.0
catpred,r_2697_ENZ_YPR140W_REV,0.0,1000.0
catpred,r_2698_ENZ_YPR140W_FWD,0.0,1000.0
catpred,r_2698_ENZ_YPR140W_REV,0.0,1000.0
catpred,r_2699_ENZ_YPR140W_FWD,0.0,1000.0
catpred,r_2699_ENZ_YPR140W_REV,0.0,1000.0
catpred,r_2700_ENZ_YPR140W_FWD,0.0,1000.0
catpred,r_2700_ENZ_YPR140W_REV,0.0,1000.0
catpred,r_2701_ENZ_YPR140W_FWD,0.0,1000.0
catpred,r_2701_ENZ_YPR140W_REV,0.0,1000.0
catpred,r_2702_ENZ_YPR140W_FWD,0.0,1000.0
catpred,r_2702_ENZ_YPR140W_REV,0.0,1000.0
catpred,r_2703_ENZ_YPR140W_FWD,0.0,1000.0
catpred,r_2703_ENZ_YPR140W_REV,0.0,1000.0
catpred,r_2704_ENZ_YPR140W_FWD,0.0,1000.0
catpred,r_2704_ENZ_YPR140W_REV,0.0,1000.0
catpred,r_2705_ENZ_YPR140W_FWD,0.0,1000.0
catpred,r_2705_ENZ_YPR140W_REV,0.0,1000.0
catpred,r_2706_ENZ_YPR140W_FWD,0.0,1000.0
catpred,r_2706_ENZ_YPR140W_REV,0.0,1000.0
catpred,r_2707_ENZ_YPR140W_FWD,0.0,1000.0
catpred,r_2707_ENZ_YPR140W_REV,0.0,1000.0
catpred,r_2708_ENZ_YPR140W_FWD,0.0,1000.0
catpred,r_2708_ENZ_YPR140W_REV,0.0,1000.0
catpred,r_2709_ENZ_YPR140W_FWD,0.0,1000.0
catpred,r_2709_ENZ_YPR140W_REV,0.0,1000.0
catpred,r_2710_ENZ_YPR140W_FWD,0.0,1000.0
catpred,r_2710_ENZ_YPR140W_REV,0.0,1000.0
catpred,r_2711_ENZ_YPR140W_FWD,0.0,1000.0
catpred,r_2711_ENZ_YPR140W_REV,0.0,1000.0
catpred,r_2712_ENZ_YPR140W_FWD,0.0,1000.0
catpred,r_2712_ENZ_YPR140W_REV,0.0,1000.0
catpred,r_2713_ENZ_YPR140W_FWD,0.0,1000.0
catpred,r_2713_ENZ_YPR140W_REV,0.0,1000.0
catpred,r_2714_ENZ_YPR140W_FWD,0.0,1000.0
catpred,r_2714_ENZ_YPR140W_REV,0.0,1000.0
catpred,r_2715_ENZ_YPR140W_FWD,0.0,1000.0
catpred,r_2715_ENZ_YPR140W_REV,0.0,1000.0
catpred,r_2716_ENZ_YPR140W_FWD,0.0,1000.0
catpred,r_2716_ENZ_YPR140W_REV,0.0,1000.0
catpred,r_2717_ENZ_YPR140W_FWD,0.0,1000.0
catpred,r_2717_ENZ_YPR140W_REV,0.0,1000.0
catpred,r_2718_ENZ_YPR140W_FWD,0.0,1000.0
catpred,r_2718_ENZ_YPR140W_REV,0.0,1000.0
catpred,r_2719_ENZ_YPR140W_FWD,0.0,1000.0
catpred,r_2719_ENZ_YPR140W_REV,0.0,1000.0
catpred,r_2720_ENZ_YPR140W_FWD,0.0,1000.0
catpred,r_2720_ENZ_YPR140W_REV,0.0,1000.0
catpred,r_2721_ENZ_YPR140W_FWD,0.0,1000.0
catpred,r_2721_ENZ_YPR140W_REV,0.0,1000.0
catpred,r_2722_ENZ_YPR140W_FWD,0.0,1000.0
catpred,r_2722_ENZ_YPR140W_REV,0.0,1000.0
catpred,r_2723_ENZ_YPR140W_FWD,0.0,1000.0
catpred,r_2723_ENZ_YPR140W_REV,0.0,1000.0
catpred,r_2724_ENZ_YPR140W_FWD,0.0,1000.0
catpred,r_2724_ENZ_YPR140W_REV,0.0,1000.0
catpred,r_2725_ENZ_YPR140W_FWD,0.0,1000.0
catpred,r_2725_ENZ_YPR140W_REV,0.0,1000.0
catpred,r_2726_ENZ_YPR140W_FWD,0.0,1000.0
catpred,r_2726_ENZ_YPR140W_REV,0.0,1000.0
catpred,r_2727_ENZ_YPR140W_FWD,0.0,1000.0
catpred,r_2727_ENZ_YPR140W_REV,0.0,1000.0
catpred,r_2728_ENZ_YPR140W_FWD,0.0,1000.0
catpred,r_2728_ENZ_YPR140W_REV,0.0,1000.0
catpred,r_2729_ENZ_YPR140W_FWD,0.0,1000.0
catpred,r_2729_ENZ_YPR140W_REV,0.0,1000.0
catpred,r_2730_ENZ_YPR140W_FWD,0.0,1000.0
catpred,r_2730_ENZ_YPR140W_REV,0.0,1000.0
catpred,r_2731_ENZ_YPR140W_FWD,0.0,1000.0
catpred,r_2731_ENZ_YPR140W_REV,0.0,1000.0
catpred,r_2732_ENZ_YPR140W_FWD,0.0,1000.0
catpred,r_2732_ENZ_YPR140W_REV,0.0,1000.0
catpred,r_2733_ENZ_YPR140W_FWD,0.0,1000.0
catpred,r_2733_ENZ_YPR140W_REV,0.0,1000.0
catpred,r_2734_ENZ_YPR140W_FWD,0.0,1000.0
catpred,r_2734_ENZ_YPR140W_REV,0.0,1000.0
catpred,r_2735_ENZ_YPR140W_FWD,0.0,1000.0
catpred,r_2735_ENZ_YPR140W_REV,0.0,1000.0
catpred,r_2736_ENZ_YPR140W_FWD,0.0,1000.0
catpred,r_2736_ENZ_YPR140W_REV,0.0,1000.0
catpred,r_2737_ENZ_YPR140W_FWD,0.0,1000.0
catpred,r_2737_ENZ_YPR140W_REV,0.0,1000.0
catpred,r_2738_ENZ_YPR140W_FWD,0.0,1000.0
catpred,r_2738_ENZ_YPR140W_REV,0.0,1000.0
catpred,r_2739_ENZ_YPR140W_FWD,0.0,1000.0
catpred,r_2739_ENZ_YPR140W_REV,0.0,1000.0
catpred,r_2740_ENZ_YPR140W_FWD,0.0,1000.0
catpred,r_2740_ENZ_YPR140W_REV,0.0,1000.0
catpred,r_2741_ENZ_YPR140W_FWD,0.0,1000.0
catpred,r_2741_ENZ_YPR140W_REV,0.0,1000.0
catpred,r_2742_ENZ_YPR140W_FWD,0.0,1000.0
catpred,r_2742_ENZ_YPR140W_REV,0.0,1000.0
catpred,r_2743_ENZ_YPR140W_FWD,0.0,1000.0
catpred,r_2743_ENZ_YPR140W_REV,0.0,1000.0
catpred,r_2744_ENZ_YPR140W_FWD,0.0,1000.0
catpred,r_2744_ENZ_YPR140W_REV,0.0,1000.0
catpred,r_2745_ENZ_YPR140W_FWD,0.0,1000.0
catpred,r_2745_ENZ_YPR140W_REV,0.0,1000.0
catpred,r_2746_ENZ_YPR140W_FWD,0.0,1000.0
catpred,r_2746_ENZ_YPR140W_REV,0.0,1000.0
catpred,r_2747_ENZ_YPR140W_FWD,0.0,1000.0
catpred,r_2747_ENZ_YPR140W_REV,0.0,1000.0
catpred,r_2748_ENZ_YPR140W_FWD,0.0,1000.0
catpred,r_2748_ENZ_YPR140W_REV,0.0,1000.0
catpred,r_2749_ENZ_YPR140W_FWD,0.0,1000.0
catpred,r_2749_ENZ_YPR140W_REV,0.0,1000.0
catpred,r_2750_ENZ_YPR140W_FWD,0.0,1000.0
catpred,r_2750_ENZ_YPR140W_REV,0.0,1000.0
catpred,r_2751_ENZ_YPR140W_FWD,0.0,1000.0
catpred,r_2751_ENZ_YPR140W_REV,0.0,1000.0
catpred,r_2752_ENZ_YPR140W_FWD,0.0,1000.0
catpred,r_2752_ENZ_YPR140W_REV,0.0,1000.0
catpred,r_2753_ENZ_YPR140W_FWD,0.0,1000.0
catpred,r_2753_ENZ_YPR140W_REV,0.0,1000.0
catpred,r_2754_ENZ_YPR140W_FWD,0.0,1000.0
catpred,r_2754_ENZ_YPR140W_REV,0.0,1000.0
catpred,r_2755_ENZ_YPR140W_FWD,0.0,1000.0
catpred,r_2755_ENZ_YPR140W_REV,0.0,1000.0
catpred,r_2756_ENZ_YPR140W_FWD,0.0,1000.0
catpred,r_2756_ENZ_YPR140W_REV,0.0,1000.0
catpred,r_2757_ENZ_YPR140W_FWD,0.0,1000.0
catpred,r_2757_ENZ_YPR140W_REV,0.0,1000.0
catpred,r_2758_ENZ_YPR140W_FWD,0.0,1000.0
catpred,r_2758_ENZ_YPR140W_REV,0.0,1000.0
catpred,r_2759_ENZ_YPR140W_FWD,0.0,1000.0
catpred,r_2759_ENZ_YPR140W_REV,0.0,1000.0
catpred,r_2760_ENZ_YPR140W_FWD,0.0,1000.0
catpred,r_2760_ENZ_YPR140W_REV,0.0,1000.0
catpred,r_2761_ENZ_YPR140W_FWD,0.0,1000.0
catpred,r_2761_ENZ_YPR140W_REV,0.0,1000.0
catpred,r_2762_ENZ_YPR140W_FWD,0.0,1000.0
catpred,r_2762_ENZ_YPR140W_REV,0.0,1000.0
catpred,r_2763_ENZ_YPR140W_FWD,0.0,1000.0
catpred,r_2763_ENZ_YPR140W_REV,0.0,1000.0
catpred,r_2764_ENZ_YPR140W_FWD,0.0,1000.0
catpred,r_2764_ENZ_YPR140W_REV,0.0,1000.0
catpred,r_2765_ENZ_YPR140W_FWD,0.0,1000.0
catpred,r_2765_ENZ_YPR140W_REV,0.0,1000.0
catpred,r_2766_ENZ_YPR140W_FWD,0.0,1000.0
catpred,r_2766_ENZ_YPR140W_REV,0.0,1000.0
catpred,r_2767_ENZ_YPR140W_FWD,0.0,1000.0
catpred,r_2767_ENZ_YPR140W_REV,0.0,1000.0
catpred,r_2768_ENZ_YPR140W_FWD,0.0,1000.0
catpred,r_2768_ENZ_YPR140W_REV,0.0,1000.0
catpred,r_2769_ENZ_YPR140W_FWD,0.0,1000.0
catpred,r_2769_ENZ_YPR140W_REV,0.0,1000.0
catpred,r_2770_ENZ_YPR140W_FWD,0.0,1000.0
catpred,r_2770_ENZ_YPR140W_REV,0.0,1000.0
catpred,r_2771_ENZ_YPR140W_FWD,0.0,1000.0
catpred,r_2771_ENZ_YPR140W_REV,0.0,1000.0
catpred,r_2772_ENZ_YPR140W_FWD,0.0,1000.0
catpred,r_2772_ENZ_YPR140W_REV,0.0,1000.0
catpred,r_2773_ENZ_YPR140W_FWD,0.0,1000.0
catpred,r_2773_ENZ_YPR140W_REV,0.0,1000.0
catpred,r_2774_ENZ_YPR140W_FWD,0.0,1000.0
catpred,r_2774_ENZ_YPR140W_REV,0.0,1000.0
catpred,r_2775_ENZ_YPR140W_FWD,0.0,1000.0
catpred,r_2775_ENZ_YPR140W_REV,0.0,1000.0
catpred,r_2776_ENZ_YPR140W_FWD,0.0,1000.0
catpred,r_2776_ENZ_YPR140W_REV,0.0,1000.0
catpred,r_2777_ENZ_YPR140W_FWD,0.0,1000.0
catpred,r_2777_ENZ_YPR140W_REV,0.0,1000.0
catpred,r_2778_ENZ_YPR140W_FWD,0.0,1000.0
catpred,r_2778_ENZ_YPR140W_REV,0.0,1000.0
catpred,r_2779_ENZ_YPR140W_FWD,0.0,1000.0
catpred,r_2779_ENZ_YPR140W_REV,0.0,1000.0
catpred,r_2780_ENZ_YPR140W_FWD,0.0,1000.0
catpred,r_2780_ENZ_YPR140W_REV,0.0,1000.0
catpred,r_2781_ENZ_YPR140W_FWD,0.0,1000.0
catpred,r_2781_ENZ_YPR140W_REV,0.0,1000.0
catpred,r_2782_ENZ_YPR140W_FWD,0.0,1000.0
catpred,r_2782_ENZ_YPR140W_REV,0.0,1000.0
catpred,r_2783_ENZ_YPR140W_FWD,0.0,1000.0
catpred,r_2783_ENZ_YPR140W_REV,0.0,1000.0
catpred,r_2784_ENZ_YPR140W_FWD,0.0,1000.0
catpred,r_2784_ENZ_YPR140W_REV,0.0,1000.0
catpred,r_2785_ENZ_YPR140W_FWD,0.0,1000.0
catpred,r_2785_ENZ_YPR140W_REV,0.0,1000.0
catpred,r_2786_ENZ_YPR140W_FWD,0.0,1000.0
catpred,r_2786_ENZ_YPR140W_REV,0.0,1000.0
catpred,r_2787_ENZ_YPR140W_FWD,0.0,1000.0
catpred,r_2787_ENZ_YPR140W_REV,0.0,1000.0
catpred,r_2788_ENZ_YPR140W_FWD,0.0,1000.0
catpred,r_2788_ENZ_YPR140W_REV,0.0,1000.0
catpred,r_2789_ENZ_YPR140W_FWD,0.0,1000.0
catpred,r_2789_ENZ_YPR140W_REV,0.0,1000.0
catpred,r_2790_ENZ_YPR140W_FWD,0.0,1000.0
catpred,r_2790_ENZ_YPR140W_REV,0.0,1000.0
catpred,r_2791_ENZ_YPR140W_FWD,0.0,1000.0
catpred,r_2791_ENZ_YPR140W_REV,0.0,1000.0
catpred,r_2792_ENZ_YPR140W_FWD,0.0,1000.0
catpred,r_2792_ENZ_YPR140W_REV,0.0,1000.0
catpred,r_2793_ENZ_YPR140W_FWD,0.0,1000.0
catpred,r_2793_ENZ_YPR140W_REV,0.0,1000.0
catpred,r_2794_ENZ_YPR140W_FWD,0.0,1000.0
catpred,r_2794_ENZ_YPR140W_REV,0.0,1000.0
catpred,r_2795_ENZ_YPR140W_FWD,0.0,1000.0
catpred,r_2795_ENZ_YPR140W_REV,0.0,1000.0
catpred,r_2796_ENZ_YPR140W_FWD,0.0,1000.0
catpred,r_2796_ENZ_YPR140W_REV,0.0,1000.0
catpred,r_2797_ENZ_YPR140W_FWD,0.0,1000.0
catpred,r_2797_ENZ_YPR140W_REV,0.0,1000.0
catpred,r_2798_ENZ_YPR140W_FWD,0.0,1000.0
catpred,r_2798_ENZ_YPR140W_REV,0.0,1000.0
catpred,r_2799_ENZ_YPR140W_FWD,0.0,1000.0
catpred,r_2799_ENZ_YPR140W_REV,0.0,1000.0
catpred,r_2800_ENZ_YPR140W_FWD,0.0,1000.0
catpred,r_2800_ENZ_YPR140W_REV,0.0,1000.0
catpred,r_2801_ENZ_YPR140W_FWD,0.0,1000.0
catpred,r_2801_ENZ_YPR140W_REV,0.0,1000.0
catpred,r_2802_ENZ_YPR140W_FWD,0.0,1000.0
catpred,r_2802_ENZ_YPR140W_REV,0.0,1000.0
catpred,r_2803_ENZ_YPR140W_FWD,0.0,1000.0
catpred,r_2803_ENZ_YPR140W_REV,0.0,1000.0
catpred,r_2804_ENZ_YPR140W_FWD,0.0,1000.0
catpred,r_2804_ENZ_YPR140W_REV,0.0,1000.0
catpred,r_2805_ENZ_YPR140W_FWD,0.0,1000.0
catpred,r_2805_ENZ_YPR140W_REV,0.0,1000.0
catpred,r_2806_ENZ_YPR140W_FWD,0.0,1000.0
catpred,r_2806_ENZ_YPR140W_REV,0.0,1000.0
catpred,r_2807_ENZ_YPR140W_FWD,0.0,1000.0
catpred,r_2807_ENZ_YPR140W_REV,0.0,1000.0
catpred,r_2808_ENZ_YPR140W_FWD,0.0,1000.0
catpred,r_2808_ENZ_YPR140W_REV,0.0,1000.0
catpred,r_2809_ENZ_YPR140W_FWD,0.0,1000.0
catpred,r_2809_ENZ_YPR140W_REV,0.0,1000.0
catpred,r_2810_ENZ_YPR140W_FWD,0.0,1000.0
catpred,r_2810_ENZ_YPR140W_REV,0.0,1000.0
catpred,r_2811_ENZ_YPR140W_FWD,0.0,1000.0
catpred,r_2811_ENZ_YPR140W_REV,0.0,1000.0
catpred,r_2812,0.0,0.0
catpred,r_2813,0.0,0.0
catpred,r_2814,0.0,0.0
catpred,r_2815,0.0,0.0
catpred,r_2816,0.0,0.0
catpred,r_2817,0.0,0.0
catpred,r_2818,0.0,0.0
catpred,r_2819,0.0,0.0
catpred,r_2820_ENZ_YJL100W,0.0,0.0002915359129893
catpred,r_2820_ENZ_YLR305C,0.0,0.0002298341179383
catpred,r_2821_ENZ_YJL100W,0.0,0.0002298188735118
catpred,r_2821_ENZ_YLR305C,0.0,0.0002297696396058
catpred,r_2822_ENZ_YJL100W,0.0,0.0002663397059511
catpred,r_2822_ENZ_YLR305C,0.0,0.000223074666894
catpred,r_2823_ENZ_YJL100W,0.0,0.0002210855963707
catpred,r_2823_ENZ_YLR305C,0.0,0.0002156806653452
catpred,r_2824_ENZ_YJL100W,0.0,0.0002230753699764
catpred,r_2824_ENZ_YLR305C,0.0,0.0002298173299725
catpred,r_2825_ENZ_YJL100W,0.0,0.0002285321728854
catpred,r_2825_ENZ_YLR305C,0.0,0.0002285321699864
catpred,r_2826_ENZ_YJL100W,0.0,8.916867072417123e-05
catpred,r_2826_ENZ_YLR305C,0.0,6.640770739085866e-05
catpred,r_2827_ENZ_YJL100W,0.0,0.0002425505511602
catpred,r_2827_ENZ_YLR305C,0.0,0.0002425505511602
catpred,r_2828_ENZ_YJL100W,0.0,0.0
catpred,r_2829_ENZ_YJL100W,0.0,0.0
catpred,r_2830_ENZ_YJL100W,0.0,0.0
catpred,r_2831_ENZ_YJL100W,0.0,0.0
catpred,r_2832_ENZ_YJL100W,0.0,0.0
catpred,r_2833_ENZ_YJL100W,0.0,0.0
catpred,r_2834_ENZ_YJL100W,0.0,0.0
catpred,r_2835_ENZ_YJL100W,0.0,0.0
catpred,r_2836_ENZ_YDR373W_and_YNL267W,0.0,0.0002137775305808
catpred,r_2837_ENZ_YDR373W_and_YNL267W,0.0,0.0002344285491453
catpred,r_2838_ENZ_YDR373W_and_YNL267W,0.0,0.0002347235022122
catpred,r_2839_ENZ_YDR373W_and_YNL267W,0.0,0.0002347659036092
catpred,r_2840_ENZ_YDR373W_and_YNL267W,0.0,0.0002347659036092
catpred,r_2841_ENZ_YDR373W_and_YNL267W,0.0,0.0002347659036092
catpred,r_2842_ENZ_YDR373W_and_YNL267W,0.0,9.01300000339944e-05
catpred,r_2843_ENZ_YDR373W_and_YNL267W,0.0,0.0002159713742244
catpred,r_2844_ENZ_YNL267W,0.0,0.0001079011542423
catpred,r_2845_ENZ_YNL267W,0.0,0.000110543902986
catpred,r_2846_ENZ_YNL267W,0.0,0.0001457679568162
catpred,r_2847_ENZ_YNL267W,0.0,0.0001447720202952
catpred,r_2848_ENZ_YNL267W,0.0,0.0001293113657017
catpred,r_2849_ENZ_YNL267W,0.0,0.0001286975929046
catpred,r_2850_ENZ_YNL267W,0.0,5.839876719537784e-05
catpred,r_2851_ENZ_YNL267W,0.0,0.0001457679563756
catpred,r_2852_ENZ_YBR097W_and_YLR240W,0.0,0.0002706034345791
catpred,r_2852_ENZ_YBR097W_and_YLR240W_and_YBR128C_and_YPL120W_and_YLR211C,0.0,0.0002298187638682
catpred,r_2852_ENZ_YBR097W_and_YLR240W_and_YPL120W_and_YLR360W,0.0,0.0002211074360514
catpred,r_2853_ENZ_YBR097W_and_YLR240W,0.0,0.0002211132550709
catpred,r_2853_ENZ_YBR097W_and_YLR240W_and_YBR128C_and_YPL120W_and_YLR211C,0.0,0.0002298214069316
catpred,r_2853_ENZ_YBR097W_and_YLR240W_and_YPL120W_and_YLR360W,0.0,0.0002298214071334
catpred,r_2854_ENZ_YBR097W_and_YLR240W,0.0,0.0002298214070371
catpred,r_2854_ENZ_YBR097W_and_YLR240W_and_YBR128C_and_YPL120W_and_YLR211C,0.0,0.0002298211397473
catpred,r_2854_ENZ_YBR097W_and_YLR240W_and_YPL120W_and_YLR360W,0.0,0.0002298211397455
catpred,r_2855_ENZ_YBR097W_and_YLR240W,0.0,0.0002298480244761
catpred,r_2855_ENZ_YBR097W_and_YLR240W_and_YBR128C_and_YPL120W_and_YLR211C,0.0,0.0002298378162217
catpred,r_2855_ENZ_YBR097W_and_YLR240W_and_YPL120W_and_YLR360W,0.0,0.0002298480244761
catpred,r_2856_ENZ_YBR097W_and_YLR240W,0.0,0.0002876234978224
catpred,r_2856_ENZ_YBR097W_and_YLR240W_and_YBR128C_and_YPL120W_and_YLR211C,0.0,0.0002298355457247
catpred,r_2856_ENZ_YBR097W_and_YLR240W_and_YPL120W_and_YLR360W,0.0,0.0002298355457313
catpred,r_2857_ENZ_YBR097W_and_YLR240W,0.0,0.0002297385799686
catpred,r_2857_ENZ_YBR097W_and_YLR240W_and_YBR128C_and_YPL120W_and_YLR211C,0.0,0.0002299065592793
catpred,r_2857_ENZ_YBR097W_and_YLR240W_and_YPL120W_and_YLR360W,0.0,0.0002298087252214
catpred,r_2858_ENZ_YBR097W_and_YLR240W,0.0,7.21487048402092e-05
catpred,r_2858_ENZ_YBR097W_and_YLR240W_and_YBR128C_and_YPL120W_and_YLR211C,0.0,3.345198210080724e-05
catpred,r_2858_ENZ_YBR097W_and_YLR240W_and_YPL120W_and_YLR360W,0.0,3.3451924558391966e-05
catpred,r_2859_ENZ_YBR097W_and_YLR240W,0.0,8.3149247257575e-05
catpred,r_2859_ENZ_YBR097W_and_YLR240W_and_YBR128C_and_YPL120W_and_YLR211C,0.0,5.614074805992964e-05
catpred,r_2859_ENZ_YBR097W_and_YLR240W_and_YPL120W_and_YLR360W,0.0,7.057276100042031e-05
catpred,r_2860_ENZ_YDR208W,0.0,0.0001105428098142
catpred,r_2861_ENZ_YDR208W,0.0,0.0001149069947562
catpred,r_2862_ENZ_YDR208W,0.0,0.0001149104804616
catpred,r_2863_ENZ_YDR208W,0.0,0.0001105499007028
catpred,r_2864_ENZ_YDR208W,0.0,0.0001149083112821
catpred,r_2865_ENZ_YDR208W,0.0,0.0001142662288872
catpred,r_2866_ENZ_YDR208W,0.0,4.9596589715150685e-05
catpred,r_2867_ENZ_YDR208W,0.0,0.0001149093993682
catpred,r_2868_ENZ_YDR208W,0.0,0.0002298166607097
catpred,r_2869_ENZ_YDR208W,0.0,0.0002300254000507
catpred,r_2870_ENZ_YDR208W,0.0,0.000229816139232
catpred,r_2871_ENZ_YDR208W,0.0,0.0002285434782223
catpred,r_2872_ENZ_YDR208W,0.0,0.0003906922860892
catpred,r_2873_ENZ_YDR208W,0.0,0.000293565124904
catpred,r_2874_ENZ_YDR208W,0.0,0.0001094475368628
catpred,r_2875_ENZ_YDR208W,0.0,0.0002298329945432
catpred,r_2876_ENZ_YFR019W,0.0,0.0001287181706732
catpred,r_2877_ENZ_YFR019W,0.0,0.0001350719783097
catpred,r_2878_ENZ_YFR019W,0.0,0.0001310008819662
catpred,r_2879_ENZ_YFR019W,0.0,0.0001212987561141
catpred,r_2880_ENZ_YFR019W,0.0,0.0001219621988208
catpred,r_2881_ENZ_YFR019W,0.0,0.0001173380897725
catpred,r_2882_ENZ_YFR019W,0.0,0.0001173380896761
catpred,r_2883_ENZ_YFR019W,0.0,0.0001173327425432
catpred,r_2884_ENZ_YNR008W_FWD,0.0,1000.0
catpred,r_2884_ENZ_YNR008W_REV,0.0,1000.0
catpred,r_2885_ENZ_YNR008W_FWD,0.0,999.999544338519
catpred,r_2885_ENZ_YNR008W_REV,0.0,1000.0
catpred,r_2886_ENZ_YNR008W_FWD,0.0,1000.0
catpred,r_2886_ENZ_YNR008W_REV,0.0,1000.0
catpred,r_2887_ENZ_YNR008W_FWD,0.0,1000.0
catpred,r_2887_ENZ_YNR008W_REV,0.0,1000.0
catpred,r_2888_ENZ_YNR008W_FWD,0.0,1000.0
catpred,r_2888_ENZ_YNR008W_REV,0.0,1000.0
catpred,r_2889_ENZ_YNR008W_FWD,0.0,1000.0
catpred,r_2889_ENZ_YNR008W_REV,0.0,1000.0
catpred,r_2890_ENZ_YNR008W_FWD,0.0,1000.0
catpred,r_2890_ENZ_YNR008W_REV,0.0,1000.0
catpred,r_2891_ENZ_YNR008W_FWD,0.0,1000.0
catpred,r_2891_ENZ_YNR008W_REV,0.0,1000.0
catpred,r_2892_ENZ_YNR008W_FWD,0.0,1000.0
catpred,r_2892_ENZ_YNR008W_REV,0.0,1000.0
catpred,r_2893_ENZ_YNR008W_FWD,0.0,999.9995443384612
catpred,r_2893_ENZ_YNR008W_REV,0.0,1000.0
catpred,r_2894_ENZ_YNR008W_FWD,0.0,1000.0
catpred,r_2894_ENZ_YNR008W_REV,0.0,1000.0
catpred,r_2895_ENZ_YNR008W_FWD,0.0,1000.0
catpred,r_2895_ENZ_YNR008W_REV,0.0,1000.0
catpred,r_2896_ENZ_YNR008W_FWD,0.0,1000.0
catpred,r_2896_ENZ_YNR008W_REV,0.0,1000.0
catpred,r_2897_ENZ_YNR008W_FWD,0.0,1000.0
catpred,r_2897_ENZ_YNR008W_REV,0.0,1000.0
catpred,r_2898_ENZ_YNR008W_FWD,0.0,1000.0
catpred,r_2898_ENZ_YNR008W_REV,0.0,1000.0
catpred,r_2899_ENZ_YNR008W_FWD,0.0,1000.0
catpred,r_2899_ENZ_YNR008W_REV,0.0,1000.0
catpred,r_2900_ENZ_YNR008W_FWD,0.0,1000.0
catpred,r_2900_ENZ_YNR008W_REV,0.0,1000.0
catpred,r_2901_ENZ_YNR008W_FWD,0.0,1000.0
catpred,r_2901_ENZ_YNR008W_REV,0.0,1000.0
catpred,r_2902_ENZ_YNR008W_FWD,0.0,1000.0
catpred,r_2902_ENZ_YNR008W_REV,0.0,1000.0
catpred,r_2903_ENZ_YNR008W_FWD,0.0,1000.0
catpred,r_2903_ENZ_YNR008W_REV,0.0,1000.0
catpred,r_2904_ENZ_YNR008W_FWD,0.0,1000.0
catpred,r_2904_ENZ_YNR008W_REV,0.0,1000.0
catpred,r_2905_ENZ_YNR008W_FWD,0.0,1000.0
catpred,r_2905_ENZ_YNR008W_REV,0.0,1000.0
catpred,r_2906_ENZ_YNR008W_FWD,0.0,1000.0
catpred,r_2906_ENZ_YNR008W_REV,0.0,1000.0
catpred,r_2907_ENZ_YNR008W_FWD,0.0,1000.0
catpred,r_2907_ENZ_YNR008W_REV,0.0,1000.0
catpred,r_2908_ENZ_YNR008W_FWD,0.0,1000.0
catpred,r_2908_ENZ_YNR008W_REV,0.0,1000.0
catpred,r_2909_ENZ_YNR008W_FWD,0.0,1000.0
catpred,r_2909_ENZ_YNR008W_REV,0.0,1000.0
catpred,r_2910_ENZ_YNR008W_FWD,0.0,1000.0
catpred,r_2910_ENZ_YNR008W_REV,0.0,1000.0
catpred,r_2911_ENZ_YNR008W_FWD,0.0,999.99785267221
catpred,r_2911_ENZ_YNR008W_REV,0.0,1000.0
catpred,r_2912_ENZ_YNR008W_FWD,0.0,1000.0
catpred,r_2912_ENZ_YNR008W_REV,0.0,1000.0
catpred,r_2913_ENZ_YNR008W_FWD,0.0,1000.0
catpred,r_2913_ENZ_YNR008W_REV,0.0,1000.0
catpred,r_2914_ENZ_YNR008W_FWD,0.0,1000.0
catpred,r_2914_ENZ_YNR008W_REV,0.0,1000.0
catpred,r_2915_ENZ_YNR008W_FWD,0.0,1000.0
catpred,r_2915_ENZ_YNR008W_REV,0.0,1000.0
catpred,r_2916_ENZ_YNR008W_FWD,0.0,1000.0
catpred,r_2916_ENZ_YNR008W_REV,0.0,1000.0
catpred,r_2917_ENZ_YNR008W_FWD,0.0,999.9977896921708
catpred,r_2917_ENZ_YNR008W_REV,0.0,1000.0
catpred,r_2918_ENZ_YNR008W_FWD,0.0,1000.0
catpred,r_2918_ENZ_YNR008W_REV,0.0,1000.0
catpred,r_2919_ENZ_YNR008W_FWD,0.0,1000.0
catpred,r_2919_ENZ_YNR008W_REV,0.0,1000.0
catpred,r_2920_ENZ_YNR008W_FWD,0.0,1000.0
catpred,r_2920_ENZ_YNR008W_REV,0.0,1000.0
catpred,r_2921_ENZ_YNR008W_FWD,0.0,1000.0
catpred,r_2921_ENZ_YNR008W_REV,0.0,999.9995443384428
catpred,r_2922_ENZ_YNR008W_FWD,0.0,1000.0
catpred,r_2922_ENZ_YNR008W_REV,0.0,1000.0
catpred,r_2923_ENZ_YNR008W_FWD,0.0,1000.0
catpred,r_2923_ENZ_YNR008W_REV,0.0,1000.0
catpred,r_2924_ENZ_YNR008W_FWD,0.0,1000.0
catpred,r_2924_ENZ_YNR008W_REV,0.0,1000.0
catpred,r_2925_ENZ_YNR008W_FWD,0.0,999.997789692173
catpred,r_2925_ENZ_YNR008W_REV,0.0,1000.0
catpred,r_2926_ENZ_YNR008W_FWD,0.0,999.9976969177712
catpred,r_2926_ENZ_YNR008W_REV,0.0,1000.0
catpred,r_2927_ENZ_YNR008W_FWD,0.0,1000.0
catpred,r_2927_ENZ_YNR008W_REV,0.0,1000.0
catpred,r_2928_ENZ_YNR008W_FWD,0.0,1000.0
catpred,r_2928_ENZ_YNR008W_REV,0.0,1000.0
catpred,r_2929_ENZ_YNR008W_FWD,0.0,1000.0
catpred,r_2929_ENZ_YNR008W_REV,0.0,1000.0
catpred,r_2930_ENZ_YNR008W_FWD,0.0,1000.0
catpred,r_2930_ENZ_YNR008W_REV,0.0,1000.0
catpred,r_2931_ENZ_YNR008W_FWD,0.0,1000.0
catpred,r_2931_ENZ_YNR008W_REV,0.0,1000.0
catpred,r_2932_ENZ_YNR008W_FWD,0.0,1000.0
catpred,r_2932_ENZ_YNR008W_REV,0.0,1000.0
catpred,r_2933_ENZ_YNR008W_FWD,0.0,999.9977896921724
catpred,r_2933_ENZ_YNR008W_REV,0.0,1000.0
catpred,r_2934_ENZ_YNR008W_FWD,0.0,999.997852672216
catpred,r_2934_ENZ_YNR008W_REV,0.0,1000.0
catpred,r_2935_ENZ_YNR008W_FWD,0.0,999.997852672206
catpred,r_2935_ENZ_YNR008W_REV,0.0,1000.0
catpred,r_2936_ENZ_YNR008W_FWD,0.0,1000.0
catpred,r_2936_ENZ_YNR008W_REV,0.0,1000.0
catpred,r_2937_ENZ_YNR008W_FWD,0.0,1000.0
catpred,r_2937_ENZ_YNR008W_REV,0.0,1000.0
catpred,r_2938_ENZ_YNR008W_FWD,0.0,1000.0
catpred,r_2938_ENZ_YNR008W_REV,0.0,1000.0
catpred,r_2939_ENZ_YNR008W_FWD,0.0,1000.0
catpred,r_2939_ENZ_YNR008W_REV,0.0,1000.0
catpred,r_2940_ENZ_YNR008W_FWD,0.0,1000.0
catpred,r_2940_ENZ_YNR008W_REV,0.0,1000.0
catpred,r_2941_ENZ_YNR008W_FWD,0.0,1000.0
catpred,r_2941_ENZ_YNR008W_REV,0.0,1000.0
catpred,r_2942_ENZ_YNR008W_FWD,0.0,1000.0
catpred,r_2942_ENZ_YNR008W_REV,0.0,1000.0
catpred,r_2943_ENZ_YNR008W_FWD,0.0,999.9978526722156
catpred,r_2943_ENZ_YNR008W_REV,0.0,1000.0
catpred,r_2944_ENZ_YNR008W_FWD,0.0,1000.0
catpred,r_2944_ENZ_YNR008W_REV,0.0,1000.0
catpred,r_2945_ENZ_YNR008W_FWD,0.0,1000.0
catpred,r_2945_ENZ_YNR008W_REV,0.0,1000.0
catpred,r_2946_ENZ_YNR008W_FWD,0.0,1000.0
catpred,r_2946_ENZ_YNR008W_REV,0.0,1000.0
catpred,r_2947_ENZ_YNR008W_FWD,0.0,1000.0
catpred,r_2947_ENZ_YNR008W_REV,0.0,1000.0
catpred,r_2948_ENZ_YNR008W_FWD,0.0,1000.0
catpred,r_2948_ENZ_YNR008W_REV,0.0,1000.0
catpred,r_2949_ENZ_YNR008W_FWD,0.0,0.0004162149673904
catpred,r_2949_ENZ_YNR008W_REV,0.0,0.0005103307234284
catpred,r_2950_ENZ_YNR008W_FWD,0.0,0.0002431635693309
catpred,r_2950_ENZ_YNR008W_REV,0.0,0.0003542576140582
catpred,r_2951_ENZ_YNR008W_FWD,0.0,0.0002926590258251
catpred,r_2951_ENZ_YNR008W_REV,0.0,0.0003866312805717
catpred,r_2952_ENZ_YNR008W_FWD,0.0,1000.0
catpred,r_2952_ENZ_YNR008W_REV,0.0,1000.0
catpred,r_2953_ENZ_YNR008W_FWD,0.0,1000.0
catpred,r_2953_ENZ_YNR008W_REV,0.0,1000.0
catpred,r_2954_ENZ_YNR008W_FWD,0.0,1000.0
catpred,r_2954_ENZ_YNR008W_REV,0.0,1000.0
catpred,r_2955_ENZ_YNR008W_FWD,0.0,1000.0
catpred,r_2955_ENZ_YNR008W_REV,0.0,1000.0
catpred,r_2956_ENZ_YNR008W_FWD,0.0,1000.0
catpred,r_2956_ENZ_YNR008W_REV,0.0,1000.0
catpred,r_2957_ENZ_YNR008W_FWD,0.0,0.0003130303118535
catpred,r_2957_ENZ_YNR008W_REV,0.0,0.0004245576865728
catpred,r_2958_ENZ_YNR008W_FWD,0.0,0.0002386147927322
catpred,r_2958_ENZ_YNR008W_REV,0.0,0.0002947557447046
catpred,r_2959_ENZ_YNR008W_FWD,0.0,0.00030599422746
catpred,r_2959_ENZ_YNR008W_REV,0.0,0.000397778330357
catpred,r_2960_ENZ_YNR008W_FWD,0.0,1000.0
catpred,r_2960_ENZ_YNR008W_REV,0.0,1000.0
catpred,r_2961_ENZ_YNR008W_FWD,0.0,0.0002987346271037
catpred,r_2961_ENZ_YNR008W_REV,0.0,0.0004245760149503
catpred,r_2962_ENZ_YNR008W_FWD,0.0,0.000227581281571
catpred,r_2962_ENZ_YNR008W_REV,0.0,0.0003002683997266
catpred,r_2963_ENZ_YNR008W_FWD,0.0,0.0002786158300774
catpred,r_2963_ENZ_YNR008W_REV,0.0,0.0003933375619719
catpred,r_2964_ENZ_YNR008W_FWD,0.0,1000.0
catpred,r_2964_ENZ_YNR008W_REV,0.0,1000.0
catpred,r_2965_ENZ_YNR008W_FWD,0.0,0.0004099864993046
catpred,r_2965_ENZ_YNR008W_REV,0.0,0.0005001081417403
catpred,r_2966_ENZ_YNR008W_FWD,0.0,0.0002386144834875
catpred,r_2966_ENZ_YNR008W_REV,0.0,0.000334361565301
catpred,r_2967_ENZ_YNR008W_FWD,0.0,0.0002943914036475
catpred,r_2967_ENZ_YNR008W_REV,0.0,0.0003933493711694
catpred,r_2968_ENZ_YNR008W_FWD,0.0,1000.0
catpred,r_2968_ENZ_YNR008W_REV,0.0,1000.0
catpred,r_2969_ENZ_YNR008W_FWD,0.0,1000.0
catpred,r_2969_ENZ_YNR008W_REV,0.0,1000.0
catpred,r_2970_ENZ_YNR008W_FWD,0.0,1000.0
catpred,r_2970_ENZ_YNR008W_REV,0.0,1000.0
catpred,r_2971_ENZ_YNR008W_FWD,0.0,1000.0
catpred,r_2971_ENZ_YNR008W_REV,0.0,1000.0
catpred,r_2972_ENZ_YNR008W_FWD,0.0,1000.0
catpred,r_2972_ENZ_YNR008W_REV,0.0,1000.0
catpred,r_2973_ENZ_YNR008W_FWD,0.0,1000.0
catpred,r_2973_ENZ_YNR008W_REV,0.0,1000.0
catpred,r_2974_ENZ_YNR008W_FWD,0.0,1000.0
catpred,r_2974_ENZ_YNR008W_REV,0.0,1000.0
catpred,r_2975_ENZ_YNR008W_FWD,0.0,1000.0
catpred,r_2975_ENZ_YNR008W_REV,0.0,1000.0
catpred,r_2976_ENZ_YNR008W_FWD,0.0,1000.0
catpred,r_2976_ENZ_YNR008W_REV,0.0,1000.0
catpred,r_2977_ENZ_YNR008W_FWD,0.0,0.0003172863692722
catpred,r_2977_ENZ_YNR008W_REV,0.0,0.0004247571949835
catpred,r_2978_ENZ_YNR008W_FWD,0.0,0.0002262591436275
catpred,r_2978_ENZ_YNR008W_REV,0.0,0.0002904605708282
catpred,r_2979_ENZ_YNR008W_FWD,0.0,0.0002786577241039
catpred,r_2979_ENZ_YNR008W_REV,0.0,0.0003932979499467
catpred,r_2980_ENZ_YNR008W_FWD,0.0,1000.0
catpred,r_2980_ENZ_YNR008W_REV,0.0,1000.0
catpred,r_2981_ENZ_YNR008W_FWD,0.0,1000.0
catpred,r_2981_ENZ_YNR008W_REV,0.0,1000.0
catpred,r_2982_ENZ_YNR008W_FWD,0.0,1000.0
catpred,r_2982_ENZ_YNR008W_REV,0.0,1000.0
catpred,r_2983_ENZ_YNR008W_FWD,0.0,1000.0
catpred,r_2983_ENZ_YNR008W_REV,0.0,1000.0
catpred,r_2984_ENZ_YNR008W_FWD,0.0,1000.0
catpred,r_2984_ENZ_YNR008W_REV,0.0,1000.0
catpred,r_2985_ENZ_YNR008W_FWD,0.0,1000.0
catpred,r_2985_ENZ_YNR008W_REV,0.0,1000.0
catpred,r_2986_ENZ_YNR008W_FWD,0.0,1000.0
catpred,r_2986_ENZ_YNR008W_REV,0.0,1000.0
catpred,r_2987_ENZ_YNR008W_FWD,0.0,1000.0
catpred,r_2987_ENZ_YNR008W_REV,0.0,1000.0
catpred,r_2988_ENZ_YNR008W_FWD,0.0,1000.0
catpred,r_2988_ENZ_YNR008W_REV,0.0,1000.0
catpred,r_2989_ENZ_YNR008W_FWD,0.0,1000.0
catpred,r_2989_ENZ_YNR008W_REV,0.0,1000.0
catpred,r_2990_ENZ_YNR008W_FWD,0.0,1000.0
catpred,r_2990_ENZ_YNR008W_REV,0.0,1000.0
catpred,r_2991_ENZ_YNR008W_FWD,0.0,1000.0
catpred,r_2991_ENZ_YNR008W_REV,0.0,1000.0
catpred,r_2992_ENZ_YNR008W_FWD,0.0,1000.0
catpred,r_2992_ENZ_YNR008W_REV,0.0,1000.0
catpred,r_2993_ENZ_YNR008W_FWD,0.0,0.0003112569100277
catpred,r_2993_ENZ_YNR008W_REV,0.0,0.0005114526265446
catpred,r_2994_ENZ_YNR008W_FWD,0.0,0.0002311352409687
catpred,r_2994_ENZ_YNR008W_REV,0.0,0.0002958571505762
catpred,r_2995_ENZ_YNR008W_FWD,0.0,0.0002833528591813
catpred,r_2995_ENZ_YNR008W_REV,0.0,0.0004014933708039
catpred,r_2996_ENZ_YNR008W_FWD,0.0,999.997852672216
catpred,r_2996_ENZ_YNR008W_REV,0.0,1000.0
catpred,r_2997_ENZ_YNR008W_FWD,0.0,1000.0
catpred,r_2997_ENZ_YNR008W_REV,0.0,1000.0
catpred,r_2998_ENZ_YNR008W_FWD,0.0,1000.0
catpred,r_2998_ENZ_YNR008W_REV,0.0,1000.0
catpred,r_2999_ENZ_YNR008W_FWD,0.0,1000.0
catpred,r_2999_ENZ_YNR008W_REV,0.0,1000.0
catpred,r_3000_ENZ_YNR008W_FWD,0.0,1000.0
catpred,r_3000_ENZ_YNR008W_REV,0.0,1000.0
catpred,r_3001_ENZ_YNR008W_FWD,0.0,1000.0
catpred,r_3001_ENZ_YNR008W_REV,0.0,1000.0
catpred,r_3002_ENZ_YNR008W_FWD,0.0,1000.0
catpred,r_3002_ENZ_YNR008W_REV,0.0,1000.0
catpred,r_3003_ENZ_YNR008W_FWD,0.0,1000.0
catpred,r_3003_ENZ_YNR008W_REV,0.0,1000.0
catpred,r_3004_ENZ_YNR008W_FWD,0.0,1000.0
catpred,r_3004_ENZ_YNR008W_REV,0.0,1000.0
catpred,r_3005_ENZ_YNR008W_FWD,0.0,1000.0
catpred,r_3005_ENZ_YNR008W_REV,0.0,1000.0
catpred,r_3006_ENZ_YNR008W_FWD,0.0,1000.0
catpred,r_3006_ENZ_YNR008W_REV,0.0,1000.0
catpred,r_3007_ENZ_YNR008W_FWD,0.0,1000.0
catpred,r_3007_ENZ_YNR008W_REV,0.0,1000.0
catpred,r_3008_ENZ_YNR008W_FWD,0.0,1000.0
catpred,r_3008_ENZ_YNR008W_REV,0.0,1000.0
catpred,r_3009_ENZ_YNR008W_FWD,0.0,0.0002994402838139
catpred,r_3009_ENZ_YNR008W_REV,0.0,0.0004344014082394
catpred,r_3010_ENZ_YNR008W_FWD,0.0,0.0002313939494866
catpred,r_3010_ENZ_YNR008W_REV,0.0,0.0002884884690473
catpred,r_3011_ENZ_YNR008W_FWD,0.0,0.0002946944234772
catpred,r_3011_ENZ_YNR008W_REV,0.0,0.0004012867618411
catpred,r_3022_ENZ_YML059C,0.0,0.0001625757964584
catpred,r_3023_ENZ_YML059C,0.0,7.677530731401848e-05
catpred,r_3024_ENZ_YML059C,0.0,6.131867942127129e-05
catpred,r_3025_ENZ_YML059C,0.0,7.45512311383827e-05
catpred,r_3026_ENZ_YML059C,0.0,9.255811379877774e-05
catpred,r_3027_ENZ_YML059C,0.0,5.421344363942758e-05
catpred,r_3028_ENZ_YML059C,0.0,4.604386439835691e-05
catpred,r_3029_ENZ_YML059C,0.0,5.285515288707761e-05
catpred,r_3030_ENZ_YML059C,0.0,2.157100750678679e-05
catpred,r_3031_ENZ_YML059C,0.0,2.4412481516833397e-05
catpred,r_3032_ENZ_YML059C,0.0,2.1260709548432325e-05
catpred,r_3033_ENZ_YML059C,0.0,2.016962761453989e-05
catpred,r_3034_ENZ_YMR008C,0.0,2.1791049836230183e-05
catpred,r_3035_ENZ_YMR008C,0.0,2.1894959958120648e-05
catpred,r_3036_ENZ_YMR008C,0.0,2.693703209193394e-05
catpred,r_3037_ENZ_YMR008C,0.0,1.9179965051509243e-05
catpred,r_3038_ENZ_YMR008C,0.0,2.010950629799245e-05
catpred,r_3039_ENZ_YMR008C,0.0,2.076290857685537e-05
catpred,r_3040_ENZ_YMR008C,0.0,1.8295934404363983e-05
catpred,r_3041_ENZ_YMR008C,0.0,1.7768462075139175e-05
catpred,r_3042_ENZ_YMR008C,0.0,2.3218968996179062e-05
catpred,r_3043_ENZ_YMR008C,0.0,2.189437868066208e-05
catpred,r_3044_ENZ_YMR008C,0.0,2.029635996167679e-05
catpred,r_3045_ENZ_YMR008C,0.0,1.8314851947587256e-05
catpred,r_3046_ENZ_YMR006C,0.0,0.0
catpred,r_3046_ENZ_YMR008C,0.0,0.0
catpred,r_3047_ENZ_YMR006C,0.0,0.0
catpred,r_3047_ENZ_YMR008C,0.0,0.0
catpred,r_3048_ENZ_YMR006C,0.0,0.0
catpred,r_3048_ENZ_YMR008C,0.0,0.0
catpred,r_3049_ENZ_YMR006C,0.0,0.0
catpred,r_3049_ENZ_YMR008C,0.0,0.0
catpred,r_3050_ENZ_YMR006C,0.0,0.0
catpred,r_3050_ENZ_YMR008C,0.0,0.0
catpred,r_3051_ENZ_YMR006C,0.0,0.0
catpred,r_3051_ENZ_YMR008C,0.0,0.0
catpred,r_3052_ENZ_YMR006C,0.0,0.0
catpred,r_3052_ENZ_YMR008C,0.0,0.0
catpred,r_3053_ENZ_YMR006C,0.0,0.0
catpred,r_3053_ENZ_YMR008C,0.0,0.0
catpred,r_3054_ENZ_YMR006C,0.0,0.0
catpred,r_3054_ENZ_YMR008C,0.0,0.0
catpred,r_3055_ENZ_YMR006C,0.0,0.0
catpred,r_3055_ENZ_YMR008C,0.0,0.0
catpred,r_3056_ENZ_YMR006C,0.0,0.0
catpred,r_3056_ENZ_YMR008C,0.0,0.0
catpred,r_3057_ENZ_YMR006C,0.0,0.0
catpred,r_3057_ENZ_YMR008C,0.0,0.0
catpred,r_3058_ENZ_YMR006C,0.0,0.0
catpred,r_3058_ENZ_YOL011W,0.0,0.0
catpred,r_3059_ENZ_YMR006C,0.0,0.0
catpred,r_3059_ENZ_YOL011W,0.0,0.0
catpred,r_3060_ENZ_YMR006C,0.0,0.0
catpred,r_3060_ENZ_YOL011W,0.0,0.0
catpred,r_3061_ENZ_YMR006C,0.0,0.0
catpred,r_3061_ENZ_YOL011W,0.0,0.0
catpred,r_3062_ENZ_YMR006C,0.0,0.0
catpred,r_3062_ENZ_YOL011W,0.0,0.0
catpred,r_3063_ENZ_YMR006C,0.0,0.0
catpred,r_3063_ENZ_YOL011W,0.0,0.0
catpred,r_3064_ENZ_YMR006C,0.0,0.0
catpred,r_3064_ENZ_YOL011W,0.0,0.0
catpred,r_3065_ENZ_YMR006C,0.0,0.0
catpred,r_3065_ENZ_YOL011W,0.0,0.0
catpred,r_3066_ENZ_YMR006C,0.0,0.0
catpred,r_3066_ENZ_YOL011W,0.0,0.0
catpred,r_3067_ENZ_YMR006C,0.0,0.0
catpred,r_3067_ENZ_YOL011W,0.0,0.0
catpred,r_3068_ENZ_YMR006C,0.0,0.0
catpred,r_3068_ENZ_YOL011W,0.0,0.0
catpred,r_3069_ENZ_YMR006C,0.0,0.0
catpred,r_3069_ENZ_YOL011W,0.0,0.0
catpred,r_3070_ENZ_YOL011W,0.0,2.120483670928444e-05
catpred,r_3071_ENZ_YOL011W,0.0,2.05617421801423e-05
catpred,r_3072_ENZ_YOL011W,0.0,3.219120253941034e-05
catpred,r_3073_ENZ_YOL011W,0.0,1.854664118569932e-05
catpred,r_3074_ENZ_YOL011W,0.0,1.459649361863468e-05
catpred,r_3075_ENZ_YOL011W,0.0,1.9338748838681426e-05
catpred,r_3076_ENZ_YOL011W,0.0,1.6981560823712888e-05
catpred,r_3077_ENZ_YOL011W,0.0,1.3581300015540542e-05
catpred,r_3078_ENZ_YOL011W,0.0,2.119456002445475e-05
catpred,r_3079_ENZ_YOL011W,0.0,2.120513073169028e-05
catpred,r_3080_ENZ_YOL011W,0.0,1.7800392468612987e-05
catpred,r_3081_ENZ_YOL011W,0.0,1.8555834962409937e-05
catpred,r_3082_ENZ_YPL268W,0.0,0.0
catpred,r_3083_ENZ_YPL268W,0.0,0.0
catpred,r_3084_ENZ_YPL268W,0.0,0.0
catpred,r_3085_ENZ_YPL268W,0.0,0.0
catpred,r_3086_ENZ_YPL268W,0.0,0.0
catpred,r_3087_ENZ_YPL268W,0.0,0.0
catpred,r_3088_ENZ_YPL268W,0.0,0.0
catpred,r_3089_ENZ_YPL268W,0.0,0.0
catpred,r_3090_ENZ_YPL268W,0.0,0.0
catpred,r_3091_ENZ_YPL268W,0.0,0.0
catpred,r_3092_ENZ_YPL268W,0.0,0.0
catpred,r_3093_ENZ_YPL268W,0.0,0.0
catpred,r_3094_ENZ_YPL268W,0.0,0.0
catpred,r_3095_ENZ_YPL268W,0.0,0.0
catpred,r_3096_ENZ_YPL268W,0.0,0.0
catpred,r_3097_ENZ_YPL268W,0.0,0.0
catpred,r_3098_ENZ_YPL206C,0.0,5.263844363745725e-05
catpred,r_3099_ENZ_YPL206C,0.0,5.157377959011448e-05
catpred,r_3100_ENZ_YPL206C,0.0,4.46036383670599e-05
catpred,r_3101_ENZ_YPL206C,0.0,3.794564073000828e-05
catpred,r_3102_ENZ_YPL206C,0.0,2.9119209269623525e-05
catpred,r_3103_ENZ_YPL206C,0.0,3.823389091204285e-05
catpred,r_3104_ENZ_YKR031C,0.0,5.286429711200587e-05
catpred,r_3105_ENZ_YKR031C,0.0,3.758436437432306e-05
catpred,r_3106_ENZ_YKR031C,0.0,4.258414768224524e-05
catpred,r_3107_ENZ_YKR031C,0.0,4.5872095323670585e-05
catpred,r_3108_ENZ_YKR031C,0.0,4.487146301190852e-05
catpred,r_3109_ENZ_YKR031C,0.0,4.767545264913191e-05
catpred,r_3110_ENZ_YKR031C,0.0,4.473269249796221e-05
catpred,r_3111_ENZ_YKR031C,0.0,3.929546958521731e-05
catpred,r_3112_ENZ_YNL106C,0.0,8.695593382590516e-05
catpred,r_3112_ENZ_YOR109W,0.0,8.69559338270154e-05
catpred,r_3113_ENZ_YNL106C,0.0,8.695226937938116e-05
catpred,r_3113_ENZ_YOR109W,0.0,8.695226937938116e-05
catpred,r_3114_ENZ_YNL106C,0.0,8.694932341768435e-05
catpred,r_3114_ENZ_YOR109W,0.0,8.694932342390163e-05
catpred,r_3115_ENZ_YNL106C,0.0,8.694877720039074e-05
catpred,r_3115_ENZ_YOR109W,0.0,8.694877720749619e-05
catpred,r_3116_ENZ_YNL106C,0.0,8.695078225695596e-05
catpred,r_3116_ENZ_YOR109W,0.0,8.695078225695596e-05
catpred,r_3117_ENZ_YNL106C,0.0,8.695098385955169e-05
catpred,r_3117_ENZ_YOR109W,0.0,8.695098385957944e-05
catpred,r_3118_ENZ_YNL106C,0.0,2.7658698624200007e-05
catpred,r_3118_ENZ_YOR109W,0.0,3.249320331716321e-05
catpred,r_3119_ENZ_YNL106C,0.0,3.3898794982611946e-05
catpred,r_3119_ENZ_YOR109W,0.0,4.37154575330112e-05
catpred,r_3120_ENZ_YJR110W,0.0,0.0001098195997965
catpred,r_3120_ENZ_YNL106C,0.0,0.0001098196041464
catpred,r_3120_ENZ_YOR109W,0.0,0.0001098196041464
catpred,r_3121_ENZ_YJR110W,0.0,9.88781498518776e-05
catpred,r_3121_ENZ_YNL106C,0.0,0.0001098208733061
catpred,r_3121_ENZ_YOR109W,0.0,0.0001098208733061
catpred,r_3122_ENZ_YJR110W,0.0,0.0001050434442176
catpred,r_3122_ENZ_YNL106C,0.0,0.0001098305600395
catpred,r_3122_ENZ_YOR109W,0.0,0.0001098305600346
catpred,r_3123_ENZ_YJR110W,0.0,0.000105040102273
catpred,r_3123_ENZ_YNL106C,0.0,0.0001050401022908
catpred,r_3123_ENZ_YOR109W,0.0,0.0001208265130444
catpred,r_3124_ENZ_YJR110W,0.0,0.0001056600961337
catpred,r_3124_ENZ_YNL106C,0.0,0.0001101700308492
catpred,r_3124_ENZ_YOR109W,0.0,0.0001101701308603
catpred,r_3125_ENZ_YJR110W,0.0,0.0001098853946243
catpred,r_3125_ENZ_YNL106C,0.0,0.0001098853946243
catpred,r_3125_ENZ_YOR109W,0.0,0.0001098853946243
catpred,r_3126_ENZ_YJR110W,0.0,3.85985136275302e-05
catpred,r_3126_ENZ_YNL106C,0.0,3.859861363153527e-05
catpred,r_3126_ENZ_YOR109W,0.0,3.750796263059241e-05
catpred,r_3127_ENZ_YJR110W,0.0,5.461270282802744e-05
catpred,r_3127_ENZ_YNL106C,0.0,3.848515602911107e-05
catpred,r_3127_ENZ_YOR109W,0.0,5.093754433249664e-05
catpred,r_3128_ENZ_YKL212W,0.0,0.0002243575849884
catpred,r_3129_ENZ_YKL212W,0.0,0.000219801183841
catpred,r_3130_ENZ_YKL212W,0.0,0.0002210887851722
catpred,r_3131_ENZ_YKL212W,0.0,0.0002243774527085
catpred,r_3132_ENZ_YKL212W,0.0,0.0002285317214059
catpred,r_3133_ENZ_YKL212W,0.0,0.0002372665962129
catpred,r_3134_ENZ_YKL212W,0.0,4.204853833655875e-05
catpred,r_3135_ENZ_YKL212W,0.0,6.357914763777117e-05
catpred,r_3136_ENZ_YKL212W,0.0,0.0002455657294095
catpred,r_3137_ENZ_YKL212W,0.0,0.000206165442723
catpred,r_3138_ENZ_YKL212W,0.0,0.0002144289131766
catpred,r_3139_ENZ_YKL212W,0.0,0.0002550849171134
catpred,r_3140_ENZ_YKL212W,0.0,0.0002282044481596
catpred,r_3141_ENZ_YKL212W,0.0,0.0002361513316806
catpred,r_3142_ENZ_YKL212W,0.0,4.758159525586336e-05
catpred,r_3143_ENZ_YKL212W,0.0,7.86555936642028e-05
catpred,r_3144_ENZ_YNL106C,0.0,0.0001738967652564
catpred,r_3144_ENZ_YOR109W,0.0,0.0001832809146247
catpred,r_3145_ENZ_YNL106C,0.0,0.0001739211653735
catpred,r_3145_ENZ_YOR109W,0.0,0.000173921165375
catpred,r_3146_ENZ_YNL106C,0.0,0.0001632021998831
catpred,r_3146_ENZ_YOR109W,0.0,0.0001632021998847
catpred,r_3147_ENZ_YNL106C,0.0,0.0001738984120722
catpred,r_3147_ENZ_YOR109W,0.0,0.0001738984120738
catpred,r_3148_ENZ_YNL106C,0.0,0.000174008863663
catpred,r_3148_ENZ_YOR109W,0.0,0.0001740088636645
catpred,r_3149_ENZ_YNL106C,0.0,0.0001739078393877
catpred,r_3149_ENZ_YOR109W,0.0,0.0001739078393893
catpred,r_3150_ENZ_YNL106C,0.0,5.307618742467213e-05
catpred,r_3150_ENZ_YOR109W,0.0,8.040267267972467e-05
catpred,r_3151_ENZ_YNL106C,0.0,0.0001738986254231
catpred,r_3151_ENZ_YOR109W,0.0,0.0001738986254247
catpred,r_3152_ENZ_YNL106C,0.0,0.0002543580783296
catpred,r_3152_ENZ_YOR109W,0.0,0.0002112972488921
catpred,r_3153_ENZ_YNL106C,0.0,0.0002438531266548
catpred,r_3153_ENZ_YOR109W,0.0,0.0002622181265206
catpred,r_3154_ENZ_YNL106C,0.0,0.0002184373948139
catpred,r_3154_ENZ_YOR109W,0.0,0.0002196526241926
catpred,r_3155_ENZ_YNL106C,0.0,0.0002184360812584
catpred,r_3155_ENZ_YOR109W,0.0,0.0002196405793348
catpred,r_3156_ENZ_YNL106C,0.0,0.0002050629556407
catpred,r_3156_ENZ_YOR109W,0.0,0.0002552613167949
catpred,r_3157_ENZ_YNL106C,0.0,0.0002196412217401
catpred,r_3157_ENZ_YOR109W,0.0,0.0002915323206487
catpred,r_3158_ENZ_YNL106C,0.0,6.27379528435057e-05
catpred,r_3158_ENZ_YOR109W,0.0,0.0001047588946838
catpred,r_3159_ENZ_YNL106C,0.0,0.0002786284419578
catpred,r_3159_ENZ_YOR109W,0.0,0.0003087032509505
catpred,r_3160_ENZ_YKL212W,0.0,0.0002198058108299
catpred,r_3161_ENZ_YKL212W,0.0,0.0002211040117474
catpred,r_3162_ENZ_YKL212W,0.0,0.0002319347568988
catpred,r_3163_ENZ_YKL212W,0.0,0.0002210903524249
catpred,r_3164_ENZ_YKL212W,0.0,0.0003036348813516
catpred,r_3165_ENZ_YKL212W,0.0,0.0002915359130344
catpred,r_3166_ENZ_YKL212W,0.0,9.779152961275626e-05
catpred,r_3167_ENZ_YKL212W,0.0,0.0002210900640076
catpred,r_3168_ENZ_YKL212W,0.0,0.0002137775305435
catpred,r_3169_ENZ_YKL212W,0.0,0.0002216745428675
catpred,r_3170_ENZ_YKL212W,0.0,0.0002213087725321
catpred,r_3171_ENZ_YKL212W,0.0,0.0002213087725321
catpred,r_3172_ENZ_YKL212W,0.0,0.0002213087725321
catpred,r_3173_ENZ_YKL212W,0.0,0.0002213087725321
catpred,r_3174_ENZ_YKL212W,0.0,8.580659772405852e-05
catpred,r_3175_ENZ_YKL212W,0.0,0.0002159713742742
catpred,r_3176_ENZ_YNL106C,0.0,8.694849739443455e-05
catpred,r_3176_ENZ_YOR109W,0.0,8.694849739443455e-05
catpred,r_3177_ENZ_YNL106C,0.0,8.160104828291992e-05
catpred,r_3177_ENZ_YOR109W,0.0,8.695257592172823e-05
catpred,r_3178_ENZ_YNL106C,0.0,8.695291717497611e-05
catpred,r_3178_ENZ_YOR109W,0.0,8.695291717497611e-05
catpred,r_3179_ENZ_YNL106C,0.0,8.160582919924941e-05
catpred,r_3179_ENZ_YOR109W,0.0,9.230419043859683e-05
catpred,r_3180_ENZ_YNL106C,0.0,8.646669023804066e-05
catpred,r_3180_ENZ_YOR109W,0.0,8.694749201310081e-05
catpred,r_3181_ENZ_YNL106C,0.0,0.0001439656394977
catpred,r_3181_ENZ_YOR109W,0.0,0.0001439656394977
catpred,r_3182_ENZ_YNL106C,0.0,3.377702082918432e-05
catpred,r_3182_ENZ_YOR109W,0.0,3.3776303198784774e-05
catpred,r_3183_ENZ_YNL106C,0.0,4.544124894445556e-05
catpred,r_3183_ENZ_YOR109W,0.0,4.544134894901575e-05
catpred,r_3184_ENZ_YNL106C,0.0,0.0001098270461259
catpred,r_3184_ENZ_YOR109W,0.0,0.0001098269629209
catpred,r_3185_ENZ_YNL106C,0.0,0.0001098260504655
catpred,r_3185_ENZ_YOR109W,0.0,0.0001098220145259
catpred,r_3186_ENZ_YNL106C,0.0,0.0001098136156773
catpred,r_3186_ENZ_YOR109W,0.0,0.0001098254846145
catpred,r_3187_ENZ_YNL106C,0.0,0.0001030672665449
catpred,r_3187_ENZ_YOR109W,0.0,0.0001030734113776
catpred,r_3188_ENZ_YNL106C,0.0,0.0001098271693593
catpred,r_3188_ENZ_YOR109W,0.0,0.0001098256779588
catpred,r_3189_ENZ_YNL106C,0.0,0.0001098173417275
catpred,r_3189_ENZ_YOR109W,0.0,0.0001098363947805
catpred,r_3190_ENZ_YNL106C,0.0,3.713134451310829e-05
catpred,r_3190_ENZ_YOR109W,0.0,5.825505866342839e-05
catpred,r_3191_ENZ_YNL106C,0.0,5.125358094804078e-05
catpred,r_3191_ENZ_YOR109W,0.0,5.464030780455431e-05
catpred,r_3192_ENZ_YIL002C,0.0,0.0001738986257583
catpred,r_3192_ENZ_YNL106C,0.0,0.0001738986257619
catpred,r_3192_ENZ_YOR109W,0.0,0.0001738986257599
catpred,r_3193_ENZ_YIL002C,0.0,0.0001738985500063
catpred,r_3193_ENZ_YNL106C,0.0,0.0001672938251573
catpred,r_3193_ENZ_YOR109W,0.0,0.0003308055189643
catpred,r_3194_ENZ_YIL002C,0.0,0.0001738986259063
catpred,r_3194_ENZ_YNL106C,0.0,0.0001632264992834
catpred,r_3194_ENZ_YOR109W,0.0,0.0002336616736776
catpred,r_3195_ENZ_YIL002C,0.0,0.0002336614055562
catpred,r_3195_ENZ_YNL106C,0.0,0.000173918607469
catpred,r_3195_ENZ_YOR109W,0.0,0.0001739186074732
catpred,r_3196_ENZ_YIL002C,0.0,0.0001739186074886
catpred,r_3196_ENZ_YNL106C,0.0,0.0001739186074884
catpred,r_3196_ENZ_YOR109W,0.0,0.0001738986845515
catpred,r_3197_ENZ_YIL002C,0.0,0.0001738986775879
catpred,r_3197_ENZ_YNL106C,0.0,0.0001738986842647
catpred,r_3197_ENZ_YOR109W,0.0,0.000163226799831
catpred,r_3198_ENZ_YIL002C,0.0,6.604503153795349e-05
catpred,r_3198_ENZ_YNL106C,0.0,5.444388516764413e-05
catpred,r_3198_ENZ_YOR109W,0.0,9.088182196714813e-05
catpred,r_3199_ENZ_YIL002C,0.0,0.0001840478992551
catpred,r_3199_ENZ_YNL106C,0.0,0.0001739213673728
catpred,r_3199_ENZ_YOR109W,0.0,0.0001739213675521
catpred,r_3200_ENZ_YIL002C,0.0,0.0002144407663092
catpred,r_3200_ENZ_YNL106C,0.0,0.0002132255763989
catpred,r_3200_ENZ_YOR109W,0.0,0.0003260352699934
catpred,r_3201_ENZ_YIL002C,0.0,0.0002113141231032
catpred,r_3201_ENZ_YNL106C,0.0,0.000255033952659
catpred,r_3201_ENZ_YOR109W,0.0,0.000255033952667
catpred,r_3202_ENZ_YIL002C,0.0,0.00021964795119
catpred,r_3202_ENZ_YNL106C,0.0,0.0002196480512122
catpred,r_3202_ENZ_YOR109W,0.0,0.00021964795119
catpred,r_3203_ENZ_YIL002C,0.0,0.0002196427411806
catpred,r_3203_ENZ_YNL106C,0.0,0.0002196428412029
catpred,r_3203_ENZ_YOR109W,0.0,0.0002196428412029
catpred,r_3204_ENZ_YIL002C,0.0,0.0003704599352222
catpred,r_3204_ENZ_YNL106C,0.0,0.0002302329180187
catpred,r_3204_ENZ_YOR109W,0.0,0.0002786284450166
catpred,r_3205_ENZ_YIL002C,0.0,0.0002606131189075
catpred,r_3205_ENZ_YNL106C,0.0,0.0002606131189075
catpred,r_3205_ENZ_YOR109W,0.0,0.0002606131189075
catpred,r_3206_ENZ_YIL002C,0.0,9.769242007351409e-05
catpred,r_3206_ENZ_YNL106C,0.0,9.769242007351409e-05
catpred,r_3206_ENZ_YOR109W,0.0,9.769242007506844e-05
catpred,r_3207_ENZ_YIL002C,0.0,0.0002197570964348
catpred,r_3207_ENZ_YNL106C,0.0,0.0002197570964348
catpred,r_3207_ENZ_YOR109W,0.0,0.0002197570964348
catpred,r_3208_ENZ_YOL065C,0.0,0.0002602869310841
catpred,r_3209_ENZ_YOL065C,0.0,0.0002210903565299
catpred,r_3210_ENZ_YOL065C,0.0,0.0002211028553382
catpred,r_3211_ENZ_YOL065C,0.0,0.0002322191038262
catpred,r_3212_ENZ_YOL065C,0.0,0.0002298281715176
catpred,r_3213_ENZ_YOL065C,0.0,0.0002243575909648
catpred,r_3214_ENZ_YOL065C,0.0,0.0001094477566168
catpred,r_3215_ENZ_YOL065C,0.0,0.0002298195061755
catpred,r_3216_ENZ_YFR019W_and_YNL325C_and_YFR021W_and_YNL054W_and_YLR386W,0.0,0.0001219634048599
catpred,r_3217_ENZ_YFR019W_and_YNL325C_and_YFR021W_and_YNL054W_and_YLR386W,0.0,0.0001219634045675
catpred,r_3218_ENZ_YFR019W_and_YNL325C_and_YFR021W_and_YNL054W_and_YLR386W,0.0,0.0001219634045675
catpred,r_3219_ENZ_YFR019W_and_YNL325C_and_YFR021W_and_YNL054W_and_YLR386W,0.0,0.0001219634048626
catpred,r_3220_ENZ_YFR019W_and_YNL325C_and_YFR021W_and_YNL054W_and_YLR386W,0.0,0.0001219634045675
catpred,r_3221_ENZ_YFR019W_and_YNL325C_and_YFR021W_and_YNL054W_and_YLR386W,0.0,0.0001219634048626
catpred,r_3222_ENZ_YFR019W_and_YNL325C_and_YFR021W_and_YNL054W_and_YLR386W,0.0,0.000121963404567
catpred,r_3223_ENZ_YFR019W_and_YNL325C_and_YFR021W_and_YNL054W_and_YLR386W,0.0,0.0001219634045675
catpred,r_3224_ENZ_YDR284C,0.0,0.0001219634045675
catpred,r_3225_ENZ_YDR284C,0.0,0.0001397915373289
catpred,r_3226_ENZ_YDR284C,0.0,0.0001397853467008
catpred,r_3227_ENZ_YDR284C,0.0,0.0001397853467008
catpred,r_3228_ENZ_YDR284C,0.0,0.0001136530697287
catpred,r_3229_ENZ_YDR284C,0.0,0.00013411504837
catpred,r_3230_ENZ_YDR284C,0.0,0.0001337572729264
catpred,r_3231_ENZ_YDR284C,0.0,0.0001337572729264
catpred,r_3232_ENZ_YDR503C,0.0,0.0002144264870619
catpred,r_3233_ENZ_YDR503C,0.0,0.0002999994020802
catpred,r_3234_ENZ_YDR503C,0.0,0.0002061345813175
catpred,r_3235_ENZ_YDR503C,0.0,0.0002785823286804
catpred,r_3236_ENZ_YDR503C,0.0,0.0001378176582078
catpred,r_3237_ENZ_YDR503C,0.0,0.0002061345813175
catpred,r_3238_ENZ_YDR503C,0.0,0.0002857285164544
catpred,r_3239_ENZ_YDR503C,0.0,0.0002061345813175
catpred,r_3240_ENZ_YER037W,0.0,-0.0
catpred,r_3241_ENZ_YER037W,0.0,-0.0
catpred,r_3242_ENZ_YER037W,0.0,-0.0
catpred,r_3243_ENZ_YER037W,0.0,-0.0
catpred,r_3244_ENZ_YDR284C,0.0,-0.0
catpred,r_3245_ENZ_YDR284C,0.0,-0.0
catpred,r_3246_ENZ_YDR284C,0.0,-0.0
catpred,r_3247_ENZ_YDR284C,0.0,-0.0
catpred,r_3248_ENZ_YDR503C,0.0,-0.0
catpred,r_3249_ENZ_YDR503C,0.0,-0.0
catpred,r_3250_ENZ_YDR503C,0.0,-0.0
catpred,r_3251_ENZ_YDR503C,0.0,-0.0
catpred,r_3252_ENZ_YKL140W,0.0,1.874204129006119e-05
catpred,r_3252_ENZ_YLL012W,0.0,5.0374575402874384e-05
catpred,r_3253_ENZ_YKL140W,0.0,1.5127862450413143e-05
catpred,r_3253_ENZ_YLL012W,0.0,3.3424391056921285e-05
catpred,r_3254_ENZ_YLL012W,0.0,7.025025066158003e-05
catpred,r_3255_ENZ_YLL012W,0.0,3.958149360336376e-05
catpred,r_3256_ENZ_YLL012W,0.0,7.072439204373632e-05
catpred,r_3257_ENZ_YLL012W,0.0,3.9623781361561305e-05
catpred,r_3258_ENZ_YLL012W,0.0,5.636570351482285e-05
catpred,r_3259_ENZ_YLL012W,0.0,4.534698591414085e-05
catpred,r_3260_ENZ_YLL012W,0.0,5.499904281998803e-05
catpred,r_3261_ENZ_YLL012W,0.0,3.683408396263493e-05
catpred,r_3262_ENZ_YLR020C,0.0,2.4629382791182352e-05
catpred,r_3263_ENZ_YLR020C,0.0,1.8770358446808244e-05
catpred,r_3264_ENZ_YBR204C,0.0,6.99866027982928e-05
catpred,r_3264_ENZ_YCR068W,0.0,9.104658781708148e-05
catpred,r_3264_ENZ_YKR089C,0.0,1.667448203602562e-05
catpred,r_3264_ENZ_YMR313C,0.0,3.681963374116263e-05
catpred,r_3264_ENZ_YOR081C,0.0,3.681963374117378e-05
catpred,r_3265_ENZ_YBR204C,0.0,0.0001079006257224
catpred,r_3265_ENZ_YKR089C,0.0,2.5289927253019547e-05
catpred,r_3265_ENZ_YMR313C,0.0,4.8118294970878224e-05
catpred,r_3265_ENZ_YOR081C,0.0,3.544724859035498e-05
catpred,r_3266_ENZ_YBR204C,0.0,6.429860359968083e-05
catpred,r_3266_ENZ_YKR089C,0.0,1.6380678160935478e-05
catpred,r_3266_ENZ_YMR313C,0.0,3.430010991157932e-05
catpred,r_3266_ENZ_YOR081C,0.0,3.430010991169729e-05
catpred,r_3267_ENZ_YBR204C,0.0,0.0001062165160176
catpred,r_3267_ENZ_YKR089C,0.0,0.0001062165160217
catpred,r_3267_ENZ_YMR313C,0.0,9.013655919811432e-05
catpred,r_3267_ENZ_YOR081C,0.0,0.0001025924148035
catpred,r_3268_ENZ_YBR204C,0.0,0.0001098030094348
catpred,r_3268_ENZ_YKR089C,0.0,0.0001098030094348
catpred,r_3268_ENZ_YMR313C,0.0,0.0001098030094348
catpred,r_3268_ENZ_YOR081C,0.0,0.0001098030094348
catpred,r_3269_ENZ_YBR204C,0.0,0.0001311719582344
catpred,r_3269_ENZ_YKR089C,0.0,4.6316796470891e-05
catpred,r_3269_ENZ_YMR313C,0.0,7.394005573146695e-05
catpred,r_3269_ENZ_YOR081C,0.0,7.39400557314833e-05
catpred,r_3270_ENZ_YBR204C,0.0,0.0001181345762246
catpred,r_3270_ENZ_YKR089C,0.0,0.0001168921753172
catpred,r_3270_ENZ_YMR313C,0.0,0.0001171604411552
catpred,r_3270_ENZ_YOR081C,0.0,0.0001168921753172
catpred,r_3271_ENZ_YBR204C,0.0,7.594605304715073e-05
catpred,r_3271_ENZ_YKR089C,0.0,2.596634828087649e-05
catpred,r_3271_ENZ_YMR313C,0.0,4.157769374200785e-05
catpred,r_3271_ENZ_YOR081C,0.0,4.157769375801502e-05
catpred,r_3272_ENZ_YBR204C,0.0,0.000109746532311
catpred,r_3272_ENZ_YKR089C,0.0,0.000109746532311
catpred,r_3272_ENZ_YMR313C,0.0,0.000109746532311
catpred,r_3272_ENZ_YOR081C,0.0,0.000109746532311
catpred,r_3273_ENZ_YBR204C,0.0,0.000114122154154
catpred,r_3273_ENZ_YKR089C,0.0,2.327108859475225e-05
catpred,r_3273_ENZ_YMR313C,0.0,4.934383212794064e-05
catpred,r_3273_ENZ_YOR081C,0.0,3.309495508770511e-05
catpred,r_3274_ENZ_YBR204C,0.0,6.342396480737262e-05
catpred,r_3274_ENZ_YKR089C,0.0,1.548348448195949e-05
catpred,r_3274_ENZ_YMR313C,0.0,3.348562917558076e-05
catpred,r_3274_ENZ_YOR081C,0.0,2.203394211162859e-05
catpred,r_3275_ENZ_YBR204C,0.0,9.085405005618448e-05
catpred,r_3275_ENZ_YKR089C,0.0,0.0001025823204632
catpred,r_3275_ENZ_YMR313C,0.0,0.0001022512105647
catpred,r_3275_ENZ_YOR081C,0.0,0.0001025823204917
catpred,r_3276_ENZ_YBR204C,0.0,0.0001029971661827
catpred,r_3276_ENZ_YKR089C,0.0,0.0001684227970976
catpred,r_3276_ENZ_YMR313C,0.0,0.0001091332026637
catpred,r_3276_ENZ_YOR081C,0.0,0.0001091332026638
catpred,r_3277_ENZ_YBR204C,0.0,0.000200165245532
catpred,r_3277_ENZ_YKR089C,0.0,0.000200165245532
catpred,r_3277_ENZ_YMR313C,0.0,0.0001746866798834
catpred,r_3277_ENZ_YOR081C,0.0,0.0001746866798852
catpred,r_3278_ENZ_YBR204C,0.0,9.774416490965936e-05
catpred,r_3278_ENZ_YKR089C,0.0,9.77952642147488e-05
catpred,r_3278_ENZ_YMR313C,0.0,9.77952642281242e-05
catpred,r_3278_ENZ_YOR081C,0.0,9.779526423028242e-05
catpred,r_3279_ENZ_YBR204C,0.0,7.533644752186902e-05
catpred,r_3279_ENZ_YKR089C,0.0,2.471208397638532e-05
catpred,r_3279_ENZ_YMR313C,0.0,4.054206059830637e-05
catpred,r_3279_ENZ_YOR081C,0.0,4.054206059830637e-05
catpred,r_3280_ENZ_YBR204C,0.0,6.920505529546344e-05
catpred,r_3280_ENZ_YKR089C,0.0,1.692028607591439e-05
catpred,r_3280_ENZ_YMR313C,0.0,3.600723917529084e-05
catpred,r_3280_ENZ_YOR081C,0.0,2.2577637088549204e-05
catpred,r_3281_ENZ_YBR204C,0.0,0.0001890222518522
catpred,r_3281_ENZ_YKR089C,0.0,0.0001890111502467
catpred,r_3281_ENZ_YMR313C,0.0,0.0001890111501786
catpred,r_3281_ENZ_YOR081C,0.0,0.0001890111501786
catpred,r_3282_ENZ_YBR204C,0.0,6.302221316298621e-05
catpred,r_3282_ENZ_YKR089C,0.0,1.5064955992456328e-05
catpred,r_3282_ENZ_YMR313C,0.0,3.351501569021165e-05
catpred,r_3282_ENZ_YOR081C,0.0,3.351501569031835e-05
catpred,r_3283_ENZ_YBR204C,0.0,8.687071603534602e-05
catpred,r_3283_ENZ_YKR089C,0.0,8.687071606002521e-05
catpred,r_3283_ENZ_YMR313C,0.0,8.687071606991942e-05
catpred,r_3283_ENZ_YOR081C,0.0,0.0001025871763158
catpred,r_3284_ENZ_YBR204C,0.0,0.0001030537843582
catpred,r_3284_ENZ_YKR089C,0.0,0.0001098031378563
catpred,r_3284_ENZ_YMR313C,0.0,0.0001098031378563
catpred,r_3284_ENZ_YOR081C,0.0,0.0001098031378563
catpred,r_3285_ENZ_YBR204C,0.0,0.0001463982598929
catpred,r_3285_ENZ_YKR089C,0.0,0.0001674662118881
catpred,r_3285_ENZ_YMR313C,0.0,0.00016746621189
catpred,r_3285_ENZ_YOR081C,0.0,0.0001674662118882
catpred,r_3286_ENZ_YBR204C,0.0,9.780052836540968e-05
catpred,r_3286_ENZ_YKR089C,0.0,9.780052836541276e-05
catpred,r_3286_ENZ_YMR313C,0.0,9.77449467704514e-05
catpred,r_3286_ENZ_YOR081C,0.0,9.779446447733908e-05
catpred,r_3287_ENZ_YBR204C,0.0,7.082889722508936e-05
catpred,r_3287_ENZ_YKR089C,0.0,2.4819440114090718e-05
catpred,r_3287_ENZ_YMR313C,0.0,4.332547317940916e-05
catpred,r_3287_ENZ_YOR081C,0.0,3.242425349115743e-05
catpred,r_3288_ENZ_YBR204C,0.0,6.834620769536259e-05
catpred,r_3288_ENZ_YKR089C,0.0,1.607056795591118e-05
catpred,r_3288_ENZ_YMR313C,0.0,3.507296021531669e-05
catpred,r_3288_ENZ_YOR081C,0.0,3.507296021531876e-05
catpred,r_3289_ENZ_YBR204C,0.0,0.0001890018947993
catpred,r_3289_ENZ_YKR089C,0.0,0.0001890018947993
catpred,r_3289_ENZ_YMR313C,0.0,0.0001890018947992
catpred,r_3289_ENZ_YOR081C,0.0,0.0001673848165795
catpred,r_3290_ENZ_YBR204C,0.0,8.12643244652593e-05
catpred,r_3290_ENZ_YKR089C,0.0,8.12643244652593e-05
catpred,r_3290_ENZ_YMR313C,0.0,7.07094661751798e-05
catpred,r_3290_ENZ_YOR081C,0.0,9.608704511888994e-05
catpred,r_3291_ENZ_YBR204C,0.0,9.085447394178494e-05
catpred,r_3291_ENZ_YKR089C,0.0,0.0001037361269794
catpred,r_3291_ENZ_YMR313C,0.0,0.0001037361269875
catpred,r_3291_ENZ_YOR081C,0.0,7.946766899814966e-05
catpred,r_3292_ENZ_YBR204C,0.0,7.403006766409925e-05
catpred,r_3292_ENZ_YKR089C,0.0,2.018446749030788e-05
catpred,r_3292_ENZ_YMR313C,0.0,3.941166960398884e-05
catpred,r_3292_ENZ_YOR081C,0.0,2.772193384680927e-05
catpred,r_3293_ENZ_YBR204C,0.0,0.0001876077668422
catpred,r_3293_ENZ_YKR089C,0.0,0.0002003118829635
catpred,r_3293_ENZ_YMR313C,0.0,0.0001953563225686
catpred,r_3293_ENZ_YOR081C,0.0,0.0001953563226907
catpred,r_3294_ENZ_YBR204C,0.0,9.774402496668712e-05
catpred,r_3294_ENZ_YKR089C,0.0,9.7744024966687e-05
catpred,r_3294_ENZ_YMR313C,0.0,9.774402496684408e-05
catpred,r_3294_ENZ_YOR081C,0.0,9.774402496680676e-05
catpred,r_3295_ENZ_YBR204C,0.0,7.755920639791793e-05
catpred,r_3295_ENZ_YKR089C,0.0,3.284971625370917e-05
catpred,r_3295_ENZ_YMR313C,0.0,4.796119765992167e-05
catpred,r_3295_ENZ_YOR081C,0.0,4.3198684289778855e-05
catpred,r_3296_ENZ_YMR313C,0.0,3.729051848978055e-05
catpred,r_3297_ENZ_YCR068W,0.0,5.384208599038805e-05
catpred,r_3297_ENZ_YMR313C,0.0,2.920030385502063e-05
catpred,r_3298_ENZ_YMR313C,0.0,4.259467390434332e-05
catpred,r_3299_ENZ_YMR313C,0.0,2.844994901435505e-05
catpred,r_3300_ENZ_YMR313C,0.0,2.722444762356996e-05
catpred,r_3301_ENZ_YMR313C,0.0,2.2728150550507245e-05
catpred,r_3302_ENZ_YMR313C,0.0,2.440079690082305e-05
catpred,r_3303_ENZ_YMR313C,0.0,3.086673068087731e-05
catpred,r_3304_ENZ_YDR058C,0.0,-0.0
catpred,r_3305_ENZ_YDR058C,0.0,-0.0
catpred,r_3306_ENZ_YDR058C,0.0,-0.0
catpred,r_3307_ENZ_YDR058C,0.0,-0.0
catpred,r_3308_ENZ_YKL094W,0.0,3.749995584125576e-05
catpred,r_3309_ENZ_YKL094W,0.0,5.377283301189351e-05
catpred,r_3310_ENZ_YKL094W,0.0,3.605012008658958e-05
catpred,r_3311_ENZ_YKL094W,0.0,3.131423437497373e-05
catpred,r_3312_ENZ_YMR313C,0.0,0.0002090090163489
catpred,r_3313_ENZ_YMR313C,0.0,0.000239573712465
catpred,r_3314_ENZ_YMR313C,0.0,0.0002232714915139
catpred,r_3315_ENZ_YMR313C,0.0,0.00021409462388
catpred,r_3316_ENZ_YKR089C,0.0,0.0001463982596908
catpred,r_3317_ENZ_YKR089C,0.0,6.134357613341022e-05
catpred,r_3318_ENZ_YKR089C,0.0,6.320487976503586e-05
catpred,r_3319_ENZ_YKR089C,0.0,6.198613002431769e-05
catpred,r_3320_ENZ_YKR089C,0.0,9.034734728654556e-05
catpred,r_3321_ENZ_YKR089C,0.0,3.943925860063906e-05
catpred,r_3322_ENZ_YKR089C,0.0,3.3349525785042466e-05
catpred,r_3323_ENZ_YKR089C,0.0,3.786361886564098e-05
catpred,r_3324_ENZ_YKR089C,0.0,0.0002001369650088
catpred,r_3325_ENZ_YKR089C,0.0,0.0001673862270613
catpred,r_3326_ENZ_YKR089C,0.0,0.0001664523414009
catpred,r_3327_ENZ_YKR089C,0.0,0.0001673870416416
catpred,r_3328_ENZ_YKR089C,0.0,0.0001018262547967
catpred,r_3329_ENZ_YKR089C,0.0,9.086073568325514e-05
catpred,r_3330_ENZ_YKR089C,0.0,9.035262805727109e-05
catpred,r_3331_ENZ_YKR089C,0.0,0.0001025921244944
catpred,r_3332_FWD,0.0,0.0002144043231372
catpred,r_3332_REV,0.0,0.0
catpred,r_3333_FWD,0.0,0.0002229580917472
catpred,r_3333_REV,0.0,0.0
catpred,r_3334_FWD,0.0,0.0002914006916512
catpred,r_3334_REV,0.0,0.0
catpred,r_3335_FWD,0.0,0.0002586041308845
catpred,r_3335_REV,0.0,0.0
catpred,r_3336_FWD,0.0,0.0001817197936753
catpred,r_3336_REV,0.0,0.0
catpred,r_3337_FWD,0.0,0.0002586041308845
catpred,r_3337_REV,0.0,0.0
catpred,r_3338_FWD,0.0,0.0002586041308845
catpred,r_3338_REV,0.0,0.0
catpred,r_3339_FWD,0.0,0.0002586041308845
catpred,r_3339_REV,0.0,0.0
catpred,r_3340_FWD,0.0,0.0001219531456229
catpred,r_3340_REV,0.0,0.0
catpred,r_3341_FWD,0.0,0.0001290400018163
catpred,r_3341_REV,0.0,0.0
catpred,r_3342_FWD,0.0,0.0001295992040377
catpred,r_3342_REV,0.0,0.0
catpred,r_3343_FWD,0.0,0.0001295992040163
catpred,r_3343_REV,0.0,0.0
catpred,r_3344_FWD,0.0,0.0001289022678125
catpred,r_3344_REV,0.0,0.0
catpred,r_3345_FWD,0.0,0.0001219518724013
catpred,r_3345_REV,0.0,0.0
catpred,r_3346_FWD,0.0,0.0001219532486409
catpred,r_3346_REV,0.0,0.0
catpred,r_3347_FWD,0.0,0.0001219532486409
catpred,r_3347_REV,0.0,0.0
catpred,r_3348_ENZ_YDR072C,0.0,0.0
catpred,r_3349_ENZ_YDR072C,0.0,0.0
catpred,r_3350_ENZ_YDR072C,0.0,0.0
catpred,r_3351_ENZ_YDR072C,0.0,0.0
catpred,r_3352_ENZ_YDR072C,0.0,0.0
catpred,r_3353_ENZ_YDR072C,0.0,0.0
catpred,r_3354_ENZ_YDR072C,0.0,0.0
catpred,r_3355_ENZ_YDR072C,0.0,0.0
catpred,r_3356_ENZ_YDR072C,0.0,0.0
catpred,r_3357_ENZ_YDR072C,0.0,0.0
catpred,r_3358_ENZ_YDR072C,0.0,0.0
catpred,r_3359_ENZ_YDR072C,0.0,0.0
catpred,r_3360_ENZ_YDR072C,0.0,0.0
catpred,r_3361_ENZ_YDR072C,0.0,0.0
catpred,r_3362_ENZ_YDR072C,0.0,0.0
catpred,r_3363_ENZ_YDR072C,0.0,0.0
catpred,r_3364_ENZ_YDR072C,0.0,0.0
catpred,r_3365_ENZ_YDR072C,0.0,0.0
catpred,r_3366_ENZ_YDR072C,0.0,0.0
catpred,r_3367_ENZ_YDR072C,0.0,0.0
catpred,r_3368_ENZ_YDR072C,0.0,0.0
catpred,r_3369_ENZ_YDR072C,0.0,0.0
catpred,r_3370_ENZ_YDR072C,0.0,0.0
catpred,r_3371_ENZ_YDR072C,0.0,0.0
catpred,r_3372_ENZ_YDR072C,0.0,0.0
catpred,r_3373_ENZ_YDR072C,0.0,0.0
catpred,r_3374_ENZ_YDR072C,0.0,0.0
catpred,r_3375_ENZ_YDR072C,0.0,0.0
catpred,r_3376_ENZ_YDR072C,0.0,0.0
catpred,r_3377_ENZ_YDR072C,0.0,0.0
catpred,r_3378_ENZ_YDR072C,0.0,0.0
catpred,r_3379_ENZ_YDR072C,0.0,0.0
catpred,r_3380_ENZ_YDR072C,0.0,0.0
catpred,r_3381_ENZ_YDR072C,0.0,0.0
catpred,r_3382_ENZ_YDR072C,0.0,0.0
catpred,r_3383_ENZ_YDR072C,0.0,0.0
catpred,r_3384_ENZ_YDR072C,0.0,0.0
catpred,r_3385_ENZ_YDR072C,0.0,0.0
catpred,r_3386_ENZ_YDR072C,0.0,0.0
catpred,r_3387_ENZ_YDR072C,0.0,0.0
catpred,r_3388_ENZ_YDR072C,0.0,0.0
catpred,r_3389_ENZ_YDR072C,0.0,0.0
catpred,r_3390_ENZ_YDR072C,0.0,0.0
catpred,r_3391_ENZ_YDR072C,0.0,0.0
catpred,r_3392_ENZ_YDR072C,0.0,0.0
catpred,r_3393_ENZ_YDR072C,0.0,0.0
catpred,r_3394_ENZ_YDR072C,0.0,0.0
catpred,r_3395_ENZ_YDR072C,0.0,0.0
catpred,r_3396_ENZ_YDR072C,0.0,0.0
catpred,r_3397_ENZ_YDR072C,0.0,0.0
catpred,r_3398_ENZ_YDR072C,0.0,0.0
catpred,r_3399_ENZ_YDR072C,0.0,0.0
catpred,r_3400_ENZ_YDR072C,0.0,0.0
catpred,r_3401_ENZ_YDR072C,0.0,0.0
catpred,r_3402_ENZ_YDR072C,0.0,0.0
catpred,r_3403_ENZ_YDR072C,0.0,0.0
catpred,r_3404_ENZ_YDR072C,0.0,0.0
catpred,r_3405_ENZ_YDR072C,0.0,0.0
catpred,r_3406_ENZ_YDR072C,0.0,0.0
catpred,r_3407_ENZ_YDR072C,0.0,0.0
catpred,r_3408_ENZ_YDR072C,0.0,0.0
catpred,r_3409_ENZ_YDR072C,0.0,0.0
catpred,r_3410_ENZ_YDR072C,0.0,0.0
catpred,r_3411_ENZ_YDR072C,0.0,0.0
catpred,r_3412_ENZ_YDR072C,0.0,0.0
catpred,r_3413_ENZ_YDR072C,0.0,0.0
catpred,r_3414_ENZ_YDR072C,0.0,0.0
catpred,r_3415_ENZ_YDR072C,0.0,0.0
catpred,r_3416_ENZ_YDR072C,0.0,0.0
catpred,r_3417_ENZ_YDR072C,0.0,0.0
catpred,r_3418_ENZ_YDR072C,0.0,0.0
catpred,r_3419_ENZ_YDR072C,0.0,0.0
catpred,r_3420_ENZ_YDR072C,0.0,0.0
catpred,r_3421_ENZ_YDR072C,0.0,0.0
catpred,r_3422_ENZ_YDR072C,0.0,0.0
catpred,r_3423_ENZ_YDR072C,0.0,0.0
catpred,r_3424_ENZ_YDR072C,0.0,0.0
catpred,r_3425_ENZ_YDR072C,0.0,0.0
catpred,r_3426_ENZ_YDR072C,0.0,0.0
catpred,r_3427_ENZ_YDR072C,0.0,0.0
catpred,r_3428_ENZ_YDR367W_and_YKL004W,0.0,5.124860806241449e-05
catpred,r_3429_ENZ_YDR367W_and_YKL004W,0.0,5.900208544270136e-05
catpred,r_3430_ENZ_YDR367W_and_YKL004W,0.0,4.77912736432883e-05
catpred,r_3431_ENZ_YDR367W_and_YKL004W,0.0,3.769962597729479e-05
catpred,r_3432_ENZ_YDR367W_and_YKL004W,0.0,2.5706184315288544e-05
catpred,r_3433_ENZ_YDR367W_and_YKL004W,0.0,4.145803315659061e-05
catpred,r_3434_ENZ_YDR367W_and_YKL004W,0.0,3.2857154463544386e-05
catpred,r_3435_ENZ_YDR367W_and_YKL004W,0.0,2.804425045241917e-05
catpred,r_3436_ENZ_YDR367W_and_YKL004W,0.0,5.100585582721836e-05
catpred,r_3437_ENZ_YDR367W_and_YKL004W,0.0,5.8678429907125466e-05
catpred,r_3438_ENZ_YDR367W_and_YKL004W,0.0,4.7578668870527423e-05
catpred,r_3439_ENZ_YDR367W_and_YKL004W,0.0,3.904727775089173e-05
catpred,r_3440_ENZ_YDR367W_and_YKL004W,0.0,2.5647603300791005e-05
catpred,r_3441_ENZ_YDR367W_and_YKL004W,0.0,4.12971248644434e-05
catpred,r_3442_ENZ_YDR367W_and_YKL004W,0.0,3.2759738643289324e-05
catpred,r_3443_ENZ_YDR367W_and_YKL004W,0.0,3.3904472052093126e-05
catpred,r_3444_ENZ_YDR367W_and_YKL004W,0.0,5.318172931913341e-05
catpred,r_3445_ENZ_YDR367W_and_YKL004W,0.0,5.861651534075536e-05
catpred,r_3446_ENZ_YDR367W_and_YKL004W,0.0,4.7538105535179775e-05
catpred,r_3447_ENZ_YDR367W_and_YKL004W,0.0,3.901898448252717e-05
catpred,r_3448_ENZ_YDR367W_and_YKL004W,0.0,2.4662037389656054e-05
catpred,r_3449_ENZ_YDR367W_and_YKL004W,0.0,5.298807474594155e-05
catpred,r_3450_ENZ_YDR367W_and_YKL004W,0.0,3.2740638447244096e-05
catpred,r_3451_ENZ_YDR367W_and_YKL004W,0.0,2.689514644368337e-05
catpred,r_3452_ENZ_YDR367W_and_YKL004W,0.0,5.069325387105838e-05
catpred,r_3453_ENZ_YDR367W_and_YKL004W,0.0,5.826401451073347e-05
catpred,r_3454_ENZ_YDR367W_and_YKL004W,0.0,4.548352768017839e-05
catpred,r_3455_ENZ_YDR367W_and_YKL004W,0.0,3.886570111344721e-05
catpred,r_3456_ENZ_YDR367W_and_YKL004W,0.0,2.556640164230392e-05
catpred,r_3457_ENZ_YDR367W_and_YKL004W,0.0,3.8544590973544375e-05
catpred,r_3458_ENZ_YDR367W_and_YKL004W,0.0,5.06223585148291e-05
catpred,r_3459_ENZ_YDR367W_and_YKL004W,0.0,2.681822831396145e-05
catpred,r_3460_ENZ_YDR367W_and_YKL004W,0.0,4.816672689102923e-05
catpred,r_3461_ENZ_YDR367W_and_YKL004W,0.0,5.912773900464651e-05
catpred,r_3462_ENZ_YDR367W_and_YKL004W,0.0,4.785684852303871e-05
catpred,r_3463_ENZ_YDR367W_and_YKL004W,0.0,3.92332311719704e-05
catpred,r_3464_ENZ_YDR367W_and_YKL004W,0.0,1.8961334527685254e-05
catpred,r_3465_ENZ_YDR367W_and_YKL004W,0.0,3.8933191626775e-05
catpred,r_3466_ENZ_YDR367W_and_YKL004W,0.0,3.288742421395446e-05
catpred,r_3467_ENZ_YDR367W_and_YKL004W,0.0,2.6999981280191235e-05
catpred,r_3468_ENZ_YDR367W_and_YKL004W,0.0,5.109510488949653e-05
catpred,r_3469_ENZ_YDR367W_and_YKL004W,0.0,5.514891576548841e-05
catpred,r_3470_ENZ_YDR367W_and_YKL004W,0.0,4.763282268076441e-05
catpred,r_3471_ENZ_YDR367W_and_YKL004W,0.0,3.910316080835004e-05
catpred,r_3472_ENZ_YDR367W_and_YKL004W,0.0,2.5660908899203955e-05
catpred,r_3473_ENZ_YDR367W_and_YKL004W,0.0,3.8776553533771685e-05
catpred,r_3474_ENZ_YDR367W_and_YKL004W,0.0,3.1539434375357465e-05
catpred,r_3475_ENZ_YDR367W_and_YKL004W,0.0,2.691994242579917e-05
catpred,r_3476_ENZ_YDR367W_and_YKL004W,0.0,5.117188744056594e-05
catpred,r_3477_ENZ_YDR367W_and_YKL004W,0.0,5.889696487930808e-05
catpred,r_3478_ENZ_YDR367W_and_YKL004W,0.0,4.772416006463838e-05
catpred,r_3479_ENZ_YDR367W_and_YKL004W,0.0,3.914330657808059e-05
catpred,r_3480_ENZ_YDR367W_and_YKL004W,0.0,2.471151077479566e-05
catpred,r_3481_ENZ_YDR367W_and_YKL004W,0.0,3.8839207837263606e-05
catpred,r_3482_ENZ_YDR367W_and_YKL004W,0.0,3.2828391522597544e-05
catpred,r_3483_ENZ_YDR367W_and_YKL004W,0.0,3.42340008209917e-05
catpred,r_3484_ENZ_YDR367W_and_YKL004W,0.0,5.085917670607761e-05
catpred,r_3485_ENZ_YDR367W_and_YKL004W,0.0,5.8479173538824106e-05
catpred,r_3486_ENZ_YDR367W_and_YKL004W,0.0,4.744777166198323e-05
catpred,r_3487_ENZ_YDR367W_and_YKL004W,0.0,3.895799964740751e-05
catpred,r_3488_ENZ_YDR367W_and_YKL004W,0.0,2.560702012522828e-05
catpred,r_3489_ENZ_YDR367W_and_YKL004W,0.0,3.864545072047388e-05
catpred,r_3490_ENZ_YDR367W_and_YKL004W,0.0,3.269949386607033e-05
catpred,r_3491_ENZ_YDR367W_and_YKL004W,0.0,2.792626197134496e-05
catpred,r_3492_ENZ_YDR367W_and_YKL004W,0.0,5.121122291873491e-05
catpred,r_3493_ENZ_YDR367W_and_YKL004W,0.0,5.895312324069807e-05
catpred,r_3494_ENZ_YDR367W_and_YKL004W,0.0,4.7758570202474605e-05
catpred,r_3495_ENZ_YDR367W_and_YKL004W,0.0,3.7679224000133725e-05
catpred,r_3496_ENZ_YDR367W_and_YKL004W,0.0,2.4721418256080065e-05
catpred,r_3497_ENZ_YDR367W_and_YKL004W,0.0,3.885263342824023e-05
catpred,r_3498_ENZ_YDR367W_and_YKL004W,0.0,3.161148931940726e-05
catpred,r_3499_ENZ_YDR367W_and_YKL004W,0.0,2.6971298189646047e-05
catpred,r_3500_ENZ_YDR367W_and_YKL004W,0.0,5.089981198844965e-05
catpred,r_3501_ENZ_YDR367W_and_YKL004W,0.0,6.225564031369594e-05
catpred,r_3502_ENZ_YDR367W_and_YKL004W,0.0,4.749970035761826e-05
catpred,r_3503_ENZ_YDR367W_and_YKL004W,0.0,3.899221428316224e-05
catpred,r_3504_ENZ_YDR367W_and_YKL004W,0.0,3.745939067109606e-05
catpred,r_3505_ENZ_YDR367W_and_YKL004W,0.0,5.228447725569959e-05
catpred,r_3506_ENZ_YDR367W_and_YKL004W,0.0,4.166891460709429e-05
catpred,r_3507_ENZ_YDR367W_and_YKL004W,0.0,3.520223419192342e-05
catpred,r_3508_FWD,0.0,6.915313072772265e-05
catpred,r_3508_REV,0.0,0.0
catpred,r_3509_FWD,0.0,4.053230247791362e-05
catpred,r_3509_REV,0.0,1.8390074016543347e-05
catpred,r_3510_FWD,0.0,0.0001030628417077
catpred,r_3510_REV,0.0,0.0003189041919142
catpred,r_3511_FWD,0.0,0.0001030615247328
catpred,r_3511_REV,0.0,0.0017415162831531
catpred,r_3512_FWD,0.0,0.000103063714045
catpred,r_3512_REV,0.0,0.0002349610572617
catpred,r_3513_FWD,0.0,9.673405098828402e-05
catpred,r_3513_REV,0.0,0.0001178387602452
catpred,r_3514_FWD,0.0,0.0001970667241563
catpred,r_3514_REV,0.0,0.0
catpred,r_3515_FWD,0.0,9.67876694747393e-05
catpred,r_3515_REV,0.0,0.0001031240429896
catpred,r_3516_FWD,0.0,0.0001031158886943
catpred,r_3516_REV,0.0,9.912312969521062e-05
catpred,r_3517_FWD,0.0345716127258802,0.035089797282263
catpred,r_3517_REV,0.0,0.0
catpred,r_3518_FWD,0.0,0.0001030660976354
catpred,r_3518_REV,0.0,0.0045919671470453
catpred,r_3519_FWD,0.0105662480811113,0.0110088442155661
catpred,r_3519_REV,0.0,0.0
catpred,r_3520_FWD,0.0,0.0001030719427388
catpred,r_3520_REV,0.0,0.0005558874931685
catpred,r_3521_FWD,0.0,0.0
catpred,r_3521_REV,0.0,2.0911797756854693e-05
catpred,r_3522_FWD,0.0,0.0
catpred,r_3522_REV,0.0,1.5149831521607458e-05
catpred,r_3523_FWD,0.0,0.0002287994527155
catpred,r_3523_REV,0.0,0.0001517371188134
catpred,r_3524_FWD,0.0,0.0001432186816544
catpred,r_3524_REV,0.0,0.0001477660210191
catpred,r_3525_FWD,0.0033746432034353,0.0060913809435418
catpred,r_3525_REV,0.0,0.0
catpred,r_3526_ENZ_YLL052C_FWD,0.0,0.0
catpred,r_3526_ENZ_YLL052C_REV,0.0,0.0
catpred,r_3526_ENZ_YPR192W_FWD,0.0,0.0
catpred,r_3526_ENZ_YPR192W_REV,0.0691678749250658,0.0695811563081
catpred,r_3527_FWD,0.0,0.0
catpred,r_3527_REV,0.0,0.0001968791811381
catpred,r_3528_FWD,0.0,0.0
catpred,r_3528_REV,0.0405896276708833,0.0459386864400742
catpred,r_3529_FWD,0.0076411861983958,0.0094149743503662
catpred,r_3529_REV,0.0,0.0
catpred,r_3530_FWD,0.0,0.0
catpred,r_3530_REV,0.0077137353826384,0.0094115272586197
catpred,r_3531_FWD,0.0346974152393202,0.0347059109011225
catpred,r_3531_REV,0.0,0.0
catpred,r_3532_FWD,0.0656300874951111,0.0657072097554898
catpred,r_3532_REV,0.0,0.0
catpred,r_3533_FWD,0.0,0.0
catpred,r_3533_REV,0.0656298758469929,0.0657072097554538
catpred,r_3534_FWD,0.0098268864860565,0.0118392849492192
catpred,r_3534_REV,0.0,0.0
catpred,r_3535_FWD,0.0075147579380549,0.0095188883867195
catpred,r_3535_REV,0.0,0.0
catpred,r_3536_FWD,0.0,0.0
catpred,r_3536_REV,0.015234945727245,0.0171824859171972
catpred,r_3537_FWD,0.0,0.0
catpred,r_3537_REV,0.0,0.0002321577211633
catpred,r_3538_FWD,0.0170155209688716,0.0171057183464652
catpred,r_3538_REV,0.0,0.0
catpred,r_3539_FWD,0.0,0.0
catpred,r_3539_REV,0.0,8.910812421344849e-05
catpred,r_3540_FWD,0.0,0.0
catpred,r_3540_REV,0.0170206284593122,0.0170913035837848
catpred,r_3541_FWD,0.0,0.0
catpred,r_3541_REV,0.0,0.0
catpred,r_3542_FWD,0.0,5.683830513020381e-05
catpred,r_3542_REV,0.0,0.0
catpred,r_3543_FWD,0.0,0.0001467960357052
catpred,r_3543_REV,0.0,0.0018356171863447
catpred,r_3544_FWD,0.0,0.0018356171865994
catpred,r_3544_REV,0.0,0.0002024425415716
catpred,r_3545_ENZ_YKR039W_FWD,0.0146253905697173,0.0147017356356163
catpred,r_3545_ENZ_YKR039W_REV,0.0,0.0
catpred,r_3546_FWD,0.0023110526457838,0.0024665783180503
catpred,r_3546_REV,0.0,0.0
catpred,r_3547_FWD,0.0288030666900033,0.0289246290867733
catpred,r_3547_REV,0.0,0.0
catpred,r_3548_FWD,0.0,0.0
catpred,r_3548_REV,0.0288030666900033,0.0289284049166228
catpred,r_3549_FWD,0.0,0.0
catpred,r_3549_REV,0.0,0.0
catpred,r_3550_FWD,0.0,0.0
catpred,r_3550_REV,0.0,0.0
catpred,r_3551_FWD,0.0,0.0
catpred,r_3551_REV,0.0,0.0
catpred,r_3552_FWD,0.0,999.9925896120589
catpred,r_3552_REV,0.0,999.9971216794788
catpred,r_3553_FWD,0.0,2.952475441864166e-05
catpred,r_3553_REV,0.0,0.0
catpred,r_3554_FWD,0.0,0.0001149699084448
catpred,r_3554_REV,0.0,0.0002222481690946
catpred,r_3555_FWD,0.0,0.0001310978680644
catpred,r_3555_REV,0.0,0.0003040857294878
catpred,r_3556_FWD,0.0,0.0001135344293621
catpred,r_3556_REV,0.0,0.0002137282007074
catpred,r_3557_FWD,0.0,0.0002595844712524
catpred,r_3557_REV,0.0,0.0025731897839826
catpred,r_3558_FWD,0.0,0.0001664414257623
catpred,r_3558_REV,0.0,0.0025743586909697
catpred,r_3559_FWD,0.0,0.0001561470825272
catpred,r_3559_REV,0.0,0.0025687118945663
catpred,r_3560_FWD,0.0,0.0001673912106297
catpred,r_3560_REV,0.0,0.0025743097591211
catpred,r_3561_FWD,0.0,0.0001883899148157
catpred,r_3561_REV,0.0,0.0025683127823188
catpred,r_3562_FWD,0.0,0.0002734199770076
catpred,r_3562_REV,0.0002209130828116,0.0023881873124358
catpred,r_3563_FWD,0.0,0.0002113106957049
catpred,r_3563_REV,0.0,0.0004950694356386
catpred,r_3564_FWD,0.0,0.0002431231767388
catpred,r_3564_REV,0.0,0.0022273961310054
catpred,r_3565_FWD,0.0,0.0002801295874377
catpred,r_3565_REV,0.0,0.0001842120819617
catpred,r_3566_FWD,0.0,0.0002061444732444
catpred,r_3566_REV,0.0,5.377021247664405e-05
catpred,r_3567_FWD,0.0,0.0002196525607534
catpred,r_3567_REV,0.0,0.0002066379393402
catpred,r_3568_FWD,0.0,9.318066566077476e-05
catpred,r_3568_REV,0.0,0.0001039801931312
catpred,r_3569_FWD,0.0,0.0002196519330937
catpred,r_3569_REV,0.0,4.656683077885383e-05
catpred,r_3570_FWD,0.0,1.7991884353563125e-05
catpred,r_3570_REV,0.0,0.0
catpred,r_3571_FWD,0.0,0.0001006138882748
catpred,r_3571_REV,0.0,0.0003128167622081
catpred,r_3572_FWD,0.0,0.0001030694327401
catpred,r_3572_REV,0.0,0.0017508958908358
catpred,r_3573_FWD,0.0,0.000103069126384
catpred,r_3573_REV,0.0,0.0002191861393802
catpred,r_3574_FWD,0.0,9.673100623934122e-05
catpred,r_3574_REV,0.0,0.0001030624192431
catpred,r_3575_FWD,0.0,0.0001392187721526
catpred,r_3575_REV,0.0,0.0001030694522158
catpred,r_3576_FWD,0.0,0.0001030758586812
catpred,r_3576_REV,0.0,0.0001298478421089
catpred,r_3577_FWD,0.0,0.0003241855283177
catpred,r_3577_REV,0.0,9.672716375383196e-05
catpred,r_3578_FWD,0.0,0.0045996918070855
catpred,r_3578_REV,0.0,0.0001030621814588
catpred,r_3579_FWD,0.0,0.0002685302248928
catpred,r_3579_REV,0.0,9.674454897118732e-05
catpred,r_3580_FWD,0.0,0.0005426466003198
catpred,r_3580_REV,0.0,0.0001031162903546
catpred,r_3581_FWD,0.0,0.0002683152617329
catpred,r_3581_REV,0.0,0.0
catpred,r_3582_FWD,0.0,0.0005558372098546
catpred,r_3582_REV,0.0,0.0
catpred,r_3583_FWD,0.0,0.0007377837578091
catpred,r_3583_REV,0.0,0.0
catpred,r_3584_FWD,0.0,0.0
catpred,r_3584_REV,0.0,0.0005409600257317
catpred,r_3585_FWD,0.0,0.0001526016602992
catpred,r_3585_REV,0.0,0.0018356171834114
catpred,r_3586_FWD,0.0,0.0017798791484276
catpred,r_3586_REV,0.0,0.0002024425423838
catpred,r_3587_FWD,0.0,0.0017798791725314
catpred,r_3587_REV,0.0,0.0002025339858948
catpred,r_3588_FWD,0.0,0.0002585395618377
catpred,r_3588_REV,0.0,0.0001386845701678
catpred,r_3589_FWD,0.0,0.0003040857466022
catpred,r_3589_REV,0.0,0.0001303677361975
catpred,r_3590_FWD,0.0,0.0002204445701119
catpred,r_3590_REV,0.0,0.0001064654638337
catpred,r_3591_FWD,0.0,0.0025742898578434
catpred,r_3591_REV,0.0,0.0001749001807895
catpred,r_3592_FWD,0.0,0.0025617670718856
catpred,r_3592_REV,0.0,0.0001664391185316
catpred,r_3593_FWD,0.0,0.0025727430838391
catpred,r_3593_REV,0.0,0.0001673754951522
catpred,r_3594_FWD,0.0,0.002574129593225
catpred,r_3594_REV,0.0,0.0001664411531857
catpred,r_3595_FWD,0.0,0.0025658998297305
catpred,r_3595_REV,0.0,0.0001676619487481
catpred,r_3596_FWD,0.0,0.0001673725644901
catpred,r_3596_REV,0.0,0.0
catpred,r_3597_FWD,0.0,4.656983482062937e-05
catpred,r_3597_REV,0.0,0.0
catpred,r_3598_FWD,0.0,0.0
catpred,r_3598_REV,0.0,0.0
catpred,r_3599_FWD,0.0,0.0002081259827723
catpred,r_3599_REV,0.0,0.0001526001934815
catpred,r_3600_FWD,0.0,0.0001526011752251
catpred,r_3600_REV,0.0,0.0002187718682943
catpred,r_3601_FWD,0.0,0.0002297956854242
catpred,r_3601_REV,0.0,0.0
catpred,r_3602_FWD,0.0,0.0
catpred,r_3602_REV,0.0,0.0003968859049052
catpred,r_3603_FWD,0.0,0.0002309065794197
catpred,r_3603_REV,0.0,0.0003478259952895
catpred,r_3604_ENZ_YLL052C_FWD,0.0,0.0001618868496415
catpred,r_3604_ENZ_YLL052C_REV,0.0,0.0
catpred,r_3604_ENZ_YLL053C_FWD,0.0,0.0001729245175776
catpred,r_3604_ENZ_YLL053C_REV,0.0,0.0
catpred,r_3604_ENZ_YPR192W_FWD,0.0,0.0001630113928428
catpred,r_3604_ENZ_YPR192W_REV,0.0,0.0
catpred,r_3605_ENZ_YCR037C_FWD,0.0,0.0
catpred,r_3605_ENZ_YCR037C_REV,0.0,0.0001630113928428
catpred,r_3605_ENZ_YJL198W_FWD,0.0,0.0
catpred,r_3605_ENZ_YJL198W_REV,0.0,0.0001377367514385
catpred,r_3605_ENZ_YML123C_FWD,0.0,0.0
catpred,r_3605_ENZ_YML123C_REV,0.0,0.0001738984126899
catpred,r_3606_ENZ_YCR098C_FWD,0.0,2.3197704060847826e-05
catpred,r_3606_ENZ_YCR098C_REV,0.0,0.0
catpred,r_3607_ENZ_YCR098C_FWD,0.0,2.21919025067636e-05
catpred,r_3607_ENZ_YCR098C_REV,0.0,0.0
catpred,r_3608_FWD,0.0,2.21919025067636e-05
catpred,r_3608_REV,0.0,0.0
catpred,r_3609_FWD,0.0,4.352812873383233e-05
catpred,r_3609_REV,0.0,0.0
catpred,r_3610_FWD,0.0,2.249196795990987e-05
catpred,r_3610_REV,0.0,0.0
catpred,r_3611_FWD,0.0,3.35354459514571e-05
catpred,r_3611_REV,0.0,0.0
catpred,r_3612_FWD,0.0,0.0
catpred,r_3612_REV,0.0,0.0
catpred,r_3613_FWD,0.0,0.0
catpred,r_3613_REV,0.0,0.0
catpred,r_3614_FWD,0.0,6.367370338286022e-05
catpred,r_3614_REV,0.0,6.125523870645965e-05
catpred,r_3615_FWD,0.0,6.36731875996056e-05
catpred,r_3615_REV,0.0,8.447644611435395e-05
catpred,r_3616_FWD,0.0,0.0002144243759364
catpred,r_3616_REV,0.0,0.0001149161908292
catpred,r_3617_FWD,0.0,0.0002196441394554
catpred,r_3617_REV,0.0,0.0001178408984774
catpred,r_3618_FWD,0.0,0.0002590130550546
catpred,r_3618_REV,0.0,0.0001149823257277
catpred,r_3619_FWD,0.0,0.000219759648123
catpred,r_3619_REV,0.0,0.0001600415370006
catpred,r_3620_FWD,0.0,0.0002196440052983
catpred,r_3620_REV,0.0,0.0001100595903826
catpred,r_3621_FWD,0.0,0.0002061518419793
catpred,r_3621_REV,0.0,0.0001149156505286
catpred,r_3622_FWD,0.0,8.427925531862002e-05
catpred,r_3622_REV,0.0,4.771292880922928e-05
catpred,r_3623_FWD,0.0,0.000219640297935
catpred,r_3623_REV,0.0,0.0001149083322218
catpred,r_3624_FWD,0.0,0.0002196646439966
catpred,r_3624_REV,0.0,0.000219663530494
catpred,r_3625_FWD,0.0,0.0002184142006704
catpred,r_3625_REV,0.0,0.000219641458262
catpred,r_3626_FWD,0.0,0.0002191856359914
catpred,r_3626_REV,0.0,0.0002113007635733
catpred,r_3627_FWD,0.0,0.0002100956563171
catpred,r_3627_REV,0.0,0.0002113204597886
catpred,r_3628_FWD,0.0,0.0002113022589398
catpred,r_3628_REV,0.0,0.0002196391994209
catpred,r_3629_FWD,0.0,0.0002184226598167
catpred,r_3629_REV,0.0,0.0002049126201804
catpred,r_3630_FWD,0.0,0.0001129082835049
catpred,r_3630_REV,0.0,8.760551166275832e-05
catpred,r_3631_FWD,0.0,0.0002787414734868
catpred,r_3631_REV,0.0,0.000276724764685
catpred,r_3632_FWD,0.0,0.0001293113650016
catpred,r_3632_REV,0.0,0.0
catpred,r_3633_FWD,0.0,0.0001209478158064
catpred,r_3633_REV,0.0,0.0
catpred,r_3634_FWD,0.0,0.0001447720192164
catpred,r_3634_REV,0.0,0.0
catpred,r_3635_FWD,0.0,0.0001209478173411
catpred,r_3635_REV,0.0,0.0
catpred,r_3636_FWD,0.0,0.0001142658759967
catpred,r_3636_REV,0.0,0.0
catpred,r_3637_FWD,0.0,0.000110544125647
catpred,r_3637_REV,0.0,0.0
catpred,r_3638_FWD,0.0,4.959602124365858e-05
catpred,r_3638_REV,0.0,0.0
catpred,r_3639_FWD,0.0,0.0001105523251521
catpred,r_3639_REV,0.0,0.0
catpred,r_3640_FWD,0.0,0.0
catpred,r_3640_REV,0.0,0.0
catpred,r_3641_FWD,0.0,0.0
catpred,r_3641_REV,0.0,0.0
catpred,r_3642_FWD,0.0,0.0
catpred,r_3642_REV,0.0,0.0
catpred,r_3643_FWD,0.0,0.0
catpred,r_3643_REV,0.0,0.0
catpred,r_3644_FWD,0.0,0.0
catpred,r_3644_REV,0.0,0.0
catpred,r_3645_FWD,0.0,0.0
catpred,r_3645_REV,0.0,0.0
catpred,r_3646_FWD,0.0,0.0
catpred,r_3646_REV,0.0,0.0
catpred,r_3647_FWD,0.0,0.0
catpred,r_3647_REV,0.0,0.0
catpred,r_3648_FWD,0.0,0.0001173244101906
catpred,r_3648_REV,0.0,0.0
catpred,r_3649_ENZ_YNR013C_FWD,0.0,0.0
catpred,r_3649_ENZ_YNR013C_REV,0.0,0.0001618205557107
catpred,r_3650_FWD,0.0,0.0003183306552347
catpred,r_3650_REV,0.0,0.0001447986759508
catpred,r_3651_FWD,0.0,0.0003183306552347
catpred,r_3651_REV,0.0,0.0
catpred,r_3652_FWD,0.0,0.0
catpred,r_3652_REV,0.0,0.0003183306552347
catpred,r_3653_FWD,0.0,0.0
catpred,r_3653_REV,0.0,0.0124579976170779
catpred,r_3654_FWD,0.0,0.0001393049218361
catpred,r_3654_REV,0.0,0.0
catpred,r_3655_FWD,0.0,0.0001431173936872
catpred,r_3655_REV,0.0,0.0
catpred,r_3656_FWD,0.0,0.000145700345949
catpred,r_3656_REV,0.0,0.0
catpred,r_3657_FWD,0.0,0.0001250189827402
catpred,r_3657_REV,0.0,0.0
catpred,r_3658_FWD,0.0,0.0001034428497189
catpred,r_3658_REV,0.0,0.0
catpred,r_3659_FWD,0.0,0.0001040565034483
catpred,r_3659_REV,0.0,0.0
catpred,r_3660_FWD,0.0,3.959237996906017e-05
catpred,r_3660_REV,0.0,0.0
catpred,r_3661_FWD,0.0,5.5606938874268704e-05
catpred,r_3661_REV,0.0,0.0
catpred,r_3662_FWD,0.0021601886496779,0.0026087850757315
catpred,r_3662_REV,0.0,0.0
catpred,r_3663_FWD,0.0,0.0
catpred,r_3663_REV,0.0021584225153856,0.0027209211404981
catpred,r_3664_FWD,0.0,0.0
catpred,r_3664_REV,0.004195292048694,0.0052983054023619
catpred,r_3665_FWD,0.0,0.0
catpred,r_3665_REV,0.0,0.0001392026346607
catpred,r_3666_FWD,0.0,0.0002196407830471
catpred,r_3666_REV,0.0,0.0
catpred,r_3667_FWD,0.0,0.0
catpred,r_3667_REV,0.0,0.0002311491111594
catpred,r_3668_FWD,0.0,0.0001046300313347
catpred,r_3668_REV,0.0,0.0
catpred,r_3669_FWD,0.0,0.0
catpred,r_3669_REV,0.0,0.0124564085219518
catpred,r_3670_FWD,0.0,0.0
catpred,r_3670_REV,0.0,0.0
catpred,r_3671_FWD,0.0,0.0
catpred,r_3671_REV,0.0,0.0
catpred,r_3672_FWD,0.0,5.260693202820949e-05
catpred,r_3672_REV,0.0,0.0
catpred,r_3673_FWD,0.0,5.156802989564682e-05
catpred,r_3673_REV,0.0,0.0
catpred,r_3674_FWD,0.0,4.457737758470533e-05
catpred,r_3674_REV,0.0,0.0
catpred,r_3675_FWD,0.0,4.156957683815098e-05
catpred,r_3675_REV,0.0,0.0
catpred,r_3676_FWD,0.0,3.839221356694424e-05
catpred,r_3676_REV,0.0,0.0
catpred,r_3677_FWD,0.0,4.501421315990586e-05
catpred,r_3677_REV,0.0,0.0
catpred,r_3678_FWD,0.0,0.0
catpred,r_3678_REV,0.0,0.0
catpred,r_3679_FWD,0.0,0.0
catpred,r_3679_REV,0.0,0.0
catpred,r_3680_ENZ_YHR002W_FWD,0.0,0.0
catpred,r_3680_ENZ_YHR002W_REV,0.0,0.0
catpred,r_3681_FWD,0.0,0.0001296377841044
catpred,r_3681_REV,0.0,0.0001298478411896
catpred,r_3682_FWD,0.0,0.0001030659194398
catpred,r_3682_REV,0.0,0.0001030620546429
catpred,r_3683_FWD,0.0,0.000143217678342
catpred,r_3683_REV,0.0,0.0001432071995241
catpred,r_3684_FWD,0.0,0.0001525914317164
catpred,r_3684_REV,0.0,0.0001432273640265
catpred,r_3685_FWD,0.0,0.0001406749789186
catpred,r_3685_REV,0.0,7.789961620977515e-05
catpred,r_3686_FWD,0.0,0.0001149800894847
catpred,r_3686_REV,0.0,0.0002210058884949
catpred,r_3687_FWD,0.0,6.426409169327241e-05
catpred,r_3687_REV,0.0,2.4992119730016622e-05
catpred,r_3688_FWD,0.0,0.0001025916080201
catpred,r_3688_REV,0.0,0.0002142046811097
catpred,r_3689_FWD,0.0,0.0001091321563454
catpred,r_3689_REV,0.0,0.0003240104984438
catpred,r_3690_FWD,0.0,0.0001310961457997
catpred,r_3690_REV,0.0,0.0002582415089711
catpred,r_3691_FWD,0.0,9.71968323686576e-05
catpred,r_3691_REV,0.0,0.0003059053726246
catpred,r_3692_FWD,0.0,7.59043415831865e-05
catpred,r_3692_REV,0.0,9.917626997467128e-05
catpred,r_3693_FWD,0.0,0.0001056538898388
catpred,r_3693_REV,0.0,0.0001208380613653
catpred,r_3694_FWD,0.0,0.0001141160007608
catpred,r_3694_REV,0.0,0.0002222464479071
catpred,r_3695_FWD,0.0,6.342322176569387e-05
catpred,r_3695_REV,0.0,5.7999448344560166e-05
catpred,r_3696_FWD,0.0,0.00010891309045
catpred,r_3696_REV,0.0,0.0002010380394889
catpred,r_3697_FWD,0.0,0.0001091321567666
catpred,r_3697_REV,0.0,7.106142795658367e-05
catpred,r_3698_FWD,0.0,0.0001889662824116
catpred,r_3698_REV,0.0,0.0025743720862014
catpred,r_3699_FWD,0.0,9.779341016782285e-05
catpred,r_3699_REV,0.0,5.986330689794832e-05
catpred,r_3700_FWD,0.0,7.532981395422472e-05
catpred,r_3700_REV,0.0,0.0001030918037357
catpred,r_3701_FWD,0.0,7.776834893791473e-05
catpred,r_3701_REV,0.0,4.057746687867923e-05
catpred,r_3702_FWD,0.0,0.0002001841019671
catpred,r_3702_REV,0.0,0.002567726436028
catpred,r_3703_FWD,0.0,6.302088334547641e-05
catpred,r_3703_REV,0.0,4.004179003879766e-05
catpred,r_3704_FWD,0.0,0.0001022599184778
catpred,r_3704_REV,0.0,0.0002140957106861
catpred,r_3705_FWD,0.0,0.0001516167235546
catpred,r_3705_REV,0.0,6.274520277777147e-05
catpred,r_3706_FWD,0.0,0.0001674606110921
catpred,r_3706_REV,0.0,0.0025853439535246
catpred,r_3707_FWD,0.0,9.39951367989419e-05
catpred,r_3707_REV,0.0,6.990023746853474e-05
catpred,r_3708_FWD,0.0,7.079084274334602e-05
catpred,r_3708_REV,0.0,9.917856530721057e-05
catpred,r_3709_FWD,0.0,6.833937483054355e-05
catpred,r_3709_REV,0.0,3.997705560702541e-05
catpred,r_3710_FWD,0.0,0.0002001556509416
catpred,r_3710_REV,0.0,0.002574438280381
catpred,r_3711_FWD,0.0,7.581094346302791e-05
catpred,r_3711_REV,0.0,3.600665302240605e-05
catpred,r_3712_FWD,0.0,8.151109735352681e-05
catpred,r_3712_REV,0.0,0.0002140942998182
catpred,r_3713_FWD,0.0,6.943935491308788e-05
catpred,r_3713_REV,0.0,2.967597625371936e-05
catpred,r_3714_FWD,0.0,0.000156152173095
catpred,r_3714_REV,0.0,0.0025552302657772
catpred,r_3715_FWD,0.0,9.719683264730323e-05
catpred,r_3715_REV,0.0,3.658919332314844e-05
catpred,r_3716_FWD,0.0,7.755437060864788e-05
catpred,r_3716_REV,0.0,0.0001054149980716
catpred,r_3717_FWD,0.0,0.0
catpred,r_3717_REV,0.0,6.692532023250489e-05
catpred,r_3718_FWD,0.0,0.0
catpred,r_3718_REV,0.0,6.692532023280795e-05
catpred,r_3719_FWD,0.0,0.0
catpred,r_3719_REV,0.0,6.102337625623383e-05
catpred,r_3720_FWD,0.0,0.0
catpred,r_3720_REV,0.0,5.294783589674803e-05
catpred,r_3721_FWD,0.0,4.827433707198592e-05
catpred,r_3721_REV,0.0,0.0
catpred,r_3722_FWD,0.0,3.442102669019048e-05
catpred,r_3722_REV,0.0,0.0
catpred,r_3723_FWD,0.0,6.593014518596358e-05
catpred,r_3723_REV,0.0,0.0
catpred,r_3724_FWD,0.0,3.957487576008306e-05
catpred,r_3724_REV,0.0,0.0
catpred,r_3725_FWD,0.0,7.071669070575909e-05
catpred,r_3725_REV,0.0,0.0
catpred,r_3726_FWD,0.0,3.962029341331164e-05
catpred,r_3726_REV,0.0,0.0
catpred,r_3727_FWD,0.0,6.227862289609475e-05
catpred,r_3727_REV,0.0,0.0
catpred,r_3728_FWD,0.0,3.6027771663411425e-05
catpred,r_3728_REV,0.0,0.0
catpred,r_3729_FWD,0.0,9.676864839227944e-05
catpred,r_3729_REV,0.0,0.0
catpred,r_3730_FWD,0.0,3.6812777461152585e-05
catpred,r_3730_REV,0.0,0.0
catpred,r_3731_FWD,0.0,0.000157081357314
catpred,r_3731_REV,0.0,0.0
catpred,r_3732_FWD,0.0,5.205734615881547e-05
catpred,r_3732_REV,0.0,0.0
catpred,r_3733_FWD,0.0,4.1910819317534e-05
catpred,r_3733_REV,0.0,0.0
catpred,r_3734_FWD,0.0,5.956554868646229e-05
catpred,r_3734_REV,0.0,0.0
catpred,r_3735_FWD,0.0,0.0001080765009186
catpred,r_3735_REV,0.0,0.0
catpred,r_3736_FWD,0.0,3.943332429048832e-05
catpred,r_3736_REV,0.0,0.0
catpred,r_3737_FWD,0.0,3.1868074721648953e-05
catpred,r_3737_REV,0.0,0.0
catpred,r_3738_FWD,0.0,3.642490594698601e-05
catpred,r_3738_REV,0.0,0.0
catpred,r_3739_FWD,0.0,0.0001889540215328
catpred,r_3739_REV,0.0,0.0
catpred,r_3740_FWD,0.0,0.0002001479953041
catpred,r_3740_REV,0.0,0.0
catpred,r_3741_FWD,0.0,0.0001673635939369
catpred,r_3741_REV,0.0,0.0
catpred,r_3742_FWD,0.0,0.0001875886156166
catpred,r_3742_REV,0.0,0.0
catpred,r_3743_FWD,0.0,0.0001018826673638
catpred,r_3743_REV,0.0,0.0002140932508639
catpred,r_3744_FWD,0.0,0.0001099210896677
catpred,r_3744_REV,0.0,0.0002140964142485
catpred,r_3745_FWD,0.0,9.085481403486188e-05
catpred,r_3745_REV,0.0,0.0002140943315948
catpred,r_3746_FWD,0.0,8.473383175280655e-05
catpred,r_3746_REV,0.0,0.0002140965469451
catpred,r_3747_FWD,0.0,0.0
catpred,r_3747_REV,0.0,0.0001683604850696
catpred,r_3748_FWD,0.0,0.0
catpred,r_3748_REV,0.0,4.988729657983714e-05
catpred,r_3749_FWD,0.0,0.0
catpred,r_3749_REV,0.0,4.291154039116015e-05
catpred,r_3750_FWD,0.0,0.0
catpred,r_3750_REV,0.0,5.019545272194948e-05
catpred,r_3751_FWD,0.0,0.0002140945065901
catpred,r_3751_REV,0.0,0.000167377670019
catpred,r_3752_FWD,0.0,0.0002140945458473
catpred,r_3752_REV,0.0,0.0001673898139249
catpred,r_3753_FWD,0.0,0.0003151340677193
catpred,r_3753_REV,0.0,0.0002714897437761
catpred,r_3754_FWD,0.0,0.0002090087479819
catpred,r_3754_REV,0.0,0.0001674737800543
catpred,r_3755_FWD,0.0,5.138355178388143e-05
catpred,r_3755_REV,0.0,0.0
catpred,r_3756_FWD,0.0,0.0005568029442271
catpred,r_3756_REV,0.0,0.0
catpred,r_3757_FWD,0.0,0.0001935599918866
catpred,r_3757_REV,0.0,0.0
catpred,r_3758_FWD,0.0,4.1545484674241045e-05
catpred,r_3758_REV,0.0,0.0
catpred,r_3759_FWD,0.0,5.260659548860988e-05
catpred,r_3759_REV,0.0,0.0
catpred,r_3760_FWD,0.0,7.712248825948037e-05
catpred,r_3760_REV,0.0,0.0
catpred,r_3761_FWD,0.0,4.457787005360373e-05
catpred,r_3761_REV,0.0,0.0
catpred,r_3762_FWD,0.0,3.4727508375882774e-05
catpred,r_3762_REV,0.0,0.0
catpred,r_3763_FWD,0.0,2.911447098820526e-05
catpred,r_3763_REV,0.0,0.0
catpred,r_3764_FWD,0.0,3.822894658352649e-05
catpred,r_3764_REV,0.0,0.0
catpred,r_3765_FWD,0.0,0.0068151226975854
catpred,r_3765_REV,0.0,0.0
catpred,r_3766_FWD,0.0,8.980307449579783e-05
catpred,r_3766_REV,0.0,0.0
catpred,r_3767_FWD,0.0,0.0013263134848614
catpred,r_3767_REV,0.0,0.0
catpred,r_3768_FWD,0.0,0.0001473874073162
catpred,r_3768_REV,0.0,0.0
catpred,r_3769_FWD,0.0,5.086808626329543e-05
catpred,r_3769_REV,0.0,0.0
catpred,r_3770_FWD,0.0,0.0063539937914181
catpred,r_3770_REV,0.0,0.0
catpred,r_3771_FWD,0.0,0.0002767846630301
catpred,r_3771_REV,0.0,0.0
catpred,r_3772_FWD,0.0,3.969195168378485e-05
catpred,r_3772_REV,0.0,0.0
catpred,r_3773_FWD,0.0,0.0068184758502939
catpred,r_3773_REV,0.0,0.0
catpred,r_3774_FWD,0.0,8.980307449579783e-05
catpred,r_3774_REV,0.0,0.0
catpred,r_3775_FWD,0.0,0.0010906545548345
catpred,r_3775_REV,0.0,0.0
catpred,r_3776_FWD,0.0,0.0001880432281856
catpred,r_3776_REV,0.0,0.0
catpred,r_3777_FWD,0.0,5.086855070112525e-05
catpred,r_3777_REV,0.0,0.0
catpred,r_3778_FWD,0.0,0.0063624527889161
catpred,r_3778_REV,0.0,0.0
catpred,r_3779_FWD,0.0,0.0003568557742194
catpred,r_3779_REV,0.0,0.0
catpred,r_3780_FWD,0.0,3.725100630770508e-05
catpred,r_3780_REV,0.0,0.0
catpred,r_3781_FWD,0.0,1000.0
catpred,r_3781_REV,0.0,1000.0
catpred,r_3782_FWD,0.0,1000.0
catpred,r_3782_REV,0.0,1000.0
catpred,r_3783_FWD,0.0,1000.0
catpred,r_3783_REV,0.0,1000.0
catpred,r_3784_FWD,0.0,1000.0
catpred,r_3784_REV,0.0,1000.0
catpred,r_3785_FWD,0.0,999.9995443383408
catpred,r_3785_REV,0.0,1000.0
catpred,r_3786_FWD,0.0,1000.0
catpred,r_3786_REV,0.0,1000.0
catpred,r_3787_FWD,0.0,999.997852672206
catpred,r_3787_REV,0.0,1000.0
catpred,r_3788_FWD,0.0,1000.0
catpred,r_3788_REV,0.0,1000.0
catpred,r_3789_FWD,0.0,0.0
catpred,r_3789_REV,0.0,0.0002193250979179
catpred,r_3790_FWD,0.0,0.0
catpred,r_3790_REV,0.0020842272272929,0.0024934273163943
catpred,r_3791_FWD,0.0,0.0
catpred,r_3791_REV,0.0,0.0001952148930166
catpred,r_3792_FWD,0.0,0.0
catpred,r_3792_REV,0.0,0.000112693319286
catpred,r_3793_FWD,0.0,0.0
catpred,r_3793_REV,0.0,0.0001108914505287
catpred,r_3794_FWD,0.0,0.0
catpred,r_3794_REV,0.0,0.0001242321872447
catpred,r_3795_FWD,0.0,0.0
catpred,r_3795_REV,0.0,9.66081783895234e-05
catpred,r_3796_FWD,0.0,0.0
catpred,r_3796_REV,0.0,0.0001151523982549
catpred,r_3797_FWD,0.0,0.0002000537586106
catpred,r_3797_REV,0.0,0.0
catpred,r_3798_FWD,0.0021410992345111,0.0024737292298666
catpred,r_3798_REV,0.0,0.0
catpred,r_3799_FWD,0.0,0.0001470711758131
catpred,r_3799_REV,0.0,0.0
catpred,r_3800_FWD,0.0,8.170872849255773e-05
catpred,r_3800_REV,0.0,0.0
catpred,r_3801_FWD,0.0,8.169642160024259e-05
catpred,r_3801_REV,0.0,0.0
catpred,r_3802_FWD,0.0,0.0001036856751665
catpred,r_3802_REV,0.0,0.0
catpred,r_3803_FWD,0.0,8.036097332175807e-05
catpred,r_3803_REV,0.0,0.0
catpred,r_3804_FWD,0.0,0.000109788604826
catpred,r_3804_REV,0.0,0.0
catpred,r_3805_FWD,0.0,5.134947724585179e-05
catpred,r_3805_REV,0.0,0.000219784841267
catpred,r_3806_FWD,0.0,5.909759111523937e-05
catpred,r_3806_REV,0.0,0.0002196405819105
catpred,r_3807_FWD,0.0,4.812536425603592e-05
catpred,r_3807_REV,0.0,0.000218109772629
catpred,r_3808_FWD,0.0,3.774322976017298e-05
catpred,r_3808_REV,0.0,0.0002197570977457
catpred,r_3809_FWD,0.0,2.4640535084330395e-05
catpred,r_3809_REV,0.0,0.0002756641218493
catpred,r_3810_FWD,0.0,3.8932323447542505e-05
catpred,r_3810_REV,0.0,0.0002062471587578
catpred,r_3811_FWD,0.0,3.1658080045784434e-05
catpred,r_3811_REV,0.0,4.3323638645009765e-05
catpred,r_3812_FWD,0.0,3.4095508127781995e-05
catpred,r_3812_REV,0.0,6.274335568079437e-05
catpred,r_3813_ENZ_YIL048W_FWD,0.0,0.0001230254944478
catpred,r_3813_ENZ_YIL048W_REV,0.0,0.0
catpred,r_3813_ENZ_YMR162C_FWD,0.0,8.833457157687651e-05
catpred,r_3813_ENZ_YMR162C_REV,0.0,0.0
catpred,r_3814_ENZ_YIL048W_FWD,0.0,4.324295208116036e-05
catpred,r_3814_ENZ_YIL048W_REV,0.0,0.0
catpred,r_3814_ENZ_YMR162C_FWD,0.0,3.6001205811387115e-05
catpred,r_3814_ENZ_YMR162C_REV,0.0,0.0
catpred,r_3815_ENZ_YIL048W_FWD,0.0,7.325554747259844e-05
catpred,r_3815_ENZ_YIL048W_REV,0.0,0.0
catpred,r_3815_ENZ_YMR162C_FWD,0.0,5.958254846656164e-05
catpred,r_3815_ENZ_YMR162C_REV,0.0,0.0
catpred,r_3816_ENZ_YIL048W_FWD,0.0,5.155973922285325e-05
catpred,r_3816_ENZ_YIL048W_REV,0.0,0.0
catpred,r_3816_ENZ_YMR162C_FWD,0.0,4.492169719555541e-05
catpred,r_3816_ENZ_YMR162C_REV,0.0,0.0
catpred,r_3817_ENZ_YIL048W_FWD,0.0,3.3283265884433665e-05
catpred,r_3817_ENZ_YIL048W_REV,0.0,0.0
catpred,r_3817_ENZ_YMR162C_FWD,0.0,3.193664880429305e-05
catpred,r_3817_ENZ_YMR162C_REV,0.0,0.0
catpred,r_3818_ENZ_YIL048W_FWD,0.0,0.0001373854085542
catpred,r_3818_ENZ_YIL048W_REV,0.0,0.0
catpred,r_3818_ENZ_YMR162C_FWD,0.0,0.0001254313645437
catpred,r_3818_ENZ_YMR162C_REV,0.0,0.0
catpred,r_3819_ENZ_YIL048W_FWD,0.0,9.332934994002104e-05
catpred,r_3819_ENZ_YIL048W_REV,0.0,0.0
catpred,r_3819_ENZ_YMR162C_FWD,0.0,6.36930602077562e-05
catpred,r_3819_ENZ_YMR162C_REV,0.0,0.0
catpred,r_3820_ENZ_YIL048W_FWD,0.0,3.102708609488535e-05
catpred,r_3820_ENZ_YIL048W_REV,0.0,0.0
catpred,r_3820_ENZ_YMR162C_FWD,0.0,3.4356364825821606e-05
catpred,r_3820_ENZ_YMR162C_REV,0.0,0.0
catpred,r_3821_ENZ_YAL026C_FWD,0.0,0.0001171058239984
catpred,r_3821_ENZ_YAL026C_REV,0.0,0.0
catpred,r_3822_ENZ_YAL026C_FWD,0.0,6.730843934321662e-05
catpred,r_3822_ENZ_YAL026C_REV,0.0,0.0
catpred,r_3823_ENZ_YAL026C_FWD,0.0,7.320781820577743e-05
catpred,r_3823_ENZ_YAL026C_REV,0.0,0.0
catpred,r_3824_ENZ_YAL026C_FWD,0.0,5.2555725878961e-05
catpred,r_3824_ENZ_YAL026C_REV,0.0,0.0
catpred,r_3825_ENZ_YAL026C_FWD,0.0,3.5461497168872075e-05
catpred,r_3825_ENZ_YAL026C_REV,0.0,0.0
catpred,r_3826_ENZ_YAL026C_FWD,0.0,0.0001472414942584
catpred,r_3826_ENZ_YAL026C_REV,0.0,0.0
catpred,r_3827_ENZ_YAL026C_FWD,0.0,7.926359627002887e-05
catpred,r_3827_ENZ_YAL026C_REV,0.0,0.0
catpred,r_3828_ENZ_YAL026C_FWD,0.0,3.011812757530295e-05
catpred,r_3828_ENZ_YAL026C_REV,0.0,0.0
catpred,r_3829_FWD,0.0,0.0
catpred,r_3829_REV,0.0,0.0
catpred,r_3830_FWD,0.0,0.0
catpred,r_3830_REV,0.0,0.0
catpred,r_3831_FWD,0.0,0.0
catpred,r_3831_REV,0.0,0.0
catpred,r_3832_FWD,0.0,0.0
catpred,r_3832_REV,0.0,0.0
catpred,r_3833_FWD,0.0,0.0
catpred,r_3833_REV,0.0,0.0
catpred,r_3834_FWD,0.0,0.0
catpred,r_3834_REV,0.0,0.0
catpred,r_3835_FWD,0.0,0.0
catpred,r_3835_REV,0.0,0.0
catpred,r_3836_FWD,0.0,0.0
catpred,r_3836_REV,0.0,0.0
catpred,r_3837_FWD,0.0,0.0002623035860871
catpred,r_3837_REV,0.0,0.0
catpred,r_3838_FWD,0.0,0.0002297977767504
catpred,r_3838_REV,0.0,0.0
catpred,r_3839_FWD,0.0,0.0002228025174435
catpred,r_3839_REV,0.0,0.0
catpred,r_3840_FWD,0.0,0.0002197924733922
catpred,r_3840_REV,0.0,0.0
catpred,r_3841_FWD,0.0,0.0002243541666274
catpred,r_3841_REV,0.0,0.0
catpred,r_3842_FWD,0.0,0.000221082237104
catpred,r_3842_REV,0.0,0.0
catpred,r_3843_FWD,0.0,4.470102083139926e-05
catpred,r_3843_REV,0.0,0.0
catpred,r_3844_FWD,0.0,8.867322425784485e-05
catpred,r_3844_REV,0.0,0.0
catpred,r_3845_FWD,0.0,0.0068243522983733
catpred,r_3845_REV,0.0,0.0
catpred,r_3846_FWD,0.0,7.440219784912667e-05
catpred,r_3846_REV,0.0,0.0
catpred,r_3847_FWD,0.0,0.000312902103265
catpred,r_3847_REV,0.0,0.0
catpred,r_3848_FWD,0.0,0.0001009037518143
catpred,r_3848_REV,0.0,0.0
catpred,r_3849_FWD,0.0,4.773985067416109e-05
catpred,r_3849_REV,0.0,0.0
catpred,r_3850_FWD,0.0,0.0062874420798846
catpred,r_3850_REV,0.0,0.0
catpred,r_3851_FWD,0.0,0.0002767818853172
catpred,r_3851_REV,0.0,0.0
catpred,r_3852_FWD,0.0,3.969213112069431e-05
catpred,r_3852_REV,0.0,0.0
catpred,r_3853_FWD,0.0,0.0069025479314308
catpred,r_3853_REV,0.0,0.0
catpred,r_3854_FWD,0.0,8.235790584999736e-05
catpred,r_3854_REV,0.0,0.0
catpred,r_3855_FWD,0.0,0.0003359011466739
catpred,r_3855_REV,0.0,0.0
catpred,r_3856_FWD,0.0,0.0001340634785358
catpred,r_3856_REV,0.0,0.0
catpred,r_3857_FWD,0.0,5.597064533241101e-05
catpred,r_3857_REV,0.0,0.0
catpred,r_3858_FWD,0.0,0.0063690360730072
catpred,r_3858_REV,0.0,0.0
catpred,r_3859_FWD,0.0,0.0002769406334709
catpred,r_3859_REV,0.0,0.0
catpred,r_3860_FWD,0.0,3.9692131126508135e-05
catpred,r_3860_REV,0.0,0.0
catpred,r_3861_FWD,0.0,0.000219795785064
catpred,r_3861_REV,0.0,0.0
catpred,r_3862_FWD,0.0,0.0002243381263028
catpred,r_3862_REV,0.0,0.0
catpred,r_3863_FWD,0.0,0.0002197839240296
catpred,r_3863_REV,0.0,0.0
catpred,r_3864_FWD,0.0,0.0002297994123088
catpred,r_3864_REV,0.0,0.0
catpred,r_3865_FWD,0.0,0.0003277275489601
catpred,r_3865_REV,0.0,0.0
catpred,r_3866_FWD,0.0,0.0002299174373109
catpred,r_3866_REV,0.0,0.0
catpred,r_3867_FWD,0.0,4.3701894237635486e-05
catpred,r_3867_REV,0.0,0.0
catpred,r_3868_FWD,0.0,6.607827544691247e-05
catpred,r_3868_REV,0.0,0.0
catpred,r_3869_FWD,0.0,0.0002210902598758
catpred,r_3869_REV,0.0,9.467994327200246e-05
catpred,r_3870_FWD,0.0,0.0002211040374149
catpred,r_3870_REV,0.0,0.0001200332742681
catpred,r_3871_FWD,0.0,0.0002210887884959
catpred,r_3871_REV,0.0,9.523317208075324e-05
catpred,r_3872_FWD,0.0,0.0003039958150665
catpred,r_3872_REV,0.0,9.52385248869092e-05
catpred,r_3873_FWD,0.0,0.0002211045953619
catpred,r_3873_REV,0.0,9.844738602282632e-05
catpred,r_3874_FWD,0.0,0.000224366697618
catpred,r_3874_REV,0.0,9.899722469519644e-05
catpred,r_3875_FWD,0.0,8.917086341853064e-05
catpred,r_3875_REV,0.0,4.679248809758008e-05
catpred,r_3876_FWD,0.0,0.0002298188020688
catpred,r_3876_REV,0.0,9.89907950419422e-05
catpred,r_3877_FWD,0.0,5.385978205919361e-05
catpred,r_3877_REV,0.0,0.0
catpred,r_3878_FWD,0.0,3.8580603658574015e-05
catpred,r_3878_REV,0.0,0.0
catpred,r_3879_FWD,0.0,4.525817872837095e-05
catpred,r_3879_REV,0.0,0.0
catpred,r_3880_FWD,0.0,4.379073860181861e-05
catpred,r_3880_REV,0.0,0.0
catpred,r_3881_FWD,0.0,4.763905860290197e-05
catpred,r_3881_REV,0.0,0.0
catpred,r_3882_FWD,0.0,4.5473440872507206e-05
catpred,r_3882_REV,0.0,0.0
catpred,r_3883_FWD,0.0,4.749667575599711e-05
catpred,r_3883_REV,0.0,0.0
catpred,r_3884_FWD,0.0,3.726371596898717e-05
catpred,r_3884_REV,0.0,0.0
catpred,r_3885_ENZ_YAL026C_FWD,0.0,0.0
catpred,r_3885_ENZ_YAL026C_REV,0.0,0.0
catpred,r_3886_ENZ_YAL026C_FWD,0.0,0.0
catpred,r_3886_ENZ_YAL026C_REV,0.0,0.0
catpred,r_3887_ENZ_YAL026C_FWD,0.0,0.0
catpred,r_3887_ENZ_YAL026C_REV,0.0,0.0
catpred,r_3888_ENZ_YAL026C_FWD,0.0,0.0
catpred,r_3888_ENZ_YAL026C_REV,0.0,0.0
catpred,r_3889_ENZ_YAL026C_FWD,0.0,0.0
catpred,r_3889_ENZ_YAL026C_REV,0.0,0.0
catpred,r_3890_ENZ_YAL026C_FWD,0.0,0.0
catpred,r_3890_ENZ_YAL026C_REV,0.0,0.0
catpred,r_3891_ENZ_YAL026C_FWD,0.0,0.0
catpred,r_3891_ENZ_YAL026C_REV,0.0,0.0
catpred,r_3892_ENZ_YAL026C_FWD,0.0,0.0
catpred,r_3892_ENZ_YAL026C_REV,0.0,0.0
catpred,r_3893_ENZ_YIL048W_FWD,0.0,0.0
catpred,r_3893_ENZ_YIL048W_REV,0.0,0.0
catpred,r_3894_ENZ_YIL048W_FWD,0.0,0.0
catpred,r_3894_ENZ_YIL048W_REV,0.0,0.0
catpred,r_3895_ENZ_YIL048W_FWD,0.0,0.0
catpred,r_3895_ENZ_YIL048W_REV,0.0,0.0
catpred,r_3896_ENZ_YIL048W_FWD,0.0,0.0
catpred,r_3896_ENZ_YIL048W_REV,0.0,0.0
catpred,r_3897_ENZ_YIL048W_FWD,0.0,0.0
catpred,r_3897_ENZ_YIL048W_REV,0.0,0.0
catpred,r_3898_ENZ_YIL048W_FWD,0.0,0.0
catpred,r_3898_ENZ_YIL048W_REV,0.0,0.0
catpred,r_3899_ENZ_YIL048W_FWD,0.0,0.0
catpred,r_3899_ENZ_YIL048W_REV,0.0,0.0
catpred,r_3900_ENZ_YIL048W_FWD,0.0,0.0
catpred,r_3900_ENZ_YIL048W_REV,0.0,0.0
catpred,r_3901_FWD,0.0,6.368213869493536e-05
catpred,r_3901_REV,0.0,6.125595893583072e-05
catpred,r_3902_FWD,0.0,6.367302079214888e-05
catpred,r_3902_REV,0.0,7.701924956461958e-05
catpred,r_3903_FWD,0.0,5.285923560906293e-05
catpred,r_3903_REV,0.0,0.0
catpred,r_3904_FWD,0.0,3.75822195678814e-05
catpred,r_3904_REV,0.0,0.0
catpred,r_3905_FWD,0.0,4.4258352563157456e-05
catpred,r_3905_REV,0.0,0.0
catpred,r_3906_FWD,0.0,4.412550286561016e-05
catpred,r_3906_REV,0.0,0.0
catpred,r_3907_FWD,0.0,4.461236303802487e-05
catpred,r_3907_REV,0.0,0.0
catpred,r_3908_FWD,0.0,4.586276518606363e-05
catpred,r_3908_REV,0.0,0.0
catpred,r_3909_FWD,0.0,4.337323641758658e-05
catpred,r_3909_REV,0.0,0.0
catpred,r_3910_FWD,0.0,3.864142058783448e-05
catpred,r_3910_REV,0.0,0.0
catpred,r_3911_FWD,0.0,0.0002298188343954
catpred,r_3911_REV,0.0,0.0002285343704109
catpred,r_3912_FWD,0.0,0.0002210888465247
catpred,r_3912_REV,0.0,0.0002298260690294
catpred,r_3913_FWD,0.0,0.00022981625284
catpred,r_3913_REV,0.0,0.0002230731758464
catpred,r_3914_FWD,0.0,0.0003491979963747
catpred,r_3914_REV,0.0,0.0002243575880925
catpred,r_3915_FWD,0.0,0.0002328677309935
catpred,r_3915_REV,0.0,0.0002285316878531
catpred,r_3916_FWD,0.0,0.0002285475166541
catpred,r_3916_REV,0.0,0.0002198033526149
catpred,r_3917_FWD,0.0,8.916566747885213e-05
catpred,r_3917_REV,0.0,0.0001095051328645
catpred,r_3918_FWD,0.0,0.0002298166648087
catpred,r_3918_REV,0.0,0.0002230731766497
catpred,r_3919_FWD,0.0,0.0002285445679177
catpred,r_3919_REV,0.0,0.0
catpred,r_3920_FWD,0.0,0.0002298073472242
catpred,r_3920_REV,0.0,0.0
catpred,r_3921_FWD,0.0,0.0002664726120773
catpred,r_3921_REV,0.0,0.0
catpred,r_3922_FWD,0.0,0.0002298157266438
catpred,r_3922_REV,0.0,0.0
catpred,r_3923_FWD,0.0,0.0002571636603789
catpred,r_3923_REV,0.0,0.0
catpred,r_3924_FWD,0.0,0.0002431100201847
catpred,r_3924_REV,0.0,0.0
catpred,r_3925_FWD,0.0,0.0001094372150252
catpred,r_3925_REV,0.0,0.0
catpred,r_3926_FWD,0.0,0.0002197865132913
catpred,r_3926_REV,0.0,0.0
catpred,r_3927_FWD,0.0,2.4626022797809465e-05
catpred,r_3927_REV,0.0,0.0
catpred,r_3928_FWD,0.0,1.877271681544057e-05
catpred,r_3928_REV,0.0,0.0
catpred,r_3929_FWD,0.0,0.0002026383029836
catpred,r_3929_REV,0.0,0.0
catpred,r_3930_FWD,0.0,0.0001148996987105
catpred,r_3930_REV,0.0,0.0
catpred,r_3931_FWD,0.0,0.0001524499174572
catpred,r_3931_REV,0.0,0.0
catpred,r_3932_FWD,0.0,0.00014575822577
catpred,r_3932_REV,0.0,0.0
catpred,r_3933_FWD,0.0,0.000145758225555
catpred,r_3933_REV,0.0,0.0
catpred,r_3934_FWD,0.0,0.0001286882910724
catpred,r_3934_REV,0.0,0.0
catpred,r_3935_FWD,0.0,6.29119929951294e-05
catpred,r_3935_REV,0.0,0.0
catpred,r_3936_FWD,0.0,0.0001457582254325
catpred,r_3936_REV,0.0,0.0
catpred,r_3937_FWD,0.0,0.0
catpred,r_3937_REV,0.0,5.32334465509765e-05
catpred,r_3938_FWD,0.0,0.0
catpred,r_3938_REV,0.0,5.288374249493716e-05
catpred,r_3939_FWD,0.0,1000.0
catpred,r_3939_REV,0.0,999.9896891797974
catpred,r_3940,0.0,6.063882015080912e-05
catpred,r_3941_FWD,0.0,0.0003171170040587
catpred,r_3941_REV,0.0,0.0
catpred,r_3942_FWD,0.0,0.0002196252502777
catpred,r_3942_REV,0.0,0.0
catpred,r_3943_FWD,0.0,0.000219621964355
catpred,r_3943_REV,0.0,0.0
catpred,r_3944_FWD,0.0,0.0002197530128249
catpred,r_3944_REV,0.0,0.0
catpred,r_3945_FWD,0.0,0.0003509702580624
catpred,r_3945_REV,0.0,0.0
catpred,r_3946_FWD,0.0,0.0002820001801781
catpred,r_3946_REV,0.0,0.0
catpred,r_3947_FWD,0.0,4.16748183269533e-05
catpred,r_3947_REV,0.0,0.0
catpred,r_3948_FWD,0.0,7.865057554705457e-05
catpred,r_3948_REV,0.0,0.0
catpred,r_3949_FWD,0.0,8.79401300285233e-05
catpred,r_3949_REV,0.0,0.0
catpred,r_3950_FWD,0.0,8.260078242802626e-05
catpred,r_3950_REV,0.0,0.0
catpred,r_3951_FWD,0.0,8.463829458346572e-05
catpred,r_3951_REV,0.0,0.0
catpred,r_3952_FWD,0.0,8.794585609791971e-05
catpred,r_3952_REV,0.0,0.0
catpred,r_3953_FWD,0.0,8.794110224913287e-05
catpred,r_3953_REV,0.0,0.0
catpred,r_3954_FWD,0.0,8.794333147118982e-05
catpred,r_3954_REV,0.0,0.0
catpred,r_3955_FWD,0.0,3.4774636138517164e-05
catpred,r_3955_REV,0.0,0.0
catpred,r_3956_FWD,0.0,4.6439171318051305e-05
catpred,r_3956_REV,0.0,0.0
catpred,r_3957_FWD,0.0,0.0
catpred,r_3957_REV,0.0,0.0001813596441701
catpred,r_3958_FWD,0.0,0.0
catpred,r_3958_REV,0.0,0.0
catpred,r_3959_ENZ_YBR192W_FWD,0.0,0.0
catpred,r_3959_ENZ_YBR192W_REV,0.0,6.674055974179243e-05
catpred,r_3960_ENZ_YBR192W_FWD,0.0,5.260631064906481e-05
catpred,r_3960_ENZ_YBR192W_REV,0.0,0.0
catpred,r_3961_ENZ_YER053C_FWD,0.0,0.0
catpred,r_3961_ENZ_YER053C_REV,0.0,5.278520867301583e-05
catpred,r_3961_ENZ_YJR077C_FWD,0.0,0.0
catpred,r_3961_ENZ_YJR077C_REV,0.0,5.278520867656879e-05
catpred,r_3962_FWD,0.0,0.0
catpred,r_3962_REV,0.0,5.668591059322008e-05
catpred,r_3963,0.0002205594658999,0.0023881883520349
catpred,r_3964,0.0,0.0004800987179716
catpred,r_3965,0.0,0.00200016651628
catpred,r_3966,0.0,0.0001543642660578
catpred,r_3967,0.0,6.051444374174453e-05
catpred,r_3968,0.0,0.0001951952281717
catpred,r_3969,0.0,0.000109626270489
catpred,r_3970,0.0,4.292524007982373e-05
catpred,r_3971,0.0,0.000579935898308
catpred,r_3972,0.0023080420394312,0.0028783271713657
catpred,r_3973_FWD,0.0019028814139118,0.0019028860465614
catpred,r_3973_REV,0.0,0.0
catpred,r_3975,0.0,0.0003587531257964
catpred,r_3976,0.001271476130551,0.0016330932946508
catpred,r_3977,0.0,0.000225436343678
catpred,r_3978,0.0,0.0001021878893659
catpred,r_3979,0.0,0.0018962784981906
catpred,r_3980,0.0,0.0001033373267441
catpred,r_3981,0.0001555878334772,0.0021834472726832
catpred,r_3982,0.0,0.0001409630597195
catpred,r_3983,0.0,4.4072021383618205e-05
catpred,r_3984,0.0,0.0002816381337198
catpred,r_3985,0.0,0.0001270511592526
catpred,r_3986,0.0,2.849664073767224e-05
catpred,r_3987_FWD,0.0016638259971956,0.0016638259971956
catpred,r_3987_REV,0.0,0.0
catpred,r_3988,0.0,0.004076783434904
catpred,r_3989,0.0,0.0040106942824344
catpred,r_3990,0.0,0.000693542199308
catpred,r_3991,0.0,0.0001466586617121
catpred,r_3992,0.0,0.0061371998744077
catpred,r_3993,0.0,0.0060185818231573
catpred,r_3994,0.0,0.0007076097763897
catpred,r_3995,0.0,0.0001741306080163
catpred,r_3996_FWD,0.0072088501777496,0.0072088501777496
catpred,r_3996_REV,0.0,0.0
catpred,r_3997,0.0,0.0027939392933495
catpred,r_3998,0.0,0.0028162712187268
catpred,r_3999,0.0,0.0006893967576076
catpred,r_4000,0.0,0.0001162472110062
catpred,r_4001,0.0,0.0001826178969592
catpred,r_4002,0.0,0.0002095033229043
catpred,r_4003,0.0,0.0001718610080526
catpred,r_4004,0.0,9.73286722202823e-05
catpred,r_4005_FWD,0.0019374116613855,0.0019374116613855
catpred,r_4005_REV,0.0,0.0
catpred,r_4006,0.0,9.612059923595697e-05
catpred,r_4007,0.0,5.599919536167957e-05
catpred,r_4008,0.0,0.0003794218086914
catpred,r_4009,0.0,8.451608573468444e-05
catpred,r_4010,0.0,0.0001179126933525
catpred,r_4011,0.0,5.001553702902242e-05
catpred,r_4012,0.0,6.366745249303734e-05
catpred,r_4013,0.0,3.4435591945322815e-05
catpred,r_4014,0.0,0.0001989067721784
catpred,r_4015,0.0,7.011027109596899e-05
catpred,r_4016,0.0020040673570584,0.0023926938467387
catpred,r_4017,0.0,9.496482472705944e-05
catpred,r_4018,0.0,0.0001281479981892
catpred,r_4019,0.0,6.58106014410122e-05
catpred,r_4020,0.0,9.289443131555006e-05
catpred,r_4021,0.0,5.136377035095015e-05
catpred,r_4022,0.0,8.496373500133758e-05
catpred,r_4023,0.0,5.33681522248133e-05
catpred,r_4024,0.0,0.0002599910090671
catpred,r_4025,0.0,8.083648429207157e-05
catpred,r_4026,0.0,7.873749296346677e-05
catpred,r_4027,0.0,5.171711732268863e-05
catpred,r_4028,0.0,7.43787717289191e-05
catpred,r_4029,0.0,4.3072452892658574e-05
catpred,r_4030,0.0,7.75597613330972e-05
catpred,r_4031,0.0,5.732212362893412e-05
catpred,r_4032,0.0,0.0001990897501718
catpred,r_4033,0.0,7.280085530484695e-05
catpred,r_4034,0.0,7.658651190360242e-05
catpred,r_4035,0.0,4.161019302797667e-05
catpred,r_4036,0.0,4.978338007722693e-05
catpred,r_4037,0.0,3.938979029124382e-05
catpred,r_4038_FWD,0.001917224726546,0.001917224726546
catpred,r_4038_REV,0.0,0.0
catpred,r_4039_ENZ_YBL015W_FWD,0.0,0.001534631134239
catpred,r_4039_ENZ_YBL015W_REV,0.0,0.0004559446512886
catpred,r_4040_FWD,0.0,5.991642031105693e-06
catpred,r_4040_REV,0.0,0.0
catpred,r_4041,0.2795970195843438,0.2795984241716734
catpred,r_4042,0.0,0.0
catpred,r_4043,0.0,0.0
catpred,r_4044,0.0,0.0
catpred,r_4045_ENZ_YDR400W,0.0,0.000199598379938
catpred,r_4046,0.7,0.7
catpred,r_4047,0.2795970195843438,0.2795970195843438
catpred,r_4048,0.2795970195843438,0.2795970195843438
catpred,r_4049,0.2795970195843438,0.2795970195843438
catpred,r_4050,0.2795970195843438,0.2795970195843438
catpred,r_4051,0.0,0.0
catpred,r_4052,0.0,0.0
catpred,r_4053,0.0,0.0
catpred,r_4054,0.0,0.0
catpred,r_4055,0.0,0.0
catpred,r_4056,0.0,0.0
catpred,r_4057,0.0,0.0
catpred,r_4058,0.0,0.0
catpred,r_4059,0.0,0.0
catpred,r_4060,0.0,0.0
catpred,r_4061,0.0,0.0
catpred,r_4062,0.0,0.0
catpred,r_4063,0.2795970195843438,0.2795970195843438
catpred,r_4064,0.0,0.0
catpred,r_4065,0.2795970195843438,0.2795970195843438
catpred,r_4066,0.0,0.0
catpred,r_4067,0.0,0.0
catpred,r_4068,0.0,0.0
catpred,r_4069,0.0,0.0
catpred,r_4070,0.0,0.0
catpred,r_4071,0.0,0.0
catpred,r_4072,0.0,0.0
catpred,r_4073,0.0,0.0
catpred,r_4074,0.0,0.0
catpred,r_4075,0.0,0.0
catpred,r_4076,0.0,0.0
catpred,r_4077,0.0,0.0
catpred,r_4078,0.0,0.0
catpred,r_4079,0.0,0.0
catpred,r_4080,0.0,0.0
catpred,r_4081,0.0,0.0
catpred,r_4082,0.0,0.0
catpred,r_4083,0.0,0.0
catpred,r_4084,0.0,0.0
catpred,r_4085,0.0,0.0
catpred,r_4086,0.0,0.0
catpred,r_4087,0.0,0.0
catpred,r_4088,0.0,0.0
catpred,r_4089,0.0,0.0
catpred,r_4090,0.0,0.0
catpred,r_4091,0.0,0.0
catpred,r_4092,0.0,0.0
catpred,r_4093,0.0,0.0
catpred,r_4094,0.0,0.0
catpred,r_4095,0.0,0.0
catpred,r_4096,0.0,0.0
catpred,r_4097,0.0,0.0
catpred,r_4098,0.0,0.0
catpred,r_4099,0.0,0.0
catpred,r_4100,0.0,0.0
catpred,r_4101,0.0,0.0
catpred,r_4102,0.0,0.0
catpred,r_4103,0.0,0.0
catpred,r_4104,0.0,0.0
catpred,r_4105,0.0,0.0
catpred,r_4106,0.0,0.0
catpred,r_4107,0.0,0.0
catpred,r_4108,0.0,0.0
catpred,r_4109,0.0,0.0
catpred,r_4110,0.0,0.0
catpred,r_4111,0.0,0.0
catpred,r_4112,0.0,0.0
catpred,r_4113,0.0,0.0
catpred,r_4114,0.0,0.0
catpred,r_4115,0.0,0.0
catpred,r_4116,0.0,0.0
catpred,r_4117,0.0,0.0
catpred,r_4118,0.0,0.0
catpred,r_4119,0.0,0.0
catpred,r_4120,0.0,0.0
catpred,r_4121,0.0,0.0
catpred,r_4122,0.0,0.0
catpred,r_4123,0.0,0.0
catpred,r_4124,0.0,0.0
catpred,r_4125,0.0,0.0
catpred,r_4126,0.0,0.0
catpred,r_4127,0.0,0.0
catpred,r_4128,0.0,0.0
catpred,r_4129,0.0,0.0
catpred,r_4130,0.0,0.0
catpred,r_4131,0.0,0.0
catpred,r_4132,0.0,0.0
catpred,r_4133,0.0,0.0
catpred,r_4134,0.0,0.0
catpred,r_4135,0.0,0.0
catpred,r_4136,0.0,0.0
catpred,r_4137,0.0,0.0
catpred,r_4138,0.0,0.0
catpred,r_4139,0.0,0.0
catpred,r_4140,0.0,0.0
catpred,r_4141,0.0,0.0
catpred,r_4142,0.0,0.0
catpred,r_4143,0.0,0.0
catpred,r_4144,0.0,0.0
catpred,r_4145,0.0,0.0
catpred,r_4146,0.0,0.0
catpred,r_4147,0.0,0.0
catpred,r_4148,0.0,0.0
catpred,r_4149,0.0,0.0
catpred,r_4150,0.0,0.0
catpred,r_4151,0.0,0.0
catpred,r_4152_ENZ_YAL039C_FWD,0.0,0.0
catpred,r_4152_ENZ_YAL039C_REV,0.0,0.0
catpred,r_4152_ENZ_YKL087C_FWD,0.0,0.0
catpred,r_4152_ENZ_YKL087C_REV,0.0,0.0
catpred,r_4153_ENZ_YAL061W,0.0,-0.0
catpred,r_4154_ENZ_YAL061W_FWD,0.0,0.0
catpred,r_4154_ENZ_YAL061W_REV,0.0,0.0
catpred,r_4155_ENZ_YBL080C,0.0,-0.0
catpred,r_4156_ENZ_YBL091C_FWD,0.0,0.0
catpred,r_4156_ENZ_YBL091C_REV,0.0,1.8357472603203195e-05
catpred,r_4156_ENZ_YLR244C_FWD,0.0,0.0
catpred,r_4156_ENZ_YLR244C_REV,0.0,1.3873055731243589e-05
catpred,r_4157_ENZ_YBR022W_FWD,0.0,0.0
catpred,r_4157_ENZ_YBR022W_REV,0.0,0.0
catpred,r_4157_ENZ_YMR087W_FWD,0.0,0.0
catpred,r_4157_ENZ_YMR087W_REV,0.0,0.0
catpred,r_4158_ENZ_YBR046C_FWD,0.0,0.0
catpred,r_4158_ENZ_YBR046C_REV,0.0,0.0
catpred,r_4159_ENZ_YBR070C_and_YGL047W_FWD,0.0,0.0
catpred,r_4159_ENZ_YBR070C_and_YGL047W_REV,0.0,0.0
catpred,r_4160_ENZ_YBR111C_FWD,0.0,0.0
catpred,r_4160_ENZ_YBR111C_REV,0.0,0.0
catpred,r_4161_ENZ_YBR147W_FWD,0.0,0.0004388761181206
catpred,r_4161_ENZ_YBR147W_REV,0.0,0.0
catpred,r_4161_ENZ_YDR352W_FWD,0.0,0.0003186403287588
catpred,r_4161_ENZ_YDR352W_REV,0.0,0.0
catpred,r_4162_ENZ_YBR147W_FWD,0.0,1000.0
catpred,r_4162_ENZ_YBR147W_REV,0.0,0.0
catpred,r_4162_ENZ_YDR352W_FWD,0.0,1000.0
catpred,r_4162_ENZ_YDR352W_REV,0.0,0.0
catpred,r_4163_ENZ_YBR147W_FWD,0.0,0.0001255272033594
catpred,r_4163_ENZ_YBR147W_REV,0.0,0.0
catpred,r_4163_ENZ_YDR352W_FWD,0.0,0.0001120338728979
catpred,r_4163_ENZ_YDR352W_REV,0.0,0.0
catpred,r_4164_ENZ_YBR222C_FWD,0.0,0.0
catpred,r_4164_ENZ_YBR222C_REV,0.0,0.0
catpred,r_4165_ENZ_YBR229C_FWD,0.0,0.0
catpred,r_4165_ENZ_YBR229C_REV,0.0,0.0
catpred,r_4166_ENZ_YBR229C_FWD,0.0,0.0
catpred,r_4166_ENZ_YBR229C_REV,0.0,0.0
catpred,r_4167_ENZ_YBR235W_FWD,0.0,0.0
catpred,r_4167_ENZ_YBR235W_REV,0.0,0.0
catpred,r_4168_ENZ_YBR241C_FWD,0.0,0.0
catpred,r_4168_ENZ_YBR241C_REV,0.0,0.0
catpred,r_4169_ENZ_YBR241C_FWD,0.0,0.0
catpred,r_4169_ENZ_YBR241C_REV,0.0,0.0
catpred,r_4170_ENZ_YBR243C_FWD,0.0,0.0
catpred,r_4170_ENZ_YBR243C_REV,0.0,0.0
catpred,r_4171_ENZ_YBR281C_and_YNL191W,0.0,4.9752474595662575e-05
catpred,r_4172_ENZ_YBR295W,0.0,-0.0
catpred,r_4173_ENZ_YCL017C_FWD,0.0,0.0
catpred,r_4173_ENZ_YCL017C_REV,0.0,0.0
catpred,r_4174_ENZ_YCR011C_FWD,0.0,0.0
catpred,r_4174_ENZ_YCR011C_REV,0.0,0.0
catpred,r_4175_ENZ_YCR107W_FWD,0.0,0.0
catpred,r_4175_ENZ_YCR107W_REV,0.0,0.0
catpred,r_4175_ENZ_YDL243C_FWD,0.0,0.0
catpred,r_4175_ENZ_YDL243C_REV,0.0,0.0
catpred,r_4175_ENZ_YJR155W_FWD,0.0,0.0
catpred,r_4175_ENZ_YJR155W_REV,0.0,0.0
catpred,r_4175_ENZ_YNL331C_FWD,0.0,0.0
catpred,r_4175_ENZ_YNL331C_REV,0.0,0.0
catpred,r_4175_ENZ_YOL165C_FWD,0.0,0.0
catpred,r_4175_ENZ_YOL165C_REV,0.0,0.0
catpred,r_4175_ENZ_YPL088W_FWD,0.0,0.0
catpred,r_4175_ENZ_YPL088W_REV,0.0,0.0
catpred,r_4176_ENZ_YCR107W_FWD,0.0,1.0196288258157438e-10
catpred,r_4176_ENZ_YCR107W_REV,0.0,1.6453327589260877e-10
catpred,r_4176_ENZ_YDL243C_FWD,0.0,0.0
catpred,r_4176_ENZ_YDL243C_REV,0.0,0.0
catpred,r_4176_ENZ_YJR155W_FWD,0.0,1.0196288258157438e-10
catpred,r_4176_ENZ_YJR155W_REV,0.0,0.0
catpred,r_4176_ENZ_YNL331C_FWD,0.0,0.0
catpred,r_4176_ENZ_YNL331C_REV,0.0,1.6453327589260877e-10
catpred,r_4176_ENZ_YOL165C_FWD,0.0,0.0
catpred,r_4176_ENZ_YOL165C_REV,0.0,0.0
catpred,r_4176_ENZ_YPL088W_FWD,0.0,0.0
catpred,r_4176_ENZ_YPL088W_REV,0.0,0.0
catpred,r_4177_ENZ_YCR107W_FWD,0.0,0.0
catpred,r_4177_ENZ_YCR107W_REV,0.0,1.5535306374658828e-10
catpred,r_4177_ENZ_YDL243C_FWD,0.0,0.0
catpred,r_4177_ENZ_YDL243C_REV,0.0,0.0
catpred,r_4177_ENZ_YJR155W_FWD,0.0,1.1019096746167634e-10
catpred,r_4177_ENZ_YJR155W_REV,0.0,0.0
catpred,r_4177_ENZ_YNL331C_FWD,0.0,1.1019096746167634e-10
catpred,r_4177_ENZ_YNL331C_REV,0.0,0.0
catpred,r_4177_ENZ_YOL165C_FWD,0.0,1.1019096746167634e-10
catpred,r_4177_ENZ_YOL165C_REV,0.0,0.0
catpred,r_4177_ENZ_YPL088W_FWD,0.0,0.0
catpred,r_4177_ENZ_YPL088W_REV,0.0,0.0
catpred,r_4178_ENZ_YCR107W_FWD,0.0,0.0
catpred,r_4178_ENZ_YCR107W_REV,0.0,0.0
catpred,r_4178_ENZ_YDL243C_FWD,0.0,0.0
catpred,r_4178_ENZ_YDL243C_REV,0.0,0.0
catpred,r_4178_ENZ_YJR155W_FWD,0.0,0.0
catpred,r_4178_ENZ_YJR155W_REV,0.0,1.8181367522629444e-10
catpred,r_4178_ENZ_YNL331C_FWD,0.0,0.0
catpred,r_4178_ENZ_YNL331C_REV,0.0,0.0
catpred,r_4178_ENZ_YOL165C_FWD,0.0,0.0
catpred,r_4178_ENZ_YOL165C_REV,0.0,0.0
catpred,r_4178_ENZ_YPL088W_FWD,0.0,0.0
catpred,r_4178_ENZ_YPL088W_REV,0.0,0.0
catpred,r_4179_ENZ_YCR107W_FWD,0.0,0.0
catpred,r_4179_ENZ_YCR107W_REV,0.0,0.0
catpred,r_4179_ENZ_YDL243C_FWD,0.0,0.0
catpred,r_4179_ENZ_YDL243C_REV,0.0,0.0
catpred,r_4179_ENZ_YJR155W_FWD,0.0,0.0
catpred,r_4179_ENZ_YJR155W_REV,0.0,0.0
catpred,r_4179_ENZ_YNL331C_FWD,0.0,0.0
catpred,r_4179_ENZ_YNL331C_REV,0.0,0.0
catpred,r_4179_ENZ_YOL165C_FWD,0.0,1.1948486644541842e-10
catpred,r_4179_ENZ_YOL165C_REV,0.0,0.0
catpred,r_4179_ENZ_YPL088W_FWD,0.0,0.0
catpred,r_4179_ENZ_YPL088W_REV,0.0,0.0
catpred,r_4180_ENZ_YCR107W_FWD,0.0,1.205648914037738e-10
catpred,r_4180_ENZ_YCR107W_REV,0.0,0.0
catpred,r_4180_ENZ_YDL243C_FWD,0.0,0.0
catpred,r_4180_ENZ_YDL243C_REV,0.0,0.0
catpred,r_4180_ENZ_YJR155W_FWD,0.0,0.0
catpred,r_4180_ENZ_YJR155W_REV,0.0,2.0733637029479723e-10
catpred,r_4180_ENZ_YNL331C_FWD,0.0,0.0
catpred,r_4180_ENZ_YNL331C_REV,0.0,2.0733637029479723e-10
catpred,r_4180_ENZ_YOL165C_FWD,0.0,1.205648914037738e-10
catpred,r_4180_ENZ_YOL165C_REV,0.0,0.0
catpred,r_4180_ENZ_YPL088W_FWD,0.0,0.0
catpred,r_4180_ENZ_YPL088W_REV,0.0,0.0
catpred,r_4181_ENZ_YEL031W_FWD,0.0,0.0
catpred,r_4181_ENZ_YEL031W_REV,0.0,0.0
catpred,r_4183_ENZ_YEL070W_FWD,0.0,0.0
catpred,r_4183_ENZ_YEL070W_REV,0.0,0.0
catpred,r_4183_ENZ_YNR073C_FWD,0.0,0.0
catpred,r_4183_ENZ_YNR073C_REV,0.0,0.0
catpred,r_4184_ENZ_YER010C_FWD,0.0,0.0
catpred,r_4184_ENZ_YER010C_REV,0.0,0.0
catpred,r_4185_ENZ_YER010C,0.0,0.0002303169760706
catpred,r_4186_ENZ_YER042W_FWD,0.0,0.0
catpred,r_4186_ENZ_YER042W_REV,0.0,0.0
catpred,r_4187_ENZ_YER087W,0.0,-0.0
catpred,r_4188_ENZ_YER163C,0.0,3.7409798779076175e-05
catpred,r_4189_ENZ_YHL018W_FWD,0.0,0.0
catpred,r_4189_ENZ_YHL018W_REV,0.0,0.0
catpred,r_4190_ENZ_YHR008C,0.0,-0.0
catpred,r_4191_ENZ_YHR043C_FWD,0.0,0.0
catpred,r_4191_ENZ_YHR043C_REV,0.0,0.0
catpred,r_4191_ENZ_YHR044C_FWD,0.0,0.0
catpred,r_4191_ENZ_YHR044C_REV,0.0,0.0
catpred,r_4192_ENZ_YHR109W_FWD,0.0,0.0
catpred,r_4192_ENZ_YHR109W_REV,0.0,0.0
catpred,r_4193_ENZ_YDR440W_FWD,0.0,0.0
catpred,r_4193_ENZ_YDR440W_REV,0.0,0.0
catpred,r_4193_ENZ_YHR119W_FWD,0.0,0.0
catpred,r_4193_ENZ_YHR119W_REV,0.0,0.0
catpred,r_4193_ENZ_YJL168C_FWD,0.0,0.0
catpred,r_4193_ENZ_YJL168C_REV,0.0,0.0
catpred,r_4194_ENZ_YIL023C_FWD,0.0,0.0
catpred,r_4194_ENZ_YIL023C_REV,0.0,0.0
catpred,r_4195_ENZ_YMR243C_FWD,0.0,0.0
catpred,r_4195_ENZ_YMR243C_REV,0.0,0.0
catpred,r_4195_ENZ_YOR316C_FWD,0.0,0.0
catpred,r_4195_ENZ_YOR316C_REV,0.0,0.0
catpred,r_4196_ENZ_YIL043C_FWD,0.0,0.0310107894232336
catpred,r_4196_ENZ_YIL043C_REV,0.0,0.0
catpred,r_4196_ENZ_YML125C_FWD,0.0,0.0310137744976092
catpred,r_4196_ENZ_YML125C_REV,0.0,0.0
catpred,r_4197_ENZ_YIL043C_FWD,0.0,0.0
catpred,r_4197_ENZ_YIL043C_REV,0.0,0.0
catpred,r_4197_ENZ_YKL150W_FWD,0.0,0.0
catpred,r_4197_ENZ_YKL150W_REV,0.0,0.0
catpred,r_4197_ENZ_YML125C_FWD,0.0,0.0
catpred,r_4197_ENZ_YML125C_REV,0.0,0.0
catpred,r_4198_ENZ_YIR036C_FWD,0.0,0.0
catpred,r_4198_ENZ_YIR036C_REV,0.0,0.0
catpred,r_4199_ENZ_YIR038C_FWD,0.0,0.0
catpred,r_4199_ENZ_YIR038C_REV,0.0,0.0
catpred,r_4200_ENZ_YKR076W_FWD,0.0,0.0
catpred,r_4200_ENZ_YKR076W_REV,0.0,0.0
catpred,r_4200_ENZ_YMR251W_FWD,0.0,0.0
catpred,r_4200_ENZ_YMR251W_REV,0.0,0.0
catpred,r_4201_ENZ_YLL060C_FWD,0.0,0.0
catpred,r_4201_ENZ_YLL060C_REV,0.0,0.0
catpred,r_4202_ENZ_YKL069W_FWD,0.0,1.7700450234921228e-05
catpred,r_4202_ENZ_YKL069W_REV,0.0,0.0
catpred,r_4203_ENZ_YKL103C_FWD,0.0,0.0
catpred,r_4203_ENZ_YKL103C_REV,0.0,7.41362289351788e-05
catpred,r_4204_ENZ_YKL103C_FWD,0.0,0.0
catpred,r_4204_ENZ_YKL103C_REV,0.0,3.2200249811251136e-05
catpred,r_4205_ENZ_YKL215C,0.0,3.7409798779076175e-05
catpred,r_4206_ENZ_YKL218C_FWD,0.0,0.0
catpred,r_4206_ENZ_YKL218C_REV,0.0,0.0
catpred,r_4207_ENZ_YGR154C_FWD,0.0,0.0
catpred,r_4207_ENZ_YGR154C_REV,0.0,0.0
catpred,r_4208_ENZ_YKR076W_FWD,0.0,0.0
catpred,r_4208_ENZ_YKR076W_REV,0.0,0.0
catpred,r_4209_ENZ_YGR154C_FWD,0.0,0.0
catpred,r_4209_ENZ_YGR154C_REV,0.0,0.0
catpred,r_4210_ENZ_YFL061W_FWD,0.0,0.0
catpred,r_4210_ENZ_YFL061W_REV,0.0,0.0
catpred,r_4210_ENZ_YNL335W_FWD,0.0,0.0
catpred,r_4210_ENZ_YNL335W_REV,0.0,0.0
catpred,r_4211_ENZ_YFL060C_FWD,0.0,0.0
catpred,r_4211_ENZ_YFL060C_REV,0.0,0.0
catpred,r_4211_ENZ_YNL334C_FWD,0.0,0.0
catpred,r_4211_ENZ_YNL334C_REV,0.0,0.0
catpred,r_4212_ENZ_YFL059W_FWD,0.0,0.0
catpred,r_4212_ENZ_YFL059W_REV,0.0,0.0
catpred,r_4212_ENZ_YNL333W_FWD,0.0,0.0
catpred,r_4212_ENZ_YNL333W_REV,0.0,0.0
catpred,r_4214_ENZ_YFR044C_FWD,0.0,5.613433931639378e-05
catpred,r_4214_ENZ_YFR044C_REV,0.0,0.0
catpred,r_4215_ENZ_YFR044C_FWD,0.0,0.0
catpred,r_4215_ENZ_YFR044C_REV,0.0,0.0
catpred,r_4216_ENZ_YDL024C_FWD,0.0,0.0001989911989912
catpred,r_4216_ENZ_YDL024C_REV,0.0,2.795970125211354e-06
catpred,r_4217_ENZ_YDL120W_FWD,0.0,0.0
catpred,r_4217_ENZ_YDL120W_REV,0.0,0.0
catpred,r_4218_ENZ_YDL219W_FWD,0.0,0.0
catpred,r_4218_ENZ_YDL219W_REV,0.0,0.0
catpred,r_4219_ENZ_YDL219W_FWD,0.0,0.0
catpred,r_4219_ENZ_YDL219W_REV,0.0,0.0
catpred,r_4220_ENZ_YDL236W_FWD,0.0,0.0
catpred,r_4220_ENZ_YDL236W_REV,0.0,0.0
catpred,r_4221_ENZ_YDL246C_FWD,0.0,0.0
catpred,r_4221_ENZ_YDL246C_REV,0.0,0.0
catpred,r_4222_ENZ_YDR009W,0.0,-0.0
catpred,r_4223_ENZ_YDR036C,0.0,-0.0
catpred,r_4224_ENZ_YDR038C,0.0,0.0010269788698502
catpred,r_4224_ENZ_YDR039C,0.0,0.0011434426936801
catpred,r_4224_ENZ_YDR040C,0.0,0.000896114389853
catpred,r_4225_ENZ_YDR051C_FWD,0.0,0.0
catpred,r_4225_ENZ_YDR051C_REV,0.0,0.0
catpred,r_4225_ENZ_YOL075C_FWD,0.0,0.0
catpred,r_4225_ENZ_YOL075C_REV,0.0,0.0
catpred,r_4226_ENZ_YDR111C_FWD,0.0,0.0
catpred,r_4226_ENZ_YDR111C_REV,0.1438453107282792,0.1499071011493589
catpred,r_4227_ENZ_YDR242W_FWD,0.0,0.0
catpred,r_4227_ENZ_YDR242W_REV,0.0,0.0
catpred,r_4228_ENZ_YDR242W,0.0,-0.0
catpred,r_4230_ENZ_YDR242W_FWD,0.0,0.0
catpred,r_4230_ENZ_YDR242W_REV,0.0,0.0
catpred,r_4231_ENZ_YDR242W_FWD,0.0,0.0
catpred,r_4231_ENZ_YDR242W_REV,0.0,0.0
catpred,r_4232_ENZ_YDR248C_FWD,0.0,0.0001898923246307
catpred,r_4232_ENZ_YDR248C_REV,0.0,0.0
catpred,r_4233_ENZ_YDR410C_FWD,0.0,0.0
catpred,r_4233_ENZ_YDR410C_REV,0.0,0.0
catpred,r_4234_ENZ_YDR437W_and_YGR216C_and_YNL038W_and_YPL076W_and_YPL175W_and_YPL096C-A_FWD,0.0,0.0
catpred,r_4234_ENZ_YDR437W_and_YGR216C_and_YNL038W_and_YPL076W_and_YPL175W_and_YPL096C-A_REV,0.0,0.0
catpred,r_4236_ENZ_YDR533C_FWD,0.0,0.0003120299982402
catpred,r_4236_ENZ_YDR533C_REV,0.0,0.0001832166624322
catpred,r_4236_ENZ_YMR322C_FWD,0.0,0.0009676038129389
catpred,r_4236_ENZ_YMR322C_REV,0.0,0.0003207733807951
catpred,r_4236_ENZ_YOR391C_FWD,0.0,0.0010526943691795
catpred,r_4236_ENZ_YOR391C_REV,0.0,0.0003537843207923
catpred,r_4236_ENZ_YPL280W_FWD,0.0,0.0009378483278596
catpred,r_4236_ENZ_YPL280W_REV,0.0,0.0003522392897785
catpred,r_4237_ENZ_YGL006W,0.0,0.0
catpred,r_4238_ENZ_YGL167C,0.0,-0.0
catpred,r_4239_ENZ_YGL017W_FWD,0.0,0.0
catpred,r_4239_ENZ_YGL017W_REV,0.0,0.0
catpred,r_4241_ENZ_YGL027C_FWD,0.0,0.0
catpred,r_4241_ENZ_YGL027C_REV,0.0,0.0
catpred,r_4242_ENZ_YGL038C_FWD,0.0,0.0
catpred,r_4242_ENZ_YGL038C_REV,0.0,0.0
catpred,r_4243_ENZ_YGL065C_FWD,0.0,0.0
catpred,r_4243_ENZ_YGL065C_REV,0.0,0.0
catpred,r_4244_ENZ_YGL065C_FWD,0.0,0.0
catpred,r_4244_ENZ_YGL065C_REV,0.0,0.0
catpred,r_4245_ENZ_YGL156W,0.0,-0.0
catpred,r_4246_ENZ_YGL156W,0.0,-0.0
catpred,r_4247_ENZ_YGL169W,0.0,0.0
catpred,r_4248_ENZ_YGL196W,0.0,0.0
catpred,r_4249_ENZ_YGR012W_FWD,0.0,2.8633140558009806e-05
catpred,r_4249_ENZ_YGR012W_REV,0.0,0.0
catpred,r_4250_ENZ_YGR036C_FWD,0.0,0.0
catpred,r_4250_ENZ_YGR036C_REV,0.0,0.0
catpred,r_4251_ENZ_YGR046W_FWD,0.0,0.0
catpred,r_4251_ENZ_YGR046W_REV,0.0,0.0
catpred,r_4252_ENZ_YGR144W_FWD,0.0,0.0
catpred,r_4252_ENZ_YGR144W_REV,0.0,0.0
catpred,r_4253_ENZ_YGR227W_FWD,0.0,0.0
catpred,r_4253_ENZ_YGR227W_REV,0.0,0.0
catpred,r_4254_ENZ_YGR234W,0.0,0.0
catpred,r_4255_ENZ_YGR234W,0.0,0.0
catpred,r_4256_ENZ_YJL046W,0.0,0.0
catpred,r_4258_ENZ_YJL046W,0.0,-0.0
catpred,r_4260_ENZ_YJL126W_FWD,0.0,0.0
catpred,r_4260_ENZ_YJL126W_REV,0.0,0.0
catpred,r_4261_ENZ_YJL126W_FWD,0.0,0.0
catpred,r_4261_ENZ_YJL126W_REV,0.0,0.0
catpred,r_4262_ENZ_YJL200C_FWD,0.3834070584694872,0.3875750340723392
catpred,r_4262_ENZ_YJL200C_REV,0.0,0.0
catpred,r_4263_ENZ_YJR040W_FWD,0.0,0.0
catpred,r_4263_ENZ_YJR040W_REV,0.0,0.0
catpred,r_4264_ENZ_YJR051W,0.0,0.0026684714142318
catpred,r_4265_ENZ_YJR069C,0.0,-0.0
catpred,r_4266_ENZ_YJR069C,0.0,0.000253432624331
catpred,r_4267_ENZ_YJR069C,0.0,0.0001251950355259
catpred,r_4268_ENZ_YJR069C,0.0,0.0001301290886189
catpred,r_4269_ENZ_YJR069C_FWD,0.0,0.0
catpred,r_4269_ENZ_YJR069C_REV,0.0,0.0
catpred,r_4270_ENZ_YJR104C,0.0,-0.0
catpred,r_4271_ENZ_YJR131W_FWD,0.0,0.0
catpred,r_4271_ENZ_YJR131W_REV,0.0,0.0
catpred,r_4271_ENZ_YLR057W_FWD,0.0,0.0
catpred,r_4271_ENZ_YLR057W_REV,0.0,0.0
catpred,r_4272_ENZ_YJR131W_FWD,0.0,0.0
catpred,r_4272_ENZ_YJR131W_REV,0.0,0.0
catpred,r_4272_ENZ_YLR057W_FWD,0.0,0.0
catpred,r_4272_ENZ_YLR057W_REV,0.0,0.0
catpred,r_4273_ENZ_YJR149W_FWD,0.0,0.0
catpred,r_4273_ENZ_YJR149W_REV,0.0,0.0
catpred,r_4274_ENZ_YLL058W,0.0,4.063509647203589e-05
catpred,r_4274_ENZ_YML082W,0.0,4.063509647203589e-05
catpred,r_4275_ENZ_YKL220C_FWD,0.0,0.0
catpred,r_4275_ENZ_YKL220C_REV,0.0,0.0
catpred,r_4275_ENZ_YLR047C_FWD,0.0,0.0
catpred,r_4275_ENZ_YLR047C_REV,0.0,0.0
catpred,r_4275_ENZ_YLR214W_FWD,0.0,0.0
catpred,r_4275_ENZ_YLR214W_REV,0.0,0.0
catpred,r_4275_ENZ_YNR060W_FWD,0.0,0.0
catpred,r_4275_ENZ_YNR060W_REV,0.0,0.0
catpred,r_4275_ENZ_YOL152W_FWD,0.0,0.0
catpred,r_4275_ENZ_YOL152W_REV,0.0,0.0
catpred,r_4275_ENZ_YOR381W_FWD,0.0,0.0
catpred,r_4275_ENZ_YOR381W_REV,0.0,0.0
catpred,r_4275_ENZ_YOR384W_FWD,0.0,0.0
catpred,r_4275_ENZ_YOR384W_REV,0.0,0.0
catpred,r_4276_ENZ_YLL051C_FWD,0.0,0.0
catpred,r_4276_ENZ_YLL051C_REV,0.0,0.0
catpred,r_4277_ENZ_YLR099C_FWD,0.0,0.0
catpred,r_4277_ENZ_YLR099C_REV,0.0,0.0
catpred,r_4277_ENZ_YPR139C_FWD,0.0,0.0
catpred,r_4277_ENZ_YPR139C_REV,0.0,0.0
catpred,r_4278_ENZ_YLR143W,0.0,-0.0
catpred,r_4279_ENZ_YLR151C,0.0,-0.0
catpred,r_4280_ENZ_YLR239C_FWD,0.0,0.0035071005557651
catpred,r_4280_ENZ_YLR239C_REV,0.0,0.0070130470433024
catpred,r_4281_ENZ_YLR239C_FWD,0.0,0.007471910011576
catpred,r_4281_ENZ_YLR239C_REV,0.0,0.0036304614545294
catpred,r_4282_ENZ_YLR345W,0.0,0.0
catpred,r_4283_ENZ_YLR446W,0.0,0.0
catpred,r_4284_ENZ_YLR446W,0.0,-0.0
catpred,r_4285_ENZ_YLR446W,0.0,0.0
catpred,r_4286_ENZ_YLR446W,0.0,0.0
catpred,r_4287_ENZ_YLR446W,0.0,-0.0
catpred,r_4288_ENZ_YMR099C_FWD,0.0,0.0
catpred,r_4288_ENZ_YMR099C_REV,0.0,0.0
catpred,r_4291_ENZ_YMR110C_FWD,0.0,0.0
catpred,r_4291_ENZ_YMR110C_REV,0.0,0.0
catpred,r_4292_ENZ_YMR110C_FWD,0.0,0.0
catpred,r_4292_ENZ_YMR110C_REV,0.0,0.0006276855147167
catpred,r_4293_ENZ_YMR110C,0.0,0.0006276855147167
catpred,r_4294_ENZ_YMR110C,0.0,0.0
catpred,r_4295_ENZ_YMR110C_FWD,0.0,0.0
catpred,r_4295_ENZ_YMR110C_REV,0.0,0.0
catpred,r_4296_ENZ_YMR110C,0.0,-0.0
catpred,r_4297_ENZ_YMR110C_FWD,0.0,0.0
catpred,r_4297_ENZ_YMR110C_REV,0.0,0.0
catpred,r_4298_ENZ_YMR110C_FWD,0.0,0.0
catpred,r_4298_ENZ_YMR110C_REV,0.0,0.0
catpred,r_4299_ENZ_YMR110C_FWD,0.0,0.0
catpred,r_4299_ENZ_YMR110C_REV,0.0,0.0
catpred,r_4300_ENZ_YMR110C_FWD,0.0,0.0
catpred,r_4300_ENZ_YMR110C_REV,0.0,0.0
catpred,r_4301_ENZ_YMR110C_FWD,0.0,0.0
catpred,r_4301_ENZ_YMR110C_REV,0.0,0.0
catpred,r_4302_ENZ_YMR110C_FWD,0.0,0.0
catpred,r_4302_ENZ_YMR110C_REV,0.0,0.0
catpred,r_4303_ENZ_YMR110C_FWD,0.0,0.0
catpred,r_4303_ENZ_YMR110C_REV,0.0,0.0
catpred,r_4304_ENZ_YMR110C_FWD,0.0,0.0
catpred,r_4304_ENZ_YMR110C_REV,0.0,0.0
catpred,r_4305_ENZ_YMR110C_FWD,0.0,0.0
catpred,r_4305_ENZ_YMR110C_REV,0.0,0.0
catpred,r_4306_ENZ_YMR110C_FWD,0.0,0.0
catpred,r_4306_ENZ_YMR110C_REV,0.0,0.0
catpred,r_4307_ENZ_YMR110C_FWD,0.0,0.0
catpred,r_4307_ENZ_YMR110C_REV,0.0,0.0
catpred,r_4308_ENZ_YMR162C,0.0,-0.0
catpred,r_4309_ENZ_YMR210W,0.0,-0.0
catpred,r_4310_ENZ_YNL048W_FWD,0.0,0.0
catpred,r_4310_ENZ_YNL048W_REV,0.0,0.0
catpred,r_4311_ENZ_YNL048W_FWD,0.0,0.0
catpred,r_4311_ENZ_YNL048W_REV,0.0,0.0
catpred,r_4312_ENZ_YNL092W_FWD,0.0,0.0
catpred,r_4312_ENZ_YNL092W_REV,0.0,0.0
catpred,r_4313_ENZ_YNL219C_FWD,0.0,0.0
catpred,r_4313_ENZ_YNL219C_REV,0.0,0.0
catpred,r_4314_ENZ_YNL219C_FWD,0.0,0.0
catpred,r_4314_ENZ_YNL219C_REV,0.0,0.0
catpred,r_4315_ENZ_YNL274C_FWD,0.0,0.0
catpred,r_4315_ENZ_YNL274C_REV,0.0,0.0
catpred,r_4316_ENZ_YNR030W_FWD,0.0,0.0
catpred,r_4316_ENZ_YNR030W_REV,0.0,0.0
catpred,r_4317_ENZ_YOL157C_FWD,0.0,0.0
catpred,r_4317_ENZ_YOL157C_REV,0.0,0.0
catpred,r_4318_ENZ_YOL157C_FWD,0.0,0.0
catpred,r_4318_ENZ_YOL157C_REV,0.0,0.0
catpred,r_4319_ENZ_YOL157C_FWD,0.0,0.0
catpred,r_4319_ENZ_YOL157C_REV,0.0,0.0
catpred,r_4320_ENZ_YOR002W_FWD,0.0,0.0
catpred,r_4320_ENZ_YOR002W_REV,0.0,0.0
catpred,r_4321_ENZ_YOR067C_FWD,0.0,0.0
catpred,r_4321_ENZ_YOR067C_REV,0.0,0.0
catpred,r_4322_ENZ_YOR149C_FWD,0.0,0.0
catpred,r_4322_ENZ_YOR149C_REV,0.0,0.0
catpred,r_4323_ENZ_YOR196C_FWD,0.0,0.0041402394073935
catpred,r_4323_ENZ_YOR196C_REV,0.0,0.0097380695804884
catpred,r_4324_ENZ_YOR196C_FWD,0.0,0.0074720790228719
catpred,r_4324_ENZ_YOR196C_REV,0.0,0.0043534987539861
catpred,r_4325_ENZ_YOR226C,0.0,0.0
catpred,r_4325_ENZ_YPL135W,0.0,0.0
catpred,r_4326_ENZ_YOR251C_FWD,0.0,0.0
catpred,r_4326_ENZ_YOR251C_REV,0.0,0.0
catpred,r_4326_ENZ_YOR285W_FWD,0.0,0.0
catpred,r_4326_ENZ_YOR285W_REV,0.0,0.0
catpred,r_4326_ENZ_YOR286W_FWD,0.0,0.0
catpred,r_4326_ENZ_YOR286W_REV,0.0,0.0
catpred,r_4327_ENZ_YOR334W_FWD,0.0,0.0
catpred,r_4327_ENZ_YOR334W_REV,0.0,0.0
catpred,r_4327_ENZ_YPL060W_FWD,0.0,0.0
catpred,r_4327_ENZ_YPL060W_REV,0.0,0.0
catpred,r_4328_ENZ_YPL227C_FWD,0.0,0.0
catpred,r_4328_ENZ_YPL227C_REV,0.0,0.0
catpred,r_4329_ENZ_YPR003C_FWD,0.0,0.0
catpred,r_4329_ENZ_YPR003C_REV,0.0,0.0
catpred,r_4330_ENZ_YPR127W_FWD,0.0,0.0
catpred,r_4330_ENZ_YPR127W_REV,0.0,0.000197965801588
catpred,r_4331_ENZ_YDR371W_FWD,0.0,0.0
catpred,r_4331_ENZ_YDR371W_REV,0.0,0.0
catpred,r_4331_ENZ_YLR286C_FWD,0.0,0.0
catpred,r_4331_ENZ_YLR286C_REV,0.0,0.0
catpred,r_4332_ENZ_YOR161C_FWD,0.0,0.0002196953329303
catpred,r_4332_ENZ_YOR161C_REV,0.0,0.0
catpred,r_4333_ENZ_YDR452W_FWD,0.0,0.0003332881693412
catpred,r_4333_ENZ_YDR452W_REV,0.0,0.0092538217615339
catpred,r_4333_ENZ_YHR201C_FWD,0.0,0.0003291940150014
catpred,r_4333_ENZ_YHR201C_REV,0.0,0.0312719839907889
catpred,r_4334_ENZ_YDR270W,0.0,0.0
catpred,r_4335_ENZ_YDR452W,0.0,0.0001590859624367
catpred,r_4336_ENZ_YLR351C_FWD,0.0,0.0
catpred,r_4336_ENZ_YLR351C_REV,0.0,0.0
catpred,r_4337_ENZ_YMR301C_FWD,0.0,0.0
catpred,r_4337_ENZ_YMR301C_REV,0.0,0.0
catpred,r_4338_ENZ_YOL157C_FWD,0.0,0.0
catpred,r_4338_ENZ_YOL157C_REV,0.0,0.0
catpred,r_4339_ENZ_YEL004W_FWD,0.0,0.0
catpred,r_4339_ENZ_YEL004W_REV,0.0,0.0
catpred,r_4340_ENZ_YEL066W_FWD,0.0,0.0
catpred,r_4340_ENZ_YEL066W_REV,0.0,0.0
catpred,r_4341_FWD,0.0,0.0
catpred,r_4341_REV,0.0,0.0
catpred,r_4342,0.0,0.0
catpred,r_4343_FWD,0.0,0.0
catpred,r_4343_REV,0.0,0.0
catpred,r_4344,0.0,0.0
catpred,r_4345,0.0,0.0
catpred,r_4346_FWD,0.0,0.0
catpred,r_4346_REV,0.0,0.0
catpred,r_4347,0.0,0.0
catpred,r_4348_FWD,0.0,0.0
catpred,r_4348_REV,0.0,0.0
catpred,r_4349_FWD,0.0,0.0
catpred,r_4349_REV,0.0,0.0
catpred,r_4350,0.0,0.0
catpred,r_4351,0.0,0.0
catpred,r_4352_FWD,0.0,0.0
catpred,r_4352_REV,0.0,0.0
catpred,r_4353,0.0,0.0
catpred,r_4354,0.0,0.0
catpred,r_4355_FWD,0.0,8.932372593838112e-05
catpred,r_4355_REV,0.0,0.0
catpred,r_4356_FWD,0.0,0.0
catpred,r_4356_REV,0.0,9.36158006909424e-05
catpred,r_4357,0.0,0.0
catpred,r_4358_FWD,0.0,0.0
catpred,r_4358_REV,0.0,0.0
catpred,r_4359,0.0,0.0
catpred,r_4360_FWD,0.0,0.0
catpred,r_4360_REV,0.0,0.0
catpred,r_4361_ENZ_YJR152W_FWD,0.0,0.0
catpred,r_4361_ENZ_YJR152W_REV,0.0,0.0
catpred,r_4361_ENZ_YKR093W_FWD,0.0,0.0
catpred,r_4361_ENZ_YKR093W_REV,0.0,0.0
catpred,r_4362,0.0,0.0
catpred,r_4363,0.0,-0.0
catpred,r_4364_FWD,0.0,0.0
catpred,r_4364_REV,0.0,0.0
catpred,r_4365_FWD,0.0,0.0
catpred,r_4365_REV,0.0,0.0
catpred,r_4366_FWD,0.0,0.0
catpred,r_4366_REV,0.0,1.2676948485751405e-05
catpred,r_4367_FWD,0.0,0.0
catpred,r_4367_REV,0.0,1.2676948485751405e-05
catpred,r_4368,0.0,0.0
catpred,r_4369_FWD,0.0,0.0
catpred,r_4369_REV,0.0,0.0
catpred,r_4370,0.0,0.0
catpred,r_4371_FWD,0.0,0.0
catpred,r_4371_REV,0.0,0.0
catpred,r_4372_ENZ_YGR247W,0.0,0.0
catpred,r_4373_FWD,0.0,0.0
catpred,r_4373_REV,0.0,0.0
catpred,r_4374,0.0,0.0
catpred,r_4375_FWD,0.0,0.0
catpred,r_4375_REV,0.0,0.0
catpred,r_4376,0.0,0.0
catpred,r_4377_FWD,0.0,0.0
catpred,r_4377_REV,0.0,0.0
catpred,r_4378,0.0,0.0
catpred,r_4379_FWD,0.0,0.0
catpred,r_4379_REV,0.0,0.0
catpred,r_4380_FWD,0.0,0.0
catpred,r_4380_REV,0.0,1.732227965314803e-05
catpred,r_4381_FWD,0.0,0.0
catpred,r_4381_REV,0.0,1.732227965314803e-05
catpred,r_4382_FWD,0.0,0.0
catpred,r_4382_REV,0.0,0.0
catpred,r_4383_FWD,0.0,0.0
catpred,r_4383_REV,0.0,0.0
catpred,r_4384,0.0,0.0
catpred,r_4385_FWD,0.0,0.0
catpred,r_4385_REV,0.0,0.0
catpred,r_4386,0.0,0.0
catpred,r_4387_ENZ_YJR152W_FWD,0.0,0.0
catpred,r_4387_ENZ_YJR152W_REV,0.0,0.0
catpred,r_4387_ENZ_YKR093W_FWD,0.0,0.0
catpred,r_4387_ENZ_YKR093W_REV,0.0,0.0
catpred,r_4388_ENZ_YGR247W,0.0,0.0
catpred,r_4389_FWD,0.0,0.0
catpred,r_4389_REV,0.0,0.0
catpred,r_4390_FWD,0.0,0.0
catpred,r_4390_REV,0.0,0.0
catpred,r_4391,0.0,-0.0
catpred,r_4392_FWD,0.0,0.0
catpred,r_4392_REV,0.0,0.0
catpred,r_4393,0.0,0.0
catpred,r_4394_FWD,0.0,0.0
catpred,r_4394_REV,0.0,0.0
catpred,r_4395_ENZ_YDL245C_FWD,0.0,2.3322115794144338e-08
catpred,r_4395_ENZ_YDL245C_REV,0.0,5.687468274118146e-10
catpred,r_4395_ENZ_YDR342C_FWD,0.0,1.0336962930068694e-06
catpred,r_4395_ENZ_YDR342C_REV,0.0,1.9777701254497515e-08
catpred,r_4395_ENZ_YDR343C_FWD,0.0,3.54424400939024e-09
catpred,r_4395_ENZ_YDR343C_REV,0.0,0.0
catpred,r_4395_ENZ_YDR345C_FWD,0.0,3.54424400939024e-09
catpred,r_4395_ENZ_YDR345C_REV,0.0,0.0
catpred,r_4395_ENZ_YEL069C_FWD,0.0,0.0
catpred,r_4395_ENZ_YEL069C_REV,0.0,2.056452785836882e-09
catpred,r_4395_ENZ_YFL011W_FWD,0.0,2.3322115794144338e-08
catpred,r_4395_ENZ_YFL011W_REV,0.0,0.0
catpred,r_4395_ENZ_YHR092C_FWD,0.0,0.0
catpred,r_4395_ENZ_YHR092C_REV,0.0,0.0
catpred,r_4395_ENZ_YHR094C_FWD,0.0,1.4876491150062066e-09
catpred,r_4395_ENZ_YHR094C_REV,0.0,5.617850717953843e-07
catpred,r_4395_ENZ_YHR096C_FWD,0.0,3.54424400939024e-09
catpred,r_4395_ENZ_YHR096C_REV,0.0,2.2018298295733982e-10
catpred,r_4395_ENZ_YJL214W_FWD,0.0,3.4964386941283005e-10
catpred,r_4395_ENZ_YJL214W_REV,0.0,8.974387810667396e-08
catpred,r_4395_ENZ_YJL219W_FWD,0.0,1.297735252592247e-10
catpred,r_4395_ENZ_YJL219W_REV,0.0,8.974387810667396e-08
catpred,r_4395_ENZ_YJR158W_FWD,0.0,3.54424400939024e-09
catpred,r_4395_ENZ_YJR158W_REV,0.0,5.687468274118146e-10
catpred,r_4395_ENZ_YMR011W_FWD,0.0,4.7204119368871044e-07
catpred,r_4395_ENZ_YMR011W_REV,0.0,8.974387810667396e-08
catpred,r_4395_ENZ_YNR072W_FWD,0.0,3.54424400939024e-09
catpred,r_4395_ENZ_YNR072W_REV,0.0,8.974387810667396e-08
catpred,r_4395_ENZ_YOL156W_FWD,0.0,2.3322115794144338e-08
catpred,r_4395_ENZ_YOL156W_REV,0.0,8.974387810667396e-08
catpred,r_4396,0.0,2.3980498801159933e-05
catpred,r_4397_FWD,0.0,0.0
catpred,r_4397_REV,0.0,1.685646771090038e-05
catpred,r_4398_ENZ_YJR152W_FWD,0.0,0.0
catpred,r_4398_ENZ_YJR152W_REV,0.0,0.0
catpred,r_4398_ENZ_YKR093W_FWD,0.0,0.0
catpred,r_4398_ENZ_YKR093W_REV,0.0,0.0
catpred,r_4399_FWD,0.0,0.0
catpred,r_4399_REV,0.0,0.0
catpred,r_4400_ENZ_YBR299W,0.0,0.0
catpred,r_4400_ENZ_YGR292W,0.0,0.0
catpred,r_4401_FWD,0.0,0.0
catpred,r_4401_REV,0.0,0.0
catpred,r_4402_ENZ_YJR152W_FWD,0.0,0.0
catpred,r_4402_ENZ_YJR152W_REV,0.0,0.0
catpred,r_4402_ENZ_YKR093W_FWD,0.0,0.0
catpred,r_4402_ENZ_YKR093W_REV,0.0,0.0
catpred,r_4403_ENZ_YDR452W,0.0,0.0
catpred,r_4403_ENZ_YHR201C,0.0,0.0
catpred,r_4404_ENZ_YJR152W_FWD,0.0,0.0
catpred,r_4404_ENZ_YJR152W_REV,0.0,0.0
catpred,r_4404_ENZ_YKR093W_FWD,0.0,0.0
catpred,r_4404_ENZ_YKR093W_REV,0.0,0.0
catpred,r_4405_FWD,0.0,0.0
catpred,r_4405_REV,0.0,0.0
catpred,r_4406_FWD,0.0,0.0
catpred,r_4406_REV,0.0,0.0
catpred,r_4407_FWD,0.0,0.0
catpred,r_4407_REV,0.0,0.0
catpred,r_4408_ENZ_YJR152W_FWD,0.0,0.0
catpred,r_4408_ENZ_YJR152W_REV,0.0,0.0
catpred,r_4408_ENZ_YKR093W_FWD,0.0,0.0
catpred,r_4408_ENZ_YKR093W_REV,0.0,0.0
catpred,r_4409,0.0,0.0
catpred,r_4410_FWD,0.0,0.0
catpred,r_4410_REV,0.0,4.738203123400009e-05
catpred,r_4411,0.0,0.0
catpred,r_4412_ENZ_YGR247W,0.0,0.0
catpred,r_4413,0.0,0.0
catpred,r_4414,0.0,0.0
catpred,r_4415,0.0,0.0
catpred,r_4416,0.0,0.0
catpred,r_4417,0.0,0.0
catpred,r_4418,0.0,0.0
catpred,r_4419_FWD,0.0,0.0
catpred,r_4419_REV,0.0,0.0
catpred,r_4420_ENZ_YBR299W_FWD,0.0,0.0
catpred,r_4420_ENZ_YBR299W_REV,0.0,0.0
catpred,r_4420_ENZ_YGR292W_FWD,0.0,0.0
catpred,r_4420_ENZ_YGR292W_REV,0.0,0.0
catpred,r_4421_FWD,0.0,0.0
catpred,r_4421_REV,0.0,0.0
catpred,r_4422_FWD,0.0,0.0
catpred,r_4422_REV,0.0,4.738202709247963e-05
catpred,r_4423_FWD,0.0,0.0
catpred,r_4423_REV,0.0,0.0
catpred,r_4424_ENZ_YJR152W_FWD,0.0,0.0
catpred,r_4424_ENZ_YJR152W_REV,0.0,0.0
catpred,r_4424_ENZ_YKR093W_FWD,0.0,0.0
catpred,r_4424_ENZ_YKR093W_REV,0.0,0.0
catpred,r_4425_FWD,0.0,0.0
catpred,r_4425_REV,0.0,0.0
catpred,r_4426_FWD,0.0,0.0
catpred,r_4426_REV,0.0,0.0
catpred,r_4427_FWD,0.0,0.0
catpred,r_4427_REV,0.0,1.6856467571851885e-05
catpred,r_4428_FWD,0.0,0.0
catpred,r_4428_REV,0.0,0.0
catpred,r_4429_ENZ_YJR152W_FWD,0.0,0.0
catpred,r_4429_ENZ_YJR152W_REV,0.0,0.0
catpred,r_4429_ENZ_YKR093W_FWD,0.0,0.0
catpred,r_4429_ENZ_YKR093W_REV,0.0,0.0
catpred,r_4430_FWD,0.0,0.0
catpred,r_4430_REV,0.0,0.0
catpred,r_4431_FWD,0.0,0.0
catpred,r_4431_REV,0.0,0.0
catpred,r_4432,0.0,0.0
catpred,r_4433_FWD,0.0,0.0
catpred,r_4433_REV,0.0,0.0
catpred,r_4434_FWD,0.0,0.0
catpred,r_4434_REV,0.0,0.0
catpred,r_4435_ENZ_YER062C,0.0,0.0
catpred,r_4435_ENZ_YIL053W,0.0,0.0
catpred,r_4436,0.0,0.0
catpred,r_4437_ENZ_YJR152W_FWD,0.0,0.0
catpred,r_4437_ENZ_YJR152W_REV,0.0,0.0
catpred,r_4437_ENZ_YKR093W_FWD,0.0,0.0
catpred,r_4437_ENZ_YKR093W_REV,0.0,0.0
catpred,r_4438_FWD,0.0,0.0
catpred,r_4438_REV,0.0,0.0
catpred,r_4439,0.0,0.0
catpred,r_4440_FWD,0.0,8.99624994521453e-06
catpred,r_4440_REV,0.0,0.0
catpred,r_4441_FWD,0.0,0.0
catpred,r_4441_REV,0.0,0.0
catpred,r_4442,0.0,0.0
catpred,r_4443_FWD,0.0,0.0
catpred,r_4443_REV,0.0,0.0
catpred,r_4444_FWD,0.0,0.0
catpred,r_4444_REV,0.0,0.0001044695407084
catpred,r_4445_FWD,0.0,0.0
catpred,r_4445_REV,0.0,0.0001147438944073
catpred,r_4446_FWD,0.0,0.0
catpred,r_4446_REV,0.0,0.0001008348267443
catpred,r_4447_FWD,0.0,0.0
catpred,r_4447_REV,0.0,5.316997019539499e-05
catpred,r_4448_ENZ_YJR152W_FWD,0.0,0.0
catpred,r_4448_ENZ_YJR152W_REV,0.0,1.3169106989688316e-05
catpred,r_4448_ENZ_YKR093W_FWD,0.0,0.0
catpred,r_4448_ENZ_YKR093W_REV,0.0,1.3169106991774109e-05
catpred,r_4449_FWD,0.0,0.0
catpred,r_4449_REV,0.0,1.3169106991774109e-05
catpred,r_4450_FWD,0.0,0.0
catpred,r_4450_REV,0.0,7.750299571440689e-05
catpred,r_4451_FWD,0.0,0.0
catpred,r_4451_REV,0.0,8.51191146727763e-06
catpred,r_4452_FWD,0.0,0.0
catpred,r_4452_REV,0.0,0.0
catpred,r_4453_FWD,0.0,0.0
catpred,r_4453_REV,0.0,0.0001014017402678
catpred,r_4454_FWD,0.0,0.0
catpred,r_4454_REV,0.0,1.7474794818814893e-05
catpred,r_4455_FWD,0.0,0.0
catpred,r_4455_REV,0.0,9.16480502645145e-05
catpred,r_4456_FWD,0.0,0.0
catpred,r_4456_REV,0.0,0.0001022073539147
catpred,r_4457_ENZ_YDR093W_FWD,0.0,0.0
catpred,r_4457_ENZ_YDR093W_REV,0.0,0.0
catpred,r_4458_FWD,0.0,0.0
catpred,r_4458_REV,0.0,9.714850397024576e-05
catpred,r_4459_FWD,0.0,0.0
catpred,r_4459_REV,0.0,0.0001592212361174
catpred,r_4460_FWD,0.0,0.0
catpred,r_4460_REV,0.6597835009808561,0.6608894677108021
catpred,r_4461_FWD,0.0,0.0
catpred,r_4461_REV,0.0,0.0
catpred,r_4462_FWD,0.0,0.0
catpred,r_4462_REV,0.0,0.0
catpred,r_4463_FWD,0.0,0.0
catpred,r_4463_REV,0.0,8.891604609000906e-06
catpred,r_4464_FWD,0.0,0.0
catpred,r_4464_REV,0.0,0.0
catpred,r_4465_FWD,0.0,0.0
catpred,r_4465_REV,0.0,0.0
catpred,r_4466_FWD,0.0,0.0
catpred,r_4466_REV,0.0,1.4826473567826348e-05
catpred,r_4467_FWD,0.0,0.0
catpred,r_4467_REV,0.0,0.0
catpred,r_4468_ENZ_YDR342C_FWD,0.0,0.0
catpred,r_4468_ENZ_YDR342C_REV,0.0,0.0
catpred,r_4468_ENZ_YHR092C_FWD,0.0,0.0
catpred,r_4468_ENZ_YHR092C_REV,0.0,0.0
catpred,r_4469_ENZ_YKR039W_FWD,0.0,0.0
catpred,r_4469_ENZ_YKR039W_REV,0.0,1.364745261708128e-05
catpred,r_4470_FWD,0.0,0.0
catpred,r_4470_REV,0.0,0.0001307971733197
catpred,r_4471_ENZ_YJR152W_FWD,0.0,0.0
catpred,r_4471_ENZ_YJR152W_REV,0.0,2.8194942008993865e-05
catpred,r_4471_ENZ_YKR093W_FWD,0.0,0.0
catpred,r_4471_ENZ_YKR093W_REV,0.0,2.8829925218951117e-05
catpred,r_4472_FWD,0.0,0.0
catpred,r_4472_REV,0.0,3.825132452882352e-05
catpred,r_4473_ENZ_YJR152W_FWD,0.0,0.0
catpred,r_4473_ENZ_YJR152W_REV,0.0,6.879911370073766e-05
catpred,r_4473_ENZ_YKR093W_FWD,0.0,0.0
catpred,r_4473_ENZ_YKR093W_REV,0.0,7.413654502108624e-05
catpred,r_4474_FWD,0.0,0.0
catpred,r_4474_REV,0.0,7.413654502108624e-05
catpred,r_4475_FWD,0.0,0.0
catpred,r_4475_REV,0.0,3.296977629071895e-05
catpred,r_4476_FWD,0.0,0.0
catpred,r_4476_REV,0.0,3.531664022035541e-05
catpred,r_4477_FWD,0.0,0.0
catpred,r_4477_REV,0.0,0.0
catpred,r_4478_FWD,0.0,0.0
catpred,r_4478_REV,0.0,1.4447203217270166e-05
catpred,r_4479_FWD,0.0,0.0
catpred,r_4479_REV,0.0,0.0
catpred,r_4480_FWD,0.0,0.0
catpred,r_4480_REV,0.0,0.0
catpred,r_4481,0.0,6.166464918011538e-05
catpred,r_4482_FWD,0.0,7.41369951190729e-05
catpred,r_4482_REV,0.0,0.0
catpred,r_4483_FWD,0.0,7.413699528704965e-05
catpred,r_4483_REV,0.0,0.0
catpred,r_4484_ENZ_YJR130C_FWD,0.0,0.0
catpred,r_4484_ENZ_YJR130C_REV,0.0,9.290652780281904e-05
catpred,r_4484_ENZ_YLL058W_FWD,0.0,0.0
catpred,r_4484_ENZ_YLL058W_REV,0.0,4.022220752283867e-05
catpred,r_4484_ENZ_YML082W_FWD,0.0,0.0
catpred,r_4484_ENZ_YML082W_REV,0.0,4.022220752283867e-05
catpred,r_4485,0.0,2.9151437427460403e-05
catpred,r_4486,0.0,2.9151437427460403e-05
catpred,r_4487,0.0,2.9151437427460403e-05
catpred,r_4488,0.0,2.9151437427460403e-05
catpred,r_4489,0.0,0.0
catpred,r_4490_FWD,0.0,0.0
catpred,r_4490_REV,0.0,0.0
catpred,r_4491,0.0,0.0
catpred,r_4492,0.0,0.0
catpred,r_4493_ENZ_YNL065W_FWD,0.0,0.0
catpred,r_4493_ENZ_YNL065W_REV,0.0,1.6602719552560874e-05
catpred,r_4494,0.0,-0.0
catpred,r_4495,0.0,0.0
catpred,r_4496,0.0,7.514031413995048e-05
catpred,r_4497,0.0,5.9412971375572e-05
catpred,r_4498,0.0,0.0
catpred,r_4499,0.0,0.0
catpred,r_4500,0.0,-0.0
catpred,r_4501,0.0,0.0
catpred,r_4502,0.0,0.0001064812430966
catpred,r_4503,0.0,0.0
catpred,r_4504,0.0,0.0001014017668873
catpred,r_4505,0.0,0.0
catpred,r_4506,0.0,0.0
catpred,r_4507,0.0,9.46686131708674e-05
catpred,r_4508,0.0,0.0
catpred,r_4509,0.0,2.7895716944018045e-05
catpred,r_4510,0.0,0.0
catpred,r_4511,0.0,-0.0
catpred,r_4512,0.0,0.0
catpred,r_4513,0.0,0.0
catpred,r_4514,0.0,0.0
catpred,r_4515,0.0,0.0
catpred,r_4516,0.0,0.0
catpred,r_4517,0.0,0.0
catpred,r_4518,0.0,1.4947712127267145e-05
catpred,r_4519,0.0,1.3987528712032515e-05
catpred,r_4520,0.0,7.098017017631575e-05
catpred,r_4521,0.0,7.825961793580909e-06
catpred,r_4522,0.0,0.0
catpred,r_4523,0.0,0.0001286433410685
catpred,r_4524,0.0,8.560452115035852e-06
catpred,r_4525,0.0,7.779377960440148e-05
catpred,r_4526,0.0,-0.0
catpred,r_4527,0.6597834494426111,0.6608992419515958
catpred,r_4528,0.0,0.0
catpred,r_4529,0.0,9.276850254635872e-05
catpred,r_4530,0.0,1.0680997538446702e-05
catpred,r_4531,0.0,3.88783843796453e-05
catpred,r_4532,0.0,0.0
catpred,r_4533,0.0,0.0
catpred,r_4534,0.0,0.0
catpred,r_4535,0.0,0.0
catpred,r_4536,0.0,0.0
catpred,r_4537,0.0,0.0
catpred,r_4538,0.0,9.958304375956573e-05
catpred,r_4539,0.0,0.0001076239817158
catpred,r_4540,0.0,0.0
catpred,r_4541,0.0,0.0
catpred,r_4542,0.0,0.0
catpred,r_4543,0.0,0.0001684454893733
catpred,r_4544,0.0,0.0
catpred,r_4545,0.0,0.0
catpred,r_4546,0.0,0.0
catpred,r_4547,0.0,0.0001540349101616
catpred,r_4548,0.0,9.19098542288832e-06
catpred,r_4549,0.0,1.4303792585941557e-05
catpred,r_4550,0.0,1.502228725366872e-05
catpred,r_4551,0.0,0.0
catpred,r_4552,0.0,1.3502910176560728e-05
catpred,r_4553,0.0,0.0
catpred,r_4554,0.0,0.0
catpred,r_4555,0.0,1.5606630055408e-05
catpred,r_4556,0.0,3.082524814099108e-05
catpred,r_4557,0.0,1.680629880561682e-05
catpred,r_4558,0.0,1.5891743543491182e-05
catpred,r_4559,0.0,0.0
catpred,r_4560,0.0,0.0
catpred,r_4561,0.0,0.0
catpred,r_4562,0.0,0.0
catpred,r_4563,0.0,0.0
catpred,r_4564,0.0,0.0
catpred,r_4565,0.0,0.0
catpred,r_4567,0.0,0.0001871415416307
catpred,r_4568,0.0,0.0
catpred,r_4569,0.0,-0.0
catpred,r_4570_ENZ_YER081W_FWD,0.0,0.0
catpred,r_4570_ENZ_YER081W_REV,0.0596297899574573,0.0598221948244242
catpred,r_4570_ENZ_YIL074C_FWD,0.0,0.0
catpred,r_4570_ENZ_YIL074C_REV,0.0,0.0
catpred,r_4571_FWD,0.0596529855757823,0.0598231373517862
catpred,r_4571_REV,0.0,0.0
catpred,r_4572_FWD,0.0,2.579185307934051e-05
catpred,r_4572_REV,0.0,0.0
catpred,r_4573,0.0,2.8316213460324765e-05
catpred,r_4574,0.0,2.657509807842869e-05
catpred,r_4575,0.0,2.089675122645925e-05
catpred,r_4581,0.0596345652396209,0.0598087113824178
catpred,r_4582,0.0596345652396209,0.0598087113824178
catpred,r_4583,0.0,7.119306654320562e-05
catpred,r_4584_ENZ_YER015W,0.0,6.38765112448425e-05
catpred,r_4584_ENZ_YIL009W,0.0,7.984264899215266e-05
catpred,r_4584_ENZ_YMR246W,0.0,5.757438727520964e-05
catpred,r_4584_ENZ_YOR317W,0.0,6.387645614525095e-05
catpred,r_4585,0.0,0.0
catpred,r_4586,0.0,0.0
catpred,r_4587_ENZ_YOL122C_FWD,6.06725514119345e-05,6.06725514119345e-05
catpred,r_4587_ENZ_YOL122C_REV,0.0,0.0
catpred,r_4588_ENZ_YNL275W_FWD,0.0003606801675127,0.0003606801675127
catpred,r_4588_ENZ_YNL275W_REV,0.0,0.0
catpred,r_4589_ENZ_YOL122C_FWD,0.000184254439287,0.000184254439287
catpred,r_4589_ENZ_YOL122C_REV,0.0,0.0
catpred,r_4590_ENZ_YOL130W_FWD,0.0007632998818179,0.0007632998818179
catpred,r_4590_ENZ_YOL130W_REV,0.0,0.0
catpred,r_4591_ENZ_YGL255W_FWD,0.0,0.0002091396147941
catpred,r_4591_ENZ_YGL255W_REV,0.0,0.0
catpred,r_4591_ENZ_YLR130C_FWD,0.0,0.0002091385682138
catpred,r_4591_ENZ_YLR130C_REV,0.0,0.0
catpred,r_4592_ENZ_YGR191W_FWD,0.0003474130548548,0.0003474130548548
catpred,r_4592_ENZ_YGR191W_REV,0.0,0.0
catpred,r_4592_ENZ_YOL130W_FWD,0.0,0.0
catpred,r_4592_ENZ_YOL130W_REV,0.0,0.0
catpred,r_4593_FWD,0.0,0.0
catpred,r_4593_REV,0.0003606819724444,0.0003606819724444
catpred,r_4594_FWD,0.0,0.0
catpred,r_4594_REV,0.0001842553613412,0.0001842553613412
catpred,r_4595_FWD,0.0,0.0
catpred,r_4595_REV,0.0007633037015569,0.0007633037015569
catpred,r_4596_FWD,0.0,0.0
catpred,r_4596_REV,0.0002091396147943,0.0002091396147943
catpred,r_4597_FWD,0.0,0.0
catpred,r_4597_REV,0.0003474130548548,0.0003474130548548
catpred,r_4598,0.2795984187561274,0.2795984187561274
catpred,r_4599,0.2795984187561274,0.2795984187561274
catpred,r_4600_FWD,0.0,0.0
catpred,r_4600_REV,6.0672855032202346e-05,6.0672855032202346e-05
catpred,r_4601_FWD,0.0,-0.0
catpred,r_4601_REV,0.0,0.0
catpred,r_4602_FWD,0.0,0.0
catpred,r_4602_REV,0.0,0.0
catpred,r_4603_FWD,0.0,0.0
catpred,r_4603_REV,0.0,0.0
catpred,r_4604_FWD,0.0,0.0
catpred,r_4604_REV,0.0,0.0
catpred,r_4605_FWD,0.0,0.0
catpred,r_4605_REV,0.0,0.0
catpred,r_4606_FWD,0.0,0.0
catpred,r_4606_REV,0.0,0.0
catpred,r_4607_FWD,0.0,0.0
catpred,r_4607_REV,0.0,0.0002061316175172
catpred,r_4608,0.0,6.837062241879635e-05
catpred,r_4609_FWD,0.0,0.0002437761676272
catpred,r_4609_REV,0.0,0.0
catpred,r_4610_FWD,0.0,0.0
catpred,r_4610_REV,0.0,0.0140212657945172
catpred,r_4611_FWD,0.0,0.0
catpred,r_4611_REV,0.0,0.0002779915343933
catpred,r_4612_FWD,0.0,0.0
catpred,r_4612_REV,0.0,0.0
catpred,r_4613_FWD,0.0,0.0
catpred,r_4613_REV,0.0,0.0
catpred,r_4614_FWD,0.0,0.0
catpred,r_4614_REV,0.0,0.0
catpred,r_4615_FWD,0.0,0.0
catpred,r_4615_REV,0.0,0.0
catpred,r_4616_FWD,0.0,0.0
catpred,r_4616_REV,0.0,0.0
catpred,r_4617_FWD,0.0,0.0
catpred,r_4617_REV,0.0,0.0
catpred,r_4618_FWD,0.0,0.0
catpred,r_4618_REV,0.0,0.0
catpred,r_4619_FWD,0.0,0.0
catpred,r_4619_REV,0.0,0.0
catpred,r_4620_FWD,0.0,0.0
catpred,r_4620_REV,0.0,0.0
catpred,r_4621_FWD,0.0,3.504542792792664e-05
catpred,r_4621_REV,0.0,0.0
catpred,r_4622_FWD,0.0,0.0
catpred,r_4622_REV,0.0,0.0
catpred,r_4623_FWD,0.0,0.0
catpred,r_4623_REV,0.0,0.0
catpred,r_4624_FWD,0.0,0.0
catpred,r_4624_REV,0.0,0.0
catpred,r_4625_FWD,0.0,0.0
catpred,r_4625_REV,0.0,0.0
catpred,r_4626_FWD,0.0,0.0
catpred,r_4626_REV,0.0,0.0
catpred,r_4627_FWD,0.0,0.0
catpred,r_4627_REV,0.0,0.0
catpred,r_4628_FWD,0.0,0.0
catpred,r_4628_REV,0.0,0.0
catpred,r_4629_ENZ_YBR177C_FWD,0.0,5.206693251706696e-06
catpred,r_4629_ENZ_YBR177C_REV,0.0,0.0
catpred,r_4629_ENZ_YPL095C_FWD,0.0,5.077928277856525e-06
catpred,r_4629_ENZ_YPL095C_REV,0.0,0.0
catpred,r_4630_ENZ_YBR177C_FWD,0.0,4.553427882178496e-06
catpred,r_4630_ENZ_YBR177C_REV,0.0,0.0
catpred,r_4630_ENZ_YPL095C_FWD,0.0,6.185500072287964e-06
catpred,r_4630_ENZ_YPL095C_REV,0.0,0.0
catpred,r_4631_ENZ_YBR177C_FWD,0.0,6.759980603038285e-06
catpred,r_4631_ENZ_YBR177C_REV,0.0,0.0
catpred,r_4631_ENZ_YPL095C_FWD,0.0,6.7364952719001225e-06
catpred,r_4631_ENZ_YPL095C_REV,0.0,0.0
catpred,r_4632_ENZ_YGR015C_FWD,0.0,0.0
catpred,r_4632_ENZ_YGR015C_REV,0.0,0.0
catpred,r_4632_ENZ_YGR177C_FWD,0.0,0.0
catpred,r_4632_ENZ_YGR177C_REV,0.0,0.0
catpred,r_4632_ENZ_YOR377W_FWD,0.0,0.0
catpred,r_4632_ENZ_YOR377W_REV,0.0,0.0
catpred,r_4633_ENZ_YBR177C_FWD,0.0,6.023943284575292e-06
catpred,r_4633_ENZ_YBR177C_REV,0.0,0.0
catpred,r_4633_ENZ_YPL095C_FWD,0.0,6.02394328457529e-06
catpred,r_4633_ENZ_YPL095C_REV,0.0,0.0
catpred,r_4634_FWD,0.0,7.889609178384327e-06
catpred,r_4634_REV,0.0,0.0
catpred,r_4635_FWD,0.0,3.9292500832445165e-06
catpred,r_4635_REV,0.0,0.0
catpred,r_4636_FWD,0.0,7.340850394526143e-06
catpred,r_4636_REV,0.0,0.0
catpred,r_4637,0.0,0.0
catpred,r_4638,0.0,7.992455555164344e-06
catpred,r_4639_FWD,0.0,9.14070812136486e-06
catpred,r_4639_REV,0.0,0.0
catpred,r_4640_FWD,0.0,5.898198812942512e-06
catpred,r_4640_REV,0.0,0.0
catpred,r_4641_FWD,0.0,7.759936108953941e-06
catpred,r_4641_REV,0.0,0.0
catpred,r_4642,0.0,0.0
catpred,r_4643,0.0,6.023881655952452e-06
catpred,r_4644,0.0,7.889320274483524e-06
catpred,r_4645,0.0,6.98509798296204e-06
catpred,r_4646,0.0,7.759865047426909e-06
catpred,r_4647,0.0,0.0
catpred,r_4648,0.0,7.992455555164344e-06
catpred,r_4649_ENZ_YGR015C,0.0,0.0001845178673971
catpred,r_4650,0.0,0.0001845178674451
catpred,r_4651_ENZ_YGR087C,0.0,0.0001015443722744
catpred,r_4651_ENZ_YLR044C,0.0,8.56379328934842e-05
catpred,r_4651_ENZ_YLR134W,0.0,8.233343330341786e-05
catpred,r_4652_ENZ_YBR145W,0.0,0.0001121605756859
catpred,r_4652_ENZ_YDL168W,0.0,8.502808193577849e-05
catpred,r_4652_ENZ_YOL086C,0.0,8.502808196420021e-05
catpred,r_4653_ENZ_YGL256W,0.0,0.0
catpred,r_4653_ENZ_YMR083W,0.0,0.0
catpred,r_4654_ENZ_YCR105W,0.0,9.842070196280917e-05
catpred,r_4654_ENZ_YDR368W,0.0,8.313894081032026e-05
catpred,r_4654_ENZ_YMR318C,0.0,8.313904081891366e-05
catpred,r_4655_FWD,0.0,0.0
catpred,r_4655_REV,0.0,0.0
catpred,r_4656_FWD,0.0,8.563497564959693e-05
catpred,r_4656_REV,0.0,0.0
catpred,r_4657_FWD,0.0,8.180904606502892e-05
catpred,r_4657_REV,0.0,0.0
catpred,r_4658,0.0,8.56459422510017e-05
catpred,r_4659,0.0,0.000105083887298
catpred,r_4660_ENZ_YHR137W_FWD,0.0,1.600956193248404e-05
catpred,r_4660_ENZ_YHR137W_REV,0.0,0.0
catpred,r_4661_ENZ_YBR145W,0.0,1.6212968805291023e-05
catpred,r_4661_ENZ_YDL168W,0.0,1.621306880691259e-05
catpred,r_4661_ENZ_YOL086C,0.0,1.6215355221081695e-05
catpred,r_4662_ENZ_YGL256W,0.0,0.0
catpred,r_4662_ENZ_YMR083W,0.0,0.0
catpred,r_4663_ENZ_YCR105W,0.0,1.5566985719892706e-05
catpred,r_4663_ENZ_YDR368W,0.0,1.5567085721451823e-05
catpred,r_4663_ENZ_YMR318C,0.0,1.5567085721451823e-05
catpred,r_4664_FWD,0.0,0.0
catpred,r_4664_REV,0.0,0.0
catpred,r_4665_FWD,0.0,1.5233852062465636e-05
catpred,r_4665_REV,0.0,0.0
catpred,r_4666_FWD,0.0,1.90155428758439e-05
catpred,r_4666_REV,0.0,0.0
catpred,r_4667,0.0,1.561173205311822e-05
catpred,r_4668,0.0,1.802295674401135e-05
catpred,r_4669_ENZ_YGR087C,0.0,1.3552231949431892e-05
catpred,r_4669_ENZ_YLR044C,0.0,1.3589279889203444e-05
catpred,r_4669_ENZ_YLR134W,0.0,1.3591941189723676e-05
catpred,r_4670_ENZ_YBR145W,0.0,1.2735485396084267e-05
catpred,r_4670_ENZ_YDL168W,0.0,1.35738778542574e-05
catpred,r_4670_ENZ_YOL086C,0.0,1.357387785892034e-05
catpred,r_4671_ENZ_YGL256W,0.0,0.0
catpred,r_4671_ENZ_YMR083W,0.0,0.0
catpred,r_4672_ENZ_YCR105W,0.0,1.3520112279924446e-05
catpred,r_4672_ENZ_YDR368W,0.0,1.3520112279924446e-05
catpred,r_4672_ENZ_YMR318C,0.0,1.3523034266306466e-05
catpred,r_4673_FWD,0.0,0.0
catpred,r_4673_REV,0.0,0.0
catpred,r_4674_FWD,0.0,1.4529414114741734e-05
catpred,r_4674_REV,0.0,0.0
catpred,r_4675_FWD,0.0,1.357485592907992e-05
catpred,r_4675_REV,0.0,0.0
catpred,r_4676,0.0,1.35523577613067e-05
catpred,r_4677,0.0,1.305826193748194e-05
catpred,r_4678_ENZ_YMR169C_FWD,0.0,3.3015252511869875e-05
catpred,r_4678_ENZ_YMR169C_REV,0.0,4.4098675213877225e-05
catpred,r_4678_ENZ_YMR170C_FWD,0.0,3.314297215304546e-05
catpred,r_4678_ENZ_YMR170C_REV,0.0,5.312343543051323e-05
catpred,r_4678_ENZ_YOR374W_FWD,0.0,3.4249391973162346e-05
catpred,r_4678_ENZ_YOR374W_REV,0.0,5.312343543051323e-05
catpred,r_4679_ENZ_YER015W_FWD,0.0,4.325778370373179e-05
catpred,r_4679_ENZ_YER015W_REV,0.0,5.312343543045772e-05
catpred,r_4679_ENZ_YIL009W_FWD,0.0,3.4435406882415975e-05
catpred,r_4679_ENZ_YIL009W_REV,0.0,4.72102721511547e-05
catpred,r_4679_ENZ_YMR246W_FWD,0.0,4.03659892572367e-05
catpred,r_4679_ENZ_YMR246W_REV,0.0,5.312343542916709e-05
catpred,r_4679_ENZ_YOR317W_FWD,0.0,3.4416141744042505e-05
catpred,r_4679_ENZ_YOR317W_REV,0.0,4.553543287549866e-05
catpred,r_4680_ENZ_YBR177C_FWD,0.0,6.933325684562591e-05
catpred,r_4680_ENZ_YBR177C_REV,0.0,0.0
catpred,r_4680_ENZ_YPL095C_FWD,0.0,6.933325251967659e-05
catpred,r_4680_ENZ_YPL095C_REV,0.0,0.0
catpred,r_4681_FWD,0.0,3.447040161885795e-05
catpred,r_4681_REV,0.0,5.312343543004833e-05
catpred,r_4682_FWD,0.0,7.759865047426909e-06
catpred,r_4682_REV,0.0,0.0
catpred,r_4683_FWD,0.0,9.14070813096135e-06
catpred,r_4683_REV,0.0,0.0
catpred,r_4684_FWD,0.0,5.985097987930288e-06
catpred,r_4684_REV,0.0,0.0
catpred,r_4685_FWD,0.0,7.023912125246207e-06
catpred,r_4685_REV,0.0,0.0
catpred,r_4686_FWD,0.0,5.185494582244415e-05
catpred,r_4686_REV,0.0,3.4455561841006954e-05
catpred,r_4687_ENZ_YGR015C,0.0,1.140600132519586e-05
catpred,r_4687_ENZ_YGR177C,0.0,1.1406001321643143e-05
catpred,r_4687_ENZ_YOR377W,0.0,1.1406001328424184e-05
catpred,r_4688,0.0,1.140600132519586e-05
catpred,r_4689,0.0,1.140600132519586e-05
catpred,r_4690_ENZ_YGR015C,0.0,1.295466737527562e-05
catpred,r_4690_ENZ_YGR177C,0.0,1.2328025658092656e-05
catpred,r_4690_ENZ_YOR377W,0.0,1.3139072845433364e-05
catpred,r_4691,0.0,1.295466737527562e-05
catpred,r_4692,0.0,1.295466737527562e-05
catpred,r_4693_ENZ_YGR015C,0.0,3.526397661091085e-05
catpred,r_4693_ENZ_YGR177C,0.0,3.308981674121636e-05
catpred,r_4693_ENZ_YOR377W,0.0,3.107439300971867e-05
catpred,r_4694,0.0,3.764339325615273e-05
catpred,r_4695,0.0,3.764339325615273e-05
catpred,r_4697_FWD,0.0,7.229049301299317e-05
catpred,r_4697_REV,0.0,0.0
catpred,r_4698_ENZ_YKL217W,0.0,7.229049303218616e-05
catpred,r_4698_ENZ_YNL065W,0.0,7.229059302105156e-05
catpred,r_4699,0.0,7.229049303218616e-05
catpred,r_4700_ENZ_YIL166C,0.0,3.906940373052045e-05
catpred,r_4701_ENZ_YFR055W_FWD,0.0,2.9761177049003606e-05
catpred,r_4701_ENZ_YFR055W_REV,0.0,0.0
catpred,r_4702_FWD,0.0,7.584841063081049e-05
catpred,r_4702_REV,0.0,0.0
catpred,r_4703_ENZ_YOR251C,0.0,7.584841063081049e-05
catpred,r_4704_ENZ_YIL166C,0.0,0.0
catpred,r_4705_ENZ_YIL166C,0.0,0.0
catpred,r_4706_ENZ_YLL057C_FWD,0.0,0.0
catpred,r_4706_ENZ_YLL057C_REV,0.0,0.0
catpred,r_4707_FWD,0.0,0.0
catpred,r_4707_REV,0.0,0.0
catpred,r_4708,0.0,3.906625077138015e-05
catpred,r_4709,0.0,0.0
catpred,r_4710,0.0,-0.0
catpred,r_4711_ENZ_YOR126C_FWD,0.0,1.9605574637870937e-05
catpred,r_4711_ENZ_YOR126C_REV,0.0,0.0
catpred,r_4712_ENZ_YOR126C_FWD,0.0,1.805042558933323e-05
catpred,r_4712_ENZ_YOR126C_REV,0.0,0.0
catpred,r_4713_ENZ_YOR126C_FWD,0.0,0.0001213331371265
catpred,r_4713_ENZ_YOR126C_REV,0.0,0.0
catpred,r_4714_ENZ_YOR126C_FWD,0.0,6.031706313244345e-05
catpred,r_4714_ENZ_YOR126C_REV,0.0,0.0
catpred,r_4715_ENZ_YOR126C_FWD,0.0,0.0
catpred,r_4715_ENZ_YOR126C_REV,0.0,0.0
catpred,r_4716_ENZ_YOR126C_FWD,0.0,2.443361952181311e-05
catpred,r_4716_ENZ_YOR126C_REV,0.0,0.0
catpred,r_4717_ENZ_YOR126C_FWD,0.0,0.0
catpred,r_4717_ENZ_YOR126C_REV,0.0,0.0
catpred,r_4718_ENZ_YOR374W_FWD,0.0,1.276642743727278e-05
catpred,r_4718_ENZ_YOR374W_REV,0.0,0.0
catpred,r_4718_ENZ_YPL061W_FWD,0.0,1.282643079425494e-05
catpred,r_4718_ENZ_YPL061W_REV,0.0,0.0
catpred,r_4719_ENZ_YOR374W_FWD,0.0,2.366421559242549e-05
catpred,r_4719_ENZ_YOR374W_REV,0.0,0.0
catpred,r_4719_ENZ_YPL061W_FWD,0.0,2.36642156039996e-05
catpred,r_4719_ENZ_YPL061W_REV,0.0,0.0
catpred,r_4720_ENZ_YOR126C_FWD,0.0,2.0783534201727905e-05
catpred,r_4720_ENZ_YOR126C_REV,0.0,0.0
catpred,r_4721_ENZ_YOR126C_FWD,0.0,1.741271074864087e-05
catpred,r_4721_ENZ_YOR126C_REV,0.0,0.0
catpred,r_4722_ENZ_YJL012C,0.0,6.300030253136857e-05
catpred,r_4723_ENZ_YDR452W_FWD,0.0,0.0001058401611096
catpred,r_4723_ENZ_YDR452W_REV,0.0,0.0001347676603483
catpred,r_4723_ENZ_YHR201C_FWD,0.0,0.0001067955661872
catpred,r_4723_ENZ_YHR201C_REV,0.0,0.0001362264536983
catpred,r_4724_ENZ_YDR452W_FWD,0.0,0.0089925376630514
catpred,r_4724_ENZ_YDR452W_REV,0.0,0.0003518588494925
catpred,r_4724_ENZ_YHR201C_FWD,0.0,0.0314491029468476
catpred,r_4724_ENZ_YHR201C_REV,0.0,0.0003700001280385
catpred,r_4725_ENZ_YDR452W_FWD,0.0,0.0
catpred,r_4725_ENZ_YDR452W_REV,0.0,0.0
catpred,r_4725_ENZ_YHR201C_FWD,0.0,0.0
catpred,r_4725_ENZ_YHR201C_REV,0.0,0.0
catpred,r_4726_FWD,0.0,1.9605167470787488e-05
catpred,r_4726_REV,0.0,0.0
catpred,r_4727,0.0,1.9605167470787488e-05
catpred,r_4728_FWD,0.0,1.849909872664313e-05
catpred,r_4728_REV,0.0,0.0
catpred,r_4729,0.0,1.849909872664313e-05
catpred,r_4730_FWD,0.0,6.022745076694714e-05
catpred,r_4730_REV,0.0,0.0
catpred,r_4731,0.0,6.987640366418191e-05
catpred,r_4732_FWD,0.0,5.8562790124006e-05
catpred,r_4732_REV,0.0,0.0
catpred,r_4733,0.0,5.8562790124006e-05
catpred,r_4734_FWD,0.0,0.0
catpred,r_4734_REV,0.0,0.0
catpred,r_4735,0.0,0.0
catpred,r_4736_FWD,0.0,3.1007943004590643e-05
catpred,r_4736_REV,0.0,0.0
catpred,r_4737,0.0,3.1007943004590643e-05
catpred,r_4738_FWD,0.0,0.0
catpred,r_4738_REV,0.0,0.0
catpred,r_4739,0.0,0.0
catpred,r_4740_FWD,0.0,1.383148152186886e-05
catpred,r_4740_REV,0.0,0.0
catpred,r_4741,0.0,1.383148152186886e-05
catpred,r_4742_FWD,0.0,1.70655089883065e-05
catpred,r_4742_REV,0.0,0.0
catpred,r_4743,0.0,2.0083002158381716e-05
catpred,r_4744_FWD,0.0,0.000136226451703
catpred,r_4744_REV,0.0,0.0001138022718134
catpred,r_4745_FWD,0.0,0.0314473932668819
catpred,r_4745_REV,0.0,0.000332020732766
catpred,r_4746_FWD,0.0,0.0
catpred,r_4746_REV,0.0,0.0
catpred,r_4747_ENZ_YDR020C,0.0,4.991402780873955e-05
catpred,r_4747_ENZ_YNR012W,0.0,7.644619220315008e-05
catpred,r_4748_ENZ_YFL053W,0.0,0.0
catpred,r_4748_ENZ_YML070W,0.0,0.0
catpred,r_4749_ENZ_YLR209C_FWD,0.0,0.0002820685878541
catpred,r_4749_ENZ_YLR209C_REV,0.0,7.779364656585555e-05
catpred,r_4750_ENZ_YBR019C_FWD,0.0,0.0
catpred,r_4750_ENZ_YBR019C_REV,0.0,0.0
catpred,r_4751_ENZ_YEL066W,0.0,0.0
catpred,r_4751_ENZ_YPR193C,0.0,0.0
catpred,r_4752_ENZ_YLR146C,0.0,0.0
catpred,r_4752_ENZ_YPR069C,0.0,0.0
catpred,r_4753_ENZ_YPL214C_FWD,0.0,0.0
catpred,r_4753_ENZ_YPL214C_REV,0.0,0.0
catpred,r_4754_ENZ_YDR538W_FWD,0.0,0.0
catpred,r_4754_ENZ_YDR538W_REV,0.0,0.0
catpred,r_4755_ENZ_YDL178W,0.0,0.0
catpred,r_4755_ENZ_YEL071W,0.0,0.0
catpred,r_4756_ENZ_YDR400W,0.0,6.059441577876967e-05
catpred,r_4757_ENZ_YDR109C_FWD,0.0,0.0
catpred,r_4757_ENZ_YDR109C_REV,0.0,0.0
catpred,r_4758_ENZ_YLR209C_FWD,0.0,0.0
catpred,r_4758_ENZ_YLR209C_REV,0.0,0.0
catpred,r_4759_ENZ_YGL067W,0.0,-0.0
catpred,r_4760_ENZ_YER023W_FWD,0.0,0.0026277918205581
catpred,r_4760_ENZ_YER023W_REV,0.0,0.0
catpred,r_4761_ENZ_YJL060W,0.0,0.0
catpred,r_4762_ENZ_YDR036C_FWD,0.0,0.0
catpred,r_4762_ENZ_YDR036C_REV,0.0,0.0
catpred,r_4763_ENZ_YAL060W_FWD,0.0,0.0
catpred,r_4763_ENZ_YAL060W_REV,0.0,0.0
catpred,r_4763_ENZ_YAL061W_FWD,0.0,0.0
catpred,r_4763_ENZ_YAL061W_REV,0.0,0.0
catpred,r_4764_ENZ_YPR062W,0.0,-0.0
catpred,r_4765_ENZ_YIR032C,0.0,0.0
catpred,r_4766_ENZ_YJL005W,0.0,0.000208937193389
catpred,r_4767_ENZ_YJL060W,0.0,0.0
catpred,r_4768_ENZ_YDR481C,0.0,0.0
catpred,r_4769_ENZ_YDR305C,0.0,-0.0
catpred,r_4770_ENZ_YKL067W,0.0,-0.0
catpred,r_4771_ENZ_YKL067W,0.0,0.0
catpred,r_4772_ENZ_YKL067W,0.0,-0.0
catpred,r_4773_ENZ_YKL067W,0.0,0.0
catpred,r_4774_ENZ_YKL067W,0.0,-0.0
catpred,r_4775_ENZ_YKL067W,0.0,0.0003647332662701
catpred,r_4776_ENZ_YKL067W,0.0,0.0
catpred,r_4777_ENZ_YKL067W_FWD,0.0,0.0
catpred,r_4777_ENZ_YKL067W_REV,0.0,0.0
catpred,r_4778_ENZ_YKL067W_FWD,0.0,0.0
catpred,r_4778_ENZ_YKL067W_REV,0.0,0.0
catpred,r_4779_FWD,0.0,1.925679497795102e-05
catpred,r_4779_REV,0.0,2.795970193147923e-07
catpred,r_4780,0.0,5.409009108807405e-06
catpred,r_4781_ENZ_YGR144W,0.0,3.355164353687164e-07
catpred,r_4782_ENZ_YGR144W,0.0,3.355164353687164e-07
