tool,reaction,min_flux,max_flux
mmkcat,r_0001_ENZ_YDL174C_and_YEL039C,0.0,0.0009997459085557
mmkcat,r_0001_ENZ_YDL174C_and_YJR048W,0.0,0.0009997459046076
mmkcat,r_0001_ENZ_YEL039C_and_YEL071W,0.0,0.0009997459048833
mmkcat,r_0001_ENZ_YEL071W_and_YJR048W,0.0,0.0009997459054222
mmkcat,r_0002_ENZ_YDL178W_and_YEL039C,0.0,0.0009997459039468
mmkcat,r_0002_ENZ_YDL178W_and_YJR048W,0.0,0.0009997459072756
mmkcat,r_0003_ENZ_YAL060W_FWD,0.0,0.0
mmkcat,r_0003_ENZ_YAL060W_REV,0.0,0.0003682907576668
mmkcat,r_0004_ENZ_YEL039C_and_YML054C,0.0,0.0007969483986976
mmkcat,r_0004_ENZ_YJR048W_and_YML054C,0.0,0.000784662299907
mmkcat,r_0005_ENZ_YPR165W_and_YGR032W,0.0,0.2241150452637633
mmkcat,r_0005_ENZ_YPR165W_and_YLR342W,0.0,0.2241150467951457
mmkcat,r_0005_ENZ_YPR165W_and_YMR306W,0.0,0.2241150467951457
mmkcat,r_0006_ENZ_YGR143W,0.0,0.0748808860990043
mmkcat,r_0006_ENZ_YPR159W,0.0,0.0748808733690577
mmkcat,r_0007_ENZ_YIL020C,0.0230915869629626,0.0231150983850806
mmkcat,r_0012_ENZ_YHR037W,0.0,9.89018401133327e-05
mmkcat,r_0013_ENZ_YEL038W_and_YMR009W,5.7609810624942304e-05,7.413407499336288e-05
mmkcat,r_0014_ENZ_YOL066C,0.0003001774157525,0.0003032099460454
mmkcat,r_0015_ENZ_YBR153W,0.0003032095110848,0.0003032095110848
mmkcat,r_0016_ENZ_YCL009C_and_YMR108W,0.0,0.0
mmkcat,r_0016_ENZ_YMR108W,0.0671153689152533,0.0671516755301285
mmkcat,r_0017_ENZ_YNL256W,0.0,1.922350608661517e-05
mmkcat,r_0018_ENZ_YER152C_FWD,0.0,0.0
mmkcat,r_0018_ENZ_YER152C_REV,0.0,0.0
mmkcat,r_0018_ENZ_YGL202W_FWD,0.0996804247249434,0.0996949122332946
mmkcat,r_0018_ENZ_YGL202W_REV,0.0,0.0
mmkcat,r_0018_ENZ_YJL060W_FWD,0.0,0.0
mmkcat,r_0018_ENZ_YJL060W_REV,0.0,0.0
mmkcat,r_0019_ENZ_YHR063C,5.760981062491455e-05,5.96893897064632e-05
mmkcat,r_0020_ENZ_YBR249C,0.0937734033449581,0.094775245538881
mmkcat,r_0020_ENZ_YDR035W,0.0,0.0
mmkcat,r_0021_ENZ_YDR204W_and_YGR255C_and_YLR201C_and_YML110C_and_YOL096C_and_YOR125C,0.0,0.0
mmkcat,r_0022_ENZ_YDR204W_and_YGR255C_and_YLR201C_and_YML110C_and_YOL096C_and_YOR125C,0.0,0.0
mmkcat,r_0023_ENZ_YGL009C_FWD,0.0,0.0
mmkcat,r_0023_ENZ_YGL009C_REV,0.1032329849490878,0.1032672281107731
mmkcat,r_0024_ENZ_YNL104C,0.0,8.927187335668255e-05
mmkcat,r_0024_ENZ_YOR108W,0.0,6.938565964975958e-05
mmkcat,r_0025_ENZ_YNL104C,0.1031395726318479,0.1032769075179195
mmkcat,r_0026_ENZ_YGL202W,0.0,7.3726499968988e-05
mmkcat,r_0026_ENZ_YHR137W,0.0,7.356223335496442e-05
mmkcat,r_0026_ENZ_YHR208W,0.0,7.41340751130674e-05
mmkcat,r_0026_ENZ_YJR148W,0.0,7.41092990238592e-05
mmkcat,r_0027_ENZ_YDR234W_FWD,0.0996804247249434,0.099693389164204
mmkcat,r_0027_ENZ_YDR234W_REV,0.0,0.0
mmkcat,r_0028_ENZ_YPR001W,0.0,7.028191148350516e-05
mmkcat,r_0029,0.1032329849490878,0.1032702786143335
mmkcat,r_0030,0.0,0.0
mmkcat,r_0032_ENZ_YOL064C,0.0200066877369334,0.0200662340380593
mmkcat,r_0033_ENZ_YGL248W,0.0,0.000106395236062
mmkcat,r_0033_ENZ_YOR360C,0.0,7.896449560029779e-05
mmkcat,r_0034_ENZ_YOR360C,0.0,-0.0
mmkcat,r_0035_ENZ_YOR360C,0.0,-0.0
mmkcat,r_0036_ENZ_YOR360C,0.0,0.0001819589218006
mmkcat,r_0037_ENZ_YOR360C,0.0,-0.0
mmkcat,r_0038_ENZ_YDR487C,0.000600354831505,0.0006064210117107
mmkcat,r_0039_ENZ_YDR127W,0.0939129045298827,0.0947752455382308
mmkcat,r_0040_ENZ_YDR127W,0.0939125964208274,0.0947752455382308
mmkcat,r_0041_ENZ_YBR265W,0.0,0.0
mmkcat,r_0042_ENZ_YBR249C,0.0,0.0001272381774132
mmkcat,r_0042_ENZ_YDR035W,0.0,0.0001368184938736
mmkcat,r_0043_ENZ_YDR376W,0.0,0.0
mmkcat,r_0043_ENZ_YPL252C,0.0,0.0
mmkcat,r_0044_ENZ_YDR538W_and_YDR539W,0.0,0.0
mmkcat,r_0045_ENZ_YLR231C,0.0018404817775871,0.0018408516675316
mmkcat,r_0057_ENZ_YKR009C,0.0,6.111415723264457e-06
mmkcat,r_0058_ENZ_YJR025C,0.0018404817775884,0.0018408516675316
mmkcat,r_0059_ENZ_YER175C,0.0,0.0
mmkcat,r_0060_ENZ_YGL009C_FWD,0.0,0.0
mmkcat,r_0060_ENZ_YGL009C_REV,0.1032333235833223,0.1032573261785212
mmkcat,r_0061_ENZ_YCL018W,0.1032329849490878,0.1032702786143335
mmkcat,r_0062_ENZ_YGR087C,0.0,5.754585050488093e-05
mmkcat,r_0062_ENZ_YLR044C,0.0,5.9618190152765926e-05
mmkcat,r_0062_ENZ_YLR134W,0.0,5.7218405027037456e-05
mmkcat,r_0063_ENZ_YBR176W,5.760981062491455e-05,5.96893897064632e-05
mmkcat,r_0064_ENZ_YDL080C,0.0,5.262031987954274e-05
mmkcat,r_0064_ENZ_YGR087C,0.0,5.303935204777066e-05
mmkcat,r_0064_ENZ_YLR044C,0.0,5.412024779824498e-05
mmkcat,r_0064_ENZ_YLR134W,0.0,5.359231426141364e-05
mmkcat,r_0065_ENZ_YDR127W,0.093912596420829,0.0947752455382308
mmkcat,r_0066_ENZ_YNR033W,1.922348433021359e-05,4.6901874092397655e-05
mmkcat,r_0067_ENZ_YMR289W,1.922348433021359e-05,4.6901874092397655e-05
mmkcat,r_0068_ENZ_YGR019W,0.0,6.237540008002807e-05
mmkcat,r_0069_ENZ_YCR053W,0.0,-0.0
mmkcat,r_0070,0.0,-0.0
mmkcat,r_0072_ENZ_YDL080C,0.0,3.438675860047147e-05
mmkcat,r_0073_ENZ_YLR410W,0.0,0.0
mmkcat,r_0073_ENZ_YOR163W,0.0,0.0
mmkcat,r_0074_ENZ_YDR017C,0.0,0.0
mmkcat,r_0075_ENZ_YLR017W,5.760981062492149e-05,7.413407499336288e-05
mmkcat,r_0076_ENZ_YER037W,0.0,7.682703123279566e-05
mmkcat,r_0076_ENZ_YGL224C,0.0,0.0003165990786868
mmkcat,r_0077_ENZ_YOR155C,0.0,0.00035094140555
mmkcat,r_0078_ENZ_YER037W,0.0,0.0003445962018844
mmkcat,r_0078_ENZ_YGL224C,0.0,0.0003509414041111
mmkcat,r_0079_ENZ_YGR061C,0.0310465517263187,0.0310585862123436
mmkcat,r_0080_ENZ_YGL125W,0.0,0.0602077506869699
mmkcat,r_0080_ENZ_YGL125W_and_YPL023C,0.0,0.0602079079351087
mmkcat,r_0081_ENZ_YDR232W,0.0,1.7966019207449335e-05
mmkcat,r_0082_ENZ_YOR163W,0.0,0.0001843997696369
mmkcat,r_0083_ENZ_YDR017C,0.0,0.0005348481179758
mmkcat,r_0084_ENZ_YER183C,0.0,0.0
mmkcat,r_0085_ENZ_YER091C,0.0,-0.0
mmkcat,r_0086_ENZ_YJR024C,5.760981062492149e-05,7.413407499336288e-05
mmkcat,r_0087_ENZ_YPR118W_FWD,5.7609810624942304e-05,7.413458305863221e-05
mmkcat,r_0087_ENZ_YPR118W_REV,0.0,0.0
mmkcat,r_0088_ENZ_YLR410W_FWD,0.0,0.0
mmkcat,r_0088_ENZ_YLR410W_REV,0.0,0.0
mmkcat,r_0089_ENZ_YLR410W_FWD,0.0,0.0003658385408763
mmkcat,r_0089_ENZ_YLR410W_REV,0.0,0.0003658385423454
mmkcat,r_0090_ENZ_YIL107C,0.0,9.135078259381312e-05
mmkcat,r_0090_ENZ_YOL136C,0.0,6.900241630702908e-05
mmkcat,r_0091_ENZ_YGR248W,8.247992556191658,8.253698951135013
mmkcat,r_0091_ENZ_YHR163W,0.0,0.0
mmkcat,r_0092_ENZ_YLR410W,0.0,0.0
mmkcat,r_0092_ENZ_YOR163W,0.0,0.0
mmkcat,r_0093_ENZ_YDR017C,0.0,0.0
mmkcat,r_0094,0.0,-0.0
mmkcat,r_0095_ENZ_YGR087C,0.0,0.0002592023894615
mmkcat,r_0095_ENZ_YLR044C,0.0,0.0003026655065327
mmkcat,r_0095_ENZ_YLR134W,0.0,0.0003026655065327
mmkcat,r_0096_ENZ_YLR355C,0.1954479758083404,0.1954902659672376
mmkcat,r_0097_ENZ_YCL009C_and_YMR108W,0.0,0.0
mmkcat,r_0097_ENZ_YMR108W,0.1954479758083405,0.1955075939994116
mmkcat,r_0099_ENZ_YKL192C_FWD,0.0,0.0
mmkcat,r_0099_ENZ_YKL192C_REV,0.0,0.0
mmkcat,r_0100_ENZ_YIL160C,0.0,1.1979756261220536e-05
mmkcat,r_0101_ENZ_YIL160C,0.0,4.56120607314175e-06
mmkcat,r_0102_ENZ_YIL160C,0.0,7.48981738526074e-06
mmkcat,r_0103_ENZ_YPL028W_FWD,0.0,0.0
mmkcat,r_0103_ENZ_YPL028W_REV,0.0,0.0008626756371273
mmkcat,r_0104_ENZ_YPL028W_FWD,0.0670895315157655,0.0671475781260537
mmkcat,r_0104_ENZ_YPL028W_REV,0.0,0.0
mmkcat,r_0105_ENZ_YIL160C,0.0,6.111415723264457e-06
mmkcat,r_0106_ENZ_YIL160C,0.0,6.562254990703421e-06
mmkcat,r_0107_ENZ_YIL160C,0.0,6.562255015549044e-06
mmkcat,r_0108_ENZ_YMR207C,0.0,-0.0
mmkcat,r_0109_ENZ_YDL141W_and_YNR016C,0.3589904242382299,0.3590441614985298
mmkcat,r_0111_ENZ_YBL015W,0.0,0.0002078124330501
mmkcat,r_0112_ENZ_YAL054C,0.0,0.0021531934766477
mmkcat,r_0112_ENZ_YLR153C,0.4336150351846246,0.4359223331094163
mmkcat,r_0113_ENZ_YAL054C,0.0,0.0002783884953083
mmkcat,r_0114_ENZ_YLR153C,0.0,0.0
mmkcat,r_0115_ENZ_YER069W,0.0559701059533424,0.0559869913043904
mmkcat,r_0116_ENZ_YAR071W,0.0,0.0
mmkcat,r_0116_ENZ_YBR092C,0.0,0.0
mmkcat,r_0116_ENZ_YBR093C,0.0,0.0
mmkcat,r_0116_ENZ_YHR215W,0.0,0.0
mmkcat,r_0117_ENZ_YPR002W_FWD,0.0,7.028263606656537e-05
mmkcat,r_0117_ENZ_YPR002W_REV,0.0,0.0
mmkcat,r_0118_ENZ_YOL140W,0.0559701059533424,0.0559869913043904
mmkcat,r_0119_ENZ_YPL148C,0.0,1.7953991792953844e-05
mmkcat,r_0120_ENZ_YGL205W,0.0,6.562255073798776e-06
mmkcat,r_0121_ENZ_YGL205W,0.0,6.443606046536768e-06
mmkcat,r_0122_ENZ_YGL205W,0.0,4.561206076627149e-06
mmkcat,r_0123_ENZ_YGL205W,0.0,7.48981738526074e-06
mmkcat,r_0124_ENZ_YGL205W,0.0,1.1979756261220536e-05
mmkcat,r_0125_ENZ_YGL205W,0.0,8.700135655363763e-06
mmkcat,r_0126_ENZ_YCR048W_FWD,0.0,1.7820752437890466e-05
mmkcat,r_0126_ENZ_YCR048W_REV,0.0,0.0
mmkcat,r_0127_ENZ_YCR048W,0.0,0.0
mmkcat,r_0127_ENZ_YNR019W,0.0031124481333172,0.0031320205415732
mmkcat,r_0128_ENZ_YCR048W_FWD,0.0,2.774532280959356e-05
mmkcat,r_0128_ENZ_YCR048W_REV,0.0,0.0
mmkcat,r_0129_ENZ_YCR048W,0.0,3.477218039904528e-05
mmkcat,r_0130_ENZ_YCR048W_FWD,0.0,2.958856839321344e-05
mmkcat,r_0130_ENZ_YCR048W_REV,0.0,0.0
mmkcat,r_0131_ENZ_YCR048W_FWD,0.0,2.3529215881247335e-05
mmkcat,r_0131_ENZ_YCR048W_REV,0.0,0.0
mmkcat,r_0132_ENZ_YCR048W_FWD,0.0,1.2292542039189044e-05
mmkcat,r_0132_ENZ_YCR048W_REV,0.0,0.0
mmkcat,r_0132_ENZ_YNR019W_FWD,0.0,1.5281705597361807e-05
mmkcat,r_0132_ENZ_YNR019W_REV,0.0,0.0
mmkcat,r_0133_ENZ_YCR048W_FWD,0.0,3.904219070569037e-05
mmkcat,r_0133_ENZ_YCR048W_REV,0.0,0.0
mmkcat,r_0134_ENZ_YCR048W_FWD,0.0,5.315835926221281e-05
mmkcat,r_0134_ENZ_YCR048W_REV,0.0,0.0
mmkcat,r_0135_ENZ_YCR048W_FWD,0.0,4.1785743895876966e-05
mmkcat,r_0135_ENZ_YCR048W_REV,0.0,0.0
mmkcat,r_0137_ENZ_YJL091C_FWD,0.0,0.0
mmkcat,r_0137_ENZ_YJL091C_REV,0.0,0.0
mmkcat,r_0138_ENZ_YNL141W,0.0,0.0002202794263848
mmkcat,r_0139_ENZ_YDR441C,0.0,0.0427405365317896
mmkcat,r_0139_ENZ_YML022W,0.0,0.0427479997534343
mmkcat,r_0140_ENZ_YNL141W,0.0,0.0002141912319244
mmkcat,r_0142_ENZ_YJR105W,0.0,0.000677248788451
mmkcat,r_0143_ENZ_YML035C,0.0,0.000138472420958
mmkcat,r_0144_ENZ_YER043C,0.0425174040222903,0.0425624555951158
mmkcat,r_0145_ENZ_YOL052C,5.7609810624942304e-05,7.413407499336288e-05
mmkcat,r_0146_ENZ_YNR058W_FWD,0.0,0.0
mmkcat,r_0146_ENZ_YNR058W_REV,0.0,0.0
mmkcat,r_0147_ENZ_YJL005W,0.0,0.0001063952365178
mmkcat,r_0148_ENZ_YDL166C,0.0,0.0
mmkcat,r_0148_ENZ_YDR226W,2.1560339374613227,2.1590378285214133
mmkcat,r_0149_ENZ_YER170W,0.0,0.0002056438811075
mmkcat,r_0150_ENZ_YER170W_FWD,0.0,0.0001770628591248
mmkcat,r_0150_ENZ_YER170W_REV,0.0,0.0
mmkcat,r_0151_ENZ_YLR359W,0.0310495838216544,0.0310600919695443
mmkcat,r_0152_ENZ_YLR359W_FWD,0.0395876499030008,0.0398079361015248
mmkcat,r_0152_ENZ_YLR359W_REV,0.0,0.0
mmkcat,r_0153_ENZ_YNL220W,0.0395876499030008,0.0398181459210327
mmkcat,r_0154_ENZ_YKL001C,0.0200152605729311,0.0200694915769279
mmkcat,r_0155_ENZ_YGR247W,0.0,0.0
mmkcat,r_0156_ENZ_YFL030W,0.0,9.03023784351864e-05
mmkcat,r_0157_ENZ_YOR335C,0.1597951773534486,0.1597951773534486
mmkcat,r_0158_ENZ_YGR177C,0.0,6.262135227688703e-05
mmkcat,r_0158_ENZ_YOR377W,0.0,3.20624565604416e-05
mmkcat,r_0159_ENZ_YGR177C,0.0,8.433107047434163e-05
mmkcat,r_0159_ENZ_YOR377W,0.0,7.835961412605563e-05
mmkcat,r_0160_ENZ_YGR177C,0.0,4.508209573707289e-05
mmkcat,r_0160_ENZ_YOR377W,0.0,4.2929498689808776e-05
mmkcat,r_0161_ENZ_YGR177C,0.0,4.914467506191012e-05
mmkcat,r_0161_ENZ_YOR377W,0.0,4.750265788219799e-05
mmkcat,r_0162_ENZ_YGR177C,0.0,2.17208303536034e-05
mmkcat,r_0162_ENZ_YOR377W,0.0,2.687888738084343e-05
mmkcat,r_0163_ENZ_YMR303C,1.3905661831160667,1.401742751465325
mmkcat,r_0164_ENZ_YDR368W,0.0,0.0
mmkcat,r_0164_ENZ_YHR104W,0.0,0.0
mmkcat,r_0165_ENZ_YGL256W,0.0,0.0
mmkcat,r_0165_ENZ_YMR083W,1.3906992525252175,1.3998639559311954
mmkcat,r_0166_ENZ_YBR145W,0.0,5.344899823536697e-05
mmkcat,r_0166_ENZ_YDL168W,0.0,5.245927610300627e-05
mmkcat,r_0166_ENZ_YOL086C,0.0,5.337948978470508e-05
mmkcat,r_0167_ENZ_YGL256W,0.0,5.110356087827117e-05
mmkcat,r_0167_ENZ_YMR083W,0.0,5.412024781653591e-05
mmkcat,r_0168_ENZ_YCR105W,0.0,5.140290374852641e-05
mmkcat,r_0168_ENZ_YDR368W,0.0,5.150952377078189e-05
mmkcat,r_0168_ENZ_YMR318C,0.0,5.171839105162779e-05
mmkcat,r_0169_ENZ_YBR145W,0.0,4.171983724940431e-05
mmkcat,r_0169_ENZ_YDL168W,0.0,4.103141372654995e-05
mmkcat,r_0169_ENZ_YOL086C,0.0,4.167905685678597e-05
mmkcat,r_0170_ENZ_YGL256W,0.0,4.105789412287009e-05
mmkcat,r_0170_ENZ_YMR083W,0.0,4.211715218457868e-05
mmkcat,r_0171_ENZ_YCR105W,0.0,4.113587351337045e-05
mmkcat,r_0171_ENZ_YMR318C,0.0,4.128212352857985e-05
mmkcat,r_0172_ENZ_YMR169C,0.0,7.327665801366589e-05
mmkcat,r_0172_ENZ_YMR170C,0.0,7.413407529859397e-05
mmkcat,r_0173_ENZ_YPL061W,0.4140280337270028,0.4159552873277419
mmkcat,r_0174_ENZ_YOR374W,0.0,6.825406015659174e-05
mmkcat,r_0175_ENZ_YER073W,0.0,5.267474519632387e-05
mmkcat,r_0175_ENZ_YOR374W,0.0,6.893552298579964e-05
mmkcat,r_0176_ENZ_YOR374W,0.0,0.0
mmkcat,r_0177_ENZ_YPL061W,0.0,0.0
mmkcat,r_0178_ENZ_YER073W,0.0,0.0
mmkcat,r_0178_ENZ_YOR374W,0.0,0.0
mmkcat,r_0179_ENZ_YBR145W,0.0,3.4737644258070466e-05
mmkcat,r_0179_ENZ_YDL168W,0.0,3.431686047648819e-05
mmkcat,r_0179_ENZ_YOL086C,0.0,3.470827047290237e-05
mmkcat,r_0180_ENZ_YGL256W,0.0,3.413890190144542e-05
mmkcat,r_0180_ENZ_YMR083W,0.0,3.5019937355482145e-05
mmkcat,r_0181_ENZ_YCR105W,0.0,3.426981074487745e-05
mmkcat,r_0181_ENZ_YMR318C,0.0,3.440721036884753e-05
mmkcat,r_0182_ENZ_YBR145W,0.0,6.153571022615711e-05
mmkcat,r_0182_ENZ_YDL168W,0.0,6.03867102967337e-05
mmkcat,r_0182_ENZ_YOL086C,0.0,6.145442641092291e-05
mmkcat,r_0183_ENZ_YGL256W,0.0,5.728475064770144e-05
mmkcat,r_0183_ENZ_YMR083W,0.0,5.961818960942278e-05
mmkcat,r_0184_ENZ_YCR105W,0.0,0.0001084405886817
mmkcat,r_0184_ENZ_YMR318C,0.0,0.0001084405888984
mmkcat,r_0185_ENZ_YMR169C,0.0,0.0
mmkcat,r_0185_ENZ_YMR170C,0.0,0.0
mmkcat,r_0186_ENZ_YBR145W,0.0,5.164408285610045e-05
mmkcat,r_0186_ENZ_YDL168W,0.0,2.475796047548412e-05
mmkcat,r_0186_ENZ_YOL086C,0.0,2.475796048325568e-05
mmkcat,r_0187_ENZ_YGL256W,0.0,2.4907404993577964e-05
mmkcat,r_0187_ENZ_YMR083W,0.0,2.4907405152783942e-05
mmkcat,r_0188_ENZ_YDR481C,0.0,1.9223548033273868e-05
mmkcat,r_0189_ENZ_YIR029W_FWD,0.0,0.0
mmkcat,r_0189_ENZ_YIR029W_REV,0.0,0.0
mmkcat,r_0190_ENZ_YIR027C_FWD,0.0,0.0
mmkcat,r_0190_ENZ_YIR027C_REV,0.0,0.0
mmkcat,r_0191_ENZ_YBR208C,0.0,3.466576967412621e-05
mmkcat,r_0192_ENZ_YBR199W,0.0,0.0
mmkcat,r_0192_ENZ_YBR205W,0.0,0.0
mmkcat,r_0192_ENZ_YDR483W,0.0,0.0
mmkcat,r_0192_ENZ_YJL139C,0.0,0.0
mmkcat,r_0192_ENZ_YKR061W,0.0,0.0
mmkcat,r_0192_ENZ_YNL029C,0.0,0.0
mmkcat,r_0192_ENZ_YOR099W,0.0,0.0
mmkcat,r_0192_ENZ_YPL053C,0.0,0.0
mmkcat,r_0193_ENZ_YBR001C,0.0,8.696499030313998e-05
mmkcat,r_0193_ENZ_YPR026W,0.0,8.733897449301337e-05
mmkcat,r_0194_ENZ_YDR001C,0.0,9.055307547787413e-05
mmkcat,r_0195_ENZ_YBR126C_and_YDR074W_and_YML100W,0.0,0.0414990578514108
mmkcat,r_0195_ENZ_YBR126C_and_YDR074W_and_YMR261C,0.0,0.0414990578531655
mmkcat,r_0198_ENZ_YBR299W,0.0,0.0
mmkcat,r_0198_ENZ_YGR287C,0.0,0.0
mmkcat,r_0198_ENZ_YGR292W,0.0,0.0
mmkcat,r_0198_ENZ_YIL172C,0.0,0.0
mmkcat,r_0198_ENZ_YJL216C,0.0,0.0
mmkcat,r_0198_ENZ_YJL221C,0.0,0.0
mmkcat,r_0199_ENZ_YDR242W,0.0,0.0
mmkcat,r_0199_ENZ_YMR293C,0.0,0.0
mmkcat,r_0200,0.0,0.0
mmkcat,r_0201_ENZ_YOR374W,0.0,9.031692746930275e-05
mmkcat,r_0202_ENZ_YDR354W,0.011731901099189,0.0117928324308197
mmkcat,r_0203_ENZ_YER090W_and_YKL211C,0.0117319010991894,0.0117568085044316
mmkcat,r_0204_ENZ_YDR305C_FWD,0.0,0.0001327856583658
mmkcat,r_0204_ENZ_YDR305C_REV,0.0,0.0
mmkcat,r_0205_ENZ_YHR104W,0.0,0.0
mmkcat,r_0206_ENZ_YPL111W,0.0,3.46657695361093e-05
mmkcat,r_0207_ENZ_YHR018C_FWD,0.0559701059533495,0.0560047717231146
mmkcat,r_0207_ENZ_YHR018C_REV,0.0,0.0
mmkcat,r_0208_ENZ_YOL058W_FWD,0.0559701059533495,0.0560047717231146
mmkcat,r_0208_ENZ_YOL058W_REV,0.0,0.0
mmkcat,r_0209_ENZ_YDR341C,0.0559701059534772,0.0559702978320291
mmkcat,r_0210_ENZ_YHR091C,0.0,0.0
mmkcat,r_0211_ENZ_YGR124W,0.0,0.0
mmkcat,r_0211_ENZ_YPR145W,0.0354210332063594,0.0354733721127215
mmkcat,r_0212_ENZ_YHR019C,0.0354210332063594,0.0354211546379063
mmkcat,r_0213_ENZ_YCR024C,0.0,0.0
mmkcat,r_0214_ENZ_YJL130C,0.0325247806976248,0.0325420698612878
mmkcat,r_0215_ENZ_YER052C,0.0866774921183435,0.0873763604518293
mmkcat,r_0216_ENZ_YLR027C_FWD,0.0,0.0017357288471068
mmkcat,r_0216_ENZ_YLR027C_REV,0.3848022015124938,0.3852859084755332
mmkcat,r_0217_ENZ_YKL106W,0.0,0.0
mmkcat,r_0218_ENZ_YLR027C_FWD,0.0,0.0017357293148457
mmkcat,r_0218_ENZ_YLR027C_REV,0.0,0.0017357292947171
mmkcat,r_0219_ENZ_YDR158W,0.0866774921183436,0.0873763604518293
mmkcat,r_0220_ENZ_YLL018C,0.1036161045960775,0.1036164616033616
mmkcat,r_0221_ENZ_YPL104W,0.0,0.0
mmkcat,r_0222_ENZ_YDR530C,0.0,0.000132781576525
mmkcat,r_0223_ENZ_YCL050C,0.0,0.0
mmkcat,r_0224_ENZ_YCL050C,0.0,0.0
mmkcat,r_0225_ENZ_YER055C,0.0230915869629626,0.0231150983850806
mmkcat,r_0226_ENZ_Q0080_and_Q0085_and_Q0130_and_YBL099W_and_YBR039W_and_YDL004W_and_YDR298C_and_YDR377W_and_YJR121W_and_YKL016C_and_YLR295C_and_YML081C-A_and_YPL078C_and_YPL271W_and_YDR322C-A_and_YPR020W_and_YOL077W-A,23.91950793229852,23.92697755572877
mmkcat,r_0227_ENZ_YCR024C-A_and_YEL017C-A_and_YGL008C,0.0,0.0
mmkcat,r_0227_ENZ_YCR024C-A_and_YEL017C-A_and_YPL036W,0.0,0.0
mmkcat,r_0227_ENZ_YER005W,0.7151697247792248,0.7167726478593295
mmkcat,r_0228_ENZ_YBR110W,0.0,0.0
mmkcat,r_0229_ENZ_YGR286C_FWD,0.0,0.0
mmkcat,r_0229_ENZ_YGR286C_REV,0.0,0.0
mmkcat,r_0230_ENZ_YDL141W,0.0,0.0
mmkcat,r_0231_ENZ_YNL280C,0.0111815885859609,0.0111845210199674
mmkcat,r_0233_ENZ_YMR015C,0.0,1.1686511821595855e-06
mmkcat,r_0234_ENZ_YGL001C,0.0111815885859609,0.0111819852945668
mmkcat,r_0235_ENZ_YGL001C,0.0111815885859609,0.0111819852945668
mmkcat,r_0236_ENZ_YLR100W,0.0111815885859609,0.0111819852945668
mmkcat,r_0237_ENZ_YLR100W,0.0111815885859609,0.0111819852945668
mmkcat,r_0238_ENZ_YGR060W,0.0111815885859609,0.0111819852945668
mmkcat,r_0239_ENZ_YGR060W,0.0111815885859609,0.0111819852945668
mmkcat,r_0240_ENZ_YGR060W,0.0111815885859609,0.0111819852945668
mmkcat,r_0241_ENZ_YGR060W,0.0111815885859609,0.0111819852945668
mmkcat,r_0242_ENZ_YLR056W,0.0,1.0665314635893708e-06
mmkcat,r_0243_ENZ_YMR202W,0.0,1.168651184824121e-06
mmkcat,r_0244_ENZ_YGL012W,0.0111815885859609,0.0111816831670697
mmkcat,r_0249_ENZ_YDL090C_and_YKL019W,0.0,0.0
mmkcat,r_0250_ENZ_YJL130C,0.0,0.0
mmkcat,r_0250_ENZ_YJR109C_and_YOR303W,0.0884948866509672,0.0885295524206008
mmkcat,r_0252_ENZ_YAR035W,0.0,8.592942390323044e-05
mmkcat,r_0252_ENZ_YER024W,0.0,9.827472137215187e-05
mmkcat,r_0253_ENZ_YML042W,0.0,2.043852488846168e-05
mmkcat,r_0254_ENZ_YML042W,0.0,9.827472222656564e-05
mmkcat,r_0255_ENZ_YGR088W,0.0,4.188347523154112e-05
mmkcat,r_0256_ENZ_YDR256C,0.0,1.921288170348793e-05
mmkcat,r_0259_ENZ_YDR297W,0.0,0.0
mmkcat,r_0260_ENZ_YMR272C,0.0,0.0
mmkcat,r_0261_ENZ_YDR297W,0.0,0.0
mmkcat,r_0262_ENZ_YMR272C,0.0,0.0
mmkcat,r_0263_ENZ_YKL008C_and_YHL003C_and_YMR298W,0.0,7.250646816547862e-05
mmkcat,r_0264_ENZ_YKL008C_and_YHL003C_and_YMR298W,0.0,7.300569207835397e-05
mmkcat,r_0265_ENZ_YKL008C_and_YHL003C_and_YMR298W,0.0,7.079042904933888e-05
mmkcat,r_0266_ENZ_YKL008C_and_YHL003C_and_YMR298W,0.0,7.151638420666023e-05
mmkcat,r_0267_ENZ_YMR272C,0.0,0.0
mmkcat,r_0268_ENZ_YMR272C,0.0,0.0
mmkcat,r_0269_ENZ_YMR272C,0.0,0.0
mmkcat,r_0270_ENZ_YMR272C,0.0,0.0
mmkcat,r_0271_ENZ_YLR307W,0.0,0.0
mmkcat,r_0271_ENZ_YLR308W,0.0,0.0
mmkcat,r_0272_ENZ_YBR023C,0.0,0.0071588005788747
mmkcat,r_0272_ENZ_YBR038W,0.0,0.0071588005788747
mmkcat,r_0272_ENZ_YNL192W,0.0,0.00715880142903
mmkcat,r_0273_ENZ_YLR133W,0.0,5.867880348953133e-05
mmkcat,r_0274_ENZ_YGR202C,0.0,4.3233031317591015e-05
mmkcat,r_0278_ENZ_YPR060C,0.0821614718373094,0.0830241209553676
mmkcat,r_0279_ENZ_YGL148W,0.0939125964208274,0.0947752455382308
mmkcat,r_0280_ENZ_YLR304C_FWD,0.316290786652366,0.3208132466023511
mmkcat,r_0280_ENZ_YLR304C_REV,0.0,0.0002702161583076
mmkcat,r_0281_ENZ_YBR002C,0.0,0.0
mmkcat,r_0281_ENZ_YMR101C,0.0,0.0
mmkcat,r_0282_ENZ_YBR002C,0.0,0.0
mmkcat,r_0282_ENZ_YMR101C,0.0,0.0
mmkcat,r_0283_ENZ_YBR002C,0.0,0.0
mmkcat,r_0283_ENZ_YMR101C,0.0,0.0
mmkcat,r_0284_ENZ_YBR002C,0.0,0.0
mmkcat,r_0284_ENZ_YMR101C,0.0,0.0
mmkcat,r_0285_ENZ_YBR002C,0.0,0.0
mmkcat,r_0285_ENZ_YMR101C,0.0,0.0
mmkcat,r_0286_ENZ_YBR002C,0.0,0.0
mmkcat,r_0286_ENZ_YMR101C,0.0,0.0
mmkcat,r_0287_ENZ_YBR002C,0.0,0.0
mmkcat,r_0287_ENZ_YMR101C,0.0,0.0
mmkcat,r_0288_ENZ_YBR002C,0.0,0.0
mmkcat,r_0288_ENZ_YMR101C,0.0,0.0
mmkcat,r_0289_ENZ_YBR002C,0.0,0.0
mmkcat,r_0289_ENZ_YMR101C,0.0,0.0
mmkcat,r_0290_ENZ_YBR002C,0.0,0.0
mmkcat,r_0290_ENZ_YMR101C,0.0,0.0
mmkcat,r_0291_ENZ_YBR002C,0.0,0.0
mmkcat,r_0291_ENZ_YMR101C,0.0,0.0
mmkcat,r_0292_ENZ_YBR002C,0.0,0.0
mmkcat,r_0292_ENZ_YMR101C,0.0,0.0
mmkcat,r_0293_ENZ_YBR002C,0.0,0.0
mmkcat,r_0293_ENZ_YMR101C,0.0,0.0
mmkcat,r_0294_ENZ_YBR002C_FWD,0.0,0.0
mmkcat,r_0294_ENZ_YBR002C_REV,0.0,0.0
mmkcat,r_0294_ENZ_YMR101C_FWD,0.0,0.0
mmkcat,r_0294_ENZ_YMR101C_REV,0.0,0.0
mmkcat,r_0295_ENZ_YBR002C_FWD,0.0,0.0
mmkcat,r_0295_ENZ_YBR002C_REV,0.0,0.0
mmkcat,r_0295_ENZ_YMR101C_FWD,0.0,0.0
mmkcat,r_0295_ENZ_YMR101C_REV,0.0,0.0
mmkcat,r_0296_ENZ_YBR002C,0.0,0.0
mmkcat,r_0296_ENZ_YMR101C,0.0,0.0
mmkcat,r_0297_ENZ_YBR002C,0.0,0.0
mmkcat,r_0297_ENZ_YMR101C,0.0,0.0
mmkcat,r_0298_ENZ_YBR002C,0.0,0.0
mmkcat,r_0298_ENZ_YMR101C,0.0,0.0
mmkcat,r_0299_ENZ_YBR002C,0.0,0.0
mmkcat,r_0299_ENZ_YMR101C,0.0,0.0
mmkcat,r_0300_ENZ_YNR001C,0.4189298599333977,0.419767734707674
mmkcat,r_0300_ENZ_YPR001W,0.0,0.0
mmkcat,r_0301_ENZ_YCR005C,0.0,2.2289137709445107e-05
mmkcat,r_0302_ENZ_YLR304C_FWD,0.3162907866528073,0.320813246605764
mmkcat,r_0302_ENZ_YLR304C_REV,0.0,0.0
mmkcat,r_0303_ENZ_YLR304C_FWD,0.0988022765305583,0.1033247364695467
mmkcat,r_0303_ENZ_YLR304C_REV,0.0,0.0002702158408969
mmkcat,r_0304_ENZ_YDR044W,0.0,3.129345823700558e-06
mmkcat,r_0306_ENZ_YBL039C,0.0,0.0002929246016507
mmkcat,r_0306_ENZ_YJR103W,0.0,0.0002876283708649
mmkcat,r_0307_ENZ_YBL039C,0.0,0.0151544334619373
mmkcat,r_0307_ENZ_YJR103W,0.0,0.0151365229799438
mmkcat,r_0308_ENZ_YFR055W,0.0,9.482435116517016e-05
mmkcat,r_0308_ENZ_YGL184C,0.0,9.393741707430792e-05
mmkcat,r_0309_ENZ_YGR155W,0.0023566231167673,0.0024514474685467
mmkcat,r_0310_ENZ_YAL012W,0.0023566231167672,0.0024050135136587
mmkcat,r_0311_ENZ_YJR130C,0.0,4.9281431154304944e-05
mmkcat,r_0312_ENZ_YLR303W,0.0,0.0
mmkcat,r_0313_ENZ_YNL247W,0.0022987100966225,0.0022987179771358
mmkcat,r_0314_ENZ_YLR245C,0.0,0.0001869876276666
mmkcat,r_0315_ENZ_YNR012W,0.0,0.0003025660255284
mmkcat,r_0317_ENZ_YHR007C_and_YHR042W,0.0111815885859609,0.0111845210199674
mmkcat,r_0318_ENZ_YPR062W,0.0,0.0002143091007469
mmkcat,r_0319_ENZ_YML086C,0.0,0.0
mmkcat,r_0320_ENZ_YMR041C,0.0,0.0
mmkcat,r_0321_ENZ_YBR149W,0.0,0.0
mmkcat,r_0322_ENZ_YKL060C_FWD,0.0,0.0
mmkcat,r_0322_ENZ_YKL060C_REV,0.0,0.0
mmkcat,r_0323_ENZ_YDL246C,0.0,0.0
mmkcat,r_0323_ENZ_YJR159W,0.0,0.0
mmkcat,r_0326_ENZ_YHR144C_FWD,0.0007488837462157,0.0011074922966037
mmkcat,r_0326_ENZ_YHR144C_REV,0.0,0.0
mmkcat,r_0327_ENZ_YHR144C,0.0,0.0001241005567289
mmkcat,r_0328_ENZ_YNL141W,0.0,0.0
mmkcat,r_0329_ENZ_YLR245C,0.0,0.0002113437514291
mmkcat,r_0330_ENZ_YDR454C_FWD,0.0,0.0
mmkcat,r_0330_ENZ_YDR454C_REV,0.000376761476133,0.0007277054002143
mmkcat,r_0331_ENZ_YHR068W,0.0,0.0
mmkcat,r_0332_ENZ_YCR036W,0.0,0.0
mmkcat,r_0334_ENZ_YDR196C,0.0,6.666687219912537e-05
mmkcat,r_0335_ENZ_YNR057C_FWD,0.0,0.0
mmkcat,r_0335_ENZ_YNR057C_REV,0.0,0.0
mmkcat,r_0340_ENZ_YPL087W_FWD,0.0,3.385844533850855e-05
mmkcat,r_0340_ENZ_YPL087W_REV,0.0,7.250646850742726e-05
mmkcat,r_0341_ENZ_YPL087W_FWD,0.0,0.0
mmkcat,r_0341_ENZ_YPL087W_REV,0.0,7.16857110560909e-05
mmkcat,r_0342_ENZ_YPL087W,0.0,7.079042985580486e-05
mmkcat,r_0343_ENZ_YPL087W,0.0,7.02233303686573e-05
mmkcat,r_0344_ENZ_YOR236W,0.0011107777370313,0.0011219710140338
mmkcat,r_0345_ENZ_YOR236W,0.0,0.0
mmkcat,r_0346_ENZ_YMR113W,1.9223484330206653e-05,1.9223484330206653e-05
mmkcat,r_0347_ENZ_YNL256W,1.9223484330206653e-05,1.9223484330206653e-05
mmkcat,r_0348_ENZ_YDL100C,0.0,1.922352658299211e-05
mmkcat,r_0349_ENZ_YLR420W_FWD,0.0,0.0
mmkcat,r_0349_ENZ_YLR420W_REV,0.0325247806976248,0.0325420703928275
mmkcat,r_0350_ENZ_YNL256W,0.0,1.922352658299211e-05
mmkcat,r_0351_ENZ_YNL256W,0.0,1.922350608661517e-05
mmkcat,r_0352_ENZ_YJR016C,0.1954479758083405,0.1955073434978066
mmkcat,r_0353_ENZ_YJR016C,0.0671153689152533,0.0671694682855532
mmkcat,r_0354_ENZ_YFL053W,0.0,0.0001256706101457
mmkcat,r_0354_ENZ_YML070W,0.0,9.89291101873846e-05
mmkcat,r_0355_ENZ_YJL167W,0.0223631771719218,0.0223689290039871
mmkcat,r_0356_ENZ_YKL152C_FWD,0.0,0.0
mmkcat,r_0356_ENZ_YKL152C_REV,0.0,0.0
mmkcat,r_0357_ENZ_YOR163W,0.0,0.0002766452154148
mmkcat,r_0358_ENZ_YDR017C,0.0,0.0001841063703658
mmkcat,r_0359_ENZ_YLR172C,0.0,-0.0
mmkcat,r_0360_ENZ_YMR013C,0.0,-0.0
mmkcat,r_0361_ENZ_YPR183W,0.212865211313848,0.212865211313848
mmkcat,r_0362_ENZ_YAL023C_and_YDL095W,0.0,0.2128659258271459
mmkcat,r_0362_ENZ_YDL093W,0.0,0.2128659210221652
mmkcat,r_0362_ENZ_YJR143C,0.0,0.2128659210221638
mmkcat,r_0362_ENZ_YOR321W,0.0,0.2128659210221642
mmkcat,r_0363_ENZ_YJR057W,0.0,0.0001819589219869
mmkcat,r_0364_ENZ_YBR252W,0.0,0.0003426705060675
mmkcat,r_0364_ENZ_YJR069C,0.0,0.0003426705019019
mmkcat,r_0365_ENZ_YJR153W,0.0,0.0
mmkcat,r_0366_ENZ_YGR254W_FWD,2.7084654000228583,2.711911876605872
mmkcat,r_0366_ENZ_YGR254W_REV,0.0,0.0
mmkcat,r_0366_ENZ_YHR174W_FWD,0.0,0.0
mmkcat,r_0366_ENZ_YHR174W_REV,0.0,0.0
mmkcat,r_0366_ENZ_YMR323W_FWD,0.0,0.0
mmkcat,r_0366_ENZ_YMR323W_REV,0.0,0.0
mmkcat,r_0366_ENZ_YOR393W_FWD,0.0,0.0
mmkcat,r_0366_ENZ_YOR393W_REV,0.0,0.0
mmkcat,r_0366_ENZ_YPL281C_FWD,0.0,0.0
mmkcat,r_0366_ENZ_YPL281C_REV,0.0,0.0
mmkcat,r_0368_ENZ_YDR147W,0.0,0.0
mmkcat,r_0368_ENZ_YLR133W,0.0,0.0
mmkcat,r_0369_ENZ_YOR126C,0.0,0.0002766824859477
mmkcat,r_0370_ENZ_YDR261C,0.0,0.0
mmkcat,r_0370_ENZ_YGR282C,0.0,0.0
mmkcat,r_0370_ENZ_YLR300W,0.0,0.0
mmkcat,r_0370_ENZ_YNR067C,0.0,0.0
mmkcat,r_0370_ENZ_YOR190W,0.0,0.0
mmkcat,r_0373_ENZ_YPL069C,0.0,0.0
mmkcat,r_0399_ENZ_YER015W_FWD,0.0,5.119063976499062e-05
mmkcat,r_0399_ENZ_YER015W_REV,0.0,5.501771162121977e-05
mmkcat,r_0400_ENZ_YER015W_FWD,0.0,5.355464418855902e-05
mmkcat,r_0400_ENZ_YER015W_REV,0.0,5.355464421525366e-05
mmkcat,r_0402_ENZ_YER015W_FWD,0.0,4.986914892864284e-05
mmkcat,r_0402_ENZ_YER015W_REV,0.0,8.330278591350306e-06
mmkcat,r_0410_ENZ_YER015W_FWD,0.0,4.97130116442323e-05
mmkcat,r_0410_ENZ_YER015W_REV,0.0,4.4777977349502925e-05
mmkcat,r_0412_ENZ_YER015W_FWD,0.0,5.197970375200936e-05
mmkcat,r_0412_ENZ_YER015W_REV,0.0,5.1979703745215306e-05
mmkcat,r_0436_ENZ_YOR176W,0.0,3.129345823700558e-06
mmkcat,r_0437_ENZ_YEL039C_and_YKR066C,0.0,0.0
mmkcat,r_0437_ENZ_YJR048W_and_YKR066C,0.0,0.0
mmkcat,r_0438_ENZ_Q0045_and_Q0250_and_Q0275_and_YDL067C_and_YEL039C_and_YGL187C_and_YGL191W_and_YHR051W_and_YIL111W_and_YLR038C_and_YLR395C_and_YMR256C,0.0,36.40709250133
mmkcat,r_0438_ENZ_Q0045_and_Q0250_and_Q0275_and_YDL067C_and_YEL039C_and_YGL187C_and_YGL191W_and_YHR051W_and_YLR038C_and_YLR395C_and_YMR256C_and_YNL052W,0.0,36.40362321556721
mmkcat,r_0438_ENZ_Q0045_and_Q0250_and_Q0275_and_YDL067C_and_YGL187C_and_YGL191W_and_YHR051W_and_YIL111W_and_YJR048W_and_YLR038C_and_YLR395C_and_YMR256C,0.0,36.40362321556659
mmkcat,r_0438_ENZ_Q0045_and_Q0250_and_Q0275_and_YDL067C_and_YGL187C_and_YGL191W_and_YHR051W_and_YJR048W_and_YLR038C_and_YLR395C_and_YMR256C_and_YNL052W,0.0,36.40362321556709
mmkcat,r_0438_ENZ_Q0045_and_Q0250_and_Q0275_and_YDL067C_and_YHR116W_and_YDR231C_and_YGR062C_and_YJL003W_and_YPL132W_and_YLL018C-A,0.0,36.40362321557164
mmkcat,r_0439_ENZ_Q0105_and_YBL045C_and_YDR529C_and_YEL024W_and_YEL039C_and_YFR033C_and_YGR183C_and_YHR001W-A_and_YJL166W_and_YOR065W_and_YPR191W,0.0,18.203642227019337
mmkcat,r_0439_ENZ_Q0105_and_YBL045C_and_YDR529C_and_YEL024W_and_YFR033C_and_YGR183C_and_YHR001W-A_and_YJL166W_and_YJR048W_and_YOR065W_and_YPR191W,0.0,18.2036422270386
mmkcat,r_0440_ENZ_YDL045C,0.0,3.032105214751499e-06
mmkcat,r_0441_ENZ_YLR011W,0.0,0.0003061215643427
mmkcat,r_0442_ENZ_YLR011W,0.0,0.0003061215585012
mmkcat,r_0443_ENZ_YDL168W,0.0,-0.0
mmkcat,r_0445_ENZ_YOR388C,0.0,0.000270168964958
mmkcat,r_0446_ENZ_YGR204W,0.0140574872949864,0.0143582419771408
mmkcat,r_0447_ENZ_YBR084W_FWD,0.0,0.0
mmkcat,r_0447_ENZ_YBR084W_REV,5.8051388240497175e-05,0.0006726228418898
mmkcat,r_0448_ENZ_YJL155C,0.0,1.9741138654438828e-05
mmkcat,r_0448_ENZ_YLR345W,0.0,9.661590891626992e-05
mmkcat,r_0449_ENZ_YLR377C,0.0,0.0002415067796235
mmkcat,r_0450_ENZ_YKL060C_FWD,0.0,0.0007785904770726
mmkcat,r_0450_ENZ_YKL060C_REV,0.0,0.0002048966442596
mmkcat,r_0451_ENZ_YPL262W_FWD,0.0,0.0016221076154833
mmkcat,r_0451_ENZ_YPL262W_REV,0.0,0.0016221076318033
mmkcat,r_0452_ENZ_YPL262W_FWD,0.1265083194280653,0.1276507022134284
mmkcat,r_0452_ENZ_YPL262W_REV,0.0,0.001613637656559
mmkcat,r_0453_ENZ_YKL216W,0.0325247806976248,0.032536784596104
mmkcat,r_0454_ENZ_YEL047C_FWD,0.0,0.0016635486754669
mmkcat,r_0454_ENZ_YEL047C_REV,0.0,3.032112030999877e-06
mmkcat,r_0455_ENZ_YEL047C_FWD,0.0,3.0321072463726657e-06
mmkcat,r_0455_ENZ_YEL047C_REV,0.0,0.0
mmkcat,r_0457_ENZ_YLR299W,0.0,0.0
mmkcat,r_0458_ENZ_YBR020W,0.0,-0.0
mmkcat,r_0459_ENZ_YBR018C,0.0,1000.0
mmkcat,r_0460_ENZ_YJL101C,0.0,6.51704325544955e-05
mmkcat,r_0461,0.0,0.0
mmkcat,r_0462_ENZ_YJL167W,0.0223631771719218,0.0223690420399438
mmkcat,r_0463_ENZ_YPR184W,0.0,0.0001819589201152
mmkcat,r_0464_ENZ_YIL099W,0.0,0.0001722165464153
mmkcat,r_0465,0.0,0.0001667384904604
mmkcat,r_0466_ENZ_YNL241C,8.247992560473685,8.253648740922308
mmkcat,r_0467_ENZ_YBR196C_FWD,0.0,0.0
mmkcat,r_0467_ENZ_YBR196C_REV,5.032899913249731,5.038063362873125
mmkcat,r_0468_ENZ_YDR300C,0.0573519150449523,0.0574287321381927
mmkcat,r_0469_ENZ_YMR250W,0.0,6.237540008002807e-05
mmkcat,r_0470_ENZ_YDL215C,0.0,0.0006411159481433
mmkcat,r_0471_ENZ_YAL062W,1.6478427614062308,1.6496726013656184
mmkcat,r_0471_ENZ_YOR375C,0.0,0.0
mmkcat,r_0472_ENZ_YDL171C,0.0,0.0001665611543637
mmkcat,r_0473_ENZ_YOR323C,0.0573463810675461,0.0574197050917639
mmkcat,r_0475_ENZ_YFL060C,0.0,0.0002696249591793
mmkcat,r_0475_ENZ_YNL334C,0.0,0.0002683497956577
mmkcat,r_0476_ENZ_YPR035W,0.2811115511147937,0.2813999071859747
mmkcat,r_0477_ENZ_YKL104C,0.0071587767633545,0.0073225005330591
mmkcat,r_0478_ENZ_YOR168W,0.0367097050796763,0.0367098309290905
mmkcat,r_0479_ENZ_YGL245W,0.1051137484632046,0.1051141106305919
mmkcat,r_0480_ENZ_YOL033W,0.0,0.0
mmkcat,r_0481_ENZ_YCL035C_and_YPL091W,0.0,8.338203405727773e-05
mmkcat,r_0481_ENZ_YDR098C_and_YPL091W,0.0,8.33585702518791e-05
mmkcat,r_0481_ENZ_YDR513W_and_YPL091W,0.0,8.33768894001885e-05
mmkcat,r_0481_ENZ_YER174C_and_YPL091W,0.0,8.335970559447681e-05
mmkcat,r_0482_ENZ_YPL059W_and_YPL091W,0.0,0.0
mmkcat,r_0483_ENZ_YBR244W,0.0,8.290341613836905e-05
mmkcat,r_0483_ENZ_YCL035C,0.0,8.320432650110732e-05
mmkcat,r_0483_ENZ_YDR513W,0.0,8.307162875764718e-05
mmkcat,r_0483_ENZ_YIR037W,0.0,8.338203395963362e-05
mmkcat,r_0483_ENZ_YKL026C,0.0,8.337264491375951e-05
mmkcat,r_0483_ENZ_YNL229C,0.0,8.261859889024947e-05
mmkcat,r_0484_ENZ_YPL059W,0.0,0.0
mmkcat,r_0485_ENZ_YOL049W,0.0,6.51704325544955e-05
mmkcat,r_0486_ENZ_YGR192C_FWD,2.9353373517574246,2.9386341833972485
mmkcat,r_0486_ENZ_YGR192C_REV,0.0,0.0020447910583752
mmkcat,r_0486_ENZ_YJL052W_FWD,0.0,0.0
mmkcat,r_0486_ENZ_YJL052W_REV,0.0,0.0
mmkcat,r_0486_ENZ_YJR009C_FWD,0.0,0.0
mmkcat,r_0486_ENZ_YJR009C_REV,0.0,0.0013507981618564
mmkcat,r_0487_ENZ_YOR120W,0.0,0.0003540495944935
mmkcat,r_0488_ENZ_YHL032C,0.0,0.0002977874768994
mmkcat,r_0489_ENZ_YER062C,0.0,0.0002951766694325
mmkcat,r_0489_ENZ_YIL053W,0.0,0.0002977874796104
mmkcat,r_0490_ENZ_YIL155C,0.0,0.0013812617720141
mmkcat,r_0491_ENZ_YDL022W,0.0050721494832508,0.0134811446983746
mmkcat,r_0491_ENZ_YOL059W,0.0,0.0025827503652709
mmkcat,r_0492_ENZ_YOL059W,0.0,0.0069043034189192
mmkcat,r_0497_ENZ_YPL110C,0.0,2.8588968452012237e-05
mmkcat,r_0499_ENZ_YDR408C,0.0310465517263223,0.0310585862123436
mmkcat,r_0500,0.0,0.0
mmkcat,r_0501_ENZ_YAL044C_and_YDR019C_and_YFL018C_and_YMR189W,0.0,0.0006116950491521
mmkcat,r_0502_ENZ_YLR058C_FWD,0.1320730986165366,0.1323105891329677
mmkcat,r_0502_ENZ_YLR058C_REV,0.0,0.0
mmkcat,r_0503_ENZ_YBR263W_FWD,5.783059944778311e-05,0.0003485269931916
mmkcat,r_0503_ENZ_YBR263W_REV,0.0,2.406447115392216e-05
mmkcat,r_0504_ENZ_YAL044C_and_YDR019C_and_YFL018C_and_YMR189W,0.0,0.0002248824988984
mmkcat,r_0505_ENZ_YAL044C_and_YDR019C_and_YFL018C_and_YMR189W,0.0,0.0002169611664665
mmkcat,r_0505_ENZ_YDR148C_and_YFL018C_and_YIL125W,0.0,0.0002191231152223
mmkcat,r_0506_ENZ_YAL044C_and_YDR019C_and_YFL018C_and_YMR189W,0.0,0.0003651039054561
mmkcat,r_0507_ENZ_YAL044C_and_YDR019C_and_YFL018C_and_YMR189W,0.0,0.0003651039054561
mmkcat,r_0508_ENZ_YAL044C_and_YDR019C_and_YFL018C_and_YMR189W,0.0,0.0003651039054561
mmkcat,r_0509_ENZ_YAL044C_and_YDR019C_and_YFL018C_and_YMR189W,0.0,0.0002248824988984
mmkcat,r_0510_ENZ_YFR015C_and_YJL137C,0.0,0.1085830530618084
mmkcat,r_0510_ENZ_YFR015C_and_YKR058W,0.0,0.1085903363016572
mmkcat,r_0510_ENZ_YJL137C_and_YLR258W,0.0,0.1085903363011452
mmkcat,r_0510_ENZ_YKR058W_and_YLR258W,0.0,0.1085903363010677
mmkcat,r_0511_ENZ_YPR160W,0.0,0.000377890762917
mmkcat,r_0512_ENZ_YBR121C,0.0,0.1011435927384814
mmkcat,r_0512_ENZ_YPR081C,0.0,0.1011435927384816
mmkcat,r_0514_ENZ_YMR217W,0.0145504887862841,0.0146153172998798
mmkcat,r_0518_ENZ_YMR281W_FWD,0.0,0.0
mmkcat,r_0518_ENZ_YMR281W_REV,0.0,0.0
mmkcat,r_0519_ENZ_YCL052C_and_YJR013W_FWD,0.0,0.0
mmkcat,r_0519_ENZ_YCL052C_and_YJR013W_REV,0.0,0.0
mmkcat,r_0520_ENZ_YKL165C_FWD,0.0,0.0
mmkcat,r_0520_ENZ_YKL165C_REV,0.0,0.0
mmkcat,r_0521_ENZ_YBR004C_FWD,0.0,0.0
mmkcat,r_0521_ENZ_YBR004C_REV,0.0,0.0
mmkcat,r_0522_ENZ_YGL142C_FWD,0.0,0.0
mmkcat,r_0522_ENZ_YGL142C_REV,0.0,0.0
mmkcat,r_0523_ENZ_YDR302W_FWD,0.0,0.0
mmkcat,r_0523_ENZ_YDR302W_REV,0.0,0.0
mmkcat,r_0523_ENZ_YLL031C_FWD,0.0,0.0
mmkcat,r_0523_ENZ_YLL031C_REV,0.0,0.0
mmkcat,r_0524_ENZ_YGR267C,1.922348433021359e-05,1.922352786089892e-05
mmkcat,r_0525_ENZ_YBL033C,0.0003001774157525,0.0003032099460454
mmkcat,r_0526_ENZ_YDL238C,0.0,6.482851295032746e-05
mmkcat,r_0527_ENZ_YDR399W,0.0,0.0001609141961134
mmkcat,r_0528_ENZ_YDR454C,0.0,0.0013980451841825
mmkcat,r_0529_ENZ_YDR454C_FWD,0.0,0.0012279635636051
mmkcat,r_0529_ENZ_YDR454C_REV,0.0,0.0003232064976579
mmkcat,r_0530_ENZ_YDR376W_and_YPL252C,0.0,3.129345740673223e-06
mmkcat,r_0530_ENZ_YER141W,0.0,3.1293458233015714e-06
mmkcat,r_0531_ENZ_YPL172C,0.0,3.129345823700558e-06
mmkcat,r_0532_ENZ_YDR204W_and_YGR255C_and_YLR201C_and_YML110C_and_YOL096C_and_YOR125C,0.0,0.0
mmkcat,r_0533_ENZ_YFR053C,0.0,0.0
mmkcat,r_0533_ENZ_YGL253W,0.0,0.0
mmkcat,r_0533_ENZ_YLR446W,0.0,0.0
mmkcat,r_0534_ENZ_YCL040W,0.0,3.708257934809236
mmkcat,r_0534_ENZ_YDR516C,0.0,3.7082446977937615
mmkcat,r_0534_ENZ_YFR053C,0.0,3.708244697793672
mmkcat,r_0534_ENZ_YGL253W,0.0,3.7082446977937615
mmkcat,r_0534_ENZ_YLR446W,0.0,3.708244697793672
mmkcat,r_0535_ENZ_YFR053C,0.0,0.0
mmkcat,r_0535_ENZ_YGL253W,0.0,0.0
mmkcat,r_0535_ENZ_YLR446W,0.0,0.0
mmkcat,r_0536_ENZ_YCL030C,0.0230915869629626,0.0231150983850806
mmkcat,r_0537_ENZ_YFR025C,0.0230915869629626,0.0231150983850806
mmkcat,r_0538_ENZ_YIL116W,0.0230915869629626,0.0231150983850806
mmkcat,r_0539_ENZ_YPR033C,0.0230915869631303,0.0230916661264656
mmkcat,r_0540_ENZ_YPR033C,0.0,0.0
mmkcat,r_0541_ENZ_YBR034C,0.0,0.0
mmkcat,r_0542_ENZ_YDR234W_FWD,0.0996804247249434,0.0996949122332059
mmkcat,r_0542_ENZ_YDR234W_REV,0.0,0.0
mmkcat,r_0542_ENZ_YJL200C_FWD,0.0,0.0
mmkcat,r_0542_ENZ_YJL200C_REV,0.0,0.0
mmkcat,r_0543_ENZ_YDL131W,0.0,0.0
mmkcat,r_0543_ENZ_YDL182W,0.0,0.0
mmkcat,r_0544_ENZ_YLL062C,0.0,2.613904477238166e-05
mmkcat,r_0544_ENZ_YPL273W,0.0,3.740639876873009e-05
mmkcat,r_0545_ENZ_YIL094C,0.0996804247249434,0.0996949122333126
mmkcat,r_0546_ENZ_YJR139C,0.0,0.0871427658455226
mmkcat,r_0547_ENZ_YJR139C,0.0,0.0867768280436459
mmkcat,r_0548_ENZ_YHR025W,0.0666625953970113,0.0673614636599119
mmkcat,r_0549_ENZ_YNL277W,0.0200148967214944,0.0200961945371993
mmkcat,r_0550_ENZ_YDR453C_and_YGR209C,0.0,8.305726245483205e-05
mmkcat,r_0550_ENZ_YDR453C_and_YLR043C,0.0,8.35288529390521e-05
mmkcat,r_0551_ENZ_YBL064C_and_YCR083W,0.0,0.0
mmkcat,r_0552_ENZ_YGR209C_and_YLR109W,0.0,3.8265455757635625e-05
mmkcat,r_0552_ENZ_YLR043C_and_YLR109W,0.0,3.826545580101846e-05
mmkcat,r_0553_ENZ_YDR272W,0.0,0.0019799926760165
mmkcat,r_0554_ENZ_YOR040W,0.0,-0.0
mmkcat,r_0555_ENZ_YNR041C,0.0,0.0
mmkcat,r_0556_ENZ_YPL214C,0.0,2.4966693987738307e-05
mmkcat,r_0557_ENZ_YDL205C,0.0,3.129345823700558e-06
mmkcat,r_0558_ENZ_YLR450W,0.0,0.0
mmkcat,r_0558_ENZ_YML075C,0.0669331555269071,0.067147576341187
mmkcat,r_0560_ENZ_YML126C,0.0670895315157655,0.06714757634171
mmkcat,r_0561_ENZ_YOL055C,0.0,2.422391220283161e-05
mmkcat,r_0561_ENZ_YPL258C,0.0,2.371777792172981e-05
mmkcat,r_0561_ENZ_YPR121W,0.0,2.3217299463378016e-05
mmkcat,r_0562_ENZ_YDR399W,0.0,0.0001501487320832
mmkcat,r_0563_ENZ_YBR248C,0.0230915869629626,0.0231150983850806
mmkcat,r_0564_ENZ_YOR202W,0.0230915869629626,0.0231150983850806
mmkcat,r_0565_ENZ_YHR216W,0.0,0.0145612839749497
mmkcat,r_0565_ENZ_YLR432W,0.0,0.0145614722924724
mmkcat,r_0565_ENZ_YML056C,0.0,0.0145614722924724
mmkcat,r_0566_ENZ_YKL211C,0.01173190109919,0.0117928324308602
mmkcat,r_0567_ENZ_YGR087C,0.0,2.4907405160132234e-05
mmkcat,r_0567_ENZ_YLR044C,0.0,2.2494069412883063e-05
mmkcat,r_0567_ENZ_YLR134W,0.0,2.2494069412883063e-05
mmkcat,r_0568_ENZ_YBR011C,0.0,0.00413344809796
mmkcat,r_0569_ENZ_YMR267W,2.9070208239544826,2.91257691299006
mmkcat,r_0570_ENZ_YLR028C_FWD,0.0,0.0541565959346087
mmkcat,r_0570_ENZ_YLR028C_REV,0.0,0.0
mmkcat,r_0570_ENZ_YMR120C_FWD,0.0,0.0541616501112855
mmkcat,r_0570_ENZ_YMR120C_REV,0.0,0.0
mmkcat,r_0571_ENZ_YDR315C,0.0,3.2507581535112795e-05
mmkcat,r_0572_ENZ_YDR173C,0.0,0.0
mmkcat,r_0573_ENZ_YDR173C,0.0,0.0
mmkcat,r_0574_ENZ_YDR173C,0.0,0.0
mmkcat,r_0575_ENZ_YDR173C,0.0,0.0
mmkcat,r_0596_ENZ_YER019W,0.0,0.0
mmkcat,r_0597_ENZ_YER019W,0.0,0.0
mmkcat,r_0598_ENZ_YER019W,0.0,0.0
mmkcat,r_0599_ENZ_YER019W,0.0,0.0
mmkcat,r_0600_ENZ_YER019W,0.0,0.0
mmkcat,r_0601_ENZ_YER019W,0.0,0.0
mmkcat,r_0602_ENZ_YER019W,0.0,0.0
mmkcat,r_0603_ENZ_YER019W,0.0,0.0
mmkcat,r_0604_ENZ_YER019W,0.0,0.0
mmkcat,r_0605_ENZ_YER019W,0.0,0.0
mmkcat,r_0606_ENZ_YER019W,0.0,0.0
mmkcat,r_0607_ENZ_YER019W,0.0,0.0
mmkcat,r_0608_ENZ_YER019W,0.0,0.0
mmkcat,r_0609_ENZ_YER019W,0.0,0.0
mmkcat,r_0610_ENZ_YER019W,0.0,0.0
mmkcat,r_0611_ENZ_YER019W,0.0,0.0
mmkcat,r_0612_ENZ_YER019W,0.0,0.0
mmkcat,r_0613_ENZ_YER019W,0.0,0.0
mmkcat,r_0614_ENZ_YER019W,0.0,0.0
mmkcat,r_0615_ENZ_YER019W,0.0,0.0
mmkcat,r_0616_ENZ_YER019W,0.0,-0.0
mmkcat,r_0617_ENZ_YER019W,0.0,-0.0
mmkcat,r_0618_ENZ_YER019W,0.0,-0.0
mmkcat,r_0619_ENZ_YER019W,0.0,-0.0
mmkcat,r_0620_ENZ_YER019W,0.0,-0.0
mmkcat,r_0621_ENZ_YER019W,0.0,-0.0
mmkcat,r_0622_ENZ_YER019W,0.0,-0.0
mmkcat,r_0623_ENZ_YER019W,0.0,-0.0
mmkcat,r_0624_ENZ_YER019W,0.0,-0.0
mmkcat,r_0625_ENZ_YER019W,0.0,-0.0
mmkcat,r_0626_ENZ_YER019W,0.0,-0.0
mmkcat,r_0627_ENZ_YER019W,0.0,-0.0
mmkcat,r_0628_ENZ_YER019W,0.0,-0.0
mmkcat,r_0629_ENZ_YER019W,0.0,-0.0
mmkcat,r_0630_ENZ_YER019W,0.0,-0.0
mmkcat,r_0631_ENZ_YER019W,0.0,-0.0
mmkcat,r_0632_ENZ_YER019W,0.0,-0.0
mmkcat,r_0633_ENZ_YER019W,0.0,-0.0
mmkcat,r_0634_ENZ_YER019W,0.0,-0.0
mmkcat,r_0635_ENZ_YER019W,0.0,-0.0
mmkcat,r_0636_ENZ_YER019W,0.0,-0.0
mmkcat,r_0637_ENZ_YER019W,0.0,-0.0
mmkcat,r_0638_ENZ_YER019W,0.0,-0.0
mmkcat,r_0639_ENZ_YER019W,0.0,-0.0
mmkcat,r_0640_ENZ_YER019W,0.0,-0.0
mmkcat,r_0641_ENZ_YER019W,0.0,-0.0
mmkcat,r_0642_ENZ_YER019W,0.0,-0.0
mmkcat,r_0643_ENZ_YER019W,0.0,-0.0
mmkcat,r_0644_ENZ_YER019W,0.0,-0.0
mmkcat,r_0645_ENZ_YER019W,0.0,-0.0
mmkcat,r_0646_ENZ_YER019W,0.0,4.74250108908173e-05
mmkcat,r_0647_ENZ_YER019W,0.0,4.767657478764036e-05
mmkcat,r_0648_ENZ_YER019W,0.0,4.700209947069658e-05
mmkcat,r_0649_ENZ_YER019W,0.0,4.599038526743491e-05
mmkcat,r_0650_ENZ_YER019W,0.0,4.991817788626164e-05
mmkcat,r_0651_ENZ_YER019W,0.0,4.959655879764298e-05
mmkcat,r_0652_ENZ_YER019W,0.0,4.963947168367755e-05
mmkcat,r_0653_ENZ_YER019W,0.0,4.400725321394546e-05
mmkcat,r_0654_ENZ_YER019W,0.0,4.944605241864048e-05
mmkcat,r_0655_ENZ_YER019W,0.0,4.878076628143544e-05
mmkcat,r_0656_ENZ_YOR126C,0.0,4.508209584994094e-05
mmkcat,r_0657_ENZ_YOR126C,0.0,5.004959787457963e-05
mmkcat,r_0658_ENZ_YNL037C_and_YOR136W,0.0,0.0025464277782053
mmkcat,r_0659_ENZ_YLR174W_FWD,0.09880227653148,0.1033247364478188
mmkcat,r_0659_ENZ_YLR174W_REV,0.0,0.0005614653321452
mmkcat,r_0661_ENZ_YNL009W,0.0,1.219710521121143e-06
mmkcat,r_0662_ENZ_YER065C,0.0,0.0001046900738481
mmkcat,r_0663_ENZ_YJR148W_FWD,0.0,6.538446005528331e-05
mmkcat,r_0663_ENZ_YJR148W_REV,0.067049754971612,0.0671559869253797
mmkcat,r_0664_ENZ_YHR208W_FWD,0.0,0.0
mmkcat,r_0664_ENZ_YHR208W_REV,0.0,6.559064860252217e-05
mmkcat,r_0665_ENZ_YBL076C,0.0671153689152533,0.067115599002361
mmkcat,r_0666_ENZ_YPL040C,0.0,0.0
mmkcat,r_0667_ENZ_YPL117C_FWD,0.0223631771719218,0.0223690422202532
mmkcat,r_0667_ENZ_YPL117C_REV,0.0,0.0
mmkcat,r_0668_ENZ_YGR244C_and_YOR142W_FWD,0.0,0.0
mmkcat,r_0668_ENZ_YGR244C_and_YOR142W_REV,0.0,0.0
mmkcat,r_0669_ENZ_YLR355C,0.0671153689152533,0.0672027152543184
mmkcat,r_0670_ENZ_YLR231C,0.0,6.093133141457652e-05
mmkcat,r_0671_ENZ_YBL098W,0.0018404817775879,0.0018408516675316
mmkcat,r_0672_ENZ_YHR037W_FWD,0.0,0.0
mmkcat,r_0672_ENZ_YHR037W_REV,0.0,0.0004167316792667
mmkcat,r_0673_ENZ_YHR037W_FWD,0.0,0.0004132476833544
mmkcat,r_0673_ENZ_YHR037W_REV,0.0,0.0
mmkcat,r_0674_ENZ_YLR089C_FWD,0.0,0.0
mmkcat,r_0674_ENZ_YLR089C_REV,0.0,6.452581430327342e-05
mmkcat,r_0675_ENZ_YEL046C,0.0,-0.0
mmkcat,r_0676_ENZ_YMR226C_FWD,0.0,0.0
mmkcat,r_0676_ENZ_YMR226C_REV,0.0,0.0
mmkcat,r_0678_ENZ_YBR115C_and_YGL154C,0.0996804247249434,0.099694650291422
mmkcat,r_0679_ENZ_YDR321W,0.0,5.2338906215608494e-05
mmkcat,r_0680_ENZ_YLR155C,0.0,4.510099429646392e-05
mmkcat,r_0680_ENZ_YLR157C,0.0,4.4285545197551845e-05
mmkcat,r_0680_ENZ_YLR158C,0.0,4.4285545197551845e-05
mmkcat,r_0680_ENZ_YLR160C,0.0,4.4285545197551845e-05
mmkcat,r_0681_ENZ_YLR027C,0.0,0.0
mmkcat,r_0682_ENZ_YKL106W,0.0,0.0
mmkcat,r_0683_ENZ_YLR027C,0.0,0.0
mmkcat,r_0687_ENZ_YER023W,0.0,0.0005111326604091
mmkcat,r_0688_ENZ_YHR104W,0.0,0.0001004122607482
mmkcat,r_0688_ENZ_YOL151W,0.0,0.0007671782211744
mmkcat,r_0689_ENZ_YCL064C,0.0,0.0001321221369904
mmkcat,r_0690_ENZ_YMR226C,0.0,0.0
mmkcat,r_0691_ENZ_YJR159W,0.0,0.0
mmkcat,r_0692_ENZ_YCL064C,0.0,0.0004022462910869
mmkcat,r_0693_ENZ_YER086W,0.0,0.000699137965148
mmkcat,r_0694_ENZ_YJR078W,0.0018404817775884,0.0018751275740915
mmkcat,r_0695_ENZ_YDR403W,0.0,1.7952417295491463e-05
mmkcat,r_0696_ENZ_YOL151W,0.0,0.0007846622928056
mmkcat,r_0697_ENZ_YML004C,0.0,0.0019799926760165
mmkcat,r_0698_ENZ_YHR072W,0.0111815885859609,0.0111845210199498
mmkcat,r_0699_ENZ_YJR148W_FWD,0.0,0.0
mmkcat,r_0699_ENZ_YJR148W_REV,0.1032329849490878,0.1032702786141661
mmkcat,r_0700_ENZ_YHR208W_FWD,0.0,0.0
mmkcat,r_0700_ENZ_YHR208W_REV,0.0,0.0
mmkcat,r_0701_ENZ_YPL160W,0.103232984949161,0.1032333283767679
mmkcat,r_0702_ENZ_YLR382C,0.0,0.0
mmkcat,r_0703_ENZ_YNL045W_FWD,0.0,0.0
mmkcat,r_0703_ENZ_YNL045W_REV,0.0,0.0
mmkcat,r_0704_ENZ_YNL045W_FWD,0.0,0.0
mmkcat,r_0704_ENZ_YNL045W_REV,0.0,0.0
mmkcat,r_0705_ENZ_YNL045W_FWD,0.0,0.0
mmkcat,r_0705_ENZ_YNL045W_REV,0.0,0.0
mmkcat,r_0706_ENZ_YNL045W_FWD,0.0,0.0
mmkcat,r_0706_ENZ_YNL045W_REV,0.0,0.0
mmkcat,r_0707_ENZ_YNL045W_FWD,0.0,0.0
mmkcat,r_0707_ENZ_YNL045W_REV,0.0,0.0
mmkcat,r_0708_ENZ_YNL045W_FWD,0.0,0.0
mmkcat,r_0708_ENZ_YNL045W_REV,0.0,0.0
mmkcat,r_0711_ENZ_YDR037W,0.0996804247249682,0.0996807681719437
mmkcat,r_0712_ENZ_YNL073W,0.0,0.0
mmkcat,r_0713_ENZ_YKL085W_FWD,0.4189163851669319,0.4197789166002815
mmkcat,r_0713_ENZ_YKL085W_REV,0.0,0.0
mmkcat,r_0714_ENZ_YOL126C_FWD,0.0,0.0
mmkcat,r_0714_ENZ_YOL126C_REV,0.3455008079012441,0.348670665062579
mmkcat,r_0715_ENZ_YDL078C_FWD,0.0,0.0
mmkcat,r_0715_ENZ_YDL078C_REV,0.0,3.506920387587754e-05
mmkcat,r_0716_ENZ_YIR031C,0.0,0.000153883301055
mmkcat,r_0716_ENZ_YNL117W,0.0,0.0001499684338447
mmkcat,r_0717_ENZ_YNL117W,0.0,2.72378730672429e-05
mmkcat,r_0718_ENZ_YKL029C,0.0522388584096328,0.0543515669734875
mmkcat,r_0719_ENZ_YKL029C,0.0,0.0019760321622986
mmkcat,r_0721_ENZ_YKL192C_and_YOR221C_FWD,0.0,0.0
mmkcat,r_0721_ENZ_YKL192C_and_YOR221C_REV,0.0,0.0
mmkcat,r_0722_ENZ_YDL055C,0.212865211313848,0.2128659447368163
mmkcat,r_0723_ENZ_YER003C_FWD,0.0,0.0
mmkcat,r_0723_ENZ_YER003C_REV,0.2128652113138969,0.2129023361908411
mmkcat,r_0724_ENZ_YBR084W_FWD,5.8051389014490695e-05,0.0006726245055128
mmkcat,r_0724_ENZ_YBR084W_REV,0.0,0.0
mmkcat,r_0725_ENZ_YGR204W_FWD,0.0707990412644963,0.07112720312084
mmkcat,r_0725_ENZ_YGR204W_REV,0.0,0.0
mmkcat,r_0726_ENZ_YDR502C,0.0,0.0
mmkcat,r_0726_ENZ_YLR180W,0.0425758865719253,0.0426200654056957
mmkcat,r_0727_ENZ_YER091C,0.0601763736960502,0.0602200361875623
mmkcat,r_0728_ENZ_YBL013W,0.0,0.0
mmkcat,r_0729_ENZ_YGR264C,0.0176582736047271,0.0176583341413996
mmkcat,r_0730_ENZ_YGR171C,0.0,0.0
mmkcat,r_0731_ENZ_YKR080W,13.760260301189168,13.85491387700984
mmkcat,r_0732_ENZ_YGR204W_FWD,0.0,0.0
mmkcat,r_0732_ENZ_YGR204W_REV,13.689422810421418,13.783678317201398
mmkcat,r_0733_ENZ_YBR084W_FWD,5.8051389014490695e-05,0.0006726104778165
mmkcat,r_0733_ENZ_YBR084W_REV,0.0,0.0
mmkcat,r_0734_ENZ_YPR006C,0.0,7.028191148350516e-05
mmkcat,r_0735_ENZ_YMR208W,0.0,0.0003820273536783
mmkcat,r_0736_ENZ_YMR208W,0.0,0.0002487164636337
mmkcat,r_0737_ENZ_YMR208W,0.0,0.0671032747590032
mmkcat,r_0738_ENZ_YMR208W,0.0,0.0671032747590056
mmkcat,r_0739_ENZ_YNR043W,0.0670895315157655,0.0671071261198303
mmkcat,r_0747_ENZ_YBR036C_and_YBR161W,0.0,0.0
mmkcat,r_0747_ENZ_YBR036C_and_YPL057C,0.0,0.0
mmkcat,r_0748_ENZ_YBR036C_and_YBR161W,0.0,0.0
mmkcat,r_0748_ENZ_YBR036C_and_YPL057C,0.0,0.0
mmkcat,r_0749_ENZ_YBR036C_and_YBR161W,0.0,0.0
mmkcat,r_0749_ENZ_YBR036C_and_YPL057C,0.0,0.0
mmkcat,r_0750_ENZ_YBR036C_and_YBR161W,0.0,0.0
mmkcat,r_0750_ENZ_YBR036C_and_YPL057C,0.0,0.0
mmkcat,r_0751_ENZ_YBR036C_and_YBR161W,0.0,0.0
mmkcat,r_0751_ENZ_YBR036C_and_YPL057C,0.0,0.0
mmkcat,r_0752_ENZ_YBR036C_and_YBR161W,0.0,0.0
mmkcat,r_0752_ENZ_YBR036C_and_YPL057C,0.0,0.0
mmkcat,r_0753_ENZ_YBR036C_and_YBR161W,0.0,0.0
mmkcat,r_0753_ENZ_YBR036C_and_YPL057C,0.0,0.0
mmkcat,r_0754_ENZ_YBR036C_and_YBR161W,0.0,0.0
mmkcat,r_0754_ENZ_YBR036C_and_YPL057C,0.0,0.0
mmkcat,r_0755_ENZ_YBR036C_and_YBR161W,0.0,0.0
mmkcat,r_0755_ENZ_YBR036C_and_YPL057C,0.0,0.0
mmkcat,r_0756_ENZ_YBR036C_and_YBR161W,0.0,0.0
mmkcat,r_0756_ENZ_YBR036C_and_YPL057C,0.0,0.0
mmkcat,r_0757_ENZ_YDR287W,0.0,0.0026299511757341
mmkcat,r_0757_ENZ_YHR046C,0.0,0.0026404309936947
mmkcat,r_0758_ENZ_YJL153C,0.0025301461645516,0.002615317380877
mmkcat,r_0759_ENZ_YER069W,0.0559701059533424,0.0559869913043904
mmkcat,r_0760_ENZ_YFL017C,0.0071587767636031,0.0071588013055563
mmkcat,r_0761_ENZ_YJL071W_FWD,0.0,2.8831701475162674e-05
mmkcat,r_0761_ENZ_YJL071W_REV,0.0,0.0
mmkcat,r_0761_ENZ_YMR062C_FWD,0.0,2.6210972937423804e-05
mmkcat,r_0761_ENZ_YMR062C_REV,0.0,0.0
mmkcat,r_0762_ENZ_YDR428C,0.0018404817775884,0.0018751275740915
mmkcat,r_0763_ENZ_YDR402C_and_YDR403W,0.0,8.849073170363875e-06
mmkcat,r_0764_ENZ_YGL067W,0.0,0.0
mmkcat,r_0765_ENZ_YEL041W,0.0,0.0009914976619269
mmkcat,r_0765_ENZ_YJR049C,0.0,0.0009914983963619
mmkcat,r_0766_ENZ_YEL041W,0.0,0.0
mmkcat,r_0766_ENZ_YJR049C,0.0,0.0
mmkcat,r_0766_ENZ_YPL188W,0.0,0.0
mmkcat,r_0767_ENZ_YDL042C,0.0,0.0
mmkcat,r_0767_ENZ_YDR191W,0.0,0.0
mmkcat,r_0767_ENZ_YOL068C,0.0,0.0
mmkcat,r_0767_ENZ_YOR025W,0.0,0.0
mmkcat,r_0767_ENZ_YPL015C,0.0,0.0
mmkcat,r_0768_ENZ_YHR074W,0.0018408516684759,0.0018408516684759
mmkcat,r_0769_ENZ_YHR074W_FWD,0.0,0.0
mmkcat,r_0769_ENZ_YHR074W_REV,0.0,0.0
mmkcat,r_0770_ENZ_YDL085W,0.0,0.0
mmkcat,r_0770_ENZ_YMR145C,18.162518351794272,18.171021469990336
mmkcat,r_0771_ENZ_YEL041W,0.0,0.0009914967376268
mmkcat,r_0771_ENZ_YJR049C,0.0,0.000991498413463
mmkcat,r_0772_ENZ_YEL041W,0.0,0.0
mmkcat,r_0772_ENZ_YJR049C,0.0,0.0
mmkcat,r_0772_ENZ_YPL188W,0.0,0.0
mmkcat,r_0773_ENZ_YML120C,0.0,0.0049496008866825
mmkcat,r_0774_ENZ_YOR209C,0.0,3.638514366869237e-07
mmkcat,r_0775_ENZ_YOR209C,0.0,0.0
mmkcat,r_0781_ENZ_YGL037C,0.0,3.638514366869237e-07
mmkcat,r_0782_ENZ_YLR285W,0.0,0.0
mmkcat,r_0783_ENZ_YCL047C,0.0,0.0
mmkcat,r_0783_ENZ_YLR328W,0.0,0.0
mmkcat,r_0784_ENZ_YGR010W,0.0,0.0
mmkcat,r_0784_ENZ_YLR328W,0.0,0.0
mmkcat,r_0785_ENZ_YGR010W,0.0018408456290242,0.001840851721259
mmkcat,r_0785_ENZ_YLR328W,0.0,0.0
mmkcat,r_0786_ENZ_YFR047C,0.0018404817775884,0.0018408516675316
mmkcat,r_0787_ENZ_YFR047C,0.0,0.0
mmkcat,r_0788_ENZ_YER005W,0.0,0.0003050627245642
mmkcat,r_0789_ENZ_YER005W,0.0,0.0003509414048394
mmkcat,r_0790_ENZ_YER005W,0.0,0.0003509414057525
mmkcat,r_0791_ENZ_YEL042W,0.0,0.0003509414057027
mmkcat,r_0792_ENZ_YER005W,0.0,0.0003016678054379
mmkcat,r_0793_ENZ_YER005W,0.0,8.63865511351175e-05
mmkcat,r_0795_ENZ_YKL067W,0.0033660231489375,0.003923002756204
mmkcat,r_0796_ENZ_YKL067W,0.0,0.001182103640425
mmkcat,r_0797_ENZ_YKL067W,0.0,0.000174328794491
mmkcat,r_0798_ENZ_YKL067W,0.0,0.0003509414051841
mmkcat,r_0799_ENZ_YKL067W,0.0,0.0001819589219869
mmkcat,r_0800_ENZ_YKL067W,0.2527722621169238,0.3202059712041677
mmkcat,r_0801_ENZ_YKL067W,0.0,0.0003509414054329
mmkcat,r_0802_ENZ_YKL067W_FWD,0.0,0.0
mmkcat,r_0802_ENZ_YKL067W_REV,0.0,0.0
mmkcat,r_0803_ENZ_YKL067W_FWD,0.0,0.0001819645137198
mmkcat,r_0803_ENZ_YKL067W_REV,0.0,0.0
mmkcat,r_0804_ENZ_YAL035W,0.0,0.0003509414059728
mmkcat,r_0804_ENZ_YER005W,0.0,0.0003445962015966
mmkcat,r_0804_ENZ_YLL001W,0.0,0.0003445962013834
mmkcat,r_0805_ENZ_YER005W,0.0,0.0003509414045232
mmkcat,r_0806_ENZ_YER005W,0.0,0.0002802706374609
mmkcat,r_0807_ENZ_YER005W,0.0,0.0003509414055606
mmkcat,r_0810_ENZ_YEL042W,0.0,0.0003509414053439
mmkcat,r_0811_ENZ_YKL067W,0.4707104145978434,0.5381705536361967
mmkcat,r_0812_ENZ_YLR303W,0.0,-0.0
mmkcat,r_0813_ENZ_YLR303W,0.0200148967214943,0.020078929674526
mmkcat,r_0815_ENZ_YAL012W,0.0,1.8612005512520444e-05
mmkcat,r_0815_ENZ_YLL058W,0.0,3.656263754693405e-05
mmkcat,r_0815_ENZ_YML082W,0.0,3.606852141928123e-05
mmkcat,r_0816_ENZ_YJL088W,0.0559701059533424,0.0560047717230122
mmkcat,r_0817_ENZ_YKL184W,0.0,6.416331141616272e-06
mmkcat,r_0818_ENZ_YMR062C,0.0559701059533424,0.0559869913043904
mmkcat,r_0819_ENZ_YLR438W,0.0,1.688535079946013e-05
mmkcat,r_0820_ENZ_YML106W_FWD,0.0,0.0
mmkcat,r_0820_ENZ_YML106W_REV,0.0,0.0325420698612224
mmkcat,r_0820_ENZ_YMR271C_FWD,0.0,0.0
mmkcat,r_0820_ENZ_YMR271C_REV,0.0,0.0325420698612095
mmkcat,r_0821_ENZ_YEL021W,0.0325247806976248,0.0325420698612658
mmkcat,r_0831_ENZ_YDR148C_and_YFL018C_and_YIL125W,0.0,9.359318175811147e-05
mmkcat,r_0831_ENZ_YDR148C_and_YFL018C_and_YIL125W_and_YFR049W,0.0,9.341804728529857e-05
mmkcat,r_0832_ENZ_YDR148C_and_YFL018C_and_YIL125W,0.0,9.1900969448222e-05
mmkcat,r_0832_ENZ_YDR148C_and_YFL018C_and_YIL125W_and_YFR049W,0.0,9.277929876652832e-05
mmkcat,r_0841_ENZ_YGR277C,0.0,6.841783742648939e-05
mmkcat,r_0842_ENZ_YDR531W,5.760981062497006e-05,5.760981062497006e-05
mmkcat,r_0843_ENZ_YIL145C,5.760981062497006e-05,5.968938970420242e-05
mmkcat,r_0844_ENZ_YJR019C,0.0,5.119064004413414e-05
mmkcat,r_0845_ENZ_YJR019C,0.0,5.099592009888904e-05
mmkcat,r_0847_ENZ_YJR019C,0.0,4.986914872271431e-05
mmkcat,r_0848_ENZ_YJR019C,0.0,4.616411331070936e-05
mmkcat,r_0849_ENZ_YJR019C,0.0,4.539545710248625e-05
mmkcat,r_0850_ENZ_YJR019C,0.0,4.881417445012914e-05
mmkcat,r_0851_ENZ_YGL202W_FWD,0.0,0.0008026797018133
mmkcat,r_0851_ENZ_YGL202W_REV,0.0449348283266921,0.0497831703174054
mmkcat,r_0852_ENZ_YFL022C_and_YLR060W,0.0466359526344193,0.0466361125133206
mmkcat,r_0853_ENZ_YPR047W,0.0,0.0
mmkcat,r_0854_ENZ_YDR380W,0.0,4.2117151429849065e-05
mmkcat,r_0855_ENZ_YGL234W,0.0310465517263223,0.0310585862123436
mmkcat,r_0882_ENZ_YEL058W_FWD,0.0071587767636031,0.0071587767636031
mmkcat,r_0882_ENZ_YEL058W_REV,0.0,0.0
mmkcat,r_0883_ENZ_YGR209C_and_YPR167C,0.0,0.0200694915768657
mmkcat,r_0883_ENZ_YLR043C_and_YPR167C,0.0,0.0200694915766656
mmkcat,r_0884_ENZ_YKR097W,0.0,7.805189958176584e-05
mmkcat,r_0885_ENZ_YGR007W,0.0,0.0
mmkcat,r_0886_ENZ_YGR240C_and_YMR205C,0.0,0.0007645131528075
mmkcat,r_0887_ENZ_YGR240C_and_YMR205C,0.1449946849547135,0.1473528333719515
mmkcat,r_0888_ENZ_YKL127W_FWD,0.0,0.4487890649478384
mmkcat,r_0888_ENZ_YKL127W_REV,0.0,0.0
mmkcat,r_0888_ENZ_YMR105C_FWD,0.0,0.4487857750384427
mmkcat,r_0888_ENZ_YMR105C_REV,0.0,0.0
mmkcat,r_0889_ENZ_YGR256W,0.0,0.0
mmkcat,r_0889_ENZ_YHR183W,8.248681697382702,8.2525931965408
mmkcat,r_0890_ENZ_YEL058W_FWD,0.0,0.0
mmkcat,r_0890_ENZ_YEL058W_REV,0.0,0.0
mmkcat,r_0891_ENZ_YER081W,0.0,0.0
mmkcat,r_0891_ENZ_YIL074C,0.2268273772091421,0.2270901803221301
mmkcat,r_0892_ENZ_YCR012W_FWD,2.935333328768914,2.938847535997636
mmkcat,r_0892_ENZ_YCR012W_REV,0.0,0.0089608888106407
mmkcat,r_0893_ENZ_YKL152C_FWD,2.7084461315190715,2.711409937238741
mmkcat,r_0893_ENZ_YKL152C_REV,0.0,0.0
mmkcat,r_0893_ENZ_YOR283W_FWD,0.0,0.0
mmkcat,r_0893_ENZ_YOR283W_REV,0.0,0.0
mmkcat,r_0902_ENZ_YFL045C_FWD,0.0,0.0
mmkcat,r_0902_ENZ_YFL045C_REV,0.212865211313848,0.2129023361909112
mmkcat,r_0903_ENZ_YOL055C,0.0,2.4223912291516533e-05
mmkcat,r_0903_ENZ_YPL258C,0.0,2.408619086064513e-05
mmkcat,r_0903_ENZ_YPR121W,0.0,2.339090159184196e-05
mmkcat,r_0904_ENZ_YMR220W,0.0670895315157655,0.0671071261198303
mmkcat,r_0905_ENZ_YIL083C,5.760981062491455e-05,5.760994024991248e-05
mmkcat,r_0906_ENZ_YKL088W_and_YKR072C_and_YOR054C,5.7609810624928426e-05,5.760994024991248e-05
mmkcat,r_0907_ENZ_YKL127W_FWD,0.0418570087494746,0.0456422279185306
mmkcat,r_0907_ENZ_YKL127W_REV,0.0,0.0031202153774813
mmkcat,r_0907_ENZ_YMR105C_FWD,0.0,0.0
mmkcat,r_0907_ENZ_YMR105C_REV,0.0,0.0028299752507657
mmkcat,r_0907_ENZ_YMR278W_FWD,0.0,0.0
mmkcat,r_0907_ENZ_YMR278W_REV,0.0,0.0020630603078216
mmkcat,r_0908_ENZ_YAR015W,0.031046551726316,0.0310600919695274
mmkcat,r_0909_ENZ_YCL030C,0.0230915869629626,0.0231150983850806
mmkcat,r_0910_ENZ_YCL030C,0.0230915869629626,0.0231150983850806
mmkcat,r_0911_ENZ_YOR128C,0.0310465517263223,0.0310600919695274
mmkcat,r_0912_ENZ_YLR028C_FWD,0.0,0.0541568528502274
mmkcat,r_0912_ENZ_YLR028C_REV,0.0,0.0
mmkcat,r_0912_ENZ_YMR120C_FWD,0.0,0.0541565959346072
mmkcat,r_0912_ENZ_YMR120C_REV,0.0,0.0
mmkcat,r_0913_ENZ_YDR007W,0.0117319010991894,0.0117928324308602
mmkcat,r_0914_ENZ_YGL234W,0.0310465517263143,0.0310585862123436
mmkcat,r_0915_ENZ_YMR300C,0.0310465517263279,0.0310585862123436
mmkcat,r_0916_ENZ_YBL068W_and_YOL061W,0.0,0.1429325901517728
mmkcat,r_0916_ENZ_YER099C_and_YOL061W,0.0,0.1429833020197648
mmkcat,r_0916_ENZ_YKL181W_and_YBL068W,0.0,0.0016749276558765
mmkcat,r_0916_ENZ_YKL181W_and_YER099C,0.0,0.0017008432018254
mmkcat,r_0916_ENZ_YKL181W_and_YHL011C,0.0,0.0016910134125041
mmkcat,r_0917_ENZ_YGR208W,0.2268415255474357,0.2270193947591527
mmkcat,r_0918_ENZ_YOR184W,0.2268492703081768,0.2270901803205429
mmkcat,r_0919_ENZ_YBR183W,0.0,2.27390314148736e-05
mmkcat,r_0920_ENZ_YDR402C,0.0,5.6198931504870905e-05
mmkcat,r_0921_ENZ_YDR294C,0.0,0.0
mmkcat,r_0922_ENZ_YDR297W,0.0,0.0
mmkcat,r_0929_ENZ_YMR020W,0.0,0.0
mmkcat,r_0935_ENZ_YGL040C,0.0,1.251738329877128e-05
mmkcat,r_0936_ENZ_YMR020W,0.0,0.0
mmkcat,r_0937_ENZ_YMR020W,5.7609810624928426e-05,7.413407517521321e-05
mmkcat,r_0938_ENZ_YNL316C,0.0466359526340447,0.0466780697867425
mmkcat,r_0939_ENZ_YBR166C,0.0355255192032646,0.0363881683123094
mmkcat,r_0940_ENZ_YLR142W,0.0,9.89018401133327e-05
mmkcat,r_0941_ENZ_YHR020W,0.0573632664186577,0.0573634562609955
mmkcat,r_0942_ENZ_YER014W,0.0,3.673010344878644e-06
mmkcat,r_0943_ENZ_YLR209C,0.0,0.0
mmkcat,r_0949_ENZ_YLR209C_FWD,0.0,0.0001609141975609
mmkcat,r_0949_ENZ_YLR209C_REV,0.0,0.0
mmkcat,r_0950_ENZ_YLR209C_FWD,0.0,0.0
mmkcat,r_0950_ENZ_YLR209C_REV,0.0,0.0
mmkcat,r_0951_ENZ_YLR209C_FWD,0.0,0.0001501487266459
mmkcat,r_0951_ENZ_YLR209C_REV,0.0,0.0002162966590925
mmkcat,r_0953_ENZ_YBR035C,0.0,0.0
mmkcat,r_0954_ENZ_YBR035C,0.0,0.0
mmkcat,r_0955_ENZ_YBR035C,0.0,0.0
mmkcat,r_0956_ENZ_YBR035C,0.0,2.6157139926121648e-05
mmkcat,r_0957_ENZ_YER023W,0.0573632664185908,0.0574198252421283
mmkcat,r_0958_ENZ_YBR218C,0.0,0.0
mmkcat,r_0958_ENZ_YGL062W,0.7303777784604847,0.7322332952140572
mmkcat,r_0959_ENZ_YGR087C,0.0,0.0
mmkcat,r_0959_ENZ_YLR044C,0.4140280337283451,0.4175510554319144
mmkcat,r_0959_ENZ_YLR134W,0.0,0.0
mmkcat,r_0960_ENZ_YGR087C,0.0,0.0003011592298919
mmkcat,r_0960_ENZ_YLR044C,0.0,0.0005688358029204
mmkcat,r_0960_ENZ_YLR134W,0.0,0.0003870735049029
mmkcat,r_0961_ENZ_YBR221C_and_YER178W_and_YFL018C_and_YGR193C_and_YNL071W,0.823098659090681,0.8249734454156745
mmkcat,r_0962_ENZ_YAL038W,0.0,0.0
mmkcat,r_0962_ENZ_YOR347C,2.519082615781736,2.524135145964382
mmkcat,r_0963_ENZ_YDR204W_and_YGR255C_and_YLR201C_and_YML110C_and_YOL096C_and_YOR125C,0.0,0.0
mmkcat,r_0964_ENZ_YDR135C,0.0,8.46941630534559e-05
mmkcat,r_0965_ENZ_YDR236C,0.0,0.0001850783761092
mmkcat,r_0966_ENZ_YDR236C,0.0,3.032113802928874e-06
mmkcat,r_0967_ENZ_YOL143C,0.000600354831505,0.0006064210117107
mmkcat,r_0968_ENZ_YBR256C,0.0003032095110848,0.0003032095110848
mmkcat,r_0969_ENZ_YCR036W,0.0,0.0003812030569427
mmkcat,r_0970_ENZ_YGR209C,0.0,0.0010915572010151
mmkcat,r_0971_ENZ_YGR209C,0.0,0.0001702435511618
mmkcat,r_0972_ENZ_YGR209C,0.0,0.0001995466710662
mmkcat,r_0973_ENZ_YGR209C,0.0,0.0003585636093966
mmkcat,r_0974_ENZ_YER070W,0.0,0.0010915579948032
mmkcat,r_0974_ENZ_YGR180C,0.0,0.0010915579981229
mmkcat,r_0974_ENZ_YIL066C,0.0,0.0010915580156229
mmkcat,r_0974_ENZ_YJL026W,0.0,0.0010915542516087
mmkcat,r_0975_ENZ_YER070W,0.0,0.0
mmkcat,r_0975_ENZ_YGR180C,0.0,0.0
mmkcat,r_0975_ENZ_YIL066C,0.0,0.0
mmkcat,r_0975_ENZ_YJL026W,0.0,0.0
mmkcat,r_0976_ENZ_YER070W,0.0,0.0018365462983444
mmkcat,r_0976_ENZ_YGR180C,0.0,0.0018365462983267
mmkcat,r_0976_ENZ_YIL066C,0.0,0.0018365462983329
mmkcat,r_0976_ENZ_YJL026W,0.0,0.0018365462983171
mmkcat,r_0977_ENZ_YER070W,0.0,0.0
mmkcat,r_0977_ENZ_YGR180C,0.0,0.0
mmkcat,r_0977_ENZ_YIL066C,0.0,0.0
mmkcat,r_0977_ENZ_YJL026W,0.0,0.0
mmkcat,r_0978_ENZ_YER070W,0.0,0.0007277053894846
mmkcat,r_0978_ENZ_YGR180C,0.0,0.0007277053885368
mmkcat,r_0978_ENZ_YIL066C,0.0,0.0007277053961897
mmkcat,r_0978_ENZ_YJL026W,0.0,0.0007277053961897
mmkcat,r_0979_ENZ_YER070W,0.0,0.0
mmkcat,r_0979_ENZ_YGR180C,0.0,0.0
mmkcat,r_0979_ENZ_YIL066C,0.0,0.0
mmkcat,r_0979_ENZ_YJL026W,0.0,0.0
mmkcat,r_0982_ENZ_YOR095C_FWD,2.8472971179801694,2.8491827563047223
mmkcat,r_0982_ENZ_YOR095C_REV,0.0,0.0
mmkcat,r_0983_ENZ_YNL129W,0.0,0.0
mmkcat,r_0984_ENZ_YJL121C_FWD,5.400095087668841,5.403790733832423
mmkcat,r_0984_ENZ_YJL121C_REV,0.0,0.0
mmkcat,r_0985_ENZ_YDR204W_and_YGR255C_and_YLR201C_and_YML110C_and_YOL096C_and_YOR125C,0.0,0.0
mmkcat,r_0986_ENZ_YML008C,0.0,1.1686511784958498e-06
mmkcat,r_0987_ENZ_YJL068C,0.0,-0.0
mmkcat,r_0988_ENZ_YIR034C,0.0996804247249434,0.099694650291422
mmkcat,r_0989_ENZ_YNR050C,0.0996804247249434,0.099694650291422
mmkcat,r_0990_ENZ_YKL060C_FWD,0.1449946849536834,0.147423908749062
mmkcat,r_0990_ENZ_YKL060C_REV,0.0,0.0
mmkcat,r_0992_ENZ_YHR013C_and_YDL040C_and_YOR253W,0.0,4.197783611381567e-05
mmkcat,r_0993_ENZ_YMR296C_and_YKL212W_and_YDR062W_and_YGR038W_and_YLR350W_and_YBR058C-A,0.0,0.0
mmkcat,r_0995_ENZ_YDR023W,0.0,0.0645730604699072
mmkcat,r_0995_ENZ_YHR011W,0.0,0.0645730688761572
mmkcat,r_0996_ENZ_YDR127W,0.0939125964208274,0.0947752455382308
mmkcat,r_0997_ENZ_YDR127W,0.0939125964208274,0.0947752455382308
mmkcat,r_0998_ENZ_YBR213W,0.0,0.0
mmkcat,r_0999_ENZ_YBR213W,0.0,0.0
mmkcat,r_1000_ENZ_YEL047C_FWD,0.0,0.0003061309720487
mmkcat,r_1000_ENZ_YEL047C_REV,0.0,0.0
mmkcat,r_1001_ENZ_YPR069C,0.0,5.764265778987476e-06
mmkcat,r_1002_ENZ_YLR146C,5.7609810624803526e-05,7.413407510503727e-05
mmkcat,r_1003_ENZ_YDR294C,0.0,0.0
mmkcat,r_1004_ENZ_YJL134W,0.0,2.607354329220435e-06
mmkcat,r_1004_ENZ_YKR053C,0.0,1.896638082476976e-06
mmkcat,r_1005_ENZ_YJL134W,0.0,1.445253962040205e-05
mmkcat,r_1005_ENZ_YKR053C,0.0,3.916386966063001e-06
mmkcat,r_1006_ENZ_YLR260W,0.0,2.607354314898558e-06
mmkcat,r_1006_ENZ_YOR171C,0.0,2.606807580796122e-06
mmkcat,r_1007_ENZ_YLR260W,0.0,1.445253962040205e-05
mmkcat,r_1007_ENZ_YOR171C,0.0,1.4431618062360483e-05
mmkcat,r_1008_FWD,0.0,0.0
mmkcat,r_1008_REV,0.0,0.0
mmkcat,r_1009_FWD,0.0,0.0
mmkcat,r_1009_REV,0.0,0.0
mmkcat,r_1010_ENZ_YGR175C,0.0,0.0
mmkcat,r_1011_ENZ_YGR175C,0.0111815885859609,0.0111845210199498
mmkcat,r_1012_ENZ_YHR190W,0.0111815885859609,0.0111845210199498
mmkcat,r_1021_ENZ_YDR178W_and_YJL045W_and_YKL141W_and_YLL041C_FWD,0.0,0.0
mmkcat,r_1021_ENZ_YDR178W_and_YJL045W_and_YKL141W_and_YLL041C_REV,0.0,0.0005112695313486
mmkcat,r_1021_ENZ_YDR178W_and_YKL141W_and_YKL148C_and_YLL041C_FWD,0.0,0.0
mmkcat,r_1021_ENZ_YDR178W_and_YKL141W_and_YKL148C_and_YLL041C_REV,0.0,0.0
mmkcat,r_1021_ENZ_YLR164W_and_YJL045W_and_YKL141W_and_YLL041C_FWD,0.0324175121184211,0.0340358214580262
mmkcat,r_1021_ENZ_YLR164W_and_YJL045W_and_YKL141W_and_YLL041C_REV,0.0,0.0005610418605268
mmkcat,r_1022_ENZ_YGR244C_and_YOR142W,0.0,0.0002550724659583
mmkcat,r_1023_ENZ_YBR006W,0.0,6.237540008002807e-05
mmkcat,r_1024_ENZ_YIL162W,0.0,0.0
mmkcat,r_1025_ENZ_YJR010W,0.0200152605729311,0.0202005514681995
mmkcat,r_1026_ENZ_YCL050C,0.0,0.0007127791108061
mmkcat,r_1027_ENZ_YFR030W_and_YJR137C,0.0200148967214944,0.0200525482343709
mmkcat,r_1028_ENZ_YLL048C,0.0,-0.0
mmkcat,r_1029_ENZ_YLL057C,0.0,0.0
mmkcat,r_1030_ENZ_YAL044C_and_YDR019C_and_YFL018C_and_YMR189W,0.0,0.0014136617833239
mmkcat,r_1031_ENZ_YKL132C_FWD,0.0,0.0
mmkcat,r_1031_ENZ_YKL132C_REV,0.0,0.0
mmkcat,r_1031_ENZ_YOR241W_FWD,0.0,0.0
mmkcat,r_1031_ENZ_YOR241W_REV,0.0,0.0
mmkcat,r_1032_ENZ_YBR092C,0.0,0.0
mmkcat,r_1033_ENZ_YBR092C,0.0,0.0
mmkcat,r_1034_ENZ_YOR143C,0.0,3.638514366869237e-07
mmkcat,r_1035_ENZ_YOR143C,0.0,0.0
mmkcat,r_1036_ENZ_YPL214C,0.0,2.4223912298863195e-05
mmkcat,r_1037_ENZ_YGR209C_and_YIL010W,0.0,0.0
mmkcat,r_1037_ENZ_YIL010W_and_YLR043C,0.0,0.0
mmkcat,r_1038_ENZ_YDR353W,0.0,0.023765275191033
mmkcat,r_1038_ENZ_YDR353W_and_YGR209C,0.0,0.0237642299756372
mmkcat,r_1038_ENZ_YDR353W_and_YLR043C,0.0,0.0237652751919213
mmkcat,r_1039_ENZ_YCR083W_and_YHR106W,0.0,0.0
mmkcat,r_1039_ENZ_YCR083W_and_YPL091W,0.0,0.0
mmkcat,r_1040_ENZ_YEL046C,0.0,3.2061624362381136e-05
mmkcat,r_1041_ENZ_YCR053W,0.0666625953970113,0.0689111641052623
mmkcat,r_1042_ENZ_YIL078W,0.0666625953970113,0.0666625953970113
mmkcat,r_1043_ENZ_YKL194C,0.0,0.0
mmkcat,r_1045_ENZ_YOR074C,0.0010915542527011,0.0011085308188638
mmkcat,r_1046_ENZ_YER175C,0.0,0.0
mmkcat,r_1047_ENZ_YBR003W,0.0,0.0
mmkcat,r_1048_ENZ_YGR043C_FWD,0.0,0.0
mmkcat,r_1048_ENZ_YGR043C_REV,0.0,0.0024078642940956
mmkcat,r_1048_ENZ_YLR354C_FWD,2.599832655701664,2.6070258697471504
mmkcat,r_1048_ENZ_YLR354C_REV,0.0,0.0031914819234149
mmkcat,r_1049_ENZ_YBR117C_FWD,2.747003842045153,2.748905972264866
mmkcat,r_1049_ENZ_YBR117C_REV,0.0,0.0005634242813687
mmkcat,r_1049_ENZ_YPR074C_FWD,0.0,0.0
mmkcat,r_1049_ENZ_YPR074C_REV,0.0,0.0005504101484887
mmkcat,r_1050_ENZ_YBR117C_FWD,2.653091245626856,2.655223955994394
mmkcat,r_1050_ENZ_YBR117C_REV,0.0,0.0007654658309495
mmkcat,r_1050_ENZ_YPR074C_FWD,0.0,0.0
mmkcat,r_1050_ENZ_YPR074C_REV,0.0,0.0007460407746745
mmkcat,r_1051_ENZ_YBR126C_and_YDR074W_and_YML100W,0.0,0.0
mmkcat,r_1051_ENZ_YBR126C_and_YDR074W_and_YMR261C,0.0414032599351973,0.0414990578522707
mmkcat,r_1054_ENZ_YDR050C_FWD,0.1236883078944374,0.1262373538339741
mmkcat,r_1054_ENZ_YDR050C_REV,0.0,0.0
mmkcat,r_1055_ENZ_YGL026C,0.0117319010991896,0.0117928324308197
mmkcat,r_1056_ENZ_YGL202W,0.0,2.467960328451924e-05
mmkcat,r_1057_ENZ_YOL097C,0.009891419321601,0.009891453231689
mmkcat,r_1058_ENZ_YDR268W,0.0,0.0
mmkcat,r_1063_ENZ_YGL202W_FWD,0.0337307900757808,0.0381755789706842
mmkcat,r_1063_ENZ_YGL202W_REV,0.0,0.0015277916347195
mmkcat,r_1065_ENZ_YLR027C,0.0,-0.0
mmkcat,r_1066_ENZ_YGR185C,0.0355255192032646,0.035525640993014
mmkcat,r_1067_ENZ_YPL097W,0.0,0.0
mmkcat,r_1068_ENZ_YLR189C,0.0,0.0
mmkcat,r_1069_ENZ_YDL103C_FWD,0.0071587767636031,0.0071588005799678
mmkcat,r_1069_ENZ_YDL103C_REV,0.0,0.0
mmkcat,r_1070_ENZ_YBR019C_FWD,0.0,0.0
mmkcat,r_1070_ENZ_YBR019C_REV,0.0,0.0
mmkcat,r_1071_ENZ_YBR018C_FWD,0.0,0.0
mmkcat,r_1071_ENZ_YBR018C_REV,0.0,1000.0
mmkcat,r_1072_ENZ_YKL024C,0.0,0.0152919662449763
mmkcat,r_1073_ENZ_YKL024C,0.0,0.0152919662391747
mmkcat,r_1074_ENZ_YHR128W,0.0,0.0001609141958896
mmkcat,r_1075_ENZ_YBR208C,0.0,3.466576965705653e-05
mmkcat,r_1076_ENZ_YIR032C,0.0,0.0
mmkcat,r_1077_ENZ_YDR020C,0.0,0.0003509414059905
mmkcat,r_1077_ENZ_YNR012W,0.0,0.0003509414023669
mmkcat,r_1078_ENZ_YDR020C,0.0,0.0003445961983248
mmkcat,r_1078_ENZ_YNR012W,0.0,0.0003509414055216
mmkcat,r_1079_ENZ_YKL024C,0.0,0.0001819589215461
mmkcat,r_1080_ENZ_YKL024C,0.0,0.0001819589207194
mmkcat,r_1081_ENZ_YDR047W,0.0,3.3609376527568964e-06
mmkcat,r_1082_ENZ_YKR069W,0.0,0.0
mmkcat,r_1083_ENZ_YOR278W,0.0,3.129345823700558e-06
mmkcat,r_1084_ENZ_YHL012W_FWD,0.0,0.4489987471476451
mmkcat,r_1084_ENZ_YHL012W_REV,0.0,999.5513893870044
mmkcat,r_1084_ENZ_YKL035W_FWD,0.0,0.4489885037562275
mmkcat,r_1084_ENZ_YKL035W_REV,0.0,999.551389387015
mmkcat,r_1085_ENZ_YBR127C_and_YDL185W_and_YOR332W_and_YHR026W_and_YEL027W_and_YKL080W_and_YLR447C_and_YEL051W_and_YPL234C_and_YMR054W_and_YGR020C_and_YPR036W_and_YHR039C-A_and_YGR106C_and_YCL005W-A,0.0,0.00022711796354
mmkcat,r_1085_ENZ_YPR170W-B_and_YBR127C_and_YDL185W_and_YOR332W_and_YHR026W_and_YEL027W_and_YKL080W_and_YLR447C_and_YEL051W_and_YPL234C_and_YMR054W_and_YGR020C_and_YPR036W_and_YHR039C-A_and_YGR106C_and_YCL005W-A,0.0,0.000365394596512
mmkcat,r_1086_ENZ_YBR127C_and_YDL185W_and_YEL027W_and_YEL051W_and_YGR020C_and_YHR026W_and_YHR039C-A_and_YKL080W_and_YLR447C_and_YOR270C_and_YOR332W_and_YPL234C_and_YPR036W_and_YGR106C_and_YCL005W-A,0.0,0.00017805349772
mmkcat,r_1086_ENZ_YBR127C_and_YDL185W_and_YEL027W_and_YEL051W_and_YGR020C_and_YHR026W_and_YHR039C-A_and_YKL080W_and_YLR447C_and_YOR270C_and_YOR332W_and_YPL234C_and_YPR036W_and_YPR170W-B_and_YGR106C_and_YCL005W-A,0.0,0.0002266819160716
mmkcat,r_1087_ENZ_YJR148W_FWD,0.0,8.927187486998865e-05
mmkcat,r_1087_ENZ_YJR148W_REV,0.0,0.0
mmkcat,r_1088_ENZ_YHR208W_FWD,0.0,0.0
mmkcat,r_1088_ENZ_YHR208W_REV,0.0921573810484801,0.0922466529209701
mmkcat,r_1089_ENZ_YGR094W,0.0921573810486277,0.0921576985751014
mmkcat,r_1090_ENZ_YGR094W,0.0,0.0
mmkcat,r_1091_ENZ_YJR133W,0.0,6.482851268344893e-05
mmkcat,r_1092_ENZ_YLR070C,0.0,0.0
mmkcat,r_1093_ENZ_YHR104W,0.0,0.0
mmkcat,r_1094_ENZ_YGR194C,0.0,0.0
mmkcat,r_1095_ENZ_YFL001W_FWD,0.0,0.0
mmkcat,r_1095_ENZ_YFL001W_REV,0.0,0.0
mmkcat,r_1095_ENZ_YGL063W_FWD,0.0,0.0
mmkcat,r_1095_ENZ_YGL063W_REV,0.0,0.0
mmkcat,r_1095_ENZ_YNL292W_FWD,0.0,0.0
mmkcat,r_1095_ENZ_YNL292W_REV,0.0,0.0
mmkcat,r_1095_ENZ_YPL212C_FWD,0.0,0.0
mmkcat,r_1095_ENZ_YPL212C_REV,0.0,0.0
mmkcat,r_1096_ENZ_YKL217W_FWD,0.0,0.0
mmkcat,r_1096_ENZ_YKL217W_REV,0.0,4.881088315712712e-05
mmkcat,r_1096_ENZ_YNL065W_FWD,0.0,0.0
mmkcat,r_1096_ENZ_YNL065W_REV,0.0,5.804482558972868e-05
mmkcat,r_1097_FWD,0.0,0.0003682907499557
mmkcat,r_1097_REV,0.0,0.0
mmkcat,r_1098,0.0,3.32584509674938e-05
mmkcat,r_1099_ENZ_YOR222W_FWD,0.0,7.29325310500073e-06
mmkcat,r_1099_ENZ_YOR222W_REV,0.0,0.0
mmkcat,r_1099_ENZ_YPL134C_FWD,0.0996804247249434,0.0996949122333209
mmkcat,r_1099_ENZ_YPL134C_REV,0.0,0.0
mmkcat,r_1100_FWD,0.0,0.0
mmkcat,r_1100_REV,0.0,0.0
mmkcat,r_1101_ENZ_YDL210W,0.0,0.0
mmkcat,r_1101_ENZ_YOR348C,0.0,0.0
mmkcat,r_1102_ENZ_YDL210W,0.0,0.0
mmkcat,r_1103_FWD,0.0,0.0
mmkcat,r_1103_REV,0.0,0.0
mmkcat,r_1104_ENZ_YNR056C_FWD,0.0,0.0
mmkcat,r_1104_ENZ_YNR056C_REV,0.0,0.0
mmkcat,r_1106_ENZ_YCR010C_FWD,0.0,0.0001634097840127
mmkcat,r_1106_ENZ_YCR010C_REV,0.0,0.0
mmkcat,r_1107,0.0,0.0007563669780901
mmkcat,r_1108_ENZ_YER056C,0.0,0.0
mmkcat,r_1108_ENZ_YER060W,0.0,0.0
mmkcat,r_1108_ENZ_YER060W-A,0.0,0.0
mmkcat,r_1109_ENZ_YAL022C,0.0,0.0
mmkcat,r_1110_ENZ_YBL030C_FWD,23.86380445819679,23.871255087283508
mmkcat,r_1110_ENZ_YBL030C_REV,0.0,0.000239396971193
mmkcat,r_1110_ENZ_YBR085W_FWD,0.0,0.0
mmkcat,r_1110_ENZ_YBR085W_REV,0.0,0.0001438918164788
mmkcat,r_1110_ENZ_YMR056C_FWD,0.0,0.0
mmkcat,r_1110_ENZ_YMR056C_REV,0.0,7.066263251796569e-05
mmkcat,r_1111_ENZ_YPR128C,0.0,-0.0
mmkcat,r_1112_ENZ_YMR241W_FWD,0.0,0.0091412468812731
mmkcat,r_1112_ENZ_YMR241W_REV,0.0,0.0011001070210115
mmkcat,r_1113_ENZ_YJR152W,0.0,0.0
mmkcat,r_1114_ENZ_YIR028W,0.0,0.0
mmkcat,r_1115_ENZ_YDR384C_FWD,1.9395930683235796,1.9443413440057304
mmkcat,r_1115_ENZ_YDR384C_REV,0.0,0.0
mmkcat,r_1115_ENZ_YGR121C_FWD,0.0,0.0
mmkcat,r_1115_ENZ_YGR121C_REV,0.0,0.0002936583053941
mmkcat,r_1115_ENZ_YNL142W_FWD,0.0,0.0
mmkcat,r_1115_ENZ_YNL142W_REV,0.0,0.0
mmkcat,r_1115_ENZ_YPR138C_FWD,0.0,0.0003821200629892
mmkcat,r_1115_ENZ_YPR138C_REV,0.0,0.0003438544408522
mmkcat,r_1116_ENZ_YPR128C,0.0,5.187928292826882e-05
mmkcat,r_1118_ENZ_YPR021C,0.0,-0.0
mmkcat,r_1119_ENZ_YGR065C,0.0,0.0
mmkcat,r_1120_ENZ_YOR100C,0.0,9.827472219714473e-05
mmkcat,r_1121_FWD,0.0,4.700354500107324e-05
mmkcat,r_1121_REV,0.0,0.0
mmkcat,r_1122_FWD,0.0,4.683866648684358e-05
mmkcat,r_1122_REV,0.0,0.0
mmkcat,r_1123_FWD,0.0,4.537760442984914e-05
mmkcat,r_1123_REV,0.0,0.0
mmkcat,r_1124_FWD,0.0,4.911497672210885e-05
mmkcat,r_1124_REV,0.0,0.0
mmkcat,r_1125_ENZ_YGL077C,0.0,1.3735969034200934e-05
mmkcat,r_1126_ENZ_YBR291C_FWD,0.0,0.0005119698369326
mmkcat,r_1126_ENZ_YBR291C_REV,0.0,0.0093740551640646
mmkcat,r_1127_ENZ_YBR291C_FWD,0.0,0.0
mmkcat,r_1127_ENZ_YBR291C_REV,0.0937734033450172,0.0947752720609229
mmkcat,r_1128_ENZ_YBR291C_FWD,0.0,0.0001092639518215
mmkcat,r_1128_ENZ_YBR291C_REV,0.0,0.0001128332282412
mmkcat,r_1129_ENZ_YHR002W,0.0669461686796572,0.06712656353175
mmkcat,r_1130_ENZ_YBR192W,0.0,3.199551988455346e-05
mmkcat,r_1131_ENZ_YBR192W,0.0,4.454668261239547e-05
mmkcat,r_1132_ENZ_YAL022C,0.0,0.0
mmkcat,r_1133_ENZ_YER056C,0.0,0.0
mmkcat,r_1133_ENZ_YER060W,0.0,0.0
mmkcat,r_1133_ENZ_YER060W-A,0.0,0.0
mmkcat,r_1133_ENZ_YGL186C,0.0,0.0
mmkcat,r_1134_ENZ_YDL245C,0.0,0.0
mmkcat,r_1134_ENZ_YDR342C,0.0,0.0
mmkcat,r_1134_ENZ_YDR343C,0.0,0.0
mmkcat,r_1134_ENZ_YDR345C,0.0,0.0
mmkcat,r_1134_ENZ_YEL069C,0.0,0.0
mmkcat,r_1134_ENZ_YFL011W,0.0,0.0
mmkcat,r_1134_ENZ_YHR092C,0.0,0.0
mmkcat,r_1134_ENZ_YHR094C,0.0,0.0
mmkcat,r_1134_ENZ_YHR096C,0.0,0.0
mmkcat,r_1134_ENZ_YJL214W,0.0,0.0
mmkcat,r_1134_ENZ_YJL219W,0.0,0.0
mmkcat,r_1134_ENZ_YJR158W,0.0,0.0
mmkcat,r_1134_ENZ_YMR011W,0.0,0.0
mmkcat,r_1134_ENZ_YNR072W,0.0,0.0
mmkcat,r_1134_ENZ_YOL156W,0.0,0.0
mmkcat,r_1135_ENZ_YFL011W,0.0,0.0
mmkcat,r_1135_ENZ_YJL219W,0.0,0.0
mmkcat,r_1135_ENZ_YLR081W,0.0,0.0
mmkcat,r_1135_ENZ_YNL318C,0.0,0.0
mmkcat,r_1135_ENZ_YOL156W,0.0,0.0
mmkcat,r_1136_ENZ_YKL217W_FWD,0.0,0.0
mmkcat,r_1136_ENZ_YKL217W_REV,0.0,0.0001101086214871
mmkcat,r_1137,1.2268392862702278,1.2287698753813947
mmkcat,r_1138_FWD,0.0,0.0009997458857944
mmkcat,r_1138_REV,1.226594211393322,1.2287698753700274
mmkcat,r_1139_ENZ_YDL245C,0.0,0.0
mmkcat,r_1139_ENZ_YDR342C,0.0,0.0
mmkcat,r_1139_ENZ_YDR343C,0.0,0.0
mmkcat,r_1139_ENZ_YDR345C,0.0,0.0
mmkcat,r_1139_ENZ_YEL069C,0.0,0.0
mmkcat,r_1139_ENZ_YFL011W,0.0,0.0
mmkcat,r_1139_ENZ_YHR094C,0.0,0.0
mmkcat,r_1139_ENZ_YHR096C,0.0,0.0
mmkcat,r_1139_ENZ_YJL214W,0.0,0.0
mmkcat,r_1139_ENZ_YJL219W,0.0,0.0
mmkcat,r_1139_ENZ_YJR158W,0.0,0.0
mmkcat,r_1139_ENZ_YNR072W,0.0,0.0
mmkcat,r_1139_ENZ_YOL156W,0.0,0.0
mmkcat,r_1146_ENZ_YIL013C_FWD,0.0,0.0
mmkcat,r_1146_ENZ_YIL013C_REV,0.0,-4.390810242449354e-07
mmkcat,r_1146_ENZ_YOR011W_FWD,0.0,0.0
mmkcat,r_1146_ENZ_YOR011W_REV,0.0,3.067518532032243e-07
mmkcat,r_1147_ENZ_YIL013C_FWD,0.0,0.0
mmkcat,r_1147_ENZ_YIL013C_REV,0.0,3.318554076987834e-07
mmkcat,r_1147_ENZ_YOR011W_FWD,0.0,0.0
mmkcat,r_1147_ENZ_YOR011W_REV,0.0,3.308806003042564e-07
mmkcat,r_1148_ENZ_YIL013C_FWD,0.0,0.0
mmkcat,r_1148_ENZ_YIL013C_REV,0.0,0.0
mmkcat,r_1148_ENZ_YOR011W_FWD,0.0,0.0
mmkcat,r_1148_ENZ_YOR011W_REV,0.0,0.0
mmkcat,r_1149_ENZ_YGL077C_FWD,0.0,0.0
mmkcat,r_1149_ENZ_YGL077C_REV,0.0,0.0
mmkcat,r_1151_ENZ_YIL134W,0.0,3.032113394175286e-06
mmkcat,r_1161_ENZ_YIL013C_FWD,0.0,0.0
mmkcat,r_1161_ENZ_YIL013C_REV,0.0,3.17102180097395e-07
mmkcat,r_1161_ENZ_YOR011W_FWD,0.0,0.0
mmkcat,r_1161_ENZ_YOR011W_REV,0.0,3.1154366560842695e-07
mmkcat,r_1162_ENZ_YIL013C_FWD,0.0,0.0
mmkcat,r_1162_ENZ_YIL013C_REV,0.0,0.0
mmkcat,r_1162_ENZ_YOR011W_FWD,0.0,0.0
mmkcat,r_1162_ENZ_YOR011W_REV,0.0,0.0
mmkcat,r_1164_FWD,0.0,0.0
mmkcat,r_1164_REV,0.0,0.0
mmkcat,r_1165_ENZ_YGL225W,0.0,0.0003509414053439
mmkcat,r_1166_ENZ_YDL245C,0.0,0.0
mmkcat,r_1166_ENZ_YDL247W,0.0,0.0011638209263948
mmkcat,r_1166_ENZ_YDR342C,0.0,0.0
mmkcat,r_1166_ENZ_YDR343C,0.0,0.0
mmkcat,r_1166_ENZ_YDR345C,0.0,0.0
mmkcat,r_1166_ENZ_YDR387C,0.0,0.0016985759497338
mmkcat,r_1166_ENZ_YDR536W,0.0,0.0
mmkcat,r_1166_ENZ_YEL069C,3.707026964942396,3.708244697787319
mmkcat,r_1166_ENZ_YFL011W,0.0,0.0
mmkcat,r_1166_ENZ_YHR092C,0.0,0.0
mmkcat,r_1166_ENZ_YHR094C,0.0,0.0
mmkcat,r_1166_ENZ_YHR096C,0.0,0.0
mmkcat,r_1166_ENZ_YJL214W,0.0,0.0
mmkcat,r_1166_ENZ_YJL219W,0.0,0.0
mmkcat,r_1166_ENZ_YJR158W,0.0,0.0
mmkcat,r_1166_ENZ_YJR160C,0.0,0.0015473641644258
mmkcat,r_1166_ENZ_YLR081W,0.0,0.0
mmkcat,r_1166_ENZ_YMR011W,0.0,0.0
mmkcat,r_1166_ENZ_YNR072W,0.0,0.0
mmkcat,r_1166_ENZ_YOL156W,0.0,0.0
mmkcat,r_1167_ENZ_YJL212C,0.0,0.0
mmkcat,r_1168_ENZ_YDR135C_FWD,0.0,0.0
mmkcat,r_1168_ENZ_YDR135C_REV,0.0,8.469416474099489e-05
mmkcat,r_1168_ENZ_YLL015W_FWD,0.0,0.0
mmkcat,r_1168_ENZ_YLL015W_REV,0.0,7.15814598173381e-05
mmkcat,r_1169_ENZ_YCR098C_FWD,0.0,0.0
mmkcat,r_1169_ENZ_YCR098C_REV,0.0,2.0087895499348136e-05
mmkcat,r_1170_ENZ_YCR098C_FWD,0.0,0.0
mmkcat,r_1170_ENZ_YCR098C_REV,0.0,8.346792996429474e-06
mmkcat,r_1171_ENZ_YDR536W,0.0,5.747281657875192e-05
mmkcat,r_1171_ENZ_YGL084C,0.0,3.796820320189909e-05
mmkcat,r_1171_ENZ_YPL189W,0.0,4.973930242613278e-05
mmkcat,r_1172_ENZ_YFL054C,0.0,0.0001364697379679
mmkcat,r_1172_ENZ_YLL043W,0.0,0.0003095641665786
mmkcat,r_1173_ENZ_YCL025C_FWD,0.0,0.0
mmkcat,r_1173_ENZ_YCL025C_REV,0.0,1.1195070248576355e-05
mmkcat,r_1173_ENZ_YKR039W_FWD,0.0,0.0
mmkcat,r_1173_ENZ_YKR039W_REV,0.0,2.5540867726298044e-05
mmkcat,r_1173_ENZ_YOL020W_FWD,0.0,0.0
mmkcat,r_1173_ENZ_YOL020W_REV,0.0,1.246484058767261e-05
mmkcat,r_1173_ENZ_YOR348C_FWD,0.0,0.0
mmkcat,r_1173_ENZ_YOR348C_REV,0.0,9.344289921442428e-06
mmkcat,r_1173_ENZ_YPL265W_FWD,0.0,0.0
mmkcat,r_1173_ENZ_YPL265W_REV,0.0,1.1479978593603724e-05
mmkcat,r_1174,0.0,0.0001722165464153
mmkcat,r_1175_ENZ_YDL198C,0.0,0.0001114636197847
mmkcat,r_1176_ENZ_YER056C_FWD,0.0,0.0
mmkcat,r_1176_ENZ_YER056C_REV,0.0,1.503607668437712e-05
mmkcat,r_1176_ENZ_YER060W-A_FWD,0.0,0.0
mmkcat,r_1176_ENZ_YER060W-A_REV,0.0,1.172921868958926e-05
mmkcat,r_1176_ENZ_YER060W_FWD,0.0,0.0
mmkcat,r_1176_ENZ_YER060W_REV,0.0,8.283316774533242e-06
mmkcat,r_1177_ENZ_YDR497C,0.0,0.0
mmkcat,r_1177_ENZ_YOL103W,0.0,0.0
mmkcat,r_1178_ENZ_YMR058W,0.0,1.1715215579867062e-05
mmkcat,r_1178_ENZ_YMR319C,0.0,1.130483601833972e-05
mmkcat,r_1179_ENZ_YJL133W,0.0,6.331965440302401e-06
mmkcat,r_1179_ENZ_YKR052C,0.0,3.129345828561253e-06
mmkcat,r_1180,0.0,2.2849112283965245e-05
mmkcat,r_1181,0.0,3.535764245593542e-05
mmkcat,r_1182_FWD,0.0,0.0
mmkcat,r_1182_REV,0.0,0.0
mmkcat,r_1183_ENZ_YCL025C_FWD,0.0,0.0
mmkcat,r_1183_ENZ_YCL025C_REV,0.0,6.35629824989048e-05
mmkcat,r_1183_ENZ_YKR039W_FWD,0.0,0.0
mmkcat,r_1183_ENZ_YKR039W_REV,0.0,0.0016632788469829
mmkcat,r_1183_ENZ_YOR348C_FWD,0.0,0.0
mmkcat,r_1183_ENZ_YOR348C_REV,0.0,0.0001109615547429
mmkcat,r_1183_ENZ_YPL265W_FWD,0.0,0.0
mmkcat,r_1183_ENZ_YPL265W_REV,0.0,4.703600592140256e-05
mmkcat,r_1184_ENZ_YEL063C_FWD,0.0,0.0
mmkcat,r_1184_ENZ_YEL063C_REV,0.0,8.362315398684206e-06
mmkcat,r_1184_ENZ_YKR039W_FWD,0.0,0.0
mmkcat,r_1184_ENZ_YKR039W_REV,0.0,9.275936627133052e-06
mmkcat,r_1184_ENZ_YNL270C_FWD,0.0,0.0
mmkcat,r_1184_ENZ_YNL270C_REV,0.0,7.516235648645508e-06
mmkcat,r_1185_ENZ_YBR293W,0.0,8.869876009127582e-05
mmkcat,r_1185_ENZ_YOL092W,0.0,0.0001453739623222
mmkcat,r_1186_ENZ_YCL025C_FWD,0.0,0.0
mmkcat,r_1186_ENZ_YCL025C_REV,0.0,2.77336683008958e-05
mmkcat,r_1186_ENZ_YDR508C_FWD,0.0,0.0
mmkcat,r_1186_ENZ_YDR508C_REV,0.0,3.764357994928691e-05
mmkcat,r_1186_ENZ_YKR039W_FWD,0.0,0.0
mmkcat,r_1186_ENZ_YKR039W_REV,0.0,4.51009947867384e-05
mmkcat,r_1186_ENZ_YPL265W_FWD,0.0,0.0
mmkcat,r_1186_ENZ_YPL265W_REV,0.0,2.350123377422436e-05
mmkcat,r_1187_ENZ_YJR001W,0.0,0.0001571690789353
mmkcat,r_1188_ENZ_YKL146W,0.0,0.0001571690783102
mmkcat,r_1188_ENZ_YNL101W,0.0,5.140882687619673e-05
mmkcat,r_1189_ENZ_YER119C,0.0,0.0
mmkcat,r_1190_ENZ_YFL055W_FWD,0.0,6.339677650277e-05
mmkcat,r_1190_ENZ_YFL055W_REV,0.0,6.456414014141952e-05
mmkcat,r_1190_ENZ_YKR039W_FWD,0.0,0.0002169560325936
mmkcat,r_1190_ENZ_YKR039W_REV,0.0,0.0002169560356924
mmkcat,r_1190_ENZ_YPL265W_FWD,0.0,3.6631171518954274e-05
mmkcat,r_1190_ENZ_YPL265W_REV,0.0,3.66311800399595e-05
mmkcat,r_1191_ENZ_YBR132C_FWD,0.0,0.0
mmkcat,r_1191_ENZ_YBR132C_REV,0.0,0.0
mmkcat,r_1192_ENZ_YBR068C_FWD,0.0,0.0
mmkcat,r_1192_ENZ_YBR068C_REV,0.0,5.693393308062525e-06
mmkcat,r_1192_ENZ_YBR069C_FWD,0.0,0.0
mmkcat,r_1192_ENZ_YBR069C_REV,0.0,5.3720410772371135e-06
mmkcat,r_1192_ENZ_YCL025C_FWD,0.0,0.0
mmkcat,r_1192_ENZ_YCL025C_REV,0.0,2.994218500170301e-06
mmkcat,r_1192_ENZ_YDR046C_FWD,0.0,0.0
mmkcat,r_1192_ENZ_YDR046C_REV,0.0,6.007067499399013e-06
mmkcat,r_1192_ENZ_YDR508C_FWD,0.0,0.0
mmkcat,r_1192_ENZ_YDR508C_REV,0.0,6.343527327113199e-06
mmkcat,r_1192_ENZ_YKR039W_FWD,0.0,0.0
mmkcat,r_1192_ENZ_YKR039W_REV,0.0,1.149452821891557e-05
mmkcat,r_1192_ENZ_YOL020W_FWD,0.0,0.0
mmkcat,r_1192_ENZ_YOL020W_REV,0.0,5.971338258985506e-06
mmkcat,r_1193_ENZ_YCR075C,0.0,0.0
mmkcat,r_1194_ENZ_YPR021C,0.2039968699898556,0.204186864828693
mmkcat,r_1195_ENZ_YER119C,0.0,-0.0
mmkcat,r_1196_ENZ_YCL025C_FWD,0.0,0.0
mmkcat,r_1196_ENZ_YCL025C_REV,0.0,2.715602397439232e-05
mmkcat,r_1196_ENZ_YFL055W_FWD,0.0,0.0
mmkcat,r_1196_ENZ_YFL055W_REV,0.0,3.5385954201314074e-05
mmkcat,r_1196_ENZ_YKR039W_FWD,0.0,0.0
mmkcat,r_1196_ENZ_YKR039W_REV,0.0,4.491375850196322e-05
mmkcat,r_1196_ENZ_YPL265W_FWD,0.0,0.0
mmkcat,r_1196_ENZ_YPL265W_REV,0.0,2.4559939276143585e-05
mmkcat,r_1197_ENZ_YJR001W,0.0,0.000166648378623
mmkcat,r_1198_ENZ_YKL146W,0.0,0.0001666483783397
mmkcat,r_1198_ENZ_YNL101W,0.0,5.1295147602254166e-05
mmkcat,r_1199_ENZ_YCL025C_FWD,0.0,0.0
mmkcat,r_1199_ENZ_YCL025C_REV,0.0,3.2035090480136974e-05
mmkcat,r_1199_ENZ_YDR508C_FWD,0.0,0.0
mmkcat,r_1199_ENZ_YDR508C_REV,0.0,3.67782016345436e-05
mmkcat,r_1199_ENZ_YKR039W_FWD,0.0,0.0
mmkcat,r_1199_ENZ_YKR039W_REV,0.0,4.148823666770552e-05
mmkcat,r_1199_ENZ_YPL265W_FWD,0.0,0.0
mmkcat,r_1199_ENZ_YPL265W_REV,0.0,2.6265987130666413e-05
mmkcat,r_1200_ENZ_YBR293W,0.0,1000.0
mmkcat,r_1200_ENZ_YCL069W,0.0,1000.0
mmkcat,r_1200_ENZ_YMR088C,0.0,1000.0
mmkcat,r_1200_ENZ_YOL092W,0.0,1000.0
mmkcat,r_1201_ENZ_YBR069C_FWD,0.0,0.0
mmkcat,r_1201_ENZ_YBR069C_REV,0.0,1.5646764489309767e-05
mmkcat,r_1201_ENZ_YGR191W_FWD,0.0,0.0
mmkcat,r_1201_ENZ_YGR191W_REV,0.0,1.5547974947235227e-05
mmkcat,r_1201_ENZ_YKR039W_FWD,0.0,0.0
mmkcat,r_1201_ENZ_YKR039W_REV,0.0,1.5547974916020613e-05
mmkcat,r_1202_ENZ_YCL038C_FWD,0.0,0.0004970298191957
mmkcat,r_1202_ENZ_YCL038C_REV,0.0,0.0002451505586706
mmkcat,r_1203_ENZ_YJR001W,0.0,0.0004970298141309
mmkcat,r_1204_ENZ_YKL146W,0.0,0.0003432018702153
mmkcat,r_1204_ENZ_YNL101W,0.0,9.827623515883036e-05
mmkcat,r_1205_ENZ_YBR068C_FWD,0.0,0.0
mmkcat,r_1205_ENZ_YBR068C_REV,0.0,4.909169966159366e-05
mmkcat,r_1205_ENZ_YBR069C_FWD,0.0,0.0
mmkcat,r_1205_ENZ_YBR069C_REV,0.0,4.714716022205523e-05
mmkcat,r_1205_ENZ_YCL025C_FWD,0.0,0.0
mmkcat,r_1205_ENZ_YCL025C_REV,0.0,4.90334331359199e-05
mmkcat,r_1205_ENZ_YDR046C_FWD,0.0,0.0
mmkcat,r_1205_ENZ_YDR046C_REV,0.0,4.990499555371231e-05
mmkcat,r_1205_ENZ_YKR039W_FWD,0.0,0.0
mmkcat,r_1205_ENZ_YKR039W_REV,0.0,5.228190400033417e-05
mmkcat,r_1206_ENZ_YKL217W_FWD,0.0,0.0
mmkcat,r_1206_ENZ_YKL217W_REV,0.0,0.0
mmkcat,r_1207_ENZ_YKL217W,0.0,0.0
mmkcat,r_1208_ENZ_YCL038C_FWD,0.0,0.0003399712741488
mmkcat,r_1208_ENZ_YCL038C_REV,0.0,0.0003399712742225
mmkcat,r_1209_ENZ_YJR001W,0.0,0.0002347391992319
mmkcat,r_1210_ENZ_YKL146W,0.0,0.0001499382245551
mmkcat,r_1210_ENZ_YNL101W,0.0,3.151715423640584e-05
mmkcat,r_1211_ENZ_YBR068C_FWD,0.0,0.0
mmkcat,r_1211_ENZ_YBR068C_REV,0.0,3.4268988678795576e-05
mmkcat,r_1211_ENZ_YBR069C_FWD,0.0,0.0
mmkcat,r_1211_ENZ_YBR069C_REV,0.0,3.236906195366873e-05
mmkcat,r_1211_ENZ_YCL025C_FWD,0.0,0.0
mmkcat,r_1211_ENZ_YCL025C_REV,0.0,3.379695101488056e-05
mmkcat,r_1211_ENZ_YDR046C_FWD,0.0,0.0
mmkcat,r_1211_ENZ_YDR046C_REV,0.0,3.489227848316179e-05
mmkcat,r_1211_ENZ_YDR508C_FWD,0.0,0.0
mmkcat,r_1211_ENZ_YDR508C_REV,0.0,3.445709309883582e-05
mmkcat,r_1211_ENZ_YKR039W_FWD,0.0,0.0
mmkcat,r_1211_ENZ_YKR039W_REV,0.0,3.729366513498256e-05
mmkcat,r_1212_ENZ_YBR293W,0.0,0.0001094916946899
mmkcat,r_1212_ENZ_YCL069W,0.0,0.0004419908019779
mmkcat,r_1212_ENZ_YMR088C,0.0,0.0001757609622517
mmkcat,r_1212_ENZ_YOL092W,0.0,0.0001994893602138
mmkcat,r_1213_ENZ_YKR039W_FWD,0.0,0.0
mmkcat,r_1213_ENZ_YKR039W_REV,0.0,1.448750834680268e-05
mmkcat,r_1213_ENZ_YNL268W_FWD,0.0,0.0
mmkcat,r_1213_ENZ_YNL268W_REV,0.0,1.2048213074072889e-05
mmkcat,r_1214_ENZ_YBR068C_FWD,0.0,0.0
mmkcat,r_1214_ENZ_YBR068C_REV,0.0,1.7507676118695692e-05
mmkcat,r_1214_ENZ_YCL025C_FWD,0.0,0.0
mmkcat,r_1214_ENZ_YCL025C_REV,0.0,1.6585255497934825e-05
mmkcat,r_1214_ENZ_YDR046C_FWD,0.0,0.0
mmkcat,r_1214_ENZ_YDR046C_REV,0.0,1.805944261553533e-05
mmkcat,r_1214_ENZ_YDR508C_FWD,0.0,0.0
mmkcat,r_1214_ENZ_YDR508C_REV,0.0,1.160729994611337e-05
mmkcat,r_1214_ENZ_YGR055W_FWD,0.0,0.0
mmkcat,r_1214_ENZ_YGR055W_REV,0.0,2.049901885402966e-05
mmkcat,r_1214_ENZ_YHL036W_FWD,0.0,0.0
mmkcat,r_1214_ENZ_YHL036W_REV,0.0,1.8485406508506053e-05
mmkcat,r_1214_ENZ_YKR039W_FWD,0.0,0.0
mmkcat,r_1214_ENZ_YKR039W_REV,0.0,1.376248939314456e-05
mmkcat,r_1215_ENZ_YBR068C_FWD,0.0,0.0
mmkcat,r_1215_ENZ_YBR068C_REV,0.0,3.237142320408615e-05
mmkcat,r_1215_ENZ_YCL025C_FWD,0.0,0.0
mmkcat,r_1215_ENZ_YCL025C_REV,0.0,2.803706007512008e-05
mmkcat,r_1215_ENZ_YDR046C_FWD,0.0,0.0
mmkcat,r_1215_ENZ_YDR046C_REV,0.0,3.359421877732749e-05
mmkcat,r_1215_ENZ_YKR039W_FWD,0.0,0.0
mmkcat,r_1215_ENZ_YKR039W_REV,0.0,3.9376403917462666e-05
mmkcat,r_1215_ENZ_YOL020W_FWD,0.0,0.0
mmkcat,r_1215_ENZ_YOL020W_REV,0.0,3.2571538795850286e-05
mmkcat,r_1216_ENZ_YKR039W_FWD,0.0,0.0
mmkcat,r_1216_ENZ_YKR039W_REV,0.0,3.2653980313886166e-05
mmkcat,r_1216_ENZ_YOR348C_FWD,0.0,0.0
mmkcat,r_1216_ENZ_YOR348C_REV,0.0,1.7611975153992987e-05
mmkcat,r_1217_ENZ_YCL025C_FWD,0.0,0.0
mmkcat,r_1217_ENZ_YCL025C_REV,0.0,2.043897108430781e-05
mmkcat,r_1217_ENZ_YDR105C_FWD,0.0,0.0
mmkcat,r_1217_ENZ_YDR105C_REV,0.0,0.000105139916406
mmkcat,r_1217_ENZ_YDR508C_FWD,0.0,0.0
mmkcat,r_1217_ENZ_YDR508C_REV,0.0,3.867488690754983e-05
mmkcat,r_1217_ENZ_YFL055W_FWD,0.0,0.0
mmkcat,r_1217_ENZ_YFL055W_REV,0.0,1.1514020696101746e-05
mmkcat,r_1217_ENZ_YKR039W_FWD,0.0,0.0
mmkcat,r_1217_ENZ_YKR039W_REV,0.0,0.000690247096697
mmkcat,r_1217_ENZ_YPL265W_FWD,0.0,0.0
mmkcat,r_1217_ENZ_YPL265W_REV,0.0,3.5252076143799105e-05
mmkcat,r_1218_ENZ_YCL025C_FWD,0.0,0.0
mmkcat,r_1218_ENZ_YCL025C_REV,0.0,0.0001112514621609
mmkcat,r_1218_ENZ_YDR508C_FWD,0.0,0.0
mmkcat,r_1218_ENZ_YDR508C_REV,0.0,0.0001358504027464
mmkcat,r_1218_ENZ_YKR039W_FWD,0.0,0.0
mmkcat,r_1218_ENZ_YKR039W_REV,0.0,5.046835458137611e-05
mmkcat,r_1219_ENZ_YBR068C_FWD,0.0,0.0
mmkcat,r_1219_ENZ_YBR068C_REV,0.0,2.4424312534264848e-05
mmkcat,r_1219_ENZ_YBR069C_FWD,0.0,0.0
mmkcat,r_1219_ENZ_YBR069C_REV,0.0,2.4424312590095188e-05
mmkcat,r_1219_ENZ_YDR046C_FWD,0.0,0.0
mmkcat,r_1219_ENZ_YDR046C_REV,0.0,2.4424312590095188e-05
mmkcat,r_1219_ENZ_YKR039W_FWD,0.0,0.0
mmkcat,r_1219_ENZ_YKR039W_REV,0.0,2.4424312590095188e-05
mmkcat,r_1219_ENZ_YOL020W_FWD,0.0,0.0
mmkcat,r_1219_ENZ_YOL020W_REV,0.0,2.4424312590095188e-05
mmkcat,r_1220_ENZ_YCL038C_FWD,0.0,0.0002174270289776
mmkcat,r_1220_ENZ_YCL038C_REV,0.0,0.000217427028799
mmkcat,r_1221_ENZ_YBR293W,0.0,0.0001276937978129
mmkcat,r_1221_ENZ_YJR001W,0.0,0.0001858012840614
mmkcat,r_1222_ENZ_YKL146W,0.0,0.0001261674885822
mmkcat,r_1222_ENZ_YNL101W,0.0,3.626994688256236e-05
mmkcat,r_1223_ENZ_YBR068C_FWD,0.0,0.0
mmkcat,r_1223_ENZ_YBR068C_REV,0.0,2.6727754313310426e-05
mmkcat,r_1223_ENZ_YBR069C_FWD,0.0,0.0
mmkcat,r_1223_ENZ_YBR069C_REV,0.0,2.0851350368639165e-05
mmkcat,r_1223_ENZ_YCL025C_FWD,0.0,0.0
mmkcat,r_1223_ENZ_YCL025C_REV,0.0,2.1218963731493845e-05
mmkcat,r_1223_ENZ_YDR046C_FWD,0.0,0.0
mmkcat,r_1223_ENZ_YDR046C_REV,0.0,3.0581039313831715e-05
mmkcat,r_1223_ENZ_YKR039W_FWD,0.0,0.0
mmkcat,r_1223_ENZ_YKR039W_REV,0.0,4.01364117400202e-05
mmkcat,r_1223_ENZ_YOL020W_FWD,0.0,0.0
mmkcat,r_1223_ENZ_YOL020W_REV,0.0,2.486496417372641e-05
mmkcat,r_1224_ENZ_YBR068C_FWD,0.0,0.0
mmkcat,r_1224_ENZ_YBR068C_REV,0.0,5.010802438655537e-05
mmkcat,r_1224_ENZ_YBR069C_FWD,0.0,0.0
mmkcat,r_1224_ENZ_YBR069C_REV,0.0,4.5489060559969485e-05
mmkcat,r_1224_ENZ_YCL025C_FWD,0.0,0.0
mmkcat,r_1224_ENZ_YCL025C_REV,0.0,4.762211748822465e-05
mmkcat,r_1224_ENZ_YDR046C_FWD,0.0,0.0
mmkcat,r_1224_ENZ_YDR046C_REV,0.0,5.19027904612307e-05
mmkcat,r_1224_ENZ_YKR039W_FWD,0.0,0.0
mmkcat,r_1224_ENZ_YKR039W_REV,0.0,5.903915943296367e-05
mmkcat,r_1225_ENZ_YIL013C_FWD,0.0,0.0
mmkcat,r_1225_ENZ_YIL013C_REV,0.0,2.503195195648761e-06
mmkcat,r_1225_ENZ_YOR011W_FWD,0.0,0.0
mmkcat,r_1225_ENZ_YOR011W_REV,0.0,2.521378265117266e-06
mmkcat,r_1226_ENZ_YLR348C,0.0,7.691369091822331e-05
mmkcat,r_1227_ENZ_YBR298C,0.0,0.0
mmkcat,r_1227_ENZ_YDL247W,0.0,0.0
mmkcat,r_1227_ENZ_YGR289C,0.0,0.0
mmkcat,r_1227_ENZ_YJR160C,0.0,0.0
mmkcat,r_1228_ENZ_YBR180W,0.0,8.849073170363875e-06
mmkcat,r_1229_ENZ_YEL006W,0.0,0.0
mmkcat,r_1229_ENZ_YIL006W,0.0,0.0
mmkcat,r_1230_ENZ_YIL006W,0.0,-0.0
mmkcat,r_1231_ENZ_YIL006W,0.0,0.0
mmkcat,r_1232_ENZ_YIL006W,0.0,-0.0
mmkcat,r_1235_ENZ_YGR260W_FWD,0.0,0.0
mmkcat,r_1235_ENZ_YGR260W_REV,0.0,3.638514366869237e-07
mmkcat,r_1236_ENZ_YKL188C_and_YPL147W_FWD,0.0,1.2977544149414484e-05
mmkcat,r_1236_ENZ_YKL188C_and_YPL147W_REV,0.0,9.612814253601736e-06
mmkcat,r_1237_ENZ_YOR130C,0.0559701059534772,0.0559869913044046
mmkcat,r_1238_ENZ_YKR039W_FWD,0.0,0.0
mmkcat,r_1238_ENZ_YKR039W_REV,0.0,1.4620929024926343e-05
mmkcat,r_1239_ENZ_YKL120W,0.0,6.247212051702089e-05
mmkcat,r_1241_ENZ_YCR028C_FWD,0.0,0.0
mmkcat,r_1241_ENZ_YCR028C_REV,0.0,3.698665040458539e-06
mmkcat,r_1242_FWD,0.0,0.0
mmkcat,r_1242_REV,0.0,0.0
mmkcat,r_1243,0.0,2.798376044370332e-05
mmkcat,r_1244_ENZ_YBR296C_FWD,0.0,0.0
mmkcat,r_1244_ENZ_YBR296C_REV,0.0,0.0
mmkcat,r_1244_ENZ_YCR037C_FWD,0.084662710096353,0.0847557284964715
mmkcat,r_1244_ENZ_YCR037C_REV,0.0,0.0
mmkcat,r_1244_ENZ_YJL198W_FWD,0.0,0.0
mmkcat,r_1244_ENZ_YJL198W_REV,0.0,0.0
mmkcat,r_1244_ENZ_YML123C_FWD,0.0,0.0
mmkcat,r_1244_ENZ_YML123C_REV,0.0,0.0
mmkcat,r_1244_ENZ_YNR013C_FWD,0.0,0.0
mmkcat,r_1244_ENZ_YNR013C_REV,0.0,0.0
mmkcat,r_1245_ENZ_YER053C,0.0,0.0001383827571856
mmkcat,r_1245_ENZ_YJR077C,0.0,0.00142854113421
mmkcat,r_1249_ENZ_YDR456W_FWD,0.0011006505369637,0.0011006543292338
mmkcat,r_1249_ENZ_YDR456W_REV,0.0,0.0
mmkcat,r_1249_ENZ_YJL129C_FWD,0.0,0.0
mmkcat,r_1249_ENZ_YJL129C_REV,0.0,0.0
mmkcat,r_1250_ENZ_YKL174C,0.0,0.0
mmkcat,r_1251_ENZ_YLL028W_FWD,0.0,0.0
mmkcat,r_1251_ENZ_YLL028W_REV,0.0,5.76453186795084e-06
mmkcat,r_1251_ENZ_YOR273C_FWD,0.0,0.0
mmkcat,r_1251_ENZ_YOR273C_REV,0.0,6.416331141616272e-06
mmkcat,r_1252_ENZ_YLL028W_FWD,0.0,0.0
mmkcat,r_1252_ENZ_YLL028W_REV,0.0,0.0
mmkcat,r_1252_ENZ_YOR273C_FWD,0.0,0.0
mmkcat,r_1252_ENZ_YOR273C_REV,0.0,0.0
mmkcat,r_1253_ENZ_YGL186C_FWD,0.0,0.0
mmkcat,r_1253_ENZ_YGL186C_REV,0.0,0.0
mmkcat,r_1254_ENZ_YKL217W_FWD,0.0,0.0
mmkcat,r_1254_ENZ_YKL217W_REV,0.0,0.0001285307002962
mmkcat,r_1255_ENZ_YPL274W,0.0,0.0
mmkcat,r_1256_ENZ_YNL003C_FWD,0.0,0.0
mmkcat,r_1256_ENZ_YNL003C_REV,0.0,0.0
mmkcat,r_1257_ENZ_YLL061W,0.0,0.0
mmkcat,r_1258_ENZ_YDR456W_FWD,0.0,0.0
mmkcat,r_1258_ENZ_YDR456W_REV,0.0009831973496416,0.0013480875273288
mmkcat,r_1258_ENZ_YLR138W_FWD,0.0,0.0
mmkcat,r_1258_ENZ_YLR138W_REV,0.0,0.0
mmkcat,r_1259_ENZ_YKL174C,0.0,0.0
mmkcat,r_1260_ENZ_YBR132C_FWD,0.0,0.0
mmkcat,r_1260_ENZ_YBR132C_REV,0.0,2.404437161394879e-06
mmkcat,r_1260_ENZ_YHL016C_FWD,0.0,0.0
mmkcat,r_1260_ENZ_YHL016C_REV,0.0,1.8705798167650835e-06
mmkcat,r_1260_ENZ_YKR039W_FWD,0.0,0.0
mmkcat,r_1260_ENZ_YKR039W_REV,0.0,5.221449620403107e-06
mmkcat,r_1260_ENZ_YLL028W_FWD,0.0,0.0
mmkcat,r_1260_ENZ_YLL028W_REV,0.0,3.720133906703893e-06
mmkcat,r_1260_ENZ_YOR273C_FWD,0.0,0.0
mmkcat,r_1260_ENZ_YOR273C_REV,0.0,5.426675542798132e-06
mmkcat,r_1260_ENZ_YPL274W_FWD,0.0,0.0
mmkcat,r_1260_ENZ_YPL274W_REV,0.0,5.870405879307428e-06
mmkcat,r_1261_ENZ_YLL028W_FWD,0.0,0.0
mmkcat,r_1261_ENZ_YLL028W_REV,0.0,0.0
mmkcat,r_1261_ENZ_YOR273C_FWD,0.0,0.0
mmkcat,r_1261_ENZ_YOR273C_REV,0.0,0.0
mmkcat,r_1262_ENZ_YGR138C_FWD,0.0,0.0
mmkcat,r_1262_ENZ_YGR138C_REV,0.0,4.317060364779357e-06
mmkcat,r_1262_ENZ_YLL028W_FWD,0.0,0.0
mmkcat,r_1262_ENZ_YLL028W_REV,0.0,4.2874367983739e-06
mmkcat,r_1262_ENZ_YOR273C_FWD,0.0,0.0
mmkcat,r_1262_ENZ_YOR273C_REV,0.0,4.377247024255071e-06
mmkcat,r_1262_ENZ_YPR156C_FWD,0.0,0.0
mmkcat,r_1262_ENZ_YPR156C_REV,0.0,4.438727072529625e-06
mmkcat,r_1263_ENZ_YGR138C_FWD,0.0,0.0
mmkcat,r_1263_ENZ_YGR138C_REV,0.0,0.0
mmkcat,r_1263_ENZ_YLL028W_FWD,0.0,0.0
mmkcat,r_1263_ENZ_YLL028W_REV,0.0,0.0
mmkcat,r_1263_ENZ_YOR273C_FWD,0.0,0.0
mmkcat,r_1263_ENZ_YOR273C_REV,0.0,0.0
mmkcat,r_1263_ENZ_YPR156C_FWD,0.0,0.0
mmkcat,r_1263_ENZ_YPR156C_REV,0.0,0.0
mmkcat,r_1264_ENZ_YLR348C,0.0,9.44817061038286e-05
mmkcat,r_1265_ENZ_YJR095W,0.0324175121185525,0.0328309022612484
mmkcat,r_1266_ENZ_YBR294W,0.0,0.0
mmkcat,r_1266_ENZ_YLR092W,0.0260794508343389,0.026124178235814
mmkcat,r_1267_ENZ_YPL092W,0.0,4.472740111269302e-05
mmkcat,r_1268_FWD,0.0,0.0
mmkcat,r_1268_REV,0.0,0.0
mmkcat,r_1269_ENZ_YGR096W,0.0,0.0
mmkcat,r_1270_ENZ_YLR237W,0.0,0.0
mmkcat,r_1270_ENZ_YOR071C,0.0,0.0
mmkcat,r_1270_ENZ_YOR192C,0.0,0.0
mmkcat,r_1271_ENZ_YPL244C,0.0,0.0
mmkcat,r_1272_ENZ_YBR021W,0.0,0.0
mmkcat,r_1273_ENZ_YHL016C_FWD,0.0,0.0
mmkcat,r_1273_ENZ_YHL016C_REV,0.0,5.285285132397566e-06
mmkcat,r_1274_ENZ_YBL042C,0.0,0.0
mmkcat,r_1275_ENZ_YBR192W,0.0,0.0
mmkcat,r_1276_ENZ_YBR192W,0.0,0.0
mmkcat,r_1277_ENZ_YLL052C_FWD,0.0,0.0
mmkcat,r_1277_ENZ_YLL052C_REV,15.192295869478723,15.196222610089029
mmkcat,r_1277_ENZ_YPR192W_FWD,0.0,0.0
mmkcat,r_1277_ENZ_YPR192W_REV,0.0,0.0
mmkcat,r_1278_ENZ_YIL013C_FWD,0.0,0.0
mmkcat,r_1278_ENZ_YIL013C_REV,0.0,3.378790984741309e-07
mmkcat,r_1278_ENZ_YOR011W_FWD,0.0,0.0
mmkcat,r_1278_ENZ_YOR011W_REV,0.0,3.4658187323538536e-07
mmkcat,r_1449,0.0,0.0
mmkcat,r_1450,0.0,0.0
mmkcat,r_1451,0.0,0.0
mmkcat,r_1452,0.0,0.0
mmkcat,r_1453,0.0,0.0
mmkcat,r_1454,0.0,0.0
mmkcat,r_1455,0.0,0.0
mmkcat,r_1456,0.0,0.0
mmkcat,r_1457,0.0,0.0
mmkcat,r_1458,0.0,0.0
mmkcat,r_1479,0.0,0.0
mmkcat,r_1480,0.0,0.0
mmkcat,r_1481,0.0,0.0
mmkcat,r_1482,0.0,0.0
mmkcat,r_1483,0.0,0.0
mmkcat,r_1484,0.0,0.0
mmkcat,r_1485,0.0,0.0
mmkcat,r_1486,0.0,0.0
mmkcat,r_1487,0.0,0.0
mmkcat,r_1488,0.0,0.0
mmkcat,r_1509,0.0,0.0
mmkcat,r_1510,0.0,0.0
mmkcat,r_1511,0.0,0.0
mmkcat,r_1512,0.0,0.0
mmkcat,r_1513,0.0,0.0
mmkcat,r_1514,0.0,0.0
mmkcat,r_1515,0.0,0.0
mmkcat,r_1516,0.0,0.0
mmkcat,r_1517,0.0,0.0
mmkcat,r_1518,0.0,0.0
mmkcat,r_1542,0.0,0.0
mmkcat,r_1543_FWD,0.0,0.0
mmkcat,r_1543_REV,0.0,0.0
mmkcat,r_1545,0.0,0.0
mmkcat,r_1546,0.0,0.0001101052359682
mmkcat,r_1547,0.0,6.073695348753072e-05
mmkcat,r_1548,0.0,3.443145212819742e-06
mmkcat,r_1549,0.0,0.0003682732707167
mmkcat,r_1550,0.0,3.5411943517110744e-05
mmkcat,r_1551,0.0,0.0
mmkcat,r_1552,0.0,0.0002300633903166
mmkcat,r_1553,0.0,2.5955004986739023e-05
mmkcat,r_1554,0.0,-0.0
mmkcat,r_1560_FWD,0.0,3.250758195250114e-05
mmkcat,r_1560_REV,0.0,0.0
mmkcat,r_1562_FWD,0.0,4.563238147099649e-05
mmkcat,r_1562_REV,0.0,0.0
mmkcat,r_1563,0.0,0.0
mmkcat,r_1564,0.0,0.0
mmkcat,r_1565,0.0,0.0
mmkcat,r_1566,0.0,0.0
mmkcat,r_1567_FWD,0.0,0.0
mmkcat,r_1567_REV,0.0937760860688701,0.094775272053083
mmkcat,r_1568_FWD,0.0,0.0
mmkcat,r_1568_REV,5.760981062491455e-05,5.968950548996878e-05
mmkcat,r_1572,0.0,4.392256829348351e-05
mmkcat,r_1573_FWD,0.0,4.392391902574566e-05
mmkcat,r_1573_REV,0.0,0.0
mmkcat,r_1574_ENZ_YKL120W_FWD,0.0,0.0
mmkcat,r_1574_ENZ_YKL120W_REV,0.1031395726318479,0.1032769088681007
mmkcat,r_1575_FWD,0.0,5.663201642205906e-05
mmkcat,r_1575_REV,0.0,0.0
mmkcat,r_1576_FWD,0.0,0.0
mmkcat,r_1576_REV,0.0,5.314338829884302e-05
mmkcat,r_1577,0.0,5.387008092708201e-05
mmkcat,r_1578_FWD,0.0,4.9238825947123255e-05
mmkcat,r_1578_REV,0.0,0.0
mmkcat,r_1579_FWD,0.0,4.941422283755059e-05
mmkcat,r_1579_REV,0.0,0.0
mmkcat,r_1580,0.0,5.412024783649216e-05
mmkcat,r_1581,0.0,3.32584509674938e-05
mmkcat,r_1582_FWD,0.0,5.905996899931154e-05
mmkcat,r_1582_REV,0.0,0.0
mmkcat,r_1583_FWD,0.0,5.962002282577927e-05
mmkcat,r_1583_REV,0.0,0.0
mmkcat,r_1585_ENZ_YKL217W_FWD,0.0,0.0
mmkcat,r_1585_ENZ_YKL217W_REV,0.0,0.0002728162148381
mmkcat,r_1585_ENZ_YNL065W_FWD,0.0664162309499114,0.0673932086133764
mmkcat,r_1585_ENZ_YNL065W_REV,0.0,0.0004297506873691
mmkcat,r_1586,0.0,4.443932412770413e-05
mmkcat,r_1587_FWD,0.0,0.0
mmkcat,r_1587_REV,0.0,0.0
mmkcat,r_1588_FWD,0.0,1000.0
mmkcat,r_1588_REV,0.0,1000.0
mmkcat,r_1589,0.0,4.211715218480072e-05
mmkcat,r_1590_FWD,0.0,0.0
mmkcat,r_1590_REV,0.0,4.211844712219415e-05
mmkcat,r_1591_FWD,0.0,4.21184470272562e-05
mmkcat,r_1591_REV,0.0,0.0
mmkcat,r_1595_FWD,0.0,0.0
mmkcat,r_1595_REV,0.0,0.0
mmkcat,r_1596_FWD,0.0,0.0
mmkcat,r_1596_REV,0.067049754971298,0.0671694682854171
mmkcat,r_1597_FWD,0.0,0.0
mmkcat,r_1597_REV,0.0,4.7682174476038064e-05
mmkcat,r_1598,0.0,3.491501932230412e-05
mmkcat,r_1599_FWD,0.0,3.4916092655393194e-05
mmkcat,r_1599_REV,0.0,0.0
mmkcat,r_1600_FWD,0.0,3.664524353659549e-05
mmkcat,r_1600_REV,0.0,0.0
mmkcat,r_1601_FWD,0.0,0.0
mmkcat,r_1601_REV,0.0,0.0
mmkcat,r_1603_ENZ_YFL058W,0.0,3.638514366869237e-07
mmkcat,r_1604,0.0,2.767838974603032e-05
mmkcat,r_1605_FWD,0.0,2.7679240577893616e-05
mmkcat,r_1605_REV,0.0,0.0
mmkcat,r_1606_FWD,1.922348433021359e-05,1.9223550784170184e-05
mmkcat,r_1606_REV,0.0,0.0
mmkcat,r_1607_FWD,0.0,9.198280098132729e-05
mmkcat,r_1607_REV,0.0,0.0
mmkcat,r_1608_FWD,0.0,0.0
mmkcat,r_1608_REV,0.0,9.198280098132729e-05
mmkcat,r_1609_FWD,0.0,0.0
mmkcat,r_1609_REV,0.0,0.0
mmkcat,r_1610_FWD,0.0,0.0
mmkcat,r_1610_REV,0.0,0.0
mmkcat,r_1611_FWD,0.0,0.0
mmkcat,r_1611_REV,0.0,0.0
mmkcat,r_1613,0.0,0.0001609141969392
mmkcat,r_1614_ENZ_YBR242W,0.0,0.0
mmkcat,r_1614_ENZ_YGL101W,0.0,0.0
mmkcat,r_1615_ENZ_YBR242W,0.0,0.0001967237442651
mmkcat,r_1615_ENZ_YGL101W,0.0,0.0002075225462424
mmkcat,r_1616_ENZ_YBR242W,0.0,0.0
mmkcat,r_1616_ENZ_YGL101W,0.0,0.0
mmkcat,r_1617_ENZ_YBR242W,0.0,0.000350941400697
mmkcat,r_1617_ENZ_YGL101W,0.0,0.0003509414042217
mmkcat,r_1618,0.0,0.0003509414062499
mmkcat,r_1619_ENZ_YER037W,0.0,0.0003509414022531
mmkcat,r_1620,0.0,0.0
mmkcat,r_1621,0.0,0.0
mmkcat,r_1622_FWD,0.0,0.0
mmkcat,r_1622_REV,0.0,1.946304126559939e-05
mmkcat,r_1623_ENZ_YER183C,0.0,0.0014136617833239
mmkcat,r_1624_ENZ_YER183C,0.0,0.0
mmkcat,r_1625,0.0,0.0
mmkcat,r_1627,0.0,0.0
mmkcat,r_1628_FWD,0.0,0.0
mmkcat,r_1628_REV,0.0,0.0
mmkcat,r_1629,0.0,0.0
mmkcat,r_1630,0.0,1.0925761009690544e-05
mmkcat,r_1631,0.0,0.0009996056901022
mmkcat,r_1632_FWD,0.0,0.0
mmkcat,r_1632_REV,1.3905661831444014,1.3999679142959138
mmkcat,r_1633_FWD,0.0,0.0
mmkcat,r_1633_REV,0.0,0.0009661828640743
mmkcat,r_1634,0.0,0.0001190162583363
mmkcat,r_1635_FWD,0.0,0.0
mmkcat,r_1635_REV,0.0,0.0
mmkcat,r_1637_FWD,0.0,0.0
mmkcat,r_1637_REV,0.0,0.0
mmkcat,r_1638,0.0,2.043852488846168e-05
mmkcat,r_1639,0.0,0.0
mmkcat,r_1640_FWD,0.0,0.0
mmkcat,r_1640_REV,0.0,0.0
mmkcat,r_1641,0.0,5.550189302622188e-06
mmkcat,r_1642_ENZ_YPR011C_FWD,0.0,0.0
mmkcat,r_1642_ENZ_YPR011C_REV,0.0,1.4302290912733117e-05
mmkcat,r_1643,0.0,0.0
mmkcat,r_1644_FWD,0.0,0.0
mmkcat,r_1644_REV,0.0,0.0152936391442141
mmkcat,r_1645_FWD,0.0,0.0
mmkcat,r_1645_REV,0.0,1.4452983866042324e-05
mmkcat,r_1647_FWD,0.0,0.0
mmkcat,r_1647_REV,0.0,4.15166883194068e-05
mmkcat,r_1648,0.0,0.0
mmkcat,r_1649,0.0,0.0
mmkcat,r_1650,0.0,9.579791767282823e-05
mmkcat,r_1651,0.0,4.096453660136501e-05
mmkcat,r_1652_FWD,0.0,1000.0
mmkcat,r_1652_REV,0.0,1000.0
mmkcat,r_1654_FWD,0.0,0.0
mmkcat,r_1654_REV,1.940150804197996,1.9415202431172256
mmkcat,r_1656_FWD,0.0,0.0
mmkcat,r_1656_REV,0.0,0.0
mmkcat,r_1657_ENZ_YBR147W,0.0,0.0
mmkcat,r_1658_ENZ_YDR508C,0.0,0.0
mmkcat,r_1659_FWD,0.0,8.359848271145733e-07
mmkcat,r_1659_REV,0.0,4.151668859853075e-05
mmkcat,r_1660_FWD,0.0,0.0152936283026891
mmkcat,r_1660_REV,0.0,0.0
mmkcat,r_1661_FWD,0.0,1.4452983912227602e-05
mmkcat,r_1661_REV,0.0,0.0
mmkcat,r_1663,0.0,0.0
mmkcat,r_1664_FWD,0.0,0.0
mmkcat,r_1664_REV,0.0,0.0
mmkcat,r_1665_FWD,0.5530694282768607,8.56624884393122
mmkcat,r_1665_REV,0.0,0.0
mmkcat,r_1667_ENZ_YNL036W_FWD,0.0,0.6264857036076663
mmkcat,r_1667_ENZ_YNL036W_REV,0.0,7.38669370547546
mmkcat,r_1668_FWD,0.0,0.0
mmkcat,r_1668_REV,0.0,0.0
mmkcat,r_1669_FWD,0.0,0.0
mmkcat,r_1669_REV,0.5530694282768607,8.566248836781813
mmkcat,r_1671,0.0,0.0
mmkcat,r_1672,9.873090892337638,9.876672074364922
mmkcat,r_1673,0.0,2.043852488846168e-05
mmkcat,r_1674,0.0,2.043852488839426e-05
mmkcat,r_1675_FWD,0.0,0.0
mmkcat,r_1675_REV,0.0,0.0
mmkcat,r_1676_FWD,0.0,0.0
mmkcat,r_1676_REV,0.0,4.962604788254476e-05
mmkcat,r_1677_FWD,0.0,0.0
mmkcat,r_1677_REV,0.0,4.991971237442924e-05
mmkcat,r_1678_FWD,0.0,0.0
mmkcat,r_1678_REV,0.0,4.944757255828051e-05
mmkcat,r_1679_FWD,0.0,0.0
mmkcat,r_1679_REV,0.0,4.767804033351181e-05
mmkcat,r_1680_FWD,0.0,0.0
mmkcat,r_1680_REV,0.0,4.9598083357870176e-05
mmkcat,r_1681_FWD,0.0,0.0
mmkcat,r_1681_REV,0.0,4.371064245188268e-05
mmkcat,r_1682,0.0111804199347766,0.0111813043413268
mmkcat,r_1683,0.0,6.965421662960894e-06
mmkcat,r_1684_ENZ_YGL077C_FWD,0.0,4.323303098260816e-05
mmkcat,r_1684_ENZ_YGL077C_REV,0.0,0.0
mmkcat,r_1684_ENZ_YOR161C_FWD,0.0,1.8461865796554603e-05
mmkcat,r_1684_ENZ_YOR161C_REV,0.0,0.0
mmkcat,r_1685,0.0,0.0
mmkcat,r_1686_FWD,0.0,0.0
mmkcat,r_1686_REV,0.0,4.669973501758573e-05
mmkcat,r_1687,0.0,4.6898954143892446e-05
mmkcat,r_1688_FWD,0.0,0.0
mmkcat,r_1688_REV,0.0,1.1726899786543595e-06
mmkcat,r_1689_FWD,0.0,2.2289138347064696e-05
mmkcat,r_1689_REV,0.0,1.1658501793508065e-06
mmkcat,r_1690,0.0,0.0002143090992264
mmkcat,r_1691_FWD,0.0,0.0
mmkcat,r_1691_REV,0.0,0.0
mmkcat,r_1694_FWD,0.0,0.0
mmkcat,r_1694_REV,0.5530694282768607,8.42388216281759
mmkcat,r_1695_FWD,0.0,0.0
mmkcat,r_1695_REV,0.0,1.14070764878349e-06
mmkcat,r_1696_FWD,0.0,0.0
mmkcat,r_1696_REV,1.556747179752031,1.5612316330477736
mmkcat,r_1697_FWD,9.872807731384164,9.87588118360009
mmkcat,r_1697_REV,0.0,0.0
mmkcat,r_1698_FWD,0.0,0.0
mmkcat,r_1698_REV,0.0,5.386739814468477e-05
mmkcat,r_1699_FWD,0.0,0.0
mmkcat,r_1699_REV,0.0,0.0
mmkcat,r_1700_FWD,0.0,7.098447329856673e-05
mmkcat,r_1700_REV,0.0,2.876726739331481e-05
mmkcat,r_1702,0.0,0.0
mmkcat,r_1703_ENZ_YKL024C,0.0051852802837399,0.0056958028772943
mmkcat,r_1704_ENZ_YKL024C_FWD,0.0,0.0009850538503701
mmkcat,r_1704_ENZ_YKL024C_REV,0.0014765866292035,0.0028043109852696
mmkcat,r_1705,0.0,0.0
mmkcat,r_1706,0.0,-0.0
mmkcat,r_1707_ENZ_YDR342C_FWD,0.0,0.0
mmkcat,r_1707_ENZ_YDR342C_REV,0.0,0.0
mmkcat,r_1707_ENZ_YHR092C_FWD,0.0,0.0
mmkcat,r_1707_ENZ_YHR092C_REV,0.0,0.0
mmkcat,r_1708_FWD,0.0937734033449487,0.0947752720419616
mmkcat,r_1708_REV,0.0,0.0
mmkcat,r_1709,0.0,0.0
mmkcat,r_1710,0.0,0.0
mmkcat,r_1711,0.0,0.0
mmkcat,r_1712,0.0,0.0
mmkcat,r_1713_FWD,0.0,0.0
mmkcat,r_1713_REV,0.0,2.341901139608915e-05
mmkcat,r_1714_FWD,0.0,0.0
mmkcat,r_1714_REV,3.707026964942625,3.7082447281148303
mmkcat,r_1715,0.0,0.0
mmkcat,r_1716,0.0,0.0
mmkcat,r_1717_ENZ_YDL245C_FWD,0.0,0.0
mmkcat,r_1717_ENZ_YDL245C_REV,0.0,0.0
mmkcat,r_1717_ENZ_YEL069C_FWD,0.0,0.0
mmkcat,r_1717_ENZ_YEL069C_REV,0.0,0.0
mmkcat,r_1717_ENZ_YJR158W_FWD,0.0,0.0
mmkcat,r_1717_ENZ_YJR158W_REV,0.0,0.0
mmkcat,r_1717_ENZ_YNR072W_FWD,0.0,0.0
mmkcat,r_1717_ENZ_YNR072W_REV,0.0,0.0
mmkcat,r_1718,0.0,0.0
mmkcat,r_1719_ENZ_YHR092C_FWD,0.0,0.0
mmkcat,r_1719_ENZ_YHR092C_REV,0.0,0.0
mmkcat,r_1720_FWD,0.0,0.0
mmkcat,r_1720_REV,0.0,0.0
mmkcat,r_1721_FWD,0.0,0.0
mmkcat,r_1721_REV,0.0,0.0
mmkcat,r_1722,0.0,7.563245409938218e-05
mmkcat,r_1723,0.0,0.0
mmkcat,r_1724,0.0,9.641008627275792e-05
mmkcat,r_1725,0.0,0.0
mmkcat,r_1726_FWD,0.0,0.0
mmkcat,r_1726_REV,0.0,0.0
mmkcat,r_1727,0.0,5.994378730246806e-06
mmkcat,r_1728,0.0,0.0
mmkcat,r_1729_ENZ_YDL166C_FWD,0.0,0.0
mmkcat,r_1729_ENZ_YDL166C_REV,0.0008302718979695,0.0012658925061915
mmkcat,r_1730,0.0,0.0
mmkcat,r_1731,0.0,0.0
mmkcat,r_1732,0.0,0.0
mmkcat,r_1733,0.0,0.0
mmkcat,r_1734,0.0,0.0003509414053581
mmkcat,r_1735_ENZ_YBL042C,0.0,0.0
mmkcat,r_1736_ENZ_YDR196C,0.0,6.841783742648939e-05
mmkcat,r_1737_FWD,0.0,0.0
mmkcat,r_1737_REV,0.0,0.0
mmkcat,r_1738_FWD,1.9223484330203183e-05,1.9223484330203183e-05
mmkcat,r_1738_REV,0.0,0.0
mmkcat,r_1739_ENZ_YDR071C,0.0,0.0
mmkcat,r_1743_FWD,0.0,0.0
mmkcat,r_1743_REV,0.0,0.0
mmkcat,r_1744,0.0,1.922352658299211e-05
mmkcat,r_1745_FWD,0.0,0.0
mmkcat,r_1745_REV,1.922348433021359e-05,1.9223545769374764e-05
mmkcat,r_1746_FWD,0.0,0.0015110407842722
mmkcat,r_1746_REV,0.0,0.0069043033714401
mmkcat,r_1747_FWD,0.0,0.0
mmkcat,r_1747_REV,0.0,5.119221370824734e-05
mmkcat,r_1748_FWD,0.0,0.0
mmkcat,r_1748_REV,0.212865211313848,0.2128659155110767
mmkcat,r_1749,0.0,6.1801990921559e-06
mmkcat,r_1750_FWD,0.0,0.0
mmkcat,r_1750_REV,0.0,6.1801990921559e-06
mmkcat,r_1751_FWD,0.0,0.0
mmkcat,r_1751_REV,0.0,0.0001819645142902
mmkcat,r_1752_FWD,0.0,0.0001819645142902
mmkcat,r_1752_REV,0.0,0.0
mmkcat,r_1753,0.0,-3.5031900155120733e-07
mmkcat,r_1754_FWD,0.0111815885859609,0.0111819853067621
mmkcat,r_1754_REV,0.0,0.0
mmkcat,r_1757,0.0,-2.067883157957978e-07
mmkcat,r_1758_FWD,0.0,1000.0
mmkcat,r_1758_REV,0.0,999.994409205707
mmkcat,r_1759_FWD,0.0,0.0
mmkcat,r_1759_REV,0.0,2.73297080688118e-05
mmkcat,r_1761,0.0,0.0011638745473248
mmkcat,r_1762_FWD,0.0,0.0011638745473248
mmkcat,r_1762_REV,0.0,0.0
mmkcat,r_1763_FWD,0.0,0.0
mmkcat,r_1763_REV,1.3905661831168223,1.399970873600623
mmkcat,r_1764,0.0,0.0
mmkcat,r_1765,0.0,0.0007563669780901
mmkcat,r_1766_FWD,0.0,3.1294420152622182e-06
mmkcat,r_1766_REV,0.0,0.0
mmkcat,r_1770_ENZ_YBR041W_FWD,0.0,0.0
mmkcat,r_1770_ENZ_YBR041W_REV,0.0,5.994563099560273e-06
mmkcat,r_1771_ENZ_YKL188C_and_YPL147W_FWD,0.0,5.901831731666174e-05
mmkcat,r_1771_ENZ_YKL188C_and_YPL147W_REV,0.0,5.901831732002783e-05
mmkcat,r_1772_ENZ_YKL188C_and_YPL147W_FWD,0.0,2.5652145024234423e-05
mmkcat,r_1772_ENZ_YKL188C_and_YPL147W_REV,0.0,2.5652145052101103e-05
mmkcat,r_1774_ENZ_YKL188C_and_YPL147W_FWD,0.0,3.891389180675035e-06
mmkcat,r_1774_ENZ_YKL188C_and_YPL147W_REV,0.0,1.6517834253000724e-05
mmkcat,r_1775_ENZ_YBR041W_FWD,0.0,0.0001998439385707
mmkcat,r_1775_ENZ_YBR041W_REV,0.0,3.515000254239453e-05
mmkcat,r_1776_FWD,0.0,0.0
mmkcat,r_1776_REV,0.0,5.799895358871154e-06
mmkcat,r_1777_FWD,0.0,0.0
mmkcat,r_1777_REV,0.0,5.8720598501472295e-06
mmkcat,r_1788,0.0,-3.480414972167771e-07
mmkcat,r_1790_ENZ_YDL045C,0.0,3.032113394175286e-06
mmkcat,r_1791,0.0,0.0
mmkcat,r_1792,0.0,-0.0
mmkcat,r_1793,0.0,0.0001173108764469
mmkcat,r_1794,5.80513884740428e-05,0.0006725980015439
mmkcat,r_1795_ENZ_YNL065W_FWD,0.0,0.0
mmkcat,r_1795_ENZ_YNL065W_REV,0.0,0.0001173163329629
mmkcat,r_1796_FWD,0.0,0.0
mmkcat,r_1796_REV,0.0,0.0003722784161233
mmkcat,r_1797,0.0,0.0
mmkcat,r_1798,0.0,0.0003722784161233
mmkcat,r_1800,0.0,0.0
mmkcat,r_1801_FWD,0.0,0.0
mmkcat,r_1801_REV,0.0,0.0003509521908711
mmkcat,r_1802_FWD,0.0,0.0
mmkcat,r_1802_REV,0.0,0.0
mmkcat,r_1803_ENZ_YGL225W_FWD,0.0,0.0
mmkcat,r_1803_ENZ_YGL225W_REV,0.0,0.0003509521908711
mmkcat,r_1805_ENZ_YBR241C_FWD,0.0,0.0
mmkcat,r_1805_ENZ_YBR241C_REV,0.0,0.0001746833193764
mmkcat,r_1806,0.0,0.0
mmkcat,r_1807,0.0,0.0
mmkcat,r_1808,0.0,0.0001389826162109
mmkcat,r_1809_FWD,0.0,0.0015110407803546
mmkcat,r_1809_REV,0.0,0.0067794699888594
mmkcat,r_1810,0.0,2.554086771822117e-05
mmkcat,r_1811_ENZ_YPR058W_FWD,0.0,2.537981539720013e-05
mmkcat,r_1811_ENZ_YPR058W_REV,0.0,2.09903556053076e-05
mmkcat,r_1812_FWD,0.0,0.0
mmkcat,r_1812_REV,1.922348433021359e-05,1.922352544602476e-05
mmkcat,r_1813_FWD,0.0,0.0
mmkcat,r_1813_REV,1.922348433021359e-05,1.958737561166064e-05
mmkcat,r_1814,1.9223484330206653e-05,1.9587377657222803e-05
mmkcat,r_1815,0.0,0.0001152080516283
mmkcat,r_1816_ENZ_YNL065W_FWD,0.0,0.0001152104574259
mmkcat,r_1816_ENZ_YNL065W_REV,0.0,0.0
mmkcat,r_1817_FWD,0.0,2.723914902080793e-05
mmkcat,r_1817_REV,0.0,0.0
mmkcat,r_1818,0.0,8.368451883610309e-06
mmkcat,r_1819_FWD,0.0,0.0
mmkcat,r_1819_REV,0.0,0.0
mmkcat,r_1820,0.0,0.0
mmkcat,r_1821,0.0,0.0008191780574355
mmkcat,r_1822,0.0,0.0
mmkcat,r_1823,0.0,0.0
mmkcat,r_1824,0.0,0.0003372447519508
mmkcat,r_1825_FWD,0.0222633408161112,0.0223659334609739
mmkcat,r_1825_REV,0.0,0.0
mmkcat,r_1826_FWD,0.0,0.0
mmkcat,r_1826_REV,0.0,0.0004542498903088
mmkcat,r_1827_FWD,0.0,0.0196989579367831
mmkcat,r_1827_REV,0.0,0.0020986540486678
mmkcat,r_1829_FWD,0.0,0.0
mmkcat,r_1829_REV,0.5530694284333779,8.42388216343598
mmkcat,r_1830_FWD,0.0,4.619393074722922e-05
mmkcat,r_1830_REV,0.0,3.40799148594844e-05
mmkcat,r_1831_FWD,0.0,1000.0
mmkcat,r_1831_REV,0.0,0.0004559012348869
mmkcat,r_1832_FWD,0.6289122878509539,0.6313847130098944
mmkcat,r_1832_REV,0.0,0.0
mmkcat,r_1833_FWD,0.0,5.258126333540507e-05
mmkcat,r_1833_REV,0.0,0.0
mmkcat,r_1834,0.0,-0.0
mmkcat,r_1835_ENZ_YBR041W_FWD,0.0,0.0
mmkcat,r_1835_ENZ_YBR041W_REV,0.0,7.534848411386297e-06
mmkcat,r_1836_ENZ_YBR041W_FWD,0.0,0.0
mmkcat,r_1836_ENZ_YBR041W_REV,0.0,1.159089944026111e-06
mmkcat,r_1837_ENZ_YBR147W,0.0,0.0
mmkcat,r_1838_ENZ_YDL131W,0.0,0.0
mmkcat,r_1838_ENZ_YDL182W,0.0996804247249434,0.0996949122333168
mmkcat,r_1839_FWD,0.0,0.0
mmkcat,r_1839_REV,0.0,0.0
mmkcat,r_1840_FWD,0.0,0.0
mmkcat,r_1840_REV,0.0670895315157655,0.0671428636580995
mmkcat,r_1841,0.0,1.354024333963602e-05
mmkcat,r_1842_FWD,0.0,0.0
mmkcat,r_1842_REV,0.0,1.3540659568173768e-05
mmkcat,r_1843,0.0,2.4816813596867385e-05
mmkcat,r_1844_FWD,0.0,2.490817086468755e-05
mmkcat,r_1844_REV,0.0,0.0
mmkcat,r_1845_FWD,0.0,2.436887553755596e-05
mmkcat,r_1845_REV,0.0,0.0
mmkcat,r_1846_FWD,0.0,0.0
mmkcat,r_1846_REV,0.0,0.0
mmkcat,r_1847,0.0,0.0
mmkcat,r_1848,0.0,0.0
mmkcat,r_1849_FWD,0.0,0.0
mmkcat,r_1849_REV,0.0,3.250858096321557e-05
mmkcat,r_1850,0.0,0.0003509414054225
mmkcat,r_1851_FWD,0.0,4.742646908153375e-05
mmkcat,r_1851_REV,0.0,0.0
mmkcat,r_1852_FWD,0.0,4.991971227673222e-05
mmkcat,r_1852_REV,0.0,0.0
mmkcat,r_1853_FWD,0.0,4.918350904324279e-05
mmkcat,r_1853_REV,0.0,0.0
mmkcat,r_1854_FWD,0.0,4.964099772906657e-05
mmkcat,r_1854_REV,0.0,0.0
mmkcat,r_1855_FWD,0.0,4.944757248221158e-05
mmkcat,r_1855_REV,0.0,0.0
mmkcat,r_1856_FWD,0.0,0.0001059359581767
mmkcat,r_1856_REV,0.0,0.0
mmkcat,r_1857_FWD,0.0,0.0001059359581652
mmkcat,r_1857_REV,0.0,0.0
mmkcat,r_1858_FWD,0.0,4.68386665033768e-05
mmkcat,r_1858_REV,0.0,0.0
mmkcat,r_1859_FWD,0.0,4.911497638460105e-05
mmkcat,r_1859_REV,0.0,0.0
mmkcat,r_1860_FWD,0.0,4.8782265772626815e-05
mmkcat,r_1860_REV,0.0,0.0
mmkcat,r_1861_FWD,0.0,0.0
mmkcat,r_1861_REV,0.0,1.2290431241427776e-05
mmkcat,r_1862,0.0,2.447875326816451e-05
mmkcat,r_1863_FWD,0.0,3.502101359974252e-05
mmkcat,r_1863_REV,0.0,0.0
mmkcat,r_1864_FWD,0.0,0.0
mmkcat,r_1864_REV,0.0,3.502101382446554e-05
mmkcat,r_1865,0.0,3.438675862899032e-05
mmkcat,r_1866,0.0,5.961819107247468e-05
mmkcat,r_1867,0.0,3.2964505166462967e-05
mmkcat,r_1868_FWD,0.0,5.962002348469664e-05
mmkcat,r_1868_REV,0.0,0.0
mmkcat,r_1869_FWD,0.0,0.0
mmkcat,r_1869_REV,0.0,5.9620023700524e-05
mmkcat,r_1870,0.0,5.412491522656382e-05
mmkcat,r_1871,0.0,0.0001207510429578
mmkcat,r_1872,0.0,0.0
mmkcat,r_1873,0.0,0.0011125765079114
mmkcat,r_1874,0.0,0.0001312127717676
mmkcat,r_1875,0.0,0.0
mmkcat,r_1876_FWD,0.0,0.0
mmkcat,r_1876_REV,0.0,0.0
mmkcat,r_1877_ENZ_YDR342C_FWD,0.0,0.0
mmkcat,r_1877_ENZ_YDR342C_REV,0.0,0.0
mmkcat,r_1877_ENZ_YHR092C_FWD,0.0,0.0
mmkcat,r_1877_ENZ_YHR092C_REV,0.0,0.0
mmkcat,r_1878,0.0,-0.0
mmkcat,r_1879,0.0,9.275936624246472e-06
mmkcat,r_1880,0.0,2.971499496055852e-05
mmkcat,r_1881,0.0,6.143230774754982e-05
mmkcat,r_1882_ENZ_YOR100C,0.0,9.662061239978924e-05
mmkcat,r_1883,0.0,1.1494528109170024e-05
mmkcat,r_1884_FWD,0.0,0.0
mmkcat,r_1884_REV,0.0,0.0
mmkcat,r_1885_FWD,0.0,0.0
mmkcat,r_1885_REV,0.0,0.0
mmkcat,r_1886,0.0,-0.0
mmkcat,r_1887_FWD,0.0573632664185908,0.0574166745137819
mmkcat,r_1887_REV,0.0,0.0
mmkcat,r_1889,0.0,4.593734768078284e-05
mmkcat,r_1890_FWD,0.0,0.0
mmkcat,r_1890_REV,0.0,0.0
mmkcat,r_1891,0.0,4.148823583782768e-05
mmkcat,r_1892_FWD,0.0,0.0
mmkcat,r_1892_REV,0.0,0.0
mmkcat,r_1893,0.0,1.5547974949434856e-05
mmkcat,r_1895_FWD,0.0,0.0
mmkcat,r_1895_REV,0.0,0.0001091140443997
mmkcat,r_1896,0.0,0.0001091140443997
mmkcat,r_1897,0.0,3.83012696342222e-05
mmkcat,r_1898,0.0,4.754314512059321e-05
mmkcat,r_1899,0.0,3.729366518775978e-05
mmkcat,r_1900,0.0,1.448750834265322e-05
mmkcat,r_1901_FWD,0.0,1000.0
mmkcat,r_1901_REV,0.0,1000.0
mmkcat,r_1902,0.0,2.049901900529061e-05
mmkcat,r_1903,0.0,3.765725868021264e-05
mmkcat,r_1904,0.0,3.265398032509942e-05
mmkcat,r_1905_FWD,0.0,9.890493700654076e-05
mmkcat,r_1905_REV,0.0,0.0
mmkcat,r_1906,0.0,0.0001869778076714
mmkcat,r_1907_ENZ_YKR039W_FWD,0.0,0.0
mmkcat,r_1907_ENZ_YKR039W_REV,0.0,0.0
mmkcat,r_1908_ENZ_YDL245C_FWD,0.0,0.0
mmkcat,r_1908_ENZ_YDL245C_REV,0.0,0.0
mmkcat,r_1908_ENZ_YEL069C_FWD,0.0,0.0
mmkcat,r_1908_ENZ_YEL069C_REV,0.0,0.0
mmkcat,r_1908_ENZ_YJR158W_FWD,0.0,0.0
mmkcat,r_1908_ENZ_YJR158W_REV,0.0,0.0
mmkcat,r_1908_ENZ_YNR072W_FWD,0.0,0.0
mmkcat,r_1908_ENZ_YNR072W_REV,0.0,0.0
mmkcat,r_1909,0.0,0.0
mmkcat,r_1910_ENZ_YDL245C_FWD,0.0,0.0
mmkcat,r_1910_ENZ_YDL245C_REV,0.0,0.0
mmkcat,r_1910_ENZ_YDR342C_FWD,0.0,0.0
mmkcat,r_1910_ENZ_YDR342C_REV,0.0,0.0
mmkcat,r_1910_ENZ_YDR343C_FWD,0.0,0.0
mmkcat,r_1910_ENZ_YDR343C_REV,0.0,0.0
mmkcat,r_1910_ENZ_YDR345C_FWD,0.0,0.0
mmkcat,r_1910_ENZ_YDR345C_REV,0.0,0.0
mmkcat,r_1910_ENZ_YEL069C_FWD,0.0,0.0
mmkcat,r_1910_ENZ_YEL069C_REV,0.0,0.0
mmkcat,r_1910_ENZ_YFL011W_FWD,0.0,0.0
mmkcat,r_1910_ENZ_YFL011W_REV,0.0,0.0
mmkcat,r_1910_ENZ_YHR092C_FWD,0.0,0.0
mmkcat,r_1910_ENZ_YHR092C_REV,0.0,0.0
mmkcat,r_1910_ENZ_YHR096C_FWD,0.0,0.0
mmkcat,r_1910_ENZ_YHR096C_REV,0.0,0.0
mmkcat,r_1910_ENZ_YJL214W_FWD,0.0,0.0
mmkcat,r_1910_ENZ_YJL214W_REV,0.0,0.0
mmkcat,r_1910_ENZ_YJL219W_FWD,0.0,0.0
mmkcat,r_1910_ENZ_YJL219W_REV,0.0,0.0
mmkcat,r_1910_ENZ_YJR158W_FWD,0.0,0.0
mmkcat,r_1910_ENZ_YJR158W_REV,0.0,0.0
mmkcat,r_1910_ENZ_YNR072W_FWD,0.0,0.0
mmkcat,r_1910_ENZ_YNR072W_REV,0.0,0.0
mmkcat,r_1910_ENZ_YOL156W_FWD,0.0,0.0
mmkcat,r_1910_ENZ_YOL156W_REV,0.0,0.0
mmkcat,r_1911,0.0,4.112315203973205e-05
mmkcat,r_1912,0.0,2.442431252665982e-05
mmkcat,r_1913,0.0,4.013641166586424e-05
mmkcat,r_1914,0.0,5.903915886636135e-05
mmkcat,r_1915,0.0,2.521378266645557e-06
mmkcat,r_1916,0.0,5.865492642920245e-06
mmkcat,r_1919_ENZ_YBR147W,0.0,0.0
mmkcat,r_1920_FWD,0.0,0.0
mmkcat,r_1920_REV,0.0,0.0
mmkcat,r_1921_FWD,0.0,0.0
mmkcat,r_1921_REV,0.0,0.0
mmkcat,r_1922_FWD,0.0,0.0
mmkcat,r_1922_REV,0.0,0.0
mmkcat,r_1923_FWD,0.0,0.0
mmkcat,r_1923_REV,0.0,0.0
mmkcat,r_1924_FWD,0.0,0.0
mmkcat,r_1924_REV,0.0,0.0
mmkcat,r_1925_FWD,0.0,0.0
mmkcat,r_1925_REV,0.0,0.0
mmkcat,r_1926_FWD,0.0,0.0
mmkcat,r_1926_REV,0.0,0.0
mmkcat,r_1927_FWD,0.0,0.0
mmkcat,r_1927_REV,0.0,0.0
mmkcat,r_1928_FWD,0.0,0.0
mmkcat,r_1928_REV,0.0,0.0
mmkcat,r_1929_FWD,0.0,0.0
mmkcat,r_1929_REV,0.0,0.0
mmkcat,r_1930_FWD,0.0,9.320818513127708e-05
mmkcat,r_1930_REV,0.0,0.0
mmkcat,r_1931,0.0,0.0
mmkcat,r_1932_FWD,0.0,0.0
mmkcat,r_1932_REV,0.212865211313848,0.2128659447368163
mmkcat,r_1935_ENZ_YDR508C,0.0,0.0
mmkcat,r_1936,0.0,0.000999745894598
mmkcat,r_1937_FWD,0.0,0.0
mmkcat,r_1937_REV,0.0,0.0
mmkcat,r_1938_FWD,0.0,0.0
mmkcat,r_1938_REV,0.0,0.0
mmkcat,r_1939_FWD,0.0,0.0
mmkcat,r_1939_REV,0.0,0.0
mmkcat,r_1940_FWD,0.0,0.0
mmkcat,r_1940_REV,0.0,0.0
mmkcat,r_1941_FWD,0.0,0.0
mmkcat,r_1941_REV,0.0,0.0
mmkcat,r_1942_FWD,0.0,0.0
mmkcat,r_1942_REV,0.0,0.0
mmkcat,r_1943_FWD,0.0,0.0
mmkcat,r_1943_REV,0.0,0.0
mmkcat,r_1944_FWD,0.0,0.0
mmkcat,r_1944_REV,0.0,0.0
mmkcat,r_1945_FWD,0.0,0.0
mmkcat,r_1945_REV,0.0,0.0
mmkcat,r_1946_FWD,0.0,0.0
mmkcat,r_1946_REV,0.0,0.0
mmkcat,r_1947,0.0,0.0
mmkcat,r_1952,0.0,8.849073170363875e-06
mmkcat,r_1963_FWD,0.0,0.0
mmkcat,r_1963_REV,0.0223631771719218,0.0223661096059211
mmkcat,r_1964_FWD,0.0223631771719218,0.0223661096960643
mmkcat,r_1964_REV,0.0,0.0
mmkcat,r_1965_FWD,0.0,0.0
mmkcat,r_1965_REV,6.672268208343386e-05,0.0008612802617523
mmkcat,r_1966_FWD,0.0,0.0
mmkcat,r_1966_REV,0.0,0.0
mmkcat,r_1967,0.0,3.638514366869237e-07
mmkcat,r_1968,0.0,0.0
mmkcat,r_1970_FWD,0.0,0.0
mmkcat,r_1970_REV,0.0,0.0
mmkcat,r_1971_FWD,0.0,0.0
mmkcat,r_1971_REV,0.0,0.0
mmkcat,r_1972,0.0,0.0
mmkcat,r_1974,0.0,0.0003509414061184
mmkcat,r_1975,0.0,0.0003298611157911
mmkcat,r_1976_ENZ_YOR100C,0.0,9.662061239978924e-05
mmkcat,r_1977_FWD,0.0111815885859609,0.0111845211101028
mmkcat,r_1977_REV,0.0,0.0
mmkcat,r_1978_FWD,9.098639209207278,9.101773158184422
mmkcat,r_1978_REV,0.0,0.0
mmkcat,r_1979_FWD,9.264814611864589,9.26915852212622
mmkcat,r_1979_REV,0.0,0.0
mmkcat,r_1980_FWD,0.0,3.757359637017975e-05
mmkcat,r_1980_REV,0.0,0.0
mmkcat,r_1981_ENZ_YBR041W_FWD,0.0,0.0
mmkcat,r_1981_ENZ_YBR041W_REV,0.0,4.808572478896128e-06
mmkcat,r_1984,0.0,5.799713792116468e-06
mmkcat,r_1987,0.0,1.0644998834956345e-05
mmkcat,r_1988_FWD,0.0,6.108393786397048e-05
mmkcat,r_1988_REV,0.0,0.0
mmkcat,r_1989,0.0,6.108206057542365e-05
mmkcat,r_1990_ENZ_YJL212C,0.0,0.0
mmkcat,r_1991_FWD,0.0,0.0
mmkcat,r_1991_REV,0.0,3.826663196243585e-05
mmkcat,r_1992_FWD,0.0,0.0
mmkcat,r_1992_REV,9.264814611864589,9.269158522128215
mmkcat,r_1993,0.0,7.5346168208617614e-06
mmkcat,r_1994,0.0,1.1313217825547305e-06
mmkcat,r_1995_FWD,0.0,0.0
mmkcat,r_1995_REV,0.0,0.0
mmkcat,r_1996_FWD,0.0,5.760987976963115e-05
mmkcat,r_1996_REV,0.0,2.2393161798875405e-05
mmkcat,r_1997,0.0,6.666687219912537e-05
mmkcat,r_1998_FWD,0.0,0.0
mmkcat,r_1998_REV,0.0,8.573099458258904e-06
mmkcat,r_1999,0.0,0.0
mmkcat,r_2000,0.0,2.7983760428756943e-05
mmkcat,r_2001,0.0,4.195334796949779e-05
mmkcat,r_2002_FWD,0.0,4.19546378161717e-05
mmkcat,r_2002_REV,0.0,0.0
mmkcat,r_2003_FWD,0.0,3.859289744875816e-05
mmkcat,r_2003_REV,0.0,0.0
mmkcat,r_2004,0.0,0.0
mmkcat,r_2005_FWD,0.0,4.088626616196105e-05
mmkcat,r_2005_REV,0.0846634092773079,0.0847570083781441
mmkcat,r_2008_ENZ_YNR013C_FWD,0.0,0.0002539622243769
mmkcat,r_2008_ENZ_YNR013C_REV,0.0,0.0002505569643674
mmkcat,r_2020_FWD,0.0,0.0
mmkcat,r_2020_REV,0.0011006505369637,0.0011006543102499
mmkcat,r_2022_FWD,0.0,3.129442009763145e-06
mmkcat,r_2022_REV,0.0,0.0
mmkcat,r_2023_FWD,0.0,0.0
mmkcat,r_2023_REV,0.0,0.0
mmkcat,r_2024,0.0,7.416331227361184e-06
mmkcat,r_2025_ENZ_YNR027W,0.0,0.0
mmkcat,r_2026_ENZ_YNR027W,0.0,0.0001398475861232
mmkcat,r_2027,0.0,0.0001398475861232
mmkcat,r_2028,0.0,0.0
mmkcat,r_2029_ENZ_YEL029C,0.0,0.0
mmkcat,r_2030,0.0003001774157525,0.0003032099460454
mmkcat,r_2031_FWD,0.0,0.00015781283136
mmkcat,r_2031_REV,0.0,0.0003857397916362
mmkcat,r_2032_FWD,2.907020823956799,2.912548885617265
mmkcat,r_2032_REV,0.0,0.0003028317691682
mmkcat,r_2033,0.0,0.0001285267492741
mmkcat,r_2034_ENZ_YGL080W_and_YGR243W,0.0,0.000754671038444
mmkcat,r_2034_ENZ_YGL080W_and_YHR162W,0.0,0.0004771106930781
mmkcat,r_2036_FWD,0.0,0.0
mmkcat,r_2036_REV,0.0,0.0
mmkcat,r_2037_FWD,0.0,7.494009888049658e-05
mmkcat,r_2037_REV,0.0,0.0
mmkcat,r_2038,0.0,0.0
mmkcat,r_2039,0.0,3.032099495005868e-06
mmkcat,r_2040_ENZ_YOR306C,0.0,0.0
mmkcat,r_2041_ENZ_YDR342C,0.0,0.0
mmkcat,r_2041_ENZ_YHR092C,0.0,0.0
mmkcat,r_2042_FWD,0.0,0.0
mmkcat,r_2042_REV,0.0,0.0
mmkcat,r_2043,0.0,0.0
mmkcat,r_2044,0.0,-0.0
mmkcat,r_2045_ENZ_YDR508C_FWD,5.783059944778311e-05,0.0003452130624106
mmkcat,r_2045_ENZ_YDR508C_REV,0.0,0.0004858641358207
mmkcat,r_2046,0.0,5.463802820164539e-06
mmkcat,r_2049_FWD,0.0,0.0
mmkcat,r_2049_REV,0.0012037417821383,0.0012037417821383
mmkcat,r_2050,0.0,0.0
mmkcat,r_2051,0.0,4.1929613489796735e-06
mmkcat,r_2052,0.0,4.358472492124732e-06
mmkcat,r_2053_FWD,0.0111815885859609,0.0111846005988494
mmkcat,r_2053_REV,0.0,0.0
mmkcat,r_2054_FWD,0.0111815885859609,0.0111846005988494
mmkcat,r_2054_REV,0.0,0.0
mmkcat,r_2055,0.0,4.806957251107802e-06
mmkcat,r_2056,0.0,6.125688147795572e-05
mmkcat,r_2057_FWD,0.0,0.0
mmkcat,r_2057_REV,0.0,6.125688147795572e-05
mmkcat,r_2058,0.0,0.0
mmkcat,r_2060_FWD,0.0,0.0
mmkcat,r_2060_REV,0.02607858069427,0.0261241782358095
mmkcat,r_2061,0.0,4.472740111269302e-05
mmkcat,r_2062,0.0,0.0
mmkcat,r_2063_FWD,0.0,7.25086970065903e-05
mmkcat,r_2063_REV,0.0,0.0
mmkcat,r_2064_ENZ_YDL024C,0.0,2.5287671738650727e-05
mmkcat,r_2065,0.0,2.4966693987738307e-05
mmkcat,r_2066,0.0,0.0
mmkcat,r_2067,0.0,-0.0
mmkcat,r_2068,0.0,0.0
mmkcat,r_2069,0.0,3.638514366869237e-07
mmkcat,r_2072_ENZ_YDR508C,0.0,0.0004994003437054
mmkcat,r_2073,0.0,1.1030312712955554e-05
mmkcat,r_2074,0.0,0.0003509414063778
mmkcat,r_2075_FWD,0.0,0.0
mmkcat,r_2075_REV,0.0,1.1030844164713156e-05
mmkcat,r_2079_ENZ_YGR289C_FWD,0.0,9.580086262341024e-05
mmkcat,r_2079_ENZ_YGR289C_REV,0.0,0.0
mmkcat,r_2080_FWD,0.0,8.734166005528593e-05
mmkcat,r_2080_REV,0.0,0.0
mmkcat,r_2082,0.0,0.0
mmkcat,r_2083,0.0,2.4907405135242425e-05
mmkcat,r_2084_FWD,0.0,2.490817075303381e-05
mmkcat,r_2084_REV,0.0,0.0
mmkcat,r_2085_FWD,0.0,0.0
mmkcat,r_2085_REV,0.0,2.490817077479418e-05
mmkcat,r_2086,0.0,0.0
mmkcat,r_2087_FWD,0.0,0.0
mmkcat,r_2087_REV,0.0,0.0
mmkcat,r_2089_FWD,0.0,0.0152919770299279
mmkcat,r_2089_REV,0.0,0.0
mmkcat,r_2090,0.0,0.0
mmkcat,r_2091,0.0,5.285122651618734e-06
mmkcat,r_2092,0.0,0.0
mmkcat,r_2093_FWD,0.0,0.0
mmkcat,r_2093_REV,0.0921573810484801,0.0922466529209701
mmkcat,r_2094_ENZ_YLL052C_FWD,0.0,0.0
mmkcat,r_2094_ENZ_YLL052C_REV,0.0,0.011183680962598
mmkcat,r_2094_ENZ_YPR192W_FWD,0.0,0.0
mmkcat,r_2094_ENZ_YPR192W_REV,0.0,0.0111815959227496
mmkcat,r_2095_FWD,0.0,0.0003446069893655
mmkcat,r_2095_REV,0.0,0.0
mmkcat,r_2096_FWD,0.0,0.0
mmkcat,r_2096_REV,29.710729806465054,29.720973664068943
mmkcat,r_2097_FWD,0.5530694302393493,8.43269358753824
mmkcat,r_2097_REV,0.0,0.0
mmkcat,r_2098_FWD,0.0,2.8258506747230545e-05
mmkcat,r_2098_REV,0.0,3.659188330933788e-05
mmkcat,r_2099_FWD,0.0,0.0001722165450746
mmkcat,r_2099_REV,0.0,0.0002077040581122
mmkcat,r_2100_FWD,15.19271255455158,15.195680369001469
mmkcat,r_2100_REV,0.0,0.0
mmkcat,r_2101_FWD,0.0,9.999999997489796e-05
mmkcat,r_2101_REV,0.0,0.0001121201124119
mmkcat,r_2102,0.0,0.0
mmkcat,r_2103,0.0,0.0
mmkcat,r_2104,0.0,0.0
mmkcat,r_2105_ENZ_YDL245C_FWD,0.0,0.0
mmkcat,r_2105_ENZ_YDL245C_REV,0.0,0.0
mmkcat,r_2105_ENZ_YLL043W_FWD,0.0,0.0
mmkcat,r_2105_ENZ_YLL043W_REV,0.0,0.0
mmkcat,r_2106,0.0,3.4561171964597737e-07
mmkcat,r_2107_ENZ_YIL013C_FWD,0.0,1.1287648538110815e-05
mmkcat,r_2107_ENZ_YIL013C_REV,0.0,3.4370814873049826e-07
mmkcat,r_2107_ENZ_YOR011W_FWD,0.0,1.1752281020399758e-05
mmkcat,r_2107_ENZ_YOR011W_REV,0.0,9.459724379267838e-06
mmkcat,r_2108,0.3032095198476554,0.3032105645501913
mmkcat,r_2111,0.3032095198479171,0.3032105645501913
mmkcat,r_2112_ENZ_YJL060W_FWD,0.0,0.0
mmkcat,r_2112_ENZ_YJL060W_REV,0.0,0.0
mmkcat,r_2113,0.0,0.0
mmkcat,r_2114,0.0018404817775884,0.0018408516675316
mmkcat,r_2115_ENZ_YBR145W,0.0,0.002747980565142
mmkcat,r_2115_ENZ_YOL086C,0.0,0.0026730246179618
mmkcat,r_2116_ENZ_YER073W,0.0,7.033710591430875e-05
mmkcat,r_2116_ENZ_YMR110C,0.0,0.0011916391598755
mmkcat,r_2116_ENZ_YMR170C,0.0,6.869815498583565e-05
mmkcat,r_2116_ENZ_YOR374W,0.0,0.0001039681712879
mmkcat,r_2117_ENZ_YHR137W_FWD,0.0,0.003147217707356
mmkcat,r_2117_ENZ_YHR137W_REV,0.0,0.0017011242948462
mmkcat,r_2118_ENZ_YHR137W,0.0,2.490740520363216e-05
mmkcat,r_2119_ENZ_YHR137W_FWD,0.0,0.0017947291298966
mmkcat,r_2119_ENZ_YHR137W_REV,0.0,0.0026500597598973
mmkcat,r_2125_FWD,0.0,0.0013033350205598
mmkcat,r_2125_REV,0.0,0.0178236671748457
mmkcat,r_2126_ENZ_YKR043C,0.0,0.0002153061150175
mmkcat,r_2129,0.0,0.0081143202436919
mmkcat,r_2131_ENZ_YDL066W,0.3163288715195482,0.3184716280449908
mmkcat,r_2132_ENZ_YOR222W,0.0,0.0
mmkcat,r_2132_ENZ_YPL134C,0.4644182736563803,0.4743543864891533
mmkcat,r_2134,0.0,2.932434006923043e-06
mmkcat,r_2136_FWD,0.0,0.0
mmkcat,r_2136_REV,0.0,2.879504205001437e-06
mmkcat,r_2137,0.0,3.4534466331406777e-07
mmkcat,r_2139_FWD,0.0,0.0
mmkcat,r_2139_REV,0.0,3.47424038749794e-07
mmkcat,r_2140_ENZ_YKL182W_and_YPL231W,0.0378318662398085,0.0379167495491411
mmkcat,r_2141_ENZ_YKL182W_and_YPL231W,0.0116873814105216,0.0117698209106145
mmkcat,r_2142_ENZ_YER061C_and_YKL192C,0.0,0.0
mmkcat,r_2143_ENZ_YER061C_and_YKL192C,0.0,0.0
mmkcat,r_2144_ENZ_YER061C_and_YKL192C,0.0,-0.0
mmkcat,r_2145_ENZ_YKL055C,0.0,0.0
mmkcat,r_2146_ENZ_YKL055C,0.0,0.0
mmkcat,r_2147_ENZ_YKL055C,0.0,-0.0
mmkcat,r_2148_ENZ_YHR067W_FWD,0.0,0.0
mmkcat,r_2148_ENZ_YHR067W_REV,0.0,0.0
mmkcat,r_2149_ENZ_YHR067W_FWD,0.0,0.0
mmkcat,r_2149_ENZ_YHR067W_REV,0.0,0.0
mmkcat,r_2150_ENZ_YHR067W_FWD,0.0,0.0
mmkcat,r_2150_ENZ_YHR067W_REV,0.0,0.0
mmkcat,r_2151_ENZ_YBR026C,0.0,0.0
mmkcat,r_2152_ENZ_YBR026C,0.0,0.0
mmkcat,r_2153_ENZ_YBR026C,0.0,-0.0
mmkcat,r_2154_ENZ_YJL196C,0.0,5.789907939017051e-06
mmkcat,r_2155_ENZ_YJL196C,0.0,7.489817381778283e-06
mmkcat,r_2156_ENZ_YCR034W,0.0,7.412610864647451e-05
mmkcat,r_2157_ENZ_YCR034W,0.0,6.297045538414985e-06
mmkcat,r_2157_ENZ_YLR372W,0.0,6.297045538414985e-06
mmkcat,r_2158_ENZ_YCR034W,0.0,7.519461106217448e-06
mmkcat,r_2158_ENZ_YLR372W,0.0,7.417735846430408e-06
mmkcat,r_2159_ENZ_YCR034W,0.0,5.739535315610763e-06
mmkcat,r_2159_ENZ_YLR372W,0.0,5.683329180624933e-06
mmkcat,r_2160_ENZ_YLR372W,0.0,4.5612060924656e-06
mmkcat,r_2161_ENZ_YBR159W,0.0,5.789907939017051e-06
mmkcat,r_2162_ENZ_YBR159W,0.0,7.489817381778283e-06
mmkcat,r_2163_ENZ_YBR159W,0.0,7.412610864647451e-05
mmkcat,r_2164_ENZ_YBR159W,0.0,9.462179889925987e-06
mmkcat,r_2165_ENZ_YBR159W,0.0,7.519461097110503e-06
mmkcat,r_2166_ENZ_YBR159W,0.0,5.739535241861948e-06
mmkcat,r_2167_ENZ_YBR159W,0.0,4.5612060924656e-06
mmkcat,r_2168_ENZ_YJL097W_FWD,0.0,8.700403107404024e-06
mmkcat,r_2168_ENZ_YJL097W_REV,0.0,0.0
mmkcat,r_2169_ENZ_YJL097W_FWD,0.0,7.490047607324375e-06
mmkcat,r_2169_ENZ_YJL097W_REV,0.0,0.0
mmkcat,r_2170_ENZ_YJL097W_FWD,0.0,7.412838667702343e-05
mmkcat,r_2170_ENZ_YJL097W_REV,0.0,0.0
mmkcat,r_2171_ENZ_YJL097W_FWD,0.0,8.464560190331918e-06
mmkcat,r_2171_ENZ_YJL097W_REV,0.0,0.0
mmkcat,r_2172_ENZ_YJL097W_FWD,0.0,7.519692259741112e-06
mmkcat,r_2172_ENZ_YJL097W_REV,0.0,0.0
mmkcat,r_2173_ENZ_YJL097W,0.0,5.739535241861948e-06
mmkcat,r_2174_ENZ_YJL097W_FWD,0.0,4.56134629155152e-06
mmkcat,r_2174_ENZ_YJL097W_REV,0.0,0.0
mmkcat,r_2175_ENZ_YDL015C,0.0,5.789907939017051e-06
mmkcat,r_2176_ENZ_YDL015C,0.0,7.489817381778283e-06
mmkcat,r_2177_ENZ_YDL015C,0.0,7.412610864647451e-05
mmkcat,r_2178_ENZ_YDL015C,0.0,9.462179889925987e-06
mmkcat,r_2179_ENZ_YDL015C,0.0,7.519461097110503e-06
mmkcat,r_2180_ENZ_YDL015C,0.0,5.739535241861948e-06
mmkcat,r_2181_ENZ_YDL015C,0.0,4.5612060924656e-06
mmkcat,r_2182_ENZ_YGL055W,0.0282816731309588,0.0282829122247913
mmkcat,r_2183_ENZ_YGL055W,0.0093460048403917,0.0093471316183115
mmkcat,r_2184_FWD,0.0,0.0
mmkcat,r_2184_REV,0.0,5.79989530802294e-06
mmkcat,r_2185_FWD,0.0,0.0
mmkcat,r_2185_REV,0.0,3.932919243927151e-06
mmkcat,r_2186_ENZ_YBR041W_FWD,0.0,0.0
mmkcat,r_2186_ENZ_YBR041W_REV,0.0,4.223719180851404e-06
mmkcat,r_2187,0.0,3.908044784924705e-06
mmkcat,r_2188,0.0,5.682802530558758e-06
mmkcat,r_2189,0.0,1.1493962634395814e-06
mmkcat,r_2190_ENZ_YNL065W_FWD,0.0,0.0
mmkcat,r_2190_ENZ_YNL065W_REV,0.0,5.477111673224399e-06
mmkcat,r_2191_ENZ_YNL065W_FWD,0.0,0.0
mmkcat,r_2191_ENZ_YNL065W_REV,0.0,5.580229215818022e-06
mmkcat,r_2192_ENZ_YBR041W_FWD,0.0,0.0
mmkcat,r_2192_ENZ_YBR041W_REV,0.0,2.28275022211245e-06
mmkcat,r_2193,0.0,3.618754153729334e-05
mmkcat,r_2194_ENZ_YOR317W_FWD,0.0,8.477437886500927e-05
mmkcat,r_2194_ENZ_YOR317W_REV,0.0,8.54447509793401e-05
mmkcat,r_2195_ENZ_YMR246W_FWD,0.0,9.32312163080827e-05
mmkcat,r_2195_ENZ_YMR246W_REV,0.0,9.414998611617908e-05
mmkcat,r_2195_ENZ_YOR317W_FWD,0.0,9.222660627832028e-05
mmkcat,r_2195_ENZ_YOR317W_REV,0.0,8.702584431051545e-05
mmkcat,r_2196_ENZ_YMR246W_FWD,0.0,9.58026314196836e-05
mmkcat,r_2196_ENZ_YMR246W_REV,0.0,0.0001165825477973
mmkcat,r_2196_ENZ_YOR317W_FWD,0.0,9.004123718026065e-05
mmkcat,r_2196_ENZ_YOR317W_REV,0.0,0.0001053159020536
mmkcat,r_2197_ENZ_YMR246W_FWD,0.0,9.47778148877143e-05
mmkcat,r_2197_ENZ_YMR246W_REV,0.0,0.0018420631683286
mmkcat,r_2197_ENZ_YOR317W_FWD,0.0,9.240434951160112e-05
mmkcat,r_2197_ENZ_YOR317W_REV,0.0,0.0009170088579519
mmkcat,r_2198_ENZ_YMR246W_FWD,0.0,9.380183866625202e-05
mmkcat,r_2198_ENZ_YMR246W_REV,0.0,0.0001006797486225
mmkcat,r_2198_ENZ_YOR317W_FWD,0.0,8.956884452082651e-05
mmkcat,r_2198_ENZ_YOR317W_REV,0.0,9.177925309346344e-05
mmkcat,r_2199_ENZ_YMR246W_FWD,0.0,0.0003873767078779
mmkcat,r_2199_ENZ_YMR246W_REV,0.0,9.317692355236974e-05
mmkcat,r_2199_ENZ_YOR317W_FWD,0.0,0.0003477166080909
mmkcat,r_2199_ENZ_YOR317W_REV,0.0,8.537822588245979e-05
mmkcat,r_2200_ENZ_YOR317W_FWD,0.0,8.544475074087064e-05
mmkcat,r_2200_ENZ_YOR317W_REV,0.0,8.456681408730981e-05
mmkcat,r_2201_ENZ_YMR246W_FWD,0.0,9.414998606616708e-05
mmkcat,r_2201_ENZ_YMR246W_REV,0.0,9.288633807015704e-05
mmkcat,r_2201_ENZ_YOR317W_FWD,0.0,8.909359456421279e-05
mmkcat,r_2201_ENZ_YOR317W_REV,0.0,8.581053689251533e-05
mmkcat,r_2202_ENZ_YMR246W_FWD,0.0,9.519693079518277e-05
mmkcat,r_2202_ENZ_YMR246W_REV,0.0,0.0001145572045749
mmkcat,r_2202_ENZ_YOR317W_FWD,0.0,8.959403780952062e-05
mmkcat,r_2202_ENZ_YOR317W_REV,0.0,0.0001082387654232
mmkcat,r_2203_ENZ_YMR246W_FWD,0.0,0.0006468109778419
mmkcat,r_2203_ENZ_YMR246W_REV,0.0,0.0018235670524048
mmkcat,r_2203_ENZ_YOR317W_FWD,0.0,8.898760076962942e-05
mmkcat,r_2203_ENZ_YOR317W_REV,0.0,0.0008252873829147
mmkcat,r_2204_ENZ_YMR246W_FWD,0.0,9.670843364162356e-05
mmkcat,r_2204_ENZ_YMR246W_REV,0.0,9.90850990200105e-05
mmkcat,r_2204_ENZ_YOR317W_FWD,0.0,8.91641158293766e-05
mmkcat,r_2204_ENZ_YOR317W_REV,0.0,9.031782234568272e-05
mmkcat,r_2205_ENZ_YMR246W_FWD,0.0,0.0003851061757911
mmkcat,r_2205_ENZ_YMR246W_REV,0.0,9.227172757676876e-05
mmkcat,r_2205_ENZ_YOR317W_FWD,0.0,0.0003510630318525
mmkcat,r_2205_ENZ_YOR317W_REV,0.0,8.450264419312687e-05
mmkcat,r_2206_ENZ_YER015W_FWD,0.0,5.203841059179319e-05
mmkcat,r_2206_ENZ_YER015W_REV,0.0,5.4451959661324966e-05
mmkcat,r_2207_ENZ_YER015W_FWD,0.0,6.24232762840293e-05
mmkcat,r_2207_ENZ_YER015W_REV,0.0,2.424873420467313e-05
mmkcat,r_2208_ENZ_YER015W_FWD,0.0,4.934065503253517e-05
mmkcat,r_2208_ENZ_YER015W_REV,0.0,5.155801628877259e-05
mmkcat,r_2209_ENZ_YIL009W_FWD,0.0,0.0
mmkcat,r_2209_ENZ_YIL009W_REV,0.0,0.0
mmkcat,r_2210_ENZ_YIL009W_FWD,0.0,0.0
mmkcat,r_2210_ENZ_YIL009W_REV,0.0,0.0
mmkcat,r_2211_ENZ_YIL009W_FWD,0.0,4.932087496377536e-05
mmkcat,r_2211_ENZ_YIL009W_REV,0.0,4.9320874836552696e-05
mmkcat,r_2212_ENZ_YIL009W_FWD,0.0,2.1008572097553575e-05
mmkcat,r_2212_ENZ_YIL009W_REV,0.0,4.932772275989316e-05
mmkcat,r_2213_ENZ_YBR041W_FWD,0.0,0.0
mmkcat,r_2213_ENZ_YBR041W_REV,0.0,0.0
mmkcat,r_2214_ENZ_YBR041W_FWD,0.0,7.177878178032954e-05
mmkcat,r_2214_ENZ_YBR041W_REV,0.0,7.011136365985798e-05
mmkcat,r_2215_ENZ_YBR041W_FWD,0.0,8.820406142073796e-05
mmkcat,r_2215_ENZ_YBR041W_REV,0.0,3.602895547145703e-05
mmkcat,r_2216_ENZ_YBR041W_FWD,0.0,0.0
mmkcat,r_2216_ENZ_YBR041W_REV,0.0,0.0
mmkcat,r_2217_ENZ_YBR041W_FWD,0.0,7.25064683901877e-05
mmkcat,r_2217_ENZ_YBR041W_REV,0.0,3.5203709619705616e-05
mmkcat,r_2218_ENZ_YBR041W_FWD,0.0,7.300569228152481e-05
mmkcat,r_2218_ENZ_YBR041W_REV,0.0,3.431719788739792e-05
mmkcat,r_2219_ENZ_YKL188C_and_YPL147W,0.0,2.47529075017186e-05
mmkcat,r_2220_ENZ_YKL188C_and_YPL147W,0.0,2.0169972790048025e-05
mmkcat,r_2221_ENZ_YKL188C_and_YPL147W,0.0,1.6517834235070284e-05
mmkcat,r_2222_ENZ_YKL188C_and_YPL147W,0.0,4.925888656259758e-05
mmkcat,r_2223_ENZ_YKL188C_and_YPL147W,0.0,3.1587747272437215e-05
mmkcat,r_2224_ENZ_YKL188C_and_YPL147W,0.0,3.2334214370217635e-05
mmkcat,r_2225_ENZ_YKL188C_and_YPL147W,0.0,9.462179807935502e-06
mmkcat,r_2226_ENZ_YKL188C_and_YPL147W,0.0,7.383505310271365e-06
mmkcat,r_2227_ENZ_YKL188C_and_YPL147W,0.0,5.739535312335739e-06
mmkcat,r_2228_ENZ_YKL188C_and_YPL147W,0.0,4.56120607314175e-06
mmkcat,r_2229_FWD,0.0,0.0
mmkcat,r_2229_REV,0.0,5.4771116777097005e-06
mmkcat,r_2230_FWD,0.0,0.0
mmkcat,r_2230_REV,0.0,5.194897469356502e-06
mmkcat,r_2231_ENZ_YKL188C_and_YPL147W_FWD,0.0,7.851030014316804e-07
mmkcat,r_2231_ENZ_YKL188C_and_YPL147W_REV,0.0,0.0001417144509271
mmkcat,r_2232_ENZ_YJR019C,0.0,5.47694332231341e-06
mmkcat,r_2233_ENZ_YJR019C,0.0,5.682802530558758e-06
mmkcat,r_2234_ENZ_YJR019C,0.0,4.94616530666292e-05
mmkcat,r_2235_ENZ_YJR019C,0.0,4.934065517758768e-05
mmkcat,r_2236_ENZ_YGL205W,0.0,5.065441591197335e-06
mmkcat,r_2237_ENZ_YGL205W,0.0,6.279990274704077e-06
mmkcat,r_2238_ENZ_YGL205W,0.0,5.926423052532784e-06
mmkcat,r_2239_ENZ_YGL205W,0.0,9.462179885821962e-06
mmkcat,r_2240_ENZ_YGL205W,0.0,7.519461076464003e-06
mmkcat,r_2241_ENZ_YGL205W,0.0,5.739535297775382e-06
mmkcat,r_2242_ENZ_YGL205W,0.0,1.1841717699745402e-06
mmkcat,r_2243_ENZ_YGL205W,0.0,1.1841717699745402e-06
mmkcat,r_2244_ENZ_YGL205W,0.0,1.1841717699745402e-06
mmkcat,r_2245_ENZ_YGL205W,0.0,1.1141021408773294e-06
mmkcat,r_2246_ENZ_YGL205W,0.0,1.1141021408773294e-06
mmkcat,r_2247_ENZ_YGL205W,0.0,1.1141021408773294e-06
mmkcat,r_2248_ENZ_YKR009C,0.0,6.562254990703421e-06
mmkcat,r_2249_ENZ_YKR009C,0.0,6.562255015549044e-06
mmkcat,r_2250_ENZ_YKR009C,0.0,6.111415723264457e-06
mmkcat,r_2251_ENZ_YKR009C,0.0,7.48981738526074e-06
mmkcat,r_2252_ENZ_YKR009C,0.0,1.1979756261220536e-05
mmkcat,r_2253_ENZ_YKR009C,0.0,4.56120607314175e-06
mmkcat,r_2254_ENZ_YKR009C,0.0,5.065441591197335e-06
mmkcat,r_2255_ENZ_YKR009C,0.0,6.279990274704077e-06
mmkcat,r_2256_ENZ_YKR009C,0.0,5.926423052532784e-06
mmkcat,r_2257_ENZ_YKR009C,0.0,9.462179885821962e-06
mmkcat,r_2258_ENZ_YKR009C,0.0,7.519461076464003e-06
mmkcat,r_2259_ENZ_YKR009C,0.0,5.739535297775382e-06
mmkcat,r_2260_ENZ_YKR009C,0.0,1.1841717699745402e-06
mmkcat,r_2261_ENZ_YKR009C,0.0,1.1841717699745402e-06
mmkcat,r_2262_ENZ_YKR009C,0.0,1.1841717696706898e-06
mmkcat,r_2263_ENZ_YKR009C,0.0,1.1141021408773294e-06
mmkcat,r_2264_ENZ_YKR009C,0.0,1.1141021408773294e-06
mmkcat,r_2265_ENZ_YKR009C,0.0,1.0812159256237351e-06
mmkcat,r_2266_ENZ_YKR009C,0.0,6.562254990703421e-06
mmkcat,r_2267_ENZ_YKR009C,0.0,6.562255015549044e-06
mmkcat,r_2268_ENZ_YKR009C,0.0,7.48981738526074e-06
mmkcat,r_2269_ENZ_YKR009C,0.0,1.1979756261220536e-05
mmkcat,r_2270_ENZ_YKR009C,0.0,4.56120607314175e-06
mmkcat,r_2271_ENZ_YKR009C,0.0,5.065441591197335e-06
mmkcat,r_2272_ENZ_YKR009C,0.0,6.279990274704077e-06
mmkcat,r_2273_ENZ_YKR009C,0.0,5.926423052532784e-06
mmkcat,r_2274_ENZ_YKR009C,0.0,9.462179885821962e-06
mmkcat,r_2275_ENZ_YKR009C,0.0,7.519461076464003e-06
mmkcat,r_2276_ENZ_YKR009C,0.0,5.739535297775382e-06
mmkcat,r_2277_ENZ_YKR009C,0.0,1.1841717699745402e-06
mmkcat,r_2278_ENZ_YKR009C,0.0,1.1841717699745402e-06
mmkcat,r_2279_ENZ_YKR009C,0.0,1.1841717696706898e-06
mmkcat,r_2280_ENZ_YKR009C,0.0,1.1141021408773294e-06
mmkcat,r_2281_ENZ_YKR009C,0.0,1.1141021408773294e-06
mmkcat,r_2282_ENZ_YKR009C,0.0,1.0812159256237351e-06
mmkcat,r_2283_ENZ_YIL160C,0.0,5.065441591197335e-06
mmkcat,r_2284_ENZ_YIL160C,0.0,6.279990274704077e-06
mmkcat,r_2285_ENZ_YIL160C,0.0,5.926423052532784e-06
mmkcat,r_2286_ENZ_YIL160C,0.0,9.462179885821962e-06
mmkcat,r_2287_ENZ_YIL160C,0.0,7.519461076464003e-06
mmkcat,r_2288_ENZ_YIL160C,0.0,5.739535297775382e-06
mmkcat,r_2289_ENZ_YIL160C,0.0,1.1841717699745402e-06
mmkcat,r_2290_ENZ_YIL160C,0.0,1.1841717699745402e-06
mmkcat,r_2291_ENZ_YIL160C,0.0,1.1841717696706898e-06
mmkcat,r_2292_ENZ_YIL160C,0.0,1.1141021408773294e-06
mmkcat,r_2293_ENZ_YIL160C,0.0,1.1141021408773294e-06
mmkcat,r_2294_ENZ_YIL160C,0.0,1.0812159256237351e-06
mmkcat,r_2295_ENZ_YLR284C,0.0,3.4564325454420807e-06
mmkcat,r_2296_ENZ_YLR284C,0.0,1.144572094365739e-06
mmkcat,r_2297_ENZ_YLR284C,0.0,1.144572094365739e-06
mmkcat,r_2298_ENZ_YLR284C,0.0,1.0812159256237351e-06
mmkcat,r_2299_ENZ_YLR284C,0.0,7.814278223247393e-07
mmkcat,r_2300_ENZ_YLR284C,0.0,1.5633392944653518e-06
mmkcat,r_2301_ENZ_YOR180C,0.0,1.144572094365739e-06
mmkcat,r_2302_ENZ_YOR180C,0.0,6.684931598494097e-06
mmkcat,r_2303_ENZ_YNL202W,0.0,1.144572094365739e-06
mmkcat,r_2304_ENZ_YNL202W,0.0,6.684931598494097e-06
mmkcat,r_2305_ENZ_YLR304C_FWD,0.0988022765305583,0.1031550206793684
mmkcat,r_2305_ENZ_YLR304C_REV,0.0,0.0002804301489
mmkcat,r_2308_ENZ_YBL011W,0.0,0.0
mmkcat,r_2308_ENZ_YKR067W,0.0092262096830418,0.0096183396769857
mmkcat,r_2309_ENZ_YBL011W,0.0,0.0004115936416765
mmkcat,r_2309_ENZ_YKR067W,0.0,0.0005429636211435
mmkcat,r_2310_ENZ_YKR067W,0.002093072900117,0.0024565632429501
mmkcat,r_2311_ENZ_YKR067W,0.0,0.0001951689855372
mmkcat,r_2312_ENZ_YBL011W,0.0,0.0002762859072257
mmkcat,r_2312_ENZ_YKR067W,0.0,0.0003347406261671
mmkcat,r_2313_ENZ_YBL011W,0.0,0.0092862000617652
mmkcat,r_2313_ENZ_YKR067W,0.0,0.009286200062029
mmkcat,r_2314_ENZ_YKR067W,0.0,0.0003224297787636
mmkcat,r_2315_ENZ_YKR067W,0.0,0.0001142416538012
mmkcat,r_2316_ENZ_YKR067W,0.0,3.986744276483637e-05
mmkcat,r_2317_ENZ_YKR067W,0.0,0.0005386225157653
mmkcat,r_2318_ENZ_YKR067W,0.0,0.0001065152516217
mmkcat,r_2319_ENZ_YKR067W,0.0,3.688246775561457e-05
mmkcat,r_2320_ENZ_YKR067W,0.0,3.561043116173672e-05
mmkcat,r_2321_ENZ_YKR067W,0.0,0.0065662886464092
mmkcat,r_2322_ENZ_YKR067W,0.0,7.717529634070688e-05
mmkcat,r_2323_ENZ_YKR067W,0.0,3.2444268072939806e-05
mmkcat,r_2324_ENZ_YIL124W,0.0,0.0003502659463913
mmkcat,r_2325_ENZ_YIL124W,0.0022165847763715,0.0092862000628603
mmkcat,r_2326_ENZ_YIL124W,0.0,0.0003224297787636
mmkcat,r_2327_ENZ_YIL124W,0.0,0.0001142416538012
mmkcat,r_2328_ENZ_YIL124W,0.0,3.561043116173672e-05
mmkcat,r_2329_ENZ_YIL124W,0.0,0.0065662886464092
mmkcat,r_2330_ENZ_YIL124W,0.0,7.717529634070688e-05
mmkcat,r_2331_ENZ_YIL124W,0.0,3.2444268072939806e-05
mmkcat,r_2332_ENZ_YOR175C,0.0094345605948823,0.0096183396768255
mmkcat,r_2333_ENZ_YDL052C,0.0,3.9151023204697134e-05
mmkcat,r_2333_ENZ_YOR175C,0.0,4.0009108094991e-05
mmkcat,r_2334_ENZ_YOR175C,0.0022923180141825,0.0030615953866748
mmkcat,r_2335_ENZ_YDL052C,0.0,0.0065725962726279
mmkcat,r_2335_ENZ_YOR175C,0.0,0.0065725962726303
mmkcat,r_2336_ENZ_YOR175C,0.0023056172780475,0.0024730722808916
mmkcat,r_2337_ENZ_YDL052C,0.0,0.0001017935343181
mmkcat,r_2337_ENZ_YOR175C,0.0,0.0001022776762368
mmkcat,r_2338_ENZ_YOR175C,0.0,0.0001535598192047
mmkcat,r_2339_ENZ_YDL052C,0.0,3.374746538300504e-05
mmkcat,r_2339_ENZ_YOR175C,0.0,3.8543942747093546e-05
mmkcat,r_2340_ENZ_YDL052C,0.0,3.986744247734368e-05
mmkcat,r_2340_ENZ_YKR089C,0.0,3.577983078182516e-05
mmkcat,r_2340_ENZ_YOR081C,0.0,3.045689645178335e-05
mmkcat,r_2341_ENZ_YDL052C,0.0,0.0065726214617772
mmkcat,r_2341_ENZ_YKR089C,0.0,0.0002881319284771
mmkcat,r_2341_ENZ_YOR081C,0.0,0.0001263602031232
mmkcat,r_2342_ENZ_YDL052C,0.0,0.0001065152512415
mmkcat,r_2342_ENZ_YKR089C,0.0,7.490798102158464e-05
mmkcat,r_2342_ENZ_YOR081C,0.0,5.310513579450792e-05
mmkcat,r_2343_ENZ_YDL052C,0.0,3.688246788700061e-05
mmkcat,r_2343_ENZ_YKR089C,0.0,3.4234309205860614e-05
mmkcat,r_2343_ENZ_YOR081C,0.0,3.1517287772420175e-05
mmkcat,r_2344_ENZ_YMR165C,0.0,8.926403208318911e-05
mmkcat,r_2345_ENZ_YMR165C,0.0,4.3233031265601386e-05
mmkcat,r_2346_ENZ_YMR165C,0.0020699768535204,0.0027989057729449
mmkcat,r_2347_ENZ_YMR165C,0.0,4.431509619553398e-05
mmkcat,r_2348_ENZ_YMR165C,0.0,8.056727203894943e-05
mmkcat,r_2349_ENZ_YMR165C,0.0,3.593935453017442e-05
mmkcat,r_2350_ENZ_YMR165C,0.0,5.994219199534353e-05
mmkcat,r_2351_ENZ_YMR165C,0.0,3.369225979490414e-05
mmkcat,r_2352_ENZ_YDR284C,0.0,0.0
mmkcat,r_2353_ENZ_YDR284C,0.0,0.0
mmkcat,r_2354_ENZ_YDR284C,0.0,0.0
mmkcat,r_2355_ENZ_YDR284C,0.0,0.0
mmkcat,r_2356_ENZ_YDR284C,0.0,0.0
mmkcat,r_2357_ENZ_YDR284C,0.0,0.0
mmkcat,r_2358_ENZ_YDR284C,0.0,0.0
mmkcat,r_2359_ENZ_YDR284C,0.0,0.0
mmkcat,r_2360_ENZ_YDR503C,0.0,6.742877960793494e-05
mmkcat,r_2361_ENZ_YDR503C,0.0,3.905210879073803e-05
mmkcat,r_2362_ENZ_YDR503C,0.0,0.0005247684975062
mmkcat,r_2363_ENZ_YDR503C,0.0,3.5647167508459244e-05
mmkcat,r_2364_ENZ_YDR503C,0.0,6.716667839626888e-05
mmkcat,r_2365_ENZ_YDR503C,0.0,3.599448882890746e-05
mmkcat,r_2366_ENZ_YDR503C,0.0,5.546674454004471e-05
mmkcat,r_2367_ENZ_YDR503C,0.0,3.633839485444576e-05
mmkcat,r_2368_ENZ_YCR048W,0.0,9.067201724653448e-05
mmkcat,r_2368_ENZ_YNR019W,0.0,0.0001075369065318
mmkcat,r_2368_ENZ_YOR245C,0.0,8.953328457985137e-05
mmkcat,r_2369_ENZ_YCR048W,0.0,9.689205703869012e-05
mmkcat,r_2369_ENZ_YNR019W,0.0,0.0001091126818781
mmkcat,r_2369_ENZ_YOR245C,0.0,9.192132433610592e-05
mmkcat,r_2370_ENZ_YCR048W,0.0,0.0001263897152865
mmkcat,r_2370_ENZ_YNR019W,0.0,0.0001263897151821
mmkcat,r_2370_ENZ_YOR245C,0.0,0.0001263897151819
mmkcat,r_2371_ENZ_YCR048W,0.0,0.0001262979977328
mmkcat,r_2371_ENZ_YNR019W,0.0,0.0001262979979001
mmkcat,r_2371_ENZ_YOR245C,0.0,0.0001262979980297
mmkcat,r_2372_ENZ_YCR048W,0.0,0.0001321557167183
mmkcat,r_2372_ENZ_YNR019W,0.0,0.0001321557172962
mmkcat,r_2372_ENZ_YOR245C,0.0,0.0001321557172962
mmkcat,r_2373_ENZ_YCR048W,0.0,9.16270968533443e-05
mmkcat,r_2373_ENZ_YNR019W,0.0,0.0001073222040652
mmkcat,r_2373_ENZ_YOR245C,0.0,9.053100510177754e-05
mmkcat,r_2374_ENZ_YCR048W,0.0,0.0001279970225155
mmkcat,r_2374_ENZ_YNR019W,0.0,0.0001240144641703
mmkcat,r_2374_ENZ_YOR245C,0.0,0.0001240144641703
mmkcat,r_2375_ENZ_YCR048W,0.0,0.0001026496931259
mmkcat,r_2375_ENZ_YNR019W,0.0,0.000107534389518
mmkcat,r_2375_ENZ_YOR245C,0.0,8.981467390229889e-05
mmkcat,r_2376_ENZ_YCR048W,0.0,0.0005853299627075
mmkcat,r_2376_ENZ_YNR019W,0.0,0.0010725156566141
mmkcat,r_2376_ENZ_YOR245C,0.0,0.0005079971313579
mmkcat,r_2377_ENZ_YCR048W,0.0,0.0047273442153474
mmkcat,r_2377_ENZ_YNR019W,0.0,0.0046987133759237
mmkcat,r_2377_ENZ_YOR245C,0.0,0.0046987133759237
mmkcat,r_2378_ENZ_YCR048W,0.0,0.0006750703666968
mmkcat,r_2378_ENZ_YNR019W,0.0,0.0010912091140355
mmkcat,r_2378_ENZ_YOR245C,0.0,0.0003482203925747
mmkcat,r_2379_ENZ_YCR048W,0.0,0.0047728885099086
mmkcat,r_2379_ENZ_YNR019W,0.0,0.0047728885099086
mmkcat,r_2379_ENZ_YOR245C,0.0,0.0047728885099086
mmkcat,r_2380_ENZ_YCR048W,0.0,0.0007450493734347
mmkcat,r_2380_ENZ_YNR019W,0.0,0.00124022613592
mmkcat,r_2380_ENZ_YOR245C,0.0,0.0005095199279871
mmkcat,r_2381_ENZ_YCR048W,0.0,0.0047808244898365
mmkcat,r_2381_ENZ_YNR019W,0.0,0.0046916268323901
mmkcat,r_2381_ENZ_YOR245C,0.0,0.0046916268323901
mmkcat,r_2382_ENZ_YCR048W,0.0,0.0046993310466997
mmkcat,r_2382_ENZ_YNR019W,0.0,0.0046993311471696
mmkcat,r_2382_ENZ_YOR245C,0.0,0.0046993310466997
mmkcat,r_2383_ENZ_YCR048W,0.0,0.0046927626432059
mmkcat,r_2383_ENZ_YNR019W,0.0,0.0047273442155783
mmkcat,r_2383_ENZ_YOR245C,0.0,0.0046916215234903
mmkcat,r_2384_ENZ_YCR048W,0.0,8.207785856017004e-05
mmkcat,r_2384_ENZ_YNR019W,0.0,9.180472689040682e-05
mmkcat,r_2384_ENZ_YOR245C,0.0,8.012263778580896e-05
mmkcat,r_2385_ENZ_YCR048W,0.0,9.090569578551998e-05
mmkcat,r_2385_ENZ_YNR019W,0.0,9.630938496155192e-05
mmkcat,r_2385_ENZ_YOR245C,0.0,8.609117156089478e-05
mmkcat,r_2386_ENZ_YCR048W,0.0,0.0001098854005819
mmkcat,r_2386_ENZ_YNR019W,0.0,0.0001116059658663
mmkcat,r_2386_ENZ_YOR245C,0.0,0.000111605965759
mmkcat,r_2387_ENZ_YCR048W,0.0,0.000230867697892
mmkcat,r_2387_ENZ_YNR019W,0.0,0.0001098854006689
mmkcat,r_2387_ENZ_YOR245C,0.0,0.000109885400697
mmkcat,r_2388_ENZ_YCR048W,0.0,0.0002363413100016
mmkcat,r_2388_ENZ_YNR019W,0.0,9.44695552415279e-05
mmkcat,r_2388_ENZ_YOR245C,0.0,8.15777139695775e-05
mmkcat,r_2389_ENZ_YCR048W,0.0,3.879405720107849e-05
mmkcat,r_2389_ENZ_YNR019W,0.0,4.198345834099253e-05
mmkcat,r_2389_ENZ_YOR245C,0.0,3.936313879186748e-05
mmkcat,r_2390_ENZ_YCR048W,0.0,0.0001098854005946
mmkcat,r_2390_ENZ_YNR019W,0.0,0.0001098853992676
mmkcat,r_2390_ENZ_YOR245C,0.0,0.0001098853992676
mmkcat,r_2391_ENZ_YCR048W,0.0,0.0001098853999731
mmkcat,r_2391_ENZ_YNR019W,0.0,0.0001098854005784
mmkcat,r_2391_ENZ_YOR245C,0.0,0.0001098854007043
mmkcat,r_2392_ENZ_YCR048W,0.0,9.615953375650012e-05
mmkcat,r_2392_ENZ_YNR019W,0.0,9.6159534088243e-05
mmkcat,r_2392_ENZ_YOR245C,0.0,9.615953411049712e-05
mmkcat,r_2393_ENZ_YCR048W,0.0,9.615953435873972e-05
mmkcat,r_2393_ENZ_YNR019W,0.0,9.615953444728478e-05
mmkcat,r_2393_ENZ_YOR245C,0.0,9.61595344789276e-05
mmkcat,r_2394_ENZ_YCR048W,0.0,8.19792639749151e-05
mmkcat,r_2394_ENZ_YNR019W,0.0,8.577187017874688e-05
mmkcat,r_2394_ENZ_YOR245C,0.0,7.848824654151793e-05
mmkcat,r_2395_ENZ_YCR048W,0.0,8.329019835203594e-05
mmkcat,r_2395_ENZ_YNR019W,0.0,8.818304785416977e-05
mmkcat,r_2395_ENZ_YOR245C,0.0,7.962125048283086e-05
mmkcat,r_2396_ENZ_YCR048W,0.0,9.6159534019989e-05
mmkcat,r_2396_ENZ_YNR019W,0.0,9.44209199600296e-05
mmkcat,r_2396_ENZ_YOR245C,0.0,9.442091986884386e-05
mmkcat,r_2397_ENZ_YCR048W,0.0,9.615953439023016e-05
mmkcat,r_2397_ENZ_YNR019W,0.0,9.442091987617827e-05
mmkcat,r_2397_ENZ_YOR245C,0.0,9.442091997436948e-05
mmkcat,r_2398_ENZ_YCR048W,0.0,8.615964182380649e-05
mmkcat,r_2398_ENZ_YNR019W,0.0,8.834605530949266e-05
mmkcat,r_2398_ENZ_YOR245C,0.0,8.230607362952336e-05
mmkcat,r_2399_ENZ_YCR048W,0.0,8.704249371516842e-05
mmkcat,r_2399_ENZ_YNR019W,0.0,9.03630310479034e-05
mmkcat,r_2399_ENZ_YOR245C,0.0,8.386021356757319e-05
mmkcat,r_2400_ENZ_YOR245C,0.0,9.368585297037408e-05
mmkcat,r_2401_ENZ_YOR245C,0.0,9.618464807592948e-05
mmkcat,r_2402_ENZ_YOR245C,0.0,0.0001241045237658
mmkcat,r_2403_ENZ_YOR245C,0.0,0.000126297997598
mmkcat,r_2404_ENZ_YOR245C,0.0,0.0001240144640518
mmkcat,r_2405_ENZ_YOR245C,0.0,9.053100399922438e-05
mmkcat,r_2406_ENZ_YOR245C,0.0,0.0001262979967241
mmkcat,r_2407_ENZ_YOR245C,0.0,9.3980288372732e-05
mmkcat,r_2408_ENZ_YOR245C,0.0,0.0005079970617614
mmkcat,r_2409_ENZ_YOR245C,0.0,0.0046935234438425
mmkcat,r_2410_ENZ_YOR245C,0.0,0.0004707903916306
mmkcat,r_2411_ENZ_YOR245C,0.0,0.004787296447123
mmkcat,r_2412_ENZ_YOR245C,0.0,0.0005095200683591
mmkcat,r_2413_ENZ_YOR245C,0.0,0.0046948766303488
mmkcat,r_2414_ENZ_YOR245C,0.0,0.0047273442160032
mmkcat,r_2415_ENZ_YOR245C,0.0,0.0050356931254542
mmkcat,r_2416_ENZ_YOR245C,0.0,8.012263804141936e-05
mmkcat,r_2417_ENZ_YOR245C,0.0,8.60911735634357e-05
mmkcat,r_2418_ENZ_YOR245C,0.0,0.0001098854005916
mmkcat,r_2419_ENZ_YOR245C,0.0,0.0001098854005448
mmkcat,r_2420_ENZ_YOR245C,0.0,8.30798406422327e-05
mmkcat,r_2421_ENZ_YOR245C,0.0,3.915226133685674e-05
mmkcat,r_2422_ENZ_YOR245C,0.0,0.0001098854006591
mmkcat,r_2423_ENZ_YOR245C,0.0,0.000109885400768
mmkcat,r_2424_ENZ_YOR245C,0.0,9.615953415895508e-05
mmkcat,r_2425_ENZ_YOR245C,0.0,0.0001006194271872
mmkcat,r_2426_ENZ_YOR245C,0.0,7.848824898687348e-05
mmkcat,r_2427_ENZ_YOR245C,0.0,7.962125053196257e-05
mmkcat,r_2428_ENZ_YOR245C,0.0,9.615953445415298e-05
mmkcat,r_2429_ENZ_YOR245C,0.0,9.615953379949695e-05
mmkcat,r_2430_ENZ_YOR245C,0.0,8.08179370409912e-05
mmkcat,r_2431_ENZ_YOR245C,0.0,8.386021587562017e-05
mmkcat,r_2432_ENZ_YBR029C_FWD,0.0094345605944828,0.0095983988044349
mmkcat,r_2432_ENZ_YBR029C_REV,0.0,0.0
mmkcat,r_2433_ENZ_YBR029C_FWD,0.0,0.0003895645741438
mmkcat,r_2433_ENZ_YBR029C_REV,0.0,0.0
mmkcat,r_2434_ENZ_YBR029C_FWD,0.0023056172779662,0.0024555005529835
mmkcat,r_2434_ENZ_YBR029C_REV,0.0,0.0
mmkcat,r_2435_ENZ_YBR029C_FWD,0.0,0.0001951813916535
mmkcat,r_2435_ENZ_YBR029C_REV,0.0,0.0
mmkcat,r_2436_ENZ_YBR029C_FWD,0.0,4.001172098697103e-05
mmkcat,r_2436_ENZ_YBR029C_REV,0.0,0.0
mmkcat,r_2437_ENZ_YBR029C_FWD,0.0060294356882615,0.0065765884983864
mmkcat,r_2437_ENZ_YBR029C_REV,0.0,0.0
mmkcat,r_2438_ENZ_YBR029C_FWD,0.0,0.0001022843567714
mmkcat,r_2438_ENZ_YBR029C_REV,0.0,0.0
mmkcat,r_2439_ENZ_YBR029C_FWD,0.0,3.14179654938068e-05
mmkcat,r_2439_ENZ_YBR029C_REV,0.0,0.0
mmkcat,r_2440_ENZ_YBR029C_FWD,0.0,4.479532941363567e-05
mmkcat,r_2440_ENZ_YBR029C_REV,0.0,0.0
mmkcat,r_2441_ENZ_YBR029C_FWD,0.0,4.4794543346601576e-05
mmkcat,r_2441_ENZ_YBR029C_REV,0.0,0.0
mmkcat,r_2442_ENZ_YBR029C_FWD,0.0,3.2215352180733255e-05
mmkcat,r_2442_ENZ_YBR029C_REV,0.0,0.0
mmkcat,r_2443_ENZ_YBR029C_FWD,0.0,3.0341317340987265e-05
mmkcat,r_2443_ENZ_YBR029C_REV,0.0,0.0
mmkcat,r_2444_ENZ_YBR029C_FWD,0.0,2.1945221670038872e-05
mmkcat,r_2444_ENZ_YBR029C_REV,0.0,0.0
mmkcat,r_2445_ENZ_YBR029C_FWD,0.0,3.201655314836132e-05
mmkcat,r_2445_ENZ_YBR029C_REV,0.0,0.0
mmkcat,r_2446_ENZ_YER026C,0.0068491357108857,0.008622824426811
mmkcat,r_2447_ENZ_YER026C,0.0,9.009267605584324e-05
mmkcat,r_2448_ENZ_YER026C,0.0007516809169453,0.0024554979389083
mmkcat,r_2449_ENZ_YER026C,0.0,0.0001130305510697
mmkcat,r_2450_ENZ_YER026C,0.0,2.237221843038109e-05
mmkcat,r_2451_ENZ_YER026C,0.0058875469275092,0.0065567497595343
mmkcat,r_2452_ENZ_YER026C,0.0,0.0001022776720166
mmkcat,r_2453_ENZ_YER026C,0.0,1.819211406363461e-05
mmkcat,r_2454_ENZ_YPR113W,0.0005174941380945,0.0026360218598638
mmkcat,r_2455_ENZ_YPR113W,0.0,0.0003895562860348
mmkcat,r_2456_ENZ_YPR113W,0.0,0.0017414922838408
mmkcat,r_2457_ENZ_YPR113W,0.0,0.0001904367884334
mmkcat,r_2458_ENZ_YPR113W,0.0,3.4495992668790755e-05
mmkcat,r_2459_ENZ_YPR113W,0.0,0.0003370577421236
mmkcat,r_2460_ENZ_YPR113W,0.0,7.293704249413924e-05
mmkcat,r_2461_ENZ_YPR113W,0.0,2.722683235440657e-05
mmkcat,r_2462_ENZ_YBR042C_FWD,0.0,0.0
mmkcat,r_2462_ENZ_YBR042C_REV,0.0,0.0
mmkcat,r_2463_ENZ_YBR042C_FWD,0.0,0.0
mmkcat,r_2463_ENZ_YBR042C_REV,0.0,0.0
mmkcat,r_2464_ENZ_YNL169C,0.0,0.0075788251251181
mmkcat,r_2465_ENZ_YNL169C,0.0,9.244524983127549e-05
mmkcat,r_2466_ENZ_YNL169C,0.0,0.0013810791438715
mmkcat,r_2467_ENZ_YNL169C,0.0,0.0001924102130049
mmkcat,r_2468_ENZ_YNL169C,0.0,3.928572112449173e-05
mmkcat,r_2469_ENZ_YNL169C,0.0,0.0065716259589734
mmkcat,r_2470_ENZ_YNL169C,0.0,0.0001022776715569
mmkcat,r_2471_ENZ_YNL169C,0.0,2.129212022136121e-05
mmkcat,r_2472_ENZ_YGR170W,0.0,0.0006006982519728
mmkcat,r_2473_ENZ_YGR170W,0.0,7.230400851148018e-05
mmkcat,r_2474_ENZ_YGR170W,0.0,0.0002096939922624
mmkcat,r_2475_ENZ_YGR170W,0.0,9.375441594320228e-05
mmkcat,r_2476_ENZ_YGR170W,0.0,3.783610513126857e-05
mmkcat,r_2477_ENZ_YGR170W,0.0,0.0006941726587229
mmkcat,r_2478_ENZ_YGR170W,0.0,9.394020033975902e-05
mmkcat,r_2479_ENZ_YGR170W,0.0,2.965688989609548e-05
mmkcat,r_2480_ENZ_YGR170W,0.0,0.0075788251251181
mmkcat,r_2481_ENZ_YGR170W,0.0,8.820181858819895e-05
mmkcat,r_2482_ENZ_YGR170W,0.0,0.0010604964008908
mmkcat,r_2483_ENZ_YGR170W,0.0,0.0001229260335977
mmkcat,r_2484_ENZ_YGR170W,0.0,3.9285721161152944e-05
mmkcat,r_2485_ENZ_YGR170W,0.0,0.0065716259589734
mmkcat,r_2486_ENZ_YGR170W,0.0,0.0001022776716556
mmkcat,r_2487_ENZ_YGR170W,0.0,2.129212019111315e-05
mmkcat,r_2488_ENZ_YGR157W,0.0,0.0074543980453715
mmkcat,r_2489_ENZ_YGR157W,0.0,0.0064949037080478
mmkcat,r_2490_ENZ_YGR157W,0.0,0.0003394063824931
mmkcat,r_2491_ENZ_YGR157W,0.0,0.0001777694157692
mmkcat,r_2492_ENZ_YGR157W,0.0,0.0074543980443816
mmkcat,r_2493_ENZ_YGR157W,0.0,0.0064866856763285
mmkcat,r_2494_ENZ_YGR157W,0.0,0.0002837335175744
mmkcat,r_2495_ENZ_YGR157W,0.0,0.0001091634818309
mmkcat,r_2496_ENZ_YJR073C,0.0,0.0074543980453715
mmkcat,r_2497_ENZ_YJR073C,0.0,0.0064949037080478
mmkcat,r_2498_ENZ_YJR073C,0.0,0.0003394063824931
mmkcat,r_2499_ENZ_YJR073C,0.0,0.0001777694157692
mmkcat,r_2500_ENZ_YJR073C,0.0,0.0074543980443816
mmkcat,r_2501_ENZ_YJR073C,0.0,0.0064866856763285
mmkcat,r_2502_ENZ_YJR073C,0.0,0.0002837335175744
mmkcat,r_2503_ENZ_YJR073C,0.0,0.0001091634818309
mmkcat,r_2504_ENZ_YJR073C,0.0,0.0074543980453715
mmkcat,r_2505_ENZ_YJR073C,0.0,0.0064949037080478
mmkcat,r_2506_ENZ_YJR073C,0.0,0.0003394063824931
mmkcat,r_2507_ENZ_YJR073C,0.0,0.0001777694157692
mmkcat,r_2508_ENZ_YJR073C,0.0,0.0074543980443816
mmkcat,r_2509_ENZ_YJR073C,0.0,0.0064866856763285
mmkcat,r_2510_ENZ_YJR073C,0.0,0.0002837335175744
mmkcat,r_2511_ENZ_YJR073C,0.0,0.0001091634818309
mmkcat,r_2512_ENZ_YOR311C,0.0,1.227591772978709e-05
mmkcat,r_2513_ENZ_YOR311C,0.0,8.349321682143973e-06
mmkcat,r_2514_ENZ_YOR311C,0.0,1.0724453457178209e-05
mmkcat,r_2515_ENZ_YOR311C,0.0,1.2360919921516889e-05
mmkcat,r_2516_ENZ_YOR311C,0.0,1.0724447950388738e-05
mmkcat,r_2517_ENZ_YOR311C,0.0,1.42726647995306e-05
mmkcat,r_2518_ENZ_YOR311C,0.0,7.925527444996305e-06
mmkcat,r_2519_ENZ_YOR311C,0.0,8.124603699311006e-06
mmkcat,r_2520_ENZ_YHR123W,0.0,0.0
mmkcat,r_2521_ENZ_YHR123W,0.0,0.0
mmkcat,r_2522_ENZ_YHR123W,0.0,0.0
mmkcat,r_2523_ENZ_YHR123W,0.0,0.0
mmkcat,r_2524_ENZ_YHR123W,0.0,0.0
mmkcat,r_2525_ENZ_YHR123W,0.0,0.0
mmkcat,r_2526_ENZ_YHR123W,0.0,0.0
mmkcat,r_2527_ENZ_YHR123W,0.0,0.0
mmkcat,r_2528_ENZ_YHR123W,0.0,4.2775552050696073e-05
mmkcat,r_2528_ENZ_YNL130C,0.0,4.475948841031749e-05
mmkcat,r_2529_ENZ_YHR123W,0.0,3.819566940803054e-05
mmkcat,r_2529_ENZ_YNL130C,0.0,1.897234504470424e-05
mmkcat,r_2530_ENZ_YHR123W,0.0,1.998839093571313e-05
mmkcat,r_2530_ENZ_YNL130C,0.0,1.0173254682050887e-05
mmkcat,r_2531_ENZ_YHR123W,0.0,2.048595882121101e-05
mmkcat,r_2531_ENZ_YNL130C,0.0,1.06851208477169e-05
mmkcat,r_2532_ENZ_YHR123W,0.0,4.323303138553666e-05
mmkcat,r_2532_ENZ_YNL130C,0.0,4.323303135755904e-05
mmkcat,r_2533_ENZ_YHR123W,0.0,2.1492490424192e-05
mmkcat,r_2533_ENZ_YNL130C,0.0,1.0774640618097636e-05
mmkcat,r_2534_ENZ_YHR123W,0.0,2.800691201064746e-05
mmkcat,r_2534_ENZ_YNL130C,0.0,1.753661696428798e-05
mmkcat,r_2535_ENZ_YHR123W,0.0,2.742750163386945e-05
mmkcat,r_2535_ENZ_YNL130C,0.0,1.600744710284099e-05
mmkcat,r_2536_ENZ_YCL004W,0.0,4.479258777829919e-05
mmkcat,r_2537_ENZ_YCL004W,0.0,4.47918023543395e-05
mmkcat,r_2538_ENZ_YCL004W,0.0,3.221338011910564e-05
mmkcat,r_2539_ENZ_YCL004W,0.0,3.033946051092876e-05
mmkcat,r_2540_ENZ_YCL004W,0.0,2.043142266643372e-05
mmkcat,r_2541_ENZ_YCL004W,0.0,2.9366049051876035e-05
mmkcat,r_2542_ENZ_YHR100C,0.0,4.479258777829919e-05
mmkcat,r_2543_ENZ_YHR100C,0.0,4.47918023543395e-05
mmkcat,r_2544_ENZ_YHR100C,0.0,3.221338011910564e-05
mmkcat,r_2545_ENZ_YHR100C,0.0,3.033946051092876e-05
mmkcat,r_2546_ENZ_YHR100C,0.0,2.043142266643372e-05
mmkcat,r_2547_ENZ_YHR100C,0.0,2.9366049051876035e-05
mmkcat,r_2548_ENZ_YDL142C,0.0,0.0
mmkcat,r_2549_ENZ_YDL142C,0.0,3.334032002357164e-07
mmkcat,r_2550_ENZ_YDL142C,0.0,0.0
mmkcat,r_2551_ENZ_YDL142C,0.0,0.0
mmkcat,r_2552_ENZ_YDL142C,0.0,0.0
mmkcat,r_2553_ENZ_YDL142C,0.0,0.0
mmkcat,r_2554_ENZ_YDL142C,0.0,0.0
mmkcat,r_2555_ENZ_YDL142C,0.0,0.0
mmkcat,r_2556_ENZ_YDL142C,0.0,0.0
mmkcat,r_2557_ENZ_YDL142C,0.0,0.0
mmkcat,r_2558_ENZ_YDL142C,0.0,0.0
mmkcat,r_2559_ENZ_YDL142C,0.0,0.0
mmkcat,r_2560_ENZ_YDL142C,0.0,0.0
mmkcat,r_2561_ENZ_YDL142C,0.0,0.0
mmkcat,r_2562_ENZ_YDL142C,0.0,0.0
mmkcat,r_2563_ENZ_YDL142C,0.0,0.0
mmkcat,r_2564_ENZ_YDL142C,0.0,0.0
mmkcat,r_2565_ENZ_YDL142C,0.0,0.0
mmkcat,r_2566_ENZ_YDL142C,0.0,0.0
mmkcat,r_2567_ENZ_YDL142C,0.0,0.0
mmkcat,r_2568_ENZ_YDL142C,0.0,0.0
mmkcat,r_2569_ENZ_YDL142C,0.0,3.612228172029941e-07
mmkcat,r_2570_ENZ_YDL142C,0.0,0.0
mmkcat,r_2571_ENZ_YDL142C,0.0,-2.017193968813671e-07
mmkcat,r_2572_ENZ_YDL142C,0.0,0.0
mmkcat,r_2573_ENZ_YDL142C,0.0,0.0
mmkcat,r_2574_ENZ_YDL142C,0.0,0.0
mmkcat,r_2575_ENZ_YDL142C,0.0,0.0
mmkcat,r_2576_ENZ_YDL142C,0.0,0.0
mmkcat,r_2577_ENZ_YDL142C,0.0,0.0
mmkcat,r_2578_ENZ_YDL142C,0.0,0.0
mmkcat,r_2579_ENZ_YDL142C,0.0,0.0
mmkcat,r_2580_ENZ_YDL142C,0.0,0.0
mmkcat,r_2581_ENZ_YDL142C,0.0,0.0
mmkcat,r_2582_ENZ_YDL142C,0.0,3.591826566738432e-07
mmkcat,r_2583_ENZ_YDL142C,0.0,0.0
mmkcat,r_2584_ENZ_YGR110W,0.0,0.0
mmkcat,r_2585_ENZ_YGR110W,0.0,0.0
mmkcat,r_2586_ENZ_YGR110W,0.0,0.0
mmkcat,r_2587_ENZ_YGR110W,0.0,0.0
mmkcat,r_2588_ENZ_YGR110W,0.0,0.0
mmkcat,r_2589_ENZ_YGR110W,0.0,0.0
mmkcat,r_2590_ENZ_YGR110W,0.0,0.0
mmkcat,r_2591_ENZ_YGR110W,0.0,0.0
mmkcat,r_2592_ENZ_YGR110W,0.0,0.0
mmkcat,r_2593_ENZ_YGR110W,0.0,0.0
mmkcat,r_2594_ENZ_YGR110W,0.0,0.0
mmkcat,r_2595_ENZ_YGR110W,0.0,0.0
mmkcat,r_2596_ENZ_YGR110W,0.0,0.0
mmkcat,r_2597_ENZ_YGR110W,0.0,0.0
mmkcat,r_2598_ENZ_YGR110W,0.0,0.0
mmkcat,r_2599_ENZ_YGR110W,0.0,0.0
mmkcat,r_2600_ENZ_YGR110W,0.0,0.0
mmkcat,r_2601_ENZ_YGR110W,0.0,3.659993026358666e-07
mmkcat,r_2602_ENZ_YGR110W,0.0,0.0
mmkcat,r_2603_ENZ_YGR110W,0.0,0.0
mmkcat,r_2604_ENZ_YGR110W,0.0,0.0
mmkcat,r_2605_ENZ_YGR110W,0.0,0.0
mmkcat,r_2606_ENZ_YGR110W,0.0,0.0
mmkcat,r_2607_ENZ_YGR110W,0.0,0.0
mmkcat,r_2608_ENZ_YGR110W,0.0,0.0
mmkcat,r_2609_ENZ_YGR110W,0.0,0.0
mmkcat,r_2610_ENZ_YGR110W,0.0,0.0
mmkcat,r_2611_ENZ_YGR110W,0.0,0.0
mmkcat,r_2612_ENZ_YGR110W,0.0,0.0
mmkcat,r_2613_ENZ_YGR110W,0.0,0.0
mmkcat,r_2614_ENZ_YGR110W,0.0,0.0
mmkcat,r_2615_ENZ_YGR110W,0.0,3.551882543312274e-07
mmkcat,r_2616_ENZ_YGR110W,0.0,0.0
mmkcat,r_2617_ENZ_YGR110W,0.0,0.0
mmkcat,r_2618_ENZ_YGR110W,0.0,3.692651054671564e-07
mmkcat,r_2619_ENZ_YGR110W,0.0,0.0
mmkcat,r_2620_ENZ_YPR140W_FWD,0.0,1000.0
mmkcat,r_2620_ENZ_YPR140W_REV,0.0,1000.0
mmkcat,r_2621_ENZ_YPR140W_FWD,0.0,1000.0
mmkcat,r_2621_ENZ_YPR140W_REV,0.0,1000.0
mmkcat,r_2622_ENZ_YPR140W_FWD,0.0,1000.0
mmkcat,r_2622_ENZ_YPR140W_REV,0.0,1000.0
mmkcat,r_2623_ENZ_YPR140W_FWD,0.0,1000.0
mmkcat,r_2623_ENZ_YPR140W_REV,0.0,1000.0
mmkcat,r_2624_ENZ_YPR140W_FWD,0.0,1000.0
mmkcat,r_2624_ENZ_YPR140W_REV,0.0,1000.0
mmkcat,r_2625_ENZ_YPR140W_FWD,0.0,1000.0
mmkcat,r_2625_ENZ_YPR140W_REV,0.0,1000.0
mmkcat,r_2626_ENZ_YPR140W_FWD,0.0,1000.0
mmkcat,r_2626_ENZ_YPR140W_REV,0.0,1000.0
mmkcat,r_2627_ENZ_YPR140W_FWD,0.0,1000.0
mmkcat,r_2627_ENZ_YPR140W_REV,0.0,1000.0
mmkcat,r_2628_ENZ_YPR140W_FWD,0.0,1000.0
mmkcat,r_2628_ENZ_YPR140W_REV,0.0,1000.0
mmkcat,r_2629_ENZ_YPR140W_FWD,0.0,1000.0
mmkcat,r_2629_ENZ_YPR140W_REV,0.0,1000.0
mmkcat,r_2630_ENZ_YPR140W_FWD,0.0,1000.0
mmkcat,r_2630_ENZ_YPR140W_REV,0.0,1000.0
mmkcat,r_2631_ENZ_YPR140W_FWD,0.0,1000.0
mmkcat,r_2631_ENZ_YPR140W_REV,0.0,1000.0
mmkcat,r_2632_ENZ_YPR140W_FWD,0.0,1000.0
mmkcat,r_2632_ENZ_YPR140W_REV,0.0,1000.0
mmkcat,r_2633_ENZ_YPR140W_FWD,0.0,1000.0
mmkcat,r_2633_ENZ_YPR140W_REV,0.0,1000.0
mmkcat,r_2634_ENZ_YPR140W_FWD,0.0,1000.0
mmkcat,r_2634_ENZ_YPR140W_REV,0.0,1000.0
mmkcat,r_2635_ENZ_YPR140W_FWD,0.0,1000.0
mmkcat,r_2635_ENZ_YPR140W_REV,0.0,1000.0
mmkcat,r_2636_ENZ_YPR140W_FWD,0.0,1000.0
mmkcat,r_2636_ENZ_YPR140W_REV,0.0,1000.0
mmkcat,r_2637_ENZ_YPR140W_FWD,0.0,1000.0
mmkcat,r_2637_ENZ_YPR140W_REV,0.0,1000.0
mmkcat,r_2638_ENZ_YPR140W_FWD,0.0,1000.0
mmkcat,r_2638_ENZ_YPR140W_REV,0.0,1000.0
mmkcat,r_2639_ENZ_YPR140W_FWD,0.0,1000.0
mmkcat,r_2639_ENZ_YPR140W_REV,0.0,1000.0
mmkcat,r_2640_ENZ_YPR140W_FWD,0.0,1000.0
mmkcat,r_2640_ENZ_YPR140W_REV,0.0,1000.0
mmkcat,r_2641_ENZ_YPR140W_FWD,0.0,1000.0
mmkcat,r_2641_ENZ_YPR140W_REV,0.0,1000.0
mmkcat,r_2642_ENZ_YPR140W_FWD,0.0,1000.0
mmkcat,r_2642_ENZ_YPR140W_REV,0.0,1000.0
mmkcat,r_2643_ENZ_YPR140W_FWD,0.0,1000.0
mmkcat,r_2643_ENZ_YPR140W_REV,0.0,1000.0
mmkcat,r_2644_ENZ_YPR140W_FWD,0.0,1000.0
mmkcat,r_2644_ENZ_YPR140W_REV,0.0,1000.0
mmkcat,r_2645_ENZ_YPR140W_FWD,0.0,1000.0
mmkcat,r_2645_ENZ_YPR140W_REV,0.0,1000.0
mmkcat,r_2646_ENZ_YPR140W_FWD,0.0,1000.0
mmkcat,r_2646_ENZ_YPR140W_REV,0.0,1000.0
mmkcat,r_2647_ENZ_YPR140W_FWD,0.0,1000.0
mmkcat,r_2647_ENZ_YPR140W_REV,0.0,1000.0
mmkcat,r_2648_ENZ_YPR140W_FWD,0.0,1000.0
mmkcat,r_2648_ENZ_YPR140W_REV,0.0,1000.0
mmkcat,r_2649_ENZ_YPR140W_FWD,0.0,1000.0
mmkcat,r_2649_ENZ_YPR140W_REV,0.0,1000.0
mmkcat,r_2650_ENZ_YPR140W_FWD,0.0,1000.0
mmkcat,r_2650_ENZ_YPR140W_REV,0.0,1000.0
mmkcat,r_2651_ENZ_YPR140W_FWD,0.0,1000.0
mmkcat,r_2651_ENZ_YPR140W_REV,0.0,1000.0
mmkcat,r_2652_ENZ_YPR140W_FWD,0.0,1000.0
mmkcat,r_2652_ENZ_YPR140W_REV,0.0,1000.0
mmkcat,r_2653_ENZ_YPR140W_FWD,0.0,1000.0
mmkcat,r_2653_ENZ_YPR140W_REV,0.0,1000.0
mmkcat,r_2654_ENZ_YPR140W_FWD,0.0,1000.0
mmkcat,r_2654_ENZ_YPR140W_REV,0.0,1000.0
mmkcat,r_2655_ENZ_YPR140W_FWD,0.0,1000.0
mmkcat,r_2655_ENZ_YPR140W_REV,0.0,1000.0
mmkcat,r_2656_ENZ_YPR140W_FWD,0.0,1000.0
mmkcat,r_2656_ENZ_YPR140W_REV,0.0,1000.0
mmkcat,r_2657_ENZ_YPR140W_FWD,0.0,1000.0
mmkcat,r_2657_ENZ_YPR140W_REV,0.0,1000.0
mmkcat,r_2658_ENZ_YPR140W_FWD,0.0,1000.0
mmkcat,r_2658_ENZ_YPR140W_REV,0.0,1000.0
mmkcat,r_2659_ENZ_YPR140W_FWD,0.0,1000.0
mmkcat,r_2659_ENZ_YPR140W_REV,0.0,1000.0
mmkcat,r_2660_ENZ_YPR140W_FWD,0.0,1000.0
mmkcat,r_2660_ENZ_YPR140W_REV,0.0,1000.0
mmkcat,r_2661_ENZ_YPR140W_FWD,0.0,1000.0
mmkcat,r_2661_ENZ_YPR140W_REV,0.0,1000.0
mmkcat,r_2662_ENZ_YPR140W_FWD,0.0,1000.0
mmkcat,r_2662_ENZ_YPR140W_REV,0.0,1000.0
mmkcat,r_2663_ENZ_YPR140W_FWD,0.0,1000.0
mmkcat,r_2663_ENZ_YPR140W_REV,0.0,1000.0
mmkcat,r_2664_ENZ_YPR140W_FWD,0.0,1000.0
mmkcat,r_2664_ENZ_YPR140W_REV,0.0,1000.0
mmkcat,r_2665_ENZ_YPR140W_FWD,0.0,1000.0
mmkcat,r_2665_ENZ_YPR140W_REV,0.0,1000.0
mmkcat,r_2666_ENZ_YPR140W_FWD,0.0,1000.0
mmkcat,r_2666_ENZ_YPR140W_REV,0.0,1000.0
mmkcat,r_2667_ENZ_YPR140W_FWD,0.0,1000.0
mmkcat,r_2667_ENZ_YPR140W_REV,0.0,1000.0
mmkcat,r_2668_ENZ_YPR140W_FWD,0.0,1000.0
mmkcat,r_2668_ENZ_YPR140W_REV,0.0,1000.0
mmkcat,r_2669_ENZ_YPR140W_FWD,0.0,1000.0
mmkcat,r_2669_ENZ_YPR140W_REV,0.0,1000.0
mmkcat,r_2670_ENZ_YPR140W_FWD,0.0,1000.0
mmkcat,r_2670_ENZ_YPR140W_REV,0.0,1000.0
mmkcat,r_2671_ENZ_YPR140W_FWD,0.0,1000.0
mmkcat,r_2671_ENZ_YPR140W_REV,0.0,1000.0
mmkcat,r_2672_ENZ_YPR140W_FWD,0.0,1000.0
mmkcat,r_2672_ENZ_YPR140W_REV,0.0,1000.0
mmkcat,r_2673_ENZ_YPR140W_FWD,0.0,1000.0
mmkcat,r_2673_ENZ_YPR140W_REV,0.0,1000.0
mmkcat,r_2674_ENZ_YPR140W_FWD,0.0,1000.0
mmkcat,r_2674_ENZ_YPR140W_REV,0.0,1000.0
mmkcat,r_2675_ENZ_YPR140W_FWD,0.0,1000.0
mmkcat,r_2675_ENZ_YPR140W_REV,0.0,1000.0
mmkcat,r_2676_ENZ_YPR140W_FWD,0.0,1000.0
mmkcat,r_2676_ENZ_YPR140W_REV,0.0,1000.0
mmkcat,r_2677_ENZ_YPR140W_FWD,0.0,1000.0
mmkcat,r_2677_ENZ_YPR140W_REV,0.0,1000.0
mmkcat,r_2678_ENZ_YPR140W_FWD,0.0,1000.0
mmkcat,r_2678_ENZ_YPR140W_REV,0.0,1000.0
mmkcat,r_2679_ENZ_YPR140W_FWD,0.0,1000.0
mmkcat,r_2679_ENZ_YPR140W_REV,0.0,1000.0
mmkcat,r_2680_ENZ_YPR140W_FWD,0.0,1000.0
mmkcat,r_2680_ENZ_YPR140W_REV,0.0,1000.0
mmkcat,r_2681_ENZ_YPR140W_FWD,0.0,1000.0
mmkcat,r_2681_ENZ_YPR140W_REV,0.0,1000.0
mmkcat,r_2682_ENZ_YPR140W_FWD,0.0,1000.0
mmkcat,r_2682_ENZ_YPR140W_REV,0.0,1000.0
mmkcat,r_2683_ENZ_YPR140W_FWD,0.0,1000.0
mmkcat,r_2683_ENZ_YPR140W_REV,0.0,1000.0
mmkcat,r_2684_ENZ_YPR140W_FWD,0.0,1000.0
mmkcat,r_2684_ENZ_YPR140W_REV,0.0,1000.0
mmkcat,r_2685_ENZ_YPR140W_FWD,0.0,1000.0
mmkcat,r_2685_ENZ_YPR140W_REV,0.0,1000.0
mmkcat,r_2686_ENZ_YPR140W_FWD,0.0,1000.0
mmkcat,r_2686_ENZ_YPR140W_REV,0.0,1000.0
mmkcat,r_2687_ENZ_YPR140W_FWD,0.0,1000.0
mmkcat,r_2687_ENZ_YPR140W_REV,0.0,1000.0
mmkcat,r_2688_ENZ_YPR140W_FWD,0.0,1000.0
mmkcat,r_2688_ENZ_YPR140W_REV,0.0,1000.0
mmkcat,r_2689_ENZ_YPR140W_FWD,0.0,1000.0
mmkcat,r_2689_ENZ_YPR140W_REV,0.0,1000.0
mmkcat,r_2690_ENZ_YPR140W_FWD,0.0,1000.0
mmkcat,r_2690_ENZ_YPR140W_REV,0.0,1000.0
mmkcat,r_2691_ENZ_YPR140W_FWD,0.0,1000.0
mmkcat,r_2691_ENZ_YPR140W_REV,0.0,1000.0
mmkcat,r_2692_ENZ_YPR140W_FWD,0.0,1000.0
mmkcat,r_2692_ENZ_YPR140W_REV,0.0,1000.0
mmkcat,r_2693_ENZ_YPR140W_FWD,0.0,1000.0
mmkcat,r_2693_ENZ_YPR140W_REV,0.0,1000.0
mmkcat,r_2694_ENZ_YPR140W_FWD,0.0,1000.0
mmkcat,r_2694_ENZ_YPR140W_REV,0.0,1000.0
mmkcat,r_2695_ENZ_YPR140W_FWD,0.0,1000.0
mmkcat,r_2695_ENZ_YPR140W_REV,0.0,1000.0
mmkcat,r_2696_ENZ_YPR140W_FWD,0.0,1000.0
mmkcat,r_2696_ENZ_YPR140W_REV,0.0,1000.0
mmkcat,r_2697_ENZ_YPR140W_FWD,0.0,1000.0
mmkcat,r_2697_ENZ_YPR140W_REV,0.0,1000.0
mmkcat,r_2698_ENZ_YPR140W_FWD,0.0,1000.0
mmkcat,r_2698_ENZ_YPR140W_REV,0.0,1000.0
mmkcat,r_2699_ENZ_YPR140W_FWD,0.0,1000.0
mmkcat,r_2699_ENZ_YPR140W_REV,0.0,1000.0
mmkcat,r_2700_ENZ_YPR140W_FWD,0.0,1000.0
mmkcat,r_2700_ENZ_YPR140W_REV,0.0,1000.0
mmkcat,r_2701_ENZ_YPR140W_FWD,0.0,1000.0
mmkcat,r_2701_ENZ_YPR140W_REV,0.0,1000.0
mmkcat,r_2702_ENZ_YPR140W_FWD,0.0,1000.0
mmkcat,r_2702_ENZ_YPR140W_REV,0.0,1000.0
mmkcat,r_2703_ENZ_YPR140W_FWD,0.0,1000.0
mmkcat,r_2703_ENZ_YPR140W_REV,0.0,1000.0
mmkcat,r_2704_ENZ_YPR140W_FWD,0.0,1000.0
mmkcat,r_2704_ENZ_YPR140W_REV,0.0,1000.0
mmkcat,r_2705_ENZ_YPR140W_FWD,0.0,1000.0
mmkcat,r_2705_ENZ_YPR140W_REV,0.0,1000.0
mmkcat,r_2706_ENZ_YPR140W_FWD,0.0,1000.0
mmkcat,r_2706_ENZ_YPR140W_REV,0.0,1000.0
mmkcat,r_2707_ENZ_YPR140W_FWD,0.0,1000.0
mmkcat,r_2707_ENZ_YPR140W_REV,0.0,1000.0
mmkcat,r_2708_ENZ_YPR140W_FWD,0.0,1000.0
mmkcat,r_2708_ENZ_YPR140W_REV,0.0,1000.0
mmkcat,r_2709_ENZ_YPR140W_FWD,0.0,1000.0
mmkcat,r_2709_ENZ_YPR140W_REV,0.0,1000.0
mmkcat,r_2710_ENZ_YPR140W_FWD,0.0,1000.0
mmkcat,r_2710_ENZ_YPR140W_REV,0.0,1000.0
mmkcat,r_2711_ENZ_YPR140W_FWD,0.0,1000.0
mmkcat,r_2711_ENZ_YPR140W_REV,0.0,1000.0
mmkcat,r_2712_ENZ_YPR140W_FWD,0.0,1000.0
mmkcat,r_2712_ENZ_YPR140W_REV,0.0,1000.0
mmkcat,r_2713_ENZ_YPR140W_FWD,0.0,1000.0
mmkcat,r_2713_ENZ_YPR140W_REV,0.0,1000.0
mmkcat,r_2714_ENZ_YPR140W_FWD,0.0,1000.0
mmkcat,r_2714_ENZ_YPR140W_REV,0.0,1000.0
mmkcat,r_2715_ENZ_YPR140W_FWD,0.0,1000.0
mmkcat,r_2715_ENZ_YPR140W_REV,0.0,1000.0
mmkcat,r_2716_ENZ_YPR140W_FWD,0.0,1000.0
mmkcat,r_2716_ENZ_YPR140W_REV,0.0,1000.0
mmkcat,r_2717_ENZ_YPR140W_FWD,0.0,1000.0
mmkcat,r_2717_ENZ_YPR140W_REV,0.0,1000.0
mmkcat,r_2718_ENZ_YPR140W_FWD,0.0,1000.0
mmkcat,r_2718_ENZ_YPR140W_REV,0.0,1000.0
mmkcat,r_2719_ENZ_YPR140W_FWD,0.0,1000.0
mmkcat,r_2719_ENZ_YPR140W_REV,0.0,1000.0
mmkcat,r_2720_ENZ_YPR140W_FWD,0.0,1000.0
mmkcat,r_2720_ENZ_YPR140W_REV,0.0,1000.0
mmkcat,r_2721_ENZ_YPR140W_FWD,0.0,1000.0
mmkcat,r_2721_ENZ_YPR140W_REV,0.0,1000.0
mmkcat,r_2722_ENZ_YPR140W_FWD,0.0,1000.0
mmkcat,r_2722_ENZ_YPR140W_REV,0.0,1000.0
mmkcat,r_2723_ENZ_YPR140W_FWD,0.0,1000.0
mmkcat,r_2723_ENZ_YPR140W_REV,0.0,1000.0
mmkcat,r_2724_ENZ_YPR140W_FWD,0.0,1000.0
mmkcat,r_2724_ENZ_YPR140W_REV,0.0,1000.0
mmkcat,r_2725_ENZ_YPR140W_FWD,0.0,1000.0
mmkcat,r_2725_ENZ_YPR140W_REV,0.0,1000.0
mmkcat,r_2726_ENZ_YPR140W_FWD,0.0,1000.0
mmkcat,r_2726_ENZ_YPR140W_REV,0.0,1000.0
mmkcat,r_2727_ENZ_YPR140W_FWD,0.0,1000.0
mmkcat,r_2727_ENZ_YPR140W_REV,0.0,1000.0
mmkcat,r_2728_ENZ_YPR140W_FWD,0.0,1000.0
mmkcat,r_2728_ENZ_YPR140W_REV,0.0,1000.0
mmkcat,r_2729_ENZ_YPR140W_FWD,0.0,1000.0
mmkcat,r_2729_ENZ_YPR140W_REV,0.0,1000.0
mmkcat,r_2730_ENZ_YPR140W_FWD,0.0,1000.0
mmkcat,r_2730_ENZ_YPR140W_REV,0.0,1000.0
mmkcat,r_2731_ENZ_YPR140W_FWD,0.0,1000.0
mmkcat,r_2731_ENZ_YPR140W_REV,0.0,1000.0
mmkcat,r_2732_ENZ_YPR140W_FWD,0.0,1000.0
mmkcat,r_2732_ENZ_YPR140W_REV,0.0,1000.0
mmkcat,r_2733_ENZ_YPR140W_FWD,0.0,1000.0
mmkcat,r_2733_ENZ_YPR140W_REV,0.0,1000.0
mmkcat,r_2734_ENZ_YPR140W_FWD,0.0,1000.0
mmkcat,r_2734_ENZ_YPR140W_REV,0.0,1000.0
mmkcat,r_2735_ENZ_YPR140W_FWD,0.0,1000.0
mmkcat,r_2735_ENZ_YPR140W_REV,0.0,1000.0
mmkcat,r_2736_ENZ_YPR140W_FWD,0.0,1000.0
mmkcat,r_2736_ENZ_YPR140W_REV,0.0,1000.0
mmkcat,r_2737_ENZ_YPR140W_FWD,0.0,1000.0
mmkcat,r_2737_ENZ_YPR140W_REV,0.0,1000.0
mmkcat,r_2738_ENZ_YPR140W_FWD,0.0,1000.0
mmkcat,r_2738_ENZ_YPR140W_REV,0.0,1000.0
mmkcat,r_2739_ENZ_YPR140W_FWD,0.0,1000.0
mmkcat,r_2739_ENZ_YPR140W_REV,0.0,1000.0
mmkcat,r_2740_ENZ_YPR140W_FWD,0.0,1000.0
mmkcat,r_2740_ENZ_YPR140W_REV,0.0,1000.0
mmkcat,r_2741_ENZ_YPR140W_FWD,0.0,1000.0
mmkcat,r_2741_ENZ_YPR140W_REV,0.0,1000.0
mmkcat,r_2742_ENZ_YPR140W_FWD,0.0,1000.0
mmkcat,r_2742_ENZ_YPR140W_REV,0.0,1000.0
mmkcat,r_2743_ENZ_YPR140W_FWD,0.0,1000.0
mmkcat,r_2743_ENZ_YPR140W_REV,0.0,1000.0
mmkcat,r_2744_ENZ_YPR140W_FWD,0.0,1000.0
mmkcat,r_2744_ENZ_YPR140W_REV,0.0,1000.0
mmkcat,r_2745_ENZ_YPR140W_FWD,0.0,1000.0
mmkcat,r_2745_ENZ_YPR140W_REV,0.0,1000.0
mmkcat,r_2746_ENZ_YPR140W_FWD,0.0,1000.0
mmkcat,r_2746_ENZ_YPR140W_REV,0.0,1000.0
mmkcat,r_2747_ENZ_YPR140W_FWD,0.0,1000.0
mmkcat,r_2747_ENZ_YPR140W_REV,0.0,1000.0
mmkcat,r_2748_ENZ_YPR140W_FWD,0.0,1000.0
mmkcat,r_2748_ENZ_YPR140W_REV,0.0,1000.0
mmkcat,r_2749_ENZ_YPR140W_FWD,0.0,1000.0
mmkcat,r_2749_ENZ_YPR140W_REV,0.0,1000.0
mmkcat,r_2750_ENZ_YPR140W_FWD,0.0,1000.0
mmkcat,r_2750_ENZ_YPR140W_REV,0.0,1000.0
mmkcat,r_2751_ENZ_YPR140W_FWD,0.0,1000.0
mmkcat,r_2751_ENZ_YPR140W_REV,0.0,1000.0
mmkcat,r_2752_ENZ_YPR140W_FWD,0.0,1000.0
mmkcat,r_2752_ENZ_YPR140W_REV,0.0,1000.0
mmkcat,r_2753_ENZ_YPR140W_FWD,0.0,1000.0
mmkcat,r_2753_ENZ_YPR140W_REV,0.0,1000.0
mmkcat,r_2754_ENZ_YPR140W_FWD,0.0,1000.0
mmkcat,r_2754_ENZ_YPR140W_REV,0.0,1000.0
mmkcat,r_2755_ENZ_YPR140W_FWD,0.0,1000.0
mmkcat,r_2755_ENZ_YPR140W_REV,0.0,1000.0
mmkcat,r_2756_ENZ_YPR140W_FWD,0.0,1000.0
mmkcat,r_2756_ENZ_YPR140W_REV,0.0,1000.0
mmkcat,r_2757_ENZ_YPR140W_FWD,0.0,1000.0
mmkcat,r_2757_ENZ_YPR140W_REV,0.0,1000.0
mmkcat,r_2758_ENZ_YPR140W_FWD,0.0,1000.0
mmkcat,r_2758_ENZ_YPR140W_REV,0.0,1000.0
mmkcat,r_2759_ENZ_YPR140W_FWD,0.0,1000.0
mmkcat,r_2759_ENZ_YPR140W_REV,0.0,1000.0
mmkcat,r_2760_ENZ_YPR140W_FWD,0.0,1000.0
mmkcat,r_2760_ENZ_YPR140W_REV,0.0,1000.0
mmkcat,r_2761_ENZ_YPR140W_FWD,0.0,1000.0
mmkcat,r_2761_ENZ_YPR140W_REV,0.0,1000.0
mmkcat,r_2762_ENZ_YPR140W_FWD,0.0,1000.0
mmkcat,r_2762_ENZ_YPR140W_REV,0.0,1000.0
mmkcat,r_2763_ENZ_YPR140W_FWD,0.0,1000.0
mmkcat,r_2763_ENZ_YPR140W_REV,0.0,1000.0
mmkcat,r_2764_ENZ_YPR140W_FWD,0.0,1000.0
mmkcat,r_2764_ENZ_YPR140W_REV,0.0,1000.0
mmkcat,r_2765_ENZ_YPR140W_FWD,0.0,1000.0
mmkcat,r_2765_ENZ_YPR140W_REV,0.0,1000.0
mmkcat,r_2766_ENZ_YPR140W_FWD,0.0,1000.0
mmkcat,r_2766_ENZ_YPR140W_REV,0.0,1000.0
mmkcat,r_2767_ENZ_YPR140W_FWD,0.0,1000.0
mmkcat,r_2767_ENZ_YPR140W_REV,0.0,1000.0
mmkcat,r_2768_ENZ_YPR140W_FWD,0.0,1000.0
mmkcat,r_2768_ENZ_YPR140W_REV,0.0,1000.0
mmkcat,r_2769_ENZ_YPR140W_FWD,0.0,1000.0
mmkcat,r_2769_ENZ_YPR140W_REV,0.0,1000.0
mmkcat,r_2770_ENZ_YPR140W_FWD,0.0,1000.0
mmkcat,r_2770_ENZ_YPR140W_REV,0.0,1000.0
mmkcat,r_2771_ENZ_YPR140W_FWD,0.0,1000.0
mmkcat,r_2771_ENZ_YPR140W_REV,0.0,1000.0
mmkcat,r_2772_ENZ_YPR140W_FWD,0.0,1000.0
mmkcat,r_2772_ENZ_YPR140W_REV,0.0,1000.0
mmkcat,r_2773_ENZ_YPR140W_FWD,0.0,1000.0
mmkcat,r_2773_ENZ_YPR140W_REV,0.0,1000.0
mmkcat,r_2774_ENZ_YPR140W_FWD,0.0,1000.0
mmkcat,r_2774_ENZ_YPR140W_REV,0.0,1000.0
mmkcat,r_2775_ENZ_YPR140W_FWD,0.0,1000.0
mmkcat,r_2775_ENZ_YPR140W_REV,0.0,1000.0
mmkcat,r_2776_ENZ_YPR140W_FWD,0.0,1000.0
mmkcat,r_2776_ENZ_YPR140W_REV,0.0,1000.0
mmkcat,r_2777_ENZ_YPR140W_FWD,0.0,1000.0
mmkcat,r_2777_ENZ_YPR140W_REV,0.0,1000.0
mmkcat,r_2778_ENZ_YPR140W_FWD,0.0,1000.0
mmkcat,r_2778_ENZ_YPR140W_REV,0.0,1000.0
mmkcat,r_2779_ENZ_YPR140W_FWD,0.0,1000.0
mmkcat,r_2779_ENZ_YPR140W_REV,0.0,1000.0
mmkcat,r_2780_ENZ_YPR140W_FWD,0.0,1000.0
mmkcat,r_2780_ENZ_YPR140W_REV,0.0,1000.0
mmkcat,r_2781_ENZ_YPR140W_FWD,0.0,1000.0
mmkcat,r_2781_ENZ_YPR140W_REV,0.0,1000.0
mmkcat,r_2782_ENZ_YPR140W_FWD,0.0,1000.0
mmkcat,r_2782_ENZ_YPR140W_REV,0.0,1000.0
mmkcat,r_2783_ENZ_YPR140W_FWD,0.0,1000.0
mmkcat,r_2783_ENZ_YPR140W_REV,0.0,1000.0
mmkcat,r_2784_ENZ_YPR140W_FWD,0.0,1000.0
mmkcat,r_2784_ENZ_YPR140W_REV,0.0,1000.0
mmkcat,r_2785_ENZ_YPR140W_FWD,0.0,1000.0
mmkcat,r_2785_ENZ_YPR140W_REV,0.0,1000.0
mmkcat,r_2786_ENZ_YPR140W_FWD,0.0,1000.0
mmkcat,r_2786_ENZ_YPR140W_REV,0.0,1000.0
mmkcat,r_2787_ENZ_YPR140W_FWD,0.0,1000.0
mmkcat,r_2787_ENZ_YPR140W_REV,0.0,1000.0
mmkcat,r_2788_ENZ_YPR140W_FWD,0.0,1000.0
mmkcat,r_2788_ENZ_YPR140W_REV,0.0,1000.0
mmkcat,r_2789_ENZ_YPR140W_FWD,0.0,1000.0
mmkcat,r_2789_ENZ_YPR140W_REV,0.0,1000.0
mmkcat,r_2790_ENZ_YPR140W_FWD,0.0,1000.0
mmkcat,r_2790_ENZ_YPR140W_REV,0.0,1000.0
mmkcat,r_2791_ENZ_YPR140W_FWD,0.0,1000.0
mmkcat,r_2791_ENZ_YPR140W_REV,0.0,1000.0
mmkcat,r_2792_ENZ_YPR140W_FWD,0.0,1000.0
mmkcat,r_2792_ENZ_YPR140W_REV,0.0,1000.0
mmkcat,r_2793_ENZ_YPR140W_FWD,0.0,1000.0
mmkcat,r_2793_ENZ_YPR140W_REV,0.0,1000.0
mmkcat,r_2794_ENZ_YPR140W_FWD,0.0,1000.0
mmkcat,r_2794_ENZ_YPR140W_REV,0.0,1000.0
mmkcat,r_2795_ENZ_YPR140W_FWD,0.0,1000.0
mmkcat,r_2795_ENZ_YPR140W_REV,0.0,1000.0
mmkcat,r_2796_ENZ_YPR140W_FWD,0.0,1000.0
mmkcat,r_2796_ENZ_YPR140W_REV,0.0,1000.0
mmkcat,r_2797_ENZ_YPR140W_FWD,0.0,1000.0
mmkcat,r_2797_ENZ_YPR140W_REV,0.0,1000.0
mmkcat,r_2798_ENZ_YPR140W_FWD,0.0,1000.0
mmkcat,r_2798_ENZ_YPR140W_REV,0.0,1000.0
mmkcat,r_2799_ENZ_YPR140W_FWD,0.0,1000.0
mmkcat,r_2799_ENZ_YPR140W_REV,0.0,1000.0
mmkcat,r_2800_ENZ_YPR140W_FWD,0.0,1000.0
mmkcat,r_2800_ENZ_YPR140W_REV,0.0,1000.0
mmkcat,r_2801_ENZ_YPR140W_FWD,0.0,1000.0
mmkcat,r_2801_ENZ_YPR140W_REV,0.0,1000.0
mmkcat,r_2802_ENZ_YPR140W_FWD,0.0,1000.0
mmkcat,r_2802_ENZ_YPR140W_REV,0.0,1000.0
mmkcat,r_2803_ENZ_YPR140W_FWD,0.0,1000.0
mmkcat,r_2803_ENZ_YPR140W_REV,0.0,1000.0
mmkcat,r_2804_ENZ_YPR140W_FWD,0.0,1000.0
mmkcat,r_2804_ENZ_YPR140W_REV,0.0,1000.0
mmkcat,r_2805_ENZ_YPR140W_FWD,0.0,1000.0
mmkcat,r_2805_ENZ_YPR140W_REV,0.0,1000.0
mmkcat,r_2806_ENZ_YPR140W_FWD,0.0,1000.0
mmkcat,r_2806_ENZ_YPR140W_REV,0.0,1000.0
mmkcat,r_2807_ENZ_YPR140W_FWD,0.0,1000.0
mmkcat,r_2807_ENZ_YPR140W_REV,0.0,1000.0
mmkcat,r_2808_ENZ_YPR140W_FWD,0.0,1000.0
mmkcat,r_2808_ENZ_YPR140W_REV,0.0,1000.0
mmkcat,r_2809_ENZ_YPR140W_FWD,0.0,1000.0
mmkcat,r_2809_ENZ_YPR140W_REV,0.0,1000.0
mmkcat,r_2810_ENZ_YPR140W_FWD,0.0,1000.0
mmkcat,r_2810_ENZ_YPR140W_REV,0.0,1000.0
mmkcat,r_2811_ENZ_YPR140W_FWD,0.0,1000.0
mmkcat,r_2811_ENZ_YPR140W_REV,0.0,1000.0
mmkcat,r_2812,0.0,0.0
mmkcat,r_2813,0.0,0.0
mmkcat,r_2814,0.0,0.0
mmkcat,r_2815,0.0,0.0
mmkcat,r_2816,0.0,0.0
mmkcat,r_2817,0.0,0.0
mmkcat,r_2818,0.0,0.0
mmkcat,r_2819,0.0,0.0
mmkcat,r_2820_ENZ_YJL100W,0.0,0.0003526034641971
mmkcat,r_2820_ENZ_YLR305C,0.0,0.0003526034668581
mmkcat,r_2821_ENZ_YJL100W,0.0,0.0003526034645773
mmkcat,r_2821_ENZ_YLR305C,0.0,0.0012413892741124
mmkcat,r_2822_ENZ_YJL100W,0.0,0.0003526034630461
mmkcat,r_2822_ENZ_YLR305C,0.0,0.0003526034645702
mmkcat,r_2823_ENZ_YJL100W,0.0,0.0003526034624172
mmkcat,r_2823_ENZ_YLR305C,0.0,0.0003526034672809
mmkcat,r_2824_ENZ_YJL100W,0.0,0.000352603463412
mmkcat,r_2824_ENZ_YLR305C,0.0,0.0003526034662506
mmkcat,r_2825_ENZ_YJL100W,0.0,0.000352603466851
mmkcat,r_2825_ENZ_YLR305C,0.0,0.0003526034637992
mmkcat,r_2826_ENZ_YJL100W,0.0,0.000188006059961
mmkcat,r_2826_ENZ_YLR305C,0.0,5.718127540210727e-05
mmkcat,r_2827_ENZ_YJL100W,0.0,0.0003526034655294
mmkcat,r_2827_ENZ_YLR305C,0.0,0.0003526034650462
mmkcat,r_2828_ENZ_YJL100W,0.0,0.0
mmkcat,r_2829_ENZ_YJL100W,0.0,0.0
mmkcat,r_2830_ENZ_YJL100W,0.0,0.0
mmkcat,r_2831_ENZ_YJL100W,0.0,0.0
mmkcat,r_2832_ENZ_YJL100W,0.0,0.0
mmkcat,r_2833_ENZ_YJL100W,0.0,0.0
mmkcat,r_2834_ENZ_YJL100W,0.0,0.0
mmkcat,r_2835_ENZ_YJL100W,0.0,0.0
mmkcat,r_2836_ENZ_YDR373W_and_YNL267W,0.0,0.0003509414046405
mmkcat,r_2837_ENZ_YDR373W_and_YNL267W,0.0,0.0003509414046405
mmkcat,r_2838_ENZ_YDR373W_and_YNL267W,0.0,0.0003509414046405
mmkcat,r_2839_ENZ_YDR373W_and_YNL267W,0.0,0.0003509414046405
mmkcat,r_2840_ENZ_YDR373W_and_YNL267W,0.0,0.0003509414046405
mmkcat,r_2841_ENZ_YDR373W_and_YNL267W,0.0,0.0003509414046405
mmkcat,r_2842_ENZ_YDR373W_and_YNL267W,0.0,0.0001266202521108
mmkcat,r_2843_ENZ_YDR373W_and_YNL267W,0.0,0.0003509414046405
mmkcat,r_2844_ENZ_YNL267W,0.0,0.0001763017321767
mmkcat,r_2845_ENZ_YNL267W,0.0,0.0001763017337275
mmkcat,r_2846_ENZ_YNL267W,0.0,0.0001763017332124
mmkcat,r_2847_ENZ_YNL267W,0.0,0.0001763017324787
mmkcat,r_2848_ENZ_YNL267W,0.0,0.0001763017318232
mmkcat,r_2849_ENZ_YNL267W,0.0,0.0001763017328997
mmkcat,r_2850_ENZ_YNL267W,0.0,9.278422212766202e-05
mmkcat,r_2851_ENZ_YNL267W,0.0,0.0001763017329299
mmkcat,r_2852_ENZ_YBR097W_and_YLR240W,0.0,0.0003526034664176
mmkcat,r_2852_ENZ_YBR097W_and_YLR240W_and_YBR128C_and_YPL120W_and_YLR211C,0.0,0.0003526034643286
mmkcat,r_2852_ENZ_YBR097W_and_YLR240W_and_YPL120W_and_YLR360W,0.0,0.0003526034630745
mmkcat,r_2853_ENZ_YBR097W_and_YLR240W,0.0,0.0003689572632623
mmkcat,r_2853_ENZ_YBR097W_and_YLR240W_and_YBR128C_and_YPL120W_and_YLR211C,0.0,0.0003526034659842
mmkcat,r_2853_ENZ_YBR097W_and_YLR240W_and_YPL120W_and_YLR360W,0.0,0.0003526034659842
mmkcat,r_2854_ENZ_YBR097W_and_YLR240W,0.0,0.0003526034674727
mmkcat,r_2854_ENZ_YBR097W_and_YLR240W_and_YBR128C_and_YPL120W_and_YLR211C,0.0,0.0003511219097305
mmkcat,r_2854_ENZ_YBR097W_and_YLR240W_and_YPL120W_and_YLR360W,0.0,0.0003511219097305
mmkcat,r_2855_ENZ_YBR097W_and_YLR240W,0.0,0.0003526034640159
mmkcat,r_2855_ENZ_YBR097W_and_YLR240W_and_YBR128C_and_YPL120W_and_YLR211C,0.0,0.000352603462506
mmkcat,r_2855_ENZ_YBR097W_and_YLR240W_and_YPL120W_and_YLR360W,0.0,0.0003526034628755
mmkcat,r_2856_ENZ_YBR097W_and_YLR240W,0.0,0.0003526034640337
mmkcat,r_2856_ENZ_YBR097W_and_YLR240W_and_YBR128C_and_YPL120W_and_YLR211C,0.0,0.0003526034668475
mmkcat,r_2856_ENZ_YBR097W_and_YLR240W_and_YPL120W_and_YLR360W,0.0,0.0003526034663074
mmkcat,r_2857_ENZ_YBR097W_and_YLR240W,0.0,0.0003526034665917
mmkcat,r_2857_ENZ_YBR097W_and_YLR240W_and_YBR128C_and_YPL120W_and_YLR211C,0.0,0.0003526034649787
mmkcat,r_2857_ENZ_YBR097W_and_YLR240W_and_YPL120W_and_YLR360W,0.0,0.0003526034653411
mmkcat,r_2858_ENZ_YBR097W_and_YLR240W,0.0,3.733930393690077e-05
mmkcat,r_2858_ENZ_YBR097W_and_YLR240W_and_YBR128C_and_YPL120W_and_YLR211C,0.0,3.7372483113640165e-05
mmkcat,r_2858_ENZ_YBR097W_and_YLR240W_and_YPL120W_and_YLR360W,0.0,2.761592179822969e-05
mmkcat,r_2859_ENZ_YBR097W_and_YLR240W,0.0,2.708500901604793e-05
mmkcat,r_2859_ENZ_YBR097W_and_YLR240W_and_YBR128C_and_YPL120W_and_YLR211C,0.0,2.496573134180835e-05
mmkcat,r_2859_ENZ_YBR097W_and_YLR240W_and_YPL120W_and_YLR360W,0.0,1.9776263190607324e-05
mmkcat,r_2860_ENZ_YDR208W,0.0,0.0001763017321767
mmkcat,r_2861_ENZ_YDR208W,0.0,0.0001763017337275
mmkcat,r_2862_ENZ_YDR208W,0.0,0.0001763017332124
mmkcat,r_2863_ENZ_YDR208W,0.0,0.0001763017324787
mmkcat,r_2864_ENZ_YDR208W,0.0,0.0001763017318232
mmkcat,r_2865_ENZ_YDR208W,0.0,0.0001763017328997
mmkcat,r_2866_ENZ_YDR208W,0.0,9.278422212766202e-05
mmkcat,r_2867_ENZ_YDR208W,0.0,0.0001763017329299
mmkcat,r_2868_ENZ_YDR208W,0.0,0.0003526034621119
mmkcat,r_2869_ENZ_YDR208W,0.0,0.0003526034607085
mmkcat,r_2870_ENZ_YDR208W,0.0,0.0003526034661938
mmkcat,r_2871_ENZ_YDR208W,0.0,0.0003526034635115
mmkcat,r_2872_ENZ_YDR208W,0.0,0.0003526034667586
mmkcat,r_2873_ENZ_YDR208W,0.0,0.0003526034663678
mmkcat,r_2874_ENZ_YDR208W,0.0,0.0002574539307185
mmkcat,r_2875_ENZ_YDR208W,0.0,0.0003526034621579
mmkcat,r_2876_ENZ_YFR019W,0.0,0.0001754707032652
mmkcat,r_2877_ENZ_YFR019W,0.0,0.000175470700686
mmkcat,r_2878_ENZ_YFR019W,0.0,0.0001754707015404
mmkcat,r_2879_ENZ_YFR019W,0.0,0.0001754707015457
mmkcat,r_2880_ENZ_YFR019W,0.0,0.0001754707021124
mmkcat,r_2881_ENZ_YFR019W,0.0,0.0001754707009897
mmkcat,r_2882_ENZ_YFR019W,0.0,0.0001541725414426
mmkcat,r_2883_ENZ_YFR019W,0.0,0.000147338939886
mmkcat,r_2884_ENZ_YNR008W_FWD,0.0,1000.0
mmkcat,r_2884_ENZ_YNR008W_REV,0.0,1000.0
mmkcat,r_2885_ENZ_YNR008W_FWD,0.0,1000.0
mmkcat,r_2885_ENZ_YNR008W_REV,0.0,1000.0
mmkcat,r_2886_ENZ_YNR008W_FWD,0.0,1000.0
mmkcat,r_2886_ENZ_YNR008W_REV,0.0,1000.0
mmkcat,r_2887_ENZ_YNR008W_FWD,0.0,1000.0
mmkcat,r_2887_ENZ_YNR008W_REV,0.0,1000.0
mmkcat,r_2888_ENZ_YNR008W_FWD,0.0,1000.0
mmkcat,r_2888_ENZ_YNR008W_REV,0.0,1000.0
mmkcat,r_2889_ENZ_YNR008W_FWD,0.0,1000.0
mmkcat,r_2889_ENZ_YNR008W_REV,0.0,1000.0
mmkcat,r_2890_ENZ_YNR008W_FWD,0.0,1000.0
mmkcat,r_2890_ENZ_YNR008W_REV,0.0,1000.0
mmkcat,r_2891_ENZ_YNR008W_FWD,0.0,1000.0
mmkcat,r_2891_ENZ_YNR008W_REV,0.0,1000.0
mmkcat,r_2892_ENZ_YNR008W_FWD,0.0,1000.0
mmkcat,r_2892_ENZ_YNR008W_REV,0.0,1000.0
mmkcat,r_2893_ENZ_YNR008W_FWD,0.0,1000.0
mmkcat,r_2893_ENZ_YNR008W_REV,0.0,1000.0
mmkcat,r_2894_ENZ_YNR008W_FWD,0.0,1000.0
mmkcat,r_2894_ENZ_YNR008W_REV,0.0,1000.0
mmkcat,r_2895_ENZ_YNR008W_FWD,0.0,1000.0
mmkcat,r_2895_ENZ_YNR008W_REV,0.0,1000.0
mmkcat,r_2896_ENZ_YNR008W_FWD,0.0,1000.0
mmkcat,r_2896_ENZ_YNR008W_REV,0.0,1000.0
mmkcat,r_2897_ENZ_YNR008W_FWD,0.0,1000.0
mmkcat,r_2897_ENZ_YNR008W_REV,0.0,1000.0
mmkcat,r_2898_ENZ_YNR008W_FWD,0.0,1000.0
mmkcat,r_2898_ENZ_YNR008W_REV,0.0,1000.0
mmkcat,r_2899_ENZ_YNR008W_FWD,0.0,1000.0
mmkcat,r_2899_ENZ_YNR008W_REV,0.0,1000.0
mmkcat,r_2900_ENZ_YNR008W_FWD,0.0,1000.0
mmkcat,r_2900_ENZ_YNR008W_REV,0.0,1000.0
mmkcat,r_2901_ENZ_YNR008W_FWD,0.0,1000.0
mmkcat,r_2901_ENZ_YNR008W_REV,0.0,1000.0
mmkcat,r_2902_ENZ_YNR008W_FWD,0.0,1000.0
mmkcat,r_2902_ENZ_YNR008W_REV,0.0,1000.0
mmkcat,r_2903_ENZ_YNR008W_FWD,0.0,1000.0
mmkcat,r_2903_ENZ_YNR008W_REV,0.0,1000.0
mmkcat,r_2904_ENZ_YNR008W_FWD,0.0,1000.0
mmkcat,r_2904_ENZ_YNR008W_REV,0.0,1000.0
mmkcat,r_2905_ENZ_YNR008W_FWD,0.0,1000.0
mmkcat,r_2905_ENZ_YNR008W_REV,0.0,1000.0
mmkcat,r_2906_ENZ_YNR008W_FWD,0.0,1000.0
mmkcat,r_2906_ENZ_YNR008W_REV,0.0,1000.0
mmkcat,r_2907_ENZ_YNR008W_FWD,0.0,1000.0
mmkcat,r_2907_ENZ_YNR008W_REV,0.0,1000.0
mmkcat,r_2908_ENZ_YNR008W_FWD,0.0,1000.0
mmkcat,r_2908_ENZ_YNR008W_REV,0.0,1000.0
mmkcat,r_2909_ENZ_YNR008W_FWD,0.0,1000.0
mmkcat,r_2909_ENZ_YNR008W_REV,0.0,1000.0
mmkcat,r_2910_ENZ_YNR008W_FWD,0.0,1000.0
mmkcat,r_2910_ENZ_YNR008W_REV,0.0,1000.0
mmkcat,r_2911_ENZ_YNR008W_FWD,0.0,1000.0
mmkcat,r_2911_ENZ_YNR008W_REV,0.0,1000.0
mmkcat,r_2912_ENZ_YNR008W_FWD,0.0,1000.0
mmkcat,r_2912_ENZ_YNR008W_REV,0.0,1000.0
mmkcat,r_2913_ENZ_YNR008W_FWD,0.0,1000.0
mmkcat,r_2913_ENZ_YNR008W_REV,0.0,1000.0
mmkcat,r_2914_ENZ_YNR008W_FWD,0.0,1000.0
mmkcat,r_2914_ENZ_YNR008W_REV,0.0,1000.0
mmkcat,r_2915_ENZ_YNR008W_FWD,0.0,1000.0
mmkcat,r_2915_ENZ_YNR008W_REV,0.0,1000.0
mmkcat,r_2916_ENZ_YNR008W_FWD,0.0,1000.0
mmkcat,r_2916_ENZ_YNR008W_REV,0.0,1000.0
mmkcat,r_2917_ENZ_YNR008W_FWD,0.0,999.9957705862578
mmkcat,r_2917_ENZ_YNR008W_REV,0.0,1000.0
mmkcat,r_2918_ENZ_YNR008W_FWD,0.0,1000.0
mmkcat,r_2918_ENZ_YNR008W_REV,0.0,1000.0
mmkcat,r_2919_ENZ_YNR008W_FWD,0.0,1000.0
mmkcat,r_2919_ENZ_YNR008W_REV,0.0,1000.0
mmkcat,r_2920_ENZ_YNR008W_FWD,0.0,1000.0
mmkcat,r_2920_ENZ_YNR008W_REV,0.0,1000.0
mmkcat,r_2921_ENZ_YNR008W_FWD,0.0,1000.0
mmkcat,r_2921_ENZ_YNR008W_REV,0.0,1000.0
mmkcat,r_2922_ENZ_YNR008W_FWD,0.0,1000.0
mmkcat,r_2922_ENZ_YNR008W_REV,0.0,1000.0
mmkcat,r_2923_ENZ_YNR008W_FWD,0.0,1000.0
mmkcat,r_2923_ENZ_YNR008W_REV,0.0,1000.0
mmkcat,r_2924_ENZ_YNR008W_FWD,0.0,1000.0
mmkcat,r_2924_ENZ_YNR008W_REV,0.0,1000.0
mmkcat,r_2925_ENZ_YNR008W_FWD,0.0,1000.0
mmkcat,r_2925_ENZ_YNR008W_REV,0.0,1000.0
mmkcat,r_2926_ENZ_YNR008W_FWD,0.0,1000.0
mmkcat,r_2926_ENZ_YNR008W_REV,0.0,1000.0
mmkcat,r_2927_ENZ_YNR008W_FWD,0.0,999.9973543198876
mmkcat,r_2927_ENZ_YNR008W_REV,0.0,1000.0
mmkcat,r_2928_ENZ_YNR008W_FWD,0.0,1000.0
mmkcat,r_2928_ENZ_YNR008W_REV,0.0,1000.0
mmkcat,r_2929_ENZ_YNR008W_FWD,0.0,1000.0
mmkcat,r_2929_ENZ_YNR008W_REV,0.0,1000.0
mmkcat,r_2930_ENZ_YNR008W_FWD,0.0,1000.0
mmkcat,r_2930_ENZ_YNR008W_REV,0.0,1000.0
mmkcat,r_2931_ENZ_YNR008W_FWD,0.0,1000.0
mmkcat,r_2931_ENZ_YNR008W_REV,0.0,1000.0
mmkcat,r_2932_ENZ_YNR008W_FWD,0.0,1000.0
mmkcat,r_2932_ENZ_YNR008W_REV,0.0,1000.0
mmkcat,r_2933_ENZ_YNR008W_FWD,0.0,1000.0
mmkcat,r_2933_ENZ_YNR008W_REV,0.0,1000.0
mmkcat,r_2934_ENZ_YNR008W_FWD,0.0,1000.0
mmkcat,r_2934_ENZ_YNR008W_REV,0.0,1000.0
mmkcat,r_2935_ENZ_YNR008W_FWD,0.0,1000.0
mmkcat,r_2935_ENZ_YNR008W_REV,0.0,1000.0
mmkcat,r_2936_ENZ_YNR008W_FWD,0.0,1000.0
mmkcat,r_2936_ENZ_YNR008W_REV,0.0,1000.0
mmkcat,r_2937_ENZ_YNR008W_FWD,0.0,1000.0
mmkcat,r_2937_ENZ_YNR008W_REV,0.0,1000.0
mmkcat,r_2938_ENZ_YNR008W_FWD,0.0,1000.0
mmkcat,r_2938_ENZ_YNR008W_REV,0.0,1000.0
mmkcat,r_2939_ENZ_YNR008W_FWD,0.0,1000.0
mmkcat,r_2939_ENZ_YNR008W_REV,0.0,1000.0
mmkcat,r_2940_ENZ_YNR008W_FWD,0.0,1000.0
mmkcat,r_2940_ENZ_YNR008W_REV,0.0,1000.0
mmkcat,r_2941_ENZ_YNR008W_FWD,0.0,1000.0
mmkcat,r_2941_ENZ_YNR008W_REV,0.0,1000.0
mmkcat,r_2942_ENZ_YNR008W_FWD,0.0,1000.0
mmkcat,r_2942_ENZ_YNR008W_REV,0.0,1000.0
mmkcat,r_2943_ENZ_YNR008W_FWD,0.0,1000.0
mmkcat,r_2943_ENZ_YNR008W_REV,0.0,1000.0
mmkcat,r_2944_ENZ_YNR008W_FWD,0.0,1000.0
mmkcat,r_2944_ENZ_YNR008W_REV,0.0,1000.0
mmkcat,r_2945_ENZ_YNR008W_FWD,0.0,1000.0
mmkcat,r_2945_ENZ_YNR008W_REV,0.0,1000.0
mmkcat,r_2946_ENZ_YNR008W_FWD,0.0,1000.0
mmkcat,r_2946_ENZ_YNR008W_REV,0.0,1000.0
mmkcat,r_2947_ENZ_YNR008W_FWD,0.0,1000.0
mmkcat,r_2947_ENZ_YNR008W_REV,0.0,1000.0
mmkcat,r_2948_ENZ_YNR008W_FWD,0.0,1000.0
mmkcat,r_2948_ENZ_YNR008W_REV,0.0,1000.0
mmkcat,r_2949_ENZ_YNR008W_FWD,0.0,0.0051026890987292
mmkcat,r_2949_ENZ_YNR008W_REV,0.0,0.0043946933889288
mmkcat,r_2950_ENZ_YNR008W_FWD,0.0,0.0031441914617274
mmkcat,r_2950_ENZ_YNR008W_REV,0.0,0.0028685819592037
mmkcat,r_2951_ENZ_YNR008W_FWD,0.0,0.0053410423531541
mmkcat,r_2951_ENZ_YNR008W_REV,0.0,0.0048675710124147
mmkcat,r_2952_ENZ_YNR008W_FWD,0.0,999.9982836215128
mmkcat,r_2952_ENZ_YNR008W_REV,0.0,1000.0
mmkcat,r_2953_ENZ_YNR008W_FWD,0.0,1000.0
mmkcat,r_2953_ENZ_YNR008W_REV,0.0,1000.0
mmkcat,r_2954_ENZ_YNR008W_FWD,0.0,1000.0
mmkcat,r_2954_ENZ_YNR008W_REV,0.0,1000.0
mmkcat,r_2955_ENZ_YNR008W_FWD,0.0,1000.0
mmkcat,r_2955_ENZ_YNR008W_REV,0.0,1000.0
mmkcat,r_2956_ENZ_YNR008W_FWD,0.0,1000.0
mmkcat,r_2956_ENZ_YNR008W_REV,0.0,1000.0
mmkcat,r_2957_ENZ_YNR008W_FWD,0.0,0.0037863464445802
mmkcat,r_2957_ENZ_YNR008W_REV,0.0,0.002334230067612
mmkcat,r_2958_ENZ_YNR008W_FWD,0.0,0.0025540556674619
mmkcat,r_2958_ENZ_YNR008W_REV,0.0,0.0016900986090777
mmkcat,r_2959_ENZ_YNR008W_FWD,0.0,0.0042943244498461
mmkcat,r_2959_ENZ_YNR008W_REV,0.0,0.0025446633323343
mmkcat,r_2960_ENZ_YNR008W_FWD,0.0,1000.0
mmkcat,r_2960_ENZ_YNR008W_REV,0.0,1000.0
mmkcat,r_2961_ENZ_YNR008W_FWD,0.0,0.0028581382631368
mmkcat,r_2961_ENZ_YNR008W_REV,0.0,0.0029164791117248
mmkcat,r_2962_ENZ_YNR008W_FWD,0.0,0.00152777095436
mmkcat,r_2962_ENZ_YNR008W_REV,0.0,0.0020276366249486
mmkcat,r_2963_ENZ_YNR008W_FWD,0.0,0.0031886713367408
mmkcat,r_2963_ENZ_YNR008W_REV,0.0,0.0031759695552828
mmkcat,r_2964_ENZ_YNR008W_FWD,0.0,1000.0
mmkcat,r_2964_ENZ_YNR008W_REV,0.0,1000.0
mmkcat,r_2965_ENZ_YNR008W_FWD,0.0,0.0024618511859008
mmkcat,r_2965_ENZ_YNR008W_REV,0.0,0.0032445583240755
mmkcat,r_2966_ENZ_YNR008W_FWD,0.0,0.0019638958758009
mmkcat,r_2966_ENZ_YNR008W_REV,0.0,0.0020407962682757
mmkcat,r_2967_ENZ_YNR008W_FWD,0.0,0.0027605814212452
mmkcat,r_2967_ENZ_YNR008W_REV,0.0,0.0034870125361261
mmkcat,r_2968_ENZ_YNR008W_FWD,0.0,999.998042951628
mmkcat,r_2968_ENZ_YNR008W_REV,0.0,1000.0
mmkcat,r_2969_ENZ_YNR008W_FWD,0.0,999.9982031597754
mmkcat,r_2969_ENZ_YNR008W_REV,0.0,1000.0
mmkcat,r_2970_ENZ_YNR008W_FWD,0.0,1000.0
mmkcat,r_2970_ENZ_YNR008W_REV,0.0,1000.0
mmkcat,r_2971_ENZ_YNR008W_FWD,0.0,1000.0
mmkcat,r_2971_ENZ_YNR008W_REV,0.0,1000.0
mmkcat,r_2972_ENZ_YNR008W_FWD,0.0,1000.0
mmkcat,r_2972_ENZ_YNR008W_REV,0.0,1000.0
mmkcat,r_2973_ENZ_YNR008W_FWD,0.0,1000.0
mmkcat,r_2973_ENZ_YNR008W_REV,0.0,1000.0
mmkcat,r_2974_ENZ_YNR008W_FWD,0.0,1000.0
mmkcat,r_2974_ENZ_YNR008W_REV,0.0,1000.0
mmkcat,r_2975_ENZ_YNR008W_FWD,0.0,1000.0
mmkcat,r_2975_ENZ_YNR008W_REV,0.0,1000.0
mmkcat,r_2976_ENZ_YNR008W_FWD,0.0,1000.0
mmkcat,r_2976_ENZ_YNR008W_REV,0.0,1000.0
mmkcat,r_2977_ENZ_YNR008W_FWD,0.0,0.0027907190961236
mmkcat,r_2977_ENZ_YNR008W_REV,0.0,0.0026333284245471
mmkcat,r_2978_ENZ_YNR008W_FWD,0.0,0.0022737344431752
mmkcat,r_2978_ENZ_YNR008W_REV,0.0,0.0017626386110518
mmkcat,r_2979_ENZ_YNR008W_FWD,0.0,0.0030223201178884
mmkcat,r_2979_ENZ_YNR008W_REV,0.0,0.0028184310837665
mmkcat,r_2980_ENZ_YNR008W_FWD,0.0,1000.0
mmkcat,r_2980_ENZ_YNR008W_REV,0.0,1000.0
mmkcat,r_2981_ENZ_YNR008W_FWD,0.0,1000.0
mmkcat,r_2981_ENZ_YNR008W_REV,0.0,1000.0
mmkcat,r_2982_ENZ_YNR008W_FWD,0.0,1000.0
mmkcat,r_2982_ENZ_YNR008W_REV,0.0,1000.0
mmkcat,r_2983_ENZ_YNR008W_FWD,0.0,1000.0
mmkcat,r_2983_ENZ_YNR008W_REV,0.0,1000.0
mmkcat,r_2984_ENZ_YNR008W_FWD,0.0,1000.0
mmkcat,r_2984_ENZ_YNR008W_REV,0.0,1000.0
mmkcat,r_2985_ENZ_YNR008W_FWD,0.0,1000.0
mmkcat,r_2985_ENZ_YNR008W_REV,0.0,1000.0
mmkcat,r_2986_ENZ_YNR008W_FWD,0.0,1000.0
mmkcat,r_2986_ENZ_YNR008W_REV,0.0,1000.0
mmkcat,r_2987_ENZ_YNR008W_FWD,0.0,1000.0
mmkcat,r_2987_ENZ_YNR008W_REV,0.0,1000.0
mmkcat,r_2988_ENZ_YNR008W_FWD,0.0,999.9958382658168
mmkcat,r_2988_ENZ_YNR008W_REV,0.0,1000.0
mmkcat,r_2989_ENZ_YNR008W_FWD,0.0,1000.0
mmkcat,r_2989_ENZ_YNR008W_REV,0.0,1000.0
mmkcat,r_2990_ENZ_YNR008W_FWD,0.0,1000.0
mmkcat,r_2990_ENZ_YNR008W_REV,0.0,1000.0
mmkcat,r_2991_ENZ_YNR008W_FWD,0.0,1000.0
mmkcat,r_2991_ENZ_YNR008W_REV,0.0,1000.0
mmkcat,r_2992_ENZ_YNR008W_FWD,0.0,1000.0
mmkcat,r_2992_ENZ_YNR008W_REV,0.0,1000.0
mmkcat,r_2993_ENZ_YNR008W_FWD,0.0,0.0025285322121816
mmkcat,r_2993_ENZ_YNR008W_REV,0.0,0.0032720721026151
mmkcat,r_2994_ENZ_YNR008W_FWD,0.0,0.0019453868514528
mmkcat,r_2994_ENZ_YNR008W_REV,0.0,0.0019656011462258
mmkcat,r_2995_ENZ_YNR008W_FWD,0.0,0.0027757011656899
mmkcat,r_2995_ENZ_YNR008W_REV,0.0,0.0033478478408358
mmkcat,r_2996_ENZ_YNR008W_FWD,0.0,999.9982792200568
mmkcat,r_2996_ENZ_YNR008W_REV,0.0,1000.0
mmkcat,r_2997_ENZ_YNR008W_FWD,0.0,1000.0
mmkcat,r_2997_ENZ_YNR008W_REV,0.0,1000.0
mmkcat,r_2998_ENZ_YNR008W_FWD,0.0,1000.0
mmkcat,r_2998_ENZ_YNR008W_REV,0.0,1000.0
mmkcat,r_2999_ENZ_YNR008W_FWD,0.0,1000.0
mmkcat,r_2999_ENZ_YNR008W_REV,0.0,1000.0
mmkcat,r_3000_ENZ_YNR008W_FWD,0.0,1000.0
mmkcat,r_3000_ENZ_YNR008W_REV,0.0,1000.0
mmkcat,r_3001_ENZ_YNR008W_FWD,0.0,1000.0
mmkcat,r_3001_ENZ_YNR008W_REV,0.0,1000.0
mmkcat,r_3002_ENZ_YNR008W_FWD,0.0,1000.0
mmkcat,r_3002_ENZ_YNR008W_REV,0.0,1000.0
mmkcat,r_3003_ENZ_YNR008W_FWD,0.0,1000.0
mmkcat,r_3003_ENZ_YNR008W_REV,0.0,1000.0
mmkcat,r_3004_ENZ_YNR008W_FWD,0.0,999.9984344799744
mmkcat,r_3004_ENZ_YNR008W_REV,0.0,1000.0
mmkcat,r_3005_ENZ_YNR008W_FWD,0.0,1000.0
mmkcat,r_3005_ENZ_YNR008W_REV,0.0,1000.0
mmkcat,r_3006_ENZ_YNR008W_FWD,0.0,1000.0
mmkcat,r_3006_ENZ_YNR008W_REV,0.0,1000.0
mmkcat,r_3007_ENZ_YNR008W_FWD,0.0,1000.0
mmkcat,r_3007_ENZ_YNR008W_REV,0.0,1000.0
mmkcat,r_3008_ENZ_YNR008W_FWD,0.0,1000.0
mmkcat,r_3008_ENZ_YNR008W_REV,0.0,1000.0
mmkcat,r_3009_ENZ_YNR008W_FWD,0.0,0.0053455506098997
mmkcat,r_3009_ENZ_YNR008W_REV,0.0,0.0031320907080426
mmkcat,r_3010_ENZ_YNR008W_FWD,0.0,0.0037848567936266
mmkcat,r_3010_ENZ_YNR008W_REV,0.0,0.0025768044572498
mmkcat,r_3011_ENZ_YNR008W_FWD,0.0,0.0057393626773283
mmkcat,r_3011_ENZ_YNR008W_REV,0.0,0.0035029374449419
mmkcat,r_3022_ENZ_YML059C,0.0,0.001870887969854
mmkcat,r_3023_ENZ_YML059C,0.0,0.0005234524451368
mmkcat,r_3024_ENZ_YML059C,0.0,0.0006406776451307
mmkcat,r_3025_ENZ_YML059C,0.0,0.0017709775747396
mmkcat,r_3026_ENZ_YML059C,0.0,0.0004989688504309
mmkcat,r_3027_ENZ_YML059C,0.0,0.0002987092396366
mmkcat,r_3028_ENZ_YML059C,0.0,0.0003759266026634
mmkcat,r_3029_ENZ_YML059C,0.0,0.0003702782907045
mmkcat,r_3030_ENZ_YML059C,0.0,1.6741375046510725e-05
mmkcat,r_3031_ENZ_YML059C,0.0,2.680722582380692e-05
mmkcat,r_3032_ENZ_YML059C,0.0,1.7857696657484025e-05
mmkcat,r_3033_ENZ_YML059C,0.0,1.3971253155986578e-05
mmkcat,r_3034_ENZ_YMR008C,0.0,2.799198662757531e-05
mmkcat,r_3035_ENZ_YMR008C,0.0,1.5996510057218796e-05
mmkcat,r_3036_ENZ_YMR008C,0.0,2.6385690687774727e-05
mmkcat,r_3037_ENZ_YMR008C,0.0,2.646546745462692e-05
mmkcat,r_3038_ENZ_YMR008C,0.0,2.835797767984096e-05
mmkcat,r_3039_ENZ_YMR008C,0.0,1.8725449255669115e-05
mmkcat,r_3040_ENZ_YMR008C,0.0,1.752730406420679e-05
mmkcat,r_3041_ENZ_YMR008C,0.0,1.7581265572983763e-05
mmkcat,r_3042_ENZ_YMR008C,0.0,2.799198660140301e-05
mmkcat,r_3043_ENZ_YMR008C,0.0,1.8388825294608665e-05
mmkcat,r_3044_ENZ_YMR008C,0.0,6.692233458830596e-05
mmkcat,r_3045_ENZ_YMR008C,0.0,2.6465467781289258e-05
mmkcat,r_3046_ENZ_YMR006C,0.0,0.0
mmkcat,r_3046_ENZ_YMR008C,0.0,0.0
mmkcat,r_3047_ENZ_YMR006C,0.0,0.0
mmkcat,r_3047_ENZ_YMR008C,0.0,0.0
mmkcat,r_3048_ENZ_YMR006C,0.0,0.0
mmkcat,r_3048_ENZ_YMR008C,0.0,0.0
mmkcat,r_3049_ENZ_YMR006C,0.0,0.0
mmkcat,r_3049_ENZ_YMR008C,0.0,0.0
mmkcat,r_3050_ENZ_YMR006C,0.0,0.0
mmkcat,r_3050_ENZ_YMR008C,0.0,0.0
mmkcat,r_3051_ENZ_YMR006C,0.0,0.0
mmkcat,r_3051_ENZ_YMR008C,0.0,0.0
mmkcat,r_3052_ENZ_YMR006C,0.0,0.0
mmkcat,r_3052_ENZ_YMR008C,0.0,0.0
mmkcat,r_3053_ENZ_YMR006C,0.0,0.0
mmkcat,r_3053_ENZ_YMR008C,0.0,0.0
mmkcat,r_3054_ENZ_YMR006C,0.0,0.0
mmkcat,r_3054_ENZ_YMR008C,0.0,0.0
mmkcat,r_3055_ENZ_YMR006C,0.0,0.0
mmkcat,r_3055_ENZ_YMR008C,0.0,0.0
mmkcat,r_3056_ENZ_YMR006C,0.0,0.0
mmkcat,r_3056_ENZ_YMR008C,0.0,0.0
mmkcat,r_3057_ENZ_YMR006C,0.0,0.0
mmkcat,r_3057_ENZ_YMR008C,0.0,0.0
mmkcat,r_3058_ENZ_YMR006C,0.0,0.0
mmkcat,r_3058_ENZ_YOL011W,0.0,0.0
mmkcat,r_3059_ENZ_YMR006C,0.0,0.0
mmkcat,r_3059_ENZ_YOL011W,0.0,0.0
mmkcat,r_3060_ENZ_YMR006C,0.0,0.0
mmkcat,r_3060_ENZ_YOL011W,0.0,0.0
mmkcat,r_3061_ENZ_YMR006C,0.0,0.0
mmkcat,r_3061_ENZ_YOL011W,0.0,0.0
mmkcat,r_3062_ENZ_YMR006C,0.0,0.0
mmkcat,r_3062_ENZ_YOL011W,0.0,0.0
mmkcat,r_3063_ENZ_YMR006C,0.0,0.0
mmkcat,r_3063_ENZ_YOL011W,0.0,0.0
mmkcat,r_3064_ENZ_YMR006C,0.0,0.0
mmkcat,r_3064_ENZ_YOL011W,0.0,0.0
mmkcat,r_3065_ENZ_YMR006C,0.0,0.0
mmkcat,r_3065_ENZ_YOL011W,0.0,0.0
mmkcat,r_3066_ENZ_YMR006C,0.0,0.0
mmkcat,r_3066_ENZ_YOL011W,0.0,0.0
mmkcat,r_3067_ENZ_YMR006C,0.0,0.0
mmkcat,r_3067_ENZ_YOL011W,0.0,0.0
mmkcat,r_3068_ENZ_YMR006C,0.0,0.0
mmkcat,r_3068_ENZ_YOL011W,0.0,0.0
mmkcat,r_3069_ENZ_YMR006C,0.0,0.0
mmkcat,r_3069_ENZ_YOL011W,0.0,0.0
mmkcat,r_3070_ENZ_YOL011W,0.0,1.3329270313579569e-05
mmkcat,r_3071_ENZ_YOL011W,0.0,2.5955004978152688e-05
mmkcat,r_3072_ENZ_YOL011W,0.0,2.3846925355184136e-05
mmkcat,r_3073_ENZ_YOL011W,0.0,2.3488135669328364e-05
mmkcat,r_3074_ENZ_YOL011W,0.0,1.5060917316584774e-05
mmkcat,r_3075_ENZ_YOL011W,0.0,2.2187573052750996e-05
mmkcat,r_3076_ENZ_YOL011W,0.0,1.905164370949496e-05
mmkcat,r_3077_ENZ_YOL011W,0.0,1.1671965116006062e-05
mmkcat,r_3078_ENZ_YOL011W,0.0,2.463376237460989e-05
mmkcat,r_3079_ENZ_YOL011W,0.0,2.480456561823255e-05
mmkcat,r_3080_ENZ_YOL011W,0.0,2.3846925399783168e-05
mmkcat,r_3081_ENZ_YOL011W,0.0,2.124744061492205e-05
mmkcat,r_3082_ENZ_YPL268W,0.0,0.0
mmkcat,r_3083_ENZ_YPL268W,0.0,0.0
mmkcat,r_3084_ENZ_YPL268W,0.0,0.0
mmkcat,r_3085_ENZ_YPL268W,0.0,0.0
mmkcat,r_3086_ENZ_YPL268W,0.0,0.0
mmkcat,r_3087_ENZ_YPL268W,0.0,0.0
mmkcat,r_3088_ENZ_YPL268W,0.0,0.0
mmkcat,r_3089_ENZ_YPL268W,0.0,0.0
mmkcat,r_3090_ENZ_YPL268W,0.0,0.0
mmkcat,r_3091_ENZ_YPL268W,0.0,0.0
mmkcat,r_3092_ENZ_YPL268W,0.0,0.0
mmkcat,r_3093_ENZ_YPL268W,0.0,0.0
mmkcat,r_3094_ENZ_YPL268W,0.0,0.0
mmkcat,r_3095_ENZ_YPL268W,0.0,0.0
mmkcat,r_3096_ENZ_YPL268W,0.0,0.0
mmkcat,r_3097_ENZ_YPL268W,0.0,0.0
mmkcat,r_3098_ENZ_YPL206C,0.0,4.479258844570719e-05
mmkcat,r_3099_ENZ_YPL206C,0.0,4.087778036994611e-05
mmkcat,r_3100_ENZ_YPL206C,0.0,3.2213380886704275e-05
mmkcat,r_3101_ENZ_YPL206C,0.0,3.0339460460999945e-05
mmkcat,r_3102_ENZ_YPL206C,0.0,2.194387845673166e-05
mmkcat,r_3103_ENZ_YPL206C,0.0,2.99272397405445e-05
mmkcat,r_3104_ENZ_YKR031C,0.0,4.475948828119813e-05
mmkcat,r_3105_ENZ_YKR031C,0.0,2.864898743028184e-05
mmkcat,r_3106_ENZ_YKR031C,0.0,3.9995261818415146e-05
mmkcat,r_3107_ENZ_YKR031C,0.0,4.0424107018605e-05
mmkcat,r_3108_ENZ_YKR031C,0.0,4.323303099384998e-05
mmkcat,r_3109_ENZ_YKR031C,0.0,4.142718673438847e-05
mmkcat,r_3110_ENZ_YKR031C,0.0,4.121374850196699e-05
mmkcat,r_3111_ENZ_YKR031C,0.0,2.742750171454607e-05
mmkcat,r_3112_ENZ_YNL106C,0.0,9.556511574799335e-05
mmkcat,r_3112_ENZ_YOR109W,0.0,9.132925173105376e-05
mmkcat,r_3113_ENZ_YNL106C,0.0,9.55651158189852e-05
mmkcat,r_3113_ENZ_YOR109W,0.0,9.132925169916262e-05
mmkcat,r_3114_ENZ_YNL106C,0.0,9.556511559161152e-05
mmkcat,r_3114_ENZ_YOR109W,0.0,9.132925181098984e-05
mmkcat,r_3115_ENZ_YNL106C,0.0,9.132925183408248e-05
mmkcat,r_3115_ENZ_YOR109W,0.0,9.13292517790154e-05
mmkcat,r_3116_ENZ_YNL106C,0.0,9.132925171861928e-05
mmkcat,r_3116_ENZ_YOR109W,0.0,9.132925167421035e-05
mmkcat,r_3117_ENZ_YNL106C,0.0,9.132925186428054e-05
mmkcat,r_3117_ENZ_YOR109W,0.0,9.132925178079176e-05
mmkcat,r_3118_ENZ_YNL106C,0.0,2.8451505123427975e-05
mmkcat,r_3118_ENZ_YOR109W,0.0,2.715074790593519e-05
mmkcat,r_3119_ENZ_YNL106C,0.0,2.1946504658032492e-05
mmkcat,r_3119_ENZ_YOR109W,0.0,2.23919474180434e-05
mmkcat,r_3120_ENZ_YJR110W,0.0,0.000172298100896
mmkcat,r_3120_ENZ_YNL106C,0.0,0.0001754707009813
mmkcat,r_3120_ENZ_YOR109W,0.0,0.0001754707009813
mmkcat,r_3121_ENZ_YJR110W,0.0,0.0001754707004266
mmkcat,r_3121_ENZ_YNL106C,0.0,0.0001754707024765
mmkcat,r_3121_ENZ_YOR109W,0.0,0.000175470702425
mmkcat,r_3122_ENZ_YJR110W,0.0,0.0001754707007553
mmkcat,r_3122_ENZ_YNL106C,0.0,0.0001754707007553
mmkcat,r_3122_ENZ_YOR109W,0.0,0.0001754707007553
mmkcat,r_3123_ENZ_YJR110W,0.0,0.00017547070094
mmkcat,r_3123_ENZ_YNL106C,0.0,0.0001754707011088
mmkcat,r_3123_ENZ_YOR109W,0.0,0.0001754707012172
mmkcat,r_3124_ENZ_YJR110W,0.0,0.0001754707024055
mmkcat,r_3124_ENZ_YNL106C,0.0,0.0001754707007624
mmkcat,r_3124_ENZ_YOR109W,0.0,0.0001754707007712
mmkcat,r_3125_ENZ_YJR110W,0.0,0.0001754707010004
mmkcat,r_3125_ENZ_YNL106C,0.0,0.0001836090582703
mmkcat,r_3125_ENZ_YOR109W,0.0,0.0001836090582703
mmkcat,r_3126_ENZ_YJR110W,0.0,2.7923731620305148e-05
mmkcat,r_3126_ENZ_YNL106C,0.0,3.347175828599669e-05
mmkcat,r_3126_ENZ_YOR109W,0.0,3.2383527171830906e-05
mmkcat,r_3127_ENZ_YJR110W,0.0,2.2955187093387508e-05
mmkcat,r_3127_ENZ_YNL106C,0.0,2.482566845163348e-05
mmkcat,r_3127_ENZ_YOR109W,0.0,2.207029533529692e-05
mmkcat,r_3128_ENZ_YKL212W,0.0,0.0003526034674694
mmkcat,r_3129_ENZ_YKL212W,0.0,0.00034622820991
mmkcat,r_3130_ENZ_YKL212W,0.0,0.000345807594563
mmkcat,r_3131_ENZ_YKL212W,0.0,0.00035260346149
mmkcat,r_3132_ENZ_YKL212W,0.0,0.0003526034620229
mmkcat,r_3133_ENZ_YKL212W,0.0,0.0003526034614864
mmkcat,r_3134_ENZ_YKL212W,0.0,3.737248312785102e-05
mmkcat,r_3135_ENZ_YKL212W,0.0,2.708500893078281e-05
mmkcat,r_3136_ENZ_YKL212W,0.0,0.0003509414054114
mmkcat,r_3137_ENZ_YKL212W,0.0,0.0003509414050277
mmkcat,r_3138_ENZ_YKL212W,0.0,0.0002335502082466
mmkcat,r_3139_ENZ_YKL212W,0.0,0.000349317245007
mmkcat,r_3140_ENZ_YKL212W,0.0,0.0003445961965091
mmkcat,r_3141_ENZ_YKL212W,0.0,0.0003445961970029
mmkcat,r_3142_ENZ_YKL212W,0.0,3.6684313144519365e-05
mmkcat,r_3143_ENZ_YKL212W,0.0,2.707999010098661e-05
mmkcat,r_3144_ENZ_YNL106C,0.0,0.0004386919934624
mmkcat,r_3144_ENZ_YOR109W,0.0,0.0001826585029366
mmkcat,r_3145_ENZ_YNL106C,0.0,0.0001826585013553
mmkcat,r_3145_ENZ_YOR109W,0.0,0.0001826585030997
mmkcat,r_3146_ENZ_YNL106C,0.0,0.0001826585013555
mmkcat,r_3146_ENZ_YOR109W,0.0,0.000182658502869
mmkcat,r_3147_ENZ_YNL106C,0.0,0.0001826585036042
mmkcat,r_3147_ENZ_YOR109W,0.0,0.0001826585035367
mmkcat,r_3148_ENZ_YNL106C,0.0,0.0001826585029847
mmkcat,r_3148_ENZ_YOR109W,0.0,0.0001826585028155
mmkcat,r_3149_ENZ_YNL106C,0.0,0.0001793559396576
mmkcat,r_3149_ENZ_YOR109W,0.0,0.0001826585030466
mmkcat,r_3150_ENZ_YNL106C,0.0,0.0001214454300647
mmkcat,r_3150_ENZ_YOR109W,0.0,0.0001080836368139
mmkcat,r_3151_ENZ_YNL106C,0.0,0.0001669704822901
mmkcat,r_3151_ENZ_YOR109W,0.0,0.000179355941885
mmkcat,r_3152_ENZ_YNL106C,0.0,0.0003509414032408
mmkcat,r_3152_ENZ_YOR109W,0.0,0.0003509414036068
mmkcat,r_3153_ENZ_YNL106C,0.0,0.000344596198307
mmkcat,r_3153_ENZ_YOR109W,0.0,0.000350941401674
mmkcat,r_3154_ENZ_YNL106C,0.0,0.0003509414057276
mmkcat,r_3154_ENZ_YOR109W,0.0,0.0003445962022574
mmkcat,r_3155_ENZ_YNL106C,0.0,0.0003445961979233
mmkcat,r_3155_ENZ_YOR109W,0.0,0.0003509414042248
mmkcat,r_3156_ENZ_YNL106C,0.0,0.0003509414024165
mmkcat,r_3156_ENZ_YOR109W,0.0,0.0003509414058875
mmkcat,r_3157_ENZ_YNL106C,0.0,0.0003509414016349
mmkcat,r_3157_ENZ_YOR109W,0.0,0.0003509414004874
mmkcat,r_3158_ENZ_YNL106C,0.0,0.0001872623129203
mmkcat,r_3158_ENZ_YOR109W,0.0,0.0001517049154923
mmkcat,r_3159_ENZ_YNL106C,0.0,0.0003445961985377
mmkcat,r_3159_ENZ_YOR109W,0.0,0.000350941402786
mmkcat,r_3160_ENZ_YKL212W,0.0,0.0003462282086061
mmkcat,r_3161_ENZ_YKL212W,0.0,0.0003462282121873
mmkcat,r_3162_ENZ_YKL212W,0.0,0.0003526034669398
mmkcat,r_3163_ENZ_YKL212W,0.0,0.0003526034642364
mmkcat,r_3164_ENZ_YKL212W,0.0,0.0003526034633338
mmkcat,r_3165_ENZ_YKL212W,0.0,0.0003526034674941
mmkcat,r_3166_ENZ_YKL212W,0.0,0.0001967258080846
mmkcat,r_3167_ENZ_YKL212W,0.0,0.0003526034672882
mmkcat,r_3168_ENZ_YKL212W,0.0,0.0003509414046405
mmkcat,r_3169_ENZ_YKL212W,0.0,0.0003509414046405
mmkcat,r_3170_ENZ_YKL212W,0.0,0.0003509414046405
mmkcat,r_3171_ENZ_YKL212W,0.0,0.0003509414046405
mmkcat,r_3172_ENZ_YKL212W,0.0,0.0003509414046405
mmkcat,r_3173_ENZ_YKL212W,0.0,0.0003509414046405
mmkcat,r_3174_ENZ_YKL212W,0.0,0.0001266202521108
mmkcat,r_3175_ENZ_YKL212W,0.0,0.0003509414046405
mmkcat,r_3176_ENZ_YNL106C,0.0,0.0002188799393145
mmkcat,r_3176_ENZ_YOR109W,0.0,9.132925174881734e-05
mmkcat,r_3177_ENZ_YNL106C,0.0,9.132925148236382e-05
mmkcat,r_3177_ENZ_YOR109W,0.0,9.132925179855532e-05
mmkcat,r_3178_ENZ_YNL106C,0.0,9.13292514255204e-05
mmkcat,r_3178_ENZ_YOR109W,0.0,9.132925148058746e-05
mmkcat,r_3179_ENZ_YNL106C,0.0,9.13292514611308e-05
mmkcat,r_3179_ENZ_YOR109W,0.0,9.132925144333948e-05
mmkcat,r_3180_ENZ_YNL106C,0.0,9.132925149657468e-05
mmkcat,r_3180_ENZ_YOR109W,0.0,9.132925139354596e-05
mmkcat,r_3181_ENZ_YNL106C,0.0,9.132925166177586e-05
mmkcat,r_3181_ENZ_YOR109W,0.0,9.132925153032544e-05
mmkcat,r_3182_ENZ_YNL106C,0.0,2.845150515717876e-05
mmkcat,r_3182_ENZ_YOR109W,0.0,2.845150501329385e-05
mmkcat,r_3183_ENZ_YNL106C,0.0,2.107946373897107e-05
mmkcat,r_3183_ENZ_YOR109W,0.0,2.194650467229886e-05
mmkcat,r_3184_ENZ_YNL106C,0.0,0.0001754707024677
mmkcat,r_3184_ENZ_YOR109W,0.0,0.0001754707008991
mmkcat,r_3185_ENZ_YNL106C,0.0,0.0001754707015458
mmkcat,r_3185_ENZ_YOR109W,0.0,0.0001754707030698
mmkcat,r_3186_ENZ_YNL106C,0.0,0.0001754707031178
mmkcat,r_3186_ENZ_YOR109W,0.0,0.0001754707008316
mmkcat,r_3187_ENZ_YNL106C,0.0,0.0001754707032084
mmkcat,r_3187_ENZ_YOR109W,0.0,0.0001754707031089
mmkcat,r_3188_ENZ_YNL106C,0.0,0.0001754707023646
mmkcat,r_3188_ENZ_YOR109W,0.0,0.000175470702274
mmkcat,r_3189_ENZ_YNL106C,0.0,0.0001754707024606
mmkcat,r_3189_ENZ_YOR109W,0.0,0.0001754707008263
mmkcat,r_3190_ENZ_YNL106C,0.0,3.3471758310810173e-05
mmkcat,r_3190_ENZ_YOR109W,0.0,3.34717583179156e-05
mmkcat,r_3191_ENZ_YNL106C,0.0,2.482566852712864e-05
mmkcat,r_3191_ENZ_YOR109W,0.0,2.4825668532457712e-05
mmkcat,r_3192_ENZ_YIL002C,0.0,0.0001826585014264
mmkcat,r_3192_ENZ_YNL106C,0.0,0.0001826585028759
mmkcat,r_3192_ENZ_YOR109W,0.0,0.0001826585028759
mmkcat,r_3193_ENZ_YIL002C,0.0,0.0001826585013686
mmkcat,r_3193_ENZ_YNL106C,0.0,0.0001826585029647
mmkcat,r_3193_ENZ_YOR109W,0.0,0.0001826585029647
mmkcat,r_3194_ENZ_YIL002C,0.0,0.0001826585030606
mmkcat,r_3194_ENZ_YNL106C,0.0,0.0001826585028865
mmkcat,r_3194_ENZ_YOR109W,0.0,0.0001826585030642
mmkcat,r_3195_ENZ_YIL002C,0.0,0.0001793559410607
mmkcat,r_3195_ENZ_YNL106C,0.0,0.0001826585028261
mmkcat,r_3195_ENZ_YOR109W,0.0,0.0001826585028261
mmkcat,r_3196_ENZ_YIL002C,0.0,0.0001826585030713
mmkcat,r_3196_ENZ_YNL106C,0.0,0.0001826585030784
mmkcat,r_3196_ENZ_YOR109W,0.0,0.0001826585032347
mmkcat,r_3197_ENZ_YIL002C,0.0,0.0001826585012842
mmkcat,r_3197_ENZ_YNL106C,0.0,0.0001826585031423
mmkcat,r_3197_ENZ_YOR109W,0.0,0.0001826585030038
mmkcat,r_3198_ENZ_YIL002C,0.0,8.5767303804829e-05
mmkcat,r_3198_ENZ_YNL106C,0.0,0.0001230494908845
mmkcat,r_3198_ENZ_YOR109W,0.0,9.83684990387701e-05
mmkcat,r_3199_ENZ_YIL002C,0.0,0.0001826585034301
mmkcat,r_3199_ENZ_YNL106C,0.0,0.0001826585029187
mmkcat,r_3199_ENZ_YOR109W,0.0,0.000182658503153
mmkcat,r_3200_ENZ_YIL002C,0.0,0.0003509414013969
mmkcat,r_3200_ENZ_YNL106C,0.0,0.0003509414050029
mmkcat,r_3200_ENZ_YOR109W,0.0,0.0003509414051592
mmkcat,r_3201_ENZ_YIL002C,0.0,0.0003509414009776
mmkcat,r_3201_ENZ_YNL106C,0.0,0.0003509414056281
mmkcat,r_3201_ENZ_YOR109W,0.0,0.000350941405781
mmkcat,r_3202_ENZ_YIL002C,0.0,0.0003509414063636
mmkcat,r_3202_ENZ_YNL106C,0.0,0.0003509414048963
mmkcat,r_3202_ENZ_YOR109W,0.0,0.0003509414049638
mmkcat,r_3203_ENZ_YIL002C,0.0,0.0003509414024557
mmkcat,r_3203_ENZ_YNL106C,0.0,0.0003509414055464
mmkcat,r_3203_ENZ_YOR109W,0.0,0.000350941405717
mmkcat,r_3204_ENZ_YIL002C,0.0,0.0003509414005193
mmkcat,r_3204_ENZ_YNL106C,0.0,0.0003509414049638
mmkcat,r_3204_ENZ_YOR109W,0.0,0.0003509414049638
mmkcat,r_3205_ENZ_YIL002C,0.0,0.0003509414019051
mmkcat,r_3205_ENZ_YNL106C,0.0,0.0003509414045481
mmkcat,r_3205_ENZ_YOR109W,0.0,0.0003509414044381
mmkcat,r_3206_ENZ_YIL002C,0.0,0.0002753226120628
mmkcat,r_3206_ENZ_YNL106C,0.0,0.0001908020988636
mmkcat,r_3206_ENZ_YOR109W,0.0,0.0001507043159136
mmkcat,r_3207_ENZ_YIL002C,0.0,0.0003509414057454
mmkcat,r_3207_ENZ_YNL106C,0.0,0.0003509414014146
mmkcat,r_3207_ENZ_YOR109W,0.0,0.0003509414012938
mmkcat,r_3208_ENZ_YOL065C,0.0,0.0003526034627938
mmkcat,r_3209_ENZ_YOL065C,0.0,0.000346228212976
mmkcat,r_3210_ENZ_YOL065C,0.0,0.0003462282124395
mmkcat,r_3211_ENZ_YOL065C,0.0,0.0003526034641758
mmkcat,r_3212_ENZ_YOL065C,0.0,0.0003462282087802
mmkcat,r_3213_ENZ_YOL065C,0.0,0.0003462282078423
mmkcat,r_3214_ENZ_YOL065C,0.0,0.0002574539278867
mmkcat,r_3215_ENZ_YOL065C,0.0,0.0003462282085412
mmkcat,r_3216_ENZ_YFR019W_and_YNL325C_and_YFR021W_and_YNL054W_and_YLR386W,0.0,0.0001473389404367
mmkcat,r_3217_ENZ_YFR019W_and_YNL325C_and_YFR021W_and_YNL054W_and_YLR386W,0.0,0.0001473389403798
mmkcat,r_3218_ENZ_YFR019W_and_YNL325C_and_YFR021W_and_YNL054W_and_YLR386W,0.0,0.0001473389403123
mmkcat,r_3219_ENZ_YFR019W_and_YNL325C_and_YFR021W_and_YNL054W_and_YLR386W,0.0,0.0001473389403123
mmkcat,r_3220_ENZ_YFR019W_and_YNL325C_and_YFR021W_and_YNL054W_and_YLR386W,0.0,0.000147338940394
mmkcat,r_3221_ENZ_YFR019W_and_YNL325C_and_YFR021W_and_YNL054W_and_YLR386W,0.0,0.0001473389403124
mmkcat,r_3222_ENZ_YFR019W_and_YNL325C_and_YFR021W_and_YNL054W_and_YLR386W,0.0,0.0001473389397936
mmkcat,r_3223_ENZ_YFR019W_and_YNL325C_and_YFR021W_and_YNL054W_and_YLR386W,0.0,0.0001446749754911
mmkcat,r_3224_ENZ_YDR284C,0.0,0.0001541725415423
mmkcat,r_3225_ENZ_YDR284C,0.0,0.0001541725415423
mmkcat,r_3226_ENZ_YDR284C,0.0,0.0001541725415423
mmkcat,r_3227_ENZ_YDR284C,0.0,0.0001541725415423
mmkcat,r_3228_ENZ_YDR284C,0.0,0.0001275878100734
mmkcat,r_3229_ENZ_YDR284C,0.0,0.0001541725415423
mmkcat,r_3230_ENZ_YDR284C,0.0,0.0001541725415423
mmkcat,r_3231_ENZ_YDR284C,0.0,0.0001541725415423
mmkcat,r_3232_ENZ_YDR503C,0.0,0.0003509414059195
mmkcat,r_3233_ENZ_YDR503C,0.0,0.0003509414059195
mmkcat,r_3234_ENZ_YDR503C,0.0,0.0003509414059195
mmkcat,r_3235_ENZ_YDR503C,0.0,0.0003509414059195
mmkcat,r_3236_ENZ_YDR503C,0.0,0.0002098047958334
mmkcat,r_3237_ENZ_YDR503C,0.0,0.0003509414059195
mmkcat,r_3238_ENZ_YDR503C,0.0,0.0003509414059195
mmkcat,r_3239_ENZ_YDR503C,0.0,0.0003509414059195
mmkcat,r_3240_ENZ_YER037W,0.0,-0.0
mmkcat,r_3241_ENZ_YER037W,0.0,-0.0
mmkcat,r_3242_ENZ_YER037W,0.0,-0.0
mmkcat,r_3243_ENZ_YER037W,0.0,-0.0
mmkcat,r_3244_ENZ_YDR284C,0.0,-0.0
mmkcat,r_3245_ENZ_YDR284C,0.0,-0.0
mmkcat,r_3246_ENZ_YDR284C,0.0,-0.0
mmkcat,r_3247_ENZ_YDR284C,0.0,-0.0
mmkcat,r_3248_ENZ_YDR503C,0.0,-0.0
mmkcat,r_3249_ENZ_YDR503C,0.0,-0.0
mmkcat,r_3250_ENZ_YDR503C,0.0,-0.0
mmkcat,r_3251_ENZ_YDR503C,0.0,-0.0
mmkcat,r_3252_ENZ_YKL140W,0.0,2.474431755257764e-05
mmkcat,r_3252_ENZ_YLL012W,0.0,1.8187260060417663e-05
mmkcat,r_3253_ENZ_YKL140W,0.0,1.7987910175369466e-05
mmkcat,r_3253_ENZ_YLL012W,0.0,1.928847457633581e-05
mmkcat,r_3254_ENZ_YLL012W,0.0,2.3528492448942825e-05
mmkcat,r_3255_ENZ_YLL012W,0.0,1.782020476583129e-05
mmkcat,r_3256_ENZ_YLL012W,0.0,3.904099020925677e-05
mmkcat,r_3257_ENZ_YLL012W,0.0,2.774446964544097e-05
mmkcat,r_3258_ENZ_YLL012W,0.0,5.315672479613842e-05
mmkcat,r_3259_ENZ_YLL012W,0.0,3.477218039904528e-05
mmkcat,r_3260_ENZ_YLL012W,0.0,4.1784459272317664e-05
mmkcat,r_3261_ENZ_YLL012W,0.0,2.9587658917801567e-05
mmkcat,r_3262_ENZ_YLR020C,0.0,2.464448911168593e-05
mmkcat,r_3263_ENZ_YLR020C,0.0,1.0535876525318512e-05
mmkcat,r_3264_ENZ_YBR204C,0.0,0.0001057005253281
mmkcat,r_3264_ENZ_YCR068W,0.0,0.0001075369062103
mmkcat,r_3264_ENZ_YKR089C,0.0,0.0001028645266487
mmkcat,r_3264_ENZ_YMR313C,0.0,0.0001049346282249
mmkcat,r_3264_ENZ_YOR081C,0.0,0.0001028696276498
mmkcat,r_3265_ENZ_YBR204C,0.0,0.0018118399815946
mmkcat,r_3265_ENZ_YKR089C,0.0,0.0008411102328762
mmkcat,r_3265_ENZ_YMR313C,0.0,0.0013682679014832
mmkcat,r_3265_ENZ_YOR081C,0.0,0.0007587442544916
mmkcat,r_3266_ENZ_YBR204C,0.0,9.34951681115727e-05
mmkcat,r_3266_ENZ_YKR089C,0.0,8.990500910829046e-05
mmkcat,r_3266_ENZ_YMR313C,0.0,9.190524097565368e-05
mmkcat,r_3266_ENZ_YOR081C,0.0,8.784368271516079e-05
mmkcat,r_3267_ENZ_YBR204C,0.0,0.0004973517666441
mmkcat,r_3267_ENZ_YKR089C,0.0,0.0003932616345056
mmkcat,r_3267_ENZ_YMR313C,0.0,0.0003932616345056
mmkcat,r_3267_ENZ_YOR081C,0.0,0.0003932616345056
mmkcat,r_3268_ENZ_YBR204C,0.0,0.0001262979966151
mmkcat,r_3268_ENZ_YKR089C,0.0,0.0001262979975434
mmkcat,r_3268_ENZ_YMR313C,0.0,0.0001262979975434
mmkcat,r_3268_ENZ_YOR081C,0.0,0.0001262979975434
mmkcat,r_3269_ENZ_YBR204C,0.0,0.0009397969686217
mmkcat,r_3269_ENZ_YKR089C,0.0,0.0006487651985908
mmkcat,r_3269_ENZ_YMR313C,0.0,0.000623177112265
mmkcat,r_3269_ENZ_YOR081C,0.0,0.0003492322255745
mmkcat,r_3270_ENZ_YBR204C,0.0,0.0001098854005967
mmkcat,r_3270_ENZ_YKR089C,0.0,0.0001098853993069
mmkcat,r_3270_ENZ_YMR313C,0.0,0.0001098853993044
mmkcat,r_3270_ENZ_YOR081C,0.0,0.0001098853992953
mmkcat,r_3271_ENZ_YBR204C,0.0,0.0004483667403881
mmkcat,r_3271_ENZ_YKR089C,0.0,0.0003210940270105
mmkcat,r_3271_ENZ_YMR313C,0.0,0.0003641116962401
mmkcat,r_3271_ENZ_YOR081C,0.0,0.0003198656363119
mmkcat,r_3272_ENZ_YBR204C,0.0,9.010846693472576e-05
mmkcat,r_3272_ENZ_YKR089C,0.0,9.010846693472576e-05
mmkcat,r_3272_ENZ_YMR313C,0.0,9.01090277990019e-05
mmkcat,r_3272_ENZ_YOR081C,0.0,0.0002145359187492
mmkcat,r_3273_ENZ_YBR204C,0.0,0.001799972866486
mmkcat,r_3273_ENZ_YKR089C,0.0,0.0007835039435666
mmkcat,r_3273_ENZ_YMR313C,0.0,0.001224481036595
mmkcat,r_3273_ENZ_YOR081C,0.0,0.0011976847713326
mmkcat,r_3274_ENZ_YBR204C,0.0,9.620906516602588e-05
mmkcat,r_3274_ENZ_YKR089C,0.0,9.266217795119152e-05
mmkcat,r_3274_ENZ_YMR313C,0.0,9.508435617277796e-05
mmkcat,r_3274_ENZ_YOR081C,0.0,9.160731197697246e-05
mmkcat,r_3275_ENZ_YBR204C,0.0,0.0003911936218558
mmkcat,r_3275_ENZ_YKR089C,0.0,0.0003995965036582
mmkcat,r_3275_ENZ_YMR313C,0.0,0.000399501834185
mmkcat,r_3275_ENZ_YOR081C,0.0,0.0003973019267807
mmkcat,r_3276_ENZ_YBR204C,0.0,0.0001262979974228
mmkcat,r_3276_ENZ_YKR089C,0.0,0.0001262979976173
mmkcat,r_3276_ENZ_YMR313C,0.0,0.0001262979976173
mmkcat,r_3276_ENZ_YOR081C,0.0,0.0001262979976173
mmkcat,r_3277_ENZ_YBR204C,0.0,0.0018232339422163
mmkcat,r_3277_ENZ_YKR089C,0.0,0.001823848605412
mmkcat,r_3277_ENZ_YMR313C,0.0,0.001823848605412
mmkcat,r_3277_ENZ_YOR081C,0.0,0.0018238486050844
mmkcat,r_3278_ENZ_YBR204C,0.0,0.0001098854005935
mmkcat,r_3278_ENZ_YKR089C,0.0,0.0003194988001446
mmkcat,r_3278_ENZ_YMR313C,0.0,0.0001098854004909
mmkcat,r_3278_ENZ_YOR081C,0.0,0.0001098854003815
mmkcat,r_3279_ENZ_YBR204C,0.0,0.0004494993597359
mmkcat,r_3279_ENZ_YKR089C,0.0,0.0003998475523355
mmkcat,r_3279_ENZ_YMR313C,0.0,0.0003329732962287
mmkcat,r_3279_ENZ_YOR081C,0.0,0.0003106676551374
mmkcat,r_3280_ENZ_YBR204C,0.0,0.0001091126818624
mmkcat,r_3280_ENZ_YKR089C,0.0,0.0001046583124033
mmkcat,r_3280_ENZ_YMR313C,0.0,0.0001065345528225
mmkcat,r_3280_ENZ_YOR081C,0.0,0.0001049241003171
mmkcat,r_3281_ENZ_YBR204C,0.0,0.0018229419636132
mmkcat,r_3281_ENZ_YKR089C,0.0,0.001822941963805
mmkcat,r_3281_ENZ_YMR313C,0.0,0.0018229419638668
mmkcat,r_3281_ENZ_YOR081C,0.0,0.001822941963831
mmkcat,r_3282_ENZ_YBR204C,0.0,9.808277251794652e-05
mmkcat,r_3282_ENZ_YKR089C,0.0,9.395740907315727e-05
mmkcat,r_3282_ENZ_YMR313C,0.0,9.547910370012302e-05
mmkcat,r_3282_ENZ_YOR081C,0.0,9.112926732371408e-05
mmkcat,r_3283_ENZ_YBR204C,0.0,0.0004973517651215
mmkcat,r_3283_ENZ_YKR089C,0.0,0.0004973517659328
mmkcat,r_3283_ENZ_YMR313C,0.0,0.0004973517659328
mmkcat,r_3283_ENZ_YOR081C,0.0,0.0004973517659328
mmkcat,r_3284_ENZ_YBR204C,0.0,0.0001262979974386
mmkcat,r_3284_ENZ_YKR089C,0.0,0.0001262979977002
mmkcat,r_3284_ENZ_YMR313C,0.0,0.0001262979977002
mmkcat,r_3284_ENZ_YOR081C,0.0,0.0001262979977002
mmkcat,r_3285_ENZ_YBR204C,0.0,0.0018239911729447
mmkcat,r_3285_ENZ_YKR089C,0.0,0.0018215101804838
mmkcat,r_3285_ENZ_YMR313C,0.0,0.0018215101804363
mmkcat,r_3285_ENZ_YOR081C,0.0,0.0018215101804363
mmkcat,r_3286_ENZ_YBR204C,0.0,7.88404017130304e-05
mmkcat,r_3286_ENZ_YKR089C,0.0,0.00010988540004
mmkcat,r_3286_ENZ_YMR313C,0.0,0.0001098854001824
mmkcat,r_3286_ENZ_YOR081C,0.0,0.00010988540004
mmkcat,r_3287_ENZ_YBR204C,0.0,0.0003730924569024
mmkcat,r_3287_ENZ_YKR089C,0.0,0.0004087026852573
mmkcat,r_3287_ENZ_YMR313C,0.0,0.0004376296397077
mmkcat,r_3287_ENZ_YOR081C,0.0,0.0003958921223197
mmkcat,r_3288_ENZ_YBR204C,0.0,0.0001073222036027
mmkcat,r_3288_ENZ_YKR089C,0.0,0.0001044814703666
mmkcat,r_3288_ENZ_YMR313C,0.0,0.0001065370310822
mmkcat,r_3288_ENZ_YOR081C,0.0,0.0001045608471977
mmkcat,r_3289_ENZ_YBR204C,0.0,0.0018221248427818
mmkcat,r_3289_ENZ_YKR089C,0.0,0.0018321794905575
mmkcat,r_3289_ENZ_YMR313C,0.0,0.0018321794905575
mmkcat,r_3289_ENZ_YOR081C,0.0,0.0018321794906552
mmkcat,r_3290_ENZ_YBR204C,0.0,0.0001662604092644
mmkcat,r_3290_ENZ_YKR089C,0.0,0.0001662604092909
mmkcat,r_3290_ENZ_YMR313C,0.0,3.4752460483464174e-05
mmkcat,r_3290_ENZ_YOR081C,0.0,4.569660822435632e-05
mmkcat,r_3291_ENZ_YBR204C,0.0,0.0004051756411931
mmkcat,r_3291_ENZ_YKR089C,0.0,0.0003932616351603
mmkcat,r_3291_ENZ_YMR313C,0.0,0.0003932616356287
mmkcat,r_3291_ENZ_YOR081C,0.0,0.0003932616353556
mmkcat,r_3292_ENZ_YBR204C,0.0,0.0001075343905167
mmkcat,r_3292_ENZ_YKR089C,0.0,0.0001022171099403
mmkcat,r_3292_ENZ_YMR313C,0.0,0.0001040733872524
mmkcat,r_3292_ENZ_YOR081C,0.0,9.850996717228618e-05
mmkcat,r_3293_ENZ_YBR204C,0.0,0.0018239911722869
mmkcat,r_3293_ENZ_YKR089C,0.0,0.0018245383787182
mmkcat,r_3293_ENZ_YMR313C,0.0,0.0018245383787182
mmkcat,r_3293_ENZ_YOR081C,0.0,0.0018245383787182
mmkcat,r_3294_ENZ_YBR204C,0.0,0.0001098854006377
mmkcat,r_3294_ENZ_YKR089C,0.0,0.0001098854000725
mmkcat,r_3294_ENZ_YMR313C,0.0,0.0001098854001411
mmkcat,r_3294_ENZ_YOR081C,0.0,0.0001098853999696
mmkcat,r_3295_ENZ_YBR204C,0.0,0.0004661347686808
mmkcat,r_3295_ENZ_YKR089C,0.0,0.0004165332454501
mmkcat,r_3295_ENZ_YMR313C,0.0,0.0003513466266608
mmkcat,r_3295_ENZ_YOR081C,0.0,0.0003169973357249
mmkcat,r_3296_ENZ_YMR313C,0.0,6.654245245407968e-05
mmkcat,r_3297_ENZ_YCR068W,0.0,0.0002041604123272
mmkcat,r_3297_ENZ_YMR313C,0.0,0.0001480715821394
mmkcat,r_3298_ENZ_YMR313C,0.0,6.199509301930792e-05
mmkcat,r_3299_ENZ_YMR313C,0.0,5.8858403930717126e-05
mmkcat,r_3300_ENZ_YMR313C,0.0,3.898028496507571e-05
mmkcat,r_3301_ENZ_YMR313C,0.0,5.431600738919212e-05
mmkcat,r_3302_ENZ_YMR313C,0.0,2.138438592207579e-05
mmkcat,r_3303_ENZ_YMR313C,0.0,3.863054592473065e-05
mmkcat,r_3304_ENZ_YDR058C,0.0,-0.0
mmkcat,r_3305_ENZ_YDR058C,0.0,-0.0
mmkcat,r_3306_ENZ_YDR058C,0.0,-0.0
mmkcat,r_3307_ENZ_YDR058C,0.0,-0.0
mmkcat,r_3308_ENZ_YKL094W,0.0,6.533933002171068e-05
mmkcat,r_3309_ENZ_YKL094W,0.0,0.0002127715681128
mmkcat,r_3310_ENZ_YKL094W,0.0,6.487043464172445e-05
mmkcat,r_3311_ENZ_YKL094W,0.0,5.8858403191308605e-05
mmkcat,r_3312_ENZ_YMR313C,0.0,9.615953307625344e-05
mmkcat,r_3313_ENZ_YMR313C,0.0,9.615953402661476e-05
mmkcat,r_3314_ENZ_YMR313C,0.0,9.615953435147722e-05
mmkcat,r_3315_ENZ_YMR313C,0.0,9.615953379426156e-05
mmkcat,r_3316_ENZ_YKR089C,0.0,0.0018640704329741
mmkcat,r_3317_ENZ_YKR089C,0.0,0.0005710351103725
mmkcat,r_3318_ENZ_YKR089C,0.0,0.0006808576701252
mmkcat,r_3319_ENZ_YKR089C,0.0,0.0011049521273416
mmkcat,r_3320_ENZ_YKR089C,0.0,0.0004929891768954
mmkcat,r_3321_ENZ_YKR089C,0.0,0.0003255342404666
mmkcat,r_3322_ENZ_YKR089C,0.0,0.0004246206037243
mmkcat,r_3323_ENZ_YKR089C,0.0,0.0003355445168177
mmkcat,r_3324_ENZ_YKR089C,0.0,0.0018229419636523
mmkcat,r_3325_ENZ_YKR089C,0.0,0.0018366012846244
mmkcat,r_3326_ENZ_YKR089C,0.0,0.0018640704333503
mmkcat,r_3327_ENZ_YKR089C,0.0,0.0018283755603378
mmkcat,r_3328_ENZ_YKR089C,0.0,0.0004285755260904
mmkcat,r_3329_ENZ_YKR089C,0.0,0.0004278313877052
mmkcat,r_3330_ENZ_YKR089C,0.0,0.0004929891766147
mmkcat,r_3331_ENZ_YKR089C,0.0,0.0004166404603657
mmkcat,r_3332_FWD,0.0,0.0003509521942817
mmkcat,r_3332_REV,0.0,0.0
mmkcat,r_3333_FWD,0.0,0.0003509521942817
mmkcat,r_3333_REV,0.0,0.0
mmkcat,r_3334_FWD,0.0,0.0003509521942817
mmkcat,r_3334_REV,0.0,0.0
mmkcat,r_3335_FWD,0.0,0.0003509521942817
mmkcat,r_3335_REV,0.0,0.0
mmkcat,r_3336_FWD,0.0,0.0002098112456216
mmkcat,r_3336_REV,0.0,0.0
mmkcat,r_3337_FWD,0.0,0.0003509521942817
mmkcat,r_3337_REV,0.0,0.0
mmkcat,r_3338_FWD,0.0,0.0003509521942817
mmkcat,r_3338_REV,0.0,0.0
mmkcat,r_3339_FWD,0.0,0.0003509521942817
mmkcat,r_3339_REV,0.0,0.0
mmkcat,r_3340_FWD,0.0,0.0003608363769629
mmkcat,r_3340_REV,0.0,0.0
mmkcat,r_3341_FWD,0.0,0.0003608363769629
mmkcat,r_3341_REV,0.0,0.0
mmkcat,r_3342_FWD,0.0,0.0003608363769629
mmkcat,r_3342_REV,0.0,0.0
mmkcat,r_3343_FWD,0.0,0.0003608363769629
mmkcat,r_3343_REV,0.0,0.0
mmkcat,r_3344_FWD,0.0,0.0001275917320278
mmkcat,r_3344_REV,0.0,0.0
mmkcat,r_3345_FWD,0.0,0.0001473434685303
mmkcat,r_3345_REV,0.0,0.0
mmkcat,r_3346_FWD,0.0,0.0001473434685303
mmkcat,r_3346_REV,0.0,0.0
mmkcat,r_3347_FWD,0.0,0.0001473434685303
mmkcat,r_3347_REV,0.0,0.0
mmkcat,r_3348_ENZ_YDR072C,0.0,0.0
mmkcat,r_3349_ENZ_YDR072C,0.0,0.0
mmkcat,r_3350_ENZ_YDR072C,0.0,0.0
mmkcat,r_3351_ENZ_YDR072C,0.0,0.0
mmkcat,r_3352_ENZ_YDR072C,0.0,0.0
mmkcat,r_3353_ENZ_YDR072C,0.0,0.0
mmkcat,r_3354_ENZ_YDR072C,0.0,0.0
mmkcat,r_3355_ENZ_YDR072C,0.0,0.0
mmkcat,r_3356_ENZ_YDR072C,0.0,0.0
mmkcat,r_3357_ENZ_YDR072C,0.0,0.0
mmkcat,r_3358_ENZ_YDR072C,0.0,0.0
mmkcat,r_3359_ENZ_YDR072C,0.0,0.0
mmkcat,r_3360_ENZ_YDR072C,0.0,0.0
mmkcat,r_3361_ENZ_YDR072C,0.0,0.0
mmkcat,r_3362_ENZ_YDR072C,0.0,0.0
mmkcat,r_3363_ENZ_YDR072C,0.0,0.0
mmkcat,r_3364_ENZ_YDR072C,0.0,0.0
mmkcat,r_3365_ENZ_YDR072C,0.0,0.0
mmkcat,r_3366_ENZ_YDR072C,0.0,0.0
mmkcat,r_3367_ENZ_YDR072C,0.0,0.0
mmkcat,r_3368_ENZ_YDR072C,0.0,0.0
mmkcat,r_3369_ENZ_YDR072C,0.0,0.0
mmkcat,r_3370_ENZ_YDR072C,0.0,0.0
mmkcat,r_3371_ENZ_YDR072C,0.0,0.0
mmkcat,r_3372_ENZ_YDR072C,0.0,0.0
mmkcat,r_3373_ENZ_YDR072C,0.0,0.0
mmkcat,r_3374_ENZ_YDR072C,0.0,0.0
mmkcat,r_3375_ENZ_YDR072C,0.0,0.0
mmkcat,r_3376_ENZ_YDR072C,0.0,0.0
mmkcat,r_3377_ENZ_YDR072C,0.0,0.0
mmkcat,r_3378_ENZ_YDR072C,0.0,0.0
mmkcat,r_3379_ENZ_YDR072C,0.0,0.0
mmkcat,r_3380_ENZ_YDR072C,0.0,0.0
mmkcat,r_3381_ENZ_YDR072C,0.0,0.0
mmkcat,r_3382_ENZ_YDR072C,0.0,0.0
mmkcat,r_3383_ENZ_YDR072C,0.0,0.0
mmkcat,r_3384_ENZ_YDR072C,0.0,0.0
mmkcat,r_3385_ENZ_YDR072C,0.0,0.0
mmkcat,r_3386_ENZ_YDR072C,0.0,0.0
mmkcat,r_3387_ENZ_YDR072C,0.0,0.0
mmkcat,r_3388_ENZ_YDR072C,0.0,0.0
mmkcat,r_3389_ENZ_YDR072C,0.0,0.0
mmkcat,r_3390_ENZ_YDR072C,0.0,0.0
mmkcat,r_3391_ENZ_YDR072C,0.0,0.0
mmkcat,r_3392_ENZ_YDR072C,0.0,0.0
mmkcat,r_3393_ENZ_YDR072C,0.0,0.0
mmkcat,r_3394_ENZ_YDR072C,0.0,0.0
mmkcat,r_3395_ENZ_YDR072C,0.0,0.0
mmkcat,r_3396_ENZ_YDR072C,0.0,0.0
mmkcat,r_3397_ENZ_YDR072C,0.0,0.0
mmkcat,r_3398_ENZ_YDR072C,0.0,0.0
mmkcat,r_3399_ENZ_YDR072C,0.0,0.0
mmkcat,r_3400_ENZ_YDR072C,0.0,0.0
mmkcat,r_3401_ENZ_YDR072C,0.0,0.0
mmkcat,r_3402_ENZ_YDR072C,0.0,0.0
mmkcat,r_3403_ENZ_YDR072C,0.0,0.0
mmkcat,r_3404_ENZ_YDR072C,0.0,0.0
mmkcat,r_3405_ENZ_YDR072C,0.0,0.0
mmkcat,r_3406_ENZ_YDR072C,0.0,0.0
mmkcat,r_3407_ENZ_YDR072C,0.0,0.0
mmkcat,r_3408_ENZ_YDR072C,0.0,0.0
mmkcat,r_3409_ENZ_YDR072C,0.0,0.0
mmkcat,r_3410_ENZ_YDR072C,0.0,0.0
mmkcat,r_3411_ENZ_YDR072C,0.0,0.0
mmkcat,r_3412_ENZ_YDR072C,0.0,0.0
mmkcat,r_3413_ENZ_YDR072C,0.0,0.0
mmkcat,r_3414_ENZ_YDR072C,0.0,0.0
mmkcat,r_3415_ENZ_YDR072C,0.0,0.0
mmkcat,r_3416_ENZ_YDR072C,0.0,0.0
mmkcat,r_3417_ENZ_YDR072C,0.0,0.0
mmkcat,r_3418_ENZ_YDR072C,0.0,0.0
mmkcat,r_3419_ENZ_YDR072C,0.0,0.0
mmkcat,r_3420_ENZ_YDR072C,0.0,0.0
mmkcat,r_3421_ENZ_YDR072C,0.0,0.0
mmkcat,r_3422_ENZ_YDR072C,0.0,0.0
mmkcat,r_3423_ENZ_YDR072C,0.0,0.0
mmkcat,r_3424_ENZ_YDR072C,0.0,0.0
mmkcat,r_3425_ENZ_YDR072C,0.0,0.0
mmkcat,r_3426_ENZ_YDR072C,0.0,0.0
mmkcat,r_3427_ENZ_YDR072C,0.0,0.0
mmkcat,r_3428_ENZ_YDR367W_and_YKL004W,0.0,4.559390137457749e-05
mmkcat,r_3429_ENZ_YDR367W_and_YKL004W,0.0,4.7425010672921125e-05
mmkcat,r_3430_ENZ_YDR367W_and_YKL004W,0.0,4.318098049207127e-05
mmkcat,r_3431_ENZ_YDR367W_and_YKL004W,0.0,3.482090929115021e-05
mmkcat,r_3432_ENZ_YDR367W_and_YKL004W,0.0,2.0306526932188623e-05
mmkcat,r_3433_ENZ_YDR367W_and_YKL004W,0.0,4.039655997742579e-05
mmkcat,r_3434_ENZ_YDR367W_and_YKL004W,0.0,2.6675326557842356e-05
mmkcat,r_3435_ENZ_YDR367W_and_YKL004W,0.0,1.867076607301921e-05
mmkcat,r_3436_ENZ_YDR367W_and_YKL004W,0.0,4.589437009451614e-05
mmkcat,r_3437_ENZ_YDR367W_and_YKL004W,0.0,4.767657402380719e-05
mmkcat,r_3438_ENZ_YDR367W_and_YKL004W,0.0,4.344007492655254e-05
mmkcat,r_3439_ENZ_YDR367W_and_YKL004W,0.0,3.637816957349221e-05
mmkcat,r_3440_ENZ_YDR367W_and_YKL004W,0.0,2.0359791311811124e-05
mmkcat,r_3441_ENZ_YDR367W_and_YKL004W,0.0,3.881325941181018e-05
mmkcat,r_3442_ENZ_YDR367W_and_YKL004W,0.0,2.6765429319695617e-05
mmkcat,r_3443_ENZ_YDR367W_and_YKL004W,0.0,1.871471442388312e-05
mmkcat,r_3444_ENZ_YDR367W_and_YKL004W,0.0,4.4994283260575785e-05
mmkcat,r_3445_ENZ_YDR367W_and_YKL004W,0.0,4.700209909316497e-05
mmkcat,r_3446_ENZ_YDR367W_and_YKL004W,0.0,4.190901534674075e-05
mmkcat,r_3447_ENZ_YDR367W_and_YKL004W,0.0,3.586489437834577e-05
mmkcat,r_3448_ENZ_YDR367W_and_YKL004W,0.0,1.846819160910412e-05
mmkcat,r_3449_ENZ_YDR367W_and_YKL004W,0.0,3.8229519433438525e-05
mmkcat,r_3450_ENZ_YDR367W_and_YKL004W,0.0,2.5505096037655575e-05
mmkcat,r_3451_ENZ_YDR367W_and_YKL004W,0.0,1.858481009658115e-05
mmkcat,r_3452_ENZ_YDR367W_and_YKL004W,0.0,4.493932383962994e-05
mmkcat,r_3453_ENZ_YDR367W_and_YKL004W,0.0,4.6837226690037495e-05
mmkcat,r_3454_ENZ_YDR367W_and_YKL004W,0.0,4.261732668733471e-05
mmkcat,r_3455_ENZ_YDR367W_and_YKL004W,0.0,3.4460852406862155e-05
mmkcat,r_3456_ENZ_YDR367W_and_YKL004W,0.0,2.018234999545792e-05
mmkcat,r_3457_ENZ_YDR367W_and_YKL004W,0.0,3.817233983041806e-05
mmkcat,r_3458_ENZ_YDR367W_and_YKL004W,0.0,2.6452576616033045e-05
mmkcat,r_3459_ENZ_YDR367W_and_YKL004W,0.0,1.7747764509452277e-05
mmkcat,r_3460_ENZ_YDR367W_and_YKL004W,0.0,4.664178331226529e-05
mmkcat,r_3461_ENZ_YDR367W_and_YKL004W,0.0,4.9918177349616254e-05
mmkcat,r_3462_ENZ_YDR367W_and_YKL004W,0.0,4.495937739699696e-05
mmkcat,r_3463_ENZ_YDR367W_and_YKL004W,0.0,3.741721347880761e-05
mmkcat,r_3464_ENZ_YDR367W_and_YKL004W,0.0,2.070738183094672e-05
mmkcat,r_3465_ENZ_YDR367W_and_YKL004W,0.0,3.999832769507242e-05
mmkcat,r_3466_ENZ_YDR367W_and_YKL004W,0.0,2.736144546477791e-05
mmkcat,r_3467_ENZ_YDR367W_and_YKL004W,0.0,1.2933730843570708e-05
mmkcat,r_3468_ENZ_YDR367W_and_YKL004W,0.0,4.7320040237174365e-05
mmkcat,r_3469_ENZ_YDR367W_and_YKL004W,0.0,4.959655880229551e-05
mmkcat,r_3470_ENZ_YDR367W_and_YKL004W,0.0,4.477466830862772e-05
mmkcat,r_3471_ENZ_YDR367W_and_YKL004W,0.0,3.660734173553953e-05
mmkcat,r_3472_ENZ_YDR367W_and_YKL004W,0.0,2.06629480298782e-05
mmkcat,r_3473_ENZ_YDR367W_and_YKL004W,0.0,3.912279488941812e-05
mmkcat,r_3474_ENZ_YDR367W_and_YKL004W,0.0,2.72851741371351e-05
mmkcat,r_3475_ENZ_YDR367W_and_YKL004W,0.0,1.7773927171313572e-05
mmkcat,r_3476_ENZ_YDR367W_and_YKL004W,0.0,4.7018352303124014e-05
mmkcat,r_3477_ENZ_YDR367W_and_YKL004W,0.0,4.874196267887801e-05
mmkcat,r_3478_ENZ_YDR367W_and_YKL004W,0.0,4.455869530769916e-05
mmkcat,r_3479_ENZ_YDR367W_and_YKL004W,0.0,3.648952426804905e-05
mmkcat,r_3480_ENZ_YDR367W_and_YKL004W,0.0,2.0628150384825964e-05
mmkcat,r_3481_ENZ_YDR367W_and_YKL004W,0.0,3.898825934676588e-05
mmkcat,r_3482_ENZ_YDR367W_and_YKL004W,0.0,2.6194866717255908e-05
mmkcat,r_3483_ENZ_YDR367W_and_YKL004W,0.0,1.0302739170940458e-05
mmkcat,r_3484_ENZ_YDR367W_and_YKL004W,0.0,4.669348242946183e-05
mmkcat,r_3485_ENZ_YDR367W_and_YKL004W,0.0,4.8225469489547655e-05
mmkcat,r_3486_ENZ_YDR367W_and_YKL004W,0.0,4.424283616410146e-05
mmkcat,r_3487_ENZ_YDR367W_and_YKL004W,0.0,3.6931646781319335e-05
mmkcat,r_3488_ENZ_YDR367W_and_YKL004W,0.0,1.8386317587973677e-05
mmkcat,r_3489_ENZ_YDR367W_and_YKL004W,0.0,3.944395675990883e-05
mmkcat,r_3490_ENZ_YDR367W_and_YKL004W,0.0,2.8342177111938435e-05
mmkcat,r_3491_ENZ_YDR367W_and_YKL004W,0.0,1.8013023320368713e-05
mmkcat,r_3492_ENZ_YDR367W_and_YKL004W,0.0,4.5828047223020994e-05
mmkcat,r_3493_ENZ_YDR367W_and_YKL004W,0.0,4.855204212182631e-05
mmkcat,r_3494_ENZ_YDR367W_and_YKL004W,0.0,4.420602581019086e-05
mmkcat,r_3495_ENZ_YDR367W_and_YKL004W,0.0,3.691036294206266e-05
mmkcat,r_3496_ENZ_YDR367W_and_YKL004W,0.0,2.0533345613130367e-05
mmkcat,r_3497_ENZ_YDR367W_and_YKL004W,0.0,3.870695074194991e-05
mmkcat,r_3498_ENZ_YDR367W_and_YKL004W,0.0,2.602724446019456e-05
mmkcat,r_3499_ENZ_YDR367W_and_YKL004W,0.0,1.6135799380794737e-05
mmkcat,r_3500_ENZ_YDR367W_and_YKL004W,0.0,4.625516878402464e-05
mmkcat,r_3501_ENZ_YDR367W_and_YKL004W,0.0,4.811307039003171e-05
mmkcat,r_3502_ENZ_YDR367W_and_YKL004W,0.0,4.584139997186121e-05
mmkcat,r_3503_ENZ_YDR367W_and_YKL004W,0.0,3.663179466467984e-05
mmkcat,r_3504_ENZ_YDR367W_and_YKL004W,0.0,2.0438563402791488e-05
mmkcat,r_3505_ENZ_YDR367W_and_YKL004W,0.0,3.910210881130065e-05
mmkcat,r_3506_ENZ_YDR367W_and_YKL004W,0.0,2.686607732567925e-05
mmkcat,r_3507_ENZ_YDR367W_and_YKL004W,0.0,1.7616071505521805e-05
mmkcat,r_3508_FWD,0.0,2.5208694152326155e-05
mmkcat,r_3508_REV,0.0,0.0
mmkcat,r_3509_FWD,0.0,2.016997282576469e-05
mmkcat,r_3509_REV,0.0,7.472109720525755e-06
mmkcat,r_3510_FWD,0.0,9.580263162426368e-05
mmkcat,r_3510_REV,0.0,0.0001165825478591
mmkcat,r_3511_FWD,0.0,9.240567704082991e-05
mmkcat,r_3511_REV,0.0,0.0018238456823167
mmkcat,r_3512_FWD,0.0,9.552905394727426e-05
mmkcat,r_3512_REV,0.0,0.0001006797487159
mmkcat,r_3513_FWD,0.0,0.0003816126008018
mmkcat,r_3513_REV,0.0,0.0004989688496589
mmkcat,r_3514_FWD,0.0,7.412838685555423e-05
mmkcat,r_3514_REV,0.0,0.0
mmkcat,r_3515_FWD,0.0,8.544475094491342e-05
mmkcat,r_3515_REV,0.0,8.477437899818068e-05
mmkcat,r_3516_FWD,0.0,9.414998642601191e-05
mmkcat,r_3516_REV,0.0,9.719442007254942e-05
mmkcat,r_3517_FWD,0.0377162337252794,0.0379395732749848
mmkcat,r_3517_REV,0.0,0.0
mmkcat,r_3518_FWD,0.0,6.811597922621627e-05
mmkcat,r_3518_REV,0.0,0.0112374599722243
mmkcat,r_3519_FWD,0.0116516221183967,0.0118309299811954
mmkcat,r_3519_REV,0.0,0.0
mmkcat,r_3520_FWD,0.0,0.0003453666749574
mmkcat,r_3520_REV,0.0,0.0065690083544341
mmkcat,r_3521_FWD,0.0,0.0
mmkcat,r_3521_REV,0.0,9.462470774521592e-06
mmkcat,r_3522_FWD,0.0,0.0
mmkcat,r_3522_REV,0.0,7.86844593692054e-06
mmkcat,r_3523_FWD,0.0,3.626591488721635e-05
mmkcat,r_3523_REV,0.0,7.048098408191097e-05
mmkcat,r_3524_FWD,0.0,9.725619017221218e-05
mmkcat,r_3524_REV,0.0,7.20516219434586e-05
mmkcat,r_3525_FWD,0.0,0.0012938703950871
mmkcat,r_3525_REV,0.0,0.0216867554909085
mmkcat,r_3526_ENZ_YLL052C_FWD,0.0,0.0
mmkcat,r_3526_ENZ_YLL052C_REV,0.0702827540208219,0.0731728962792235
mmkcat,r_3526_ENZ_YPR192W_FWD,0.0,0.0048258488438725
mmkcat,r_3526_ENZ_YPR192W_REV,0.0,0.0
mmkcat,r_3527_FWD,0.0,0.0
mmkcat,r_3527_REV,0.0,7.412838714014602e-05
mmkcat,r_3528_FWD,0.0,0.0
mmkcat,r_3528_REV,0.0317486851477704,0.0499330525020374
mmkcat,r_3529_FWD,0.0022037250235988,0.0094107279829981
mmkcat,r_3529_REV,0.0,0.0
mmkcat,r_3530_FWD,0.0,0.0
mmkcat,r_3530_REV,0.0022037250235988,0.0094107279829824
mmkcat,r_3531_FWD,0.0376276779713503,0.0376269291969104
mmkcat,r_3531_REV,0.0,0.0
mmkcat,r_3532_FWD,0.071172443729233,0.0711736063480679
mmkcat,r_3532_REV,0.0,0.0
mmkcat,r_3533_FWD,0.0,0.0
mmkcat,r_3533_REV,0.071172443729233,0.0711736063480679
mmkcat,r_3534_FWD,0.0116417123621242,0.0125194332965626
mmkcat,r_3534_REV,0.0,0.0
mmkcat,r_3535_FWD,0.0022165839398842,0.0094323055869317
mmkcat,r_3535_REV,0.0,0.0
mmkcat,r_3536_FWD,0.0,0.0
mmkcat,r_3536_REV,0.0166216841090877,0.0188114994686118
mmkcat,r_3537_FWD,0.0,0.0
mmkcat,r_3537_REV,0.0020699768553304,0.0029409844025769
mmkcat,r_3538_FWD,0.0184635489240364,0.0185136669902819
mmkcat,r_3538_REV,0.0,0.0
mmkcat,r_3539_FWD,0.0,0.0
mmkcat,r_3539_REV,0.0,1.4273103524087284e-05
mmkcat,r_3540_FWD,0.0,0.0
mmkcat,r_3540_REV,0.0184636999877858,0.0185225990811996
mmkcat,r_3541_FWD,0.0,0.0
mmkcat,r_3541_REV,0.0,0.0
mmkcat,r_3542_FWD,0.0,4.32343602813484e-05
mmkcat,r_3542_REV,0.0,0.0
mmkcat,r_3543_FWD,0.0,0.0003816126000783
mmkcat,r_3543_REV,0.0,0.0018420631679186
mmkcat,r_3544_FWD,0.0,0.0018420631672212
mmkcat,r_3544_REV,0.0,0.0003441029665977
mmkcat,r_3545_ENZ_YKR039W_FWD,0.0158729796142154,0.0159238465522283
mmkcat,r_3545_ENZ_YKR039W_REV,0.0,0.0
mmkcat,r_3546_FWD,0.002532837208259,0.002640432527795
mmkcat,r_3546_REV,0.0,0.0
mmkcat,r_3547_FWD,0.0313366881756475,0.0313680469226133
mmkcat,r_3547_REV,0.0,0.0
mmkcat,r_3548_FWD,0.0,0.0
mmkcat,r_3548_REV,0.0313358154363123,0.0313801751752261
mmkcat,r_3549_FWD,0.0,0.0
mmkcat,r_3549_REV,0.0,0.0
mmkcat,r_3550_FWD,0.0,0.0
mmkcat,r_3550_REV,0.0,0.0
mmkcat,r_3551_FWD,0.0,0.0
mmkcat,r_3551_REV,0.0,0.0
mmkcat,r_3552_FWD,0.0,999.9919398115832
mmkcat,r_3552_REV,0.0,999.9968785998344
mmkcat,r_3553_FWD,0.0,1.1752281020361351e-05
mmkcat,r_3553_REV,0.0,0.0
mmkcat,r_3554_FWD,0.0,0.0020854328386251
mmkcat,r_3554_REV,0.0,0.0005079970581768
mmkcat,r_3555_FWD,0.0,0.0010831844082769
mmkcat,r_3555_REV,0.0,0.0004926256978884
mmkcat,r_3556_FWD,0.0,0.0020734443864855
mmkcat,r_3556_REV,0.0,0.0005095200703485
mmkcat,r_3557_FWD,0.0,0.0021017315212071
mmkcat,r_3557_REV,0.0,0.0047842475698936
mmkcat,r_3558_FWD,0.0,0.0021194780365088
mmkcat,r_3558_REV,0.0,0.0047901547225118
mmkcat,r_3559_FWD,0.0,0.0021061997390813
mmkcat,r_3559_REV,0.0,0.0047058910813651
mmkcat,r_3560_FWD,0.0,0.002127408231996
mmkcat,r_3560_REV,0.0,0.0046916615386696
mmkcat,r_3561_FWD,0.0,0.0021118139749548
mmkcat,r_3561_REV,0.0,0.0047911656132545
mmkcat,r_3562_FWD,0.0,0.0002335502072412
mmkcat,r_3562_REV,0.0005174941407654,0.002589872978246
mmkcat,r_3563_FWD,0.0,0.0003425444779736
mmkcat,r_3563_REV,0.0,0.0003895562868211
mmkcat,r_3564_FWD,0.0,0.0003509414049212
mmkcat,r_3564_REV,0.0,0.0022120170979408
mmkcat,r_3565_FWD,0.0,0.00023355020571
mmkcat,r_3565_REV,0.0,0.0001877826108954
mmkcat,r_3566_FWD,0.0,0.0002335502084562
mmkcat,r_3566_REV,0.0,2.460867697441128e-05
mmkcat,r_3567_FWD,0.0,0.0003509414032158
mmkcat,r_3567_REV,0.0,0.0007554755133878
mmkcat,r_3568_FWD,0.0,0.0001789620260943
mmkcat,r_3568_REV,0.0,5.590653606313644e-05
mmkcat,r_3569_FWD,0.0,0.0003509414008711
mmkcat,r_3569_REV,0.0,5.959556037400064e-05
mmkcat,r_3570_FWD,0.0,2.692116628283175e-05
mmkcat,r_3570_REV,0.0,0.0
mmkcat,r_3571_FWD,0.0,9.694983392494202e-05
mmkcat,r_3571_REV,0.0,7.301460441074234e-05
mmkcat,r_3572_FWD,0.0,9.5460328982e-05
mmkcat,r_3572_REV,0.0,0.0019777506603501
mmkcat,r_3573_FWD,0.0,8.950585175731108e-05
mmkcat,r_3573_REV,0.0,6.281780419371766e-05
mmkcat,r_3574_FWD,0.0,0.0003851061760008
mmkcat,r_3574_REV,0.0,0.0003885187532652
mmkcat,r_3575_FWD,0.0,8.456681442547558e-05
mmkcat,r_3575_REV,0.0,8.544475083730188e-05
mmkcat,r_3576_FWD,0.0,9.288633814931868e-05
mmkcat,r_3576_REV,0.0,9.414998643084446e-05
mmkcat,r_3577_FWD,0.0,0.0001263897123023
mmkcat,r_3577_REV,0.0,9.6949834263782e-05
mmkcat,r_3578_FWD,0.0,0.0112847501335157
mmkcat,r_3578_REV,0.0,9.546032868865684e-05
mmkcat,r_3579_FWD,0.0,0.0001149819016218
mmkcat,r_3579_REV,0.0,9.670843389830351e-05
mmkcat,r_3580_FWD,0.0,0.0066066854225463
mmkcat,r_3580_REV,0.0,0.000385106176128
mmkcat,r_3581_FWD,0.0,0.0005636204640272
mmkcat,r_3581_REV,0.0,0.0
mmkcat,r_3582_FWD,0.0,0.0068167396982095
mmkcat,r_3582_REV,0.0,0.0
mmkcat,r_3583_FWD,0.0,0.0068167396982095
mmkcat,r_3583_REV,0.0,0.0
mmkcat,r_3584_FWD,0.0,0.0
mmkcat,r_3584_REV,0.0,0.0068167396982095
mmkcat,r_3585_FWD,0.0,0.0010645124102476
mmkcat,r_3585_REV,0.0,0.001802383549913
mmkcat,r_3586_FWD,0.0,0.0018215252637773
mmkcat,r_3586_REV,0.0,0.0005283283638872
mmkcat,r_3587_FWD,0.0,0.0018040477987896
mmkcat,r_3587_REV,0.0,0.00035049338475
mmkcat,r_3588_FWD,0.0,0.0005079970439758
mmkcat,r_3588_REV,0.0,0.0020854328416459
mmkcat,r_3589_FWD,0.0,0.0008531376947147
mmkcat,r_3589_REV,0.0,0.0010658051265011
mmkcat,r_3590_FWD,0.0,0.0005095200678159
mmkcat,r_3590_REV,0.0,0.0020734443836035
mmkcat,r_3591_FWD,0.0,0.0047058943798362
mmkcat,r_3591_REV,0.0,0.0021017778206725
mmkcat,r_3592_FWD,0.0,0.0047622541209761
mmkcat,r_3592_REV,0.0,0.0021193930267991
mmkcat,r_3593_FWD,0.0,0.0047717125965441
mmkcat,r_3593_REV,0.0,0.0021063686246784
mmkcat,r_3594_FWD,0.0,0.0047051788081275
mmkcat,r_3594_REV,0.0,0.0021215600599109
mmkcat,r_3595_FWD,0.0,0.0046965363377762
mmkcat,r_3595_REV,0.0,0.0021114091344194
mmkcat,r_3596_FWD,0.0,0.0021222685431607
mmkcat,r_3596_REV,0.0,0.0
mmkcat,r_3597_FWD,0.0,0.0002041666932086
mmkcat,r_3597_REV,0.0,0.0
mmkcat,r_3598_FWD,0.0,0.0
mmkcat,r_3598_REV,0.0,0.0
mmkcat,r_3599_FWD,0.0,7.250646840617494e-05
mmkcat,r_3599_REV,0.0,3.50312783472382e-05
mmkcat,r_3600_FWD,0.0,7.300569209078844e-05
mmkcat,r_3600_REV,0.0,3.4949095740337025e-05
mmkcat,r_3601_FWD,0.0,0.0003526143056333
mmkcat,r_3601_REV,0.0,0.0
mmkcat,r_3602_FWD,0.0,0.0
mmkcat,r_3602_REV,0.0,0.0003526143049725
mmkcat,r_3603_FWD,0.0,0.0003526034675758
mmkcat,r_3603_REV,0.0,0.0002431171136976
mmkcat,r_3604_ENZ_YLL052C_FWD,0.0,0.0001182559980605
mmkcat,r_3604_ENZ_YLL052C_REV,0.0,0.0
mmkcat,r_3604_ENZ_YLL053C_FWD,0.0,0.00012071571998
mmkcat,r_3604_ENZ_YLL053C_REV,0.0,0.0
mmkcat,r_3604_ENZ_YPR192W_FWD,0.0,0.0001202542212691
mmkcat,r_3604_ENZ_YPR192W_REV,0.0,0.0
mmkcat,r_3605_ENZ_YCR037C_FWD,0.0,0.0
mmkcat,r_3605_ENZ_YCR037C_REV,0.0,0.0002806038254519
mmkcat,r_3605_ENZ_YJL198W_FWD,0.0,0.0
mmkcat,r_3605_ENZ_YJL198W_REV,0.0,7.670932121239815e-05
mmkcat,r_3605_ENZ_YML123C_FWD,0.0,0.0
mmkcat,r_3605_ENZ_YML123C_REV,0.0,0.0001493072160094
mmkcat,r_3606_ENZ_YCR098C_FWD,0.0,1.9026731101872626e-05
mmkcat,r_3606_ENZ_YCR098C_REV,0.0,0.0
mmkcat,r_3607_ENZ_YCR098C_FWD,0.0,2.4805327958449667e-05
mmkcat,r_3607_ENZ_YCR098C_REV,0.0,0.0
mmkcat,r_3608_FWD,0.0,1.836557607689628e-05
mmkcat,r_3608_REV,0.0,0.0
mmkcat,r_3609_FWD,0.0,3.314085245745236e-05
mmkcat,r_3609_REV,0.0,0.0
mmkcat,r_3610_FWD,0.0,2.5909434528958956e-05
mmkcat,r_3610_REV,0.0,0.0
mmkcat,r_3611_FWD,0.0,5.283817891937361e-05
mmkcat,r_3611_REV,0.0,0.0
mmkcat,r_3612_FWD,0.0,0.0
mmkcat,r_3612_REV,0.0,0.0
mmkcat,r_3613_FWD,0.0,0.0
mmkcat,r_3613_REV,0.0,0.0
mmkcat,r_3614_FWD,0.0,2.9343372246184896e-05
mmkcat,r_3614_REV,0.0,2.9448006762468667e-05
mmkcat,r_3615_FWD,0.0,2.9448006752388867e-05
mmkcat,r_3615_REV,0.0,2.9343372384259303e-05
mmkcat,r_3616_FWD,0.0,0.0003509414021145
mmkcat,r_3616_REV,0.0,0.0001763017334894
mmkcat,r_3617_FWD,0.0,0.0003509414054683
mmkcat,r_3617_REV,0.0,0.0001763017322815
mmkcat,r_3618_FWD,0.0,0.0003509414018658
mmkcat,r_3618_REV,0.0,0.0001763017335836
mmkcat,r_3619_FWD,0.0,0.0003509414027327
mmkcat,r_3619_REV,0.0,0.0001763017315923
mmkcat,r_3620_FWD,0.0,0.0003509414054221
mmkcat,r_3620_REV,0.0,0.0001763017325924
mmkcat,r_3621_FWD,0.0,0.0003509414021785
mmkcat,r_3621_REV,0.0,0.0001763017317575
mmkcat,r_3622_FWD,0.0,0.0001823449154123
mmkcat,r_3622_REV,0.0,0.0001712731162659
mmkcat,r_3623_FWD,0.0,0.0003509414061397
mmkcat,r_3623_REV,0.0,0.0001763017312015
mmkcat,r_3624_FWD,0.0,0.0003509414064417
mmkcat,r_3624_REV,0.0,0.0003509414051663
mmkcat,r_3625_FWD,0.0,0.0003509414028037
mmkcat,r_3625_REV,0.0,0.0003509414023348
mmkcat,r_3626_FWD,0.0,0.0003509414048998
mmkcat,r_3626_REV,0.0,0.0003445961989889
mmkcat,r_3627_FWD,0.0,0.0003509414060935
mmkcat,r_3627_REV,0.0,0.0003509414012832
mmkcat,r_3628_FWD,0.0,0.0003509414061504
mmkcat,r_3628_REV,0.0,0.0003509414033047
mmkcat,r_3629_FWD,0.0,0.0003509414022424
mmkcat,r_3629_REV,0.0,0.0003445962017067
mmkcat,r_3630_FWD,0.0,0.0001872623131227
mmkcat,r_3630_REV,0.0,0.0001823449150926
mmkcat,r_3631_FWD,0.0,0.0003509414018125
mmkcat,r_3631_REV,0.0,0.0003509414061468
mmkcat,r_3632_FWD,0.0,0.0001731141062428
mmkcat,r_3632_REV,0.0,0.0
mmkcat,r_3633_FWD,0.0,0.0001763017333047
mmkcat,r_3633_REV,0.0,0.0
mmkcat,r_3634_FWD,0.0,0.0001763017338678
mmkcat,r_3634_REV,0.0,0.0
mmkcat,r_3635_FWD,0.0,0.0001763017337967
mmkcat,r_3635_REV,0.0,0.0
mmkcat,r_3636_FWD,0.0,0.0001763017325693
mmkcat,r_3636_REV,0.0,0.0
mmkcat,r_3637_FWD,0.0,0.0001763017335782
mmkcat,r_3637_REV,0.0,0.0
mmkcat,r_3638_FWD,0.0,8.867161904646537e-05
mmkcat,r_3638_REV,0.0,0.0
mmkcat,r_3639_FWD,0.0,0.0001763017324378
mmkcat,r_3639_REV,0.0,0.0
mmkcat,r_3640_FWD,0.0,0.0
mmkcat,r_3640_REV,0.0,0.0
mmkcat,r_3641_FWD,0.0,0.0
mmkcat,r_3641_REV,0.0,0.0
mmkcat,r_3642_FWD,0.0,0.0
mmkcat,r_3642_REV,0.0,0.0
mmkcat,r_3643_FWD,0.0,0.0
mmkcat,r_3643_REV,0.0,0.0
mmkcat,r_3644_FWD,0.0,0.0
mmkcat,r_3644_REV,0.0,0.0
mmkcat,r_3645_FWD,0.0,0.0
mmkcat,r_3645_REV,0.0,0.0
mmkcat,r_3646_FWD,0.0,0.0
mmkcat,r_3646_REV,0.0,0.0
mmkcat,r_3647_FWD,0.0,0.0
mmkcat,r_3647_REV,0.0,0.0
mmkcat,r_3648_FWD,0.0,9.805804901219516e-05
mmkcat,r_3648_REV,0.0,0.0
mmkcat,r_3649_ENZ_YNR013C_FWD,0.0,0.0
mmkcat,r_3649_ENZ_YNR013C_REV,0.0,0.0002868282502852
mmkcat,r_3650_FWD,0.0,0.0003526034628933
mmkcat,r_3650_REV,0.0,0.000147338940458
mmkcat,r_3651_FWD,0.0,0.0003526143054024
mmkcat,r_3651_REV,0.0,0.0
mmkcat,r_3652_FWD,0.0,0.0
mmkcat,r_3652_REV,0.0,0.0003526143063439
mmkcat,r_3653_FWD,0.0,0.0
mmkcat,r_3653_REV,0.0,0.0135143310360682
mmkcat,r_3654_FWD,0.0,0.0001754760955208
mmkcat,r_3654_REV,0.0,0.0
mmkcat,r_3655_FWD,0.0,0.0001754760958423
mmkcat,r_3655_REV,0.0,0.0
mmkcat,r_3656_FWD,0.0,0.0001754760961674
mmkcat,r_3656_REV,0.0,0.0
mmkcat,r_3657_FWD,0.0,0.0001754760957536
mmkcat,r_3657_REV,0.0,0.0
mmkcat,r_3658_FWD,0.0,0.0001754760969454
mmkcat,r_3658_REV,0.0,0.0
mmkcat,r_3659_FWD,0.0,0.0001754760959436
mmkcat,r_3659_REV,0.0,0.0
mmkcat,r_3660_FWD,0.0,3.286760018816892e-05
mmkcat,r_3660_REV,0.0,0.0
mmkcat,r_3661_FWD,0.0,2.4826431591407072e-05
mmkcat,r_3661_REV,0.0,0.0
mmkcat,r_3662_FWD,0.0,0.0005247846285797
mmkcat,r_3662_REV,0.0,0.0
mmkcat,r_3663_FWD,0.0,0.0
mmkcat,r_3663_REV,0.0,0.0005247846285797
mmkcat,r_3664_FWD,0.0,0.0
mmkcat,r_3664_REV,0.0,0.0010495692566684
mmkcat,r_3665_FWD,0.0,0.0
mmkcat,r_3665_REV,0.0,0.0006941940001093
mmkcat,r_3666_FWD,0.0,0.0003509521933366
mmkcat,r_3666_REV,0.0,0.0
mmkcat,r_3667_FWD,0.0,0.0
mmkcat,r_3667_REV,0.0,0.0003509521940368
mmkcat,r_3668_FWD,0.0,8.796818375568058e-05
mmkcat,r_3668_REV,0.0,0.0
mmkcat,r_3669_FWD,0.0,0.0
mmkcat,r_3669_REV,0.0,0.0135143310361534
mmkcat,r_3670_FWD,0.0,0.0
mmkcat,r_3670_REV,0.0,0.0
mmkcat,r_3671_FWD,0.0,0.0
mmkcat,r_3671_REV,0.0,0.0
mmkcat,r_3672_FWD,0.0,4.479396541477008e-05
mmkcat,r_3672_REV,0.0,0.0
mmkcat,r_3673_FWD,0.0,4.479317913953438e-05
mmkcat,r_3673_REV,0.0,0.0
mmkcat,r_3674_FWD,0.0,2.9399483804139326e-05
mmkcat,r_3674_REV,0.0,0.0
mmkcat,r_3675_FWD,0.0,2.9791840137516346e-05
mmkcat,r_3675_REV,0.0,0.0
mmkcat,r_3676_FWD,0.0,2.1944553070341043e-05
mmkcat,r_3676_REV,0.0,0.0
mmkcat,r_3677_FWD,0.0,3.201557815908569e-05
mmkcat,r_3677_REV,0.0,0.0
mmkcat,r_3678_FWD,0.0,0.0
mmkcat,r_3678_REV,0.0,0.0
mmkcat,r_3679_FWD,0.0,0.0
mmkcat,r_3679_REV,0.0,0.0
mmkcat,r_3680_ENZ_YHR002W_FWD,0.0,0.0
mmkcat,r_3680_ENZ_YHR002W_REV,0.0,0.0
mmkcat,r_3681_FWD,0.0,8.544475036491969e-05
mmkcat,r_3681_REV,0.0,8.391009483862696e-05
mmkcat,r_3682_FWD,0.0,9.414998583660356e-05
mmkcat,r_3682_REV,0.0,9.323121653633594e-05
mmkcat,r_3683_FWD,0.0,7.250646834333635e-05
mmkcat,r_3683_REV,0.0,3.4356106524419034e-05
mmkcat,r_3684_FWD,0.0,7.639170699746956e-05
mmkcat,r_3684_REV,0.0,3.472895140308558e-05
mmkcat,r_3685_FWD,0.0,0.0001125244794593
mmkcat,r_3685_REV,0.0,2.5552580334526337e-05
mmkcat,r_3686_FWD,0.0,0.0017720024859514
mmkcat,r_3686_REV,0.0,0.0005079970578446
mmkcat,r_3687_FWD,0.0,9.34951687256852e-05
mmkcat,r_3687_REV,0.0,2.8551101630098632e-05
mmkcat,r_3688_FWD,0.0,0.0003955562112975
mmkcat,r_3688_REV,0.0,9.61595344336156e-05
mmkcat,r_3689_FWD,0.0,0.0001263897141547
mmkcat,r_3689_REV,0.0,0.0002770197422378
mmkcat,r_3690_FWD,0.0,0.0006903109127993
mmkcat,r_3690_REV,0.0,0.00033589507666
mmkcat,r_3691_FWD,0.0,0.0001098854006021
mmkcat,r_3691_REV,0.0,6.179401072440426e-05
mmkcat,r_3692_FWD,0.0,0.0004483667387136
mmkcat,r_3692_REV,0.0,7.848824928487555e-05
mmkcat,r_3693_FWD,0.0,0.0001262979979596
mmkcat,r_3693_REV,0.0,4.920285258615206e-05
mmkcat,r_3694_FWD,0.0,0.0018016388965126
mmkcat,r_3694_REV,0.0,0.0005095200731126
mmkcat,r_3695_FWD,0.0,0.0006241605846842
mmkcat,r_3695_REV,0.0,2.34382817097544e-05
mmkcat,r_3696_FWD,0.0,0.0003936224502861
mmkcat,r_3696_REV,0.0,6.868712729298605e-05
mmkcat,r_3697_FWD,0.0,0.0001262979976829
mmkcat,r_3697_REV,0.0,9.999802086367427e-05
mmkcat,r_3698_FWD,0.0,0.0018640704334541
mmkcat,r_3698_REV,0.0,0.0047273442159163
mmkcat,r_3699_FWD,0.0,7.893350376529662e-05
mmkcat,r_3699_REV,0.0,7.980273946473554e-05
mmkcat,r_3700_FWD,0.0,0.0004494993604465
mmkcat,r_3700_REV,0.0,5.913424635185967e-05
mmkcat,r_3701_FWD,0.0,0.0001091126817196
mmkcat,r_3701_REV,0.0,6.023697626668369e-05
mmkcat,r_3702_FWD,0.0,0.001836744429221
mmkcat,r_3702_REV,0.0,0.0047273442162596
mmkcat,r_3703_FWD,0.0,9.8082772887147e-05
mmkcat,r_3703_REV,0.0,1.4853664497310676e-05
mmkcat,r_3704_FWD,0.0,0.0004166404612328
mmkcat,r_3704_REV,0.0,9.61595343853365e-05
mmkcat,r_3705_FWD,0.0,9.009940507022518e-05
mmkcat,r_3705_REV,0.0,2.4798022110810065e-05
mmkcat,r_3706_FWD,0.0,0.0018238486051362
mmkcat,r_3706_REV,0.0,0.0047527646299905
mmkcat,r_3707_FWD,0.0,7.86057090000674e-05
mmkcat,r_3707_REV,0.0,4.320497143198047e-05
mmkcat,r_3708_FWD,0.0,0.0004591680943626
mmkcat,r_3708_REV,0.0,5.7657020127216754e-05
mmkcat,r_3709_FWD,0.0,0.0001073222039259
mmkcat,r_3709_REV,0.0,2.4521301251976985e-05
mmkcat,r_3710_FWD,0.0,0.0018640704334093
mmkcat,r_3710_REV,0.0,0.0047273442162744
mmkcat,r_3711_FWD,0.0,7.38360281724174e-05
mmkcat,r_3711_REV,0.0,1.874982240988597e-05
mmkcat,r_3712_FWD,0.0,0.0003959170275242
mmkcat,r_3712_REV,0.0,9.615953434976916e-05
mmkcat,r_3713_FWD,0.0,0.0001075343901
mmkcat,r_3713_REV,0.0,1.412984344437534e-05
mmkcat,r_3714_FWD,0.0,0.001864070433237
mmkcat,r_3714_REV,0.0,0.0047273442158219
mmkcat,r_3715_FWD,0.0,0.0001098854003748
mmkcat,r_3715_REV,0.0,1.336334642960336e-05
mmkcat,r_3716_FWD,0.0,0.0003658712363338
mmkcat,r_3716_REV,0.0,8.386021666971857e-05
mmkcat,r_3717_FWD,0.0,0.0
mmkcat,r_3717_REV,0.0,2.3529215703238885e-05
mmkcat,r_3718_FWD,0.0,0.0
mmkcat,r_3718_REV,0.0,3.9042190125141525e-05
mmkcat,r_3719_FWD,0.0,0.0
mmkcat,r_3719_REV,0.0,5.315835881963071e-05
mmkcat,r_3720_FWD,0.0,0.0
mmkcat,r_3720_REV,0.0,4.178574363600678e-05
mmkcat,r_3721_FWD,0.0,2.859722489095509e-05
mmkcat,r_3721_REV,0.0,0.0
mmkcat,r_3722_FWD,0.0,1.3856269549171638e-05
mmkcat,r_3722_REV,0.0,0.0
mmkcat,r_3723_FWD,0.0,2.352921562681306e-05
mmkcat,r_3723_REV,0.0,0.0
mmkcat,r_3724_FWD,0.0,1.7820752547303975e-05
mmkcat,r_3724_REV,0.0,0.0
mmkcat,r_3725_FWD,0.0,4.085291701828864e-05
mmkcat,r_3725_REV,0.0,0.0
mmkcat,r_3726_FWD,0.0,2.774532265203461e-05
mmkcat,r_3726_REV,0.0,0.0
mmkcat,r_3727_FWD,0.0,5.562377566007166e-05
mmkcat,r_3727_REV,0.0,0.0
mmkcat,r_3728_FWD,0.0,3.47732492691234e-05
mmkcat,r_3728_REV,0.0,0.0
mmkcat,r_3729_FWD,0.0,4.17857437582797e-05
mmkcat,r_3729_REV,0.0,0.0
mmkcat,r_3730_FWD,0.0,2.958856846875033e-05
mmkcat,r_3730_REV,0.0,0.0
mmkcat,r_3731_FWD,0.0,0.0018239941031335
mmkcat,r_3731_REV,0.0,0.0
mmkcat,r_3732_FWD,0.0,0.0009877860161122
mmkcat,r_3732_REV,0.0,0.0
mmkcat,r_3733_FWD,0.0,0.0011974566092324
mmkcat,r_3733_REV,0.0,0.0
mmkcat,r_3734_FWD,0.0,0.0006302389059587
mmkcat,r_3734_REV,0.0,0.0
mmkcat,r_3735_FWD,0.0,0.0004973591846504
mmkcat,r_3735_REV,0.0,0.0
mmkcat,r_3736_FWD,0.0,0.0004073274914667
mmkcat,r_3736_REV,0.0,0.0
mmkcat,r_3737_FWD,0.0,0.000420902319253
mmkcat,r_3737_REV,0.0,0.0
mmkcat,r_3738_FWD,0.0,0.0003321385179934
mmkcat,r_3738_REV,0.0,0.0
mmkcat,r_3739_FWD,0.0,0.0018640733647127
mmkcat,r_3739_REV,0.0,0.0
mmkcat,r_3740_FWD,0.0,0.0018229448948217
mmkcat,r_3740_REV,0.0,0.0
mmkcat,r_3741_FWD,0.0,0.0018230874615777
mmkcat,r_3741_REV,0.0,0.0
mmkcat,r_3742_FWD,0.0,0.0018239941034799
mmkcat,r_3742_REV,0.0,0.0
mmkcat,r_3743_FWD,0.0,0.0004973517657328
mmkcat,r_3743_REV,0.0,9.615953433598536e-05
mmkcat,r_3744_FWD,0.0,0.0003936224501555
mmkcat,r_3744_REV,0.0,9.615953331878428e-05
mmkcat,r_3745_FWD,0.0,0.0003932616334813
mmkcat,r_3745_REV,0.0,0.0001006194272382
mmkcat,r_3746_FWD,0.0,0.0004973517651435
mmkcat,r_3746_REV,0.0,9.615953396182284e-05
mmkcat,r_3747_FWD,0.0,0.0
mmkcat,r_3747_REV,0.0,0.0021524842419237
mmkcat,r_3748_FWD,0.0,0.0
mmkcat,r_3748_REV,0.0,0.0009971842742232
mmkcat,r_3749_FWD,0.0,0.0
mmkcat,r_3749_REV,0.0,0.0012039776991289
mmkcat,r_3750_FWD,0.0,0.0
mmkcat,r_3750_REV,0.0,0.0011316429228718
mmkcat,r_3751_FWD,0.0,9.615953447892656e-05
mmkcat,r_3751_REV,0.0,0.002681347370315
mmkcat,r_3752_FWD,0.0,6.871041313180008e-05
mmkcat,r_3752_REV,0.0,0.0022889359126205
mmkcat,r_3753_FWD,0.0,9.615953428210398e-05
mmkcat,r_3753_REV,0.0,0.0020993186410931
mmkcat,r_3754_FWD,0.0,9.615953448975298e-05
mmkcat,r_3754_REV,0.0,0.0021524803931791
mmkcat,r_3755_FWD,0.0,3.986866835805486e-05
mmkcat,r_3755_REV,0.0,0.0
mmkcat,r_3756_FWD,0.0,0.006572556202757
mmkcat,r_3756_REV,0.0,0.0
mmkcat,r_3757_FWD,0.0,9.995666966543422e-05
mmkcat,r_3757_REV,0.0,0.0
mmkcat,r_3758_FWD,0.0,3.688360149540776e-05
mmkcat,r_3758_REV,0.0,0.0
mmkcat,r_3759_FWD,0.0,4.044692442574396e-05
mmkcat,r_3759_REV,0.0,0.0
mmkcat,r_3760_FWD,0.0,4.479317918697544e-05
mmkcat,r_3760_REV,0.0,0.0
mmkcat,r_3761_FWD,0.0,3.221437105002197e-05
mmkcat,r_3761_REV,0.0,0.0
mmkcat,r_3762_FWD,0.0,3.0340393261774115e-05
mmkcat,r_3762_REV,0.0,0.0
mmkcat,r_3763_FWD,0.0,2.154779645513475e-05
mmkcat,r_3763_REV,0.0,0.0
mmkcat,r_3764_FWD,0.0,3.201557816365436e-05
mmkcat,r_3764_REV,0.0,0.0
mmkcat,r_3765_FWD,0.0,0.00757883656197
mmkcat,r_3765_REV,0.0,0.0
mmkcat,r_3766_FWD,0.0,9.303559410230248e-05
mmkcat,r_3766_REV,0.0,0.0
mmkcat,r_3767_FWD,0.0,0.0013811165261738
mmkcat,r_3767_REV,0.0,0.0
mmkcat,r_3768_FWD,0.0,0.0001924156328364
mmkcat,r_3768_REV,0.0,0.0
mmkcat,r_3769_FWD,0.0,4.001033643727088e-05
mmkcat,r_3769_REV,0.0,0.0
mmkcat,r_3770_FWD,0.0,0.0065715966651391
mmkcat,r_3770_REV,0.0,0.0
mmkcat,r_3771_FWD,0.0,0.000102280815973
mmkcat,r_3771_REV,0.0,0.0
mmkcat,r_3772_FWD,0.0,3.199533233418236e-05
mmkcat,r_3772_REV,0.0,0.0
mmkcat,r_3773_FWD,0.0,0.0075788365615852
mmkcat,r_3773_REV,0.0,0.0
mmkcat,r_3774_FWD,0.0,9.303559410230248e-05
mmkcat,r_3774_REV,0.0,0.0
mmkcat,r_3775_FWD,0.0,0.001381116527157
mmkcat,r_3775_REV,0.0,0.0
mmkcat,r_3776_FWD,0.0,0.0001924156326196
mmkcat,r_3776_REV,0.0,0.0
mmkcat,r_3777_FWD,0.0,4.001033643727088e-05
mmkcat,r_3777_REV,0.0,0.0
mmkcat,r_3778_FWD,0.0,0.0066091877270006
mmkcat,r_3778_REV,0.0,0.0
mmkcat,r_3779_FWD,0.0,0.0001022808159874
mmkcat,r_3779_REV,0.0,0.0
mmkcat,r_3780_FWD,0.0,3.1995332338604825e-05
mmkcat,r_3780_REV,0.0,0.0
mmkcat,r_3781_FWD,0.0,999.9968972706046
mmkcat,r_3781_REV,0.0,1000.0
mmkcat,r_3782_FWD,0.0,1000.0
mmkcat,r_3782_REV,0.0,1000.0
mmkcat,r_3783_FWD,0.0,1000.0
mmkcat,r_3783_REV,0.0,1000.0
mmkcat,r_3784_FWD,0.0,1000.0
mmkcat,r_3784_REV,0.0,1000.0
mmkcat,r_3785_FWD,0.0,1000.0
mmkcat,r_3785_REV,0.0,1000.0
mmkcat,r_3786_FWD,0.0,1000.0
mmkcat,r_3786_REV,0.0,1000.0
mmkcat,r_3787_FWD,0.0,1000.0
mmkcat,r_3787_REV,0.0,1000.0
mmkcat,r_3788_FWD,0.0,1000.0
mmkcat,r_3788_REV,0.0,1000.0
mmkcat,r_3789_FWD,0.0,0.0
mmkcat,r_3789_REV,0.0,6.444202239836629e-05
mmkcat,r_3790_FWD,0.0,0.0
mmkcat,r_3790_REV,0.0,0.0005491234692759
mmkcat,r_3791_FWD,0.0,0.0
mmkcat,r_3791_REV,0.0,7.028394317435392e-05
mmkcat,r_3792_FWD,0.0,0.0
mmkcat,r_3792_REV,0.0,5.546844796740257e-05
mmkcat,r_3793_FWD,0.0,0.0
mmkcat,r_3793_REV,0.0,3.9053309221159766e-05
mmkcat,r_3794_FWD,0.0,0.0
mmkcat,r_3794_REV,0.0,4.172350969087156e-05
mmkcat,r_3795_FWD,0.0,0.0
mmkcat,r_3795_REV,0.0,2.667629572275533e-05
mmkcat,r_3796_FWD,0.0,0.0
mmkcat,r_3796_REV,0.0,3.633951208428248e-05
mmkcat,r_3797_FWD,0.0,6.444202245801084e-05
mmkcat,r_3797_REV,0.0,0.0
mmkcat,r_3798_FWD,0.0,0.0005247846300963
mmkcat,r_3798_REV,0.0,0.0
mmkcat,r_3799_FWD,0.0,6.716874299611279e-05
mmkcat,r_3799_REV,0.0,0.0
mmkcat,r_3800_FWD,0.0,5.546844959381957e-05
mmkcat,r_3800_REV,0.0,0.0
mmkcat,r_3801_FWD,0.0,3.90533091540922e-05
mmkcat,r_3801_REV,0.0,0.0
mmkcat,r_3802_FWD,0.0,3.564909489502863e-05
mmkcat,r_3802_REV,0.0,0.0
mmkcat,r_3803_FWD,0.0,3.599559500278425e-05
mmkcat,r_3803_REV,0.0,0.0
mmkcat,r_3804_FWD,0.0,3.633951273875746e-05
mmkcat,r_3804_REV,0.0,0.0
mmkcat,r_3805_FWD,0.0,4.970370482719391e-05
mmkcat,r_3805_REV,0.0,0.0003509414054683
mmkcat,r_3806_FWD,0.0,4.991817678189634e-05
mmkcat,r_3806_REV,0.0,0.0027031384817099
mmkcat,r_3807_FWD,0.0,4.477046777691499e-05
mmkcat,r_3807_REV,0.0,0.0003509414065554
mmkcat,r_3808_FWD,0.0,3.674068917343126e-05
mmkcat,r_3808_REV,0.0,0.0003509414059763
mmkcat,r_3809_FWD,0.0,2.0707382118380747e-05
mmkcat,r_3809_REV,0.0,0.0003509414034041
mmkcat,r_3810_FWD,0.0,2.2743207455575107e-05
mmkcat,r_3810_REV,0.0,0.0003509414050668
mmkcat,r_3811_FWD,0.0,2.736144525652607e-05
mmkcat,r_3811_REV,0.0,3.73597978935436e-05
mmkcat,r_3812_FWD,0.0,1.805408726803951e-05
mmkcat,r_3812_REV,0.0,2.7079990108092037e-05
mmkcat,r_3813_ENZ_YIL048W_FWD,0.0,0.0006006982486452
mmkcat,r_3813_ENZ_YIL048W_REV,0.0,0.0
mmkcat,r_3813_ENZ_YMR162C_FWD,0.0,0.0001360293079763
mmkcat,r_3813_ENZ_YMR162C_REV,0.0,0.0
mmkcat,r_3814_ENZ_YIL048W_FWD,0.0,0.0001084021793981
mmkcat,r_3814_ENZ_YIL048W_REV,0.0,0.0
mmkcat,r_3814_ENZ_YMR162C_FWD,0.0,8.641628776220878e-05
mmkcat,r_3814_ENZ_YMR162C_REV,0.0,0.0
mmkcat,r_3815_ENZ_YIL048W_FWD,0.0,0.0002096939916365
mmkcat,r_3815_ENZ_YIL048W_REV,0.0,0.0
mmkcat,r_3815_ENZ_YMR162C_FWD,0.0,0.0001317902166038
mmkcat,r_3815_ENZ_YMR162C_REV,0.0,0.0
mmkcat,r_3816_ENZ_YIL048W_FWD,0.0,9.375441629274478e-05
mmkcat,r_3816_ENZ_YIL048W_REV,0.0,0.0
mmkcat,r_3816_ENZ_YMR162C_FWD,0.0,7.79986995726934e-05
mmkcat,r_3816_ENZ_YMR162C_REV,0.0,0.0
mmkcat,r_3817_ENZ_YIL048W_FWD,0.0,3.783610513126857e-05
mmkcat,r_3817_ENZ_YIL048W_REV,0.0,0.0
mmkcat,r_3817_ENZ_YMR162C_FWD,0.0,3.4868494590699524e-05
mmkcat,r_3817_ENZ_YMR162C_REV,0.0,0.0
mmkcat,r_3818_ENZ_YIL048W_FWD,0.0,0.0004619693281662
mmkcat,r_3818_ENZ_YIL048W_REV,0.0,0.0
mmkcat,r_3818_ENZ_YMR162C_FWD,0.0,0.0001793440945072
mmkcat,r_3818_ENZ_YMR162C_REV,0.0,0.0
mmkcat,r_3819_ENZ_YIL048W_FWD,0.0,9.394020053844507e-05
mmkcat,r_3819_ENZ_YIL048W_REV,0.0,0.0
mmkcat,r_3819_ENZ_YMR162C_FWD,0.0,7.575008113963524e-05
mmkcat,r_3819_ENZ_YMR162C_REV,0.0,0.0
mmkcat,r_3820_ENZ_YIL048W_FWD,0.0,1.718141766363746e-05
mmkcat,r_3820_ENZ_YIL048W_REV,0.0,0.0
mmkcat,r_3820_ENZ_YMR162C_FWD,0.0,1.9464009998450407e-05
mmkcat,r_3820_ENZ_YMR162C_REV,0.0,0.0
mmkcat,r_3821_ENZ_YAL026C_FWD,0.0,0.0003997809247341
mmkcat,r_3821_ENZ_YAL026C_REV,0.0,0.0
mmkcat,r_3822_ENZ_YAL026C_FWD,0.0,7.23073398697237e-05
mmkcat,r_3822_ENZ_YAL026C_REV,0.0,0.0
mmkcat,r_3823_ENZ_YAL026C_FWD,0.0,0.0002096996682178
mmkcat,r_3823_ENZ_YAL026C_REV,0.0,0.0
mmkcat,r_3824_ENZ_YAL026C_FWD,0.0,9.637716791868062e-05
mmkcat,r_3824_ENZ_YAL026C_REV,0.0,0.0
mmkcat,r_3825_ENZ_YAL026C_FWD,0.0,3.853398311391289e-05
mmkcat,r_3825_ENZ_YAL026C_REV,0.0,0.0
mmkcat,r_3826_ENZ_YAL026C_FWD,0.0,0.0006941940147883
mmkcat,r_3826_ENZ_YAL026C_REV,0.0,0.0
mmkcat,r_3827_ENZ_YAL026C_FWD,0.0,6.251974329534978e-05
mmkcat,r_3827_ENZ_YAL026C_REV,0.0,0.0
mmkcat,r_3828_ENZ_YAL026C_FWD,0.0,2.217238191123674e-05
mmkcat,r_3828_ENZ_YAL026C_REV,0.0,0.0
mmkcat,r_3829_FWD,0.0,0.0
mmkcat,r_3829_REV,0.0,0.0
mmkcat,r_3830_FWD,0.0,0.0
mmkcat,r_3830_REV,0.0,0.0
mmkcat,r_3831_FWD,0.0,0.0
mmkcat,r_3831_REV,0.0,0.0
mmkcat,r_3832_FWD,0.0,0.0
mmkcat,r_3832_REV,0.0,0.0
mmkcat,r_3833_FWD,0.0,0.0
mmkcat,r_3833_REV,0.0,0.0
mmkcat,r_3834_FWD,0.0,0.0
mmkcat,r_3834_REV,0.0,0.0
mmkcat,r_3835_FWD,0.0,0.0
mmkcat,r_3835_REV,0.0,0.0
mmkcat,r_3836_FWD,0.0,0.0
mmkcat,r_3836_REV,0.0,0.0
mmkcat,r_3837_FWD,0.0,0.0003526143068768
mmkcat,r_3837_REV,0.0,0.0
mmkcat,r_3838_FWD,0.0,0.0003526143059389
mmkcat,r_3838_REV,0.0,0.0
mmkcat,r_3839_FWD,0.0,0.0003526143018817
mmkcat,r_3839_REV,0.0,0.0
mmkcat,r_3840_FWD,0.0,0.0003526143054558
mmkcat,r_3840_REV,0.0,0.0
mmkcat,r_3841_FWD,0.0,0.0003526143064647
mmkcat,r_3841_REV,0.0,0.0
mmkcat,r_3842_FWD,0.0,0.0003462390488772
mmkcat,r_3842_REV,0.0,0.0
mmkcat,r_3843_FWD,0.0,3.737363199718402e-05
mmkcat,r_3843_REV,0.0,0.0
mmkcat,r_3844_FWD,0.0,2.6596130478395708e-05
mmkcat,r_3844_REV,0.0,0.0
mmkcat,r_3845_FWD,0.0,0.0075788365613272
mmkcat,r_3845_REV,0.0,0.0
mmkcat,r_3846_FWD,0.0,9.47373115099434e-05
mmkcat,r_3846_REV,0.0,0.0
mmkcat,r_3847_FWD,0.0,0.001060525108092
mmkcat,r_3847_REV,0.0,0.0
mmkcat,r_3848_FWD,0.0,0.0001756810019375
mmkcat,r_3848_REV,0.0,0.0
mmkcat,r_3849_FWD,0.0,3.6574067736177066e-05
mmkcat,r_3849_REV,0.0,0.0
mmkcat,r_3850_FWD,0.0,0.0066091877270988
mmkcat,r_3850_REV,0.0,0.0
mmkcat,r_3851_FWD,0.0,0.0001022808163223
mmkcat,r_3851_REV,0.0,0.0
mmkcat,r_3852_FWD,0.0,3.199533243106395e-05
mmkcat,r_3852_REV,0.0,0.0
mmkcat,r_3853_FWD,0.0,0.0075788365613272
mmkcat,r_3853_REV,0.0,0.0
mmkcat,r_3854_FWD,0.0,9.47373115099434e-05
mmkcat,r_3854_REV,0.0,0.0
mmkcat,r_3855_FWD,0.0,0.0010605251083684
mmkcat,r_3855_REV,0.0,0.0
mmkcat,r_3856_FWD,0.0,0.0001756810019375
mmkcat,r_3856_REV,0.0,0.0
mmkcat,r_3857_FWD,0.0,4.00103364851228e-05
mmkcat,r_3857_REV,0.0,0.0
mmkcat,r_3858_FWD,0.0,0.0072843637786399
mmkcat,r_3858_REV,0.0,0.0
mmkcat,r_3859_FWD,0.0,0.0001022808164157
mmkcat,r_3859_REV,0.0,0.0
mmkcat,r_3860_FWD,0.0,2.1293103859229737e-05
mmkcat,r_3860_REV,0.0,0.0
mmkcat,r_3861_FWD,0.0,0.0003526143066743
mmkcat,r_3861_REV,0.0,0.0
mmkcat,r_3862_FWD,0.0,0.0003462390498363
mmkcat,r_3862_REV,0.0,0.0
mmkcat,r_3863_FWD,0.0,0.0003462390478541
mmkcat,r_3863_REV,0.0,0.0
mmkcat,r_3864_FWD,0.0,0.0003526143063474
mmkcat,r_3864_REV,0.0,0.0
mmkcat,r_3865_FWD,0.0,0.0003462390511899
mmkcat,r_3865_REV,0.0,0.0
mmkcat,r_3866_FWD,0.0,0.0003462390480599
mmkcat,r_3866_REV,0.0,0.0
mmkcat,r_3867_FWD,0.0,3.737363180189579e-05
mmkcat,r_3867_REV,0.0,0.0
mmkcat,r_3868_FWD,0.0,2.708584158384042e-05
mmkcat,r_3868_REV,0.0,0.0
mmkcat,r_3869_FWD,0.0,0.0003526034626979
mmkcat,r_3869_REV,0.0,0.0001203261677087
mmkcat,r_3870_FWD,0.0,0.0003526034604099
mmkcat,r_3870_REV,0.0,0.0001203261677638
mmkcat,r_3871_FWD,0.0,0.0003526034669505
mmkcat,r_3871_REV,0.0,0.0001764822803045
mmkcat,r_3872_FWD,0.0,0.0003526034657852
mmkcat,r_3872_REV,0.0,0.0003260197795782
mmkcat,r_3873_FWD,0.0,0.0007102963250662
mmkcat,r_3873_REV,0.0,0.0001203261676927
mmkcat,r_3874_FWD,0.0,0.0003462282123045
mmkcat,r_3874_REV,0.0,0.0001203261677087
mmkcat,r_3875_FWD,0.0,0.0001880060579715
mmkcat,r_3875_REV,0.0,7.04585631172705e-05
mmkcat,r_3876_FWD,0.0,0.0003462282091355
mmkcat,r_3876_REV,0.0,0.0001826585035793
mmkcat,r_3877_FWD,0.0,2.986929529580349e-05
mmkcat,r_3877_REV,0.0,0.0
mmkcat,r_3878_FWD,0.0,1.906667574959124e-05
mmkcat,r_3878_REV,0.0,0.0
mmkcat,r_3879_FWD,0.0,2.589479326298159e-05
mmkcat,r_3879_REV,0.0,0.0
mmkcat,r_3880_FWD,0.0,2.6903335952344048e-05
mmkcat,r_3880_REV,0.0,0.0
mmkcat,r_3881_FWD,0.0,2.758356815624108e-05
mmkcat,r_3881_REV,0.0,0.0
mmkcat,r_3882_FWD,0.0,4.1428460340942026e-05
mmkcat,r_3882_REV,0.0,0.0
mmkcat,r_3883_FWD,0.0,2.742886350182165e-05
mmkcat,r_3883_REV,0.0,0.0
mmkcat,r_3884_FWD,0.0,1.799521694135561e-05
mmkcat,r_3884_REV,0.0,0.0
mmkcat,r_3885_ENZ_YAL026C_FWD,0.0,0.0
mmkcat,r_3885_ENZ_YAL026C_REV,0.0,0.0
mmkcat,r_3886_ENZ_YAL026C_FWD,0.0,0.0
mmkcat,r_3886_ENZ_YAL026C_REV,0.0,0.0
mmkcat,r_3887_ENZ_YAL026C_FWD,0.0,0.0
mmkcat,r_3887_ENZ_YAL026C_REV,0.0,0.0
mmkcat,r_3888_ENZ_YAL026C_FWD,0.0,0.0
mmkcat,r_3888_ENZ_YAL026C_REV,0.0,0.0
mmkcat,r_3889_ENZ_YAL026C_FWD,0.0,0.0
mmkcat,r_3889_ENZ_YAL026C_REV,0.0,0.0
mmkcat,r_3890_ENZ_YAL026C_FWD,0.0,0.0
mmkcat,r_3890_ENZ_YAL026C_REV,0.0,0.0
mmkcat,r_3891_ENZ_YAL026C_FWD,0.0,0.0
mmkcat,r_3891_ENZ_YAL026C_REV,0.0,0.0
mmkcat,r_3892_ENZ_YAL026C_FWD,0.0,0.0
mmkcat,r_3892_ENZ_YAL026C_REV,0.0,0.0
mmkcat,r_3893_ENZ_YIL048W_FWD,0.0,0.0
mmkcat,r_3893_ENZ_YIL048W_REV,0.0,0.0
mmkcat,r_3894_ENZ_YIL048W_FWD,0.0,0.0
mmkcat,r_3894_ENZ_YIL048W_REV,0.0,0.0
mmkcat,r_3895_ENZ_YIL048W_FWD,0.0,0.0
mmkcat,r_3895_ENZ_YIL048W_REV,0.0,0.0
mmkcat,r_3896_ENZ_YIL048W_FWD,0.0,0.0
mmkcat,r_3896_ENZ_YIL048W_REV,0.0,0.0
mmkcat,r_3897_ENZ_YIL048W_FWD,0.0,0.0
mmkcat,r_3897_ENZ_YIL048W_REV,0.0,0.0
mmkcat,r_3898_ENZ_YIL048W_FWD,0.0,0.0
mmkcat,r_3898_ENZ_YIL048W_REV,0.0,0.0
mmkcat,r_3899_ENZ_YIL048W_FWD,0.0,0.0
mmkcat,r_3899_ENZ_YIL048W_REV,0.0,0.0
mmkcat,r_3900_ENZ_YIL048W_FWD,0.0,0.0
mmkcat,r_3900_ENZ_YIL048W_REV,0.0,0.0
mmkcat,r_3901_FWD,0.0,2.944800672397611e-05
mmkcat,r_3901_REV,0.0,5.455167135998801e-05
mmkcat,r_3902_FWD,0.0,7.856113023585466e-05
mmkcat,r_3902_REV,0.0,2.9448006769436523e-05
mmkcat,r_3903_FWD,0.0,7.246307707639584e-05
mmkcat,r_3903_REV,0.0,0.0
mmkcat,r_3904_FWD,0.0,2.0744473603010365e-05
mmkcat,r_3904_REV,0.0,0.0
mmkcat,r_3905_FWD,0.0,3.999649136154912e-05
mmkcat,r_3905_REV,0.0,0.0
mmkcat,r_3906_FWD,0.0,3.9694461167361057e-05
mmkcat,r_3906_REV,0.0,0.0
mmkcat,r_3907_FWD,0.0,4.323436028919045e-05
mmkcat,r_3907_REV,0.0,0.0
mmkcat,r_3908_FWD,0.0,4.142846023864066e-05
mmkcat,r_3908_REV,0.0,0.0
mmkcat,r_3909_FWD,0.0,4.12150156751158e-05
mmkcat,r_3909_REV,0.0,0.0
mmkcat,r_3910_FWD,0.0,2.742834476528793e-05
mmkcat,r_3910_REV,0.0,0.0
mmkcat,r_3911_FWD,0.0,0.000346228207281
mmkcat,r_3911_REV,0.0,0.0003462282081798
mmkcat,r_3912_FWD,0.0,0.0003462282133348
mmkcat,r_3912_REV,0.0,0.0003462282118853
mmkcat,r_3913_FWD,0.0,0.000352603466613
mmkcat,r_3913_REV,0.0,0.0003462282115194
mmkcat,r_3914_FWD,0.0,0.0003526034648793
mmkcat,r_3914_REV,0.0,0.0003462282099953
mmkcat,r_3915_FWD,0.0,0.0003462282123933
mmkcat,r_3915_REV,0.0,0.0003526034654903
mmkcat,r_3916_FWD,0.0,0.0003526034662506
mmkcat,r_3916_REV,0.0,0.0003462282099206
mmkcat,r_3917_FWD,0.0,0.0001880060579573
mmkcat,r_3917_REV,0.0,0.0002574539310984
mmkcat,r_3918_FWD,0.0,0.0003526034647975
mmkcat,r_3918_REV,0.0,0.0003526034669896
mmkcat,r_3919_FWD,0.0,0.0003526143031287
mmkcat,r_3919_REV,0.0,0.0
mmkcat,r_3920_FWD,0.0,0.0003526143035799
mmkcat,r_3920_REV,0.0,0.0
mmkcat,r_3921_FWD,0.0,0.0003526143051786
mmkcat,r_3921_REV,0.0,0.0
mmkcat,r_3922_FWD,0.0,0.0003526143034342
mmkcat,r_3922_REV,0.0,0.0
mmkcat,r_3923_FWD,0.0,0.0007031372412242
mmkcat,r_3923_REV,0.0,0.0
mmkcat,r_3924_FWD,0.0,0.0003526143030365
mmkcat,r_3924_REV,0.0,0.0
mmkcat,r_3925_FWD,0.0,0.0002574618443986
mmkcat,r_3925_REV,0.0,0.0
mmkcat,r_3926_FWD,0.0,0.000368968102304
mmkcat,r_3926_REV,0.0,0.0
mmkcat,r_3927_FWD,0.0,1.1752642293194617e-05
mmkcat,r_3927_REV,0.0,0.0
mmkcat,r_3928_FWD,0.0,1.053620042879011e-05
mmkcat,r_3928_REV,0.0,0.0
mmkcat,r_3929_FWD,0.0,0.0001731195251633
mmkcat,r_3929_REV,0.0,0.0
mmkcat,r_3930_FWD,0.0,0.0001763071530422
mmkcat,r_3930_REV,0.0,0.0
mmkcat,r_3931_FWD,0.0,0.0001731195246979
mmkcat,r_3931_REV,0.0,0.0
mmkcat,r_3932_FWD,0.0,0.0001763071518947
mmkcat,r_3932_REV,0.0,0.0
mmkcat,r_3933_FWD,0.0,0.0001763071520972
mmkcat,r_3933_REV,0.0,0.0
mmkcat,r_3934_FWD,0.0,0.0001763071515394
mmkcat,r_3934_REV,0.0,0.0
mmkcat,r_3935_FWD,0.0,8.867434582704448e-05
mmkcat,r_3935_REV,0.0,0.0
mmkcat,r_3936_FWD,0.0,0.0001731195248808
mmkcat,r_3936_REV,0.0,0.0
mmkcat,r_3937_FWD,0.0,0.0
mmkcat,r_3937_REV,0.0,7.250646839729313e-05
mmkcat,r_3938_FWD,0.0,0.0
mmkcat,r_3938_REV,0.0,7.639170700635138e-05
mmkcat,r_3939_FWD,0.0,1000.0
mmkcat,r_3939_REV,0.0,999.988818411414
mmkcat,r_3940,0.0,1.4452539616849336e-05
mmkcat,r_3941_FWD,0.0,0.0003509521941822
mmkcat,r_3941_REV,0.0,0.0
mmkcat,r_3942_FWD,0.0,0.0003509521919937
mmkcat,r_3942_REV,0.0,0.0
mmkcat,r_3943_FWD,0.0,0.0003446069899979
mmkcat,r_3943_REV,0.0,0.0
mmkcat,r_3944_FWD,0.0,0.0003509521918765
mmkcat,r_3944_REV,0.0,0.0
mmkcat,r_3945_FWD,0.0,0.0003509521944238
mmkcat,r_3945_REV,0.0,0.0
mmkcat,r_3946_FWD,0.0,0.0002535781927508
mmkcat,r_3946_REV,0.0,0.0
mmkcat,r_3947_FWD,0.0,3.736094629758213e-05
mmkcat,r_3947_REV,0.0,0.0
mmkcat,r_3948_FWD,0.0,2.708082253377597e-05
mmkcat,r_3948_REV,0.0,0.0
mmkcat,r_3949_FWD,0.0,9.133205843170344e-05
mmkcat,r_3949_REV,0.0,0.0
mmkcat,r_3950_FWD,0.0,9.133205856670656e-05
mmkcat,r_3950_REV,0.0,0.0
mmkcat,r_3951_FWD,0.0,9.133205832156932e-05
mmkcat,r_3951_REV,0.0,0.0
mmkcat,r_3952_FWD,0.0,9.233205888298136e-05
mmkcat,r_3952_REV,0.0,0.0
mmkcat,r_3953_FWD,0.0,6.523766720945012e-05
mmkcat,r_3953_REV,0.0,0.0
mmkcat,r_3954_FWD,0.0,9.133205901973308e-05
mmkcat,r_3954_REV,0.0,0.0
mmkcat,r_3955_FWD,0.0,2.845237970205972e-05
mmkcat,r_3955_REV,0.0,0.0
mmkcat,r_3956_FWD,0.0,2.194717931303103e-05
mmkcat,r_3956_REV,0.0,0.0
mmkcat,r_3957_FWD,0.0,0.0
mmkcat,r_3957_REV,0.0,0.0001343818953609
mmkcat,r_3958_FWD,0.0,0.0
mmkcat,r_3958_REV,0.0,0.0
mmkcat,r_3959_ENZ_YBR192W_FWD,0.0,0.0
mmkcat,r_3959_ENZ_YBR192W_REV,0.0,4.0946856779374434e-05
mmkcat,r_3960_ENZ_YBR192W_FWD,0.0,4.398409187142708e-05
mmkcat,r_3960_ENZ_YBR192W_REV,0.0,0.0
mmkcat,r_3961_ENZ_YER053C_FWD,0.0,0.0
mmkcat,r_3961_ENZ_YER053C_REV,0.0,4.189308768231399e-05
mmkcat,r_3961_ENZ_YJR077C_FWD,0.0,0.0
mmkcat,r_3961_ENZ_YJR077C_REV,0.0,4.479258836790571e-05
mmkcat,r_3962_FWD,0.0,0.0
mmkcat,r_3962_REV,0.0,4.47939644568241e-05
mmkcat,r_3963,0.0005174941376859,0.0025898668057467
mmkcat,r_3964,0.0,0.0003348265064356
mmkcat,r_3965,0.0,0.0013527192922612
mmkcat,r_3966,0.0,0.0001052822891811
mmkcat,r_3967,0.0,1.961455789497961e-05
mmkcat,r_3968,0.0,0.000191652367689
mmkcat,r_3969,0.0,4.0832936481228696e-05
mmkcat,r_3970,0.0,1.522464925611778e-05
mmkcat,r_3971,0.0,5.241591308643124e-06
mmkcat,r_3972,0.0031124481333247,0.0031214109201887
mmkcat,r_3973_FWD,0.0020635904797627,0.0020635904797627
mmkcat,r_3973_REV,0.0,0.0
mmkcat,r_3975,0.0,7.181354096455638e-05
mmkcat,r_3976,0.0015159372526363,0.00177100601676
mmkcat,r_3977,0.0,6.248127329423043e-05
mmkcat,r_3978,0.0,0.0001305742793742
mmkcat,r_3979,0.0,0.0016377015190781
mmkcat,r_3980,0.0,8.867086212724709e-05
mmkcat,r_3981,8.510423006494294e-05,0.002367843267482
mmkcat,r_3982,0.0,0.0001270674023371
mmkcat,r_3983,0.0,1.917535681327312e-05
mmkcat,r_3984,0.0,0.0001958969637345
mmkcat,r_3985,0.0,4.622621491169504e-05
mmkcat,r_3986,0.0,1.6337209825627233e-05
mmkcat,r_3987_FWD,0.0018043392682429,0.0018043392682429
mmkcat,r_3987_REV,0.0,0.0
mmkcat,r_3988,0.0,0.0044320801099071
mmkcat,r_3989,0.0,0.0043488589509284
mmkcat,r_3990,0.0,0.0002664564360561
mmkcat,r_3991,0.0,0.0001130305509892
mmkcat,r_3992,0.0,0.0062296238422368
mmkcat,r_3993,0.0,0.0062241920401798
mmkcat,r_3994,0.0,0.0002683488243779
mmkcat,r_3995,0.0,0.0001133278128359
mmkcat,r_3996_FWD,0.0078176512907706,0.0078176770737781
mmkcat,r_3996_REV,0.0,0.0
mmkcat,r_3997,0.0,0.0026856297512701
mmkcat,r_3998,0.0,0.0030541050038371
mmkcat,r_3999,0.0,0.0006172784345227
mmkcat,r_4000,0.0,9.907023912753324e-05
mmkcat,r_4001,0.0,0.0001983764505642
mmkcat,r_4002,0.0,0.0001924771040854
mmkcat,r_4003,0.0,0.0001420601226572
mmkcat,r_4004,0.0,6.557734939904317e-05
mmkcat,r_4005_FWD,0.0021010297622959,0.0021010366915978
mmkcat,r_4005_REV,0.0,0.0
mmkcat,r_4006,0.0,2.73557998320729e-05
mmkcat,r_4007,0.0,1.5848597886417622e-05
mmkcat,r_4008,0.0,7.939073179084442e-05
mmkcat,r_4009,0.0,2.4798022118850787e-05
mmkcat,r_4010,0.0,2.669712415095398e-05
mmkcat,r_4011,0.0,1.538421322290035e-05
mmkcat,r_4012,0.0,2.2683907221563403e-05
mmkcat,r_4013,0.0,1.323410387960202e-05
mmkcat,r_4014,0.0,5.075588174863924e-05
mmkcat,r_4015,0.0,2.1391687326694822e-05
mmkcat,r_4016,0.0023627632917066,0.0025947539097978
mmkcat,r_4017,0.0,3.786308144502768e-05
mmkcat,r_4018,0.0,5.236535781545652e-05
mmkcat,r_4019,0.0,1.9975137575961227e-05
mmkcat,r_4020,0.0,3.310625790103328e-05
mmkcat,r_4021,0.0,1.747709001981645e-05
mmkcat,r_4022,0.0,2.5056518747440347e-05
mmkcat,r_4023,0.0,1.51810275527395e-05
mmkcat,r_4024,0.0,5.9829078454756986e-05
mmkcat,r_4025,0.0,2.3088431338594725e-05
mmkcat,r_4026,0.0,2.3924332091248703e-05
mmkcat,r_4027,0.0,1.5339796614400103e-05
mmkcat,r_4028,0.0,2.377355602071682e-05
mmkcat,r_4029,0.0,1.3573429563698558e-05
mmkcat,r_4030,0.0,3.62993087150974e-05
mmkcat,r_4031,0.0,1.851767806000049e-05
mmkcat,r_4032,0.0,0.0001224497578046
mmkcat,r_4033,0.0,2.804674320465797e-05
mmkcat,r_4034,0.0,3.722636814956944e-05
mmkcat,r_4035,0.0,1.7935069033146946e-05
mmkcat,r_4036,0.0,2.519714471661419e-05
mmkcat,r_4037,0.0,1.4926278174966362e-05
mmkcat,r_4038_FWD,0.0020791380024018,0.0020791448595036
mmkcat,r_4038_REV,0.0,0.0
mmkcat,r_4039_ENZ_YBL015W_FWD,0.0,8.485112616253608e-05
mmkcat,r_4039_ENZ_YBL015W_REV,0.0,0.000777722041342
mmkcat,r_4040_FWD,0.0,3.129441998560301e-06
mmkcat,r_4040_REV,0.0,0.0
mmkcat,r_4041,0.3032095198476554,0.3032105645501913
mmkcat,r_4042,0.0,0.0
mmkcat,r_4043,0.0,0.0
mmkcat,r_4044,0.0,0.0
mmkcat,r_4045_ENZ_YDR400W,0.0,0.0003812030603675
mmkcat,r_4046,0.7,0.7
mmkcat,r_4047,0.3032095198476554,0.3032105645501913
mmkcat,r_4048,0.3032095198476554,0.3032105645501913
mmkcat,r_4049,0.3032095198476554,0.3032105645501913
mmkcat,r_4050,0.3032095198476554,0.3032105645501913
mmkcat,r_4051,0.0,0.0
mmkcat,r_4052,0.0,0.0
mmkcat,r_4053,0.0,0.0
mmkcat,r_4054,0.0,0.0
mmkcat,r_4055,0.0,0.0
mmkcat,r_4056,0.0,0.0
mmkcat,r_4057,0.0,0.0
mmkcat,r_4058,0.0,0.0
mmkcat,r_4059,0.0,0.0
mmkcat,r_4060,0.0,0.0
mmkcat,r_4061,0.0,0.0
mmkcat,r_4062,0.0,0.0
mmkcat,r_4063,0.3032095198476554,0.3032105645501913
mmkcat,r_4064,0.0,0.0
mmkcat,r_4065,0.3032095198476554,0.3032105645501913
mmkcat,r_4066,0.0,0.0
mmkcat,r_4067,0.0,0.0
mmkcat,r_4068,0.0,0.0
mmkcat,r_4069,0.0,0.0
mmkcat,r_4070,0.0,0.0
mmkcat,r_4071,0.0,0.0
mmkcat,r_4072,0.0,0.0
mmkcat,r_4073,0.0,0.0
mmkcat,r_4074,0.0,0.0
mmkcat,r_4075,0.0,0.0
mmkcat,r_4076,0.0,0.0
mmkcat,r_4077,0.0,0.0
mmkcat,r_4078,0.0,0.0
mmkcat,r_4079,0.0,0.0
mmkcat,r_4080,0.0,0.0
mmkcat,r_4081,0.0,0.0
mmkcat,r_4082,0.0,0.0
mmkcat,r_4083,0.0,0.0
mmkcat,r_4084,0.0,0.0
mmkcat,r_4085,0.0,0.0
mmkcat,r_4086,0.0,0.0
mmkcat,r_4087,0.0,0.0
mmkcat,r_4088,0.0,0.0
mmkcat,r_4089,0.0,0.0
mmkcat,r_4090,0.0,0.0
mmkcat,r_4091,0.0,0.0
mmkcat,r_4092,0.0,0.0
mmkcat,r_4093,0.0,0.0
mmkcat,r_4094,0.0,0.0
mmkcat,r_4095,0.0,0.0
mmkcat,r_4096,0.0,0.0
mmkcat,r_4097,0.0,0.0
mmkcat,r_4098,0.0,0.0
mmkcat,r_4099,0.0,0.0
mmkcat,r_4100,0.0,0.0
mmkcat,r_4101,0.0,0.0
mmkcat,r_4102,0.0,0.0
mmkcat,r_4103,0.0,0.0
mmkcat,r_4104,0.0,0.0
mmkcat,r_4105,0.0,0.0
mmkcat,r_4106,0.0,0.0
mmkcat,r_4107,0.0,0.0
mmkcat,r_4108,0.0,0.0
mmkcat,r_4109,0.0,0.0
mmkcat,r_4110,0.0,0.0
mmkcat,r_4111,0.0,0.0
mmkcat,r_4112,0.0,0.0
mmkcat,r_4113,0.0,0.0
mmkcat,r_4114,0.0,0.0
mmkcat,r_4115,0.0,0.0
mmkcat,r_4116,0.0,0.0
mmkcat,r_4117,0.0,0.0
mmkcat,r_4118,0.0,0.0
mmkcat,r_4119,0.0,0.0
mmkcat,r_4120,0.0,0.0
mmkcat,r_4121,0.0,0.0
mmkcat,r_4122,0.0,0.0
mmkcat,r_4123,0.0,0.0
mmkcat,r_4124,0.0,0.0
mmkcat,r_4125,0.0,0.0
mmkcat,r_4126,0.0,0.0
mmkcat,r_4127,0.0,0.0
mmkcat,r_4128,0.0,0.0
mmkcat,r_4129,0.0,0.0
mmkcat,r_4130,0.0,0.0
mmkcat,r_4131,0.0,0.0
mmkcat,r_4132,0.0,0.0
mmkcat,r_4133,0.0,0.0
mmkcat,r_4134,0.0,0.0
mmkcat,r_4135,0.0,0.0
mmkcat,r_4136,0.0,0.0
mmkcat,r_4137,0.0,0.0
mmkcat,r_4138,0.0,0.0
mmkcat,r_4139,0.0,0.0
mmkcat,r_4140,0.0,0.0
mmkcat,r_4141,0.0,0.0
mmkcat,r_4142,0.0,0.0
mmkcat,r_4143,0.0,0.0
mmkcat,r_4144,0.0,0.0
mmkcat,r_4145,0.0,0.0
mmkcat,r_4146,0.0,0.0
mmkcat,r_4147,0.0,0.0
mmkcat,r_4148,0.0,0.0
mmkcat,r_4149,0.0,0.0
mmkcat,r_4150,0.0,0.0
mmkcat,r_4151,0.0,0.0
mmkcat,r_4152_ENZ_YAL039C_FWD,0.0,0.0
mmkcat,r_4152_ENZ_YAL039C_REV,0.0,0.0
mmkcat,r_4152_ENZ_YKL087C_FWD,0.0,0.0
mmkcat,r_4152_ENZ_YKL087C_REV,0.0,0.0
mmkcat,r_4153_ENZ_YAL061W,0.0,-0.0
mmkcat,r_4154_ENZ_YAL061W_FWD,0.0,0.0
mmkcat,r_4154_ENZ_YAL061W_REV,0.0,0.0
mmkcat,r_4155_ENZ_YBL080C,0.0,-0.0
mmkcat,r_4156_ENZ_YBL091C_FWD,0.0,0.0
mmkcat,r_4156_ENZ_YBL091C_REV,0.0,1.2042448790806903e-05
mmkcat,r_4156_ENZ_YLR244C_FWD,0.0,0.0
mmkcat,r_4156_ENZ_YLR244C_REV,0.0,1.2042448790806903e-05
mmkcat,r_4157_ENZ_YBR022W_FWD,0.0,0.0
mmkcat,r_4157_ENZ_YBR022W_REV,0.0,0.0
mmkcat,r_4157_ENZ_YMR087W_FWD,0.0,0.0
mmkcat,r_4157_ENZ_YMR087W_REV,0.0,0.0
mmkcat,r_4158_ENZ_YBR046C_FWD,0.0,0.0
mmkcat,r_4158_ENZ_YBR046C_REV,0.0,0.0
mmkcat,r_4159_ENZ_YBR070C_and_YGL047W_FWD,0.0,0.0
mmkcat,r_4159_ENZ_YBR070C_and_YGL047W_REV,0.0,0.0
mmkcat,r_4160_ENZ_YBR111C_FWD,0.0,0.0
mmkcat,r_4160_ENZ_YBR111C_REV,0.0,0.0
mmkcat,r_4161_ENZ_YBR147W_FWD,0.0,9.286115259057457e-05
mmkcat,r_4161_ENZ_YBR147W_REV,0.0,0.0
mmkcat,r_4161_ENZ_YDR352W_FWD,0.0,9.9499616909019e-05
mmkcat,r_4161_ENZ_YDR352W_REV,0.0,0.0
mmkcat,r_4162_ENZ_YBR147W_FWD,0.0,1000.0
mmkcat,r_4162_ENZ_YBR147W_REV,0.0,0.0
mmkcat,r_4162_ENZ_YDR352W_FWD,0.0,1000.0
mmkcat,r_4162_ENZ_YDR352W_REV,0.0,0.0
mmkcat,r_4163_ENZ_YBR147W_FWD,0.0,0.0002568811305578
mmkcat,r_4163_ENZ_YBR147W_REV,0.0,0.0
mmkcat,r_4163_ENZ_YDR352W_FWD,0.0,0.0004419908030802
mmkcat,r_4163_ENZ_YDR352W_REV,0.0,0.0
mmkcat,r_4164_ENZ_YBR222C_FWD,0.0,0.0
mmkcat,r_4164_ENZ_YBR222C_REV,0.0,0.0
mmkcat,r_4165_ENZ_YBR229C_FWD,0.0,0.0
mmkcat,r_4165_ENZ_YBR229C_REV,0.0,0.0
mmkcat,r_4166_ENZ_YBR229C_FWD,0.0,0.0
mmkcat,r_4166_ENZ_YBR229C_REV,0.0,0.0
mmkcat,r_4167_ENZ_YBR235W_FWD,0.0,0.0
mmkcat,r_4167_ENZ_YBR235W_REV,0.0,0.0
mmkcat,r_4168_ENZ_YBR241C_FWD,0.0,0.0
mmkcat,r_4168_ENZ_YBR241C_REV,0.0,0.0
mmkcat,r_4169_ENZ_YBR241C_FWD,0.0,0.0
mmkcat,r_4169_ENZ_YBR241C_REV,0.0,0.0
mmkcat,r_4170_ENZ_YBR243C_FWD,0.0,0.0
mmkcat,r_4170_ENZ_YBR243C_REV,0.0,0.0
mmkcat,r_4171_ENZ_YBR281C_and_YNL191W,0.0,0.0001384394607548
mmkcat,r_4172_ENZ_YBR295W,0.0,-0.0
mmkcat,r_4173_ENZ_YCL017C_FWD,0.0,0.0
mmkcat,r_4173_ENZ_YCL017C_REV,0.0,0.0
mmkcat,r_4174_ENZ_YCR011C_FWD,0.0,0.0
mmkcat,r_4174_ENZ_YCR011C_REV,0.0,0.0
mmkcat,r_4175_ENZ_YCR107W_FWD,0.0,0.0
mmkcat,r_4175_ENZ_YCR107W_REV,0.0,0.0
mmkcat,r_4175_ENZ_YDL243C_FWD,0.0,0.0
mmkcat,r_4175_ENZ_YDL243C_REV,0.0,0.0
mmkcat,r_4175_ENZ_YJR155W_FWD,0.0,0.0
mmkcat,r_4175_ENZ_YJR155W_REV,0.0,0.0
mmkcat,r_4175_ENZ_YNL331C_FWD,0.0,0.0
mmkcat,r_4175_ENZ_YNL331C_REV,0.0,0.0
mmkcat,r_4175_ENZ_YOL165C_FWD,0.0,0.0
mmkcat,r_4175_ENZ_YOL165C_REV,0.0,0.0
mmkcat,r_4175_ENZ_YPL088W_FWD,0.0,0.0
mmkcat,r_4175_ENZ_YPL088W_REV,0.0,0.0
mmkcat,r_4176_ENZ_YCR107W_FWD,0.0,0.0
mmkcat,r_4176_ENZ_YCR107W_REV,0.0,0.0
mmkcat,r_4176_ENZ_YDL243C_FWD,0.0,0.0
mmkcat,r_4176_ENZ_YDL243C_REV,0.0,0.0
mmkcat,r_4176_ENZ_YJR155W_FWD,0.0,0.0
mmkcat,r_4176_ENZ_YJR155W_REV,0.0,0.0
mmkcat,r_4176_ENZ_YNL331C_FWD,0.0,0.0
mmkcat,r_4176_ENZ_YNL331C_REV,0.0,0.0
mmkcat,r_4176_ENZ_YOL165C_FWD,0.0,0.0
mmkcat,r_4176_ENZ_YOL165C_REV,0.0,0.0
mmkcat,r_4176_ENZ_YPL088W_FWD,0.0,0.0
mmkcat,r_4176_ENZ_YPL088W_REV,0.0,0.0
mmkcat,r_4177_ENZ_YCR107W_FWD,0.0,0.0
mmkcat,r_4177_ENZ_YCR107W_REV,0.0,0.0
mmkcat,r_4177_ENZ_YDL243C_FWD,0.0,0.0
mmkcat,r_4177_ENZ_YDL243C_REV,0.0,0.0
mmkcat,r_4177_ENZ_YJR155W_FWD,0.0,0.0
mmkcat,r_4177_ENZ_YJR155W_REV,0.0,0.0
mmkcat,r_4177_ENZ_YNL331C_FWD,0.0,0.0
mmkcat,r_4177_ENZ_YNL331C_REV,0.0,0.0
mmkcat,r_4177_ENZ_YOL165C_FWD,0.0,0.0
mmkcat,r_4177_ENZ_YOL165C_REV,0.0,0.0
mmkcat,r_4177_ENZ_YPL088W_FWD,0.0,0.0
mmkcat,r_4177_ENZ_YPL088W_REV,0.0,0.0
mmkcat,r_4178_ENZ_YCR107W_FWD,0.0,0.0
mmkcat,r_4178_ENZ_YCR107W_REV,0.0,0.0
mmkcat,r_4178_ENZ_YDL243C_FWD,0.0,0.0
mmkcat,r_4178_ENZ_YDL243C_REV,0.0,1.0120260185431107e-10
mmkcat,r_4178_ENZ_YJR155W_FWD,0.0,0.0
mmkcat,r_4178_ENZ_YJR155W_REV,0.0,0.0
mmkcat,r_4178_ENZ_YNL331C_FWD,0.0,0.0
mmkcat,r_4178_ENZ_YNL331C_REV,0.0,0.0
mmkcat,r_4178_ENZ_YOL165C_FWD,0.0,0.0
mmkcat,r_4178_ENZ_YOL165C_REV,0.0,0.0
mmkcat,r_4178_ENZ_YPL088W_FWD,0.0,0.0
mmkcat,r_4178_ENZ_YPL088W_REV,0.0,0.0
mmkcat,r_4179_ENZ_YCR107W_FWD,0.0,0.0
mmkcat,r_4179_ENZ_YCR107W_REV,0.0,0.0
mmkcat,r_4179_ENZ_YDL243C_FWD,0.0,0.0
mmkcat,r_4179_ENZ_YDL243C_REV,0.0,0.0
mmkcat,r_4179_ENZ_YJR155W_FWD,0.0,0.0
mmkcat,r_4179_ENZ_YJR155W_REV,0.0,0.0
mmkcat,r_4179_ENZ_YNL331C_FWD,0.0,0.0
mmkcat,r_4179_ENZ_YNL331C_REV,0.0,0.0
mmkcat,r_4179_ENZ_YOL165C_FWD,0.0,0.0
mmkcat,r_4179_ENZ_YOL165C_REV,0.0,0.0
mmkcat,r_4179_ENZ_YPL088W_FWD,0.0,0.0
mmkcat,r_4179_ENZ_YPL088W_REV,0.0,0.0
mmkcat,r_4180_ENZ_YCR107W_FWD,0.0,0.0
mmkcat,r_4180_ENZ_YCR107W_REV,0.0,0.0
mmkcat,r_4180_ENZ_YDL243C_FWD,0.0,0.0
mmkcat,r_4180_ENZ_YDL243C_REV,0.0,0.0
mmkcat,r_4180_ENZ_YJR155W_FWD,0.0,0.0
mmkcat,r_4180_ENZ_YJR155W_REV,0.0,0.0
mmkcat,r_4180_ENZ_YNL331C_FWD,0.0,0.0
mmkcat,r_4180_ENZ_YNL331C_REV,0.0,0.0
mmkcat,r_4180_ENZ_YOL165C_FWD,0.0,0.0
mmkcat,r_4180_ENZ_YOL165C_REV,0.0,0.0
mmkcat,r_4180_ENZ_YPL088W_FWD,0.0,0.0
mmkcat,r_4180_ENZ_YPL088W_REV,0.0,0.0
mmkcat,r_4181_ENZ_YEL031W_FWD,0.0,0.0
mmkcat,r_4181_ENZ_YEL031W_REV,0.0,0.0
mmkcat,r_4183_ENZ_YEL070W_FWD,0.0,0.0
mmkcat,r_4183_ENZ_YEL070W_REV,0.0,0.0
mmkcat,r_4183_ENZ_YNR073C_FWD,0.0,0.0
mmkcat,r_4183_ENZ_YNR073C_REV,0.0,0.0
mmkcat,r_4184_ENZ_YER010C_FWD,0.0,0.0
mmkcat,r_4184_ENZ_YER010C_REV,0.0,0.0
mmkcat,r_4185_ENZ_YER010C,0.0,0.0001836609770942
mmkcat,r_4186_ENZ_YER042W_FWD,0.0,0.0
mmkcat,r_4186_ENZ_YER042W_REV,0.0,0.0
mmkcat,r_4187_ENZ_YER087W,0.0,-0.0
mmkcat,r_4188_ENZ_YER163C,0.0,3.963989327608145e-05
mmkcat,r_4189_ENZ_YHL018W_FWD,0.0,0.0
mmkcat,r_4189_ENZ_YHL018W_REV,0.0,0.0
mmkcat,r_4190_ENZ_YHR008C,0.0,-0.0
mmkcat,r_4191_ENZ_YHR043C_FWD,0.0,0.0
mmkcat,r_4191_ENZ_YHR043C_REV,0.0,0.0
mmkcat,r_4191_ENZ_YHR044C_FWD,0.0,0.0
mmkcat,r_4191_ENZ_YHR044C_REV,0.0,0.0
mmkcat,r_4192_ENZ_YHR109W_FWD,0.0,0.0
mmkcat,r_4192_ENZ_YHR109W_REV,0.0,0.0
mmkcat,r_4193_ENZ_YDR440W_FWD,0.0,0.0
mmkcat,r_4193_ENZ_YDR440W_REV,0.0,0.0
mmkcat,r_4193_ENZ_YHR119W_FWD,0.0,0.0
mmkcat,r_4193_ENZ_YHR119W_REV,0.0,0.0
mmkcat,r_4193_ENZ_YJL168C_FWD,0.0,0.0
mmkcat,r_4193_ENZ_YJL168C_REV,0.0,0.0
mmkcat,r_4194_ENZ_YIL023C_FWD,0.0,0.0
mmkcat,r_4194_ENZ_YIL023C_REV,0.0,0.0
mmkcat,r_4195_ENZ_YMR243C_FWD,0.0,0.0
mmkcat,r_4195_ENZ_YMR243C_REV,0.0,0.0
mmkcat,r_4195_ENZ_YOR316C_FWD,0.0,0.0
mmkcat,r_4195_ENZ_YOR316C_REV,0.0,0.0
mmkcat,r_4196_ENZ_YIL043C_FWD,0.0,0.0335459114278384
mmkcat,r_4196_ENZ_YIL043C_REV,0.0,0.0
mmkcat,r_4196_ENZ_YML125C_FWD,0.0,0.0335459558837043
mmkcat,r_4196_ENZ_YML125C_REV,0.0,0.0
mmkcat,r_4197_ENZ_YIL043C_FWD,0.0,0.0
mmkcat,r_4197_ENZ_YIL043C_REV,0.0,0.0
mmkcat,r_4197_ENZ_YKL150W_FWD,0.0,0.0
mmkcat,r_4197_ENZ_YKL150W_REV,0.0,0.0
mmkcat,r_4197_ENZ_YML125C_FWD,0.0,0.0
mmkcat,r_4197_ENZ_YML125C_REV,0.0,0.0
mmkcat,r_4198_ENZ_YIR036C_FWD,0.0,0.0
mmkcat,r_4198_ENZ_YIR036C_REV,0.0,0.0
mmkcat,r_4199_ENZ_YIR038C_FWD,0.0,0.0
mmkcat,r_4199_ENZ_YIR038C_REV,0.0,0.0
mmkcat,r_4200_ENZ_YKR076W_FWD,0.0,0.0
mmkcat,r_4200_ENZ_YKR076W_REV,0.0,0.0
mmkcat,r_4200_ENZ_YMR251W_FWD,0.0,0.0
mmkcat,r_4200_ENZ_YMR251W_REV,0.0,0.0
mmkcat,r_4201_ENZ_YLL060C_FWD,0.0,0.0
mmkcat,r_4201_ENZ_YLL060C_REV,0.0,0.0
mmkcat,r_4202_ENZ_YKL069W_FWD,0.0,1.3410789652147648e-05
mmkcat,r_4202_ENZ_YKL069W_REV,0.0,0.0
mmkcat,r_4203_ENZ_YKL103C_FWD,0.0,0.0
mmkcat,r_4203_ENZ_YKL103C_REV,0.0,0.0002085804643504
mmkcat,r_4204_ENZ_YKL103C_FWD,0.0,0.0
mmkcat,r_4204_ENZ_YKL103C_REV,0.0,3.0009796534155583e-05
mmkcat,r_4205_ENZ_YKL215C,0.0,3.963989327608145e-05
mmkcat,r_4206_ENZ_YKL218C_FWD,0.0,0.0
mmkcat,r_4206_ENZ_YKL218C_REV,0.0,0.0
mmkcat,r_4207_ENZ_YGR154C_FWD,0.0,0.0
mmkcat,r_4207_ENZ_YGR154C_REV,0.0,0.0
mmkcat,r_4208_ENZ_YKR076W_FWD,0.0,0.0
mmkcat,r_4208_ENZ_YKR076W_REV,0.0,0.0
mmkcat,r_4209_ENZ_YGR154C_FWD,0.0,0.0
mmkcat,r_4209_ENZ_YGR154C_REV,0.0,0.0
mmkcat,r_4210_ENZ_YFL061W_FWD,0.0,0.0
mmkcat,r_4210_ENZ_YFL061W_REV,0.0,0.0
mmkcat,r_4210_ENZ_YNL335W_FWD,0.0,0.0
mmkcat,r_4210_ENZ_YNL335W_REV,0.0,0.0
mmkcat,r_4211_ENZ_YFL060C_FWD,0.0,0.0
mmkcat,r_4211_ENZ_YFL060C_REV,0.0,0.0
mmkcat,r_4211_ENZ_YNL334C_FWD,0.0,0.0
mmkcat,r_4211_ENZ_YNL334C_REV,0.0,0.0
mmkcat,r_4212_ENZ_YFL059W_FWD,0.0,0.0
mmkcat,r_4212_ENZ_YFL059W_REV,0.0,0.0
mmkcat,r_4212_ENZ_YNL333W_FWD,0.0,0.0
mmkcat,r_4212_ENZ_YNL333W_REV,0.0,0.0
mmkcat,r_4214_ENZ_YFR044C_FWD,0.0,7.520832689409372e-05
mmkcat,r_4214_ENZ_YFR044C_REV,0.0,0.0
mmkcat,r_4215_ENZ_YFR044C_FWD,0.0,0.0
mmkcat,r_4215_ENZ_YFR044C_REV,0.0,0.0
mmkcat,r_4216_ENZ_YDL024C_FWD,0.0,0.0004219026531388
mmkcat,r_4216_ENZ_YDL024C_REV,0.0,3.032095037409319e-06
mmkcat,r_4217_ENZ_YDL120W_FWD,0.0,0.0
mmkcat,r_4217_ENZ_YDL120W_REV,0.0,0.0
mmkcat,r_4218_ENZ_YDL219W_FWD,0.0,0.0
mmkcat,r_4218_ENZ_YDL219W_REV,0.0,0.0
mmkcat,r_4219_ENZ_YDL219W_FWD,0.0,0.0
mmkcat,r_4219_ENZ_YDL219W_REV,0.0,0.0
mmkcat,r_4220_ENZ_YDL236W_FWD,0.0,0.0
mmkcat,r_4220_ENZ_YDL236W_REV,0.0,0.0
mmkcat,r_4221_ENZ_YDL246C_FWD,0.0,0.0
mmkcat,r_4221_ENZ_YDL246C_REV,0.0,0.0
mmkcat,r_4222_ENZ_YDR009W,0.0,-0.0
mmkcat,r_4223_ENZ_YDR036C,0.0,-0.0
mmkcat,r_4224_ENZ_YDR038C,0.0,0.0002489971923874
mmkcat,r_4224_ENZ_YDR039C,0.0,0.0002260613793407
mmkcat,r_4224_ENZ_YDR040C,0.0,0.0002496840046836
mmkcat,r_4225_ENZ_YDR051C_FWD,0.0,0.0
mmkcat,r_4225_ENZ_YDR051C_REV,0.0,0.0
mmkcat,r_4225_ENZ_YOL075C_FWD,0.0,0.0
mmkcat,r_4225_ENZ_YOL075C_REV,0.0,0.0
mmkcat,r_4226_ENZ_YDR111C_FWD,0.0,0.0011874262143334
mmkcat,r_4226_ENZ_YDR111C_REV,0.1548074778594771,0.1597494247057626
mmkcat,r_4227_ENZ_YDR242W_FWD,0.0,0.0
mmkcat,r_4227_ENZ_YDR242W_REV,0.0,0.0
mmkcat,r_4228_ENZ_YDR242W,0.0,-0.0
mmkcat,r_4230_ENZ_YDR242W_FWD,0.0,0.0
mmkcat,r_4230_ENZ_YDR242W_REV,0.0,0.0
mmkcat,r_4231_ENZ_YDR242W_FWD,0.0,0.0
mmkcat,r_4231_ENZ_YDR242W_REV,0.0,0.0
mmkcat,r_4232_ENZ_YDR248C_FWD,0.0,0.0002787383194799
mmkcat,r_4232_ENZ_YDR248C_REV,0.0,0.0
mmkcat,r_4233_ENZ_YDR410C_FWD,0.0,0.0
mmkcat,r_4233_ENZ_YDR410C_REV,0.0,0.0
mmkcat,r_4234_ENZ_YDR437W_and_YGR216C_and_YNL038W_and_YPL076W_and_YPL175W_and_YPL096C-A_FWD,0.0,0.0
mmkcat,r_4234_ENZ_YDR437W_and_YGR216C_and_YNL038W_and_YPL076W_and_YPL175W_and_YPL096C-A_REV,0.0,0.0
mmkcat,r_4236_ENZ_YDR533C_FWD,0.0,0.0018117870657298
mmkcat,r_4236_ENZ_YDR533C_REV,0.0,0.0007281023552765
mmkcat,r_4236_ENZ_YMR322C_FWD,0.0,0.0018054317075227
mmkcat,r_4236_ENZ_YMR322C_REV,0.0,0.0005458314650948
mmkcat,r_4236_ENZ_YOR391C_FWD,0.0,0.0019799927134947
mmkcat,r_4236_ENZ_YOR391C_REV,0.0,0.0005635823129451
mmkcat,r_4236_ENZ_YPL280W_FWD,0.0,0.0019649675827931
mmkcat,r_4236_ENZ_YPL280W_REV,0.0,0.0005735105793671
mmkcat,r_4237_ENZ_YGL006W,0.0,0.0
mmkcat,r_4238_ENZ_YGL167C,0.0,-0.0
mmkcat,r_4239_ENZ_YGL017W_FWD,0.0,0.0
mmkcat,r_4239_ENZ_YGL017W_REV,0.0,0.0
mmkcat,r_4241_ENZ_YGL027C_FWD,0.0,0.0
mmkcat,r_4241_ENZ_YGL027C_REV,0.0,0.0
mmkcat,r_4242_ENZ_YGL038C_FWD,0.0,0.0
mmkcat,r_4242_ENZ_YGL038C_REV,0.0,0.0
mmkcat,r_4243_ENZ_YGL065C_FWD,0.0,0.0
mmkcat,r_4243_ENZ_YGL065C_REV,0.0,0.0
mmkcat,r_4244_ENZ_YGL065C_FWD,0.0,0.0
mmkcat,r_4244_ENZ_YGL065C_REV,0.0,0.0
mmkcat,r_4245_ENZ_YGL156W,0.0,-0.0
mmkcat,r_4246_ENZ_YGL156W,0.0,-0.0
mmkcat,r_4247_ENZ_YGL169W,0.0,0.0
mmkcat,r_4248_ENZ_YGL196W,0.0,0.0
mmkcat,r_4249_ENZ_YGR012W_FWD,0.0,4.198057851101389e-05
mmkcat,r_4249_ENZ_YGR012W_REV,0.0,0.0
mmkcat,r_4250_ENZ_YGR036C_FWD,0.0,0.0
mmkcat,r_4250_ENZ_YGR036C_REV,0.0,0.0
mmkcat,r_4251_ENZ_YGR046W_FWD,0.0,0.0
mmkcat,r_4251_ENZ_YGR046W_REV,0.0,0.0
mmkcat,r_4252_ENZ_YGR144W_FWD,0.0,0.0
mmkcat,r_4252_ENZ_YGR144W_REV,0.0,0.0
mmkcat,r_4253_ENZ_YGR227W_FWD,0.0,0.0
mmkcat,r_4253_ENZ_YGR227W_REV,0.0,0.0
mmkcat,r_4254_ENZ_YGR234W,0.0,0.0
mmkcat,r_4255_ENZ_YGR234W,0.0,0.0
mmkcat,r_4256_ENZ_YJL046W,0.0,0.0
mmkcat,r_4258_ENZ_YJL046W,0.0,-0.0
mmkcat,r_4260_ENZ_YJL126W_FWD,0.0,0.0
mmkcat,r_4260_ENZ_YJL126W_REV,0.0,0.0
mmkcat,r_4261_ENZ_YJL126W_FWD,0.0,0.0
mmkcat,r_4261_ENZ_YJL126W_REV,0.0,0.0
mmkcat,r_4262_ENZ_YJL200C_FWD,0.0,0.0008008717328991
mmkcat,r_4262_ENZ_YJL200C_REV,0.0,0.0001156052209557
mmkcat,r_4263_ENZ_YJR040W_FWD,0.0,0.0
mmkcat,r_4263_ENZ_YJR040W_REV,0.0,0.0
mmkcat,r_4264_ENZ_YJR051W,0.0,0.0009270445267901
mmkcat,r_4265_ENZ_YJR069C,0.0,-0.0
mmkcat,r_4266_ENZ_YJR069C,0.0,0.0001485661809218
mmkcat,r_4267_ENZ_YJR069C,0.0,0.0001819589223317
mmkcat,r_4268_ENZ_YJR069C,0.0,0.0001819589208249
mmkcat,r_4269_ENZ_YJR069C_FWD,0.0,0.0
mmkcat,r_4269_ENZ_YJR069C_REV,0.0,0.0
mmkcat,r_4270_ENZ_YJR104C,0.0,-0.0
mmkcat,r_4271_ENZ_YJR131W_FWD,0.0,0.0
mmkcat,r_4271_ENZ_YJR131W_REV,0.0,0.0
mmkcat,r_4271_ENZ_YLR057W_FWD,0.0,0.0
mmkcat,r_4271_ENZ_YLR057W_REV,0.0,0.0
mmkcat,r_4272_ENZ_YJR131W_FWD,0.0,0.0
mmkcat,r_4272_ENZ_YJR131W_REV,0.0,0.0
mmkcat,r_4272_ENZ_YLR057W_FWD,0.0,0.0
mmkcat,r_4272_ENZ_YLR057W_REV,0.0,0.0
mmkcat,r_4273_ENZ_YJR149W_FWD,0.0,0.0
mmkcat,r_4273_ENZ_YJR149W_REV,0.0,0.0
mmkcat,r_4274_ENZ_YLL058W,0.0,8.449388235322319e-05
mmkcat,r_4274_ENZ_YML082W,0.0,8.506842019757876e-05
mmkcat,r_4275_ENZ_YKL220C_FWD,0.0,0.0
mmkcat,r_4275_ENZ_YKL220C_REV,0.0,0.0
mmkcat,r_4275_ENZ_YLR047C_FWD,0.0,0.0
mmkcat,r_4275_ENZ_YLR047C_REV,0.0,0.0
mmkcat,r_4275_ENZ_YLR214W_FWD,0.0,0.0
mmkcat,r_4275_ENZ_YLR214W_REV,0.0,0.0
mmkcat,r_4275_ENZ_YNR060W_FWD,0.0,0.0
mmkcat,r_4275_ENZ_YNR060W_REV,0.0,0.0
mmkcat,r_4275_ENZ_YOL152W_FWD,0.0,0.0
mmkcat,r_4275_ENZ_YOL152W_REV,0.0,0.0
mmkcat,r_4275_ENZ_YOR381W_FWD,0.0,0.0
mmkcat,r_4275_ENZ_YOR381W_REV,0.0,0.0
mmkcat,r_4275_ENZ_YOR384W_FWD,0.0,0.0
mmkcat,r_4275_ENZ_YOR384W_REV,0.0,0.0
mmkcat,r_4276_ENZ_YLL051C_FWD,0.0,0.0
mmkcat,r_4276_ENZ_YLL051C_REV,0.0,0.0
mmkcat,r_4277_ENZ_YLR099C_FWD,0.0,0.0
mmkcat,r_4277_ENZ_YLR099C_REV,0.0,0.0
mmkcat,r_4277_ENZ_YPR139C_FWD,0.0,0.0
mmkcat,r_4277_ENZ_YPR139C_REV,0.0,0.0
mmkcat,r_4278_ENZ_YLR143W,0.0,-0.0
mmkcat,r_4279_ENZ_YLR151C,0.0,-0.0
mmkcat,r_4280_ENZ_YLR239C_FWD,0.0,7.946551455674294e-05
mmkcat,r_4280_ENZ_YLR239C_REV,0.0,0.0001209565701479
mmkcat,r_4281_ENZ_YLR239C_FWD,0.0,4.818186075602635e-05
mmkcat,r_4281_ENZ_YLR239C_REV,0.0,7.946551430913465e-05
mmkcat,r_4282_ENZ_YLR345W,0.0,0.0
mmkcat,r_4283_ENZ_YLR446W,0.0,0.0
mmkcat,r_4284_ENZ_YLR446W,0.0,-0.0
mmkcat,r_4285_ENZ_YLR446W,0.0,0.0
mmkcat,r_4286_ENZ_YLR446W,0.0,0.0
mmkcat,r_4287_ENZ_YLR446W,0.0,-0.0
mmkcat,r_4288_ENZ_YMR099C_FWD,0.0,0.0
mmkcat,r_4288_ENZ_YMR099C_REV,0.0,0.0
mmkcat,r_4291_ENZ_YMR110C_FWD,0.0,0.0
mmkcat,r_4291_ENZ_YMR110C_REV,0.0,0.0
mmkcat,r_4292_ENZ_YMR110C_FWD,0.0,0.0
mmkcat,r_4292_ENZ_YMR110C_REV,0.0,0.0002988585436661
mmkcat,r_4293_ENZ_YMR110C,0.0,0.0002988493568361
mmkcat,r_4294_ENZ_YMR110C,0.0,0.0
mmkcat,r_4295_ENZ_YMR110C_FWD,0.0,0.0
mmkcat,r_4295_ENZ_YMR110C_REV,0.0,0.0
mmkcat,r_4296_ENZ_YMR110C,0.0,-0.0
mmkcat,r_4297_ENZ_YMR110C_FWD,0.0,0.0
mmkcat,r_4297_ENZ_YMR110C_REV,0.0,0.0
mmkcat,r_4298_ENZ_YMR110C_FWD,0.0,0.0
mmkcat,r_4298_ENZ_YMR110C_REV,0.0,0.0
mmkcat,r_4299_ENZ_YMR110C_FWD,0.0,0.0
mmkcat,r_4299_ENZ_YMR110C_REV,0.0,0.0
mmkcat,r_4300_ENZ_YMR110C_FWD,0.0,0.0
mmkcat,r_4300_ENZ_YMR110C_REV,0.0,0.0
mmkcat,r_4301_ENZ_YMR110C_FWD,0.0,0.0
mmkcat,r_4301_ENZ_YMR110C_REV,0.0,0.0
mmkcat,r_4302_ENZ_YMR110C_FWD,0.0,0.0
mmkcat,r_4302_ENZ_YMR110C_REV,0.0,0.0
mmkcat,r_4303_ENZ_YMR110C_FWD,0.0,0.0
mmkcat,r_4303_ENZ_YMR110C_REV,0.0,0.0
mmkcat,r_4304_ENZ_YMR110C_FWD,0.0,0.0
mmkcat,r_4304_ENZ_YMR110C_REV,0.0,0.0
mmkcat,r_4305_ENZ_YMR110C_FWD,0.0,0.0
mmkcat,r_4305_ENZ_YMR110C_REV,0.0,0.0
mmkcat,r_4306_ENZ_YMR110C_FWD,0.0,0.0
mmkcat,r_4306_ENZ_YMR110C_REV,0.0,0.0
mmkcat,r_4307_ENZ_YMR110C_FWD,0.0,0.0
mmkcat,r_4307_ENZ_YMR110C_REV,0.0,0.0
mmkcat,r_4308_ENZ_YMR162C,0.0,-0.0
mmkcat,r_4309_ENZ_YMR210W,0.0,-0.0
mmkcat,r_4310_ENZ_YNL048W_FWD,0.0,0.0
mmkcat,r_4310_ENZ_YNL048W_REV,0.0,0.0
mmkcat,r_4311_ENZ_YNL048W_FWD,0.0,0.0
mmkcat,r_4311_ENZ_YNL048W_REV,0.0,0.0
mmkcat,r_4312_ENZ_YNL092W_FWD,0.0,0.0
mmkcat,r_4312_ENZ_YNL092W_REV,0.0,0.0
mmkcat,r_4313_ENZ_YNL219C_FWD,0.0,0.0
mmkcat,r_4313_ENZ_YNL219C_REV,0.0,0.0
mmkcat,r_4314_ENZ_YNL219C_FWD,0.0,0.0
mmkcat,r_4314_ENZ_YNL219C_REV,0.0,0.0
mmkcat,r_4315_ENZ_YNL274C_FWD,0.0,0.0
mmkcat,r_4315_ENZ_YNL274C_REV,0.0,0.0
mmkcat,r_4316_ENZ_YNR030W_FWD,0.0,0.0
mmkcat,r_4316_ENZ_YNR030W_REV,0.0,0.0
mmkcat,r_4317_ENZ_YOL157C_FWD,0.0,0.0
mmkcat,r_4317_ENZ_YOL157C_REV,0.0,0.0
mmkcat,r_4318_ENZ_YOL157C_FWD,0.0,0.0
mmkcat,r_4318_ENZ_YOL157C_REV,0.0,0.0
mmkcat,r_4319_ENZ_YOL157C_FWD,0.0,0.0
mmkcat,r_4319_ENZ_YOL157C_REV,0.0,0.0
mmkcat,r_4320_ENZ_YOR002W_FWD,0.0,0.0
mmkcat,r_4320_ENZ_YOR002W_REV,0.0,0.0
mmkcat,r_4321_ENZ_YOR067C_FWD,0.0,0.0
mmkcat,r_4321_ENZ_YOR067C_REV,0.0,0.0
mmkcat,r_4322_ENZ_YOR149C_FWD,0.0,0.0
mmkcat,r_4322_ENZ_YOR149C_REV,0.0,0.0
mmkcat,r_4323_ENZ_YOR196C_FWD,0.0,7.946551460666318e-05
mmkcat,r_4323_ENZ_YOR196C_REV,0.0,4.8181860767102586e-05
mmkcat,r_4324_ENZ_YOR196C_FWD,0.0,4.8181860122016645e-05
mmkcat,r_4324_ENZ_YOR196C_REV,0.0,7.946551467220438e-05
mmkcat,r_4325_ENZ_YOR226C,0.0,0.0
mmkcat,r_4325_ENZ_YPL135W,0.0,0.0
mmkcat,r_4326_ENZ_YOR251C_FWD,0.0,0.0
mmkcat,r_4326_ENZ_YOR251C_REV,0.0,0.0
mmkcat,r_4326_ENZ_YOR285W_FWD,0.0,0.0
mmkcat,r_4326_ENZ_YOR285W_REV,0.0,0.0
mmkcat,r_4326_ENZ_YOR286W_FWD,0.0,0.0
mmkcat,r_4326_ENZ_YOR286W_REV,0.0,0.0
mmkcat,r_4327_ENZ_YOR334W_FWD,0.0,0.0
mmkcat,r_4327_ENZ_YOR334W_REV,0.0,0.0
mmkcat,r_4327_ENZ_YPL060W_FWD,0.0,0.0
mmkcat,r_4327_ENZ_YPL060W_REV,0.0,0.0
mmkcat,r_4328_ENZ_YPL227C_FWD,0.0,0.0
mmkcat,r_4328_ENZ_YPL227C_REV,0.0,0.0
mmkcat,r_4329_ENZ_YPR003C_FWD,0.0,0.0
mmkcat,r_4329_ENZ_YPR003C_REV,0.0,0.0
mmkcat,r_4330_ENZ_YPR127W_FWD,0.0,0.0
mmkcat,r_4330_ENZ_YPR127W_REV,0.0,2.61579439899684e-05
mmkcat,r_4331_ENZ_YDR371W_FWD,0.0,0.0
mmkcat,r_4331_ENZ_YDR371W_REV,0.0,0.0
mmkcat,r_4331_ENZ_YLR286C_FWD,0.0,0.0
mmkcat,r_4331_ENZ_YLR286C_REV,0.0,0.0
mmkcat,r_4332_ENZ_YOR161C_FWD,0.0,1.3736391252905378e-05
mmkcat,r_4332_ENZ_YOR161C_REV,0.0,0.0
mmkcat,r_4333_ENZ_YDR452W_FWD,0.0,0.0
mmkcat,r_4333_ENZ_YDR452W_REV,8.97461637323233,8.979809404972793
mmkcat,r_4333_ENZ_YHR201C_FWD,0.0,0.0061960602474184
mmkcat,r_4333_ENZ_YHR201C_REV,0.0,0.0
mmkcat,r_4334_ENZ_YDR270W,0.0,0.0
mmkcat,r_4335_ENZ_YDR452W,0.0,0.0003232065115952
mmkcat,r_4336_ENZ_YLR351C_FWD,0.0,0.0
mmkcat,r_4336_ENZ_YLR351C_REV,0.0,0.0
mmkcat,r_4337_ENZ_YMR301C_FWD,0.0,0.0
mmkcat,r_4337_ENZ_YMR301C_REV,0.0,0.0
mmkcat,r_4338_ENZ_YOL157C_FWD,0.0,0.0
mmkcat,r_4338_ENZ_YOL157C_REV,0.0,0.0
mmkcat,r_4339_ENZ_YEL004W_FWD,0.0,0.0
mmkcat,r_4339_ENZ_YEL004W_REV,0.0,0.0
mmkcat,r_4340_ENZ_YEL066W_FWD,0.0,0.0
mmkcat,r_4340_ENZ_YEL066W_REV,0.0,0.0
mmkcat,r_4341_FWD,0.0,0.0
mmkcat,r_4341_REV,0.0,0.0
mmkcat,r_4342,0.0,0.0
mmkcat,r_4343_FWD,0.0,0.0
mmkcat,r_4343_REV,0.0,0.0
mmkcat,r_4344,0.0,0.0
mmkcat,r_4345,0.0,0.0
mmkcat,r_4346_FWD,0.0,0.0
mmkcat,r_4346_REV,0.0,0.0
mmkcat,r_4347,0.0,0.0
mmkcat,r_4348_FWD,0.0,0.0
mmkcat,r_4348_REV,0.0,0.0
mmkcat,r_4349_FWD,0.0,0.0
mmkcat,r_4349_REV,0.0,0.0
mmkcat,r_4350,0.0,0.0
mmkcat,r_4351,0.0,0.0
mmkcat,r_4352_FWD,0.0,0.0
mmkcat,r_4352_REV,0.0,0.0
mmkcat,r_4353,0.0,0.0
mmkcat,r_4354,0.0,0.0
mmkcat,r_4355_FWD,0.0,5.7896979736821175e-05
mmkcat,r_4355_REV,0.0,0.0
mmkcat,r_4356_FWD,0.0,0.0
mmkcat,r_4356_REV,0.0,5.789899017907135e-05
mmkcat,r_4357,0.0,0.0
mmkcat,r_4358_FWD,0.0,0.0
mmkcat,r_4358_REV,0.0,0.0
mmkcat,r_4359,0.0,0.0
mmkcat,r_4360_FWD,0.0,0.0
mmkcat,r_4360_REV,0.0,0.0
mmkcat,r_4361_ENZ_YJR152W_FWD,0.0,0.0
mmkcat,r_4361_ENZ_YJR152W_REV,0.0,0.0
mmkcat,r_4361_ENZ_YKR093W_FWD,0.0,0.0
mmkcat,r_4361_ENZ_YKR093W_REV,0.0,0.0
mmkcat,r_4362,0.0,0.0
mmkcat,r_4363,0.0,-0.0
mmkcat,r_4364_FWD,0.0,0.0
mmkcat,r_4364_REV,0.0,0.0
mmkcat,r_4365_FWD,0.0,0.0
mmkcat,r_4365_REV,0.0,0.0
mmkcat,r_4366_FWD,0.0,0.0
mmkcat,r_4366_REV,0.0,8.169936089090502e-06
mmkcat,r_4367_FWD,0.0,0.0
mmkcat,r_4367_REV,0.0,8.169936114625631e-06
mmkcat,r_4368,0.0,0.0
mmkcat,r_4369_FWD,0.0,0.0
mmkcat,r_4369_REV,0.0,0.0
mmkcat,r_4370,0.0,0.0
mmkcat,r_4371_FWD,0.0,0.0
mmkcat,r_4371_REV,0.0,0.0
mmkcat,r_4372_ENZ_YGR247W,0.0,0.0
mmkcat,r_4373_FWD,0.0,0.0
mmkcat,r_4373_REV,0.0,0.0
mmkcat,r_4374,0.0,0.0
mmkcat,r_4375_FWD,0.0,0.0
mmkcat,r_4375_REV,0.0,0.0
mmkcat,r_4376,0.0,0.0
mmkcat,r_4377_FWD,0.0,0.0
mmkcat,r_4377_REV,0.0,0.0
mmkcat,r_4378,0.0,0.0
mmkcat,r_4379_FWD,0.0,0.0
mmkcat,r_4379_REV,0.0,0.0
mmkcat,r_4380_FWD,0.0,0.0
mmkcat,r_4380_REV,0.0,1.732781155674816e-05
mmkcat,r_4381_FWD,0.0,0.0
mmkcat,r_4381_REV,0.0,1.7015124579036756e-05
mmkcat,r_4382_FWD,0.0,0.0
mmkcat,r_4382_REV,0.0,0.0
mmkcat,r_4383_FWD,0.0,0.0
mmkcat,r_4383_REV,0.0,0.0
mmkcat,r_4384,0.0,0.0
mmkcat,r_4385_FWD,0.0,0.0
mmkcat,r_4385_REV,0.0,0.0
mmkcat,r_4386,0.0,0.0
mmkcat,r_4387_ENZ_YJR152W_FWD,0.0,0.0
mmkcat,r_4387_ENZ_YJR152W_REV,0.0,0.0
mmkcat,r_4387_ENZ_YKR093W_FWD,0.0,0.0
mmkcat,r_4387_ENZ_YKR093W_REV,0.0,0.0
mmkcat,r_4388_ENZ_YGR247W,0.0,0.0
mmkcat,r_4389_FWD,0.0,0.0
mmkcat,r_4389_REV,0.0,0.0
mmkcat,r_4390_FWD,0.0,0.0
mmkcat,r_4390_REV,0.0,0.0
mmkcat,r_4391,0.0,-0.0
mmkcat,r_4392_FWD,0.0,0.0
mmkcat,r_4392_REV,0.0,0.0
mmkcat,r_4393,0.0,0.0
mmkcat,r_4394_FWD,0.0,0.0
mmkcat,r_4394_REV,0.0,0.0
mmkcat,r_4395_ENZ_YDL245C_FWD,0.0,1.4983190794737311e-06
mmkcat,r_4395_ENZ_YDL245C_REV,0.0,8.337337931152433e-08
mmkcat,r_4395_ENZ_YDR342C_FWD,0.0,1.4940496839699335e-08
mmkcat,r_4395_ENZ_YDR342C_REV,0.0,0.0
mmkcat,r_4395_ENZ_YDR343C_FWD,0.0,1.4940496839699335e-08
mmkcat,r_4395_ENZ_YDR343C_REV,0.0,4.0449776861350973e-10
mmkcat,r_4395_ENZ_YDR345C_FWD,0.0,1.2460077414289114e-10
mmkcat,r_4395_ENZ_YDR345C_REV,0.0,8.671804607729428e-09
mmkcat,r_4395_ENZ_YEL069C_FWD,0.0,9.83138761512237e-08
mmkcat,r_4395_ENZ_YEL069C_REV,0.0,0.0
mmkcat,r_4395_ENZ_YFL011W_FWD,0.0,1.2460077414289114e-10
mmkcat,r_4395_ENZ_YFL011W_REV,0.0,0.0
mmkcat,r_4395_ENZ_YHR092C_FWD,0.0,6.269374352996237e-09
mmkcat,r_4395_ENZ_YHR092C_REV,0.0,2.800011316139717e-07
mmkcat,r_4395_ENZ_YHR094C_FWD,0.0,1.4940496839699335e-08
mmkcat,r_4395_ENZ_YHR094C_REV,0.0,9.356426744489e-10
mmkcat,r_4395_ENZ_YHR096C_FWD,0.0,1.4651959645561872e-09
mmkcat,r_4395_ENZ_YHR096C_REV,0.0,2.800011316139717e-07
mmkcat,r_4395_ENZ_YJL214W_FWD,0.0,5.302354111336172e-10
mmkcat,r_4395_ENZ_YJL214W_REV,0.0,2.800011316139717e-07
mmkcat,r_4395_ENZ_YJL219W_FWD,0.0,1.4940496839699335e-08
mmkcat,r_4395_ENZ_YJL219W_REV,0.0,2.4008386390050873e-09
mmkcat,r_4395_ENZ_YJR158W_FWD,0.0,1.4983190794737311e-06
mmkcat,r_4395_ENZ_YJR158W_REV,0.0,2.800011316139717e-07
mmkcat,r_4395_ENZ_YMR011W_FWD,0.0,1.4940496839699335e-08
mmkcat,r_4395_ENZ_YMR011W_REV,0.0,2.800011316139717e-07
mmkcat,r_4395_ENZ_YNR072W_FWD,0.0,9.83138761512237e-08
mmkcat,r_4395_ENZ_YNR072W_REV,0.0,2.800011316139717e-07
mmkcat,r_4395_ENZ_YOL156W_FWD,0.0,1.2460077414289114e-10
mmkcat,r_4395_ENZ_YOL156W_REV,0.0,2.4008386390050873e-09
mmkcat,r_4396,0.0,0.0008626491176225
mmkcat,r_4397_FWD,0.0,0.0
mmkcat,r_4397_REV,0.0,1.7518845580155595e-05
mmkcat,r_4398_ENZ_YJR152W_FWD,0.0,0.0
mmkcat,r_4398_ENZ_YJR152W_REV,0.0,0.0
mmkcat,r_4398_ENZ_YKR093W_FWD,0.0,0.0
mmkcat,r_4398_ENZ_YKR093W_REV,0.0,0.0
mmkcat,r_4399_FWD,0.0,0.0
mmkcat,r_4399_REV,0.0,0.0
mmkcat,r_4400_ENZ_YBR299W,0.0,0.0
mmkcat,r_4400_ENZ_YGR292W,0.0,0.0
mmkcat,r_4401_FWD,0.0,0.0
mmkcat,r_4401_REV,0.0,0.0
mmkcat,r_4402_ENZ_YJR152W_FWD,0.0,0.0
mmkcat,r_4402_ENZ_YJR152W_REV,0.0,0.0
mmkcat,r_4402_ENZ_YKR093W_FWD,0.0,0.0
mmkcat,r_4402_ENZ_YKR093W_REV,0.0,0.0
mmkcat,r_4403_ENZ_YDR452W,0.0,0.0
mmkcat,r_4403_ENZ_YHR201C,0.0,0.0
mmkcat,r_4404_ENZ_YJR152W_FWD,0.0,0.0
mmkcat,r_4404_ENZ_YJR152W_REV,0.0,0.0
mmkcat,r_4404_ENZ_YKR093W_FWD,0.0,0.0
mmkcat,r_4404_ENZ_YKR093W_REV,0.0,0.0
mmkcat,r_4405_FWD,0.0,0.0
mmkcat,r_4405_REV,0.0,0.0
mmkcat,r_4406_FWD,0.0,0.0
mmkcat,r_4406_REV,0.0,0.0
mmkcat,r_4407_FWD,0.0,0.0
mmkcat,r_4407_REV,0.0,0.0
mmkcat,r_4408_ENZ_YJR152W_FWD,0.0,0.0
mmkcat,r_4408_ENZ_YJR152W_REV,0.0,0.0
mmkcat,r_4408_ENZ_YKR093W_FWD,0.0,0.0
mmkcat,r_4408_ENZ_YKR093W_REV,0.0,0.0
mmkcat,r_4409,0.0,0.0
mmkcat,r_4410_FWD,0.0,0.0
mmkcat,r_4410_REV,0.0,5.624472479200116e-05
mmkcat,r_4411,0.0,0.0
mmkcat,r_4412_ENZ_YGR247W,0.0,0.0
mmkcat,r_4413,0.0,0.0
mmkcat,r_4414,0.0,0.0
mmkcat,r_4415,0.0,0.0
mmkcat,r_4416,0.0,0.0
mmkcat,r_4417,0.0,0.0
mmkcat,r_4418,0.0,0.0
mmkcat,r_4419_FWD,0.0,0.0
mmkcat,r_4419_REV,0.0,0.0
mmkcat,r_4420_ENZ_YBR299W_FWD,0.0,0.0
mmkcat,r_4420_ENZ_YBR299W_REV,0.0,0.0
mmkcat,r_4420_ENZ_YGR292W_FWD,0.0,0.0
mmkcat,r_4420_ENZ_YGR292W_REV,0.0,0.0
mmkcat,r_4421_FWD,0.0,0.0
mmkcat,r_4421_REV,0.0,0.0
mmkcat,r_4422_FWD,0.0,0.0
mmkcat,r_4422_REV,0.0,5.6944165878036745e-05
mmkcat,r_4423_FWD,0.0,0.0
mmkcat,r_4423_REV,0.0,0.0
mmkcat,r_4424_ENZ_YJR152W_FWD,0.0,0.0
mmkcat,r_4424_ENZ_YJR152W_REV,0.0,0.0
mmkcat,r_4424_ENZ_YKR093W_FWD,0.0,0.0
mmkcat,r_4424_ENZ_YKR093W_REV,0.0,0.0
mmkcat,r_4425_FWD,0.0,0.0
mmkcat,r_4425_REV,0.0,0.0
mmkcat,r_4426_FWD,0.0,0.0
mmkcat,r_4426_REV,0.0,0.0
mmkcat,r_4427_FWD,0.0,0.0
mmkcat,r_4427_REV,0.0,1.7842814320295775e-05
mmkcat,r_4428_FWD,0.0,0.0
mmkcat,r_4428_REV,0.0,0.0
mmkcat,r_4429_ENZ_YJR152W_FWD,0.0,0.0
mmkcat,r_4429_ENZ_YJR152W_REV,0.0,0.0
mmkcat,r_4429_ENZ_YKR093W_FWD,0.0,0.0
mmkcat,r_4429_ENZ_YKR093W_REV,0.0,0.0
mmkcat,r_4430_FWD,0.0,0.0
mmkcat,r_4430_REV,0.0,0.0
mmkcat,r_4431_FWD,0.0,0.0
mmkcat,r_4431_REV,0.0,0.0
mmkcat,r_4432,0.0,0.0
mmkcat,r_4433_FWD,0.0,0.0
mmkcat,r_4433_REV,0.0,0.0
mmkcat,r_4434_FWD,0.0,0.0
mmkcat,r_4434_REV,0.0,0.0
mmkcat,r_4435_ENZ_YER062C,0.0,0.0
mmkcat,r_4435_ENZ_YIL053W,0.0,0.0
mmkcat,r_4436,0.0,0.0
mmkcat,r_4437_ENZ_YJR152W_FWD,0.0,0.0
mmkcat,r_4437_ENZ_YJR152W_REV,0.0,0.0
mmkcat,r_4437_ENZ_YKR093W_FWD,0.0,0.0
mmkcat,r_4437_ENZ_YKR093W_REV,0.0,0.0
mmkcat,r_4438_FWD,0.0,0.0
mmkcat,r_4438_REV,0.0,0.0
mmkcat,r_4439,0.0,0.0
mmkcat,r_4440_FWD,0.0,1.771012083943979e-05
mmkcat,r_4440_REV,0.0,0.0
mmkcat,r_4441_FWD,0.0,0.0
mmkcat,r_4441_REV,0.0,0.0
mmkcat,r_4442,0.0,0.0
mmkcat,r_4443_FWD,0.0,0.0
mmkcat,r_4443_REV,0.0,0.0
mmkcat,r_4444_FWD,0.0,0.0
mmkcat,r_4444_REV,0.0,5.474416005002425e-05
mmkcat,r_4445_FWD,0.0,0.0
mmkcat,r_4445_REV,0.0,3.98835583679813e-05
mmkcat,r_4446_FWD,0.0,0.0
mmkcat,r_4446_REV,0.0,5.4701040439086857e-05
mmkcat,r_4447_FWD,0.0,0.0
mmkcat,r_4447_REV,0.0,3.4398742988606124e-05
mmkcat,r_4448_ENZ_YJR152W_FWD,0.0,0.0
mmkcat,r_4448_ENZ_YJR152W_REV,0.0,1.3964539516797547e-05
mmkcat,r_4448_ENZ_YKR093W_FWD,0.0,0.0
mmkcat,r_4448_ENZ_YKR093W_REV,0.0,1.1104078564160014e-05
mmkcat,r_4449_FWD,0.0,0.0
mmkcat,r_4449_REV,0.0,1.1104078564160014e-05
mmkcat,r_4450_FWD,0.0,0.0
mmkcat,r_4450_REV,0.0,3.683717431937628e-05
mmkcat,r_4451_FWD,0.0,0.0
mmkcat,r_4451_REV,0.0,7.08410280675538e-06
mmkcat,r_4452_FWD,0.0,0.0
mmkcat,r_4452_REV,0.0,0.0
mmkcat,r_4453_FWD,0.0,0.0
mmkcat,r_4453_REV,0.0,5.470104060428804e-05
mmkcat,r_4454_FWD,0.0,0.0
mmkcat,r_4454_REV,0.0,1.542471193304029e-05
mmkcat,r_4455_FWD,0.0,0.0
mmkcat,r_4455_REV,0.0,5.945492799305785e-05
mmkcat,r_4456_FWD,0.0,0.0
mmkcat,r_4456_REV,0.0,5.470104072105575e-05
mmkcat,r_4457_ENZ_YDR093W_FWD,0.0,0.0
mmkcat,r_4457_ENZ_YDR093W_REV,0.0,0.0
mmkcat,r_4458_FWD,0.0,0.0
mmkcat,r_4458_REV,0.0,5.484504578845417e-05
mmkcat,r_4459_FWD,0.0,0.0
mmkcat,r_4459_REV,0.0,6.529127475859986e-05
mmkcat,r_4460_FWD,0.0,0.0
mmkcat,r_4460_REV,0.0,4.606272415021628e-05
mmkcat,r_4461_FWD,0.0,9.99995663325036e-05
mmkcat,r_4461_REV,0.0,0.0001055663950516
mmkcat,r_4462_FWD,0.0,0.0
mmkcat,r_4462_REV,0.0,0.0
mmkcat,r_4463_FWD,0.0,0.0
mmkcat,r_4463_REV,0.0,1.719732879141428e-05
mmkcat,r_4464_FWD,0.0,0.0
mmkcat,r_4464_REV,0.0,0.0
mmkcat,r_4465_FWD,0.0,0.0
mmkcat,r_4465_REV,0.0,0.0
mmkcat,r_4466_FWD,0.0,0.0
mmkcat,r_4466_REV,0.0,6.517879471709589e-05
mmkcat,r_4467_FWD,0.0,0.0
mmkcat,r_4467_REV,0.0,0.0
mmkcat,r_4468_ENZ_YDR342C_FWD,0.0,0.0
mmkcat,r_4468_ENZ_YDR342C_REV,0.0,0.0
mmkcat,r_4468_ENZ_YHR092C_FWD,0.0,0.0
mmkcat,r_4468_ENZ_YHR092C_REV,0.0,0.0
mmkcat,r_4469_ENZ_YKR039W_FWD,0.0,0.0
mmkcat,r_4469_ENZ_YKR039W_REV,0.0,1.0543477405811076e-05
mmkcat,r_4470_FWD,0.0,0.0
mmkcat,r_4470_REV,0.0,0.0001420456319281
mmkcat,r_4471_ENZ_YJR152W_FWD,0.0,0.0
mmkcat,r_4471_ENZ_YJR152W_REV,0.0,2.6815409926814197e-05
mmkcat,r_4471_ENZ_YKR093W_FWD,0.0,0.0
mmkcat,r_4471_ENZ_YKR093W_REV,0.0,3.05623805828964e-05
mmkcat,r_4472_FWD,0.0,0.0
mmkcat,r_4472_REV,0.0,3.0009796534155583e-05
mmkcat,r_4473_ENZ_YJR152W_FWD,0.0,0.0
mmkcat,r_4473_ENZ_YJR152W_REV,0.0,7.368769542184794e-05
mmkcat,r_4473_ENZ_YKR093W_FWD,0.0,0.0
mmkcat,r_4473_ENZ_YKR093W_REV,0.0,0.0002085804639257
mmkcat,r_4474_FWD,0.0,0.0
mmkcat,r_4474_REV,0.0,0.000208580464197
mmkcat,r_4475_FWD,0.0,0.0
mmkcat,r_4475_REV,0.0,2.936259274677333e-05
mmkcat,r_4476_FWD,0.0,0.0
mmkcat,r_4476_REV,0.0,2.9362592546045008e-05
mmkcat,r_4477_FWD,0.0,0.0
mmkcat,r_4477_REV,0.0,0.0
mmkcat,r_4478_FWD,0.0,0.0
mmkcat,r_4478_REV,0.0,1.879818838118608e-05
mmkcat,r_4479_FWD,0.0,0.0
mmkcat,r_4479_REV,0.0,0.0
mmkcat,r_4480_FWD,0.0,0.0
mmkcat,r_4480_REV,0.0,0.0
mmkcat,r_4481,0.0,5.423100172803619e-05
mmkcat,r_4482_FWD,0.0,0.0001893213193329
mmkcat,r_4482_REV,0.0,0.0
mmkcat,r_4483_FWD,0.0,0.000208580464079
mmkcat,r_4483_REV,0.0,0.0
mmkcat,r_4484_ENZ_YJR130C_FWD,0.0,0.0
mmkcat,r_4484_ENZ_YJR130C_REV,0.0,8.129781544553849e-05
mmkcat,r_4484_ENZ_YLL058W_FWD,0.0,0.0
mmkcat,r_4484_ENZ_YLL058W_REV,0.0,8.082451223058451e-05
mmkcat,r_4484_ENZ_YML082W_FWD,0.0,0.0
mmkcat,r_4484_ENZ_YML082W_REV,0.0,8.100310443233394e-05
mmkcat,r_4485,0.0,0.0008746337327643
mmkcat,r_4486,0.0,0.0008746337327643
mmkcat,r_4487,0.0,0.0008746337327643
mmkcat,r_4488,0.0,0.0008746337327643
mmkcat,r_4489,0.0,0.0
mmkcat,r_4490_FWD,0.0,0.0
mmkcat,r_4490_REV,0.0,0.0
mmkcat,r_4491,0.0,0.0
mmkcat,r_4492,0.0,0.0
mmkcat,r_4493_ENZ_YNL065W_FWD,0.0,0.0
mmkcat,r_4493_ENZ_YNL065W_REV,0.0,6.138514265971451e-05
mmkcat,r_4494,0.0,-0.0
mmkcat,r_4495,0.0,0.0
mmkcat,r_4496,0.0,0.0002085804623141
mmkcat,r_4497,0.0,5.69441655817321e-05
mmkcat,r_4498,0.0,0.0
mmkcat,r_4499,0.0,0.0
mmkcat,r_4500,0.0,-0.0
mmkcat,r_4501,0.0,0.0
mmkcat,r_4502,0.0,5.470104066000866e-05
mmkcat,r_4503,0.0,0.0
mmkcat,r_4504,0.0,5.470104044796864e-05
mmkcat,r_4505,0.0,0.0
mmkcat,r_4506,0.0,0.0
mmkcat,r_4507,0.0,0.0001387226531434
mmkcat,r_4508,0.0,0.0
mmkcat,r_4509,0.0,2.8937463874569413e-05
mmkcat,r_4510,0.0,0.0
mmkcat,r_4511,0.0,-0.0
mmkcat,r_4512,0.0,0.0
mmkcat,r_4513,0.0,0.0
mmkcat,r_4514,0.0,0.0
mmkcat,r_4515,0.0,0.0
mmkcat,r_4516,0.0,0.0
mmkcat,r_4517,0.0,0.0
mmkcat,r_4518,0.0,1.6925130811688838e-05
mmkcat,r_4519,0.0,2.439048048463732e-05
mmkcat,r_4520,0.0,7.439541590296972e-05
mmkcat,r_4521,0.0,3.598415744891701e-05
mmkcat,r_4522,0.0,0.0
mmkcat,r_4523,0.0,3.96034410878876e-05
mmkcat,r_4524,0.0,7.084131604107036e-06
mmkcat,r_4525,0.0,4.914034143807533e-05
mmkcat,r_4526,0.0,-0.0
mmkcat,r_4527,0.0,4.606272463682226e-05
mmkcat,r_4528,0.0,0.0
mmkcat,r_4529,0.0,3.9567034542109525e-05
mmkcat,r_4530,0.0,5.960851886054053e-06
mmkcat,r_4531,0.0,2.1233830078570826e-05
mmkcat,r_4532,0.0,0.0
mmkcat,r_4533,0.0,0.0
mmkcat,r_4534,0.0,0.0
mmkcat,r_4535,0.0,0.0
mmkcat,r_4536,0.0,0.0
mmkcat,r_4537,0.0,0.0
mmkcat,r_4538,0.0,3.649917541892478e-05
mmkcat,r_4539,0.0,5.4701041161592245e-05
mmkcat,r_4540,0.0,0.0
mmkcat,r_4541,0.0,0.0
mmkcat,r_4542,0.0,0.0
mmkcat,r_4543,0.0,3.98835583687307e-05
mmkcat,r_4544,0.0,0.0
mmkcat,r_4545,0.0,0.0
mmkcat,r_4546,0.0,0.0
mmkcat,r_4547,0.0,0.0003246169549074
mmkcat,r_4548,0.0,6.732687897372056e-06
mmkcat,r_4549,0.0,6.743613897794432e-05
mmkcat,r_4550,0.0,1.879818811405254e-05
mmkcat,r_4551,0.0,0.0
mmkcat,r_4552,0.0,1.7327278854810044e-05
mmkcat,r_4553,0.0,0.0
mmkcat,r_4554,0.0,0.0
mmkcat,r_4555,0.0,6.138514298212328e-05
mmkcat,r_4556,0.0,2.9362592623982664e-05
mmkcat,r_4557,0.0,1.5424711877458017e-05
mmkcat,r_4558,0.0,1.492388712662912e-05
mmkcat,r_4559,0.0,0.0
mmkcat,r_4560,0.0,0.0
mmkcat,r_4561,0.0,0.0
mmkcat,r_4562,0.0,0.0
mmkcat,r_4563,0.0,0.0
mmkcat,r_4564,0.0,0.0
mmkcat,r_4565,0.0,0.0
mmkcat,r_4567,0.0,0.0002787297517805
mmkcat,r_4568,0.0,0.0
mmkcat,r_4569,0.0,-0.0
mmkcat,r_4570_ENZ_YER081W_FWD,0.0,0.0
mmkcat,r_4570_ENZ_YER081W_REV,0.0,0.0
mmkcat,r_4570_ENZ_YIL074C_FWD,0.0,0.0
mmkcat,r_4570_ENZ_YIL074C_REV,0.0640596078338089,0.0648660782059671
mmkcat,r_4571_FWD,0.0640596078340332,0.0648671293980778
mmkcat,r_4571_REV,0.0,0.0
mmkcat,r_4572_FWD,0.0,1.6524264686179624e-05
mmkcat,r_4572_REV,0.0,0.0
mmkcat,r_4573,0.0,1.6225497389638077e-05
mmkcat,r_4574,0.0,1.6524264707736843e-05
mmkcat,r_4575,0.0,1.52967786862104e-05
mmkcat,r_4581,0.0640596078340842,0.0648158340873913
mmkcat,r_4582,0.0640596078340842,0.0648158340873913
mmkcat,r_4583,0.0,9.272168117902e-05
mmkcat,r_4584_ENZ_YER015W,0.0,6.933647939533219e-05
mmkcat,r_4584_ENZ_YIL009W,0.0,8.07565307656688e-05
mmkcat,r_4584_ENZ_YMR246W,0.0,9.272168125136204e-05
mmkcat,r_4584_ENZ_YOR317W,0.0,0.0002943407582414
mmkcat,r_4585,0.0,0.0
mmkcat,r_4586,0.0,0.0
mmkcat,r_4587_ENZ_YOL122C_FWD,6.579646381386167e-05,6.579649461062874e-05
mmkcat,r_4587_ENZ_YOL122C_REV,0.0,0.0
mmkcat,r_4588_ENZ_YNL275W_FWD,0.0003911402938869,0.0003911415515268
mmkcat,r_4588_ENZ_YNL275W_REV,0.0,0.0
mmkcat,r_4589_ENZ_YOL122C_FWD,0.0001998157197148,0.0001998157197148
mmkcat,r_4589_ENZ_YOL122C_REV,0.0,0.0
mmkcat,r_4590_ENZ_YOL130W_FWD,0.0008277646706036,0.0008277646706036
mmkcat,r_4590_ENZ_YOL130W_REV,0.0,0.0
mmkcat,r_4591_ENZ_YGL255W_FWD,0.0,0.0002268012132242
mmkcat,r_4591_ENZ_YGL255W_REV,0.0,0.0
mmkcat,r_4591_ENZ_YLR130C_FWD,0.0,0.0002268014616233
mmkcat,r_4591_ENZ_YLR130C_REV,0.0,0.0
mmkcat,r_4592_ENZ_YGR191W_FWD,0.0,0.0
mmkcat,r_4592_ENZ_YGR191W_REV,0.0,0.0
mmkcat,r_4592_ENZ_YOL130W_FWD,0.0003767520979016,0.0003767520979016
mmkcat,r_4592_ENZ_YOL130W_REV,0.0,0.0
mmkcat,r_4593_FWD,0.0,0.0
mmkcat,r_4593_REV,0.0003911415759852,0.0003911415759852
mmkcat,r_4594_FWD,0.0,0.0
mmkcat,r_4594_REV,0.0001998157322094,0.0001998157322094
mmkcat,r_4595_FWD,0.0,0.0
mmkcat,r_4595_REV,0.0008277647223644,0.0008277647223644
mmkcat,r_4596_FWD,0.0,0.0
mmkcat,r_4596_REV,0.0002268014616233,0.0002268014616233
mmkcat,r_4597_FWD,0.0,0.0
mmkcat,r_4597_REV,0.0003767520979016,0.0003767520979016
mmkcat,r_4598,0.3032105137222742,0.3032105137222742
mmkcat,r_4599,0.3032105137222742,0.3032105137222742
mmkcat,r_4600_FWD,0.0,0.0
mmkcat,r_4600_REV,6.579667948464743e-05,6.579667948464743e-05
mmkcat,r_4601_FWD,0.0,-0.0
mmkcat,r_4601_REV,0.0,0.0
mmkcat,r_4602_FWD,0.0,0.0
mmkcat,r_4602_REV,0.0,0.0
mmkcat,r_4603_FWD,0.0,0.0
mmkcat,r_4603_REV,0.0,0.0
mmkcat,r_4604_FWD,0.0,0.0
mmkcat,r_4604_REV,0.0,0.0
mmkcat,r_4605_FWD,0.0,0.0
mmkcat,r_4605_REV,0.0,0.0
mmkcat,r_4606_FWD,0.0,0.0
mmkcat,r_4606_REV,0.0,0.0
mmkcat,r_4607_FWD,0.0,0.0
mmkcat,r_4607_REV,0.0,0.0003445961984099
mmkcat,r_4608,0.0,6.864495021399047e-05
mmkcat,r_4609_FWD,0.0,0.0003509414052409
mmkcat,r_4609_REV,0.0,0.0
mmkcat,r_4610_FWD,0.0,0.0
mmkcat,r_4610_REV,0.0,0.0152919662443653
mmkcat,r_4611_FWD,0.0,0.0
mmkcat,r_4611_REV,0.0,0.000344177571268
mmkcat,r_4612_FWD,0.0,0.0
mmkcat,r_4612_REV,0.0,0.0
mmkcat,r_4613_FWD,0.0,0.0
mmkcat,r_4613_REV,0.0,0.0
mmkcat,r_4614_FWD,0.0,0.0
mmkcat,r_4614_REV,0.0,0.0
mmkcat,r_4615_FWD,0.0,0.0
mmkcat,r_4615_REV,0.0,0.0
mmkcat,r_4616_FWD,0.0,0.0
mmkcat,r_4616_REV,0.0,0.0
mmkcat,r_4617_FWD,0.0,0.0
mmkcat,r_4617_REV,0.0,0.0
mmkcat,r_4618_FWD,0.0,0.0
mmkcat,r_4618_REV,0.0,0.0
mmkcat,r_4619_FWD,0.0,0.0
mmkcat,r_4619_REV,0.0,0.0
mmkcat,r_4620_FWD,0.0,0.0
mmkcat,r_4620_REV,0.0,0.0
mmkcat,r_4621_FWD,0.0,4.197783654724674e-05
mmkcat,r_4621_REV,0.0,0.0
mmkcat,r_4622_FWD,0.0,0.0
mmkcat,r_4622_REV,0.0,0.0
mmkcat,r_4623_FWD,0.0,0.0
mmkcat,r_4623_REV,0.0,0.0
mmkcat,r_4624_FWD,0.0,0.0
mmkcat,r_4624_REV,0.0,0.0
mmkcat,r_4625_FWD,0.0,0.0
mmkcat,r_4625_REV,0.0,0.0
mmkcat,r_4626_FWD,0.0,0.0
mmkcat,r_4626_REV,0.0,0.0
mmkcat,r_4627_FWD,0.0,0.0
mmkcat,r_4627_REV,0.0,0.0
mmkcat,r_4628_FWD,0.0,0.0
mmkcat,r_4628_REV,0.0,0.0
mmkcat,r_4629_ENZ_YBR177C_FWD,0.0,6.44360606406099e-06
mmkcat,r_4629_ENZ_YBR177C_REV,0.0,0.0
mmkcat,r_4629_ENZ_YPL095C_FWD,0.0,6.5622550588828015e-06
mmkcat,r_4629_ENZ_YPL095C_REV,0.0,0.0
mmkcat,r_4630_ENZ_YBR177C_FWD,0.0,6.294744373747108e-06
mmkcat,r_4630_ENZ_YBR177C_REV,0.0,0.0
mmkcat,r_4630_ENZ_YPL095C_FWD,0.0,5.60379631751786e-06
mmkcat,r_4630_ENZ_YPL095C_REV,0.0,0.0
mmkcat,r_4631_ENZ_YBR177C_FWD,0.0,6.279990277220582e-06
mmkcat,r_4631_ENZ_YBR177C_REV,0.0,0.0
mmkcat,r_4631_ENZ_YPL095C_FWD,0.0,6.142351621742291e-06
mmkcat,r_4631_ENZ_YPL095C_REV,0.0,0.0
mmkcat,r_4632_ENZ_YGR015C_FWD,0.0,0.0
mmkcat,r_4632_ENZ_YGR015C_REV,0.0,0.0
mmkcat,r_4632_ENZ_YGR177C_FWD,0.0,0.0
mmkcat,r_4632_ENZ_YGR177C_REV,0.0,0.0
mmkcat,r_4632_ENZ_YOR377W_FWD,0.0,0.0
mmkcat,r_4632_ENZ_YOR377W_REV,0.0,0.0
mmkcat,r_4633_ENZ_YBR177C_FWD,0.0,6.513332856143231e-06
mmkcat,r_4633_ENZ_YBR177C_REV,0.0,0.0
mmkcat,r_4633_ENZ_YPL095C_FWD,0.0,6.479008982858877e-06
mmkcat,r_4633_ENZ_YPL095C_REV,0.0,0.0
mmkcat,r_4634_FWD,0.0,6.562255059448102e-06
mmkcat,r_4634_REV,0.0,0.0
mmkcat,r_4635_FWD,0.0,4.446310334932737e-06
mmkcat,r_4635_REV,0.0,0.0
mmkcat,r_4636_FWD,0.0,6.16644476052792e-06
mmkcat,r_4636_REV,0.0,0.0
mmkcat,r_4637,0.0,0.0
mmkcat,r_4638,0.0,3.7202504166722328e-06
mmkcat,r_4639_FWD,0.0,6.562255054091312e-06
mmkcat,r_4639_REV,0.0,0.0
mmkcat,r_4640_FWD,0.0,6.180932151668999e-06
mmkcat,r_4640_REV,0.0,0.0
mmkcat,r_4641_FWD,0.0,6.279990253911516e-06
mmkcat,r_4641_REV,0.0,0.0
mmkcat,r_4642,0.0,0.0
mmkcat,r_4643,0.0,5.729531092540389e-06
mmkcat,r_4644,0.0,5.998641604130182e-06
mmkcat,r_4645,0.0,6.180932138607552e-06
mmkcat,r_4646,0.0,6.166444755942302e-06
mmkcat,r_4647,0.0,0.0
mmkcat,r_4648,0.0,5.729531092540389e-06
mmkcat,r_4649_ENZ_YGR015C,0.0,0.0007825691344329
mmkcat,r_4650,0.0,0.0007825691344329
mmkcat,r_4651_ENZ_YGR087C,0.0,5.143047346799212e-05
mmkcat,r_4651_ENZ_YLR044C,0.0,5.44789478300195e-05
mmkcat,r_4651_ENZ_YLR134W,0.0,5.278429819048636e-05
mmkcat,r_4652_ENZ_YBR145W,0.0,5.388436993225554e-05
mmkcat,r_4652_ENZ_YDL168W,0.0,5.24812831302901e-05
mmkcat,r_4652_ENZ_YOL086C,0.0,5.3090297743141335e-05
mmkcat,r_4653_ENZ_YGL256W,0.0,0.0
mmkcat,r_4653_ENZ_YMR083W,0.0,0.0
mmkcat,r_4654_ENZ_YCR105W,0.0,5.2494762426080754e-05
mmkcat,r_4654_ENZ_YDR368W,0.0,3.017458189980005e-05
mmkcat,r_4654_ENZ_YMR318C,0.0,3.057054365274148e-05
mmkcat,r_4655_FWD,0.0,0.0
mmkcat,r_4655_REV,0.0,0.0
mmkcat,r_4656_FWD,0.0,5.44789478297697e-05
mmkcat,r_4656_REV,0.0,0.0
mmkcat,r_4657_FWD,0.0,5.3133368433933015e-05
mmkcat,r_4657_REV,0.0,0.0
mmkcat,r_4658,0.0,5.447894782754925e-05
mmkcat,r_4659,0.0,5.411173692748683e-05
mmkcat,r_4660_ENZ_YHR137W_FWD,0.0,1.986591881149996e-05
mmkcat,r_4660_ENZ_YHR137W_REV,0.0,0.0
mmkcat,r_4661_ENZ_YBR145W,0.0,1.981597416797487e-05
mmkcat,r_4661_ENZ_YDL168W,0.0,1.4153940178170815e-05
mmkcat,r_4661_ENZ_YOL086C,0.0,1.4153940178140805e-05
mmkcat,r_4662_ENZ_YGL256W,0.0,0.0
mmkcat,r_4662_ENZ_YMR083W,0.0,0.0
mmkcat,r_4663_ENZ_YCR105W,0.0,1.4041791968774642e-05
mmkcat,r_4663_ENZ_YDR368W,0.0,1.9570691249276573e-05
mmkcat,r_4663_ENZ_YMR318C,0.0,1.9718126024428902e-05
mmkcat,r_4664_FWD,0.0,0.0
mmkcat,r_4664_REV,0.0,0.0
mmkcat,r_4665_FWD,0.0,1.9865918555281303e-05
mmkcat,r_4665_REV,0.0,0.0
mmkcat,r_4666_FWD,0.0,1.9815974178369333e-05
mmkcat,r_4666_REV,0.0,0.0
mmkcat,r_4667,0.0,1.9865918741146515e-05
mmkcat,r_4668,0.0,1.9815974458381454e-05
mmkcat,r_4669_ENZ_YGR087C,0.0,3.979915658444688e-05
mmkcat,r_4669_ENZ_YLR044C,0.0,4.146874186025662e-05
mmkcat,r_4669_ENZ_YLR134W,0.0,4.049390672075659e-05
mmkcat,r_4670_ENZ_YBR145W,0.0,3.882506523264495e-05
mmkcat,r_4670_ENZ_YDL168W,0.0,4.068716093168223e-05
mmkcat,r_4670_ENZ_YOL086C,0.0,4.11986743681092e-05
mmkcat,r_4671_ENZ_YGL256W,0.0,0.0
mmkcat,r_4671_ENZ_YMR083W,0.0,0.0
mmkcat,r_4672_ENZ_YCR105W,0.0,4.079618350846803e-05
mmkcat,r_4672_ENZ_YDR368W,0.0,4.024534656096868e-05
mmkcat,r_4672_ENZ_YMR318C,0.0,4.089331892797449e-05
mmkcat,r_4673_FWD,0.0,0.0
mmkcat,r_4673_REV,0.0,0.0
mmkcat,r_4674_FWD,0.0,4.1468741971500966e-05
mmkcat,r_4674_REV,0.0,0.0
mmkcat,r_4675_FWD,0.0,4.1239615777760585e-05
mmkcat,r_4675_REV,0.0,0.0
mmkcat,r_4676,0.0,4.0718965010205777e-05
mmkcat,r_4677,0.0,4.123961570997453e-05
mmkcat,r_4678_ENZ_YMR169C_FWD,0.0,5.77422036960206e-05
mmkcat,r_4678_ENZ_YMR169C_REV,0.0,3.513449439836657e-05
mmkcat,r_4678_ENZ_YMR170C_FWD,0.0,5.920228338127481e-05
mmkcat,r_4678_ENZ_YMR170C_REV,0.0,3.6233106957466975e-05
mmkcat,r_4678_ENZ_YOR374W_FWD,0.0,7.486267272257269e-05
mmkcat,r_4678_ENZ_YOR374W_REV,0.0,4.200861066340749e-05
mmkcat,r_4679_ENZ_YER015W_FWD,0.0,6.65309834258667e-05
mmkcat,r_4679_ENZ_YER015W_REV,0.0,3.305573448601211e-05
mmkcat,r_4679_ENZ_YIL009W_FWD,0.0,6.849993897143565e-05
mmkcat,r_4679_ENZ_YIL009W_REV,0.0,3.7009655558248186e-05
mmkcat,r_4679_ENZ_YMR246W_FWD,0.0,4.874504035628061e-05
mmkcat,r_4679_ENZ_YMR246W_REV,0.0,4.874504035628061e-05
mmkcat,r_4679_ENZ_YOR317W_FWD,0.0,8.402847624172915e-05
mmkcat,r_4679_ENZ_YOR317W_REV,0.0,4.543041249304902e-05
mmkcat,r_4680_ENZ_YBR177C_FWD,0.0,7.338613226787888e-05
mmkcat,r_4680_ENZ_YBR177C_REV,0.0,0.0
mmkcat,r_4680_ENZ_YPL095C_FWD,0.0,7.214172100070484e-05
mmkcat,r_4680_ENZ_YPL095C_REV,0.0,0.0
mmkcat,r_4681_FWD,0.0,2.8767267422402654e-05
mmkcat,r_4681_REV,0.0,1.926798059124265e-05
mmkcat,r_4682_FWD,0.0,6.166444755942302e-06
mmkcat,r_4682_REV,0.0,0.0
mmkcat,r_4683_FWD,0.0,5.998641604130182e-06
mmkcat,r_4683_REV,0.0,0.0
mmkcat,r_4684_FWD,0.0,6.180932138607552e-06
mmkcat,r_4684_REV,0.0,0.0
mmkcat,r_4685_FWD,0.0,5.729531092540389e-06
mmkcat,r_4685_REV,0.0,0.0
mmkcat,r_4686_FWD,0.0,1.9318654165184634e-05
mmkcat,r_4686_REV,0.0,6.0292401710947646e-05
mmkcat,r_4687_ENZ_YGR015C,0.0,3.057477854939705e-05
mmkcat,r_4687_ENZ_YGR177C,0.0,3.05747785487448e-05
mmkcat,r_4687_ENZ_YOR377W,0.0,3.05747785487448e-05
mmkcat,r_4688,0.0,3.0574778287398297e-05
mmkcat,r_4689,0.0,3.0574778287398297e-05
mmkcat,r_4690_ENZ_YGR015C,0.0,1.6971444003109626e-05
mmkcat,r_4690_ENZ_YGR177C,0.0,1.6664591728644818e-05
mmkcat,r_4690_ENZ_YOR377W,0.0,1.6664591751376634e-05
mmkcat,r_4691,0.0,1.6971444094814048e-05
mmkcat,r_4692,0.0,1.6971444094349142e-05
mmkcat,r_4693_ENZ_YGR015C,0.0,3.63660026677648e-05
mmkcat,r_4693_ENZ_YGR177C,0.0,3.3295746159345274e-05
mmkcat,r_4693_ENZ_YOR377W,0.0,3.2345676478751084e-05
mmkcat,r_4694,0.0,3.636600387635358e-05
mmkcat,r_4695,0.0,3.636600387635358e-05
mmkcat,r_4697_FWD,0.0,7.338613216298275e-05
mmkcat,r_4697_REV,0.0,0.0
mmkcat,r_4698_ENZ_YKL217W,0.0,7.224399127482139e-05
mmkcat,r_4698_ENZ_YNL065W,0.0,7.338613238294656e-05
mmkcat,r_4699,0.0,7.338613220757295e-05
mmkcat,r_4700_ENZ_YIL166C,0.0,4.565194308145046e-05
mmkcat,r_4701_ENZ_YFR055W_FWD,0.0,3.810313049806835e-05
mmkcat,r_4701_ENZ_YFR055W_REV,0.0,0.0
mmkcat,r_4702_FWD,0.0,3.5352907237815034e-05
mmkcat,r_4702_REV,0.0,0.0
mmkcat,r_4703_ENZ_YOR251C,0.0,3.535290721733142e-05
mmkcat,r_4704_ENZ_YIL166C,0.0,0.0
mmkcat,r_4705_ENZ_YIL166C,0.0,0.0
mmkcat,r_4706_ENZ_YLL057C_FWD,0.0,0.0
mmkcat,r_4706_ENZ_YLL057C_REV,0.0,0.0
mmkcat,r_4707_FWD,0.0,0.0
mmkcat,r_4707_REV,0.0,0.0
mmkcat,r_4708,0.0,3.1885224804982515e-05
mmkcat,r_4709,0.0,0.0
mmkcat,r_4710,0.0,-0.0
mmkcat,r_4711_ENZ_YOR126C_FWD,0.0,0.0001155713849288
mmkcat,r_4711_ENZ_YOR126C_REV,0.0,0.0
mmkcat,r_4712_ENZ_YOR126C_FWD,0.0,0.0005355886792519
mmkcat,r_4712_ENZ_YOR126C_REV,0.0,0.0
mmkcat,r_4713_ENZ_YOR126C_FWD,0.0,6.023437500107809e-05
mmkcat,r_4713_ENZ_YOR126C_REV,0.0,0.0
mmkcat,r_4714_ENZ_YOR126C_FWD,0.0,8.339716259442298e-05
mmkcat,r_4714_ENZ_YOR126C_REV,0.0,0.0
mmkcat,r_4715_ENZ_YOR126C_FWD,0.0,0.0
mmkcat,r_4715_ENZ_YOR126C_REV,0.0,0.0
mmkcat,r_4716_ENZ_YOR126C_FWD,0.0,0.0011339824620244
mmkcat,r_4716_ENZ_YOR126C_REV,0.0,0.0
mmkcat,r_4717_ENZ_YOR126C_FWD,0.0,0.0
mmkcat,r_4717_ENZ_YOR126C_REV,0.0,0.0
mmkcat,r_4718_ENZ_YOR374W_FWD,0.0,3.138975696940586e-05
mmkcat,r_4718_ENZ_YOR374W_REV,0.0,0.0
mmkcat,r_4718_ENZ_YPL061W_FWD,0.0,4.500186175737664e-05
mmkcat,r_4718_ENZ_YPL061W_REV,0.0,0.0
mmkcat,r_4719_ENZ_YOR374W_FWD,0.0,6.531901285447561e-05
mmkcat,r_4719_ENZ_YOR374W_REV,0.0,0.0
mmkcat,r_4719_ENZ_YPL061W_FWD,0.0,7.128397500724692e-05
mmkcat,r_4719_ENZ_YPL061W_REV,0.0,0.0
mmkcat,r_4720_ENZ_YOR126C_FWD,0.0,3.373567971884272e-05
mmkcat,r_4720_ENZ_YOR126C_REV,0.0,0.0
mmkcat,r_4721_ENZ_YOR126C_FWD,0.0,3.034332919493632e-05
mmkcat,r_4721_ENZ_YOR126C_REV,0.0,0.0
mmkcat,r_4722_ENZ_YJL012C,0.0,6.144592614010236e-05
mmkcat,r_4723_ENZ_YDR452W_FWD,0.0,0.0001252784819931
mmkcat,r_4723_ENZ_YDR452W_REV,0.0,0.0001269811118786
mmkcat,r_4723_ENZ_YHR201C_FWD,0.0,0.0001244310401607
mmkcat,r_4723_ENZ_YHR201C_REV,0.0,0.0001263147805412
mmkcat,r_4724_ENZ_YDR452W_FWD,8.974519546366558,8.979341049146177
mmkcat,r_4724_ENZ_YDR452W_REV,0.0,0.0093431952463927
mmkcat,r_4724_ENZ_YHR201C_FWD,0.0,0.0
mmkcat,r_4724_ENZ_YHR201C_REV,0.0,0.0067307100040157
mmkcat,r_4725_ENZ_YDR452W_FWD,0.0,0.0
mmkcat,r_4725_ENZ_YDR452W_REV,0.0,0.0
mmkcat,r_4725_ENZ_YHR201C_FWD,0.0,0.0
mmkcat,r_4725_ENZ_YHR201C_REV,0.0,0.0
mmkcat,r_4726_FWD,0.0,0.000115571384952
mmkcat,r_4726_REV,0.0,0.0
mmkcat,r_4727,0.0,0.000115571384952
mmkcat,r_4728_FWD,0.0,0.0001642108045631
mmkcat,r_4728_REV,0.0,0.0
mmkcat,r_4729,0.0,0.000164210804334
mmkcat,r_4730_FWD,0.0,7.138684089724734e-05
mmkcat,r_4730_REV,0.0,0.0
mmkcat,r_4731,0.0,7.138684089724734e-05
mmkcat,r_4732_FWD,0.0,0.0005144434341513
mmkcat,r_4732_REV,0.0,0.0
mmkcat,r_4733,0.0,0.0005144434341513
mmkcat,r_4734_FWD,0.0,0.0
mmkcat,r_4734_REV,0.0,0.0
mmkcat,r_4735,0.0,0.0
mmkcat,r_4736_FWD,0.0,0.0009561827440798
mmkcat,r_4736_REV,0.0,0.0
mmkcat,r_4737,0.0,0.002033908427705
mmkcat,r_4738_FWD,0.0,0.0
mmkcat,r_4738_REV,0.0,0.0
mmkcat,r_4739,0.0,0.0
mmkcat,r_4740_FWD,0.0,4.583050128766549e-05
mmkcat,r_4740_REV,0.0,0.0
mmkcat,r_4741,0.0,4.583050148943002e-05
mmkcat,r_4742_FWD,0.0,4.0766095667638114e-05
mmkcat,r_4742_REV,0.0,0.0
mmkcat,r_4743,0.0,4.002902338319514e-05
mmkcat,r_4744_FWD,0.0,0.0001269811121324
mmkcat,r_4744_REV,0.0,0.0001252784824423
mmkcat,r_4745_FWD,8.974519546367357,8.979736125510332
mmkcat,r_4745_REV,0.0,0.0
mmkcat,r_4746_FWD,0.0,0.0
mmkcat,r_4746_REV,0.0,0.0
mmkcat,r_4747_ENZ_YDR020C,0.0,0.0001108862067449
mmkcat,r_4747_ENZ_YNR012W,0.0,0.0001188761896813
mmkcat,r_4748_ENZ_YFL053W,0.0,0.0
mmkcat,r_4748_ENZ_YML070W,0.0,0.0
mmkcat,r_4749_ENZ_YLR209C_FWD,0.0418447637356858,0.0426829267202626
mmkcat,r_4749_ENZ_YLR209C_REV,0.0,0.0
mmkcat,r_4750_ENZ_YBR019C_FWD,0.0,0.0
mmkcat,r_4750_ENZ_YBR019C_REV,0.0,0.0
mmkcat,r_4751_ENZ_YEL066W,0.0,0.0
mmkcat,r_4751_ENZ_YPR193C,0.0,0.0
mmkcat,r_4752_ENZ_YLR146C,0.0,0.0
mmkcat,r_4752_ENZ_YPR069C,0.0,0.0
mmkcat,r_4753_ENZ_YPL214C_FWD,0.0,0.0
mmkcat,r_4753_ENZ_YPL214C_REV,0.0,0.0
mmkcat,r_4754_ENZ_YDR538W_FWD,0.0,0.0
mmkcat,r_4754_ENZ_YDR538W_REV,0.0,0.0
mmkcat,r_4755_ENZ_YDL178W,0.0,0.0
mmkcat,r_4755_ENZ_YEL071W,0.0,0.0
mmkcat,r_4756_ENZ_YDR400W,0.0,0.0001231830683773
mmkcat,r_4757_ENZ_YDR109C_FWD,0.0,0.0
mmkcat,r_4757_ENZ_YDR109C_REV,0.0,0.0
mmkcat,r_4758_ENZ_YLR209C_FWD,0.0,0.0
mmkcat,r_4758_ENZ_YLR209C_REV,0.0,0.0
mmkcat,r_4759_ENZ_YGL067W,0.0,-0.0
mmkcat,r_4760_ENZ_YER023W_FWD,0.0,0.0005111326608608
mmkcat,r_4760_ENZ_YER023W_REV,0.0,0.0
mmkcat,r_4761_ENZ_YJL060W,0.0,0.0
mmkcat,r_4762_ENZ_YDR036C_FWD,0.0,0.0
mmkcat,r_4762_ENZ_YDR036C_REV,0.0,0.0
mmkcat,r_4763_ENZ_YAL060W_FWD,0.0,0.0
mmkcat,r_4763_ENZ_YAL060W_REV,0.0,0.0
mmkcat,r_4763_ENZ_YAL061W_FWD,0.0,0.0
mmkcat,r_4763_ENZ_YAL061W_REV,0.0,0.0
mmkcat,r_4764_ENZ_YPR062W,0.0,-0.0
mmkcat,r_4765_ENZ_YIR032C,0.0,0.0
mmkcat,r_4766_ENZ_YJL005W,0.0,0.0001819589218006
mmkcat,r_4767_ENZ_YJL060W,0.0,0.0
mmkcat,r_4768_ENZ_YDR481C,0.0,0.0
mmkcat,r_4769_ENZ_YDR305C,0.0,-0.0
mmkcat,r_4770_ENZ_YKL067W,0.0,-0.0
mmkcat,r_4771_ENZ_YKL067W,0.0,0.0
mmkcat,r_4772_ENZ_YKL067W,0.0,-0.0
mmkcat,r_4773_ENZ_YKL067W,0.0,0.0
mmkcat,r_4774_ENZ_YKL067W,0.0,-0.0
mmkcat,r_4775_ENZ_YKL067W,0.0,0.0001770546811917
mmkcat,r_4776_ENZ_YKL067W,0.0,0.0
mmkcat,r_4777_ENZ_YKL067W_FWD,0.0,0.0
mmkcat,r_4777_ENZ_YKL067W_REV,0.0,0.0
mmkcat,r_4778_ENZ_YKL067W_FWD,0.0,0.0
mmkcat,r_4778_ENZ_YKL067W_REV,0.0,0.0
mmkcat,r_4779_FWD,0.0,2.82613630262697e-06
mmkcat,r_4779_REV,0.0,1.3649243643554245e-05
mmkcat,r_4780,0.0,2.826136293474569e-06
mmkcat,r_4781_ENZ_YGR144W,0.0,3.638514366869237e-07
mmkcat,r_4782_ENZ_YGR144W,0.0,3.638514366869237e-07
