tool,reaction,min_flux,max_flux
turnup,r_0001_ENZ_YDL174C_and_YEL039C,0.0,0.0001537524005774
turnup,r_0001_ENZ_YDL174C_and_YJR048W,0.0,0.0001536576288101
turnup,r_0001_ENZ_YEL039C_and_YEL071W,0.0,0.000278315764675
turnup,r_0001_ENZ_YEL071W_and_YJR048W,0.0,0.0002783157646639
turnup,r_0002_ENZ_YDL178W_and_YEL039C,0.0,0.0002523051038656
turnup,r_0002_ENZ_YDL178W_and_YJR048W,0.0,0.0002805315673128
turnup,r_0003_ENZ_YAL060W_FWD,0.0,0.0
turnup,r_0003_ENZ_YAL060W_REV,0.0,0.0002905454889094
turnup,r_0004_ENZ_YEL039C_and_YML054C,0.0,0.0002656727367842
turnup,r_0004_ENZ_YJR048W_and_YML054C,0.0,0.0002656727341374
turnup,r_0005_ENZ_YPR165W_and_YGR032W,0.0,0.4558451762736425
turnup,r_0005_ENZ_YPR165W_and_YLR342W,0.0,0.4558452646441149
turnup,r_0005_ENZ_YPR165W_and_YMR306W,0.0,0.4558452646441149
turnup,r_0006_ENZ_YGR143W,0.0,0.1523060918534226
turnup,r_0006_ENZ_YPR159W,0.0,0.152306115960623
turnup,r_0007_ENZ_YIL020C,0.0469679039733534,0.0469942124163903
turnup,r_0012_ENZ_YHR037W,0.0,0.000220539202232
turnup,r_0013_ENZ_YEL038W_and_YMR009W,0.0001171773970202,0.0001376526441128
turnup,r_0014_ENZ_YOL066C,0.0006105558733224,0.0006167246189391
turnup,r_0015_ENZ_YBR153W,0.0006105558733224,0.0006167246189391
turnup,r_0016_ENZ_YCL009C_and_YMR108W,0.0,0.0
turnup,r_0016_ENZ_YMR108W,0.136511879759707,0.13655126752342
turnup,r_0017_ENZ_YNL256W,0.0,3.910026054208144e-05
turnup,r_0018_ENZ_YER152C_FWD,0.0,0.0
turnup,r_0018_ENZ_YER152C_REV,0.0,0.0
turnup,r_0018_ENZ_YGL202W_FWD,0.2027483266555023,0.2027653016721673
turnup,r_0018_ENZ_YGL202W_REV,0.0,0.0
turnup,r_0018_ENZ_YJL060W_FWD,0.0,0.0
turnup,r_0018_ENZ_YJL060W_REV,0.0,0.0
turnup,r_0019_ENZ_YHR063C,0.0001171773970199,0.0001241697466369
turnup,r_0020_ENZ_YBR249C,0.1907545170203652,0.1910611190754211
turnup,r_0020_ENZ_YDR035W,0.0,0.0
turnup,r_0021_ENZ_YDR204W_and_YGR255C_and_YLR201C_and_YML110C_and_YOL096C_and_YOR125C,0.0,0.0
turnup,r_0022_ENZ_YDR204W_and_YGR255C_and_YLR201C_and_YML110C_and_YOL096C_and_YOR125C,0.0,0.0
turnup,r_0023_ENZ_YGL009C_FWD,0.0,0.0
turnup,r_0023_ENZ_YGL009C_REV,0.20997417508827,0.2100428761453416
turnup,r_0024_ENZ_YNL104C,0.0,7.062736278207193e-05
turnup,r_0024_ENZ_YOR108W,0.0,6.904177871089223e-05
turnup,r_0025_ENZ_YNL104C,0.2098980855035864,0.2100260465563005
turnup,r_0026_ENZ_YGL202W,0.0,0.0001389926011084
turnup,r_0026_ENZ_YHR137W,0.0,0.0001386041410285
turnup,r_0026_ENZ_YHR208W,0.0,0.0001287162315033
turnup,r_0026_ENZ_YJR148W,0.0,0.0002518471166347
turnup,r_0027_ENZ_YDR234W_FWD,0.2027483266555023,0.2027813524618252
turnup,r_0027_ENZ_YDR234W_REV,0.0,0.0
turnup,r_0028_ENZ_YPR001W,0.0,0.0001132220598902
turnup,r_0029,0.20997417508827,0.2099928960444219
turnup,r_0030,0.0,0.0
turnup,r_0032_ENZ_YOL064C,0.040702178889964,0.0407446624207471
turnup,r_0033_ENZ_YGL248W,0.0,4.158670201229176e-05
turnup,r_0033_ENZ_YOR360C,0.0,3.1655609610140445e-05
turnup,r_0034_ENZ_YOR360C,0.0,-0.0
turnup,r_0035_ENZ_YOR360C,0.0,-0.0
turnup,r_0036_ENZ_YOR360C,0.0,0.0001665578623359
turnup,r_0037_ENZ_YOR360C,0.0,-0.0
turnup,r_0038_ENZ_YDR487C,0.0012211117466449,0.0012334492356273
turnup,r_0039_ENZ_YDR127W,0.1910171284816459,0.1910409354229214
turnup,r_0040_ENZ_YDR127W,0.1910166597778569,0.1910611190750499
turnup,r_0041_ENZ_YBR265W,0.0,0.0
turnup,r_0042_ENZ_YBR249C,0.0,0.0001448183656495
turnup,r_0042_ENZ_YDR035W,0.0,0.000577363968398
turnup,r_0043_ENZ_YDR376W,0.0,0.0
turnup,r_0043_ENZ_YPL252C,0.0,0.0
turnup,r_0044_ENZ_YDR538W_and_YDR539W,0.0,0.0
turnup,r_0045_ENZ_YLR231C,0.0037435093367221,0.0037442548253637
turnup,r_0057_ENZ_YKR009C,0.0,1.138975359588831e-05
turnup,r_0058_ENZ_YJR025C,0.0037435093367212,0.0037442539080028
turnup,r_0059_ENZ_YER175C,0.0,0.0
turnup,r_0060_ENZ_YGL009C_FWD,0.0,0.0
turnup,r_0060_ENZ_YGL009C_REV,0.20997417508827,0.2100428761453105
turnup,r_0061_ENZ_YCL018W,0.20997417508827,0.2099928960444239
turnup,r_0062_ENZ_YGR087C,0.0,3.618973065502851e-05
turnup,r_0062_ENZ_YLR044C,0.0,3.636107156937407e-05
turnup,r_0062_ENZ_YLR134W,0.0,3.6668061267258745e-05
turnup,r_0063_ENZ_YBR176W,0.0001171773970203,0.0001241697792952
turnup,r_0064_ENZ_YDL080C,0.0,7.956214360732572e-05
turnup,r_0064_ENZ_YGR087C,0.0,8.164443355046513e-05
turnup,r_0064_ENZ_YLR044C,0.0,8.2037802802859e-05
turnup,r_0064_ENZ_YLR134W,0.0,8.274275548275645e-05
turnup,r_0065_ENZ_YDR127W,0.1910166597778576,0.1910304738129033
turnup,r_0066_ENZ_YNR033W,3.910024752800528e-05,7.177372973629637e-05
turnup,r_0067_ENZ_YMR289W,3.910024752801222e-05,7.177372973629637e-05
turnup,r_0068_ENZ_YGR019W,0.0,0.0001543254631029
turnup,r_0069_ENZ_YCR053W,0.0,-0.0
turnup,r_0070,0.0,-0.0
turnup,r_0072_ENZ_YDL080C,0.0,6.870105515019431e-05
turnup,r_0073_ENZ_YLR410W,0.0,0.0
turnup,r_0073_ENZ_YOR163W,0.0,0.0
turnup,r_0074_ENZ_YDR017C,0.0,0.0
turnup,r_0075_ENZ_YLR017W,0.0001171773970203,0.0001376526441128
turnup,r_0076_ENZ_YER037W,0.0,0.0002455525359223
turnup,r_0076_ENZ_YGL224C,0.0,0.0002623518344613
turnup,r_0077_ENZ_YOR155C,0.0,0.0003180543320588
turnup,r_0078_ENZ_YER037W,0.0,0.0001737710210925
turnup,r_0078_ENZ_YGL224C,0.0,0.0003165943837437
turnup,r_0079_ENZ_YGR061C,0.0631481700477661,0.0631655529118824
turnup,r_0080_ENZ_YGL125W,0.0,0.1224451446112164
turnup,r_0080_ENZ_YGL125W_and_YPL023C,0.0,0.1224086965371754
turnup,r_0081_ENZ_YDR232W,0.0,2.4880545448595408e-05
turnup,r_0082_ENZ_YOR163W,0.0,9.521372801302164e-05
turnup,r_0083_ENZ_YDR017C,0.0,9.519510205535652e-05
turnup,r_0084_ENZ_YER183C,0.0,0.0
turnup,r_0085_ENZ_YER091C,0.0,-0.0
turnup,r_0086_ENZ_YJR024C,0.0001171773970203,0.0001376526323966
turnup,r_0087_ENZ_YPR118W_FWD,0.0001171773970203,0.0001283641451076
turnup,r_0087_ENZ_YPR118W_REV,0.0,0.0
turnup,r_0088_ENZ_YLR410W_FWD,0.0,0.0
turnup,r_0088_ENZ_YLR410W_REV,0.0,0.0
turnup,r_0089_ENZ_YLR410W_FWD,0.0,9.237810811468289e-05
turnup,r_0089_ENZ_YLR410W_REV,0.0,0.0
turnup,r_0090_ENZ_YIL107C,0.0,8.758871991787487e-05
turnup,r_0090_ENZ_YOL136C,0.0,0.0001144631212461
turnup,r_0091_ENZ_YGR248W,14.818221648923595,14.819613276264786
turnup,r_0091_ENZ_YHR163W,0.0,0.0
turnup,r_0092_ENZ_YLR410W,0.0,0.0
turnup,r_0092_ENZ_YOR163W,0.0,0.0
turnup,r_0093_ENZ_YDR017C,0.0,0.0
turnup,r_0094,0.0,-0.0
turnup,r_0095_ENZ_YGR087C,0.0,0.0003987818439936
turnup,r_0095_ENZ_YLR044C,0.0,0.0003956793401864
turnup,r_0095_ENZ_YLR134W,0.0,0.0002348690319615
turnup,r_0096_ENZ_YLR355C,0.3975379333775125,0.3975903778329437
turnup,r_0097_ENZ_YCL009C_and_YMR108W,0.0,0.0
turnup,r_0097_ENZ_YMR108W,0.3975379333779195,0.3976412382456376
turnup,r_0099_ENZ_YKL192C_FWD,0.0,0.0
turnup,r_0099_ENZ_YKL192C_REV,0.0,0.0
turnup,r_0100_ENZ_YIL160C,0.0,1.7110514434961027e-05
turnup,r_0101_ENZ_YIL160C,0.0,3.5810739371102186e-06
turnup,r_0102_ENZ_YIL160C,0.0,1.3582024633726868e-05
turnup,r_0103_ENZ_YPL028W_FWD,0.0,0.0
turnup,r_0103_ENZ_YPL028W_REV,0.0,4.297244412226897e-05
turnup,r_0104_ENZ_YPL028W_FWD,0.136458991707409,0.1364941456134341
turnup,r_0104_ENZ_YPL028W_REV,0.0,0.0
turnup,r_0105_ENZ_YIL160C,0.0,1.138975359588831e-05
turnup,r_0106_ENZ_YIL160C,0.0,2.311675992216913e-06
turnup,r_0107_ENZ_YIL160C,0.0,2.1174097191156704e-06
turnup,r_0108_ENZ_YMR207C,0.0,-0.0
turnup,r_0109_ENZ_YDL141W_and_YNR016C,0.7301805545124757,0.7301954684750809
turnup,r_0111_ENZ_YBL015W,0.0,0.0002573961578564
turnup,r_0112_ENZ_YAL054C,0.0,0.0
turnup,r_0112_ENZ_YLR153C,0.8863211020720397,0.8863741520087034
turnup,r_0113_ENZ_YAL054C,0.0,0.0002019403292123
turnup,r_0114_ENZ_YLR153C,0.0,0.0
turnup,r_0115_ENZ_YER069W,0.1138422649791977,0.1138865532418176
turnup,r_0116_ENZ_YAR071W,0.0,0.0
turnup,r_0116_ENZ_YBR092C,0.0,0.0
turnup,r_0116_ENZ_YBR093C,0.0,0.0
turnup,r_0116_ENZ_YHR215W,0.0,0.0
turnup,r_0117_ENZ_YPR002W_FWD,0.0,0.0001266001826767
turnup,r_0117_ENZ_YPR002W_REV,0.0,0.0
turnup,r_0118_ENZ_YOL140W,0.1138422649791977,0.1138865532418176
turnup,r_0119_ENZ_YPL148C,0.0,5.349847972140258e-05
turnup,r_0120_ENZ_YGL205W,0.0,3.112771688518201e-06
turnup,r_0121_ENZ_YGL205W,0.0,2.463662507630933e-06
turnup,r_0122_ENZ_YGL205W,0.0,3.581073893439087e-06
turnup,r_0123_ENZ_YGL205W,0.0,1.3582024633726868e-05
turnup,r_0124_ENZ_YGL205W,0.0,1.7110514434961027e-05
turnup,r_0125_ENZ_YGL205W,0.0,1.2555015615309612e-05
turnup,r_0126_ENZ_YCR048W_FWD,0.0,3.541965130725847e-05
turnup,r_0126_ENZ_YCR048W_REV,0.0,0.0
turnup,r_0127_ENZ_YCR048W,0.0,0.0
turnup,r_0127_ENZ_YNR019W,0.0062836472790407,0.006384423232557
turnup,r_0128_ENZ_YCR048W_FWD,0.0,2.1625732566384423e-05
turnup,r_0128_ENZ_YCR048W_REV,0.0,0.0
turnup,r_0129_ENZ_YCR048W,0.0,2.1625732566384423e-05
turnup,r_0130_ENZ_YCR048W_FWD,0.0,2.1625732566384423e-05
turnup,r_0130_ENZ_YCR048W_REV,0.0,0.0
turnup,r_0131_ENZ_YCR048W_FWD,0.0,4.017615622520445e-05
turnup,r_0131_ENZ_YCR048W_REV,0.0,0.0
turnup,r_0132_ENZ_YCR048W_FWD,0.0,3.9249778981547984e-05
turnup,r_0132_ENZ_YCR048W_REV,0.0,0.0
turnup,r_0132_ENZ_YNR019W_FWD,0.0,6.659412554100186e-05
turnup,r_0132_ENZ_YNR019W_REV,0.0,0.0
turnup,r_0133_ENZ_YCR048W_FWD,0.0,7.313785507340534e-05
turnup,r_0133_ENZ_YCR048W_REV,0.0,0.0
turnup,r_0134_ENZ_YCR048W_FWD,0.0,6.88461017630572e-05
turnup,r_0134_ENZ_YCR048W_REV,0.0,0.0
turnup,r_0135_ENZ_YCR048W_FWD,0.0,7.379675804914179e-05
turnup,r_0135_ENZ_YCR048W_REV,0.0,0.0
turnup,r_0137_ENZ_YJL091C_FWD,0.0,0.0
turnup,r_0137_ENZ_YJL091C_REV,0.0,0.0
turnup,r_0138_ENZ_YNL141W,0.0,0.0001581186572128
turnup,r_0139_ENZ_YDR441C,0.0,0.0001682165661833
turnup,r_0139_ENZ_YML022W,0.0,0.0001682165629033
turnup,r_0140_ENZ_YNL141W,0.0,7.446452566628459e-05
turnup,r_0142_ENZ_YJR105W,0.0864221594292841,0.0868204451080051
turnup,r_0143_ENZ_YML035C,0.0,0.0001489389481417
turnup,r_0144_ENZ_YER043C,0.08645674830063,0.0864976563445794
turnup,r_0145_ENZ_YOL052C,0.0001171773970203,0.0001376526324071
turnup,r_0146_ENZ_YNR058W_FWD,0.0,0.0
turnup,r_0146_ENZ_YNR058W_REV,0.0,0.0
turnup,r_0147_ENZ_YJL005W,0.0,4.158670748855908e-05
turnup,r_0148_ENZ_YDL166C,0.0,0.0
turnup,r_0148_ENZ_YDR226W,4.300108498511233,4.300201450855512
turnup,r_0149_ENZ_YER170W,0.0,0.0001909523231233
turnup,r_0150_ENZ_YER170W_FWD,0.0,0.0001998476041624
turnup,r_0150_ENZ_YER170W_REV,0.0,0.0
turnup,r_0151_ENZ_YLR359W,0.0631481700477692,0.0631626118820486
turnup,r_0152_ENZ_YLR359W_FWD,0.0805206217384306,0.0806065744300212
turnup,r_0152_ENZ_YLR359W_REV,0.0,0.0
turnup,r_0153_ENZ_YNL220W,0.0805206217384241,0.080605190067132
turnup,r_0154_ENZ_YKL001C,0.0407099671742565,0.04074466348172
turnup,r_0155_ENZ_YGR247W,0.0,0.0
turnup,r_0156_ENZ_YFL030W,0.0,0.0003597816269582
turnup,r_0157_ENZ_YOR335C,0.3250207340654046,0.3250223686562462
turnup,r_0158_ENZ_YGR177C,0.0,4.336082656292151e-05
turnup,r_0158_ENZ_YOR377W,0.0,4.523635134240367e-05
turnup,r_0159_ENZ_YGR177C,0.0,5.582045073082576e-05
turnup,r_0159_ENZ_YOR377W,0.0,0.0001218058393439
turnup,r_0160_ENZ_YGR177C,0.0,0.0001030170037326
turnup,r_0160_ENZ_YOR377W,0.0,6.324901695831109e-05
turnup,r_0161_ENZ_YGR177C,0.0,5.528918573410868e-05
turnup,r_0161_ENZ_YOR377W,0.0,0.000110813076612
turnup,r_0162_ENZ_YGR177C,0.0,2.4288876934785986e-05
turnup,r_0162_ENZ_YOR377W,0.0,2.5221006784703626e-05
turnup,r_0163_ENZ_YMR303C,0.0,0.0064207605028098
turnup,r_0164_ENZ_YDR368W,0.0,0.0
turnup,r_0164_ENZ_YHR104W,0.0,0.0
turnup,r_0165_ENZ_YGL256W,0.0,0.0023491705476402
turnup,r_0165_ENZ_YMR083W,0.0,0.0034092576985038
turnup,r_0166_ENZ_YBR145W,0.0,7.71265899271456e-05
turnup,r_0166_ENZ_YDL168W,0.0,6.989169934407125e-05
turnup,r_0166_ENZ_YOL086C,0.0,7.305148902375658e-05
turnup,r_0167_ENZ_YGL256W,0.0,7.20869392037693e-05
turnup,r_0167_ENZ_YMR083W,0.0,7.231862455117644e-05
turnup,r_0168_ENZ_YCR105W,0.0,7.506943838936353e-05
turnup,r_0168_ENZ_YDR368W,0.0,7.538647134036625e-05
turnup,r_0168_ENZ_YMR318C,0.0,7.594569369256954e-05
turnup,r_0169_ENZ_YBR145W,0.0,3.04754312512312e-05
turnup,r_0169_ENZ_YDL168W,0.0,1.4407099915902943e-05
turnup,r_0169_ENZ_YOL086C,0.0,0.0001963463881696
turnup,r_0170_ENZ_YGL256W,0.0,2.9998643770304256e-05
turnup,r_0170_ENZ_YMR083W,0.0,3.065148216579994e-05
turnup,r_0171_ENZ_YCR105W,0.0,3.000810341440008e-05
turnup,r_0171_ENZ_YMR318C,0.0,2.988540099552184e-05
turnup,r_0172_ENZ_YMR169C,0.0,0.0001387111258584
turnup,r_0172_ENZ_YMR170C,0.0,0.0001370435754739
turnup,r_0173_ENZ_YPL061W,0.8427928906075763,0.845893628055423
turnup,r_0174_ENZ_YOR374W,0.0,0.0001181132366478
turnup,r_0175_ENZ_YER073W,0.0,7.601599028073114e-05
turnup,r_0175_ENZ_YOR374W,0.0,8.82287291901207e-05
turnup,r_0176_ENZ_YOR374W,0.0,0.0
turnup,r_0177_ENZ_YPL061W,0.0,0.0
turnup,r_0178_ENZ_YER073W,0.0,0.0
turnup,r_0178_ENZ_YOR374W,0.0,0.0
turnup,r_0179_ENZ_YBR145W,0.0,3.119995582481772e-05
turnup,r_0179_ENZ_YDL168W,0.0,6.270338376818119e-05
turnup,r_0179_ENZ_YOL086C,0.0,6.508298825197434e-05
turnup,r_0180_ENZ_YGL256W,0.0,6.427884165499664e-05
turnup,r_0180_ENZ_YMR083W,0.0,6.872687641146236e-05
turnup,r_0181_ENZ_YCR105W,0.0,6.306918757462143e-05
turnup,r_0181_ENZ_YMR318C,0.0,6.366078641856232e-05
turnup,r_0182_ENZ_YBR145W,0.0,7.170613642615287e-05
turnup,r_0182_ENZ_YDL168W,0.0,7.33921642595281e-05
turnup,r_0182_ENZ_YOL086C,0.0,7.655127342987011e-05
turnup,r_0183_ENZ_YGL256W,0.0,7.549345853932743e-05
turnup,r_0183_ENZ_YMR083W,0.0,7.579581211950015e-05
turnup,r_0184_ENZ_YCR105W,0.0,6.941829636863961e-05
turnup,r_0184_ENZ_YMR318C,0.0,7.019281865730531e-05
turnup,r_0185_ENZ_YMR169C,0.0,0.0
turnup,r_0185_ENZ_YMR170C,0.0,0.0
turnup,r_0186_ENZ_YBR145W,0.0,9.552370334231508e-06
turnup,r_0186_ENZ_YDL168W,0.0,1.7483815642288514e-05
turnup,r_0186_ENZ_YOL086C,0.0,1.7483806046436623e-05
turnup,r_0187_ENZ_YGL256W,0.0,1.8613179887883025e-05
turnup,r_0187_ENZ_YMR083W,0.0,1.861317971099674e-05
turnup,r_0188_ENZ_YDR481C,0.0,3.910029512787969e-05
turnup,r_0189_ENZ_YIR029W_FWD,0.0,0.0
turnup,r_0189_ENZ_YIR029W_REV,0.0,0.0
turnup,r_0190_ENZ_YIR027C_FWD,0.0,0.0
turnup,r_0190_ENZ_YIR027C_REV,0.0,0.0
turnup,r_0191_ENZ_YBR208C,0.0,3.089843462769637e-05
turnup,r_0192_ENZ_YBR199W,0.0,0.0
turnup,r_0192_ENZ_YBR205W,0.0,0.0
turnup,r_0192_ENZ_YDR483W,0.0,0.0
turnup,r_0192_ENZ_YJL139C,0.0,0.0
turnup,r_0192_ENZ_YKR061W,0.0,0.0
turnup,r_0192_ENZ_YNL029C,0.0,0.0
turnup,r_0192_ENZ_YOR099W,0.0,0.0
turnup,r_0192_ENZ_YPL053C,0.0,0.0
turnup,r_0193_ENZ_YBR001C,0.0,6.306760719075599e-05
turnup,r_0193_ENZ_YPR026W,0.0,6.280586035810332e-05
turnup,r_0194_ENZ_YDR001C,0.0,6.718472170673395e-05
turnup,r_0195_ENZ_YBR126C_and_YDR074W_and_YML100W,0.0,0.0842500670563736
turnup,r_0195_ENZ_YBR126C_and_YDR074W_and_YMR261C,0.0,0.0842315442245061
turnup,r_0198_ENZ_YBR299W,0.0,0.0
turnup,r_0198_ENZ_YGR287C,0.0,0.0
turnup,r_0198_ENZ_YGR292W,0.0,0.0
turnup,r_0198_ENZ_YIL172C,0.0,0.0
turnup,r_0198_ENZ_YJL216C,0.0,0.0
turnup,r_0198_ENZ_YJL221C,0.0,0.0
turnup,r_0199_ENZ_YDR242W,0.0,0.0
turnup,r_0199_ENZ_YMR293C,0.0,0.0
turnup,r_0200,0.0,0.0
turnup,r_0201_ENZ_YOR374W,0.0,0.0001515691814457
turnup,r_0202_ENZ_YDR354W,0.0238624917872655,0.0239013599979115
turnup,r_0203_ENZ_YER090W_and_YKL211C,0.0238624917872655,0.0238802100159221
turnup,r_0204_ENZ_YDR305C_FWD,0.0,0.0002557973831187
turnup,r_0204_ENZ_YDR305C_REV,0.0,0.0
turnup,r_0205_ENZ_YHR104W,0.0,0.0
turnup,r_0206_ENZ_YPL111W,0.0,3.744321142136464e-05
turnup,r_0207_ENZ_YHR018C_FWD,0.1138422649791977,0.1138801002586716
turnup,r_0207_ENZ_YHR018C_REV,0.0,0.0
turnup,r_0208_ENZ_YOL058W_FWD,0.1138422649791977,0.1138801002586716
turnup,r_0208_ENZ_YOL058W_REV,0.0,0.0
turnup,r_0209_ENZ_YDR341C,0.113842264979501,0.1138424677005527
turnup,r_0210_ENZ_YHR091C,0.0,0.0
turnup,r_0211_ENZ_YGR124W,0.0,0.0
turnup,r_0211_ENZ_YPR145W,0.0720457926500593,0.0720749709415235
turnup,r_0212_ENZ_YHR019C,0.0720457926500593,0.0720457926500593
turnup,r_0213_ENZ_YCR024C,0.0,0.0
turnup,r_0214_ENZ_YJL130C,0.0661548631988809,0.0661634891555943
turnup,r_0215_ENZ_YER052C,0.1763005779141374,0.1763907610300586
turnup,r_0216_ENZ_YLR027C_FWD,0.0,0.0
turnup,r_0216_ENZ_YLR027C_REV,0.7827657246089639,0.7828219268186751
turnup,r_0217_ENZ_YKL106W,0.0,0.0
turnup,r_0218_ENZ_YLR027C_FWD,0.0,7.452957581634453e-06
turnup,r_0218_ENZ_YLR027C_REV,0.0,2.220290966814531e-05
turnup,r_0219_ENZ_YDR158W,0.1763005779136271,0.1763907610301511
turnup,r_0220_ENZ_YLL018C,0.210753434080957,0.2107538093735409
turnup,r_0221_ENZ_YPL104W,0.0,0.0
turnup,r_0222_ENZ_YDR530C,0.0,0.0002399208545433
turnup,r_0223_ENZ_YCL050C,0.0,0.0
turnup,r_0224_ENZ_YCL050C,0.0,0.0
turnup,r_0225_ENZ_YER055C,0.0469679039733534,0.0469942124163903
turnup,r_0226_ENZ_Q0080_and_Q0085_and_Q0130_and_YBL099W_and_YBR039W_and_YDL004W_and_YDR298C_and_YDR377W_and_YJR121W_and_YKL016C_and_YLR295C_and_YML081C-A_and_YPL078C_and_YPL271W_and_YDR322C-A_and_YPR020W_and_YOL077W-A,45.71119852865386,45.71209938988154
turnup,r_0227_ENZ_YCR024C-A_and_YEL017C-A_and_YGL008C,0.0,0.0002761696023314
turnup,r_0227_ENZ_YCR024C-A_and_YEL017C-A_and_YPL036W,0.0,0.0002735690095756
turnup,r_0227_ENZ_YER005W,0.0,0.0004114128085231
turnup,r_0228_ENZ_YBR110W,0.0,0.0
turnup,r_0229_ENZ_YGR286C_FWD,0.0,0.0
turnup,r_0229_ENZ_YGR286C_REV,0.0,0.0
turnup,r_0230_ENZ_YDL141W,0.0,0.0
turnup,r_0231_ENZ_YNL280C,0.0227431652845681,0.0227440732483099
turnup,r_0233_ENZ_YMR015C,0.0,1.4836633423759968e-05
turnup,r_0234_ENZ_YGL001C,0.0227431652845681,0.0227442644873649
turnup,r_0235_ENZ_YGL001C,0.0227431652845681,0.0227442644873667
turnup,r_0236_ENZ_YLR100W,0.0227431652845681,0.0227442644873667
turnup,r_0237_ENZ_YLR100W,0.0227431652845681,0.0227442644873667
turnup,r_0238_ENZ_YGR060W,0.0227431652845681,0.0227442644873667
turnup,r_0239_ENZ_YGR060W,0.0227431652845681,0.0227442644873667
turnup,r_0240_ENZ_YGR060W,0.0227431652845681,0.0227442644873667
turnup,r_0241_ENZ_YGR060W,0.0227431652845681,0.0227442644873667
turnup,r_0242_ENZ_YLR056W,0.0,1.4836633411619005e-05
turnup,r_0243_ENZ_YMR202W,0.0,1.499199682824227e-05
turnup,r_0244_ENZ_YGL012W,0.0227431652845681,0.0227439615818128
turnup,r_0249_ENZ_YDL090C_and_YKL019W,0.0,0.0
turnup,r_0250_ENZ_YJL130C,0.0,0.0
turnup,r_0250_ENZ_YJR109C_and_YOR303W,0.1799971281780787,0.1800284815883751
turnup,r_0252_ENZ_YAR035W,0.0,9.342939505607716e-05
turnup,r_0252_ENZ_YER024W,0.0,8.257500721708944e-05
turnup,r_0253_ENZ_YML042W,0.0,3.7106584180567e-05
turnup,r_0254_ENZ_YML042W,0.0,4.802205576392993e-05
turnup,r_0255_ENZ_YGR088W,0.0,0.0003676990667044
turnup,r_0256_ENZ_YDR256C,0.0,1.806802081477309e-05
turnup,r_0259_ENZ_YDR297W,0.0,0.0
turnup,r_0260_ENZ_YMR272C,0.0,0.0
turnup,r_0261_ENZ_YDR297W,0.0,0.0
turnup,r_0262_ENZ_YMR272C,0.0,0.0
turnup,r_0263_ENZ_YKL008C_and_YHL003C_and_YMR298W,0.0,3.151455997293939e-05
turnup,r_0264_ENZ_YKL008C_and_YHL003C_and_YMR298W,0.0,3.091586519465839e-05
turnup,r_0265_ENZ_YKL008C_and_YHL003C_and_YMR298W,0.0,1.742117572550087e-05
turnup,r_0266_ENZ_YKL008C_and_YHL003C_and_YMR298W,0.0,1.7137609908197733e-05
turnup,r_0267_ENZ_YMR272C,0.0,0.0
turnup,r_0268_ENZ_YMR272C,0.0,0.0
turnup,r_0269_ENZ_YMR272C,0.0,0.0
turnup,r_0270_ENZ_YMR272C,0.0,0.0
turnup,r_0271_ENZ_YLR307W,0.0,0.0
turnup,r_0271_ENZ_YLR308W,0.0,0.0
turnup,r_0272_ENZ_YBR023C,0.0,0.014560848287955
turnup,r_0272_ENZ_YBR038W,0.0,0.014560848287955
turnup,r_0272_ENZ_YNL192W,0.0,0.014560844720057
turnup,r_0273_ENZ_YLR133W,0.0,5.655918927316969e-05
turnup,r_0274_ENZ_YGR202C,0.0,3.090142377681736e-05
turnup,r_0278_ENZ_YPR060C,0.1671150677439503,0.1671392223434625
turnup,r_0279_ENZ_YGL148W,0.1910166597778566,0.1910409346790174
turnup,r_0280_ENZ_YLR304C_FWD,0.0,0.0001145614893801
turnup,r_0280_ENZ_YLR304C_REV,0.0,8.926267884514713e-05
turnup,r_0281_ENZ_YBR002C,0.0,0.0
turnup,r_0281_ENZ_YMR101C,0.0,0.0
turnup,r_0282_ENZ_YBR002C,0.0,0.0
turnup,r_0282_ENZ_YMR101C,0.0,0.0
turnup,r_0283_ENZ_YBR002C,0.0,0.0
turnup,r_0283_ENZ_YMR101C,0.0,0.0
turnup,r_0284_ENZ_YBR002C,0.0,0.0
turnup,r_0284_ENZ_YMR101C,0.0,0.0
turnup,r_0285_ENZ_YBR002C,0.0,0.0
turnup,r_0285_ENZ_YMR101C,0.0,0.0
turnup,r_0286_ENZ_YBR002C,0.0,0.0
turnup,r_0286_ENZ_YMR101C,0.0,0.0
turnup,r_0287_ENZ_YBR002C,0.0,0.0
turnup,r_0287_ENZ_YMR101C,0.0,0.0
turnup,r_0288_ENZ_YBR002C,0.0,0.0
turnup,r_0288_ENZ_YMR101C,0.0,0.0
turnup,r_0289_ENZ_YBR002C,0.0,0.0
turnup,r_0289_ENZ_YMR101C,0.0,0.0
turnup,r_0290_ENZ_YBR002C,0.0,0.0
turnup,r_0290_ENZ_YMR101C,0.0,0.0
turnup,r_0291_ENZ_YBR002C,0.0,0.0
turnup,r_0291_ENZ_YMR101C,0.0,0.0
turnup,r_0292_ENZ_YBR002C,0.0,0.0
turnup,r_0292_ENZ_YMR101C,0.0,0.0
turnup,r_0293_ENZ_YBR002C,0.0,0.0
turnup,r_0293_ENZ_YMR101C,0.0,0.0
turnup,r_0294_ENZ_YBR002C_FWD,0.0,0.0
turnup,r_0294_ENZ_YBR002C_REV,0.0,0.0
turnup,r_0294_ENZ_YMR101C_FWD,0.0,0.0
turnup,r_0294_ENZ_YMR101C_REV,0.0,0.0
turnup,r_0295_ENZ_YBR002C_FWD,0.0,0.0
turnup,r_0295_ENZ_YBR002C_REV,0.0,0.0
turnup,r_0295_ENZ_YMR101C_FWD,0.0,0.0
turnup,r_0295_ENZ_YMR101C_REV,0.0,0.0
turnup,r_0296_ENZ_YBR002C,0.0,0.0
turnup,r_0296_ENZ_YMR101C,0.0,0.0
turnup,r_0297_ENZ_YBR002C,0.0,0.0
turnup,r_0297_ENZ_YMR101C,0.0,0.0
turnup,r_0298_ENZ_YBR002C,0.0,0.0
turnup,r_0298_ENZ_YMR101C,0.0,0.0
turnup,r_0299_ENZ_YBR002C,0.0,0.0
turnup,r_0299_ENZ_YMR101C,0.0,0.0
turnup,r_0300_ENZ_YNR001C,0.853495931525825,0.853917148771238
turnup,r_0300_ENZ_YPR001W,0.0,0.0021242840295085
turnup,r_0301_ENZ_YCR005C,0.0,4.596328770308661e-05
turnup,r_0302_ENZ_YLR304C_FWD,0.0,0.0001230545608617
turnup,r_0302_ENZ_YLR304C_REV,0.0,7.548946168856206e-05
turnup,r_0303_ENZ_YLR304C_FWD,0.0,0.0001213923021623
turnup,r_0303_ENZ_YLR304C_REV,0.0,6.405565148148717e-05
turnup,r_0304_ENZ_YDR044W,0.0,3.1100663926073024e-06
turnup,r_0306_ENZ_YBL039C,0.0,0.0002295593636452
turnup,r_0306_ENZ_YJR103W,0.0,0.0002295593618104
turnup,r_0307_ENZ_YBL039C,0.0,0.0308479581130676
turnup,r_0307_ENZ_YJR103W,0.0,0.0304828159677379
turnup,r_0308_ENZ_YFR055W,0.0,0.0001324923620556
turnup,r_0308_ENZ_YGL184C,0.0,0.0001179379221738
turnup,r_0309_ENZ_YGR155W,0.0047933322395143,0.0049319325201192
turnup,r_0310_ENZ_YAL012W,0.0047933322395143,0.0048586157278562
turnup,r_0311_ENZ_YJR130C,0.0,6.574738748671427e-05
turnup,r_0312_ENZ_YLR303W,0.0,0.0
turnup,r_0313_ENZ_YNL247W,0.0046755381193716,0.0046755464451899
turnup,r_0314_ENZ_YLR245C,0.0,8.524663287180767e-05
turnup,r_0315_ENZ_YNR012W,0.0,0.0002527469443371
turnup,r_0317_ENZ_YHR007C_and_YHR042W,0.0227431652845681,0.0227440732483099
turnup,r_0318_ENZ_YPR062W,0.0,9.34311197520188e-05
turnup,r_0319_ENZ_YML086C,0.0,0.0
turnup,r_0320_ENZ_YMR041C,0.0,0.0
turnup,r_0321_ENZ_YBR149W,0.0,0.0
turnup,r_0322_ENZ_YKL060C_FWD,0.0,0.0
turnup,r_0322_ENZ_YKL060C_REV,0.0,0.0
turnup,r_0323_ENZ_YDL246C,0.0,0.0
turnup,r_0323_ENZ_YJR159W,0.0,0.0
turnup,r_0326_ENZ_YHR144C_FWD,0.0017939554056969,0.0022279152326834
turnup,r_0326_ENZ_YHR144C_REV,0.0,0.0
turnup,r_0327_ENZ_YHR144C,0.0,0.0001923130362622
turnup,r_0328_ENZ_YNL141W,0.0,0.0
turnup,r_0329_ENZ_YLR245C,0.0,8.222495068821445e-05
turnup,r_0330_ENZ_YDR454C_FWD,0.0,0.0
turnup,r_0330_ENZ_YDR454C_REV,0.0011655929426141,0.001480137982866
turnup,r_0331_ENZ_YHR068W,0.0,0.0
turnup,r_0332_ENZ_YCR036W,0.0,0.0
turnup,r_0334_ENZ_YDR196C,0.0,7.337602258883358e-05
turnup,r_0335_ENZ_YNR057C_FWD,0.0,0.0
turnup,r_0335_ENZ_YNR057C_REV,0.0,0.0
turnup,r_0340_ENZ_YPL087W_FWD,0.0,3.438946555255195e-05
turnup,r_0340_ENZ_YPL087W_REV,0.0,1.722337114259953e-05
turnup,r_0341_ENZ_YPL087W_FWD,0.0,0.0
turnup,r_0341_ENZ_YPL087W_REV,0.0,0.0001831768737675
turnup,r_0342_ENZ_YPL087W,0.0,0.0005625402492386
turnup,r_0343_ENZ_YPL087W,0.0,0.000116594921396
turnup,r_0344_ENZ_YOR236W,0.0022593034499088,0.0022680657465923
turnup,r_0345_ENZ_YOR236W,0.0,0.0
turnup,r_0346_ENZ_YMR113W,3.910024752798447e-05,3.910024752798447e-05
turnup,r_0347_ENZ_YNL256W,3.910024752798447e-05,3.910024752798447e-05
turnup,r_0348_ENZ_YDL100C,0.0,3.910032702991026e-05
turnup,r_0349_ENZ_YLR420W_FWD,0.0,0.0
turnup,r_0349_ENZ_YLR420W_REV,0.0661548631988811,0.0661735997984912
turnup,r_0350_ENZ_YNL256W,0.0,3.9100317945136366e-05
turnup,r_0351_ENZ_YNL256W,0.0,3.91003307385767e-05
turnup,r_0352_ENZ_YJR016C,0.3975379333775125,0.3975680598526025
turnup,r_0353_ENZ_YJR016C,0.1365115445484081,0.1365942873055204
turnup,r_0354_ENZ_YFL053W,0.0,0.0001401551908228
turnup,r_0354_ENZ_YML070W,0.0,9.072332200954492e-05
turnup,r_0355_ENZ_YJL167W,0.0454863305691363,0.045492608483907
turnup,r_0356_ENZ_YKL152C_FWD,0.0,0.0
turnup,r_0356_ENZ_YKL152C_REV,0.0,0.0
turnup,r_0357_ENZ_YOR163W,0.0,9.23080388410824e-05
turnup,r_0358_ENZ_YDR017C,0.0,0.0001110192230804
turnup,r_0359_ENZ_YLR172C,0.0,-0.0
turnup,r_0360_ENZ_YMR013C,0.0,-0.0
turnup,r_0361_ENZ_YPR183W,0.4329643008260738,0.4329643008260738
turnup,r_0362_ENZ_YAL023C_and_YDL095W,0.0,0.4329643008260738
turnup,r_0362_ENZ_YDL093W,0.0,0.4329647259668644
turnup,r_0362_ENZ_YJR143C,0.0,0.4329647259668644
turnup,r_0362_ENZ_YOR321W,0.0,0.4329647259668644
turnup,r_0363_ENZ_YJR057W,0.0,0.0001857195793897
turnup,r_0364_ENZ_YBR252W,0.0,0.0004555860670064
turnup,r_0364_ENZ_YJR069C,0.0,0.0004119474731802
turnup,r_0365_ENZ_YJR153W,0.0,0.0
turnup,r_0366_ENZ_YGR254W_FWD,5.510671897293441,5.512949421518643
turnup,r_0366_ENZ_YGR254W_REV,0.0,0.0004393177639694
turnup,r_0366_ENZ_YHR174W_FWD,0.0,0.0
turnup,r_0366_ENZ_YHR174W_REV,0.0,0.0004074280771093
turnup,r_0366_ENZ_YMR323W_FWD,0.0,0.0041025250130415
turnup,r_0366_ENZ_YMR323W_REV,0.0,0.0
turnup,r_0366_ENZ_YOR393W_FWD,0.0,0.004072456948724
turnup,r_0366_ENZ_YOR393W_REV,0.0,0.0
turnup,r_0366_ENZ_YPL281C_FWD,0.0,0.0040853983290292
turnup,r_0366_ENZ_YPL281C_REV,0.0,0.0
turnup,r_0368_ENZ_YDR147W,0.0,0.0
turnup,r_0368_ENZ_YLR133W,0.0,0.0
turnup,r_0369_ENZ_YOR126C,0.0,0.0055130169575041
turnup,r_0370_ENZ_YDR261C,0.0,0.0
turnup,r_0370_ENZ_YGR282C,0.0,0.0
turnup,r_0370_ENZ_YLR300W,0.0,0.0
turnup,r_0370_ENZ_YNR067C,0.0,0.0
turnup,r_0370_ENZ_YOR190W,0.0,0.0
turnup,r_0373_ENZ_YPL069C,0.0,0.0
turnup,r_0399_ENZ_YER015W_FWD,0.0,7.910371625215522e-05
turnup,r_0399_ENZ_YER015W_REV,0.0,4.672927869283268e-06
turnup,r_0400_ENZ_YER015W_FWD,0.0,5.532588879389455e-05
turnup,r_0400_ENZ_YER015W_REV,0.0,8.008967796036834e-05
turnup,r_0402_ENZ_YER015W_FWD,0.0,7.998352054876683e-05
turnup,r_0402_ENZ_YER015W_REV,0.0,8.023769078273758e-05
turnup,r_0410_ENZ_YER015W_FWD,0.0,7.80385449187614e-05
turnup,r_0410_ENZ_YER015W_REV,0.0,8.22840067893497e-05
turnup,r_0412_ENZ_YER015W_FWD,0.0,3.1090436434844104e-05
turnup,r_0412_ENZ_YER015W_REV,0.0,8.15235263179617e-06
turnup,r_0436_ENZ_YOR176W,0.0,3.1100663926073024e-06
turnup,r_0437_ENZ_YEL039C_and_YKR066C,0.0,0.0
turnup,r_0437_ENZ_YJR048W_and_YKR066C,0.0,0.0
turnup,r_0438_ENZ_Q0045_and_Q0250_and_Q0275_and_YDL067C_and_YEL039C_and_YGL187C_and_YGL191W_and_YHR051W_and_YIL111W_and_YLR038C_and_YLR395C_and_YMR256C,0.0,70.24911059966983
turnup,r_0438_ENZ_Q0045_and_Q0250_and_Q0275_and_YDL067C_and_YEL039C_and_YGL187C_and_YGL191W_and_YHR051W_and_YLR038C_and_YLR395C_and_YMR256C_and_YNL052W,0.0,70.2500850655247
turnup,r_0438_ENZ_Q0045_and_Q0250_and_Q0275_and_YDL067C_and_YGL187C_and_YGL191W_and_YHR051W_and_YIL111W_and_YJR048W_and_YLR038C_and_YLR395C_and_YMR256C,0.0,70.2500850655247
turnup,r_0438_ENZ_Q0045_and_Q0250_and_Q0275_and_YDL067C_and_YGL187C_and_YGL191W_and_YHR051W_and_YJR048W_and_YLR038C_and_YLR395C_and_YMR256C_and_YNL052W,0.0,70.2500850655247
turnup,r_0438_ENZ_Q0045_and_Q0250_and_Q0275_and_YDL067C_and_YHR116W_and_YDR231C_and_YGR062C_and_YJL003W_and_YPL132W_and_YLL018C-A,0.0,70.2500850655247
turnup,r_0439_ENZ_Q0105_and_YBL045C_and_YDR529C_and_YEL024W_and_YEL039C_and_YFR033C_and_YGR183C_and_YHR001W-A_and_YJL166W_and_YOR065W_and_YPR191W,0.0,35.124553136458985
turnup,r_0439_ENZ_Q0105_and_YBL045C_and_YDR529C_and_YEL024W_and_YFR033C_and_YGR183C_and_YHR001W-A_and_YJL166W_and_YJR048W_and_YOR065W_and_YPR191W,0.0,35.12449024168653
turnup,r_0440_ENZ_YDL045C,0.0,6.167242416846032e-06
turnup,r_0441_ENZ_YLR011W,0.0,0.0004915347746804
turnup,r_0442_ENZ_YLR011W,0.0,0.0009000897248159
turnup,r_0443_ENZ_YDL168W,0.0,-0.0
turnup,r_0445_ENZ_YOR388C,0.676118846226254,0.6764378045430172
turnup,r_0446_ENZ_YGR204W,0.0,0.0002071780248824
turnup,r_0447_ENZ_YBR084W_FWD,0.0,0.0
turnup,r_0447_ENZ_YBR084W_REV,0.6475499738296643,0.6479468021104523
turnup,r_0448_ENZ_YJL155C,0.0,5.866036797996799e-05
turnup,r_0448_ENZ_YLR345W,0.0,5.111408270863649e-05
turnup,r_0449_ENZ_YLR377C,0.0,0.000121685522472
turnup,r_0450_ENZ_YKL060C_FWD,0.7911830706835775,0.7935457046127035
turnup,r_0450_ENZ_YKL060C_REV,0.0,0.0005732837125713
turnup,r_0451_ENZ_YPL262W_FWD,0.0,0.0004262973298443
turnup,r_0451_ENZ_YPL262W_REV,0.0,2.112185539210332e-05
turnup,r_0452_ENZ_YPL262W_FWD,0.2572626336406374,0.2594039391106836
turnup,r_0452_ENZ_YPL262W_REV,0.0,0.0018967918671116
turnup,r_0453_ENZ_YKL216W,0.0661548631988811,0.0661724937044876
turnup,r_0454_ENZ_YEL047C_FWD,0.0,0.0006422268838933
turnup,r_0454_ENZ_YEL047C_REV,0.0,6.167237712977316e-06
turnup,r_0455_ENZ_YEL047C_FWD,0.0,6.16723288848233e-06
turnup,r_0455_ENZ_YEL047C_REV,0.0,0.0
turnup,r_0457_ENZ_YLR299W,0.0,0.0
turnup,r_0458_ENZ_YBR020W,0.0,-0.0
turnup,r_0459_ENZ_YBR018C,0.0,1000.0
turnup,r_0460_ENZ_YJL101C,0.0,4.482185021714713e-05
turnup,r_0461,0.0,0.0
turnup,r_0462_ENZ_YJL167W,0.0454863285209419,0.0454863285209419
turnup,r_0463_ENZ_YPR184W,0.0,0.0001857195789284
turnup,r_0464_ENZ_YIL099W,0.0,0.0001550128273906
turnup,r_0465,0.0,0.0001789600299021
turnup,r_0466_ENZ_YNL241C,14.818176422955348,14.819623648324034
turnup,r_0467_ENZ_YBR196C_FWD,0.0,0.0
turnup,r_0467_ENZ_YBR196C_REV,8.435670736015101,8.439923403949832
turnup,r_0468_ENZ_YDR300C,0.1166316419395327,0.1168890939057076
turnup,r_0469_ENZ_YMR250W,0.0,0.0001543254631029
turnup,r_0470_ENZ_YDL215C,0.0,0.0007340051502291
turnup,r_0471_ENZ_YAL062W,0.0,0.0
turnup,r_0471_ENZ_YOR375C,3.6900053152454886,3.690612451906743
turnup,r_0472_ENZ_YDL171C,0.0,0.0002087629144718
turnup,r_0473_ENZ_YOR323C,0.1166316419395327,0.1168890939057076
turnup,r_0475_ENZ_YFL060C,0.0,0.0002199417663665
turnup,r_0475_ENZ_YNL334C,0.0,0.0002166354366217
turnup,r_0476_ENZ_YPR035W,0.5717762213536348,0.5720072616074603
turnup,r_0477_ENZ_YKL104C,0.0145608329189599,0.0146592090193318
turnup,r_0478_ENZ_YOR168W,0.0746669298155976,0.0746669298155976
turnup,r_0479_ENZ_YGL245W,0.2137996168076455,0.2137996168076455
turnup,r_0480_ENZ_YOL033W,0.0,0.0
turnup,r_0481_ENZ_YCL035C_and_YPL091W,0.0,0.0004085241444764
turnup,r_0481_ENZ_YDR098C_and_YPL091W,0.0,0.0004295835285978
turnup,r_0481_ENZ_YDR513W_and_YPL091W,0.0,0.0004305073799333
turnup,r_0481_ENZ_YER174C_and_YPL091W,0.0,0.0004296406673294
turnup,r_0482_ENZ_YPL059W_and_YPL091W,0.0,0.0
turnup,r_0483_ENZ_YBR244W,0.0,0.0004307674662034
turnup,r_0483_ENZ_YCL035C,0.0,0.000391303055306
turnup,r_0483_ENZ_YDR513W,0.0,0.0003325146013146
turnup,r_0483_ENZ_YIR037W,0.0,0.0003986929616548
turnup,r_0483_ENZ_YKL026C,0.0,0.0003526168231591
turnup,r_0483_ENZ_YNL229C,0.0,0.0003933679972596
turnup,r_0484_ENZ_YPL059W,0.0,0.0
turnup,r_0485_ENZ_YOL049W,0.0,8.113215104899041e-05
turnup,r_0486_ENZ_YGR192C_FWD,0.0,0.0
turnup,r_0486_ENZ_YGR192C_REV,0.0,0.0
turnup,r_0486_ENZ_YJL052W_FWD,0.0,0.0
turnup,r_0486_ENZ_YJL052W_REV,0.0,0.0
turnup,r_0486_ENZ_YJR009C_FWD,6.310639953781778,6.3126189226444565
turnup,r_0486_ENZ_YJR009C_REV,0.0,0.0
turnup,r_0487_ENZ_YOR120W,0.0,0.0002045683169209
turnup,r_0488_ENZ_YHL032C,0.0,0.000231689565556
turnup,r_0489_ENZ_YER062C,0.0,0.0002173093388257
turnup,r_0489_ENZ_YIL053W,0.0,0.00018948409339
turnup,r_0490_ENZ_YIL155C,0.0,0.0011711619411541
turnup,r_0491_ENZ_YDL022W,0.0,0.0220065824737065
turnup,r_0491_ENZ_YOL059W,0.0,0.0207146424897395
turnup,r_0492_ENZ_YOL059W,0.0,0.0128935512851967
turnup,r_0497_ENZ_YPL110C,0.0,1.5329968103840456e-05
turnup,r_0499_ENZ_YDR408C,0.0631481700477729,0.0631655529118824
turnup,r_0500,0.0,0.0
turnup,r_0501_ENZ_YAL044C_and_YDR019C_and_YFL018C_and_YMR189W,0.0,0.3386973457014848
turnup,r_0502_ENZ_YLR058C_FWD,0.2974505274339454,0.2979194576587939
turnup,r_0502_ENZ_YLR058C_REV,0.0,0.0
turnup,r_0503_ENZ_YBR263W_FWD,0.3092863261538731,0.3096273295264938
turnup,r_0503_ENZ_YBR263W_REV,0.0,0.0005537013797478
turnup,r_0504_ENZ_YAL044C_and_YDR019C_and_YFL018C_and_YMR189W,0.0,0.0004507147840194
turnup,r_0505_ENZ_YAL044C_and_YDR019C_and_YFL018C_and_YMR189W,0.0,0.0008565114119869
turnup,r_0505_ENZ_YDR148C_and_YFL018C_and_YIL125W,0.0,0.0008703836381175
turnup,r_0506_ENZ_YAL044C_and_YDR019C_and_YFL018C_and_YMR189W,0.0,0.3386978361464188
turnup,r_0507_ENZ_YAL044C_and_YDR019C_and_YFL018C_and_YMR189W,0.0,0.3386978361464188
turnup,r_0508_ENZ_YAL044C_and_YDR019C_and_YFL018C_and_YMR189W,0.0,0.3386978361464188
turnup,r_0509_ENZ_YAL044C_and_YDR019C_and_YFL018C_and_YMR189W,0.0,0.0017443217471661
turnup,r_0510_ENZ_YFR015C_and_YJL137C,0.0,0.2205132512873697
turnup,r_0510_ENZ_YFR015C_and_YKR058W,0.0,0.220488010101403
turnup,r_0510_ENZ_YJL137C_and_YLR258W,0.0,0.220206175821767
turnup,r_0510_ENZ_YKR058W_and_YLR258W,0.0,0.2203130395514747
turnup,r_0511_ENZ_YPR160W,0.0,0.0003814364033879
turnup,r_0512_ENZ_YBR121C,0.0,0.2057239191404557
turnup,r_0512_ENZ_YPR081C,0.0,0.2057239767054032
turnup,r_0514_ENZ_YMR217W,0.0295954522827184,0.0296438653653998
turnup,r_0518_ENZ_YMR281W_FWD,0.0,0.0
turnup,r_0518_ENZ_YMR281W_REV,0.0,0.0
turnup,r_0519_ENZ_YCL052C_and_YJR013W_FWD,0.0,0.0
turnup,r_0519_ENZ_YCL052C_and_YJR013W_REV,0.0,0.0
turnup,r_0520_ENZ_YKL165C_FWD,0.0,0.0
turnup,r_0520_ENZ_YKL165C_REV,0.0,0.0
turnup,r_0521_ENZ_YBR004C_FWD,0.0,0.0
turnup,r_0521_ENZ_YBR004C_REV,0.0,0.0
turnup,r_0522_ENZ_YGL142C_FWD,0.0,0.0
turnup,r_0522_ENZ_YGL142C_REV,0.0,0.0
turnup,r_0523_ENZ_YDR302W_FWD,0.0,0.0
turnup,r_0523_ENZ_YDR302W_REV,0.0,0.0
turnup,r_0523_ENZ_YLL031C_FWD,0.0,0.0
turnup,r_0523_ENZ_YLL031C_REV,0.0,0.0
turnup,r_0524_ENZ_YGR267C,3.910024752801222e-05,3.9100302434243456e-05
turnup,r_0525_ENZ_YBL033C,0.0006105558733224,0.0006167246189391
turnup,r_0526_ENZ_YDL238C,0.0,2.643367663867149e-05
turnup,r_0527_ENZ_YDR399W,0.0,5.395097956209516e-05
turnup,r_0528_ENZ_YDR454C,0.0,0.0023208619242288
turnup,r_0529_ENZ_YDR454C_FWD,0.0,0.0023157032959824
turnup,r_0529_ENZ_YDR454C_REV,0.0,0.0001184910873703
turnup,r_0530_ENZ_YDR376W_and_YPL252C,0.0,1.595262583725665e-06
turnup,r_0530_ENZ_YER141W,0.0,1.4159682927353257e-06
turnup,r_0531_ENZ_YPL172C,0.0,3.1100663926073024e-06
turnup,r_0532_ENZ_YDR204W_and_YGR255C_and_YLR201C_and_YML110C_and_YOL096C_and_YOR125C,0.0,0.0
turnup,r_0533_ENZ_YFR053C,0.0,0.0
turnup,r_0533_ENZ_YGL253W,0.0,0.0
turnup,r_0533_ENZ_YLR446W,0.0,0.0
turnup,r_0534_ENZ_YCL040W,0.0,7.38271129885756
turnup,r_0534_ENZ_YDR516C,0.0,7.383230882163963
turnup,r_0534_ENZ_YFR053C,0.0,7.382755299423944
turnup,r_0534_ENZ_YGL253W,0.0,7.382755299425506
turnup,r_0534_ENZ_YLR446W,0.0,7.383230882163963
turnup,r_0535_ENZ_YFR053C,0.0,0.0
turnup,r_0535_ENZ_YGL253W,0.0,0.0
turnup,r_0535_ENZ_YLR446W,0.0,0.0
turnup,r_0536_ENZ_YCL030C,0.0469679039733534,0.0469771921830789
turnup,r_0537_ENZ_YFR025C,0.0469679039733534,0.0469771921830792
turnup,r_0538_ENZ_YIL116W,0.0469679039733534,0.0469771921830792
turnup,r_0539_ENZ_YPR033C,0.0469679039742921,0.0469679876109176
turnup,r_0540_ENZ_YPR033C,0.0,0.0
turnup,r_0541_ENZ_YBR034C,0.0,0.0
turnup,r_0542_ENZ_YDR234W_FWD,0.2027483266555023,0.2027814509449762
turnup,r_0542_ENZ_YDR234W_REV,0.0,0.0
turnup,r_0542_ENZ_YJL200C_FWD,0.0,0.0
turnup,r_0542_ENZ_YJL200C_REV,0.0,0.0
turnup,r_0543_ENZ_YDL131W,0.0,0.0
turnup,r_0543_ENZ_YDL182W,0.0,0.0
turnup,r_0544_ENZ_YLL062C,0.0,4.750277948455117e-05
turnup,r_0544_ENZ_YPL273W,0.0,2.4352314040299028e-05
turnup,r_0545_ENZ_YIL094C,0.2027483266555023,0.2027567847710886
turnup,r_0546_ENZ_YJR139C,0.1582149030627576,0.176390761030067
turnup,r_0547_ENZ_YJR139C,0.0,0.0099880326632184
turnup,r_0548_ENZ_YHR025W,0.1355906107393707,0.135680793855736
turnup,r_0549_ENZ_YNL277W,0.0407099671742564,0.0407435328382415
turnup,r_0550_ENZ_YDR453C_and_YGR209C,0.0,0.0004817611509406
turnup,r_0550_ENZ_YDR453C_and_YLR043C,0.0,0.0004804914702749
turnup,r_0551_ENZ_YBL064C_and_YCR083W,0.0,0.0
turnup,r_0552_ENZ_YGR209C_and_YLR109W,0.0,3.783887629432714e-05
turnup,r_0552_ENZ_YLR043C_and_YLR109W,0.0,3.545647350001674e-05
turnup,r_0553_ENZ_YDR272W,0.0,0.0003863275859047
turnup,r_0554_ENZ_YOR040W,0.0,-0.0
turnup,r_0555_ENZ_YNR041C,0.0,0.0
turnup,r_0556_ENZ_YPL214C,0.0,2.669690070078445e-05
turnup,r_0557_ENZ_YDL205C,0.0,3.1100663926073024e-06
turnup,r_0558_ENZ_YLR450W,0.136458991707409,0.1364683650962908
turnup,r_0558_ENZ_YML075C,0.0,0.0
turnup,r_0560_ENZ_YML126C,0.136458991707409,0.1364941456122726
turnup,r_0561_ENZ_YOL055C,0.0,5.185693454040195e-05
turnup,r_0561_ENZ_YPL258C,0.0,2.669689735412817e-05
turnup,r_0561_ENZ_YPR121W,0.0,4.553840032704557e-05
turnup,r_0562_ENZ_YDR399W,0.0,6.357753752840589e-05
turnup,r_0563_ENZ_YBR248C,0.0469679039733534,0.0469942124163903
turnup,r_0564_ENZ_YOR202W,0.0469679039733534,0.0469942124163903
turnup,r_0565_ENZ_YHR216W,0.0,0.0296113140944562
turnup,r_0565_ENZ_YLR432W,0.0,0.029608773836777
turnup,r_0565_ENZ_YML056C,0.0,0.029608773836777
turnup,r_0566_ENZ_YKL211C,0.0238624917872646,0.0238837140681038
turnup,r_0567_ENZ_YGR087C,0.0,9.674253758140685e-06
turnup,r_0567_ENZ_YLR044C,0.0,9.674194345832277e-06
turnup,r_0567_ENZ_YLR134W,0.0,9.674527431779987e-06
turnup,r_0568_ENZ_YBR011C,0.0,0.0016913490700858
turnup,r_0569_ENZ_YMR267W,4.373780633678607,4.3756518072849815
turnup,r_0570_ENZ_YLR028C_FWD,0.0,0.1101404270535768
turnup,r_0570_ENZ_YLR028C_REV,0.0,0.0
turnup,r_0570_ENZ_YMR120C_FWD,0.0,0.1101354429857214
turnup,r_0570_ENZ_YMR120C_REV,0.0,0.0
turnup,r_0571_ENZ_YDR315C,0.0,7.655032379005888e-05
turnup,r_0572_ENZ_YDR173C,0.0,0.0
turnup,r_0573_ENZ_YDR173C,0.0,0.0
turnup,r_0574_ENZ_YDR173C,0.0,0.0
turnup,r_0575_ENZ_YDR173C,0.0,0.0
turnup,r_0596_ENZ_YER019W,0.0,0.0
turnup,r_0597_ENZ_YER019W,0.0,0.0
turnup,r_0598_ENZ_YER019W,0.0,0.0
turnup,r_0599_ENZ_YER019W,0.0,0.0
turnup,r_0600_ENZ_YER019W,0.0,0.0
turnup,r_0601_ENZ_YER019W,0.0,0.0
turnup,r_0602_ENZ_YER019W,0.0,0.0
turnup,r_0603_ENZ_YER019W,0.0,0.0
turnup,r_0604_ENZ_YER019W,0.0,0.0
turnup,r_0605_ENZ_YER019W,0.0,0.0
turnup,r_0606_ENZ_YER019W,0.0,0.0
turnup,r_0607_ENZ_YER019W,0.0,0.0
turnup,r_0608_ENZ_YER019W,0.0,0.0
turnup,r_0609_ENZ_YER019W,0.0,0.0
turnup,r_0610_ENZ_YER019W,0.0,0.0
turnup,r_0611_ENZ_YER019W,0.0,0.0
turnup,r_0612_ENZ_YER019W,0.0,0.0
turnup,r_0613_ENZ_YER019W,0.0,0.0
turnup,r_0614_ENZ_YER019W,0.0,0.0
turnup,r_0615_ENZ_YER019W,0.0,0.0
turnup,r_0616_ENZ_YER019W,0.0,-0.0
turnup,r_0617_ENZ_YER019W,0.0,-0.0
turnup,r_0618_ENZ_YER019W,0.0,-0.0
turnup,r_0619_ENZ_YER019W,0.0,-0.0
turnup,r_0620_ENZ_YER019W,0.0,-0.0
turnup,r_0621_ENZ_YER019W,0.0,-0.0
turnup,r_0622_ENZ_YER019W,0.0,-0.0
turnup,r_0623_ENZ_YER019W,0.0,-0.0
turnup,r_0624_ENZ_YER019W,0.0,-0.0
turnup,r_0625_ENZ_YER019W,0.0,-0.0
turnup,r_0626_ENZ_YER019W,0.0,-0.0
turnup,r_0627_ENZ_YER019W,0.0,-0.0
turnup,r_0628_ENZ_YER019W,0.0,-0.0
turnup,r_0629_ENZ_YER019W,0.0,-0.0
turnup,r_0630_ENZ_YER019W,0.0,-0.0
turnup,r_0631_ENZ_YER019W,0.0,-0.0
turnup,r_0632_ENZ_YER019W,0.0,-0.0
turnup,r_0633_ENZ_YER019W,0.0,-0.0
turnup,r_0634_ENZ_YER019W,0.0,-0.0
turnup,r_0635_ENZ_YER019W,0.0,-0.0
turnup,r_0636_ENZ_YER019W,0.0,-0.0
turnup,r_0637_ENZ_YER019W,0.0,-0.0
turnup,r_0638_ENZ_YER019W,0.0,-0.0
turnup,r_0639_ENZ_YER019W,0.0,-0.0
turnup,r_0640_ENZ_YER019W,0.0,-0.0
turnup,r_0641_ENZ_YER019W,0.0,-0.0
turnup,r_0642_ENZ_YER019W,0.0,-0.0
turnup,r_0643_ENZ_YER019W,0.0,-0.0
turnup,r_0644_ENZ_YER019W,0.0,-0.0
turnup,r_0645_ENZ_YER019W,0.0,-0.0
turnup,r_0646_ENZ_YER019W,0.0,8.417775509508198e-05
turnup,r_0647_ENZ_YER019W,0.0,8.631637165090744e-05
turnup,r_0648_ENZ_YER019W,0.0,8.857775777897092e-05
turnup,r_0649_ENZ_YER019W,0.0,9.236002256253916e-05
turnup,r_0650_ENZ_YER019W,0.0,4.9529639440493136e-05
turnup,r_0651_ENZ_YER019W,0.0,5.669821773370693e-05
turnup,r_0652_ENZ_YER019W,0.0,5.042847668856355e-05
turnup,r_0653_ENZ_YER019W,0.0,9.985931610635624e-05
turnup,r_0654_ENZ_YER019W,0.0,9.553168368386586e-05
turnup,r_0655_ENZ_YER019W,0.0,5.120036386330183e-05
turnup,r_0656_ENZ_YOR126C,0.0,0.0001157386002022
turnup,r_0657_ENZ_YOR126C,0.0,6.0734328811151705e-05
turnup,r_0658_ENZ_YNL037C_and_YOR136W,0.8518757152760272,0.8540871896790818
turnup,r_0659_ENZ_YLR174W_FWD,0.0,0.0016590363123571
turnup,r_0659_ENZ_YLR174W_REV,0.0,0.0012139774414237
turnup,r_0661_ENZ_YNL009W,0.0,2.910631036003681e-06
turnup,r_0662_ENZ_YER065C,0.0,0.0003503834685032
turnup,r_0663_ENZ_YJR148W_FWD,0.0,0.0
turnup,r_0663_ENZ_YJR148W_REV,0.1363553160818507,0.1374519153478169
turnup,r_0664_ENZ_YHR208W_FWD,0.0,0.0
turnup,r_0664_ENZ_YHR208W_REV,0.0,8.630766144590574e-05
turnup,r_0665_ENZ_YBL076C,0.1365115445484081,0.1365115445484081
turnup,r_0666_ENZ_YPL040C,0.0,0.0
turnup,r_0667_ENZ_YPL117C_FWD,0.0454863285969328,0.0454863285969328
turnup,r_0667_ENZ_YPL117C_REV,0.0,0.0
turnup,r_0668_ENZ_YGR244C_and_YOR142W_FWD,0.0,0.0
turnup,r_0668_ENZ_YGR244C_and_YOR142W_REV,0.0,0.0
turnup,r_0669_ENZ_YLR355C,0.1365115445484081,0.1365521157329448
turnup,r_0670_ENZ_YLR231C,0.0,4.141187783729058e-05
turnup,r_0671_ENZ_YBL098W,0.0037435093367212,0.0037442539080028
turnup,r_0672_ENZ_YHR037W_FWD,0.0,0.0
turnup,r_0672_ENZ_YHR037W_REV,0.0,0.0001408650853499
turnup,r_0673_ENZ_YHR037W_FWD,0.0,0.0002738839368165
turnup,r_0673_ENZ_YHR037W_REV,0.0,0.0
turnup,r_0674_ENZ_YLR089C_FWD,0.0,0.0
turnup,r_0674_ENZ_YLR089C_REV,0.0,0.0001351755780184
turnup,r_0675_ENZ_YEL046C,0.0,-0.0
turnup,r_0676_ENZ_YMR226C_FWD,0.0,0.0
turnup,r_0676_ENZ_YMR226C_REV,0.0,0.0
turnup,r_0678_ENZ_YBR115C_and_YGL154C,0.2027483266555023,0.2027794163677595
turnup,r_0679_ENZ_YDR321W,0.0,3.337239196514463e-05
turnup,r_0680_ENZ_YLR155C,0.0,5.809240016618755e-05
turnup,r_0680_ENZ_YLR157C,0.0,2.9859194493900287e-05
turnup,r_0680_ENZ_YLR158C,0.0,2.985919922723901e-05
turnup,r_0680_ENZ_YLR160C,0.0,2.985909090257033e-05
turnup,r_0681_ENZ_YLR027C,0.0,0.0
turnup,r_0682_ENZ_YKL106W,0.0,0.0
turnup,r_0683_ENZ_YLR027C,0.0,0.0
turnup,r_0687_ENZ_YER023W,0.0,0.0021099107583201
turnup,r_0688_ENZ_YHR104W,0.0,0.0002263190559403
turnup,r_0688_ENZ_YOL151W,0.0,0.0002810160913933
turnup,r_0689_ENZ_YCL064C,0.0,8.764868071815118e-05
turnup,r_0690_ENZ_YMR226C,0.0,0.0
turnup,r_0691_ENZ_YJR159W,0.0,0.0
turnup,r_0692_ENZ_YCL064C,0.0,4.924037397838199e-05
turnup,r_0693_ENZ_YER086W,0.0,4.924037397838199e-05
turnup,r_0694_ENZ_YJR078W,0.0037435093367212,0.003782377578909
turnup,r_0695_ENZ_YDR403W,0.0,1.62380691881292e-05
turnup,r_0696_ENZ_YOL151W,0.0,0.0002658695000121
turnup,r_0697_ENZ_YML004C,0.0,0.0005474711836232
turnup,r_0698_ENZ_YHR072W,0.0227431652845681,0.0227461034638333
turnup,r_0699_ENZ_YJR148W_FWD,0.0,0.0
turnup,r_0699_ENZ_YJR148W_REV,0.2099741750882913,0.210036755790959
turnup,r_0700_ENZ_YHR208W_FWD,0.0,0.0
turnup,r_0700_ENZ_YHR208W_REV,0.0,0.0
turnup,r_0701_ENZ_YPL160W,0.2099741750886768,0.209975231471847
turnup,r_0702_ENZ_YLR382C,0.0,0.0
turnup,r_0703_ENZ_YNL045W_FWD,0.0,0.0
turnup,r_0703_ENZ_YNL045W_REV,0.0,0.0
turnup,r_0704_ENZ_YNL045W_FWD,0.0,0.0
turnup,r_0704_ENZ_YNL045W_REV,0.0,0.0
turnup,r_0705_ENZ_YNL045W_FWD,0.0,0.0
turnup,r_0705_ENZ_YNL045W_REV,0.0,0.0
turnup,r_0706_ENZ_YNL045W_FWD,0.0,0.0
turnup,r_0706_ENZ_YNL045W_REV,0.0,0.0
turnup,r_0707_ENZ_YNL045W_FWD,0.0,0.0
turnup,r_0707_ENZ_YNL045W_REV,0.0,0.0
turnup,r_0708_ENZ_YNL045W_FWD,0.0,0.0
turnup,r_0708_ENZ_YNL045W_REV,0.0,0.0
turnup,r_0711_ENZ_YDR037W,0.2027483266556873,0.2027486876934278
turnup,r_0712_ENZ_YNL073W,0.0,0.0
turnup,r_0713_ENZ_YKL085W_FWD,0.8532484977100623,0.8538783906621503
turnup,r_0713_ENZ_YKL085W_REV,0.0,0.0
turnup,r_0714_ENZ_YOL126C_FWD,0.0,0.0
turnup,r_0714_ENZ_YOL126C_REV,0.7060957542344406,0.7107699528292315
turnup,r_0715_ENZ_YDL078C_FWD,0.0,0.0
turnup,r_0715_ENZ_YDL078C_REV,0.0,1.9206359244350324e-05
turnup,r_0716_ENZ_YIR031C,0.0,0.0001205564811553
turnup,r_0716_ENZ_YNL117W,0.0,0.0001296851629357
turnup,r_0717_ENZ_YNL117W,0.0,4.328697056021902e-05
turnup,r_0718_ENZ_YKL029C,0.109515124123521,0.1105397380910845
turnup,r_0719_ENZ_YKL029C,0.0,0.0007570619499632
turnup,r_0721_ENZ_YKL192C_and_YOR221C_FWD,0.0,0.0
turnup,r_0721_ENZ_YKL192C_and_YOR221C_REV,0.0,0.0
turnup,r_0722_ENZ_YDL055C,0.4329643008260738,0.4329654294718368
turnup,r_0723_ENZ_YER003C_FWD,0.0,0.0
turnup,r_0723_ENZ_YER003C_REV,0.4329643008260291,0.4332600232272894
turnup,r_0724_ENZ_YBR084W_FWD,0.6475497251435982,0.6479464570595324
turnup,r_0724_ENZ_YBR084W_REV,0.0,0.0
turnup,r_0725_ENZ_YGR204W_FWD,0.173061564304886,0.1732937163652774
turnup,r_0725_ENZ_YGR204W_REV,0.0,0.0
turnup,r_0726_ENZ_YDR502C,0.0865794577691188,0.0866423748563482
turnup,r_0726_ENZ_YLR180W,0.0,0.0
turnup,r_0727_ENZ_YER091C,0.1223838351271671,0.1224451446103071
turnup,r_0728_ENZ_YBL013W,0.0,0.0
turnup,r_0729_ENZ_YGR264C,0.035916634934742,0.035916699352241
turnup,r_0730_ENZ_YGR171C,0.0,0.0
turnup,r_0731_ENZ_YKR080W,23.70890270699898,23.731646693013182
turnup,r_0732_ENZ_YGR204W_FWD,0.0,0.0
turnup,r_0732_ENZ_YGR204W_REV,23.535638463295097,23.55579997077065
turnup,r_0733_ENZ_YBR084W_FWD,0.6475407350549123,0.6479884400501409
turnup,r_0733_ENZ_YBR084W_REV,0.0,0.0
turnup,r_0734_ENZ_YPR006C,0.0,6.086237265988029e-05
turnup,r_0735_ENZ_YMR208W,0.0,0.0014235722576478
turnup,r_0736_ENZ_YMR208W,0.0,0.0005128444994669
turnup,r_0737_ENZ_YMR208W,0.0,0.1364766686138698
turnup,r_0738_ENZ_YMR208W,0.0,0.1364656409702478
turnup,r_0739_ENZ_YNR043W,0.136458991707409,0.1364644841332859
turnup,r_0747_ENZ_YBR036C_and_YBR161W,0.0,0.0
turnup,r_0747_ENZ_YBR036C_and_YPL057C,0.0,0.0
turnup,r_0748_ENZ_YBR036C_and_YBR161W,0.0,0.0
turnup,r_0748_ENZ_YBR036C_and_YPL057C,0.0,0.0
turnup,r_0749_ENZ_YBR036C_and_YBR161W,0.0,0.0
turnup,r_0749_ENZ_YBR036C_and_YPL057C,0.0,0.0
turnup,r_0750_ENZ_YBR036C_and_YBR161W,0.0,0.0
turnup,r_0750_ENZ_YBR036C_and_YPL057C,0.0,0.0
turnup,r_0751_ENZ_YBR036C_and_YBR161W,0.0,0.0
turnup,r_0751_ENZ_YBR036C_and_YPL057C,0.0,0.0
turnup,r_0752_ENZ_YBR036C_and_YBR161W,0.0,0.0
turnup,r_0752_ENZ_YBR036C_and_YPL057C,0.0,0.0
turnup,r_0753_ENZ_YBR036C_and_YBR161W,0.0,0.0
turnup,r_0753_ENZ_YBR036C_and_YPL057C,0.0,0.0
turnup,r_0754_ENZ_YBR036C_and_YBR161W,0.0,0.0
turnup,r_0754_ENZ_YBR036C_and_YPL057C,0.0,0.0
turnup,r_0755_ENZ_YBR036C_and_YBR161W,0.0,0.0
turnup,r_0755_ENZ_YBR036C_and_YPL057C,0.0,0.0
turnup,r_0756_ENZ_YBR036C_and_YBR161W,0.0,0.0
turnup,r_0756_ENZ_YBR036C_and_YPL057C,0.0,0.0
turnup,r_0757_ENZ_YDR287W,0.0052403226014449,0.0053327570908991
turnup,r_0757_ENZ_YHR046C,0.0,0.0
turnup,r_0758_ENZ_YJL153C,0.005240459775003,0.0053193339509824
turnup,r_0759_ENZ_YER069W,0.1138422649791977,0.1138865532418176
turnup,r_0760_ENZ_YFL017C,0.0145608329190695,0.0145608569647081
turnup,r_0761_ENZ_YJL071W_FWD,0.0,3.450077578248667e-05
turnup,r_0761_ENZ_YJL071W_REV,0.0,0.0
turnup,r_0761_ENZ_YMR062C_FWD,0.0,3.450077596767187e-05
turnup,r_0761_ENZ_YMR062C_REV,0.0,0.0
turnup,r_0762_ENZ_YDR428C,0.0037435093367217,0.0037823775731305
turnup,r_0763_ENZ_YDR402C_and_YDR403W,0.0,8.119034625074517e-06
turnup,r_0764_ENZ_YGL067W,0.0,0.0
turnup,r_0765_ENZ_YEL041W,0.0,0.0020166919543617
turnup,r_0765_ENZ_YJR049C,0.0,0.0020166865535188
turnup,r_0766_ENZ_YEL041W,0.0,0.0
turnup,r_0766_ENZ_YJR049C,0.0,0.0
turnup,r_0766_ENZ_YPL188W,0.0,0.0
turnup,r_0767_ENZ_YDL042C,0.0,0.0
turnup,r_0767_ENZ_YDR191W,0.0,0.0
turnup,r_0767_ENZ_YOL068C,0.0,0.0
turnup,r_0767_ENZ_YOR025W,0.0,0.0
turnup,r_0767_ENZ_YPL015C,0.0,0.0
turnup,r_0768_ENZ_YHR074W,0.0037442494044943,0.0037442549599066
turnup,r_0769_ENZ_YHR074W_FWD,0.0,0.0
turnup,r_0769_ENZ_YHR074W_REV,0.0,0.0
turnup,r_0770_ENZ_YDL085W,31.022589022767352,31.027767413358653
turnup,r_0770_ENZ_YMR145C,0.0,0.0
turnup,r_0771_ENZ_YEL041W,0.0,0.0020166866179629
turnup,r_0771_ENZ_YJR049C,0.0,0.0020166861459606
turnup,r_0772_ENZ_YEL041W,0.0,0.0
turnup,r_0772_ENZ_YJR049C,0.0,0.0
turnup,r_0772_ENZ_YPL188W,0.0,0.0
turnup,r_0773_ENZ_YML120C,4.028824661446496,4.036951378661488
turnup,r_0774_ENZ_YOR209C,0.0,7.400677730164538e-07
turnup,r_0775_ENZ_YOR209C,0.0,0.0
turnup,r_0781_ENZ_YGL037C,0.0,7.400677730164538e-07
turnup,r_0782_ENZ_YLR285W,0.0,0.0
turnup,r_0783_ENZ_YCL047C,0.0,0.0
turnup,r_0783_ENZ_YLR328W,0.0,0.0
turnup,r_0784_ENZ_YGR010W,0.0,0.0
turnup,r_0784_ENZ_YLR328W,0.0,0.0
turnup,r_0785_ENZ_YGR010W,0.0037442494044947,0.0037442548557874
turnup,r_0785_ENZ_YLR328W,0.0,0.0
turnup,r_0786_ENZ_YFR047C,0.0037435093367212,0.0037442539080028
turnup,r_0787_ENZ_YFR047C,0.0,0.0
turnup,r_0788_ENZ_YER005W,0.0,0.000277194032737
turnup,r_0789_ENZ_YER005W,0.0,0.000303905907824
turnup,r_0790_ENZ_YER005W,0.0,0.000173769340904
turnup,r_0791_ENZ_YEL042W,0.0,0.0001737426840942
turnup,r_0792_ENZ_YER005W,0.0,0.0001471139921243
turnup,r_0793_ENZ_YER005W,0.0,5.311789153483737e-05
turnup,r_0795_ENZ_YKL067W,0.0072045495436352,0.0080777627658234
turnup,r_0796_ENZ_YKL067W,0.0,0.002148707024499
turnup,r_0797_ENZ_YKL067W,0.0,0.0001940626933031
turnup,r_0798_ENZ_YKL067W,0.0,0.0003180543317498
turnup,r_0799_ENZ_YKL067W,0.0,0.0001857195793897
turnup,r_0800_ENZ_YKL067W,0.5141345786853576,0.6509289275621126
turnup,r_0801_ENZ_YKL067W,0.0,0.0003388688907328
turnup,r_0802_ENZ_YKL067W_FWD,0.0,0.0
turnup,r_0802_ENZ_YKL067W_REV,0.0,0.0
turnup,r_0803_ENZ_YKL067W_FWD,0.0,0.0001837949567205
turnup,r_0803_ENZ_YKL067W_REV,0.0,0.0
turnup,r_0804_ENZ_YAL035W,0.0,0.0003180543317036
turnup,r_0804_ENZ_YER005W,0.0,0.0003145426125481
turnup,r_0804_ENZ_YLL001W,0.0,0.0003145426125481
turnup,r_0805_ENZ_YER005W,0.0,0.0001737647505208
turnup,r_0806_ENZ_YER005W,0.0,0.0002959456983866
turnup,r_0807_ENZ_YER005W,0.0,0.0003074176293083
turnup,r_0810_ENZ_YEL042W,0.0,0.0003388688885159
turnup,r_0811_ENZ_YKL067W,0.9574171575054748,1.094287085365751
turnup,r_0812_ENZ_YLR303W,0.0,-0.0
turnup,r_0813_ENZ_YLR303W,0.0407099671742564,0.0407712395436243
turnup,r_0815_ENZ_YAL012W,0.0,3.2398744147399405e-05
turnup,r_0815_ENZ_YLL058W,0.0,3.327367527858338e-05
turnup,r_0815_ENZ_YML082W,0.0,4.573979157335151e-05
turnup,r_0816_ENZ_YJL088W,0.1138422649791907,0.1138797081695538
turnup,r_0817_ENZ_YKL184W,0.0,2.864016306473871e-05
turnup,r_0818_ENZ_YMR062C,0.1138422649791977,0.1138865532418176
turnup,r_0819_ENZ_YLR438W,0.0,4.718665303511671e-05
turnup,r_0820_ENZ_YML106W_FWD,0.0,0.0
turnup,r_0820_ENZ_YML106W_REV,0.0,0.0661736475047485
turnup,r_0820_ENZ_YMR271C_FWD,0.0,0.0
turnup,r_0820_ENZ_YMR271C_REV,0.0,0.0661736475037263
turnup,r_0821_ENZ_YEL021W,0.066154863198881,0.0661724937044876
turnup,r_0831_ENZ_YDR148C_and_YFL018C_and_YIL125W,0.0,0.000426154980166
turnup,r_0831_ENZ_YDR148C_and_YFL018C_and_YIL125W_and_YFR049W,0.0,0.000257787438565
turnup,r_0832_ENZ_YDR148C_and_YFL018C_and_YIL125W,0.0,0.0007804930349467
turnup,r_0832_ENZ_YDR148C_and_YFL018C_and_YIL125W_and_YFR049W,0.0,0.0004149481588724
turnup,r_0841_ENZ_YGR277C,0.0,0.0001688867245567
turnup,r_0842_ENZ_YDR531W,0.0001171773970205,0.0001171775421907
turnup,r_0843_ENZ_YIL145C,0.0001171775421907,0.0001308218717435
turnup,r_0844_ENZ_YJR019C,0.0,3.170070296169276e-05
turnup,r_0845_ENZ_YJR019C,0.0,3.02091468289134e-05
turnup,r_0847_ENZ_YJR019C,0.0,6.0365321648631065e-05
turnup,r_0848_ENZ_YJR019C,0.0,6.0039297492001145e-05
turnup,r_0849_ENZ_YJR019C,0.0,6.162155894087751e-05
turnup,r_0850_ENZ_YJR019C,0.0,6.077111768326704e-05
turnup,r_0851_ENZ_YGL202W_FWD,0.0,0.0
turnup,r_0851_ENZ_YGL202W_REV,0.3411818573432892,0.4188577387931277
turnup,r_0852_ENZ_YFL022C_and_YLR060W,0.0948567523133155,0.094857229365892
turnup,r_0853_ENZ_YPR047W,0.0,0.0
turnup,r_0854_ENZ_YDR380W,0.0,3.1283845867591253e-05
turnup,r_0855_ENZ_YGL234W,0.0631481700478103,0.0631655529118824
turnup,r_0882_ENZ_YEL058W_FWD,0.0145608329190695,0.0145608569647081
turnup,r_0882_ENZ_YEL058W_REV,0.0,0.0
turnup,r_0883_ENZ_YGR209C_and_YPR167C,0.0,0.0407723978530779
turnup,r_0883_ENZ_YLR043C_and_YPR167C,0.0,0.0407738276465603
turnup,r_0884_ENZ_YKR097W,0.0,9.146623004774312e-05
turnup,r_0885_ENZ_YGR007W,0.0,0.0
turnup,r_0886_ENZ_YGR240C_and_YMR205C,0.7911444173692996,0.7941117237601063
turnup,r_0887_ENZ_YGR240C_and_YMR205C,0.0,0.0009342398336394
turnup,r_0888_ENZ_YKL127W_FWD,0.0,0.9125489301286684
turnup,r_0888_ENZ_YKL127W_REV,0.0,0.0
turnup,r_0888_ENZ_YMR105C_FWD,0.0,0.9125255181332348
turnup,r_0888_ENZ_YMR105C_REV,0.0,0.0
turnup,r_0889_ENZ_YGR256W,0.0,0.0
turnup,r_0889_ENZ_YHR183W,14.817452252931234,14.81985755801165
turnup,r_0890_ENZ_YEL058W_FWD,0.0,0.0
turnup,r_0890_ENZ_YEL058W_REV,0.0,0.0
turnup,r_0891_ENZ_YER081W,0.7992683373532206,0.7998602477224424
turnup,r_0891_ENZ_YIL074C,0.0,0.0
turnup,r_0892_ENZ_YCR012W_FWD,6.310237457026489,6.311182981942168
turnup,r_0892_ENZ_YCR012W_REV,0.0,0.0
turnup,r_0893_ENZ_YKL152C_FWD,5.5108612485763935,5.512955718460487
turnup,r_0893_ENZ_YKL152C_REV,0.0,0.0
turnup,r_0893_ENZ_YOR283W_FWD,0.0,0.0053234284846084
turnup,r_0893_ENZ_YOR283W_REV,0.0,0.0
turnup,r_0902_ENZ_YFL045C_FWD,0.0,0.0
turnup,r_0902_ENZ_YFL045C_REV,0.4329643008260738,0.4331175103811893
turnup,r_0903_ENZ_YOL055C,0.0,2.6561241286415797e-05
turnup,r_0903_ENZ_YPL258C,0.0,2.6561241286415797e-05
turnup,r_0903_ENZ_YPR121W,0.0,4.701121385923285e-05
turnup,r_0904_ENZ_YMR220W,0.136458991707409,0.1364644841332859
turnup,r_0905_ENZ_YIL083C,0.0001171773970203,0.0001171775421907
turnup,r_0906_ENZ_YKL088W_and_YKR072C_and_YOR054C,0.0001171775421907,0.0001171775421907
turnup,r_0907_ENZ_YKL127W_FWD,0.0,0.0020548919104284
turnup,r_0907_ENZ_YKL127W_REV,0.0,0.0042301858418777
turnup,r_0907_ENZ_YMR105C_FWD,0.0,0.0045594100380374
turnup,r_0907_ENZ_YMR105C_REV,0.0,0.0047001367712212
turnup,r_0907_ENZ_YMR278W_FWD,0.0,0.0013893031353709
turnup,r_0907_ENZ_YMR278W_REV,0.0,0.0004093649009186
turnup,r_0908_ENZ_YAR015W,0.0631543372790184,0.0631637386873453
turnup,r_0909_ENZ_YCL030C,0.0469679039733534,0.0469800800614644
turnup,r_0910_ENZ_YCL030C,0.0469679039733534,0.0469942124164006
turnup,r_0911_ENZ_YOR128C,0.0631481700477964,0.0631626118806393
turnup,r_0912_ENZ_YLR028C_FWD,0.0,0.1101356565866757
turnup,r_0912_ENZ_YLR028C_REV,0.0,0.0
turnup,r_0912_ENZ_YMR120C_FWD,0.0,0.1101407665035223
turnup,r_0912_ENZ_YMR120C_REV,0.0,0.0
turnup,r_0913_ENZ_YDR007W,0.0238624917872649,0.0239013599978731
turnup,r_0914_ENZ_YGL234W,0.0631481700478172,0.0631655529118824
turnup,r_0915_ENZ_YMR300C,0.0631481700478116,0.0631655529118824
turnup,r_0916_ENZ_YBL068W_and_YOL061W,0.0,0.0
turnup,r_0916_ENZ_YER099C_and_YOL061W,0.0,0.0
turnup,r_0916_ENZ_YKL181W_and_YBL068W,0.0,0.0
turnup,r_0916_ENZ_YKL181W_and_YER099C,0.2038831055752368,0.2040464170962459
turnup,r_0916_ENZ_YKL181W_and_YHL011C,0.0,0.0
turnup,r_0917_ENZ_YGR208W,0.7994826984442547,0.7997666537290886
turnup,r_0918_ENZ_YOR184W,0.7994648800557069,0.7997745798650833
turnup,r_0919_ENZ_YBR183W,0.0,0.0010856261257603
turnup,r_0920_ENZ_YDR402C,0.0,0.0001206291235135
turnup,r_0921_ENZ_YDR294C,0.0,0.0
turnup,r_0922_ENZ_YDR297W,0.0,0.0
turnup,r_0929_ENZ_YMR020W,0.0,0.0
turnup,r_0935_ENZ_YGL040C,0.0,6.375341929117558e-06
turnup,r_0936_ENZ_YMR020W,0.0,0.0
turnup,r_0937_ENZ_YMR020W,0.0001171773970204,0.0001283569963851
turnup,r_0938_ENZ_YNL316C,0.0948567523133155,0.0948734781951103
turnup,r_0939_ENZ_YBR166C,0.0722583154306347,0.0723051934083031
turnup,r_0940_ENZ_YLR142W,0.0,0.000220539202232
turnup,r_0941_ENZ_YHR020W,0.1166759302037168,0.1166762345659476
turnup,r_0942_ENZ_YER014W,0.0,1.555033194638317e-06
turnup,r_0943_ENZ_YLR209C,0.0,0.0
turnup,r_0949_ENZ_YLR209C_FWD,0.0,6.506976022935262e-05
turnup,r_0949_ENZ_YLR209C_REV,0.0,0.0
turnup,r_0950_ENZ_YLR209C_FWD,0.0,0.0
turnup,r_0950_ENZ_YLR209C_REV,0.0,0.0
turnup,r_0951_ENZ_YLR209C_FWD,0.0,5.085347064516521e-05
turnup,r_0951_ENZ_YLR209C_REV,0.0,8.637786467802222e-05
turnup,r_0953_ENZ_YBR035C,0.0,0.0
turnup,r_0954_ENZ_YBR035C,0.0,0.0
turnup,r_0955_ENZ_YBR035C,0.0,0.0
turnup,r_0956_ENZ_YBR035C,0.0,0.0005694786944623
turnup,r_0957_ENZ_YER023W,0.116675930203371,0.1168964694064968
turnup,r_0958_ENZ_YBR218C,0.0,1.489128529156098
turnup,r_0958_ENZ_YGL062W,0.0,1.4892791750014005
turnup,r_0959_ENZ_YGR087C,0.0,0.0
turnup,r_0959_ENZ_YLR044C,0.0,0.0
turnup,r_0959_ENZ_YLR134W,0.8404645236210087,0.8476082710294706
turnup,r_0960_ENZ_YGR087C,0.0,0.0002625307469057
turnup,r_0960_ENZ_YLR044C,0.0,0.0002691411386259
turnup,r_0960_ENZ_YLR134W,0.0,0.0002908273820818
turnup,r_0961_ENZ_YBR221C_and_YER178W_and_YFL018C_and_YGR193C_and_YNL071W,1.6755904468829934,1.6808190461840151
turnup,r_0962_ENZ_YAL038W,5.128847107798654,5.130922398905197
turnup,r_0962_ENZ_YOR347C,0.0,0.0
turnup,r_0963_ENZ_YDR204W_and_YGR255C_and_YLR201C_and_YML110C_and_YOL096C_and_YOR125C,0.0,0.0
turnup,r_0964_ENZ_YDR135C,0.0,5.7780964308853206e-05
turnup,r_0965_ENZ_YDR236C,0.0,0.0001759783046182
turnup,r_0966_ENZ_YDR236C,0.0,6.1672344291101205e-06
turnup,r_0967_ENZ_YOL143C,0.0012211117466449,0.0012334492356273
turnup,r_0968_ENZ_YBR256C,0.0006105558733224,0.0006167246189391
turnup,r_0969_ENZ_YCR036W,0.0,0.0003279410851355
turnup,r_0970_ENZ_YGR209C,0.0,0.0022202031288551
turnup,r_0971_ENZ_YGR209C,0.0,9.964607777056528e-05
turnup,r_0972_ENZ_YGR209C,0.0,0.0001752886744569
turnup,r_0973_ENZ_YGR209C,0.0,0.0004228810087266
turnup,r_0974_ENZ_YER070W,0.0,0.0022202143216825
turnup,r_0974_ENZ_YGR180C,0.0,0.0022202142932426
turnup,r_0974_ENZ_YIL066C,0.0,0.0022202142932426
turnup,r_0974_ENZ_YJL026W,0.0,0.0022202142932426
turnup,r_0975_ENZ_YER070W,0.0,0.0
turnup,r_0975_ENZ_YGR180C,0.0,0.0
turnup,r_0975_ENZ_YIL066C,0.0,0.0
turnup,r_0975_ENZ_YJL026W,0.0,0.0
turnup,r_0976_ENZ_YER070W,0.0,0.0037158501205387
turnup,r_0976_ENZ_YGR180C,0.0,0.0037174370547492
turnup,r_0976_ENZ_YIL066C,0.0,0.0037174370547492
turnup,r_0976_ENZ_YJL026W,0.0,0.0037057104549214
turnup,r_0977_ENZ_YER070W,0.0,0.0
turnup,r_0977_ENZ_YGR180C,0.0,0.0
turnup,r_0977_ENZ_YIL066C,0.0,0.0
turnup,r_0977_ENZ_YJL026W,0.0,0.0
turnup,r_0978_ENZ_YER070W,0.0,0.0014801430295257
turnup,r_0978_ENZ_YGR180C,0.0,0.0014801415907017
turnup,r_0978_ENZ_YIL066C,0.0,0.0014801415907017
turnup,r_0978_ENZ_YJL026W,0.0,0.0014801415907017
turnup,r_0979_ENZ_YER070W,0.0,0.0
turnup,r_0979_ENZ_YGR180C,0.0,0.0
turnup,r_0979_ENZ_YIL066C,0.0,0.0
turnup,r_0979_ENZ_YJL026W,0.0,0.0
turnup,r_0982_ENZ_YOR095C_FWD,5.138650500236838,5.139070833065149
turnup,r_0982_ENZ_YOR095C_REV,0.0,0.0
turnup,r_0983_ENZ_YNL129W,0.0,0.0
turnup,r_0984_ENZ_YJL121C_FWD,9.676805189608116,9.67920656864808
turnup,r_0984_ENZ_YJL121C_REV,0.0,0.0
turnup,r_0985_ENZ_YDR204W_and_YGR255C_and_YLR201C_and_YML110C_and_YOL096C_and_YOR125C,0.0,0.0
turnup,r_0986_ENZ_YML008C,0.0,7.68764804354067e-06
turnup,r_0987_ENZ_YJL068C,0.0,-0.0
turnup,r_0988_ENZ_YIR034C,0.2027483266555023,0.2027788317532113
turnup,r_0989_ENZ_YNR050C,0.2027483266555023,0.2027794163677595
turnup,r_0990_ENZ_YKL060C_FWD,0.0,0.0017100075876633
turnup,r_0990_ENZ_YKL060C_REV,0.0,5.119446032209041e-05
turnup,r_0992_ENZ_YHR013C_and_YDL040C_and_YOR253W,0.0,4.715712939939998e-05
turnup,r_0993_ENZ_YMR296C_and_YKL212W_and_YDR062W_and_YGR038W_and_YLR350W_and_YBR058C-A,0.0,0.0
turnup,r_0995_ENZ_YDR023W,0.0,0.1313402418704017
turnup,r_0995_ENZ_YHR011W,0.0,0.1313402379409427
turnup,r_0996_ENZ_YDR127W,0.1910166597778576,0.1910304738128389
turnup,r_0997_ENZ_YDR127W,0.1910166597778576,0.1910304738129098
turnup,r_0998_ENZ_YBR213W,0.0,0.0
turnup,r_0999_ENZ_YBR213W,0.0,0.0
turnup,r_1000_ENZ_YEL047C_FWD,0.0,0.0004917654256431
turnup,r_1000_ENZ_YEL047C_REV,0.0,0.0
turnup,r_1001_ENZ_YPR069C,0.0,1.2073077931162857e-05
turnup,r_1002_ENZ_YLR146C,0.0001171773970202,0.0001283643956213
turnup,r_1003_ENZ_YDR294C,0.0,0.0
turnup,r_1004_ENZ_YJL134W,0.0,0.0001270147857042
turnup,r_1004_ENZ_YKR053C,0.0,0.0001159742266629
turnup,r_1005_ENZ_YJL134W,0.0,6.210386125360401e-05
turnup,r_1005_ENZ_YKR053C,0.0,0.0001090326077566
turnup,r_1006_ENZ_YLR260W,0.0,0.0001256123802804
turnup,r_1006_ENZ_YOR171C,0.0,0.0001182943946531
turnup,r_1007_ENZ_YLR260W,0.0,6.212586645659712e-05
turnup,r_1007_ENZ_YOR171C,0.0,6.212586645659887e-05
turnup,r_1008_FWD,0.0,0.0
turnup,r_1008_REV,0.0,0.0
turnup,r_1009_FWD,0.0,0.0
turnup,r_1009_REV,0.0,0.0
turnup,r_1010_ENZ_YGR175C,0.0,0.0
turnup,r_1011_ENZ_YGR175C,0.0227431642830254,0.0227461114356478
turnup,r_1012_ENZ_YHR190W,0.0227431652845681,0.0227440806889098
turnup,r_1021_ENZ_YDR178W_and_YJL045W_and_YKL141W_and_YLL041C_FWD,0.0,0.0
turnup,r_1021_ENZ_YDR178W_and_YJL045W_and_YKL141W_and_YLL041C_REV,0.0,0.0
turnup,r_1021_ENZ_YDR178W_and_YKL141W_and_YKL148C_and_YLL041C_FWD,0.0,0.0
turnup,r_1021_ENZ_YDR178W_and_YKL141W_and_YKL148C_and_YLL041C_REV,0.0,0.0
turnup,r_1021_ENZ_YLR164W_and_YJL045W_and_YKL141W_and_YLL041C_FWD,0.0,0.0673298563229441
turnup,r_1021_ENZ_YLR164W_and_YJL045W_and_YKL141W_and_YLL041C_REV,0.0,0.0
turnup,r_1022_ENZ_YGR244C_and_YOR142W,0.0,0.0007878028425138
turnup,r_1023_ENZ_YBR006W,0.0,0.0001543254631029
turnup,r_1024_ENZ_YIL162W,0.0,0.0
turnup,r_1025_ENZ_YJR010W,0.0407107072420294,0.0409285773074874
turnup,r_1026_ENZ_YCL050C,0.0,0.0002203024796846
turnup,r_1027_ENZ_YFR030W_and_YJR137C,0.0407107072420295,0.0407632349248648
turnup,r_1028_ENZ_YLL048C,0.0,-0.0
turnup,r_1029_ENZ_YLL057C,0.0,0.0
turnup,r_1030_ENZ_YAL044C_and_YDR019C_and_YFL018C_and_YMR189W,0.0,0.0001678277924619
turnup,r_1031_ENZ_YKL132C_FWD,0.0,0.0
turnup,r_1031_ENZ_YKL132C_REV,0.0,0.0
turnup,r_1031_ENZ_YOR241W_FWD,0.0,0.0
turnup,r_1031_ENZ_YOR241W_REV,0.0,0.0
turnup,r_1032_ENZ_YBR092C,0.0,0.0
turnup,r_1033_ENZ_YBR092C,0.0,0.0
turnup,r_1034_ENZ_YOR143C,0.0,7.400677730164538e-07
turnup,r_1035_ENZ_YOR143C,0.0,0.0
turnup,r_1036_ENZ_YPL214C,0.0,4.963527616349523e-05
turnup,r_1037_ENZ_YGR209C_and_YIL010W,0.0,0.0
turnup,r_1037_ENZ_YIL010W_and_YLR043C,0.0,0.0
turnup,r_1038_ENZ_YDR353W,0.0,0.0483227384074208
turnup,r_1038_ENZ_YDR353W_and_YGR209C,0.0,0.04857672817795
turnup,r_1038_ENZ_YDR353W_and_YLR043C,0.0,0.0483899995978009
turnup,r_1039_ENZ_YCR083W_and_YHR106W,0.0,0.0
turnup,r_1039_ENZ_YCR083W_and_YPL091W,0.0,0.0
turnup,r_1040_ENZ_YEL046C,0.0,3.064167072089341e-05
turnup,r_1041_ENZ_YCR053W,0.1355906107393707,0.135680793855736
turnup,r_1042_ENZ_YIL078W,0.1355906107398809,0.1355908521886192
turnup,r_1043_ENZ_YKL194C,0.0,0.0
turnup,r_1045_ENZ_YOR074C,0.0022202032023808,0.0022373014902217
turnup,r_1046_ENZ_YER175C,0.0,0.0
turnup,r_1047_ENZ_YBR003W,0.0,0.0
turnup,r_1048_ENZ_YGR043C_FWD,0.0,0.0
turnup,r_1048_ENZ_YGR043C_REV,0.0,0.0
turnup,r_1048_ENZ_YLR354C_FWD,4.93401597362246,4.934950597828743
turnup,r_1048_ENZ_YLR354C_REV,0.0,0.0008667371305286
turnup,r_1049_ENZ_YBR117C_FWD,0.0,0.0
turnup,r_1049_ENZ_YBR117C_REV,0.0,0.0
turnup,r_1049_ENZ_YPR074C_FWD,4.934414685045502,4.935141693538955
turnup,r_1049_ENZ_YPR074C_REV,0.0,0.0
turnup,r_1050_ENZ_YBR117C_FWD,0.0,0.0
turnup,r_1050_ENZ_YBR117C_REV,0.0,0.0002362095220647
turnup,r_1050_ENZ_YPR074C_FWD,4.743397419993296,4.74414910610558
turnup,r_1050_ENZ_YPR074C_REV,0.0,0.0
turnup,r_1051_ENZ_YBR126C_and_YDR074W_and_YML100W,0.0,0.0
turnup,r_1051_ENZ_YBR126C_and_YDR074W_and_YMR261C,0.0842135423591253,0.0842796555937026
turnup,r_1054_ENZ_YDR050C_FWD,0.7498565490889745,0.7506927446491625
turnup,r_1054_ENZ_YDR050C_REV,0.0,0.000613160920212
turnup,r_1055_ENZ_YGL026C,0.023862491787265,0.0239013599979115
turnup,r_1056_ENZ_YGL202W,0.0,9.64895613314587e-06
turnup,r_1057_ENZ_YOL097C,0.0201189824505433,0.0201189824505433
turnup,r_1058_ENZ_YDR268W,0.0,0.0
turnup,r_1063_ENZ_YGL202W_FWD,0.0705956933605014,0.1466548918463874
turnup,r_1063_ENZ_YGL202W_REV,0.0,0.0
turnup,r_1065_ENZ_YLR027C,0.0,-0.0
turnup,r_1066_ENZ_YGR185C,0.0722583154306347,0.0722585037926807
turnup,r_1067_ENZ_YPL097W,0.0,0.0
turnup,r_1068_ENZ_YLR189C,0.0,0.0
turnup,r_1069_ENZ_YDL103C_FWD,0.0145608329190695,0.0145608710625341
turnup,r_1069_ENZ_YDL103C_REV,0.0,0.0
turnup,r_1070_ENZ_YBR019C_FWD,0.0,0.0
turnup,r_1070_ENZ_YBR019C_REV,0.0,0.0
turnup,r_1071_ENZ_YBR018C_FWD,0.0,0.0
turnup,r_1071_ENZ_YBR018C_REV,0.0,1000.0
turnup,r_1072_ENZ_YKL024C,0.0,0.0305618285905504
turnup,r_1073_ENZ_YKL024C,0.0,0.0305624346408617
turnup,r_1074_ENZ_YHR128W,0.0,5.395048399525759e-05
turnup,r_1075_ENZ_YBR208C,0.0,3.089843462769637e-05
turnup,r_1076_ENZ_YIR032C,0.0,0.0
turnup,r_1077_ENZ_YDR020C,0.0,0.0001737698607477
turnup,r_1077_ENZ_YNR012W,0.0,0.0001736584154983
turnup,r_1078_ENZ_YDR020C,0.0,0.000173660098035
turnup,r_1078_ENZ_YNR012W,0.0,0.0003180543320375
turnup,r_1079_ENZ_YKL024C,0.0,5.94485352764716e-05
turnup,r_1080_ENZ_YKL024C,0.0,0.0001684824860835
turnup,r_1081_ENZ_YDR047W,0.0,3.1100663926073024e-06
turnup,r_1082_ENZ_YKR069W,0.0,0.0
turnup,r_1083_ENZ_YOR278W,0.0,3.1100663926073024e-06
turnup,r_1084_ENZ_YHL012W_FWD,0.0,0.912596871077504
turnup,r_1084_ENZ_YHL012W_REV,0.0,999.087533471534
turnup,r_1084_ENZ_YKL035W_FWD,0.0,0.912873206072252
turnup,r_1084_ENZ_YKL035W_REV,0.0,999.0875334715342
turnup,r_1085_ENZ_YBR127C_and_YDL185W_and_YOR332W_and_YHR026W_and_YEL027W_and_YKL080W_and_YLR447C_and_YEL051W_and_YPL234C_and_YMR054W_and_YGR020C_and_YPR036W_and_YHR039C-A_and_YGR106C_and_YCL005W-A,0.0,0.0001638035860871
turnup,r_1085_ENZ_YPR170W-B_and_YBR127C_and_YDL185W_and_YOR332W_and_YHR026W_and_YEL027W_and_YKL080W_and_YLR447C_and_YEL051W_and_YPL234C_and_YMR054W_and_YGR020C_and_YPR036W_and_YHR039C-A_and_YGR106C_and_YCL005W-A,0.0,0.0001751454252278
turnup,r_1086_ENZ_YBR127C_and_YDL185W_and_YEL027W_and_YEL051W_and_YGR020C_and_YHR026W_and_YHR039C-A_and_YKL080W_and_YLR447C_and_YOR270C_and_YOR332W_and_YPL234C_and_YPR036W_and_YGR106C_and_YCL005W-A,0.0,0.00016645821972
turnup,r_1086_ENZ_YBR127C_and_YDL185W_and_YEL027W_and_YEL051W_and_YGR020C_and_YHR026W_and_YHR039C-A_and_YKL080W_and_YLR447C_and_YOR270C_and_YOR332W_and_YPL234C_and_YPR036W_and_YPR170W-B_and_YGR106C_and_YCL005W-A,0.0,0.0001652007926544
turnup,r_1087_ENZ_YJR148W_FWD,0.0,4.8330123001427694e-05
turnup,r_1087_ENZ_YJR148W_REV,0.0,0.0
turnup,r_1088_ENZ_YHR208W_FWD,0.0,0.0
turnup,r_1088_ENZ_YHR208W_REV,0.1874465808922222,0.1875278774640726
turnup,r_1089_ENZ_YGR094W,0.1874465808922222,0.1874468537409823
turnup,r_1090_ENZ_YGR094W,0.0,0.0
turnup,r_1091_ENZ_YJR133W,0.0,4.8259723809104815e-05
turnup,r_1092_ENZ_YLR070C,0.0,0.0
turnup,r_1093_ENZ_YHR104W,0.0,0.0
turnup,r_1094_ENZ_YGR194C,0.0,0.0
turnup,r_1095_ENZ_YFL001W_FWD,0.0,0.0
turnup,r_1095_ENZ_YFL001W_REV,0.0,0.0
turnup,r_1095_ENZ_YGL063W_FWD,0.0,0.0
turnup,r_1095_ENZ_YGL063W_REV,0.0,0.0
turnup,r_1095_ENZ_YNL292W_FWD,0.0,0.0
turnup,r_1095_ENZ_YNL292W_REV,0.0,0.0
turnup,r_1095_ENZ_YPL212C_FWD,0.0,0.0
turnup,r_1095_ENZ_YPL212C_REV,0.0,0.0
turnup,r_1096_ENZ_YKL217W_FWD,0.0,0.0
turnup,r_1096_ENZ_YKL217W_REV,0.0,1.8781518976107584e-05
turnup,r_1096_ENZ_YNL065W_FWD,0.0,0.0
turnup,r_1096_ENZ_YNL065W_REV,0.0,1.68935018562133e-05
turnup,r_1097_FWD,0.0,0.0002905454888773
turnup,r_1097_REV,0.0,0.0
turnup,r_1098,0.0,2.4154880773812448e-05
turnup,r_1099_ENZ_YOR222W_FWD,0.0,0.0
turnup,r_1099_ENZ_YOR222W_REV,0.0,0.0
turnup,r_1099_ENZ_YPL134C_FWD,0.2027483266556873,0.2027483266556873
turnup,r_1099_ENZ_YPL134C_REV,0.0,0.0
turnup,r_1100_FWD,0.0,0.0
turnup,r_1100_REV,0.0,0.0
turnup,r_1101_ENZ_YDL210W,0.0,0.0
turnup,r_1101_ENZ_YOR348C,0.0,0.0
turnup,r_1102_ENZ_YDL210W,0.0,0.0
turnup,r_1103_FWD,0.0,0.0
turnup,r_1103_REV,0.0,0.0
turnup,r_1104_ENZ_YNR056C_FWD,0.0,0.0
turnup,r_1104_ENZ_YNR056C_REV,0.0,0.0
turnup,r_1106_ENZ_YCR010C_FWD,0.0,0.0002628720971982
turnup,r_1106_ENZ_YCR010C_REV,0.0,0.0
turnup,r_1107,0.0,0.0004938635546583
turnup,r_1108_ENZ_YER056C,0.0,0.0
turnup,r_1108_ENZ_YER060W,0.0,0.0
turnup,r_1108_ENZ_YER060W-A,0.0,0.0
turnup,r_1109_ENZ_YAL022C,0.0,0.0
turnup,r_1110_ENZ_YBL030C_FWD,46.24538308039552,46.24632145664703
turnup,r_1110_ENZ_YBL030C_REV,0.0,0.0
turnup,r_1110_ENZ_YBR085W_FWD,0.0,0.0
turnup,r_1110_ENZ_YBR085W_REV,0.0,0.0
turnup,r_1110_ENZ_YMR056C_FWD,0.0,0.0
turnup,r_1110_ENZ_YMR056C_REV,0.0,0.0
turnup,r_1111_ENZ_YPR128C,0.0,-0.0
turnup,r_1112_ENZ_YMR241W_FWD,0.0,0.0044411881978675
turnup,r_1112_ENZ_YMR241W_REV,0.1848518835406511,0.2049947404069284
turnup,r_1113_ENZ_YJR152W,0.0,0.0
turnup,r_1114_ENZ_YIR028W,0.0,0.0
turnup,r_1115_ENZ_YDR384C_FWD,3.946236922805265,3.948776725963533
turnup,r_1115_ENZ_YDR384C_REV,0.0,0.0023030321398676
turnup,r_1115_ENZ_YGR121C_FWD,0.0,0.0
turnup,r_1115_ENZ_YGR121C_REV,0.0,0.0022100568443311
turnup,r_1115_ENZ_YNL142W_FWD,0.0,0.0
turnup,r_1115_ENZ_YNL142W_REV,0.0,0.0019268167524705
turnup,r_1115_ENZ_YPR138C_FWD,0.0,0.0
turnup,r_1115_ENZ_YPR138C_REV,0.0,0.0017790501901533
turnup,r_1116_ENZ_YPR128C,0.0,5.544182980321555e-05
turnup,r_1118_ENZ_YPR021C,0.0,-0.0
turnup,r_1119_ENZ_YGR065C,0.0,0.0
turnup,r_1120_ENZ_YOR100C,0.0,4.802205603005039e-05
turnup,r_1121_FWD,0.0,8.338490416419105e-05
turnup,r_1121_REV,0.0,0.0
turnup,r_1122_FWD,0.0,8.759467983821163e-05
turnup,r_1122_REV,0.0,0.0
turnup,r_1123_FWD,0.0,8.968722509989681e-05
turnup,r_1123_REV,0.0,0.0
turnup,r_1124_FWD,0.0,5.172485625948296e-05
turnup,r_1124_REV,0.0,0.0
turnup,r_1125_ENZ_YGL077C,0.0,0.00024710733868
turnup,r_1126_ENZ_YBR291C_FWD,0.0,0.0062336029244125
turnup,r_1126_ENZ_YBR291C_REV,0.0,0.0140197631421178
turnup,r_1127_ENZ_YBR291C_FWD,0.0,0.0
turnup,r_1127_ENZ_YBR291C_REV,0.1907545170061879,0.1910635377561263
turnup,r_1128_ENZ_YBR291C_FWD,0.0,0.0016588285166392
turnup,r_1128_ENZ_YBR291C_REV,0.0,0.0006634324148109
turnup,r_1129_ENZ_YHR002W,0.136306270030976,0.1364888894804899
turnup,r_1130_ENZ_YBR192W,0.0,0.0001383105904946
turnup,r_1131_ENZ_YBR192W,0.0,0.0001333801335197
turnup,r_1132_ENZ_YAL022C,0.0,0.0
turnup,r_1133_ENZ_YER056C,0.0,0.0
turnup,r_1133_ENZ_YER060W,0.0,0.0
turnup,r_1133_ENZ_YER060W-A,0.0,0.0
turnup,r_1133_ENZ_YGL186C,0.0,0.0
turnup,r_1134_ENZ_YDL245C,0.0,0.0
turnup,r_1134_ENZ_YDR342C,0.0,0.0
turnup,r_1134_ENZ_YDR343C,0.0,0.0
turnup,r_1134_ENZ_YDR345C,0.0,0.0
turnup,r_1134_ENZ_YEL069C,0.0,0.0
turnup,r_1134_ENZ_YFL011W,0.0,0.0
turnup,r_1134_ENZ_YHR092C,0.0,0.0
turnup,r_1134_ENZ_YHR094C,0.0,0.0
turnup,r_1134_ENZ_YHR096C,0.0,0.0
turnup,r_1134_ENZ_YJL214W,0.0,0.0
turnup,r_1134_ENZ_YJL219W,0.0,0.0
turnup,r_1134_ENZ_YJR158W,0.0,0.0
turnup,r_1134_ENZ_YMR011W,0.0,0.0
turnup,r_1134_ENZ_YNR072W,0.0,0.0
turnup,r_1134_ENZ_YOL156W,0.0,0.0
turnup,r_1135_ENZ_YFL011W,0.0,0.0
turnup,r_1135_ENZ_YJL219W,0.0,0.0
turnup,r_1135_ENZ_YLR081W,0.0,0.0
turnup,r_1135_ENZ_YNL318C,0.0,0.0
turnup,r_1135_ENZ_YOL156W,0.0,0.0
turnup,r_1136_ENZ_YKL217W_FWD,0.0,0.0
turnup,r_1136_ENZ_YKL217W_REV,0.0,0.0001419402941333
turnup,r_1137,2.496402785143156,2.502134270963719
turnup,r_1138_FWD,0.0,0.0001243485743338
turnup,r_1138_REV,2.4953049830760365,2.4997356235766555
turnup,r_1139_ENZ_YDL245C,0.0,0.0
turnup,r_1139_ENZ_YDR342C,0.0,0.0
turnup,r_1139_ENZ_YDR343C,0.0,0.0
turnup,r_1139_ENZ_YDR345C,0.0,0.0
turnup,r_1139_ENZ_YEL069C,0.0,0.0
turnup,r_1139_ENZ_YFL011W,0.0,0.0
turnup,r_1139_ENZ_YHR094C,0.0,0.0
turnup,r_1139_ENZ_YHR096C,0.0,0.0
turnup,r_1139_ENZ_YJL214W,0.0,0.0
turnup,r_1139_ENZ_YJL219W,0.0,0.0
turnup,r_1139_ENZ_YJR158W,0.0,0.0
turnup,r_1139_ENZ_YNR072W,0.0,0.0
turnup,r_1139_ENZ_YOL156W,0.0,0.0
turnup,r_1146_ENZ_YIL013C_FWD,0.0,0.0
turnup,r_1146_ENZ_YIL013C_REV,0.0,5.754319579651113e-07
turnup,r_1146_ENZ_YOR011W_FWD,0.0,0.0
turnup,r_1146_ENZ_YOR011W_REV,0.0,8.48597269114916e-06
turnup,r_1147_ENZ_YIL013C_FWD,0.0,0.0
turnup,r_1147_ENZ_YIL013C_REV,0.0,1.0061881022468967e-07
turnup,r_1147_ENZ_YOR011W_FWD,0.0,0.0
turnup,r_1147_ENZ_YOR011W_REV,0.0,2.277037961521261e-06
turnup,r_1148_ENZ_YIL013C_FWD,0.0,0.0
turnup,r_1148_ENZ_YIL013C_REV,0.0,0.0
turnup,r_1148_ENZ_YOR011W_FWD,0.0,0.0
turnup,r_1148_ENZ_YOR011W_REV,0.0,0.0
turnup,r_1149_ENZ_YGL077C_FWD,0.0,0.0
turnup,r_1149_ENZ_YGL077C_REV,0.0,0.0
turnup,r_1151_ENZ_YIL134W,0.0,6.167239320105319e-06
turnup,r_1161_ENZ_YIL013C_FWD,0.0,0.0
turnup,r_1161_ENZ_YIL013C_REV,0.0,6.765501896870141e-07
turnup,r_1161_ENZ_YOR011W_FWD,0.0,0.0
turnup,r_1161_ENZ_YOR011W_REV,0.0,7.658167592572429e-07
turnup,r_1162_ENZ_YIL013C_FWD,0.0,0.0
turnup,r_1162_ENZ_YIL013C_REV,0.0,0.0
turnup,r_1162_ENZ_YOR011W_FWD,0.0,0.0
turnup,r_1162_ENZ_YOR011W_REV,0.0,0.0
turnup,r_1164_FWD,0.0,0.0
turnup,r_1164_REV,0.0,0.0
turnup,r_1165_ENZ_YGL225W,0.0,0.000338868888523
turnup,r_1166_ENZ_YDL245C,0.0,0.0
turnup,r_1166_ENZ_YDL247W,0.0,0.0019434217777343
turnup,r_1166_ENZ_YDR342C,0.0,0.0012008585391658
turnup,r_1166_ENZ_YDR343C,0.0,0.0012797100169112
turnup,r_1166_ENZ_YDR345C,0.0,0.002041800351173
turnup,r_1166_ENZ_YDR387C,0.0,0.0026814469414553
turnup,r_1166_ENZ_YDR536W,0.0,0.0023461165732765
turnup,r_1166_ENZ_YEL069C,0.0,0.0
turnup,r_1166_ENZ_YFL011W,0.0,0.0024746415409477
turnup,r_1166_ENZ_YHR092C,0.0,0.0040480446823378
turnup,r_1166_ENZ_YHR094C,0.0,0.0032113722598579
turnup,r_1166_ENZ_YHR096C,0.0,0.0054503529131029
turnup,r_1166_ENZ_YJL214W,0.0,0.0043206837559317
turnup,r_1166_ENZ_YJL219W,0.0,0.0035613023460898
turnup,r_1166_ENZ_YJR158W,7.382467836209717,7.382742572612261
turnup,r_1166_ENZ_YJR160C,0.0,0.0022336486165799
turnup,r_1166_ENZ_YLR081W,0.0,0.0022361563335657
turnup,r_1166_ENZ_YMR011W,0.0,0.0
turnup,r_1166_ENZ_YNR072W,0.0,0.0
turnup,r_1166_ENZ_YOL156W,0.0,0.0024976873768496
turnup,r_1167_ENZ_YJL212C,0.0,0.0
turnup,r_1168_ENZ_YDR135C_FWD,0.0,0.0
turnup,r_1168_ENZ_YDR135C_REV,0.0,4.545403461005173e-05
turnup,r_1168_ENZ_YLL015W_FWD,0.0,0.0
turnup,r_1168_ENZ_YLL015W_REV,0.0,3.164879636656826e-05
turnup,r_1169_ENZ_YCR098C_FWD,0.0,0.0
turnup,r_1169_ENZ_YCR098C_REV,0.0,3.817548275376637e-05
turnup,r_1170_ENZ_YCR098C_FWD,0.0,0.0
turnup,r_1170_ENZ_YCR098C_REV,0.0,6.32616048005834e-06
turnup,r_1171_ENZ_YDR536W,0.0,0.0002618894675094
turnup,r_1171_ENZ_YGL084C,0.0,0.000270513782965
turnup,r_1171_ENZ_YPL189W,0.0,0.0002900962401213
turnup,r_1172_ENZ_YFL054C,0.0,0.000510976621058
turnup,r_1172_ENZ_YLL043W,0.0,0.0003892438038235
turnup,r_1173_ENZ_YCL025C_FWD,0.0,0.0
turnup,r_1173_ENZ_YCL025C_REV,0.0,0.0001964471658985
turnup,r_1173_ENZ_YKR039W_FWD,0.0,0.0
turnup,r_1173_ENZ_YKR039W_REV,0.0,0.0001114186005959
turnup,r_1173_ENZ_YOL020W_FWD,0.0,0.0
turnup,r_1173_ENZ_YOL020W_REV,0.0,0.0001186476638245
turnup,r_1173_ENZ_YOR348C_FWD,0.0,0.0
turnup,r_1173_ENZ_YOR348C_REV,0.0,9.844682913423553e-05
turnup,r_1173_ENZ_YPL265W_FWD,0.0,0.0
turnup,r_1173_ENZ_YPL265W_REV,0.0,0.0001249652144505
turnup,r_1174,0.0,0.0001550128273906
turnup,r_1175_ENZ_YDL198C,0.0,0.0001848237493301
turnup,r_1176_ENZ_YER056C_FWD,0.0,0.0
turnup,r_1176_ENZ_YER056C_REV,0.0,1.4664343982714878e-05
turnup,r_1176_ENZ_YER060W-A_FWD,0.0,0.0
turnup,r_1176_ENZ_YER060W-A_REV,0.0,1.559940999124043e-05
turnup,r_1176_ENZ_YER060W_FWD,0.0,0.0
turnup,r_1176_ENZ_YER060W_REV,0.0,7.931868121979768e-06
turnup,r_1177_ENZ_YDR497C,0.0,0.0
turnup,r_1177_ENZ_YOL103W,0.0,0.0
turnup,r_1178_ENZ_YMR058W,0.0,2.163406254756577e-05
turnup,r_1178_ENZ_YMR319C,0.0,1.9810703732819e-05
turnup,r_1179_ENZ_YJL133W,0.0,1.5793399993982438e-06
turnup,r_1179_ENZ_YKR052C,0.0,1.5793400090571858e-06
turnup,r_1180,0.0,4.309356710752166e-05
turnup,r_1181,0.0,4.520026533577637e-05
turnup,r_1182_FWD,0.0,0.0
turnup,r_1182_REV,0.0,0.0
turnup,r_1183_ENZ_YCL025C_FWD,0.0,0.0
turnup,r_1183_ENZ_YCL025C_REV,0.0,0.0002932210539176
turnup,r_1183_ENZ_YKR039W_FWD,0.0,0.0
turnup,r_1183_ENZ_YKR039W_REV,0.0,0.0001441717883008
turnup,r_1183_ENZ_YOR348C_FWD,0.0,0.0
turnup,r_1183_ENZ_YOR348C_REV,0.0,0.0001192929615913
turnup,r_1183_ENZ_YPL265W_FWD,0.0,0.0
turnup,r_1183_ENZ_YPL265W_REV,0.0,0.0003986768634659
turnup,r_1184_ENZ_YEL063C_FWD,0.0,0.0
turnup,r_1184_ENZ_YEL063C_REV,0.0,8.589798001362725e-06
turnup,r_1184_ENZ_YKR039W_FWD,0.0,0.0
turnup,r_1184_ENZ_YKR039W_REV,0.0,8.519343344379204e-06
turnup,r_1184_ENZ_YNL270C_FWD,0.0,0.0
turnup,r_1184_ENZ_YNL270C_REV,0.0,8.518192966308624e-06
turnup,r_1185_ENZ_YBR293W,0.0,0.0010483323064636
turnup,r_1185_ENZ_YOL092W,0.0,0.0005625475884077
turnup,r_1186_ENZ_YCL025C_FWD,0.0,0.0
turnup,r_1186_ENZ_YCL025C_REV,0.0,5.138191361872546e-05
turnup,r_1186_ENZ_YDR508C_FWD,0.0,0.0
turnup,r_1186_ENZ_YDR508C_REV,0.0,5.752263728951712e-05
turnup,r_1186_ENZ_YKR039W_FWD,0.0,0.0
turnup,r_1186_ENZ_YKR039W_REV,0.0,5.585541543522144e-05
turnup,r_1186_ENZ_YPL265W_FWD,0.0,0.0
turnup,r_1186_ENZ_YPL265W_REV,0.0,5.7661821317653295e-05
turnup,r_1187_ENZ_YJR001W,0.0,0.0004851326688469
turnup,r_1188_ENZ_YKL146W,0.0,0.0006300124899105
turnup,r_1188_ENZ_YNL101W,0.0,0.000595621794223
turnup,r_1189_ENZ_YER119C,0.0,0.0
turnup,r_1190_ENZ_YFL055W_FWD,0.0,0.0003754277640844
turnup,r_1190_ENZ_YFL055W_REV,0.0,6.96315752285459e-05
turnup,r_1190_ENZ_YKR039W_FWD,0.0,2.8934978113279164e-05
turnup,r_1190_ENZ_YKR039W_REV,0.0,0.0004371485715043
turnup,r_1190_ENZ_YPL265W_FWD,0.0,2.988693573000023e-05
turnup,r_1190_ENZ_YPL265W_REV,0.0,8.437443192405603e-05
turnup,r_1191_ENZ_YBR132C_FWD,0.0,0.0
turnup,r_1191_ENZ_YBR132C_REV,0.0,0.0
turnup,r_1192_ENZ_YBR068C_FWD,0.0,0.0
turnup,r_1192_ENZ_YBR068C_REV,0.0,1.3030499327375268e-05
turnup,r_1192_ENZ_YBR069C_FWD,0.0,0.0
turnup,r_1192_ENZ_YBR069C_REV,0.0,1.3070950289397962e-05
turnup,r_1192_ENZ_YCL025C_FWD,0.0,0.0
turnup,r_1192_ENZ_YCL025C_REV,0.0,1.276868972313605e-05
turnup,r_1192_ENZ_YDR046C_FWD,0.0,0.0
turnup,r_1192_ENZ_YDR046C_REV,0.0,1.312102041882944e-05
turnup,r_1192_ENZ_YDR508C_FWD,0.0,0.0
turnup,r_1192_ENZ_YDR508C_REV,0.0,2.5290844760271144e-05
turnup,r_1192_ENZ_YKR039W_FWD,0.0,0.0
turnup,r_1192_ENZ_YKR039W_REV,0.0,2.341384831931574e-05
turnup,r_1192_ENZ_YOL020W_FWD,0.0,0.0
turnup,r_1192_ENZ_YOL020W_REV,0.0,1.3019321669012138e-05
turnup,r_1193_ENZ_YCR075C,0.0,0.0
turnup,r_1194_ENZ_YPR021C,0.4150112925841414,0.4152186774902451
turnup,r_1195_ENZ_YER119C,0.0,-0.0
turnup,r_1196_ENZ_YCL025C_FWD,0.0,0.0
turnup,r_1196_ENZ_YCL025C_REV,0.0,4.947401003932428e-05
turnup,r_1196_ENZ_YFL055W_FWD,0.0,0.0
turnup,r_1196_ENZ_YFL055W_REV,0.0,9.892118001555984e-05
turnup,r_1196_ENZ_YKR039W_FWD,0.0,0.0
turnup,r_1196_ENZ_YKR039W_REV,0.0,9.19388375904967e-05
turnup,r_1196_ENZ_YPL265W_FWD,0.0,0.0
turnup,r_1196_ENZ_YPL265W_REV,0.0,5.4273691879047625e-05
turnup,r_1197_ENZ_YJR001W,0.0,0.0004861426213815
turnup,r_1198_ENZ_YKL146W,0.0,0.0004863727278437
turnup,r_1198_ENZ_YNL101W,0.0,0.0003252120991334
turnup,r_1199_ENZ_YCL025C_FWD,0.0,0.0
turnup,r_1199_ENZ_YCL025C_REV,0.0,3.3429915627714024e-05
turnup,r_1199_ENZ_YDR508C_FWD,0.0,0.0
turnup,r_1199_ENZ_YDR508C_REV,0.0,3.69077956974273e-05
turnup,r_1199_ENZ_YKR039W_FWD,0.0,0.0
turnup,r_1199_ENZ_YKR039W_REV,0.0,6.988696133562039e-05
turnup,r_1199_ENZ_YPL265W_FWD,0.0,0.0
turnup,r_1199_ENZ_YPL265W_REV,0.0,3.701870708075483e-05
turnup,r_1200_ENZ_YBR293W,0.0,1000.0
turnup,r_1200_ENZ_YCL069W,0.0,1000.0
turnup,r_1200_ENZ_YMR088C,0.0,1000.0
turnup,r_1200_ENZ_YOL092W,0.0,1000.0
turnup,r_1201_ENZ_YBR069C_FWD,0.0,0.0
turnup,r_1201_ENZ_YBR069C_REV,0.0,2.623022325655422e-05
turnup,r_1201_ENZ_YGR191W_FWD,0.0,0.0
turnup,r_1201_ENZ_YGR191W_REV,0.0,1.3482163060261898e-05
turnup,r_1201_ENZ_YKR039W_FWD,0.0,0.0
turnup,r_1201_ENZ_YKR039W_REV,0.0,1.3482163074521328e-05
turnup,r_1202_ENZ_YCL038C_FWD,0.0,0.0006569033483645
turnup,r_1202_ENZ_YCL038C_REV,0.0,0.0012713631596272
turnup,r_1203_ENZ_YJR001W,0.0,0.0012023272814769
turnup,r_1204_ENZ_YKL146W,0.0,0.0014311094728162
turnup,r_1204_ENZ_YNL101W,0.0,0.0003347240639619
turnup,r_1205_ENZ_YBR068C_FWD,0.0,0.0
turnup,r_1205_ENZ_YBR068C_REV,0.0,3.592471078200932e-05
turnup,r_1205_ENZ_YBR069C_FWD,0.0,0.0
turnup,r_1205_ENZ_YBR069C_REV,0.0,2.9670873892551075e-05
turnup,r_1205_ENZ_YCL025C_FWD,0.0,0.0
turnup,r_1205_ENZ_YCL025C_REV,0.0,6.22743221233013e-05
turnup,r_1205_ENZ_YDR046C_FWD,0.0,0.0
turnup,r_1205_ENZ_YDR046C_REV,0.0,6.482708371663426e-05
turnup,r_1205_ENZ_YKR039W_FWD,0.0,0.0
turnup,r_1205_ENZ_YKR039W_REV,0.0,6.221849937732005e-05
turnup,r_1206_ENZ_YKL217W_FWD,0.0,0.0
turnup,r_1206_ENZ_YKL217W_REV,0.0,0.0
turnup,r_1207_ENZ_YKL217W,0.0,0.0
turnup,r_1208_ENZ_YCL038C_FWD,0.0,0.0012613212072394
turnup,r_1208_ENZ_YCL038C_REV,0.0,0.0005070322216899
turnup,r_1209_ENZ_YJR001W,0.0,0.0012023272576125
turnup,r_1210_ENZ_YKL146W,0.0,0.000313628236493
turnup,r_1210_ENZ_YNL101W,0.0,0.0006531401367631
turnup,r_1211_ENZ_YBR068C_FWD,0.0,0.0
turnup,r_1211_ENZ_YBR068C_REV,0.0,6.0854782800656704e-05
turnup,r_1211_ENZ_YBR069C_FWD,0.0,0.0
turnup,r_1211_ENZ_YBR069C_REV,0.0,2.7763069298664123e-05
turnup,r_1211_ENZ_YCL025C_FWD,0.0,0.0
turnup,r_1211_ENZ_YCL025C_REV,0.0,5.648950237172046e-05
turnup,r_1211_ENZ_YDR046C_FWD,0.0,0.0
turnup,r_1211_ENZ_YDR046C_REV,0.0,6.055298204332704e-05
turnup,r_1211_ENZ_YDR508C_FWD,0.0,0.0
turnup,r_1211_ENZ_YDR508C_REV,0.0,6.025862470837584e-05
turnup,r_1211_ENZ_YKR039W_FWD,0.0,0.0
turnup,r_1211_ENZ_YKR039W_REV,0.0,5.827097367439027e-05
turnup,r_1212_ENZ_YBR293W,0.0,0.0005792297369832
turnup,r_1212_ENZ_YCL069W,0.0,0.0003367065424021
turnup,r_1212_ENZ_YMR088C,0.0,0.0009828625437284
turnup,r_1212_ENZ_YOL092W,0.0,0.0003108660849491
turnup,r_1213_ENZ_YKR039W_FWD,0.0,0.0
turnup,r_1213_ENZ_YKR039W_REV,0.0,3.2501479319019255e-05
turnup,r_1213_ENZ_YNL268W_FWD,0.0,0.0
turnup,r_1213_ENZ_YNL268W_REV,0.0,3.312428932059075e-05
turnup,r_1214_ENZ_YBR068C_FWD,0.0,0.0
turnup,r_1214_ENZ_YBR068C_REV,0.0,1.2026914974802572e-05
turnup,r_1214_ENZ_YCL025C_FWD,0.0,0.0
turnup,r_1214_ENZ_YCL025C_REV,0.0,1.7335324618880654e-05
turnup,r_1214_ENZ_YDR046C_FWD,0.0,0.0
turnup,r_1214_ENZ_YDR046C_REV,0.0,2.456503718521741e-05
turnup,r_1214_ENZ_YDR508C_FWD,0.0,0.0
turnup,r_1214_ENZ_YDR508C_REV,0.0,2.451223113322798e-05
turnup,r_1214_ENZ_YGR055W_FWD,0.0,0.0
turnup,r_1214_ENZ_YGR055W_REV,0.0,1.0406347625793733e-05
turnup,r_1214_ENZ_YHL036W_FWD,0.0,0.0
turnup,r_1214_ENZ_YHL036W_REV,0.0,1.2763407341562227e-05
turnup,r_1214_ENZ_YKR039W_FWD,0.0,0.0
turnup,r_1214_ENZ_YKR039W_REV,0.0,2.4385103815680043e-05
turnup,r_1215_ENZ_YBR068C_FWD,0.0,0.0
turnup,r_1215_ENZ_YBR068C_REV,0.0,3.014369441922682e-05
turnup,r_1215_ENZ_YCL025C_FWD,0.0,0.0
turnup,r_1215_ENZ_YCL025C_REV,0.0,2.947365634359267e-05
turnup,r_1215_ENZ_YDR046C_FWD,0.0,0.0
turnup,r_1215_ENZ_YDR046C_REV,0.0,3.0506069424840465e-05
turnup,r_1215_ENZ_YKR039W_FWD,0.0,0.0
turnup,r_1215_ENZ_YKR039W_REV,0.0,2.984036393632872e-05
turnup,r_1215_ENZ_YOL020W_FWD,0.0,0.0
turnup,r_1215_ENZ_YOL020W_REV,0.0,1.649219785054834e-05
turnup,r_1216_ENZ_YKR039W_FWD,0.0,0.0
turnup,r_1216_ENZ_YKR039W_REV,0.0,6.340473893778897e-05
turnup,r_1216_ENZ_YOR348C_FWD,0.0,0.0
turnup,r_1216_ENZ_YOR348C_REV,0.0,6.293288290576404e-05
turnup,r_1217_ENZ_YCL025C_FWD,0.0,0.0
turnup,r_1217_ENZ_YCL025C_REV,0.0,6.63723740171717e-05
turnup,r_1217_ENZ_YDR105C_FWD,0.0,0.0
turnup,r_1217_ENZ_YDR105C_REV,0.0,9.020610332811842e-05
turnup,r_1217_ENZ_YDR508C_FWD,0.0,0.0
turnup,r_1217_ENZ_YDR508C_REV,0.0,0.0001726785256373
turnup,r_1217_ENZ_YFL055W_FWD,0.0,0.0
turnup,r_1217_ENZ_YFL055W_REV,0.0,0.000143372857604
turnup,r_1217_ENZ_YKR039W_FWD,0.0,0.0
turnup,r_1217_ENZ_YKR039W_REV,0.0,0.0001370889245223
turnup,r_1217_ENZ_YPL265W_FWD,0.0,0.0
turnup,r_1217_ENZ_YPL265W_REV,0.0,8.456090459008081e-05
turnup,r_1218_ENZ_YCL025C_FWD,0.0,0.0
turnup,r_1218_ENZ_YCL025C_REV,0.0,2.6921968008603026e-05
turnup,r_1218_ENZ_YDR508C_FWD,0.0,0.0
turnup,r_1218_ENZ_YDR508C_REV,0.0,5.546104936304808e-05
turnup,r_1218_ENZ_YKR039W_FWD,0.0,0.0
turnup,r_1218_ENZ_YKR039W_REV,0.0,2.763491914234417e-05
turnup,r_1219_ENZ_YBR068C_FWD,0.0,0.0
turnup,r_1219_ENZ_YBR068C_REV,0.0,8.327172640765212e-06
turnup,r_1219_ENZ_YBR069C_FWD,0.0,0.0
turnup,r_1219_ENZ_YBR069C_REV,0.0,9.465262289232168e-06
turnup,r_1219_ENZ_YDR046C_FWD,0.0,0.0
turnup,r_1219_ENZ_YDR046C_REV,0.0,9.465262128200824e-06
turnup,r_1219_ENZ_YKR039W_FWD,0.0,0.0
turnup,r_1219_ENZ_YKR039W_REV,0.0,9.465263487731804e-06
turnup,r_1219_ENZ_YOL020W_FWD,0.0,0.0
turnup,r_1219_ENZ_YOL020W_REV,0.0,9.465263484623178e-06
turnup,r_1220_ENZ_YCL038C_FWD,0.0,0.0007381011164247
turnup,r_1220_ENZ_YCL038C_REV,0.0,0.0005070456689177
turnup,r_1221_ENZ_YBR293W,0.0,0.0013066046557433
turnup,r_1221_ENZ_YJR001W,0.0,0.0006564739902826
turnup,r_1222_ENZ_YKL146W,0.0,0.0003282369943075
turnup,r_1222_ENZ_YNL101W,0.0,0.0006713804002253
turnup,r_1223_ENZ_YBR068C_FWD,0.0,0.0
turnup,r_1223_ENZ_YBR068C_REV,0.0,3.3373590173246814e-05
turnup,r_1223_ENZ_YBR069C_FWD,0.0,0.0
turnup,r_1223_ENZ_YBR069C_REV,0.0,3.3148413914552144e-05
turnup,r_1223_ENZ_YCL025C_FWD,0.0,0.0
turnup,r_1223_ENZ_YCL025C_REV,0.0,3.208504813273505e-05
turnup,r_1223_ENZ_YDR046C_FWD,0.0,0.0
turnup,r_1223_ENZ_YDR046C_REV,0.0,3.3326509414566274e-05
turnup,r_1223_ENZ_YKR039W_FWD,0.0,0.0
turnup,r_1223_ENZ_YKR039W_REV,0.0,3.263897519517611e-05
turnup,r_1223_ENZ_YOL020W_FWD,0.0,0.0
turnup,r_1223_ENZ_YOL020W_REV,0.0,3.296376705265447e-05
turnup,r_1224_ENZ_YBR068C_FWD,0.0,0.0
turnup,r_1224_ENZ_YBR068C_REV,0.0,6.917911115042474e-05
turnup,r_1224_ENZ_YBR069C_FWD,0.0,0.0
turnup,r_1224_ENZ_YBR069C_REV,0.0,6.980467171616156e-05
turnup,r_1224_ENZ_YCL025C_FWD,0.0,0.0
turnup,r_1224_ENZ_YCL025C_REV,0.0,6.529765006171862e-05
turnup,r_1224_ENZ_YDR046C_FWD,0.0,0.0
turnup,r_1224_ENZ_YDR046C_REV,0.0,7.036657926137724e-05
turnup,r_1224_ENZ_YKR039W_FWD,0.0,0.0
turnup,r_1224_ENZ_YKR039W_REV,0.0,6.73927655207851e-05
turnup,r_1225_ENZ_YIL013C_FWD,0.0,0.0
turnup,r_1225_ENZ_YIL013C_REV,0.0,1.594524421076604e-06
turnup,r_1225_ENZ_YOR011W_FWD,0.0,0.0
turnup,r_1225_ENZ_YOR011W_REV,0.0,1.0668947351931413e-06
turnup,r_1226_ENZ_YLR348C,0.0,0.000246226714005
turnup,r_1227_ENZ_YBR298C,0.0,0.0
turnup,r_1227_ENZ_YDL247W,0.0,0.0
turnup,r_1227_ENZ_YGR289C,0.0,0.0
turnup,r_1227_ENZ_YJR160C,0.0,0.0
turnup,r_1228_ENZ_YBR180W,0.0,8.119034625074517e-06
turnup,r_1229_ENZ_YEL006W,0.0,0.0
turnup,r_1229_ENZ_YIL006W,0.0,0.0
turnup,r_1230_ENZ_YIL006W,0.0,-0.0
turnup,r_1231_ENZ_YIL006W,0.0,0.0
turnup,r_1232_ENZ_YIL006W,0.0,-0.0
turnup,r_1235_ENZ_YGR260W_FWD,0.0,0.0
turnup,r_1235_ENZ_YGR260W_REV,0.0,7.400677730164538e-07
turnup,r_1236_ENZ_YKL188C_and_YPL147W_FWD,0.0,3.8879042805876416e-05
turnup,r_1236_ENZ_YKL188C_and_YPL147W_REV,0.0,3.68508344307981e-05
turnup,r_1237_ENZ_YOR130C,0.1138422649791977,0.1138865532418176
turnup,r_1238_ENZ_YKR039W_FWD,0.0,0.0
turnup,r_1238_ENZ_YKR039W_REV,0.0,2.999989756605204e-05
turnup,r_1239_ENZ_YKL120W,0.0,0.0002612546282125
turnup,r_1241_ENZ_YCR028C_FWD,0.0,0.0
turnup,r_1241_ENZ_YCR028C_REV,0.0,1.2806381758010158e-05
turnup,r_1242_FWD,0.0,0.0
turnup,r_1242_REV,0.0,0.0
turnup,r_1243,0.0,2.522102256163894e-05
turnup,r_1244_ENZ_YBR296C_FWD,3.085809177809594,3.0886329763229057
turnup,r_1244_ENZ_YBR296C_REV,0.0,0.0025681867994661
turnup,r_1244_ENZ_YCR037C_FWD,0.0,0.0
turnup,r_1244_ENZ_YCR037C_REV,0.0,0.0005618538110732
turnup,r_1244_ENZ_YJL198W_FWD,0.0,0.0
turnup,r_1244_ENZ_YJL198W_REV,0.0,0.0004060759811315
turnup,r_1244_ENZ_YML123C_FWD,0.0,0.0043642701914627
turnup,r_1244_ENZ_YML123C_REV,0.0,0.0017284746982162
turnup,r_1244_ENZ_YNR013C_FWD,0.0,0.0
turnup,r_1244_ENZ_YNR013C_REV,0.0,0.0006568960206236
turnup,r_1245_ENZ_YER053C,37.29786449289709,37.30494180832716
turnup,r_1245_ENZ_YJR077C,0.0,0.006598580684358
turnup,r_1249_ENZ_YDR456W_FWD,0.0,0.002238707091593
turnup,r_1249_ENZ_YDR456W_REV,0.0,0.0
turnup,r_1249_ENZ_YJL129C_FWD,0.0,0.0022387060146722
turnup,r_1249_ENZ_YJL129C_REV,0.0,0.0
turnup,r_1250_ENZ_YKL174C,0.0,0.0
turnup,r_1251_ENZ_YLL028W_FWD,0.0,0.0
turnup,r_1251_ENZ_YLL028W_REV,0.0,2.6413343990963623e-05
turnup,r_1251_ENZ_YOR273C_FWD,0.0,0.0
turnup,r_1251_ENZ_YOR273C_REV,0.0,2.8640163572291044e-05
turnup,r_1252_ENZ_YLL028W_FWD,0.0,0.0
turnup,r_1252_ENZ_YLL028W_REV,0.0,0.0
turnup,r_1252_ENZ_YOR273C_FWD,0.0,0.0
turnup,r_1252_ENZ_YOR273C_REV,0.0,0.0
turnup,r_1253_ENZ_YGL186C_FWD,0.0,0.0
turnup,r_1253_ENZ_YGL186C_REV,0.0,0.0
turnup,r_1254_ENZ_YKL217W_FWD,0.0,0.0
turnup,r_1254_ENZ_YKL217W_REV,0.0,0.0003972748520779
turnup,r_1255_ENZ_YPL274W,0.0,0.0
turnup,r_1256_ENZ_YNL003C_FWD,0.0,0.0
turnup,r_1256_ENZ_YNL003C_REV,0.0,0.0
turnup,r_1257_ENZ_YLL061W,0.0,0.0
turnup,r_1258_ENZ_YDR456W_FWD,0.0,0.0
turnup,r_1258_ENZ_YDR456W_REV,0.0,0.0024918782650091
turnup,r_1258_ENZ_YLR138W_FWD,0.0,0.0
turnup,r_1258_ENZ_YLR138W_REV,0.0,0.0025574128595174
turnup,r_1259_ENZ_YKL174C,0.0,0.0
turnup,r_1260_ENZ_YBR132C_FWD,0.0,0.0
turnup,r_1260_ENZ_YBR132C_REV,0.0,1.0709773401840206e-05
turnup,r_1260_ENZ_YHL016C_FWD,0.0,0.0
turnup,r_1260_ENZ_YHL016C_REV,0.0,1.6204477833527e-05
turnup,r_1260_ENZ_YKR039W_FWD,0.0,0.0
turnup,r_1260_ENZ_YKR039W_REV,0.0,1.1120160548744318e-05
turnup,r_1260_ENZ_YLL028W_FWD,0.0,0.0
turnup,r_1260_ENZ_YLL028W_REV,0.0,1.2101232492282518e-05
turnup,r_1260_ENZ_YOR273C_FWD,0.0,0.0
turnup,r_1260_ENZ_YOR273C_REV,0.0,6.185215917858811e-06
turnup,r_1260_ENZ_YPL274W_FWD,0.0,0.0
turnup,r_1260_ENZ_YPL274W_REV,0.0,6.187126474724303e-06
turnup,r_1261_ENZ_YLL028W_FWD,0.0,0.0
turnup,r_1261_ENZ_YLL028W_REV,0.0,0.0
turnup,r_1261_ENZ_YOR273C_FWD,0.0,0.0
turnup,r_1261_ENZ_YOR273C_REV,0.0,0.0
turnup,r_1262_ENZ_YGR138C_FWD,0.0,0.0
turnup,r_1262_ENZ_YGR138C_REV,0.0,3.630292707654248e-06
turnup,r_1262_ENZ_YLL028W_FWD,0.0,0.0
turnup,r_1262_ENZ_YLL028W_REV,0.0,3.672986646829912e-06
turnup,r_1262_ENZ_YOR273C_FWD,0.0,0.0
turnup,r_1262_ENZ_YOR273C_REV,0.0,3.672986649617559e-06
turnup,r_1262_ENZ_YPR156C_FWD,0.0,0.0
turnup,r_1262_ENZ_YPR156C_REV,0.0,3.340871954859992e-06
turnup,r_1263_ENZ_YGR138C_FWD,0.0,0.0
turnup,r_1263_ENZ_YGR138C_REV,0.0,0.0
turnup,r_1263_ENZ_YLL028W_FWD,0.0,0.0
turnup,r_1263_ENZ_YLL028W_REV,0.0,0.0
turnup,r_1263_ENZ_YOR273C_FWD,0.0,0.0
turnup,r_1263_ENZ_YOR273C_REV,0.0,0.0
turnup,r_1263_ENZ_YPR156C_FWD,0.0,0.0
turnup,r_1263_ENZ_YPR156C_REV,0.0,0.0
turnup,r_1264_ENZ_YLR348C,0.0,0.0002504985883595
turnup,r_1265_ENZ_YJR095W,0.0659035685731232,0.0670549528853204
turnup,r_1266_ENZ_YBR294W,0.0530451694136596,0.0531119515798852
turnup,r_1266_ENZ_YLR092W,0.0,0.0
turnup,r_1267_ENZ_YPL092W,0.0,3.487006993185826e-05
turnup,r_1268_FWD,0.0,0.0
turnup,r_1268_REV,0.0,0.0
turnup,r_1269_ENZ_YGR096W,0.0,0.0
turnup,r_1270_ENZ_YLR237W,0.0,0.0
turnup,r_1270_ENZ_YOR071C,0.0,0.0
turnup,r_1270_ENZ_YOR192C,0.0,0.0
turnup,r_1271_ENZ_YPL244C,0.0,0.0
turnup,r_1272_ENZ_YBR021W,0.0,0.0
turnup,r_1273_ENZ_YHL016C_FWD,0.0,0.0
turnup,r_1273_ENZ_YHL016C_REV,0.0,3.432369411791869e-05
turnup,r_1274_ENZ_YBL042C,0.0,0.0
turnup,r_1275_ENZ_YBR192W,0.0,0.0
turnup,r_1276_ENZ_YBR192W,0.0,0.0
turnup,r_1277_ENZ_YLL052C_FWD,0.0,0.0
turnup,r_1277_ENZ_YLL052C_REV,31.41316979631982,31.41367151257045
turnup,r_1277_ENZ_YPR192W_FWD,0.0,0.0
turnup,r_1277_ENZ_YPR192W_REV,0.0,0.0
turnup,r_1278_ENZ_YIL013C_FWD,0.0,0.0
turnup,r_1278_ENZ_YIL013C_REV,0.0,2.557565695286007e-06
turnup,r_1278_ENZ_YOR011W_FWD,0.0,0.0
turnup,r_1278_ENZ_YOR011W_REV,0.0,2.398664612091733e-06
turnup,r_1449,0.0,0.0
turnup,r_1450,0.0,0.0
turnup,r_1451,0.0,0.0
turnup,r_1452,0.0,0.0
turnup,r_1453,0.0,0.0
turnup,r_1454,0.0,0.0
turnup,r_1455,0.0,0.0
turnup,r_1456,0.0,0.0
turnup,r_1457,0.0,0.0
turnup,r_1458,0.0,0.0
turnup,r_1479,0.0,0.0
turnup,r_1480,0.0,0.0
turnup,r_1481,0.0,0.0
turnup,r_1482,0.0,0.0
turnup,r_1483,0.0,0.0
turnup,r_1484,0.0,0.0
turnup,r_1485,0.0,0.0
turnup,r_1486,0.0,0.0
turnup,r_1487,0.0,0.0
turnup,r_1488,0.0,0.0
turnup,r_1509,0.0,0.0
turnup,r_1510,0.0,0.0
turnup,r_1511,0.0,0.0
turnup,r_1512,0.0,0.0
turnup,r_1513,0.0,0.0
turnup,r_1514,0.0,0.0
turnup,r_1515,0.0,0.0
turnup,r_1516,0.0,0.0
turnup,r_1517,0.0,0.0
turnup,r_1518,0.0,0.0
turnup,r_1542,0.0,0.0
turnup,r_1543_FWD,0.0,0.0
turnup,r_1543_REV,0.0,0.0
turnup,r_1545,0.0,0.0
turnup,r_1546,0.0,0.0001529177551979
turnup,r_1547,0.0,1.7893502578302356e-05
turnup,r_1548,0.0,1.2806381497350446e-05
turnup,r_1549,0.0,0.0002905454880848
turnup,r_1550,0.0,4.04306292178247e-05
turnup,r_1551,0.0,0.0
turnup,r_1552,0.0,8.039743053755988e-05
turnup,r_1553,0.0,3.817548303429234e-05
turnup,r_1554,0.0,-0.0
turnup,r_1560_FWD,0.0,7.677859507282392e-05
turnup,r_1560_REV,0.0,0.0
turnup,r_1562_FWD,0.0,9.366136177419228e-05
turnup,r_1562_REV,0.0,0.0
turnup,r_1563,0.0,0.0
turnup,r_1564,0.0,0.0
turnup,r_1565,0.0,0.0
turnup,r_1566,0.0,0.0
turnup,r_1567_FWD,0.0,0.0
turnup,r_1567_REV,0.1907545170069777,0.1910609782402558
turnup,r_1568_FWD,0.0,0.0
turnup,r_1568_REV,0.0001171773970203,0.000124169774614
turnup,r_1572,0.0,0.0001033048696655
turnup,r_1573_FWD,0.0,0.0001033048669369
turnup,r_1573_REV,0.0,0.0
turnup,r_1574_ENZ_YKL120W_FWD,0.0,0.0
turnup,r_1574_ENZ_YKL120W_REV,0.2098980855035864,0.2100205298231665
turnup,r_1575_FWD,0.0,3.988725539177951e-05
turnup,r_1575_REV,0.0,0.0
turnup,r_1576_FWD,0.0,0.0
turnup,r_1576_REV,0.0,7.231862529907818e-05
turnup,r_1577,0.0,4.513508618127129e-05
turnup,r_1578_FWD,0.0,4.6723747543331307e-05
turnup,r_1578_REV,0.0,0.0
turnup,r_1579_FWD,0.0,7.231862529907818e-05
turnup,r_1579_REV,0.0,0.0
turnup,r_1580,0.0,3.9912171930167606e-05
turnup,r_1581,0.0,4.245776939565405e-05
turnup,r_1582_FWD,0.0,3.666806203450612e-05
turnup,r_1582_REV,0.0,0.0
turnup,r_1583_FWD,0.0,3.884272191390093e-05
turnup,r_1583_REV,0.0,0.0
turnup,r_1585_ENZ_YKL217W_FWD,0.0,0.0
turnup,r_1585_ENZ_YKL217W_REV,0.0,0.0
turnup,r_1585_ENZ_YNL065W_FWD,0.136424087217414,0.136586607745249
turnup,r_1585_ENZ_YNL065W_REV,0.0,0.0
turnup,r_1586,0.0,0.0001184964522528
turnup,r_1587_FWD,0.0,0.0
turnup,r_1587_REV,0.0,0.0
turnup,r_1588_FWD,0.0,1000.0
turnup,r_1588_REV,0.0,1000.0
turnup,r_1589,0.0,1.66656189756198e-05
turnup,r_1590_FWD,0.0,0.0
turnup,r_1590_REV,0.0,3.050363482212659e-05
turnup,r_1591_FWD,0.0,3.03670746073792e-05
turnup,r_1591_REV,0.0,0.0
turnup,r_1595_FWD,0.0,0.0
turnup,r_1595_REV,0.0,0.0
turnup,r_1596_FWD,0.0,0.0
turnup,r_1596_REV,0.1363558044422529,0.1365514955995987
turnup,r_1597_FWD,0.0,0.0
turnup,r_1597_REV,0.0,4.04295304120561e-05
turnup,r_1598,0.0,3.751119478911935e-05
turnup,r_1599_FWD,0.0,6.794251255892725e-05
turnup,r_1599_REV,0.0,0.0
turnup,r_1600_FWD,0.0,6.450542401781334e-05
turnup,r_1600_REV,0.0,0.0
turnup,r_1601_FWD,0.0,0.0
turnup,r_1601_REV,0.0,0.0
turnup,r_1603_ENZ_YFL058W,0.0,7.400677730164538e-07
turnup,r_1604,0.0,3.267348158689232e-05
turnup,r_1605_FWD,0.0,0.0001303270261581
turnup,r_1605_REV,0.0,9.999928342295548e-05
turnup,r_1606_FWD,3.910024752801222e-05,3.910030364941831e-05
turnup,r_1606_REV,0.0,0.0
turnup,r_1607_FWD,0.0,0.0002387242865005
turnup,r_1607_REV,0.0,0.0
turnup,r_1608_FWD,0.0,0.0
turnup,r_1608_REV,0.0,0.0002387242865005
turnup,r_1609_FWD,0.0,0.0
turnup,r_1609_REV,0.0,0.0
turnup,r_1610_FWD,0.0,0.0
turnup,r_1610_REV,0.0,0.0
turnup,r_1611_FWD,0.0,0.0
turnup,r_1611_REV,0.0,0.0
turnup,r_1613,0.0,0.0002339376484949
turnup,r_1614_ENZ_YBR242W,0.0,0.0
turnup,r_1614_ENZ_YGL101W,0.0,0.0
turnup,r_1615_ENZ_YBR242W,0.0,0.0001488338921618
turnup,r_1615_ENZ_YGL101W,0.0,0.0001158518072514
turnup,r_1616_ENZ_YBR242W,0.0,0.0
turnup,r_1616_ENZ_YGL101W,0.0,0.0
turnup,r_1617_ENZ_YBR242W,0.0,0.0003074176259971
turnup,r_1617_ENZ_YGL101W,0.0,0.0003388688856986
turnup,r_1618,0.0,0.0003074176288286
turnup,r_1619_ENZ_YER037W,0.0,0.0003388688901111
turnup,r_1620,0.0,0.0
turnup,r_1621,0.0,0.0
turnup,r_1622_FWD,0.0,0.0
turnup,r_1622_REV,0.0,2.4880549772787752e-05
turnup,r_1623_ENZ_YER183C,0.0,0.0003374230536152
turnup,r_1624_ENZ_YER183C,0.0,0.0
turnup,r_1625,0.0,0.0
turnup,r_1627,0.0,0.0
turnup,r_1628_FWD,0.0,0.0
turnup,r_1628_REV,0.0,0.0
turnup,r_1629,0.0,0.0
turnup,r_1630,0.0,1.5026953022356793e-05
turnup,r_1631,0.0,0.0021029975236697
turnup,r_1632_FWD,0.0,0.0
turnup,r_1632_REV,0.0,0.001862146332872
turnup,r_1633_FWD,0.0,0.0
turnup,r_1633_REV,0.0,0.001070426881965
turnup,r_1634,0.0,0.0002710954120905
turnup,r_1635_FWD,0.0,0.0
turnup,r_1635_REV,0.0,0.0
turnup,r_1637_FWD,0.0,0.0
turnup,r_1637_REV,0.0,0.0
turnup,r_1638,0.0,3.710656950850488e-05
turnup,r_1639,0.0,0.0
turnup,r_1640_FWD,0.0,0.0
turnup,r_1640_REV,0.0,0.0
turnup,r_1641,0.0,6.880749715554302e-06
turnup,r_1642_ENZ_YPR011C_FWD,0.0,0.0
turnup,r_1642_ENZ_YPR011C_REV,0.0,5.349848233799096e-05
turnup,r_1643,0.0,0.0
turnup,r_1644_FWD,0.0,0.0
turnup,r_1644_REV,0.0,0.0305659844845279
turnup,r_1645_FWD,0.0,0.0
turnup,r_1645_REV,0.0,0.000125612386661
turnup,r_1647_FWD,0.0,0.0
turnup,r_1647_REV,0.0,2.18782121153005e-05
turnup,r_1648,0.0,0.0
turnup,r_1649,0.0,0.0
turnup,r_1650,0.0,5.20747128527066e-05
turnup,r_1651,0.0,5.613692507426722e-05
turnup,r_1652_FWD,0.0,1000.0
turnup,r_1652_REV,0.0,1000.0
turnup,r_1654_FWD,0.0,0.0
turnup,r_1654_REV,3.9462382994151466,3.9463419058674263
turnup,r_1656_FWD,0.0,0.0
turnup,r_1656_REV,0.0,0.0
turnup,r_1657_ENZ_YBR147W,0.0,0.0
turnup,r_1658_ENZ_YDR508C,0.0,0.0
turnup,r_1659_FWD,0.0,3.667522798240664e-06
turnup,r_1659_REV,0.0,2.2183056350932876e-05
turnup,r_1660_FWD,0.0,0.0307313987832103
turnup,r_1660_REV,0.0,0.0
turnup,r_1661_FWD,0.0,6.935088557824542e-05
turnup,r_1661_REV,0.0,0.0
turnup,r_1663,0.0,0.0
turnup,r_1664_FWD,0.0,0.0
turnup,r_1664_REV,0.0,0.0
turnup,r_1665_FWD,2.3915296617378057,2.4079609150284256
turnup,r_1665_REV,0.0,0.0
turnup,r_1667_ENZ_YNL036W_FWD,0.0,0.0082587403090254
turnup,r_1667_ENZ_YNL036W_REV,0.0,0.0082009187978947
turnup,r_1668_FWD,0.0,0.0
turnup,r_1668_REV,0.0,0.0
turnup,r_1669_FWD,0.0,0.0
turnup,r_1669_REV,2.3915296617422808,2.4074225134887497
turnup,r_1671,0.0,0.0
turnup,r_1672,19.13552973196221,19.13602580819327
turnup,r_1673,0.0,2.0260546364059277e-05
turnup,r_1674,0.0,3.710656950994817e-05
turnup,r_1675_FWD,0.0,0.0
turnup,r_1675_REV,0.0,0.0
turnup,r_1676_FWD,0.0,0.0
turnup,r_1676_REV,0.0,4.613633131000936e-05
turnup,r_1677_FWD,0.0,0.0
turnup,r_1677_REV,0.0,4.619080144921753e-05
turnup,r_1678_FWD,0.0,0.0
turnup,r_1678_REV,0.0,4.619017736426021e-05
turnup,r_1679_FWD,0.0,0.0
turnup,r_1679_REV,0.0,4.618955236425706e-05
turnup,r_1680_FWD,0.0,0.0
turnup,r_1680_REV,0.0,9.8781269156821e-05
turnup,r_1681_FWD,0.0,0.0
turnup,r_1681_REV,0.0,9.98476472482534e-05
turnup,r_1682,0.0227290941502507,0.0227439671029255
turnup,r_1683,0.0,7.559778238899403e-06
turnup,r_1684_ENZ_YGL077C_FWD,0.0,3.068961088459332e-05
turnup,r_1684_ENZ_YGL077C_REV,0.0,0.0
turnup,r_1684_ENZ_YOR161C_FWD,0.0,3.699931203652422e-05
turnup,r_1684_ENZ_YOR161C_REV,0.0,0.0
turnup,r_1685,0.0,0.0
turnup,r_1686_FWD,0.0,0.0
turnup,r_1686_REV,0.0,0.0001342530912212
turnup,r_1687,0.0,0.0001332438394267
turnup,r_1688_FWD,0.0,0.0
turnup,r_1688_REV,0.0,2.932330159611116e-06
turnup,r_1689_FWD,0.0,2.337164877397324e-05
turnup,r_1689_REV,0.0,6.907655772492305e-06
turnup,r_1690,0.0,9.343137004513836e-05
turnup,r_1691_FWD,0.0,0.0
turnup,r_1691_REV,0.0,0.0
turnup,r_1694_FWD,0.0,0.0
turnup,r_1694_REV,2.3915296617378057,2.4079609153465427
turnup,r_1695_FWD,0.0,0.0
turnup,r_1695_REV,0.0,7.045536052903513e-06
turnup,r_1696_FWD,0.0,0.0
turnup,r_1696_REV,3.713547483710287,3.719845079203204
turnup,r_1697_FWD,19.13552973196221,19.135944608468225
turnup,r_1697_REV,0.0,0.0
turnup,r_1698_FWD,0.0,0.0
turnup,r_1698_REV,0.0,3.188641152490623e-05
turnup,r_1699_FWD,0.0,0.0
turnup,r_1699_REV,0.0,0.0
turnup,r_1700_FWD,0.0,2.417865733643036e-05
turnup,r_1700_REV,0.0,4.035762163153341e-05
turnup,r_1702,0.0,0.0
turnup,r_1703_ENZ_YKL024C,0.0108290903637681,0.011267757609076
turnup,r_1704_ENZ_YKL024C_FWD,0.0,0.0006567101384717
turnup,r_1704_ENZ_YKL024C_REV,0.0032740909603153,0.0043570489048345
turnup,r_1705,0.0,0.0
turnup,r_1706,0.0,-0.0
turnup,r_1707_ENZ_YDR342C_FWD,0.0,0.0
turnup,r_1707_ENZ_YDR342C_REV,0.0,0.0
turnup,r_1707_ENZ_YHR092C_FWD,0.0,0.0
turnup,r_1707_ENZ_YHR092C_REV,0.0,0.0
turnup,r_1708_FWD,0.1908869347263511,0.1910416229237969
turnup,r_1708_REV,0.0,0.0
turnup,r_1709,0.0,0.0
turnup,r_1710,0.0,0.0
turnup,r_1711,0.0,0.0
turnup,r_1712,0.0,0.0
turnup,r_1713_FWD,0.0,0.0
turnup,r_1713_REV,0.0,9.652975765733242e-05
turnup,r_1714_FWD,0.0,0.0
turnup,r_1714_REV,7.382467836211185,7.382755299417997
turnup,r_1715,0.0,0.0
turnup,r_1716,0.0,0.0
turnup,r_1717_ENZ_YDL245C_FWD,0.0,0.0
turnup,r_1717_ENZ_YDL245C_REV,0.0,0.0
turnup,r_1717_ENZ_YEL069C_FWD,0.0,0.0
turnup,r_1717_ENZ_YEL069C_REV,0.0,0.0
turnup,r_1717_ENZ_YJR158W_FWD,0.0,0.0
turnup,r_1717_ENZ_YJR158W_REV,0.0,0.0
turnup,r_1717_ENZ_YNR072W_FWD,0.0,0.0
turnup,r_1717_ENZ_YNR072W_REV,0.0,0.0
turnup,r_1718,0.0,0.0
turnup,r_1719_ENZ_YHR092C_FWD,0.0,0.0
turnup,r_1719_ENZ_YHR092C_REV,0.0,0.0
turnup,r_1720_FWD,0.0,0.0
turnup,r_1720_REV,0.0,0.0
turnup,r_1721_FWD,0.0,0.0
turnup,r_1721_REV,0.0,0.0
turnup,r_1722,0.0,3.582041356742227e-05
turnup,r_1723,0.0,0.0
turnup,r_1724,0.0,9.993358372906158e-05
turnup,r_1725,0.0,0.0
turnup,r_1726_FWD,0.0,0.0
turnup,r_1726_REV,0.0,0.0
turnup,r_1727,0.0,5.678383489193806e-06
turnup,r_1728,0.0,0.0
turnup,r_1729_ENZ_YDL166C_FWD,0.0,0.0
turnup,r_1729_ENZ_YDL166C_REV,0.002036430873283,0.0022202110399516
turnup,r_1730,0.0,0.0
turnup,r_1731,0.0,0.0
turnup,r_1732,0.0,0.0
turnup,r_1733,0.0,0.0
turnup,r_1734,0.0,0.0001737690627656
turnup,r_1735_ENZ_YBL042C,0.0,0.0
turnup,r_1736_ENZ_YDR196C,0.0,0.0001688867245567
turnup,r_1737_FWD,0.0,0.0
turnup,r_1737_REV,0.0,0.0
turnup,r_1738_FWD,3.910024752801222e-05,3.910043616600638e-05
turnup,r_1738_REV,0.0,0.0
turnup,r_1739_ENZ_YDR071C,0.0,0.0
turnup,r_1743_FWD,0.0,0.0
turnup,r_1743_REV,0.0,0.0
turnup,r_1744,0.0,3.910032702991026e-05
turnup,r_1745_FWD,0.0,0.0
turnup,r_1745_REV,3.910024752801222e-05,3.910042124411303e-05
turnup,r_1746_FWD,0.0,0.0011624380549325
turnup,r_1746_REV,0.0,0.0066118289171474
turnup,r_1747_FWD,0.0,0.0
turnup,r_1747_REV,0.0,3.664410893922109e-05
turnup,r_1748_FWD,0.0,0.0
turnup,r_1748_REV,0.4329643008260738,0.4329643008260738
turnup,r_1749,0.0,6.8299552039019495e-06
turnup,r_1750_FWD,0.0,0.0
turnup,r_1750_REV,0.0,8.217708008521202e-06
turnup,r_1751_FWD,0.0,0.0
turnup,r_1751_REV,0.0,0.0001684824860479
turnup,r_1752_FWD,0.0,0.0001684824860538
turnup,r_1752_REV,0.0,0.0
turnup,r_1753,0.0,1.1867985047909675e-06
turnup,r_1754_FWD,0.022743164319414,0.022743164319414
turnup,r_1754_REV,0.0,0.0
turnup,r_1757,0.0,1.239801904250765e-06
turnup,r_1758_FWD,0.0,1000.0
turnup,r_1758_REV,0.0,999.9772568347154
turnup,r_1759_FWD,0.0,0.0
turnup,r_1759_REV,0.0,6.661420627548931e-05
turnup,r_1761,0.0,0.0004161003826173
turnup,r_1762_FWD,0.0,0.0008061999990602
turnup,r_1762_REV,0.0,0.0
turnup,r_1763_FWD,0.0,0.0051892654773552
turnup,r_1763_REV,0.0,0.0034092576997757
turnup,r_1764,0.0,0.0
turnup,r_1765,0.0,0.0004938635546583
turnup,r_1766_FWD,0.0,1.5877654424475047e-06
turnup,r_1766_REV,0.0,0.0
turnup,r_1770_ENZ_YBR041W_FWD,0.0,0.0
turnup,r_1770_ENZ_YBR041W_REV,0.0,6.2414257270791695e-06
turnup,r_1771_ENZ_YKL188C_and_YPL147W_FWD,0.0,3.696793800444839e-05
turnup,r_1771_ENZ_YKL188C_and_YPL147W_REV,0.0,1.0064217005777828e-05
turnup,r_1772_ENZ_YKL188C_and_YPL147W_FWD,0.0,1.148638126462912e-05
turnup,r_1772_ENZ_YKL188C_and_YPL147W_REV,0.0,1.0073719142135517e-05
turnup,r_1774_ENZ_YKL188C_and_YPL147W_FWD,0.0,6.664602859388488e-06
turnup,r_1774_ENZ_YKL188C_and_YPL147W_REV,0.0,1.500482210883601e-05
turnup,r_1775_ENZ_YBR041W_FWD,0.0,3.317874102570784e-06
turnup,r_1775_ENZ_YBR041W_REV,0.0,1.9518563748147172e-05
turnup,r_1776_FWD,0.0,0.0
turnup,r_1776_REV,0.0,3.317874102570784e-06
turnup,r_1777_FWD,0.0,0.0
turnup,r_1777_REV,0.0,5.609654283325605e-06
turnup,r_1788,0.0,1.2080562144939355e-06
turnup,r_1790_ENZ_YDL045C,0.0,6.167259632684734e-06
turnup,r_1791,0.0,0.0
turnup,r_1792,0.0,-0.0
turnup,r_1793,0.0,0.0002738437046432
turnup,r_1794,0.647541005209705,0.6479887024097142
turnup,r_1795_ENZ_YNL065W_FWD,0.0,0.0
turnup,r_1795_ENZ_YNL065W_REV,0.0,0.0008310564611245
turnup,r_1796_FWD,0.0,0.0
turnup,r_1796_REV,0.0,0.0001507787288241
turnup,r_1797,0.0,0.0
turnup,r_1798,0.0,8.300072470208975e-05
turnup,r_1800,0.0,0.0
turnup,r_1801_FWD,0.0,0.0
turnup,r_1801_REV,0.0,0.0001736584300147
turnup,r_1802_FWD,0.0,0.0
turnup,r_1802_REV,0.0,0.0
turnup,r_1803_ENZ_YGL225W_FWD,0.0,0.0
turnup,r_1803_ENZ_YGL225W_REV,0.0,0.0003180543285559
turnup,r_1805_ENZ_YBR241C_FWD,0.0,0.0
turnup,r_1805_ENZ_YBR241C_REV,0.0,0.0001651573888062
turnup,r_1806,0.0,0.0
turnup,r_1807,0.0,0.0
turnup,r_1808,0.0,0.0001356989992536
turnup,r_1809_FWD,0.0,0.0006415495894238
turnup,r_1809_REV,0.0,0.0068678528907563
turnup,r_1810,0.0,0.0002303236216795
turnup,r_1811_ENZ_YPR058W_FWD,0.0287895790854103,0.0293867519828019
turnup,r_1811_ENZ_YPR058W_REV,0.0,0.0
turnup,r_1812_FWD,0.0,0.0
turnup,r_1812_REV,3.910024752801222e-05,3.910043759780566e-05
turnup,r_1813_FWD,0.0,0.0
turnup,r_1813_REV,3.910024752801222e-05,3.984049708770807e-05
turnup,r_1814,3.910024752801222e-05,3.984037676051263e-05
turnup,r_1815,0.0,0.0001796082983495
turnup,r_1816_ENZ_YNL065W_FWD,0.0,0.0001685760993103
turnup,r_1816_ENZ_YNL065W_REV,0.0,0.0
turnup,r_1817_FWD,0.0,4.062812889071843e-05
turnup,r_1817_REV,0.0,0.0
turnup,r_1818,0.0,1.5624028595340178e-05
turnup,r_1819_FWD,0.0,0.0
turnup,r_1819_REV,0.0,0.0
turnup,r_1820,0.0,0.0
turnup,r_1821,0.0,0.0003388688888179
turnup,r_1822,0.0,0.0
turnup,r_1823,0.0,0.0
turnup,r_1824,0.0,0.0021357051510948
turnup,r_1825_FWD,0.0452845205632814,0.0454885289747414
turnup,r_1825_REV,0.0,0.0
turnup,r_1826_FWD,0.0,0.0
turnup,r_1826_REV,0.0,0.0003165286668078
turnup,r_1827_FWD,0.0,0.0370693225601248
turnup,r_1827_REV,0.0,0.0002590748135875
turnup,r_1829_FWD,0.0,0.0
turnup,r_1829_REV,2.395034668469556,2.403746623573197
turnup,r_1830_FWD,0.0,6.101234072986032e-05
turnup,r_1830_REV,0.0,4.580252692371056e-05
turnup,r_1831_FWD,0.0,1000.0
turnup,r_1831_REV,0.0,0.0005083294898067
turnup,r_1832_FWD,0.0,0.0
turnup,r_1832_REV,0.1747391289011242,0.1760112425001478
turnup,r_1833_FWD,0.0,1.7034443301672253e-05
turnup,r_1833_REV,0.0,0.0
turnup,r_1834,0.0,-0.0
turnup,r_1835_ENZ_YBR041W_FWD,0.0,0.0
turnup,r_1835_ENZ_YBR041W_REV,0.0,3.415353283617306e-06
turnup,r_1836_ENZ_YBR041W_FWD,0.0,0.0
turnup,r_1836_ENZ_YBR041W_REV,0.0,2.4271663059707204e-06
turnup,r_1837_ENZ_YBR147W,0.0,0.0
turnup,r_1838_ENZ_YDL131W,0.0,0.0
turnup,r_1838_ENZ_YDL182W,0.2027483266555023,0.2027794163316496
turnup,r_1839_FWD,0.0,0.0
turnup,r_1839_REV,0.0,0.0
turnup,r_1840_FWD,0.0,0.0
turnup,r_1840_REV,0.136458991707409,0.1364936487951558
turnup,r_1841,0.0,9.397287622725514e-06
turnup,r_1842_FWD,0.0,0.0
turnup,r_1842_REV,0.0,9.397287622725514e-06
turnup,r_1843,0.0,1.7718228640384304e-05
turnup,r_1844_FWD,0.0,9.544349860779455e-06
turnup,r_1844_REV,0.0,0.0
turnup,r_1845_FWD,0.0,9.674259954406406e-06
turnup,r_1845_REV,0.0,0.0
turnup,r_1846_FWD,0.0,0.0
turnup,r_1846_REV,0.0,0.0
turnup,r_1847,0.0,0.0
turnup,r_1848,0.0,0.0
turnup,r_1849_FWD,0.0,0.0
turnup,r_1849_REV,0.0,3.934671681449231e-05
turnup,r_1850,0.0,0.0001736628407762
turnup,r_1851_FWD,0.0,4.613551369470057e-05
turnup,r_1851_REV,0.0,0.0
turnup,r_1852_FWD,0.0,4.638063066420353e-05
turnup,r_1852_REV,0.0,0.0
turnup,r_1853_FWD,0.0,8.338490141731594e-05
turnup,r_1853_REV,0.0,0.0
turnup,r_1854_FWD,0.0,9.068797288329725e-05
turnup,r_1854_REV,0.0,0.0
turnup,r_1855_FWD,0.0,4.897084635653321e-05
turnup,r_1855_REV,0.0,0.0
turnup,r_1856_FWD,0.0,4.870901467301896e-05
turnup,r_1856_REV,0.0,0.0
turnup,r_1857_FWD,0.0,8.961313228391963e-05
turnup,r_1857_REV,0.0,0.0
turnup,r_1858_FWD,0.0,9.332717360362695e-05
turnup,r_1858_REV,0.0,0.0
turnup,r_1859_FWD,0.0,0.0001009049992724
turnup,r_1859_REV,0.0,0.0
turnup,r_1860_FWD,0.0,9.2679911673511e-05
turnup,r_1860_REV,0.0,0.0
turnup,r_1861_FWD,0.0,0.0
turnup,r_1861_REV,1.8748383209145837e-05,2.1635187931726627e-05
turnup,r_1862,0.0,4.309356715426205e-05
turnup,r_1863_FWD,0.0,6.93422411478517e-05
turnup,r_1863_REV,0.0,0.0
turnup,r_1864_FWD,0.0,0.0
turnup,r_1864_REV,0.0,6.450542404967674e-05
turnup,r_1865,0.0,6.508298691243475e-05
turnup,r_1866,0.0,7.184921582145676e-05
turnup,r_1867,0.0,4.520024665107972e-05
turnup,r_1868_FWD,0.0,3.925405032334517e-05
turnup,r_1868_REV,0.0,0.0
turnup,r_1869_FWD,0.0,0.0
turnup,r_1869_REV,0.0,7.13546810757748e-05
turnup,r_1870,0.0,3.6668060554551074e-05
turnup,r_1871,0.0,0.0001407778236813
turnup,r_1872,0.0,0.0
turnup,r_1873,0.0,0.0003986768702351
turnup,r_1874,0.0,0.0002384225103704
turnup,r_1875,0.0,0.0
turnup,r_1876_FWD,0.0,0.0
turnup,r_1876_REV,0.0,0.0
turnup,r_1877_ENZ_YDR342C_FWD,0.0,0.0
turnup,r_1877_ENZ_YDR342C_REV,0.0,0.0
turnup,r_1877_ENZ_YHR092C_FWD,0.0,0.0
turnup,r_1877_ENZ_YHR092C_REV,0.0,0.0
turnup,r_1878,0.0,-0.0
turnup,r_1879,0.0,8.587564643239287e-06
turnup,r_1880,0.0,4.275832005991298e-05
turnup,r_1881,0.0,0.000152307386844
turnup,r_1882_ENZ_YOR100C,0.0,9.225656096445434e-05
turnup,r_1883,0.0,1.3204019215024914e-05
turnup,r_1884_FWD,0.0,0.0
turnup,r_1884_REV,0.0,0.0
turnup,r_1885_FWD,0.0,0.0
turnup,r_1885_REV,0.0,0.0
turnup,r_1886,0.0,-0.0
turnup,r_1887_FWD,0.116675930203371,0.116793844353765
turnup,r_1887_REV,0.0,0.0
turnup,r_1889,0.0,5.503138510805361e-05
turnup,r_1890_FWD,0.0,0.0
turnup,r_1890_REV,0.0,0.0
turnup,r_1891,0.0,6.798700952867498e-05
turnup,r_1892_FWD,0.0,0.0
turnup,r_1892_REV,0.0,0.0
turnup,r_1893,0.0,2.630844165103091e-05
turnup,r_1895_FWD,0.0,0.0
turnup,r_1895_REV,0.0,4.041502111476469e-05
turnup,r_1896,0.0,7.393748308143211e-05
turnup,r_1897,0.0,3.663067788933772e-05
turnup,r_1898,0.0,0.0003421796289198
turnup,r_1899,0.0,6.0552979018690944e-05
turnup,r_1900,0.0,1.6985428466786967e-05
turnup,r_1901_FWD,0.0,1000.0
turnup,r_1901_REV,0.0,1000.0
turnup,r_1902,0.0,2.467709931497364e-05
turnup,r_1903,0.0,3.213663518103482e-05
turnup,r_1904,0.0,6.0720508914646754e-05
turnup,r_1905_FWD,0.0,0.0002131636977373
turnup,r_1905_REV,0.0,0.0
turnup,r_1906,0.0,0.0001760241505702
turnup,r_1907_ENZ_YKR039W_FWD,0.0,0.0
turnup,r_1907_ENZ_YKR039W_REV,0.0,0.0
turnup,r_1908_ENZ_YDL245C_FWD,0.0,0.0
turnup,r_1908_ENZ_YDL245C_REV,0.0,0.0
turnup,r_1908_ENZ_YEL069C_FWD,0.0,0.0
turnup,r_1908_ENZ_YEL069C_REV,0.0,0.0
turnup,r_1908_ENZ_YJR158W_FWD,0.0,0.0
turnup,r_1908_ENZ_YJR158W_REV,0.0,0.0
turnup,r_1908_ENZ_YNR072W_FWD,0.0,0.0
turnup,r_1908_ENZ_YNR072W_REV,0.0,0.0
turnup,r_1909,0.0,0.0
turnup,r_1910_ENZ_YDL245C_FWD,0.0,0.0
turnup,r_1910_ENZ_YDL245C_REV,0.0,0.0
turnup,r_1910_ENZ_YDR342C_FWD,0.0,0.0
turnup,r_1910_ENZ_YDR342C_REV,0.0,0.0
turnup,r_1910_ENZ_YDR343C_FWD,0.0,0.0
turnup,r_1910_ENZ_YDR343C_REV,0.0,0.0
turnup,r_1910_ENZ_YDR345C_FWD,0.0,0.0
turnup,r_1910_ENZ_YDR345C_REV,0.0,0.0
turnup,r_1910_ENZ_YEL069C_FWD,0.0,0.0
turnup,r_1910_ENZ_YEL069C_REV,0.0,0.0
turnup,r_1910_ENZ_YFL011W_FWD,0.0,0.0
turnup,r_1910_ENZ_YFL011W_REV,0.0,0.0
turnup,r_1910_ENZ_YHR092C_FWD,0.0,0.0
turnup,r_1910_ENZ_YHR092C_REV,0.0,0.0
turnup,r_1910_ENZ_YHR096C_FWD,0.0,0.0
turnup,r_1910_ENZ_YHR096C_REV,0.0,0.0
turnup,r_1910_ENZ_YJL214W_FWD,0.0,0.0
turnup,r_1910_ENZ_YJL214W_REV,0.0,0.0
turnup,r_1910_ENZ_YJL219W_FWD,0.0,0.0
turnup,r_1910_ENZ_YJL219W_REV,0.0,0.0
turnup,r_1910_ENZ_YJR158W_FWD,0.0,0.0
turnup,r_1910_ENZ_YJR158W_REV,0.0,0.0
turnup,r_1910_ENZ_YNR072W_FWD,0.0,0.0
turnup,r_1910_ENZ_YNR072W_REV,0.0,0.0
turnup,r_1910_ENZ_YOL156W_FWD,0.0,0.0
turnup,r_1910_ENZ_YOL156W_REV,0.0,0.0
turnup,r_1911,0.0,5.546098245931552e-05
turnup,r_1912,0.0,1.7335557639747146e-05
turnup,r_1913,0.0,3.3326488921639474e-05
turnup,r_1914,0.0,3.856731987375572e-05
turnup,r_1915,0.0,2.1957652758253232e-06
turnup,r_1916,0.0,2.3685961944459413e-06
turnup,r_1919_ENZ_YBR147W,0.0,0.0
turnup,r_1920_FWD,0.0,0.0
turnup,r_1920_REV,0.0,0.0
turnup,r_1921_FWD,0.0,0.0
turnup,r_1921_REV,0.0,0.0
turnup,r_1922_FWD,0.0,0.0
turnup,r_1922_REV,0.0,0.0
turnup,r_1923_FWD,0.0,0.0
turnup,r_1923_REV,0.0,0.0
turnup,r_1924_FWD,0.0,0.0
turnup,r_1924_REV,0.0,0.0
turnup,r_1925_FWD,0.0,0.0
turnup,r_1925_REV,0.0,0.0
turnup,r_1926_FWD,0.0,0.0
turnup,r_1926_REV,0.0,0.0
turnup,r_1927_FWD,0.0,0.0
turnup,r_1927_REV,0.0,0.0
turnup,r_1928_FWD,0.0,0.0
turnup,r_1928_REV,0.0,0.0
turnup,r_1929_FWD,0.0,0.0
turnup,r_1929_REV,0.0,0.0
turnup,r_1930_FWD,0.0,7.75236052640016e-05
turnup,r_1930_REV,0.0,0.0
turnup,r_1931,0.0,0.0
turnup,r_1932_FWD,0.0,0.0
turnup,r_1932_REV,0.4329643008260738,0.4329654294718368
turnup,r_1935_ENZ_YDR508C,0.0,0.0
turnup,r_1936,0.0,0.000153748095458
turnup,r_1937_FWD,0.0,0.0
turnup,r_1937_REV,0.0,0.0
turnup,r_1938_FWD,0.0,0.0
turnup,r_1938_REV,0.0,0.0
turnup,r_1939_FWD,0.0,0.0
turnup,r_1939_REV,0.0,0.0
turnup,r_1940_FWD,0.0,0.0
turnup,r_1940_REV,0.0,0.0
turnup,r_1941_FWD,0.0,0.0
turnup,r_1941_REV,0.0,0.0
turnup,r_1942_FWD,0.0,0.0
turnup,r_1942_REV,0.0,0.0
turnup,r_1943_FWD,0.0,0.0
turnup,r_1943_REV,0.0,0.0
turnup,r_1944_FWD,0.0,0.0
turnup,r_1944_REV,0.0,0.0
turnup,r_1945_FWD,0.0,0.0
turnup,r_1945_REV,0.0,0.0
turnup,r_1946_FWD,0.0,0.0
turnup,r_1946_REV,0.0,0.0
turnup,r_1947,0.0,0.0
turnup,r_1952,0.0,7.811103734683966e-06
turnup,r_1963_FWD,0.0,0.0
turnup,r_1963_REV,0.0454863305691363,0.0454863305691363
turnup,r_1964_FWD,0.0454863305691363,0.0454863305691363
turnup,r_1964_REV,0.0,0.0
turnup,r_1965_FWD,0.0,0.0
turnup,r_1965_REV,0.3381239404963367,0.3386856042725436
turnup,r_1966_FWD,0.0,0.0
turnup,r_1966_REV,0.0,0.0
turnup,r_1967,0.0,7.400677730164538e-07
turnup,r_1968,0.0,0.0
turnup,r_1970_FWD,0.0,0.0
turnup,r_1970_REV,0.0,0.0
turnup,r_1971_FWD,0.0,0.0
turnup,r_1971_REV,0.0,0.0
turnup,r_1972,0.0,0.0
turnup,r_1974,0.0,0.0003388688908074
turnup,r_1975,0.0,0.0003074176288443
turnup,r_1976_ENZ_YOR100C,0.0,9.225656096445434e-05
turnup,r_1977_FWD,0.0227431652845681,0.0227440806888819
turnup,r_1977_REV,0.0,0.0
turnup,r_1978_FWD,17.561313809008922,17.56225396263562
turnup,r_1978_REV,0.0,0.0
turnup,r_1979_FWD,17.89988382126145,17.90026005657225
turnup,r_1979_REV,0.0,0.0
turnup,r_1980_FWD,0.0,2.2508752992924143e-05
turnup,r_1980_REV,0.0,0.0
turnup,r_1981_ENZ_YBR041W_FWD,0.0,0.0
turnup,r_1981_ENZ_YBR041W_REV,0.0,2.0271410816931346e-06
turnup,r_1984,0.0,4.612217748757375e-06
turnup,r_1987,0.0,2.2058583303244395e-05
turnup,r_1988_FWD,0.0,9.108173607286218e-05
turnup,r_1988_REV,0.0,0.0
turnup,r_1989,0.0,0.0001668089319706
turnup,r_1990_ENZ_YJL212C,0.0,0.0
turnup,r_1991_FWD,0.0,0.0
turnup,r_1991_REV,0.0,3.572503729163404e-05
turnup,r_1992_FWD,0.0,0.0
turnup,r_1992_REV,17.89988382126145,17.90029732626775
turnup,r_1993,0.0,6.9041175064926685e-06
turnup,r_1994,0.0,7.134456940196404e-06
turnup,r_1995_FWD,0.0,0.0
turnup,r_1995_REV,0.0,0.0
turnup,r_1996_FWD,0.0,0.0001171774371525
turnup,r_1996_REV,0.0,5.349847916239589e-05
turnup,r_1997,0.0,7.338347635671427e-05
turnup,r_1998_FWD,0.0,0.0
turnup,r_1998_REV,0.0,6.397747189815228e-06
turnup,r_1999,0.0,0.0
turnup,r_2000,0.0,1.292282924814092e-05
turnup,r_2001,0.0,3.128386648483528e-05
turnup,r_2002_FWD,0.0,3.1184747044721295e-05
turnup,r_2002_REV,0.0,0.0
turnup,r_2003_FWD,0.0,2.9351507161795576e-05
turnup,r_2003_REV,0.0,0.0
turnup,r_2004,0.0,0.0
turnup,r_2005_FWD,0.0,0.0025681867172981
turnup,r_2005_REV,3.085805586009976,3.088699936171237
turnup,r_2008_ENZ_YNR013C_FWD,0.0,0.00051175821089
turnup,r_2008_ENZ_YNR013C_REV,0.0,0.0004751910480565
turnup,r_2020_FWD,0.0,0.0
turnup,r_2020_REV,0.0022387048933407,0.0022387088798445
turnup,r_2022_FWD,0.0,9.864651537225266e-07
turnup,r_2022_REV,0.0,0.0
turnup,r_2023_FWD,0.0,0.0
turnup,r_2023_REV,0.0,0.0
turnup,r_2024,0.0,2.8343363276145395e-05
turnup,r_2025_ENZ_YNR027W,0.0,0.0
turnup,r_2026_ENZ_YNR027W,0.0,7.504547783110382e-05
turnup,r_2027,0.0,7.508167482939143e-05
turnup,r_2028,0.0,0.0
turnup,r_2029_ENZ_YEL029C,0.0,0.0
turnup,r_2030,0.0006105558733224,0.0006167246342949
turnup,r_2031_FWD,0.0,4.717855962699247e-05
turnup,r_2031_REV,0.0,0.0002941055860006
turnup,r_2032_FWD,4.373781247584255,4.375895941380265
turnup,r_2032_REV,0.0,0.0001631102183834
turnup,r_2033,0.0,0.0003972731495842
turnup,r_2034_ENZ_YGL080W_and_YGR243W,0.0,0.0008248374819759
turnup,r_2034_ENZ_YGL080W_and_YHR162W,0.0,0.0016185880180623
turnup,r_2036_FWD,0.0,0.0
turnup,r_2036_REV,0.0,0.0
turnup,r_2037_FWD,0.0,3.572503729163404e-05
turnup,r_2037_REV,0.0,0.0
turnup,r_2038,0.0,0.0
turnup,r_2039,0.0,6.167239240155648e-06
turnup,r_2040_ENZ_YOR306C,0.0,0.0
turnup,r_2041_ENZ_YDR342C,0.0,0.0
turnup,r_2041_ENZ_YHR092C,0.0,0.0
turnup,r_2042_FWD,0.0,0.0
turnup,r_2042_REV,0.0,0.0
turnup,r_2043,0.0,0.0
turnup,r_2044,0.0,-0.0
turnup,r_2045_ENZ_YDR508C_FWD,0.3092863907365534,0.3096006132104208
turnup,r_2045_ENZ_YDR508C_REV,0.0,0.0
turnup,r_2046,0.0,1.159777410524377e-05
turnup,r_2049_FWD,0.0,0.0
turnup,r_2049_REV,0.0024483907720844,0.00244839051453
turnup,r_2050,0.0,0.0
turnup,r_2051,0.0,1.1206392099505358e-05
turnup,r_2052,0.0,3.732609242024232e-06
turnup,r_2053_FWD,0.0227431652845681,0.0227439681072483
turnup,r_2053_REV,0.0,0.0
turnup,r_2054_FWD,0.0227431652845681,0.0227439681072451
turnup,r_2054_REV,0.0,0.0
turnup,r_2055,0.0,1.6952094588594535e-06
turnup,r_2056,0.0,8.769123522503475e-05
turnup,r_2057_FWD,0.0,0.0
turnup,r_2057_REV,0.0,0.0001605623482479
turnup,r_2058,0.0,0.0
turnup,r_2060_FWD,0.0,0.0
turnup,r_2060_REV,0.0530444293458866,0.0531124313872605
turnup,r_2061,0.0,3.48700014259698e-05
turnup,r_2062,0.0,0.0
turnup,r_2063_FWD,0.0,3.1886441369199936e-05
turnup,r_2063_REV,0.0,0.0
turnup,r_2064_ENZ_YDL024C,0.0,5.241049975798169e-05
turnup,r_2065,0.0,5.1555212614037375e-05
turnup,r_2066,0.0,0.0
turnup,r_2067,0.0,-0.0
turnup,r_2068,0.0,0.0
turnup,r_2069,0.0,7.400677730164538e-07
turnup,r_2072_ENZ_YDR508C,0.0,8.745732857931565e-05
turnup,r_2073,0.0,7.712053334253677e-06
turnup,r_2074,0.0,0.0001736584293627
turnup,r_2075_FWD,0.0,0.0
turnup,r_2075_REV,0.0,8.343050879908859e-06
turnup,r_2079_ENZ_YGR289C_FWD,0.0,3.650123309027753e-05
turnup,r_2079_ENZ_YGR289C_REV,0.0,0.0
turnup,r_2080_FWD,0.0,5.981361492234105e-05
turnup,r_2080_REV,0.0,0.0
turnup,r_2082,0.0,0.0
turnup,r_2083,0.0,1.6843710940572798e-05
turnup,r_2084_FWD,0.0,1.7290774804390452e-05
turnup,r_2084_REV,0.0,0.0
turnup,r_2085_FWD,0.0,0.0
turnup,r_2085_REV,0.0,9.544577060094372e-06
turnup,r_2086,0.0,0.0
turnup,r_2087_FWD,0.0,0.0
turnup,r_2087_REV,0.0,0.0
turnup,r_2089_FWD,0.0,0.0305626619464023
turnup,r_2089_REV,0.0,0.0
turnup,r_2090,0.0,0.0
turnup,r_2091,0.0,1.9389381765572145e-05
turnup,r_2092,0.0,0.0
turnup,r_2093_FWD,0.0,0.0
turnup,r_2093_REV,0.1874469605549657,0.1874874952904995
turnup,r_2094_ENZ_YLL052C_FWD,0.0,0.0
turnup,r_2094_ENZ_YLL052C_REV,0.0226161504953148,0.0227439681072159
turnup,r_2094_ENZ_YPR192W_FWD,0.0,0.0019370843605791
turnup,r_2094_ENZ_YPR192W_REV,0.0,0.0
turnup,r_2095_FWD,0.0,0.0001737052327364
turnup,r_2095_REV,0.0,0.0
turnup,r_2096_FWD,0.0,0.0
turnup,r_2096_REV,75.0602888781117,75.0602888781117
turnup,r_2097_FWD,2.39152966173132,2.4036904776065326
turnup,r_2097_REV,0.0,0.0
turnup,r_2098_FWD,0.0,3.1681786598329634e-05
turnup,r_2098_REV,0.0,1.7476809181061657e-05
turnup,r_2099_FWD,0.0,0.0002533181823055
turnup,r_2099_REV,0.0,0.0002726247019835
turnup,r_2100_FWD,31.41269251560823,31.413641999834407
turnup,r_2100_REV,0.0,0.0016664562114705
turnup,r_2101_FWD,0.0,0.0
turnup,r_2101_REV,0.0,0.0001148876106452
turnup,r_2102,0.0,0.0
turnup,r_2103,0.0,0.0
turnup,r_2104,0.0,-0.0
turnup,r_2105_ENZ_YDL245C_FWD,0.0,0.0
turnup,r_2105_ENZ_YDL245C_REV,0.0,0.0
turnup,r_2105_ENZ_YLL043W_FWD,0.0,0.0
turnup,r_2105_ENZ_YLL043W_REV,0.0,0.0
turnup,r_2106,0.0,7.458549200582698e-07
turnup,r_2107_ENZ_YIL013C_FWD,0.0,3.352236555947529e-05
turnup,r_2107_ENZ_YIL013C_REV,0.0,0.0001704047149196
turnup,r_2107_ENZ_YOR011W_FWD,0.0,3.2906776483686024e-05
turnup,r_2107_ENZ_YOR011W_REV,0.0,0.0
turnup,r_2108,0.6167231223663521,0.6167231223663521
turnup,r_2111,0.6167231223665346,0.6167231223665346
turnup,r_2112_ENZ_YJL060W_FWD,0.0,0.0
turnup,r_2112_ENZ_YJL060W_REV,0.0,0.0
turnup,r_2113,0.0,0.0
turnup,r_2114,0.0037435093367212,0.0037442529770807
turnup,r_2115_ENZ_YBR145W,0.0,0.0129742151184302
turnup,r_2115_ENZ_YOL086C,0.0,0.0064207602634312
turnup,r_2116_ENZ_YER073W,0.0,0.0008974949873377
turnup,r_2116_ENZ_YMR110C,0.0,0.0041067942388147
turnup,r_2116_ENZ_YMR170C,0.0,0.0007709319781255
turnup,r_2116_ENZ_YOR374W,0.0,0.0013089528141571
turnup,r_2117_ENZ_YHR137W_FWD,0.2869144896538258,0.3230684316026472
turnup,r_2117_ENZ_YHR137W_REV,0.0,0.0
turnup,r_2118_ENZ_YHR137W,0.0,1.7662102858306827e-05
turnup,r_2119_ENZ_YHR137W_FWD,0.0,0.0009179314574966
turnup,r_2119_ENZ_YHR137W_REV,0.0,0.0345703373662005
turnup,r_2125_FWD,0.0,3.72678392717412e-05
turnup,r_2125_REV,0.0,0.0342950630998846
turnup,r_2126_ENZ_YKR043C,0.0,0.0001156683886911
turnup,r_2129,0.0,0.0031366418629805
turnup,r_2131_ENZ_YDL066W,0.0,0.0007897335034967
turnup,r_2132_ENZ_YOR222W,0.0,0.0
turnup,r_2132_ENZ_YPL134C,0.9506045649660484,0.96999678694114
turnup,r_2134,0.0,1.0341490111372142e-06
turnup,r_2136_FWD,0.0,0.0
turnup,r_2136_REV,0.0,1.2501449855005509e-06
turnup,r_2137,0.0,9.961083147387584e-07
turnup,r_2139_FWD,0.0,0.0
turnup,r_2139_REV,0.0,2.3278405680074443e-06
turnup,r_2140_ENZ_YKL182W_and_YPL231W,0.0769543982421239,0.0770349831292289
turnup,r_2141_ENZ_YKL182W_and_YPL231W,0.0238055078782583,0.0239320556832161
turnup,r_2142_ENZ_YER061C_and_YKL192C,0.0,0.0
turnup,r_2143_ENZ_YER061C_and_YKL192C,0.0,0.0
turnup,r_2144_ENZ_YER061C_and_YKL192C,0.0,-0.0
turnup,r_2145_ENZ_YKL055C,0.0,0.0
turnup,r_2146_ENZ_YKL055C,0.0,0.0
turnup,r_2147_ENZ_YKL055C,0.0,-0.0
turnup,r_2148_ENZ_YHR067W_FWD,0.0,0.0
turnup,r_2148_ENZ_YHR067W_REV,0.0,0.0
turnup,r_2149_ENZ_YHR067W_FWD,0.0,0.0
turnup,r_2149_ENZ_YHR067W_REV,0.0,0.0
turnup,r_2150_ENZ_YHR067W_FWD,0.0,0.0
turnup,r_2150_ENZ_YHR067W_REV,0.0,0.0
turnup,r_2151_ENZ_YBR026C,0.0,0.0
turnup,r_2152_ENZ_YBR026C,0.0,0.0
turnup,r_2153_ENZ_YBR026C,0.0,-0.0
turnup,r_2154_ENZ_YJL196C,0.0,1.255501540354276e-05
turnup,r_2155_ENZ_YJL196C,0.0,1.3581971360229411e-05
turnup,r_2156_ENZ_YCR034W,0.0,0.0001248730296068
turnup,r_2157_ENZ_YCR034W,0.0,8.335463742742497e-06
turnup,r_2157_ENZ_YLR372W,0.0,8.380025692243757e-06
turnup,r_2158_ENZ_YCR034W,0.0,5.974674407770251e-06
turnup,r_2158_ENZ_YLR372W,0.0,5.987510874895605e-06
turnup,r_2159_ENZ_YCR034W,0.0,4.445787836153143e-06
turnup,r_2159_ENZ_YLR372W,0.0,2.726223272258257e-06
turnup,r_2160_ENZ_YLR372W,0.0,3.4893244300121864e-06
turnup,r_2161_ENZ_YBR159W,0.0,1.255501540354276e-05
turnup,r_2162_ENZ_YBR159W,0.0,1.3581971360229411e-05
turnup,r_2163_ENZ_YBR159W,0.0,0.0001248730296068
turnup,r_2164_ENZ_YBR159W,0.0,1.635232960896845e-05
turnup,r_2165_ENZ_YBR159W,0.0,5.985485459927484e-06
turnup,r_2166_ENZ_YBR159W,0.0,4.386058403743533e-06
turnup,r_2167_ENZ_YBR159W,0.0,3.157484511721256e-06
turnup,r_2168_ENZ_YJL097W_FWD,0.0,6.434009222979113e-06
turnup,r_2168_ENZ_YJL097W_REV,0.0,0.0
turnup,r_2169_ENZ_YJL097W_FWD,0.0,1.358196598098765e-05
turnup,r_2169_ENZ_YJL097W_REV,0.0,0.0
turnup,r_2170_ENZ_YJL097W_FWD,0.0,6.401053072139021e-05
turnup,r_2170_ENZ_YJL097W_REV,0.0,0.0
turnup,r_2171_ENZ_YJL097W_FWD,0.0,8.380022008604247e-06
turnup,r_2171_ENZ_YJL097W_REV,0.0,0.0
turnup,r_2172_ENZ_YJL097W_FWD,0.0,5.983801494413576e-06
turnup,r_2172_ENZ_YJL097W_REV,0.0,0.0
turnup,r_2173_ENZ_YJL097W,0.0,4.386058403743533e-06
turnup,r_2174_ENZ_YJL097W_FWD,0.0,3.50565276267626e-06
turnup,r_2174_ENZ_YJL097W_REV,0.0,0.0
turnup,r_2175_ENZ_YDL015C,0.0,1.255501540354276e-05
turnup,r_2176_ENZ_YDL015C,0.0,1.3581971360229411e-05
turnup,r_2177_ENZ_YDL015C,0.0,0.0001248730296068
turnup,r_2178_ENZ_YDL015C,0.0,1.635232960896845e-05
turnup,r_2179_ENZ_YDL015C,0.0,5.985485459927484e-06
turnup,r_2180_ENZ_YDL015C,0.0,4.386058403743533e-06
turnup,r_2181_ENZ_YDL015C,0.0,3.157484511721256e-06
turnup,r_2182_ENZ_YGL055W,0.0575244529519813,0.0575309040303507
turnup,r_2183_ENZ_YGL055W,0.0190096184635412,0.0190119052259158
turnup,r_2184_FWD,0.0,0.0
turnup,r_2184_REV,0.0,4.244637532124784e-06
turnup,r_2185_FWD,0.0,0.0
turnup,r_2185_REV,0.0,2.449302451254591e-06
turnup,r_2186_ENZ_YBR041W_FWD,0.0,0.0
turnup,r_2186_ENZ_YBR041W_REV,0.0,1.9224602427018547e-06
turnup,r_2187,0.0,2.443804715174247e-06
turnup,r_2188,0.0,2.545435874523605e-06
turnup,r_2189,0.0,2.987431556283416e-06
turnup,r_2190_ENZ_YNL065W_FWD,0.0,0.0
turnup,r_2190_ENZ_YNL065W_REV,0.0,3.035324165498454e-06
turnup,r_2191_ENZ_YNL065W_FWD,0.0,0.0
turnup,r_2191_ENZ_YNL065W_REV,0.0,6.07496831075971e-06
turnup,r_2192_ENZ_YBR041W_FWD,0.0,0.0
turnup,r_2192_ENZ_YBR041W_REV,0.0,3.385309068289037e-06
turnup,r_2193,0.0,3.074819265758144e-06
turnup,r_2194_ENZ_YOR317W_FWD,0.0,4.763717701386161e-05
turnup,r_2194_ENZ_YOR317W_REV,0.0,2.691024781976167e-05
turnup,r_2195_ENZ_YMR246W_FWD,0.0,6.732897416488143e-05
turnup,r_2195_ENZ_YMR246W_REV,0.0,6.319338527997217e-05
turnup,r_2195_ENZ_YOR317W_FWD,0.0,3.122079117898013e-05
turnup,r_2195_ENZ_YOR317W_REV,0.0,5.670364937065191e-05
turnup,r_2196_ENZ_YMR246W_FWD,0.0,3.525017456010532e-05
turnup,r_2196_ENZ_YMR246W_REV,0.0,0.003170405099411
turnup,r_2196_ENZ_YOR317W_FWD,0.0,3.192125149945614e-05
turnup,r_2196_ENZ_YOR317W_REV,0.0,0.0003349267967678
turnup,r_2197_ENZ_YMR246W_FWD,0.0,6.371356349451684e-05
turnup,r_2197_ENZ_YMR246W_REV,0.0,0.0036373365969495
turnup,r_2197_ENZ_YOR317W_FWD,0.0,2.6325677696091305e-05
turnup,r_2197_ENZ_YOR317W_REV,0.0,0.0003453488016416
turnup,r_2198_ENZ_YMR246W_FWD,0.0,0.0001099439778599
turnup,r_2198_ENZ_YMR246W_REV,0.0,0.0003736886544864
turnup,r_2198_ENZ_YOR317W_FWD,0.0,5.50436856083418e-05
turnup,r_2198_ENZ_YOR317W_REV,0.0,0.0001085366954109
turnup,r_2199_ENZ_YMR246W_FWD,0.0,3.7457002241913446e-05
turnup,r_2199_ENZ_YMR246W_REV,0.0,7.01652668361659e-05
turnup,r_2199_ENZ_YOR317W_FWD,0.0,3.434651580634315e-05
turnup,r_2199_ENZ_YOR317W_REV,0.0,0.0001257488746353
turnup,r_2200_ENZ_YOR317W_FWD,0.0,4.8741259429122464e-05
turnup,r_2200_ENZ_YOR317W_REV,0.0,2.6909964174290503e-05
turnup,r_2201_ENZ_YMR246W_FWD,0.0,6.732897241793459e-05
turnup,r_2201_ENZ_YMR246W_REV,0.0,6.319338400493151e-05
turnup,r_2201_ENZ_YOR317W_FWD,0.0,6.0922791006261255e-05
turnup,r_2201_ENZ_YOR317W_REV,0.0,5.670364826916226e-05
turnup,r_2202_ENZ_YMR246W_FWD,0.0,6.240076415152199e-05
turnup,r_2202_ENZ_YMR246W_REV,0.0,0.0035962339492968
turnup,r_2202_ENZ_YOR317W_FWD,0.0,3.192229963672115e-05
turnup,r_2202_ENZ_YOR317W_REV,0.0,0.0003349267163327
turnup,r_2203_ENZ_YMR246W_FWD,0.0,6.37135616766538e-05
turnup,r_2203_ENZ_YMR246W_REV,0.0,0.0036421310138949
turnup,r_2203_ENZ_YOR317W_FWD,0.0,6.257705296813988e-05
turnup,r_2203_ENZ_YOR317W_REV,0.0,0.0006325041808142
turnup,r_2204_ENZ_YMR246W_FWD,0.0,3.47877590216633e-05
turnup,r_2204_ENZ_YMR246W_REV,0.0,0.0001766840197842
turnup,r_2204_ENZ_YOR317W_FWD,0.0,5.6970212587602895e-05
turnup,r_2204_ENZ_YOR317W_REV,0.0,0.0001085367127435
turnup,r_2205_ENZ_YMR246W_FWD,0.0,3.745587698073504e-05
turnup,r_2205_ENZ_YMR246W_REV,0.0,7.014085838986108e-05
turnup,r_2205_ENZ_YOR317W_FWD,0.0,3.434674929663872e-05
turnup,r_2205_ENZ_YOR317W_REV,0.0,5.721868053266341e-05
turnup,r_2206_ENZ_YER015W_FWD,0.0,3.0314466254371952e-05
turnup,r_2206_ENZ_YER015W_REV,0.0,7.683618693462478e-05
turnup,r_2207_ENZ_YER015W_FWD,0.0,3.157968527989219e-05
turnup,r_2207_ENZ_YER015W_REV,0.0,1.057939065807461e-05
turnup,r_2208_ENZ_YER015W_FWD,0.0,7.598080385674336e-05
turnup,r_2208_ENZ_YER015W_REV,0.0,5.489203931714304e-06
turnup,r_2209_ENZ_YIL009W_FWD,0.0,0.0
turnup,r_2209_ENZ_YIL009W_REV,0.0,0.0
turnup,r_2210_ENZ_YIL009W_FWD,0.0,0.0
turnup,r_2210_ENZ_YIL009W_REV,0.0,0.0
turnup,r_2211_ENZ_YIL009W_FWD,0.0,1.1188194877167816e-05
turnup,r_2211_ENZ_YIL009W_REV,0.0,1.0788831327934346e-05
turnup,r_2212_ENZ_YIL009W_FWD,0.0,4.426765896393304e-05
turnup,r_2212_ENZ_YIL009W_REV,0.0,2.0754120948304836e-05
turnup,r_2213_ENZ_YBR041W_FWD,0.0,0.0
turnup,r_2213_ENZ_YBR041W_REV,0.0,0.0
turnup,r_2214_ENZ_YBR041W_FWD,0.0,2.043412711362572e-05
turnup,r_2214_ENZ_YBR041W_REV,0.0,3.975448014289039e-05
turnup,r_2215_ENZ_YBR041W_FWD,0.0,2.0023378935018788e-05
turnup,r_2215_ENZ_YBR041W_REV,0.0,3.667267117762178e-05
turnup,r_2216_ENZ_YBR041W_FWD,0.0,0.0
turnup,r_2216_ENZ_YBR041W_REV,0.0,0.0
turnup,r_2217_ENZ_YBR041W_FWD,0.0,3.742391635354334e-05
turnup,r_2217_ENZ_YBR041W_REV,0.0,3.701070265577479e-05
turnup,r_2218_ENZ_YBR041W_FWD,0.0,1.6389347127000828e-05
turnup,r_2218_ENZ_YBR041W_REV,0.0,3.4112389037521634e-05
turnup,r_2219_ENZ_YKL188C_and_YPL147W,0.0,1.9632775273720927e-05
turnup,r_2220_ENZ_YKL188C_and_YPL147W,0.0,1.928359268890413e-05
turnup,r_2221_ENZ_YKL188C_and_YPL147W,0.0,1.5014692827355642e-05
turnup,r_2222_ENZ_YKL188C_and_YPL147W,0.0,3.571124217118078e-05
turnup,r_2223_ENZ_YKL188C_and_YPL147W,0.0,1.3914081371788936e-05
turnup,r_2224_ENZ_YKL188C_and_YPL147W,0.0,1.242419368128458e-05
turnup,r_2225_ENZ_YKL188C_and_YPL147W,0.0,1.14111563552116e-05
turnup,r_2226_ENZ_YKL188C_and_YPL147W,0.0,1.1641785268126734e-05
turnup,r_2227_ENZ_YKL188C_and_YPL147W,0.0,3.601310691448548e-06
turnup,r_2228_ENZ_YKL188C_and_YPL147W,0.0,3.1573763516517973e-06
turnup,r_2229_FWD,0.0,0.0
turnup,r_2229_REV,0.0,3.035324165498454e-06
turnup,r_2230_FWD,0.0,0.0
turnup,r_2230_REV,0.0,6.07496831075971e-06
turnup,r_2231_ENZ_YKL188C_and_YPL147W_FWD,0.0,3.938724444055566e-05
turnup,r_2231_ENZ_YKL188C_and_YPL147W_REV,0.0,1.2429590392063795e-05
turnup,r_2232_ENZ_YJR019C,0.0,2.443804715174247e-06
turnup,r_2233_ENZ_YJR019C,0.0,2.545435874523605e-06
turnup,r_2234_ENZ_YJR019C,0.0,5.549775470642393e-05
turnup,r_2235_ENZ_YJR019C,0.0,5.587049639602104e-05
turnup,r_2236_ENZ_YGL205W,0.0,4.462483203156997e-06
turnup,r_2237_ENZ_YGL205W,0.0,4.462483203601087e-06
turnup,r_2238_ENZ_YGL205W,0.0,5.896323486354049e-06
turnup,r_2239_ENZ_YGL205W,0.0,9.08825715605482e-06
turnup,r_2240_ENZ_YGL205W,0.0,5.983797817930413e-06
turnup,r_2241_ENZ_YGL205W,0.0,4.363734721465375e-06
turnup,r_2242_ENZ_YGL205W,0.0,2.398925920042705e-06
turnup,r_2243_ENZ_YGL205W,0.0,2.9037391222798598e-06
turnup,r_2244_ENZ_YGL205W,0.0,2.9037391222798598e-06
turnup,r_2245_ENZ_YGL205W,0.0,3.354183446044885e-06
turnup,r_2246_ENZ_YGL205W,0.0,3.80450583953655e-06
turnup,r_2247_ENZ_YGL205W,0.0,4.254631788616514e-06
turnup,r_2248_ENZ_YKR009C,0.0,3.2488655632434416e-06
turnup,r_2249_ENZ_YKR009C,0.0,2.1174097191156704e-06
turnup,r_2250_ENZ_YKR009C,0.0,1.138975359588831e-05
turnup,r_2251_ENZ_YKR009C,0.0,1.358199499886872e-05
turnup,r_2252_ENZ_YKR009C,0.0,1.7110514434961027e-05
turnup,r_2253_ENZ_YKR009C,0.0,3.5810739371102186e-06
turnup,r_2254_ENZ_YKR009C,0.0,2.5880549242203923e-06
turnup,r_2255_ENZ_YKR009C,0.0,3.1686550231076658e-06
turnup,r_2256_ENZ_YKR009C,0.0,2.1252733557464154e-06
turnup,r_2257_ENZ_YKR009C,0.0,8.385099527844269e-06
turnup,r_2258_ENZ_YKR009C,0.0,5.983797825585748e-06
turnup,r_2259_ENZ_YKR009C,0.0,4.363734721465375e-06
turnup,r_2260_ENZ_YKR009C,0.0,2.398925920042705e-06
turnup,r_2261_ENZ_YKR009C,0.0,2.9037391222798598e-06
turnup,r_2262_ENZ_YKR009C,0.0,6.47431950095978e-06
turnup,r_2263_ENZ_YKR009C,0.0,6.912648722111458e-06
turnup,r_2264_ENZ_YKR009C,0.0,6.912648722111458e-06
turnup,r_2265_ENZ_YKR009C,0.0,5.240166146367603e-06
turnup,r_2266_ENZ_YKR009C,0.0,2.3573978262803053e-06
turnup,r_2267_ENZ_YKR009C,0.0,2.1174097191156704e-06
turnup,r_2268_ENZ_YKR009C,0.0,1.358199499886872e-05
turnup,r_2269_ENZ_YKR009C,0.0,1.7110514434961027e-05
turnup,r_2270_ENZ_YKR009C,0.0,3.5810739371102186e-06
turnup,r_2271_ENZ_YKR009C,0.0,2.5880549242203923e-06
turnup,r_2272_ENZ_YKR009C,0.0,3.1686550231076658e-06
turnup,r_2273_ENZ_YKR009C,0.0,2.1252733557464154e-06
turnup,r_2274_ENZ_YKR009C,0.0,8.385099527844269e-06
turnup,r_2275_ENZ_YKR009C,0.0,5.983797825585748e-06
turnup,r_2276_ENZ_YKR009C,0.0,4.363734721465375e-06
turnup,r_2277_ENZ_YKR009C,0.0,2.398925920042705e-06
turnup,r_2278_ENZ_YKR009C,0.0,2.9037391222798598e-06
turnup,r_2279_ENZ_YKR009C,0.0,6.47431950095978e-06
turnup,r_2280_ENZ_YKR009C,0.0,6.912648722111458e-06
turnup,r_2281_ENZ_YKR009C,0.0,6.912648722111458e-06
turnup,r_2282_ENZ_YKR009C,0.0,5.240166146367603e-06
turnup,r_2283_ENZ_YIL160C,0.0,4.086251754598887e-06
turnup,r_2284_ENZ_YIL160C,0.0,4.086251754598887e-06
turnup,r_2285_ENZ_YIL160C,0.0,5.896323486354049e-06
turnup,r_2286_ENZ_YIL160C,0.0,9.08825715605482e-06
turnup,r_2287_ENZ_YIL160C,0.0,5.983797817930413e-06
turnup,r_2288_ENZ_YIL160C,0.0,4.363734721465375e-06
turnup,r_2289_ENZ_YIL160C,0.0,2.398925920042705e-06
turnup,r_2290_ENZ_YIL160C,0.0,2.9037391222798598e-06
turnup,r_2291_ENZ_YIL160C,0.0,6.47431950095978e-06
turnup,r_2292_ENZ_YIL160C,0.0,6.912648722111458e-06
turnup,r_2293_ENZ_YIL160C,0.0,6.912648722111458e-06
turnup,r_2294_ENZ_YIL160C,0.0,5.240166146367603e-06
turnup,r_2295_ENZ_YLR284C,0.0,2.9861047802832847e-06
turnup,r_2296_ENZ_YLR284C,0.0,3.1896182951148453e-06
turnup,r_2297_ENZ_YLR284C,0.0,5.841671906495205e-06
turnup,r_2298_ENZ_YLR284C,0.0,5.240166146367603e-06
turnup,r_2299_ENZ_YLR284C,0.0,3.140415704947105e-06
turnup,r_2300_ENZ_YLR284C,0.0,3.140415704947105e-06
turnup,r_2301_ENZ_YOR180C,0.0,1.5721196011675431e-06
turnup,r_2302_ENZ_YOR180C,0.0,3.023034005107154e-06
turnup,r_2303_ENZ_YNL202W,0.0,3.191569051694266e-06
turnup,r_2304_ENZ_YNL202W,0.0,3.023034005107154e-06
turnup,r_2305_ENZ_YLR304C_FWD,0.0,0.0001130139509847
turnup,r_2305_ENZ_YLR304C_REV,0.0,8.004500905411276e-05
turnup,r_2308_ENZ_YBL011W,0.0,0.0
turnup,r_2308_ENZ_YKR067W,0.0146058358744336,0.0162303838647253
turnup,r_2309_ENZ_YBL011W,0.0,0.0004427874656204
turnup,r_2309_ENZ_YKR067W,0.0,0.0004780186396663
turnup,r_2310_ENZ_YKR067W,0.003648193269864,0.0049481542683617
turnup,r_2311_ENZ_YKR067W,0.0,0.0002263907348052
turnup,r_2312_ENZ_YBL011W,0.0,0.0005845054710434
turnup,r_2312_ENZ_YKR067W,0.0,0.00058049761414
turnup,r_2313_ENZ_YBL011W,0.0,0.023538955709518
turnup,r_2313_ENZ_YKR067W,0.0,0.0233201770342387
turnup,r_2314_ENZ_YKR067W,0.0,0.0003188544924567
turnup,r_2315_ENZ_YKR067W,0.0,8.662364722620003e-05
turnup,r_2316_ENZ_YKR067W,0.0,0.0001235251249771
turnup,r_2317_ENZ_YKR067W,0.0,0.0002475331743984
turnup,r_2318_ENZ_YKR067W,0.0,0.0010313710075129
turnup,r_2319_ENZ_YKR067W,0.0,0.000126088029355
turnup,r_2320_ENZ_YKR067W,0.0,8.893965454920966e-05
turnup,r_2321_ENZ_YKR067W,0.0,0.0125472559027349
turnup,r_2322_ENZ_YKR067W,0.0,0.000324677621265
turnup,r_2323_ENZ_YKR067W,0.0,5.753893540667834e-05
turnup,r_2324_ENZ_YIL124W,0.0,0.0005854865397019
turnup,r_2325_ENZ_YIL124W,0.0084848480751221,0.0235765371874891
turnup,r_2326_ENZ_YIL124W,0.0,0.0002195603110333
turnup,r_2327_ENZ_YIL124W,0.0,0.0001690289348246
turnup,r_2328_ENZ_YIL124W,0.0,8.893890577206867e-05
turnup,r_2329_ENZ_YIL124W,0.0,0.0125472559028499
turnup,r_2330_ENZ_YIL124W,0.0,0.000324677621265
turnup,r_2331_ENZ_YIL124W,0.0,5.753893540667834e-05
turnup,r_2332_ENZ_YOR175C,0.0144753498073668,0.0169271404196111
turnup,r_2333_ENZ_YDL052C,0.0,0.0002259991450528
turnup,r_2333_ENZ_YOR175C,0.0,0.0001738922554664
turnup,r_2334_ENZ_YOR175C,0.0084913839541819,0.0113112824143771
turnup,r_2335_ENZ_YDL052C,0.0,0.0123333206331322
turnup,r_2335_ENZ_YOR175C,0.0,0.0003839594177533
turnup,r_2336_ENZ_YOR175C,0.0039525877822676,0.0047958791867984
turnup,r_2337_ENZ_YDL052C,0.0,0.0010243333249243
turnup,r_2337_ENZ_YOR175C,0.0,0.0006667710369887
turnup,r_2338_ENZ_YOR175C,0.0,0.0001173060985694
turnup,r_2339_ENZ_YDL052C,0.0,6.957353479950146e-05
turnup,r_2339_ENZ_YOR175C,0.0,0.0001104647056894
turnup,r_2340_ENZ_YDL052C,0.0,0.0001234755016169
turnup,r_2340_ENZ_YKR089C,0.0,0.0002188493638277
turnup,r_2340_ENZ_YOR081C,0.0,0.0002410411350874
turnup,r_2341_ENZ_YDL052C,0.0,0.0123333185790107
turnup,r_2341_ENZ_YKR089C,0.0,0.0024632142552437
turnup,r_2341_ENZ_YOR081C,0.0,0.0120920832680241
turnup,r_2342_ENZ_YDL052C,0.0,0.0008318984455078
turnup,r_2342_ENZ_YKR089C,0.0,0.0007813618553566
turnup,r_2342_ENZ_YOR081C,0.0,0.0007813618553566
turnup,r_2343_ENZ_YDL052C,0.0,6.957460122990922e-05
turnup,r_2343_ENZ_YKR089C,0.0,6.831546309119495e-05
turnup,r_2343_ENZ_YOR081C,0.0,0.0001358394982655
turnup,r_2344_ENZ_YMR165C,0.0,0.000196306561121
turnup,r_2345_ENZ_YMR165C,0.0,0.000103195252386
turnup,r_2346_ENZ_YMR165C,0.0,0.0002955863553131
turnup,r_2347_ENZ_YMR165C,0.0,0.0001095831988349
turnup,r_2348_ENZ_YMR165C,0.0,7.899377297515726e-05
turnup,r_2349_ENZ_YMR165C,0.0,0.0001087360019127
turnup,r_2350_ENZ_YMR165C,0.0,0.000103112860426
turnup,r_2351_ENZ_YMR165C,0.0,0.0001158520558277
turnup,r_2352_ENZ_YDR284C,0.0,0.0
turnup,r_2353_ENZ_YDR284C,0.0,0.0
turnup,r_2354_ENZ_YDR284C,0.0,0.0
turnup,r_2355_ENZ_YDR284C,0.0,0.0
turnup,r_2356_ENZ_YDR284C,0.0,0.0
turnup,r_2357_ENZ_YDR284C,0.0,0.0
turnup,r_2358_ENZ_YDR284C,0.0,0.0
turnup,r_2359_ENZ_YDR284C,0.0,0.0
turnup,r_2360_ENZ_YDR503C,0.0,0.0004458961809319
turnup,r_2361_ENZ_YDR503C,0.0,0.0001598764720966
turnup,r_2362_ENZ_YDR503C,0.0048213431248859,0.005427634280221
turnup,r_2363_ENZ_YDR503C,0.0,9.622645873028448e-05
turnup,r_2364_ENZ_YDR503C,0.0,0.000141434194726
turnup,r_2365_ENZ_YDR503C,0.0,8.673621556098965e-05
turnup,r_2366_ENZ_YDR503C,0.0,8.722272134562428e-05
turnup,r_2367_ENZ_YDR503C,0.0,0.0001603949820712
turnup,r_2368_ENZ_YCR048W,0.0,8.133907338991837e-05
turnup,r_2368_ENZ_YNR019W,0.0,0.0001370591836879
turnup,r_2368_ENZ_YOR245C,0.0,0.0003254291517963
turnup,r_2369_ENZ_YCR048W,0.0,8.250497780287617e-05
turnup,r_2369_ENZ_YNR019W,0.0,0.0001515915726591
turnup,r_2369_ENZ_YOR245C,0.0,0.0001590319118427
turnup,r_2370_ENZ_YCR048W,0.0,0.0050593721743002
turnup,r_2370_ENZ_YNR019W,0.0,0.0050652916854602
turnup,r_2370_ENZ_YOR245C,0.0,0.0048651931588816
turnup,r_2371_ENZ_YCR048W,0.0,0.0002796519830449
turnup,r_2371_ENZ_YNR019W,0.0,0.0002796519830449
turnup,r_2371_ENZ_YOR245C,0.0,0.0002796519830449
turnup,r_2372_ENZ_YCR048W,0.0,0.000314133129461
turnup,r_2372_ENZ_YNR019W,0.0,0.0002290040428902
turnup,r_2372_ENZ_YOR245C,0.0,0.0002290040428902
turnup,r_2373_ENZ_YCR048W,0.0,4.341684544420955e-05
turnup,r_2373_ENZ_YNR019W,0.0,7.465823041264659e-05
turnup,r_2373_ENZ_YOR245C,0.0,0.0001643048848571
turnup,r_2374_ENZ_YCR048W,0.0,0.0002461331281994
turnup,r_2374_ENZ_YNR019W,0.0,0.0002461331281994
turnup,r_2374_ENZ_YOR245C,0.0,0.0002461331281994
turnup,r_2375_ENZ_YCR048W,0.0,4.133205571547546e-05
turnup,r_2375_ENZ_YNR019W,0.0,0.0001452514202552
turnup,r_2375_ENZ_YOR245C,0.0,0.0002880095638525
turnup,r_2376_ENZ_YCR048W,0.0,0.000109030079463
turnup,r_2376_ENZ_YNR019W,0.0,0.0002161466731622
turnup,r_2376_ENZ_YOR245C,0.0,0.0009364681764275
turnup,r_2377_ENZ_YCR048W,0.0,0.0052912737612449
turnup,r_2377_ENZ_YNR019W,0.0,0.0052947533763508
turnup,r_2377_ENZ_YOR245C,0.0,0.00529475337614
turnup,r_2378_ENZ_YCR048W,0.0,0.0001093552080683
turnup,r_2378_ENZ_YNR019W,0.0,0.0002028701646559
turnup,r_2378_ENZ_YOR245C,0.0,0.0009364682436721
turnup,r_2379_ENZ_YCR048W,0.0,0.0053200252685535
turnup,r_2379_ENZ_YNR019W,0.0,0.0053200252680601
turnup,r_2379_ENZ_YOR245C,0.0,0.0053200252680601
turnup,r_2380_ENZ_YCR048W,0.0,9.962782055057764e-05
turnup,r_2380_ENZ_YNR019W,0.0,0.0002161466729346
turnup,r_2380_ENZ_YOR245C,0.0,0.0008823402966365
turnup,r_2381_ENZ_YCR048W,0.0,0.0053250752152244
turnup,r_2381_ENZ_YNR019W,0.0,0.0038467453101749
turnup,r_2381_ENZ_YOR245C,0.0,0.0045269566422446
turnup,r_2382_ENZ_YCR048W,0.0,0.0047369209521285
turnup,r_2382_ENZ_YNR019W,0.0,0.0047369209521285
turnup,r_2382_ENZ_YOR245C,0.0,0.0047369209521285
turnup,r_2383_ENZ_YCR048W,0.0,0.0053250752147312
turnup,r_2383_ENZ_YNR019W,0.0,0.0038467453692278
turnup,r_2383_ENZ_YOR245C,0.0,0.0047224413341344
turnup,r_2384_ENZ_YCR048W,0.0,3.7367495270553976e-05
turnup,r_2384_ENZ_YNR019W,0.0,0.0001052231679016
turnup,r_2384_ENZ_YOR245C,0.0,9.472729330901026e-05
turnup,r_2385_ENZ_YCR048W,0.0,3.5936739232366594e-05
turnup,r_2385_ENZ_YNR019W,0.0,5.362774477828396e-05
turnup,r_2385_ENZ_YOR245C,0.0,8.476127195836323e-05
turnup,r_2386_ENZ_YCR048W,0.0,0.0004542998625074
turnup,r_2386_ENZ_YNR019W,0.0,0.0002756692695691
turnup,r_2386_ENZ_YOR245C,0.0,0.0002206212072532
turnup,r_2387_ENZ_YCR048W,0.0,0.000109342314639
turnup,r_2387_ENZ_YNR019W,0.0,0.000109342314639
turnup,r_2387_ENZ_YOR245C,0.0,0.0002030986667853
turnup,r_2388_ENZ_YCR048W,0.0,3.637374912474748e-05
turnup,r_2388_ENZ_YNR019W,0.0,5.354432616632482e-05
turnup,r_2388_ENZ_YOR245C,0.0,8.633822816435941e-05
turnup,r_2389_ENZ_YCR048W,0.0,4.189151433789964e-05
turnup,r_2389_ENZ_YNR019W,0.0,5.8825228171773264e-05
turnup,r_2389_ENZ_YOR245C,0.0,8.859196099358924e-05
turnup,r_2390_ENZ_YCR048W,0.0,0.0001093422359454
turnup,r_2390_ENZ_YNR019W,0.0,0.0001093422359454
turnup,r_2390_ENZ_YOR245C,0.0,0.0001093423079712
turnup,r_2391_ENZ_YCR048W,0.0,0.0001093423171576
turnup,r_2391_ENZ_YNR019W,0.0,0.000109342235327
turnup,r_2391_ENZ_YOR245C,0.0,0.0001093422347128
turnup,r_2392_ENZ_YCR048W,0.0,0.0003014333594329
turnup,r_2392_ENZ_YNR019W,0.0,0.0002922783581312
turnup,r_2392_ENZ_YOR245C,0.0,0.0002922783581632
turnup,r_2393_ENZ_YCR048W,0.0,0.0003221807641095
turnup,r_2393_ENZ_YNR019W,0.0,0.0002990524684957
turnup,r_2393_ENZ_YOR245C,0.0,0.0002990524684879
turnup,r_2394_ENZ_YCR048W,0.0,7.578266310503002e-05
turnup,r_2394_ENZ_YNR019W,0.0,6.747722460029651e-05
turnup,r_2394_ENZ_YOR245C,0.0,0.0002406253635931
turnup,r_2395_ENZ_YCR048W,0.0,8.164363425750606e-05
turnup,r_2395_ENZ_YNR019W,0.0,0.0001231925592979
turnup,r_2395_ENZ_YOR245C,0.0,0.0002417044887796
turnup,r_2396_ENZ_YCR048W,0.0,0.0002990524600885
turnup,r_2396_ENZ_YNR019W,0.0,0.0003023912455237
turnup,r_2396_ENZ_YOR245C,0.0,0.0003023912459975
turnup,r_2397_ENZ_YCR048W,0.0,0.0002990524720644
turnup,r_2397_ENZ_YNR019W,0.0,0.0003188419733502
turnup,r_2397_ENZ_YOR245C,0.0,0.0003188419733502
turnup,r_2398_ENZ_YCR048W,0.0,6.97965078220971e-05
turnup,r_2398_ENZ_YNR019W,0.0,3.153692347334161e-05
turnup,r_2398_ENZ_YOR245C,0.0,0.0002149543547061
turnup,r_2399_ENZ_YCR048W,0.0,7.001834595836247e-05
turnup,r_2399_ENZ_YNR019W,0.0,0.000117114889213
turnup,r_2399_ENZ_YOR245C,0.0,0.0001243113076774
turnup,r_2400_ENZ_YOR245C,0.0,0.0003254291634647
turnup,r_2401_ENZ_YOR245C,0.0,0.0001590750307123
turnup,r_2402_ENZ_YOR245C,0.0,0.0048924435428681
turnup,r_2403_ENZ_YOR245C,0.0,0.0005251946699699
turnup,r_2404_ENZ_YOR245C,0.0,0.0002758781287176
turnup,r_2405_ENZ_YOR245C,0.0,0.0001643043946337
turnup,r_2406_ENZ_YOR245C,0.0,0.0005105580908066
turnup,r_2407_ENZ_YOR245C,0.0,0.0002979747465246
turnup,r_2408_ENZ_YOR245C,0.0,0.0009469234738168
turnup,r_2409_ENZ_YOR245C,0.0,0.0047367116499399
turnup,r_2410_ENZ_YOR245C,0.0,0.0012120245001827
turnup,r_2411_ENZ_YOR245C,0.0,0.0045709650856618
turnup,r_2412_ENZ_YOR245C,0.0,0.0004871502433577
turnup,r_2413_ENZ_YOR245C,0.0,0.0052842911203676
turnup,r_2414_ENZ_YOR245C,0.0,0.0052847521872682
turnup,r_2415_ENZ_YOR245C,0.0,0.005296153304098
turnup,r_2416_ENZ_YOR245C,0.0,9.683422572381262e-05
turnup,r_2417_ENZ_YOR245C,0.0,8.476119739144307e-05
turnup,r_2418_ENZ_YOR245C,0.0,0.0002317712632575
turnup,r_2419_ENZ_YOR245C,0.0,0.0001479789787026
turnup,r_2420_ENZ_YOR245C,0.0,8.636387100449798e-05
turnup,r_2421_ENZ_YOR245C,0.0,8.859202888416322e-05
turnup,r_2422_ENZ_YOR245C,0.0,0.000192065329949
turnup,r_2423_ENZ_YOR245C,0.0,0.0001093422363984
turnup,r_2424_ENZ_YOR245C,0.0,0.0001651080198798
turnup,r_2425_ENZ_YOR245C,0.0,0.0003212228662691
turnup,r_2426_ENZ_YOR245C,0.0,0.0002406253616539
turnup,r_2427_ENZ_YOR245C,0.0,0.0002417044890986
turnup,r_2428_ENZ_YOR245C,0.0,0.000321222874207
turnup,r_2429_ENZ_YOR245C,0.0,0.0001651064563205
turnup,r_2430_ENZ_YOR245C,0.0,0.000234490436411
turnup,r_2431_ENZ_YOR245C,0.0,0.0002268138464503
turnup,r_2432_ENZ_YBR029C_FWD,0.0141802016765387,0.0162196702121115
turnup,r_2432_ENZ_YBR029C_REV,0.0,0.0
turnup,r_2433_ENZ_YBR029C_FWD,0.0040734777601793,0.0060604923777901
turnup,r_2433_ENZ_YBR029C_REV,0.0,0.0
turnup,r_2434_ENZ_YBR029C_FWD,0.0039358702211415,0.0048232957744209
turnup,r_2434_ENZ_YBR029C_REV,0.0,0.0
turnup,r_2435_ENZ_YBR029C_FWD,0.0,5.038013726982656e-05
turnup,r_2435_ENZ_YBR029C_REV,0.0,0.0
turnup,r_2436_ENZ_YBR029C_FWD,0.0,0.000241041135133
turnup,r_2436_ENZ_YBR029C_REV,0.0,0.0
turnup,r_2437_ENZ_YBR029C_FWD,0.0118318903038631,0.0125746724784268
turnup,r_2437_ENZ_YBR029C_REV,0.0,0.0
turnup,r_2438_ENZ_YBR029C_FWD,0.0003267587355426,0.0010583812411705
turnup,r_2438_ENZ_YBR029C_REV,0.0,0.0
turnup,r_2439_ENZ_YBR029C_FWD,0.0,0.0001274957427187
turnup,r_2439_ENZ_YBR029C_REV,0.0,0.0
turnup,r_2440_ENZ_YBR029C_FWD,0.0,0.0001291136558959
turnup,r_2440_ENZ_YBR029C_REV,0.0,0.0
turnup,r_2441_ENZ_YBR029C_FWD,0.0,0.0001306576346118
turnup,r_2441_ENZ_YBR029C_REV,0.0,0.0
turnup,r_2442_ENZ_YBR029C_FWD,0.0,8.620676211491632e-05
turnup,r_2442_ENZ_YBR029C_REV,0.0,0.0
turnup,r_2443_ENZ_YBR029C_FWD,0.0,6.695424539137508e-05
turnup,r_2443_ENZ_YBR029C_REV,0.0,0.0
turnup,r_2444_ENZ_YBR029C_FWD,0.0,6.435452989290137e-05
turnup,r_2444_ENZ_YBR029C_REV,0.0,0.0
turnup,r_2445_ENZ_YBR029C_FWD,0.0,6.967990078599851e-05
turnup,r_2445_ENZ_YBR029C_REV,0.0,0.0
turnup,r_2446_ENZ_YER026C,0.0146051383837105,0.0169243949862929
turnup,r_2447_ENZ_YER026C,0.0,0.001444625521018
turnup,r_2448_ENZ_YER026C,0.0027776787961148,0.0045394217828734
turnup,r_2449_ENZ_YER026C,0.0,0.0001172347445118
turnup,r_2450_ENZ_YER026C,0.0,0.0001218244733361
turnup,r_2451_ENZ_YER026C,0.0116169541496649,0.012575986306892
turnup,r_2452_ENZ_YER026C,0.0001303589353354,0.0008163645711703
turnup,r_2453_ENZ_YER026C,0.0,5.604683175291049e-05
turnup,r_2454_ENZ_YPR113W,0.0,0.0009605064684258
turnup,r_2455_ENZ_YPR113W,0.0030781970012733,0.0053817921940014
turnup,r_2456_ENZ_YPR113W,0.0,0.0021235652084492
turnup,r_2457_ENZ_YPR113W,0.0,0.0001027392307982
turnup,r_2458_ENZ_YPR113W,0.0,8.209402160745509e-05
turnup,r_2459_ENZ_YPR113W,0.0,0.0002182642443873
turnup,r_2460_ENZ_YPR113W,0.0,0.0001164025244104
turnup,r_2461_ENZ_YPR113W,0.0,4.5888240827742736e-05
turnup,r_2462_ENZ_YBR042C_FWD,0.0,0.0
turnup,r_2462_ENZ_YBR042C_REV,0.0,0.0
turnup,r_2463_ENZ_YBR042C_FWD,0.0,0.0
turnup,r_2463_ENZ_YBR042C_REV,0.0,0.0
turnup,r_2464_ENZ_YNL169C,0.0,0.0153356526893776
turnup,r_2465_ENZ_YNL169C,0.0,0.0002376752466591
turnup,r_2466_ENZ_YNL169C,0.0,0.0004786247962931
turnup,r_2467_ENZ_YNL169C,0.0,0.0002287614022529
turnup,r_2468_ENZ_YNL169C,0.0,0.000238543191284
turnup,r_2469_ENZ_YNL169C,0.0,0.0125487551852689
turnup,r_2470_ENZ_YNL169C,0.0,0.0008289148261193
turnup,r_2471_ENZ_YNL169C,0.0,0.0001330896257498
turnup,r_2472_ENZ_YGR170W,0.0,0.0002849619259456
turnup,r_2473_ENZ_YGR170W,0.0,0.0001227225292278
turnup,r_2474_ENZ_YGR170W,0.0,0.0001538534257344
turnup,r_2475_ENZ_YGR170W,0.0,5.20423346048111e-05
turnup,r_2476_ENZ_YGR170W,0.0,0.0001523809096267
turnup,r_2477_ENZ_YGR170W,0.0,0.0001758012478409
turnup,r_2478_ENZ_YGR170W,0.0,0.0005483512848315
turnup,r_2479_ENZ_YGR170W,0.0,8.498071185558449e-05
turnup,r_2480_ENZ_YGR170W,0.0,0.0153356526898077
turnup,r_2481_ENZ_YGR170W,0.0,0.0002769412822636
turnup,r_2482_ENZ_YGR170W,0.0,0.0001946256407427
turnup,r_2483_ENZ_YGR170W,0.0,8.440367949226894e-05
turnup,r_2484_ENZ_YGR170W,0.0,0.0002385431910477
turnup,r_2485_ENZ_YGR170W,0.0,0.012548755185975
turnup,r_2486_ENZ_YGR170W,0.0,0.0008289021783677
turnup,r_2487_ENZ_YGR170W,0.0,0.0001260880295131
turnup,r_2488_ENZ_YGR157W,0.0,0.0153097887330463
turnup,r_2489_ENZ_YGR157W,0.0,0.0120304274390565
turnup,r_2490_ENZ_YGR157W,0.0,0.000728795068013
turnup,r_2491_ENZ_YGR157W,0.0,0.0002075294967616
turnup,r_2492_ENZ_YGR157W,0.0,0.0150628342663281
turnup,r_2493_ENZ_YGR157W,0.0,0.011851536155758
turnup,r_2494_ENZ_YGR157W,0.0,0.0007288685215626
turnup,r_2495_ENZ_YGR157W,0.0,3.10341189369151e-05
turnup,r_2496_ENZ_YJR073C,0.0,0.0150775132265559
turnup,r_2497_ENZ_YJR073C,0.0,0.0085702559188478
turnup,r_2498_ENZ_YJR073C,0.0,0.0007182737525068
turnup,r_2499_ENZ_YJR073C,0.0,0.0002075294967616
turnup,r_2500_ENZ_YJR073C,0.0,0.0150628342663281
turnup,r_2501_ENZ_YJR073C,0.0,0.011851536155758
turnup,r_2502_ENZ_YJR073C,0.0,0.0007288685215626
turnup,r_2503_ENZ_YJR073C,0.0,3.10341189369151e-05
turnup,r_2504_ENZ_YJR073C,0.0,0.0150775132265559
turnup,r_2505_ENZ_YJR073C,0.0,0.0085702559188478
turnup,r_2506_ENZ_YJR073C,0.0,0.0007182737525068
turnup,r_2507_ENZ_YJR073C,0.0,0.0002075294967616
turnup,r_2508_ENZ_YJR073C,0.0,0.0150628342663281
turnup,r_2509_ENZ_YJR073C,0.0,0.011851536155758
turnup,r_2510_ENZ_YJR073C,0.0,0.0007288685215626
turnup,r_2511_ENZ_YJR073C,0.0,3.10341189369151e-05
turnup,r_2512_ENZ_YOR311C,0.0,0.0001588552355258
turnup,r_2513_ENZ_YOR311C,0.0,0.0001532599260437
turnup,r_2514_ENZ_YOR311C,0.0,0.0001680675375865
turnup,r_2515_ENZ_YOR311C,0.0,8.727286734711015e-05
turnup,r_2516_ENZ_YOR311C,0.0,0.0001670099319852
turnup,r_2517_ENZ_YOR311C,0.0,0.0001581900165987
turnup,r_2518_ENZ_YOR311C,0.0,4.935822136786783e-05
turnup,r_2519_ENZ_YOR311C,0.0,0.0001598868981389
turnup,r_2520_ENZ_YHR123W,0.0,0.0
turnup,r_2521_ENZ_YHR123W,0.0,0.0
turnup,r_2522_ENZ_YHR123W,0.0,0.0
turnup,r_2523_ENZ_YHR123W,0.0,0.0
turnup,r_2524_ENZ_YHR123W,0.0,0.0
turnup,r_2525_ENZ_YHR123W,0.0,0.0
turnup,r_2526_ENZ_YHR123W,0.0,0.0
turnup,r_2527_ENZ_YHR123W,0.0,0.0
turnup,r_2528_ENZ_YHR123W,0.0,3.079535627037444e-05
turnup,r_2528_ENZ_YNL130C,0.0,5.9432994031341305e-05
turnup,r_2529_ENZ_YHR123W,0.0,5.295160252602113e-05
turnup,r_2529_ENZ_YNL130C,0.0,5.376682087595785e-05
turnup,r_2530_ENZ_YHR123W,0.0,5.0657977163443e-05
turnup,r_2530_ENZ_YNL130C,0.0,5.059712652573112e-05
turnup,r_2531_ENZ_YHR123W,0.0,4.0741100554157017e-05
turnup,r_2531_ENZ_YNL130C,0.0,3.95295441479196e-05
turnup,r_2532_ENZ_YHR123W,0.0,5.9636129596164735e-05
turnup,r_2532_ENZ_YNL130C,0.0,3.088144989504826e-05
turnup,r_2533_ENZ_YHR123W,0.0,2.559144917671549e-05
turnup,r_2533_ENZ_YNL130C,0.0,2.5564942888868363e-05
turnup,r_2534_ENZ_YHR123W,0.0,6.859623749377874e-05
turnup,r_2534_ENZ_YNL130C,0.0,2.501223989170853e-05
turnup,r_2535_ENZ_YHR123W,0.0,3.992137834116076e-05
turnup,r_2535_ENZ_YNL130C,0.0,3.741130526276686e-05
turnup,r_2536_ENZ_YCL004W,0.0,0.00012777564437
turnup,r_2537_ENZ_YCL004W,0.0,0.000140344006019
turnup,r_2538_ENZ_YCL004W,0.0,8.208514917414183e-05
turnup,r_2539_ENZ_YCL004W,0.0,7.156265128932066e-05
turnup,r_2540_ENZ_YCL004W,0.0,6.0581761891251885e-05
turnup,r_2541_ENZ_YCL004W,0.0,7.37041122492501e-05
turnup,r_2542_ENZ_YHR100C,0.0,0.00012777564437
turnup,r_2543_ENZ_YHR100C,0.0,0.000140344006019
turnup,r_2544_ENZ_YHR100C,0.0,8.208514917414183e-05
turnup,r_2545_ENZ_YHR100C,0.0,7.156265128932066e-05
turnup,r_2546_ENZ_YHR100C,0.0,6.0581761891251885e-05
turnup,r_2547_ENZ_YHR100C,0.0,7.37041122492501e-05
turnup,r_2548_ENZ_YDL142C,0.0,0.0
turnup,r_2549_ENZ_YDL142C,0.0,0.0
turnup,r_2550_ENZ_YDL142C,0.0,0.0
turnup,r_2551_ENZ_YDL142C,0.0,0.0
turnup,r_2552_ENZ_YDL142C,0.0,0.0
turnup,r_2553_ENZ_YDL142C,0.0,0.0
turnup,r_2554_ENZ_YDL142C,0.0,0.0
turnup,r_2555_ENZ_YDL142C,0.0,0.0
turnup,r_2556_ENZ_YDL142C,0.0,0.0
turnup,r_2557_ENZ_YDL142C,0.0,0.0
turnup,r_2558_ENZ_YDL142C,0.0,0.0
turnup,r_2559_ENZ_YDL142C,0.0,0.0
turnup,r_2560_ENZ_YDL142C,0.0,0.0
turnup,r_2561_ENZ_YDL142C,0.0,0.0
turnup,r_2562_ENZ_YDL142C,0.0,0.0
turnup,r_2563_ENZ_YDL142C,0.0,0.0
turnup,r_2564_ENZ_YDL142C,0.0,0.0
turnup,r_2565_ENZ_YDL142C,0.0,0.0
turnup,r_2566_ENZ_YDL142C,0.0,0.0
turnup,r_2567_ENZ_YDL142C,0.0,0.0
turnup,r_2568_ENZ_YDL142C,0.0,0.0
turnup,r_2569_ENZ_YDL142C,0.0,0.0
turnup,r_2570_ENZ_YDL142C,0.0,-2.2725644577738482e-07
turnup,r_2571_ENZ_YDL142C,0.0,0.0
turnup,r_2572_ENZ_YDL142C,0.0,0.0
turnup,r_2573_ENZ_YDL142C,0.0,0.0
turnup,r_2574_ENZ_YDL142C,0.0,0.0
turnup,r_2575_ENZ_YDL142C,0.0,0.0
turnup,r_2576_ENZ_YDL142C,0.0,0.0
turnup,r_2577_ENZ_YDL142C,0.0,0.0
turnup,r_2578_ENZ_YDL142C,0.0,0.0
turnup,r_2579_ENZ_YDL142C,0.0,0.0
turnup,r_2580_ENZ_YDL142C,0.0,0.0
turnup,r_2581_ENZ_YDL142C,0.0,0.0
turnup,r_2582_ENZ_YDL142C,0.0,0.0
turnup,r_2583_ENZ_YDL142C,0.0,0.0
turnup,r_2584_ENZ_YGR110W,0.0,0.0
turnup,r_2585_ENZ_YGR110W,0.0,2.2725644577738482e-07
turnup,r_2586_ENZ_YGR110W,0.0,0.0
turnup,r_2587_ENZ_YGR110W,0.0,0.0
turnup,r_2588_ENZ_YGR110W,0.0,0.0
turnup,r_2589_ENZ_YGR110W,0.0,0.0
turnup,r_2590_ENZ_YGR110W,0.0,0.0
turnup,r_2591_ENZ_YGR110W,0.0,0.0
turnup,r_2592_ENZ_YGR110W,0.0,0.0
turnup,r_2593_ENZ_YGR110W,0.0,0.0
turnup,r_2594_ENZ_YGR110W,0.0,0.0
turnup,r_2595_ENZ_YGR110W,0.0,2.2725644577738482e-07
turnup,r_2596_ENZ_YGR110W,0.0,0.0
turnup,r_2597_ENZ_YGR110W,0.0,0.0
turnup,r_2598_ENZ_YGR110W,0.0,0.0
turnup,r_2599_ENZ_YGR110W,0.0,0.0
turnup,r_2600_ENZ_YGR110W,0.0,0.0
turnup,r_2601_ENZ_YGR110W,0.0,0.0
turnup,r_2602_ENZ_YGR110W,0.0,2.2725644577738482e-07
turnup,r_2603_ENZ_YGR110W,0.0,0.0
turnup,r_2604_ENZ_YGR110W,0.0,0.0
turnup,r_2605_ENZ_YGR110W,0.0,0.0
turnup,r_2606_ENZ_YGR110W,0.0,0.0
turnup,r_2607_ENZ_YGR110W,0.0,0.0
turnup,r_2608_ENZ_YGR110W,0.0,0.0
turnup,r_2609_ENZ_YGR110W,0.0,0.0
turnup,r_2610_ENZ_YGR110W,0.0,0.0
turnup,r_2611_ENZ_YGR110W,0.0,0.0
turnup,r_2612_ENZ_YGR110W,0.0,0.0
turnup,r_2613_ENZ_YGR110W,0.0,0.0
turnup,r_2614_ENZ_YGR110W,0.0,0.0
turnup,r_2615_ENZ_YGR110W,0.0,0.0
turnup,r_2616_ENZ_YGR110W,0.0,0.0
turnup,r_2617_ENZ_YGR110W,0.0,0.0
turnup,r_2618_ENZ_YGR110W,0.0,0.0
turnup,r_2619_ENZ_YGR110W,0.0,0.0
turnup,r_2620_ENZ_YPR140W_FWD,0.0,1000.0
turnup,r_2620_ENZ_YPR140W_REV,0.0,1000.0
turnup,r_2621_ENZ_YPR140W_FWD,0.0,1000.0
turnup,r_2621_ENZ_YPR140W_REV,0.0,1000.0
turnup,r_2622_ENZ_YPR140W_FWD,0.0,1000.0
turnup,r_2622_ENZ_YPR140W_REV,0.0,1000.0
turnup,r_2623_ENZ_YPR140W_FWD,0.0,1000.0
turnup,r_2623_ENZ_YPR140W_REV,0.0,1000.0
turnup,r_2624_ENZ_YPR140W_FWD,0.0,1000.0
turnup,r_2624_ENZ_YPR140W_REV,0.0,1000.0
turnup,r_2625_ENZ_YPR140W_FWD,0.0,1000.0
turnup,r_2625_ENZ_YPR140W_REV,0.0,1000.0
turnup,r_2626_ENZ_YPR140W_FWD,0.0,1000.0
turnup,r_2626_ENZ_YPR140W_REV,0.0,1000.0
turnup,r_2627_ENZ_YPR140W_FWD,0.0,1000.0
turnup,r_2627_ENZ_YPR140W_REV,0.0,1000.0
turnup,r_2628_ENZ_YPR140W_FWD,0.0,1000.0
turnup,r_2628_ENZ_YPR140W_REV,0.0,1000.0
turnup,r_2629_ENZ_YPR140W_FWD,0.0,1000.0
turnup,r_2629_ENZ_YPR140W_REV,0.0,1000.0
turnup,r_2630_ENZ_YPR140W_FWD,0.0,1000.0
turnup,r_2630_ENZ_YPR140W_REV,0.0,1000.0
turnup,r_2631_ENZ_YPR140W_FWD,0.0,1000.0
turnup,r_2631_ENZ_YPR140W_REV,0.0,1000.0
turnup,r_2632_ENZ_YPR140W_FWD,0.0,1000.0
turnup,r_2632_ENZ_YPR140W_REV,0.0,1000.0
turnup,r_2633_ENZ_YPR140W_FWD,0.0,1000.0
turnup,r_2633_ENZ_YPR140W_REV,0.0,1000.0
turnup,r_2634_ENZ_YPR140W_FWD,0.0,1000.0
turnup,r_2634_ENZ_YPR140W_REV,0.0,1000.0
turnup,r_2635_ENZ_YPR140W_FWD,0.0,1000.0
turnup,r_2635_ENZ_YPR140W_REV,0.0,1000.0
turnup,r_2636_ENZ_YPR140W_FWD,0.0,1000.0
turnup,r_2636_ENZ_YPR140W_REV,0.0,1000.0
turnup,r_2637_ENZ_YPR140W_FWD,0.0,1000.0
turnup,r_2637_ENZ_YPR140W_REV,0.0,1000.0
turnup,r_2638_ENZ_YPR140W_FWD,0.0,1000.0
turnup,r_2638_ENZ_YPR140W_REV,0.0,1000.0
turnup,r_2639_ENZ_YPR140W_FWD,0.0,1000.0
turnup,r_2639_ENZ_YPR140W_REV,0.0,1000.0
turnup,r_2640_ENZ_YPR140W_FWD,0.0,1000.0
turnup,r_2640_ENZ_YPR140W_REV,0.0,1000.0
turnup,r_2641_ENZ_YPR140W_FWD,0.0,1000.0
turnup,r_2641_ENZ_YPR140W_REV,0.0,1000.0
turnup,r_2642_ENZ_YPR140W_FWD,0.0,1000.0
turnup,r_2642_ENZ_YPR140W_REV,0.0,1000.0
turnup,r_2643_ENZ_YPR140W_FWD,0.0,1000.0
turnup,r_2643_ENZ_YPR140W_REV,0.0,1000.0
turnup,r_2644_ENZ_YPR140W_FWD,0.0,1000.0
turnup,r_2644_ENZ_YPR140W_REV,0.0,1000.0
turnup,r_2645_ENZ_YPR140W_FWD,0.0,1000.0
turnup,r_2645_ENZ_YPR140W_REV,0.0,1000.0
turnup,r_2646_ENZ_YPR140W_FWD,0.0,1000.0
turnup,r_2646_ENZ_YPR140W_REV,0.0,1000.0
turnup,r_2647_ENZ_YPR140W_FWD,0.0,1000.0
turnup,r_2647_ENZ_YPR140W_REV,0.0,1000.0
turnup,r_2648_ENZ_YPR140W_FWD,0.0,1000.0
turnup,r_2648_ENZ_YPR140W_REV,0.0,1000.0
turnup,r_2649_ENZ_YPR140W_FWD,0.0,1000.0
turnup,r_2649_ENZ_YPR140W_REV,0.0,1000.0
turnup,r_2650_ENZ_YPR140W_FWD,0.0,1000.0
turnup,r_2650_ENZ_YPR140W_REV,0.0,1000.0
turnup,r_2651_ENZ_YPR140W_FWD,0.0,1000.0
turnup,r_2651_ENZ_YPR140W_REV,0.0,1000.0
turnup,r_2652_ENZ_YPR140W_FWD,0.0,1000.0
turnup,r_2652_ENZ_YPR140W_REV,0.0,1000.0
turnup,r_2653_ENZ_YPR140W_FWD,0.0,1000.0
turnup,r_2653_ENZ_YPR140W_REV,0.0,1000.0
turnup,r_2654_ENZ_YPR140W_FWD,0.0,1000.0
turnup,r_2654_ENZ_YPR140W_REV,0.0,1000.0
turnup,r_2655_ENZ_YPR140W_FWD,0.0,1000.0
turnup,r_2655_ENZ_YPR140W_REV,0.0,1000.0
turnup,r_2656_ENZ_YPR140W_FWD,0.0,1000.0
turnup,r_2656_ENZ_YPR140W_REV,0.0,1000.0
turnup,r_2657_ENZ_YPR140W_FWD,0.0,1000.0
turnup,r_2657_ENZ_YPR140W_REV,0.0,1000.0
turnup,r_2658_ENZ_YPR140W_FWD,0.0,1000.0
turnup,r_2658_ENZ_YPR140W_REV,0.0,1000.0
turnup,r_2659_ENZ_YPR140W_FWD,0.0,1000.0
turnup,r_2659_ENZ_YPR140W_REV,0.0,1000.0
turnup,r_2660_ENZ_YPR140W_FWD,0.0,1000.0
turnup,r_2660_ENZ_YPR140W_REV,0.0,1000.0
turnup,r_2661_ENZ_YPR140W_FWD,0.0,1000.0
turnup,r_2661_ENZ_YPR140W_REV,0.0,1000.0
turnup,r_2662_ENZ_YPR140W_FWD,0.0,1000.0
turnup,r_2662_ENZ_YPR140W_REV,0.0,1000.0
turnup,r_2663_ENZ_YPR140W_FWD,0.0,1000.0
turnup,r_2663_ENZ_YPR140W_REV,0.0,1000.0
turnup,r_2664_ENZ_YPR140W_FWD,0.0,1000.0
turnup,r_2664_ENZ_YPR140W_REV,0.0,1000.0
turnup,r_2665_ENZ_YPR140W_FWD,0.0,1000.0
turnup,r_2665_ENZ_YPR140W_REV,0.0,1000.0
turnup,r_2666_ENZ_YPR140W_FWD,0.0,1000.0
turnup,r_2666_ENZ_YPR140W_REV,0.0,1000.0
turnup,r_2667_ENZ_YPR140W_FWD,0.0,1000.0
turnup,r_2667_ENZ_YPR140W_REV,0.0,1000.0
turnup,r_2668_ENZ_YPR140W_FWD,0.0,1000.0
turnup,r_2668_ENZ_YPR140W_REV,0.0,1000.0
turnup,r_2669_ENZ_YPR140W_FWD,0.0,1000.0
turnup,r_2669_ENZ_YPR140W_REV,0.0,1000.0
turnup,r_2670_ENZ_YPR140W_FWD,0.0,1000.0
turnup,r_2670_ENZ_YPR140W_REV,0.0,1000.0
turnup,r_2671_ENZ_YPR140W_FWD,0.0,1000.0
turnup,r_2671_ENZ_YPR140W_REV,0.0,1000.0
turnup,r_2672_ENZ_YPR140W_FWD,0.0,1000.0
turnup,r_2672_ENZ_YPR140W_REV,0.0,1000.0
turnup,r_2673_ENZ_YPR140W_FWD,0.0,1000.0
turnup,r_2673_ENZ_YPR140W_REV,0.0,1000.0
turnup,r_2674_ENZ_YPR140W_FWD,0.0,1000.0
turnup,r_2674_ENZ_YPR140W_REV,0.0,1000.0
turnup,r_2675_ENZ_YPR140W_FWD,0.0,1000.0
turnup,r_2675_ENZ_YPR140W_REV,0.0,1000.0
turnup,r_2676_ENZ_YPR140W_FWD,0.0,1000.0
turnup,r_2676_ENZ_YPR140W_REV,0.0,1000.0
turnup,r_2677_ENZ_YPR140W_FWD,0.0,1000.0
turnup,r_2677_ENZ_YPR140W_REV,0.0,1000.0
turnup,r_2678_ENZ_YPR140W_FWD,0.0,1000.0
turnup,r_2678_ENZ_YPR140W_REV,0.0,1000.0
turnup,r_2679_ENZ_YPR140W_FWD,0.0,1000.0
turnup,r_2679_ENZ_YPR140W_REV,0.0,1000.0
turnup,r_2680_ENZ_YPR140W_FWD,0.0,1000.0
turnup,r_2680_ENZ_YPR140W_REV,0.0,1000.0
turnup,r_2681_ENZ_YPR140W_FWD,0.0,1000.0
turnup,r_2681_ENZ_YPR140W_REV,0.0,1000.0
turnup,r_2682_ENZ_YPR140W_FWD,0.0,1000.0
turnup,r_2682_ENZ_YPR140W_REV,0.0,1000.0
turnup,r_2683_ENZ_YPR140W_FWD,0.0,1000.0
turnup,r_2683_ENZ_YPR140W_REV,0.0,1000.0
turnup,r_2684_ENZ_YPR140W_FWD,0.0,1000.0
turnup,r_2684_ENZ_YPR140W_REV,0.0,1000.0
turnup,r_2685_ENZ_YPR140W_FWD,0.0,1000.0
turnup,r_2685_ENZ_YPR140W_REV,0.0,1000.0
turnup,r_2686_ENZ_YPR140W_FWD,0.0,1000.0
turnup,r_2686_ENZ_YPR140W_REV,0.0,1000.0
turnup,r_2687_ENZ_YPR140W_FWD,0.0,1000.0
turnup,r_2687_ENZ_YPR140W_REV,0.0,1000.0
turnup,r_2688_ENZ_YPR140W_FWD,0.0,1000.0
turnup,r_2688_ENZ_YPR140W_REV,0.0,1000.0
turnup,r_2689_ENZ_YPR140W_FWD,0.0,1000.0
turnup,r_2689_ENZ_YPR140W_REV,0.0,1000.0
turnup,r_2690_ENZ_YPR140W_FWD,0.0,1000.0
turnup,r_2690_ENZ_YPR140W_REV,0.0,1000.0
turnup,r_2691_ENZ_YPR140W_FWD,0.0,1000.0
turnup,r_2691_ENZ_YPR140W_REV,0.0,1000.0
turnup,r_2692_ENZ_YPR140W_FWD,0.0,1000.0
turnup,r_2692_ENZ_YPR140W_REV,0.0,1000.0
turnup,r_2693_ENZ_YPR140W_FWD,0.0,1000.0
turnup,r_2693_ENZ_YPR140W_REV,0.0,1000.0
turnup,r_2694_ENZ_YPR140W_FWD,0.0,1000.0
turnup,r_2694_ENZ_YPR140W_REV,0.0,1000.0
turnup,r_2695_ENZ_YPR140W_FWD,0.0,1000.0
turnup,r_2695_ENZ_YPR140W_REV,0.0,1000.0
turnup,r_2696_ENZ_YPR140W_FWD,0.0,1000.0
turnup,r_2696_ENZ_YPR140W_REV,0.0,1000.0
turnup,r_2697_ENZ_YPR140W_FWD,0.0,1000.0
turnup,r_2697_ENZ_YPR140W_REV,0.0,1000.0
turnup,r_2698_ENZ_YPR140W_FWD,0.0,1000.0
turnup,r_2698_ENZ_YPR140W_REV,0.0,1000.0
turnup,r_2699_ENZ_YPR140W_FWD,0.0,1000.0
turnup,r_2699_ENZ_YPR140W_REV,0.0,1000.0
turnup,r_2700_ENZ_YPR140W_FWD,0.0,1000.0
turnup,r_2700_ENZ_YPR140W_REV,0.0,1000.0
turnup,r_2701_ENZ_YPR140W_FWD,0.0,1000.0
turnup,r_2701_ENZ_YPR140W_REV,0.0,1000.0
turnup,r_2702_ENZ_YPR140W_FWD,0.0,1000.0
turnup,r_2702_ENZ_YPR140W_REV,0.0,1000.0
turnup,r_2703_ENZ_YPR140W_FWD,0.0,1000.0
turnup,r_2703_ENZ_YPR140W_REV,0.0,1000.0
turnup,r_2704_ENZ_YPR140W_FWD,0.0,1000.0
turnup,r_2704_ENZ_YPR140W_REV,0.0,1000.0
turnup,r_2705_ENZ_YPR140W_FWD,0.0,1000.0
turnup,r_2705_ENZ_YPR140W_REV,0.0,1000.0
turnup,r_2706_ENZ_YPR140W_FWD,0.0,1000.0
turnup,r_2706_ENZ_YPR140W_REV,0.0,1000.0
turnup,r_2707_ENZ_YPR140W_FWD,0.0,1000.0
turnup,r_2707_ENZ_YPR140W_REV,0.0,1000.0
turnup,r_2708_ENZ_YPR140W_FWD,0.0,1000.0
turnup,r_2708_ENZ_YPR140W_REV,0.0,1000.0
turnup,r_2709_ENZ_YPR140W_FWD,0.0,1000.0
turnup,r_2709_ENZ_YPR140W_REV,0.0,1000.0
turnup,r_2710_ENZ_YPR140W_FWD,0.0,1000.0
turnup,r_2710_ENZ_YPR140W_REV,0.0,1000.0
turnup,r_2711_ENZ_YPR140W_FWD,0.0,1000.0
turnup,r_2711_ENZ_YPR140W_REV,0.0,1000.0
turnup,r_2712_ENZ_YPR140W_FWD,0.0,1000.0
turnup,r_2712_ENZ_YPR140W_REV,0.0,1000.0
turnup,r_2713_ENZ_YPR140W_FWD,0.0,1000.0
turnup,r_2713_ENZ_YPR140W_REV,0.0,1000.0
turnup,r_2714_ENZ_YPR140W_FWD,0.0,1000.0
turnup,r_2714_ENZ_YPR140W_REV,0.0,1000.0
turnup,r_2715_ENZ_YPR140W_FWD,0.0,1000.0
turnup,r_2715_ENZ_YPR140W_REV,0.0,1000.0
turnup,r_2716_ENZ_YPR140W_FWD,0.0,1000.0
turnup,r_2716_ENZ_YPR140W_REV,0.0,1000.0
turnup,r_2717_ENZ_YPR140W_FWD,0.0,1000.0
turnup,r_2717_ENZ_YPR140W_REV,0.0,1000.0
turnup,r_2718_ENZ_YPR140W_FWD,0.0,1000.0
turnup,r_2718_ENZ_YPR140W_REV,0.0,1000.0
turnup,r_2719_ENZ_YPR140W_FWD,0.0,1000.0
turnup,r_2719_ENZ_YPR140W_REV,0.0,1000.0
turnup,r_2720_ENZ_YPR140W_FWD,0.0,1000.0
turnup,r_2720_ENZ_YPR140W_REV,0.0,1000.0
turnup,r_2721_ENZ_YPR140W_FWD,0.0,1000.0
turnup,r_2721_ENZ_YPR140W_REV,0.0,1000.0
turnup,r_2722_ENZ_YPR140W_FWD,0.0,1000.0
turnup,r_2722_ENZ_YPR140W_REV,0.0,1000.0
turnup,r_2723_ENZ_YPR140W_FWD,0.0,1000.0
turnup,r_2723_ENZ_YPR140W_REV,0.0,1000.0
turnup,r_2724_ENZ_YPR140W_FWD,0.0,1000.0
turnup,r_2724_ENZ_YPR140W_REV,0.0,1000.0
turnup,r_2725_ENZ_YPR140W_FWD,0.0,1000.0
turnup,r_2725_ENZ_YPR140W_REV,0.0,1000.0
turnup,r_2726_ENZ_YPR140W_FWD,0.0,1000.0
turnup,r_2726_ENZ_YPR140W_REV,0.0,1000.0
turnup,r_2727_ENZ_YPR140W_FWD,0.0,1000.0
turnup,r_2727_ENZ_YPR140W_REV,0.0,1000.0
turnup,r_2728_ENZ_YPR140W_FWD,0.0,1000.0
turnup,r_2728_ENZ_YPR140W_REV,0.0,1000.0
turnup,r_2729_ENZ_YPR140W_FWD,0.0,1000.0
turnup,r_2729_ENZ_YPR140W_REV,0.0,1000.0
turnup,r_2730_ENZ_YPR140W_FWD,0.0,1000.0
turnup,r_2730_ENZ_YPR140W_REV,0.0,1000.0
turnup,r_2731_ENZ_YPR140W_FWD,0.0,1000.0
turnup,r_2731_ENZ_YPR140W_REV,0.0,1000.0
turnup,r_2732_ENZ_YPR140W_FWD,0.0,1000.0
turnup,r_2732_ENZ_YPR140W_REV,0.0,1000.0
turnup,r_2733_ENZ_YPR140W_FWD,0.0,1000.0
turnup,r_2733_ENZ_YPR140W_REV,0.0,1000.0
turnup,r_2734_ENZ_YPR140W_FWD,0.0,1000.0
turnup,r_2734_ENZ_YPR140W_REV,0.0,1000.0
turnup,r_2735_ENZ_YPR140W_FWD,0.0,1000.0
turnup,r_2735_ENZ_YPR140W_REV,0.0,1000.0
turnup,r_2736_ENZ_YPR140W_FWD,0.0,1000.0
turnup,r_2736_ENZ_YPR140W_REV,0.0,1000.0
turnup,r_2737_ENZ_YPR140W_FWD,0.0,1000.0
turnup,r_2737_ENZ_YPR140W_REV,0.0,1000.0
turnup,r_2738_ENZ_YPR140W_FWD,0.0,1000.0
turnup,r_2738_ENZ_YPR140W_REV,0.0,1000.0
turnup,r_2739_ENZ_YPR140W_FWD,0.0,1000.0
turnup,r_2739_ENZ_YPR140W_REV,0.0,1000.0
turnup,r_2740_ENZ_YPR140W_FWD,0.0,1000.0
turnup,r_2740_ENZ_YPR140W_REV,0.0,1000.0
turnup,r_2741_ENZ_YPR140W_FWD,0.0,1000.0
turnup,r_2741_ENZ_YPR140W_REV,0.0,1000.0
turnup,r_2742_ENZ_YPR140W_FWD,0.0,1000.0
turnup,r_2742_ENZ_YPR140W_REV,0.0,1000.0
turnup,r_2743_ENZ_YPR140W_FWD,0.0,1000.0
turnup,r_2743_ENZ_YPR140W_REV,0.0,1000.0
turnup,r_2744_ENZ_YPR140W_FWD,0.0,1000.0
turnup,r_2744_ENZ_YPR140W_REV,0.0,1000.0
turnup,r_2745_ENZ_YPR140W_FWD,0.0,1000.0
turnup,r_2745_ENZ_YPR140W_REV,0.0,1000.0
turnup,r_2746_ENZ_YPR140W_FWD,0.0,1000.0
turnup,r_2746_ENZ_YPR140W_REV,0.0,1000.0
turnup,r_2747_ENZ_YPR140W_FWD,0.0,1000.0
turnup,r_2747_ENZ_YPR140W_REV,0.0,1000.0
turnup,r_2748_ENZ_YPR140W_FWD,0.0,1000.0
turnup,r_2748_ENZ_YPR140W_REV,0.0,1000.0
turnup,r_2749_ENZ_YPR140W_FWD,0.0,1000.0
turnup,r_2749_ENZ_YPR140W_REV,0.0,1000.0
turnup,r_2750_ENZ_YPR140W_FWD,0.0,1000.0
turnup,r_2750_ENZ_YPR140W_REV,0.0,1000.0
turnup,r_2751_ENZ_YPR140W_FWD,0.0,1000.0
turnup,r_2751_ENZ_YPR140W_REV,0.0,1000.0
turnup,r_2752_ENZ_YPR140W_FWD,0.0,1000.0
turnup,r_2752_ENZ_YPR140W_REV,0.0,1000.0
turnup,r_2753_ENZ_YPR140W_FWD,0.0,1000.0
turnup,r_2753_ENZ_YPR140W_REV,0.0,1000.0
turnup,r_2754_ENZ_YPR140W_FWD,0.0,1000.0
turnup,r_2754_ENZ_YPR140W_REV,0.0,1000.0
turnup,r_2755_ENZ_YPR140W_FWD,0.0,1000.0
turnup,r_2755_ENZ_YPR140W_REV,0.0,1000.0
turnup,r_2756_ENZ_YPR140W_FWD,0.0,1000.0
turnup,r_2756_ENZ_YPR140W_REV,0.0,1000.0
turnup,r_2757_ENZ_YPR140W_FWD,0.0,1000.0
turnup,r_2757_ENZ_YPR140W_REV,0.0,1000.0
turnup,r_2758_ENZ_YPR140W_FWD,0.0,1000.0
turnup,r_2758_ENZ_YPR140W_REV,0.0,1000.0
turnup,r_2759_ENZ_YPR140W_FWD,0.0,1000.0
turnup,r_2759_ENZ_YPR140W_REV,0.0,1000.0
turnup,r_2760_ENZ_YPR140W_FWD,0.0,1000.0
turnup,r_2760_ENZ_YPR140W_REV,0.0,1000.0
turnup,r_2761_ENZ_YPR140W_FWD,0.0,1000.0
turnup,r_2761_ENZ_YPR140W_REV,0.0,1000.0
turnup,r_2762_ENZ_YPR140W_FWD,0.0,1000.0
turnup,r_2762_ENZ_YPR140W_REV,0.0,1000.0
turnup,r_2763_ENZ_YPR140W_FWD,0.0,1000.0
turnup,r_2763_ENZ_YPR140W_REV,0.0,1000.0
turnup,r_2764_ENZ_YPR140W_FWD,0.0,1000.0
turnup,r_2764_ENZ_YPR140W_REV,0.0,1000.0
turnup,r_2765_ENZ_YPR140W_FWD,0.0,1000.0
turnup,r_2765_ENZ_YPR140W_REV,0.0,1000.0
turnup,r_2766_ENZ_YPR140W_FWD,0.0,1000.0
turnup,r_2766_ENZ_YPR140W_REV,0.0,1000.0
turnup,r_2767_ENZ_YPR140W_FWD,0.0,1000.0
turnup,r_2767_ENZ_YPR140W_REV,0.0,1000.0
turnup,r_2768_ENZ_YPR140W_FWD,0.0,1000.0
turnup,r_2768_ENZ_YPR140W_REV,0.0,1000.0
turnup,r_2769_ENZ_YPR140W_FWD,0.0,1000.0
turnup,r_2769_ENZ_YPR140W_REV,0.0,1000.0
turnup,r_2770_ENZ_YPR140W_FWD,0.0,1000.0
turnup,r_2770_ENZ_YPR140W_REV,0.0,1000.0
turnup,r_2771_ENZ_YPR140W_FWD,0.0,1000.0
turnup,r_2771_ENZ_YPR140W_REV,0.0,1000.0
turnup,r_2772_ENZ_YPR140W_FWD,0.0,1000.0
turnup,r_2772_ENZ_YPR140W_REV,0.0,1000.0
turnup,r_2773_ENZ_YPR140W_FWD,0.0,1000.0
turnup,r_2773_ENZ_YPR140W_REV,0.0,1000.0
turnup,r_2774_ENZ_YPR140W_FWD,0.0,1000.0
turnup,r_2774_ENZ_YPR140W_REV,0.0,1000.0
turnup,r_2775_ENZ_YPR140W_FWD,0.0,1000.0
turnup,r_2775_ENZ_YPR140W_REV,0.0,1000.0
turnup,r_2776_ENZ_YPR140W_FWD,0.0,1000.0
turnup,r_2776_ENZ_YPR140W_REV,0.0,1000.0
turnup,r_2777_ENZ_YPR140W_FWD,0.0,1000.0
turnup,r_2777_ENZ_YPR140W_REV,0.0,1000.0
turnup,r_2778_ENZ_YPR140W_FWD,0.0,1000.0
turnup,r_2778_ENZ_YPR140W_REV,0.0,1000.0
turnup,r_2779_ENZ_YPR140W_FWD,0.0,1000.0
turnup,r_2779_ENZ_YPR140W_REV,0.0,1000.0
turnup,r_2780_ENZ_YPR140W_FWD,0.0,1000.0
turnup,r_2780_ENZ_YPR140W_REV,0.0,1000.0
turnup,r_2781_ENZ_YPR140W_FWD,0.0,1000.0
turnup,r_2781_ENZ_YPR140W_REV,0.0,1000.0
turnup,r_2782_ENZ_YPR140W_FWD,0.0,1000.0
turnup,r_2782_ENZ_YPR140W_REV,0.0,1000.0
turnup,r_2783_ENZ_YPR140W_FWD,0.0,1000.0
turnup,r_2783_ENZ_YPR140W_REV,0.0,1000.0
turnup,r_2784_ENZ_YPR140W_FWD,0.0,1000.0
turnup,r_2784_ENZ_YPR140W_REV,0.0,1000.0
turnup,r_2785_ENZ_YPR140W_FWD,0.0,1000.0
turnup,r_2785_ENZ_YPR140W_REV,0.0,1000.0
turnup,r_2786_ENZ_YPR140W_FWD,0.0,1000.0
turnup,r_2786_ENZ_YPR140W_REV,0.0,1000.0
turnup,r_2787_ENZ_YPR140W_FWD,0.0,1000.0
turnup,r_2787_ENZ_YPR140W_REV,0.0,1000.0
turnup,r_2788_ENZ_YPR140W_FWD,0.0,1000.0
turnup,r_2788_ENZ_YPR140W_REV,0.0,1000.0
turnup,r_2789_ENZ_YPR140W_FWD,0.0,1000.0
turnup,r_2789_ENZ_YPR140W_REV,0.0,1000.0
turnup,r_2790_ENZ_YPR140W_FWD,0.0,1000.0
turnup,r_2790_ENZ_YPR140W_REV,0.0,1000.0
turnup,r_2791_ENZ_YPR140W_FWD,0.0,1000.0
turnup,r_2791_ENZ_YPR140W_REV,0.0,1000.0
turnup,r_2792_ENZ_YPR140W_FWD,0.0,1000.0
turnup,r_2792_ENZ_YPR140W_REV,0.0,1000.0
turnup,r_2793_ENZ_YPR140W_FWD,0.0,1000.0
turnup,r_2793_ENZ_YPR140W_REV,0.0,1000.0
turnup,r_2794_ENZ_YPR140W_FWD,0.0,1000.0
turnup,r_2794_ENZ_YPR140W_REV,0.0,1000.0
turnup,r_2795_ENZ_YPR140W_FWD,0.0,1000.0
turnup,r_2795_ENZ_YPR140W_REV,0.0,1000.0
turnup,r_2796_ENZ_YPR140W_FWD,0.0,1000.0
turnup,r_2796_ENZ_YPR140W_REV,0.0,1000.0
turnup,r_2797_ENZ_YPR140W_FWD,0.0,1000.0
turnup,r_2797_ENZ_YPR140W_REV,0.0,1000.0
turnup,r_2798_ENZ_YPR140W_FWD,0.0,1000.0
turnup,r_2798_ENZ_YPR140W_REV,0.0,1000.0
turnup,r_2799_ENZ_YPR140W_FWD,0.0,1000.0
turnup,r_2799_ENZ_YPR140W_REV,0.0,1000.0
turnup,r_2800_ENZ_YPR140W_FWD,0.0,1000.0
turnup,r_2800_ENZ_YPR140W_REV,0.0,1000.0
turnup,r_2801_ENZ_YPR140W_FWD,0.0,1000.0
turnup,r_2801_ENZ_YPR140W_REV,0.0,1000.0
turnup,r_2802_ENZ_YPR140W_FWD,0.0,1000.0
turnup,r_2802_ENZ_YPR140W_REV,0.0,1000.0
turnup,r_2803_ENZ_YPR140W_FWD,0.0,1000.0
turnup,r_2803_ENZ_YPR140W_REV,0.0,1000.0
turnup,r_2804_ENZ_YPR140W_FWD,0.0,1000.0
turnup,r_2804_ENZ_YPR140W_REV,0.0,1000.0
turnup,r_2805_ENZ_YPR140W_FWD,0.0,1000.0
turnup,r_2805_ENZ_YPR140W_REV,0.0,1000.0
turnup,r_2806_ENZ_YPR140W_FWD,0.0,1000.0
turnup,r_2806_ENZ_YPR140W_REV,0.0,1000.0
turnup,r_2807_ENZ_YPR140W_FWD,0.0,1000.0
turnup,r_2807_ENZ_YPR140W_REV,0.0,1000.0
turnup,r_2808_ENZ_YPR140W_FWD,0.0,1000.0
turnup,r_2808_ENZ_YPR140W_REV,0.0,1000.0
turnup,r_2809_ENZ_YPR140W_FWD,0.0,1000.0
turnup,r_2809_ENZ_YPR140W_REV,0.0,1000.0
turnup,r_2810_ENZ_YPR140W_FWD,0.0,1000.0
turnup,r_2810_ENZ_YPR140W_REV,0.0,1000.0
turnup,r_2811_ENZ_YPR140W_FWD,0.0,1000.0
turnup,r_2811_ENZ_YPR140W_REV,0.0,1000.0
turnup,r_2812,0.0,0.0
turnup,r_2813,0.0,0.0
turnup,r_2814,0.0,0.0
turnup,r_2815,0.0,0.0
turnup,r_2816,0.0,0.0
turnup,r_2817,0.0,1.638448646348153e-06
turnup,r_2818,0.0,0.0
turnup,r_2819,0.0,2.1432730630976948e-06
turnup,r_2820_ENZ_YJL100W,0.0,0.0001770689268383
turnup,r_2820_ENZ_YLR305C,0.0,0.0003240961040624
turnup,r_2821_ENZ_YJL100W,0.0,0.0003453060510949
turnup,r_2821_ENZ_YLR305C,0.0,0.0001769578585282
turnup,r_2822_ENZ_YJL100W,0.0,0.0001769572495931
turnup,r_2822_ENZ_YLR305C,0.0,0.0003240961013055
turnup,r_2823_ENZ_YJL100W,0.0,0.0003230694599061
turnup,r_2823_ENZ_YLR305C,0.0,0.0003240961043147
turnup,r_2824_ENZ_YJL100W,0.0,0.0003096789230312
turnup,r_2824_ENZ_YLR305C,0.0,0.0003096789139434
turnup,r_2825_ENZ_YJL100W,0.0,0.0003132573464021
turnup,r_2825_ENZ_YLR305C,0.0,8.986177085290592e-05
turnup,r_2826_ENZ_YJL100W,0.0,0.0001283547016477
turnup,r_2826_ENZ_YLR305C,0.0,9.51747361490618e-05
turnup,r_2827_ENZ_YJL100W,0.0,0.0001770655923145
turnup,r_2827_ENZ_YLR305C,0.0,0.0001769573648591
turnup,r_2828_ENZ_YJL100W,0.0,0.0
turnup,r_2829_ENZ_YJL100W,0.0,0.0
turnup,r_2830_ENZ_YJL100W,0.0,0.0
turnup,r_2831_ENZ_YJL100W,0.0,0.0
turnup,r_2832_ENZ_YJL100W,0.0,0.0
turnup,r_2833_ENZ_YJL100W,0.0,0.0
turnup,r_2834_ENZ_YJL100W,0.0,0.0
turnup,r_2835_ENZ_YJL100W,0.0,0.0
turnup,r_2836_ENZ_YDR373W_and_YNL267W,0.0,0.0001421593585178
turnup,r_2837_ENZ_YDR373W_and_YNL267W,0.0,0.0001421693786514
turnup,r_2838_ENZ_YDR373W_and_YNL267W,0.0,0.0001421693940453
turnup,r_2839_ENZ_YDR373W_and_YNL267W,0.0,0.0001421694094446
turnup,r_2840_ENZ_YDR373W_and_YNL267W,0.0,0.0001421694248385
turnup,r_2841_ENZ_YDR373W_and_YNL267W,0.0,0.0001421694402359
turnup,r_2842_ENZ_YDR373W_and_YNL267W,0.0,5.674051076098863e-05
turnup,r_2843_ENZ_YDR373W_and_YNL267W,0.0,0.0001421577519806
turnup,r_2844_ENZ_YNL267W,0.0,8.847862198635426e-05
turnup,r_2845_ENZ_YNL267W,0.0,0.0001726530275352
turnup,r_2846_ENZ_YNL267W,0.0,0.0001726530286774
turnup,r_2847_ENZ_YNL267W,0.0,0.0001726530303418
turnup,r_2848_ENZ_YNL267W,0.0,0.0005714249887223
turnup,r_2849_ENZ_YNL267W,0.0,8.847862101468706e-05
turnup,r_2850_ENZ_YNL267W,0.0,5.4069847713833497e-05
turnup,r_2851_ENZ_YNL267W,0.0,0.0001620480509174
turnup,r_2852_ENZ_YBR097W_and_YLR240W,0.0,0.000309678917727
turnup,r_2852_ENZ_YBR097W_and_YLR240W_and_YBR128C_and_YPL120W_and_YLR211C,0.0,0.0003453060638882
turnup,r_2852_ENZ_YBR097W_and_YLR240W_and_YPL120W_and_YLR360W,0.0,0.0003453060638882
turnup,r_2853_ENZ_YBR097W_and_YLR240W,0.0,0.0003240961042862
turnup,r_2853_ENZ_YBR097W_and_YLR240W_and_YBR128C_and_YPL120W_and_YLR211C,0.0,0.0003122307015388
turnup,r_2853_ENZ_YBR097W_and_YLR240W_and_YPL120W_and_YLR360W,0.0,0.0003122307020397
turnup,r_2854_ENZ_YBR097W_and_YLR240W,0.0,0.0003230694602756
turnup,r_2854_ENZ_YBR097W_and_YLR240W_and_YBR128C_and_YPL120W_and_YLR211C,0.0,0.0003096789179082
turnup,r_2854_ENZ_YBR097W_and_YLR240W_and_YPL120W_and_YLR360W,0.0,0.0003096789180965
turnup,r_2855_ENZ_YBR097W_and_YLR240W,0.0,0.000320517675842
turnup,r_2855_ENZ_YBR097W_and_YLR240W_and_YBR128C_and_YPL120W_and_YLR211C,0.0,0.0001769584846554
turnup,r_2855_ENZ_YBR097W_and_YLR240W_and_YPL120W_and_YLR360W,0.0,0.0001769584846673
turnup,r_2856_ENZ_YBR097W_and_YLR240W,0.0,0.000324096100936
turnup,r_2856_ENZ_YBR097W_and_YLR240W_and_YBR128C_and_YPL120W_and_YLR211C,0.0,0.0003132573530315
turnup,r_2856_ENZ_YBR097W_and_YLR240W_and_YPL120W_and_YLR360W,0.0,0.000313257353234
turnup,r_2857_ENZ_YBR097W_and_YLR240W,0.0,0.0003230694548257
turnup,r_2857_ENZ_YBR097W_and_YLR240W_and_YBR128C_and_YPL120W_and_YLR211C,0.0,0.0003205176737957
turnup,r_2857_ENZ_YBR097W_and_YLR240W_and_YPL120W_and_YLR360W,0.0,0.0003205176737957
turnup,r_2858_ENZ_YBR097W_and_YLR240W,0.0,4.379736335481335e-05
turnup,r_2858_ENZ_YBR097W_and_YLR240W_and_YBR128C_and_YPL120W_and_YLR211C,0.0,3.1524061467885386e-05
turnup,r_2858_ENZ_YBR097W_and_YLR240W_and_YPL120W_and_YLR360W,0.0,3.375621024556001e-05
turnup,r_2859_ENZ_YBR097W_and_YLR240W,0.0,2.515381206946168e-05
turnup,r_2859_ENZ_YBR097W_and_YLR240W_and_YBR128C_and_YPL120W_and_YLR211C,0.0,2.770487139392184e-05
turnup,r_2859_ENZ_YBR097W_and_YLR240W_and_YPL120W_and_YLR360W,0.0,2.869011294537416e-05
turnup,r_2860_ENZ_YDR208W,0.0,0.0001726530270378
turnup,r_2861_ENZ_YDR208W,0.0,0.0001726530275352
turnup,r_2862_ENZ_YDR208W,0.0,0.0001726530286774
turnup,r_2863_ENZ_YDR208W,0.0,0.0001726530303418
turnup,r_2864_ENZ_YDR208W,0.0,0.0005714249887223
turnup,r_2865_ENZ_YDR208W,0.0,8.847862101468706e-05
turnup,r_2866_ENZ_YDR208W,0.0,5.4069847713833497e-05
turnup,r_2867_ENZ_YDR208W,0.0,0.0001620480509174
turnup,r_2868_ENZ_YDR208W,0.0,0.0003240961013561
turnup,r_2869_ENZ_YDR208W,0.0,0.0002780379208928
turnup,r_2870_ENZ_YDR208W,0.0,0.0002778542881927
turnup,r_2871_ENZ_YDR208W,0.0,0.0003240961043147
turnup,r_2872_ENZ_YDR208W,0.0,0.0003232191485349
turnup,r_2873_ENZ_YDR208W,0.0,0.0003240961007477
turnup,r_2874_ENZ_YDR208W,0.0,4.9710219212073525e-05
turnup,r_2875_ENZ_YDR208W,0.0,0.0001769573674899
turnup,r_2876_ENZ_YFR019W,0.0,9.963465353646228e-05
turnup,r_2877_ENZ_YFR019W,0.0,9.96346532067819e-05
turnup,r_2878_ENZ_YFR019W,0.0,0.0002154609807583
turnup,r_2879_ENZ_YFR019W,0.0,0.0002129997085766
turnup,r_2880_ENZ_YFR019W,0.0,0.0002204546953628
turnup,r_2881_ENZ_YFR019W,0.0,0.0002204546932631
turnup,r_2882_ENZ_YFR019W,0.0,0.0002229159783482
turnup,r_2883_ENZ_YFR019W,0.0,0.0002229159861606
turnup,r_2884_ENZ_YNR008W_FWD,0.0,1000.0
turnup,r_2884_ENZ_YNR008W_REV,0.0,1000.0
turnup,r_2885_ENZ_YNR008W_FWD,0.0,1000.0
turnup,r_2885_ENZ_YNR008W_REV,0.0,1000.0
turnup,r_2886_ENZ_YNR008W_FWD,0.0,1000.0
turnup,r_2886_ENZ_YNR008W_REV,0.0,1000.0
turnup,r_2887_ENZ_YNR008W_FWD,0.0,1000.0
turnup,r_2887_ENZ_YNR008W_REV,0.0,1000.0
turnup,r_2888_ENZ_YNR008W_FWD,0.0,1000.0
turnup,r_2888_ENZ_YNR008W_REV,0.0,1000.0
turnup,r_2889_ENZ_YNR008W_FWD,0.0,1000.0
turnup,r_2889_ENZ_YNR008W_REV,0.0,1000.0
turnup,r_2890_ENZ_YNR008W_FWD,0.0,1000.0
turnup,r_2890_ENZ_YNR008W_REV,0.0,1000.0
turnup,r_2891_ENZ_YNR008W_FWD,0.0,1000.0
turnup,r_2891_ENZ_YNR008W_REV,0.0,1000.0
turnup,r_2892_ENZ_YNR008W_FWD,0.0,1000.0
turnup,r_2892_ENZ_YNR008W_REV,0.0,1000.0
turnup,r_2893_ENZ_YNR008W_FWD,0.0,1000.0
turnup,r_2893_ENZ_YNR008W_REV,0.0,1000.0
turnup,r_2894_ENZ_YNR008W_FWD,0.0,1000.0
turnup,r_2894_ENZ_YNR008W_REV,0.0,1000.0
turnup,r_2895_ENZ_YNR008W_FWD,0.0,1000.0
turnup,r_2895_ENZ_YNR008W_REV,0.0,1000.0
turnup,r_2896_ENZ_YNR008W_FWD,0.0,1000.0
turnup,r_2896_ENZ_YNR008W_REV,0.0,1000.0
turnup,r_2897_ENZ_YNR008W_FWD,0.0,1000.0
turnup,r_2897_ENZ_YNR008W_REV,0.0,1000.0
turnup,r_2898_ENZ_YNR008W_FWD,0.0,1000.0
turnup,r_2898_ENZ_YNR008W_REV,0.0,1000.0
turnup,r_2899_ENZ_YNR008W_FWD,0.0,1000.0
turnup,r_2899_ENZ_YNR008W_REV,0.0,1000.0
turnup,r_2900_ENZ_YNR008W_FWD,0.0,1000.0
turnup,r_2900_ENZ_YNR008W_REV,0.0,1000.0
turnup,r_2901_ENZ_YNR008W_FWD,0.0,1000.0
turnup,r_2901_ENZ_YNR008W_REV,0.0,1000.0
turnup,r_2902_ENZ_YNR008W_FWD,0.0,1000.0
turnup,r_2902_ENZ_YNR008W_REV,0.0,1000.0
turnup,r_2903_ENZ_YNR008W_FWD,0.0,1000.0
turnup,r_2903_ENZ_YNR008W_REV,0.0,1000.0
turnup,r_2904_ENZ_YNR008W_FWD,0.0,1000.0
turnup,r_2904_ENZ_YNR008W_REV,0.0,1000.0
turnup,r_2905_ENZ_YNR008W_FWD,0.0,1000.0
turnup,r_2905_ENZ_YNR008W_REV,0.0,1000.0
turnup,r_2906_ENZ_YNR008W_FWD,0.0,1000.0
turnup,r_2906_ENZ_YNR008W_REV,0.0,1000.0
turnup,r_2907_ENZ_YNR008W_FWD,0.0,1000.0
turnup,r_2907_ENZ_YNR008W_REV,0.0,1000.0
turnup,r_2908_ENZ_YNR008W_FWD,0.0,1000.0
turnup,r_2908_ENZ_YNR008W_REV,0.0,1000.0
turnup,r_2909_ENZ_YNR008W_FWD,0.0,1000.0
turnup,r_2909_ENZ_YNR008W_REV,0.0,1000.0
turnup,r_2910_ENZ_YNR008W_FWD,0.0,1000.0
turnup,r_2910_ENZ_YNR008W_REV,0.0,1000.0
turnup,r_2911_ENZ_YNR008W_FWD,0.0,1000.0
turnup,r_2911_ENZ_YNR008W_REV,0.0,1000.0
turnup,r_2912_ENZ_YNR008W_FWD,0.0,1000.0
turnup,r_2912_ENZ_YNR008W_REV,0.0,1000.0
turnup,r_2913_ENZ_YNR008W_FWD,0.0,1000.0
turnup,r_2913_ENZ_YNR008W_REV,0.0,1000.0
turnup,r_2914_ENZ_YNR008W_FWD,0.0,1000.0
turnup,r_2914_ENZ_YNR008W_REV,0.0,1000.0
turnup,r_2915_ENZ_YNR008W_FWD,0.0,1000.0
turnup,r_2915_ENZ_YNR008W_REV,0.0,1000.0
turnup,r_2916_ENZ_YNR008W_FWD,0.0,999.9994425182504
turnup,r_2916_ENZ_YNR008W_REV,0.0,1000.0
turnup,r_2917_ENZ_YNR008W_FWD,0.0,1000.0
turnup,r_2917_ENZ_YNR008W_REV,0.0,1000.0
turnup,r_2918_ENZ_YNR008W_FWD,0.0,1000.0
turnup,r_2918_ENZ_YNR008W_REV,0.0,1000.0
turnup,r_2919_ENZ_YNR008W_FWD,0.0,1000.0
turnup,r_2919_ENZ_YNR008W_REV,0.0,1000.0
turnup,r_2920_ENZ_YNR008W_FWD,0.0,1000.0
turnup,r_2920_ENZ_YNR008W_REV,0.0,1000.0
turnup,r_2921_ENZ_YNR008W_FWD,0.0,1000.0
turnup,r_2921_ENZ_YNR008W_REV,0.0,1000.0
turnup,r_2922_ENZ_YNR008W_FWD,0.0,1000.0
turnup,r_2922_ENZ_YNR008W_REV,0.0,1000.0
turnup,r_2923_ENZ_YNR008W_FWD,0.0,1000.0
turnup,r_2923_ENZ_YNR008W_REV,0.0,1000.0
turnup,r_2924_ENZ_YNR008W_FWD,0.0,1000.0
turnup,r_2924_ENZ_YNR008W_REV,0.0,1000.0
turnup,r_2925_ENZ_YNR008W_FWD,0.0,1000.0
turnup,r_2925_ENZ_YNR008W_REV,0.0,1000.0
turnup,r_2926_ENZ_YNR008W_FWD,0.0,1000.0
turnup,r_2926_ENZ_YNR008W_REV,0.0,1000.0
turnup,r_2927_ENZ_YNR008W_FWD,0.0,999.9995214671088
turnup,r_2927_ENZ_YNR008W_REV,0.0,1000.0
turnup,r_2928_ENZ_YNR008W_FWD,0.0,1000.0
turnup,r_2928_ENZ_YNR008W_REV,0.0,1000.0
turnup,r_2929_ENZ_YNR008W_FWD,0.0,1000.0
turnup,r_2929_ENZ_YNR008W_REV,0.0,1000.0
turnup,r_2930_ENZ_YNR008W_FWD,0.0,1000.0
turnup,r_2930_ENZ_YNR008W_REV,0.0,1000.0
turnup,r_2931_ENZ_YNR008W_FWD,0.0,1000.0
turnup,r_2931_ENZ_YNR008W_REV,0.0,1000.0
turnup,r_2932_ENZ_YNR008W_FWD,0.0,1000.0
turnup,r_2932_ENZ_YNR008W_REV,0.0,1000.0
turnup,r_2933_ENZ_YNR008W_FWD,0.0,1000.0
turnup,r_2933_ENZ_YNR008W_REV,0.0,1000.0
turnup,r_2934_ENZ_YNR008W_FWD,0.0,999.9994745748022
turnup,r_2934_ENZ_YNR008W_REV,0.0,1000.0
turnup,r_2935_ENZ_YNR008W_FWD,0.0,1000.0
turnup,r_2935_ENZ_YNR008W_REV,0.0,1000.0
turnup,r_2936_ENZ_YNR008W_FWD,0.0,1000.0
turnup,r_2936_ENZ_YNR008W_REV,0.0,1000.0
turnup,r_2937_ENZ_YNR008W_FWD,0.0,1000.0
turnup,r_2937_ENZ_YNR008W_REV,0.0,1000.0
turnup,r_2938_ENZ_YNR008W_FWD,0.0,1000.0
turnup,r_2938_ENZ_YNR008W_REV,0.0,1000.0
turnup,r_2939_ENZ_YNR008W_FWD,0.0,1000.0
turnup,r_2939_ENZ_YNR008W_REV,0.0,1000.0
turnup,r_2940_ENZ_YNR008W_FWD,0.0,1000.0
turnup,r_2940_ENZ_YNR008W_REV,0.0,1000.0
turnup,r_2941_ENZ_YNR008W_FWD,0.0,1000.0
turnup,r_2941_ENZ_YNR008W_REV,0.0,1000.0
turnup,r_2942_ENZ_YNR008W_FWD,0.0,1000.0
turnup,r_2942_ENZ_YNR008W_REV,0.0,1000.0
turnup,r_2943_ENZ_YNR008W_FWD,0.0,1000.0
turnup,r_2943_ENZ_YNR008W_REV,0.0,1000.0
turnup,r_2944_ENZ_YNR008W_FWD,0.0,1000.0
turnup,r_2944_ENZ_YNR008W_REV,0.0,1000.0
turnup,r_2945_ENZ_YNR008W_FWD,0.0,1000.0
turnup,r_2945_ENZ_YNR008W_REV,0.0,1000.0
turnup,r_2946_ENZ_YNR008W_FWD,0.0,1000.0
turnup,r_2946_ENZ_YNR008W_REV,0.0,1000.0
turnup,r_2947_ENZ_YNR008W_FWD,0.0,1000.0
turnup,r_2947_ENZ_YNR008W_REV,0.0,1000.0
turnup,r_2948_ENZ_YNR008W_FWD,0.0,1000.0
turnup,r_2948_ENZ_YNR008W_REV,0.0,1000.0
turnup,r_2949_ENZ_YNR008W_FWD,0.0,0.0003632337635982
turnup,r_2949_ENZ_YNR008W_REV,0.0,0.0010516415305247
turnup,r_2950_ENZ_YNR008W_FWD,0.0,0.0004250877087257
turnup,r_2950_ENZ_YNR008W_REV,0.0,0.0005934292572509
turnup,r_2951_ENZ_YNR008W_FWD,0.0,0.000778545554393
turnup,r_2951_ENZ_YNR008W_REV,0.0,0.0005934500237237
turnup,r_2952_ENZ_YNR008W_FWD,0.0,1000.0
turnup,r_2952_ENZ_YNR008W_REV,0.0,1000.0
turnup,r_2953_ENZ_YNR008W_FWD,0.0,1000.0
turnup,r_2953_ENZ_YNR008W_REV,0.0,1000.0
turnup,r_2954_ENZ_YNR008W_FWD,0.0,1000.0
turnup,r_2954_ENZ_YNR008W_REV,0.0,1000.0
turnup,r_2955_ENZ_YNR008W_FWD,0.0,1000.0
turnup,r_2955_ENZ_YNR008W_REV,0.0,1000.0
turnup,r_2956_ENZ_YNR008W_FWD,0.0,1000.0
turnup,r_2956_ENZ_YNR008W_REV,0.0,1000.0
turnup,r_2957_ENZ_YNR008W_FWD,0.0,0.000412621566918
turnup,r_2957_ENZ_YNR008W_REV,0.0,0.0011355268265908
turnup,r_2958_ENZ_YNR008W_FWD,0.0,0.0003941435071264
turnup,r_2958_ENZ_YNR008W_REV,0.0,0.000776469928005
turnup,r_2959_ENZ_YNR008W_FWD,0.0,0.0004250877339256
turnup,r_2959_ENZ_YNR008W_REV,0.0,0.0006684714938951
turnup,r_2960_ENZ_YNR008W_FWD,0.0,1000.0
turnup,r_2960_ENZ_YNR008W_REV,0.0,1000.0
turnup,r_2961_ENZ_YNR008W_FWD,0.0,0.0006135586984533
turnup,r_2961_ENZ_YNR008W_REV,0.0,0.0007094795279529
turnup,r_2962_ENZ_YNR008W_FWD,0.0,0.0003451271736267
turnup,r_2962_ENZ_YNR008W_REV,0.0,0.0007313835310855
turnup,r_2963_ENZ_YNR008W_FWD,0.0,0.0006320983371974
turnup,r_2963_ENZ_YNR008W_REV,0.0,0.0007309181813086
turnup,r_2964_ENZ_YNR008W_FWD,0.0,1000.0
turnup,r_2964_ENZ_YNR008W_REV,0.0,1000.0
turnup,r_2965_ENZ_YNR008W_FWD,0.0,0.0003451274268434
turnup,r_2965_ENZ_YNR008W_REV,0.0,0.0006113624234775
turnup,r_2966_ENZ_YNR008W_FWD,0.0,0.0006889193319277
turnup,r_2966_ENZ_YNR008W_REV,0.0,0.0006298374643293
turnup,r_2967_ENZ_YNR008W_FWD,0.0,0.0006866247050096
turnup,r_2967_ENZ_YNR008W_REV,0.0,0.0006298332820259
turnup,r_2968_ENZ_YNR008W_FWD,0.0,1000.0
turnup,r_2968_ENZ_YNR008W_REV,0.0,1000.0
turnup,r_2969_ENZ_YNR008W_FWD,0.0,1000.0
turnup,r_2969_ENZ_YNR008W_REV,0.0,1000.0
turnup,r_2970_ENZ_YNR008W_FWD,0.0,1000.0
turnup,r_2970_ENZ_YNR008W_REV,0.0,1000.0
turnup,r_2971_ENZ_YNR008W_FWD,0.0,1000.0
turnup,r_2971_ENZ_YNR008W_REV,0.0,1000.0
turnup,r_2972_ENZ_YNR008W_FWD,0.0,999.999474784847
turnup,r_2972_ENZ_YNR008W_REV,0.0,1000.0
turnup,r_2973_ENZ_YNR008W_FWD,0.0,1000.0
turnup,r_2973_ENZ_YNR008W_REV,0.0,1000.0
turnup,r_2974_ENZ_YNR008W_FWD,0.0,1000.0
turnup,r_2974_ENZ_YNR008W_REV,0.0,1000.0
turnup,r_2975_ENZ_YNR008W_FWD,0.0,1000.0
turnup,r_2975_ENZ_YNR008W_REV,0.0,1000.0
turnup,r_2976_ENZ_YNR008W_FWD,0.0,1000.0
turnup,r_2976_ENZ_YNR008W_REV,0.0,1000.0
turnup,r_2977_ENZ_YNR008W_FWD,0.0,0.0006866247048538
turnup,r_2977_ENZ_YNR008W_REV,0.0,0.0013844440354509
turnup,r_2978_ENZ_YNR008W_FWD,0.0,0.000366301830817
turnup,r_2978_ENZ_YNR008W_REV,0.0,0.0007099294591363
turnup,r_2979_ENZ_YNR008W_FWD,0.0,0.0003662993710612
turnup,r_2979_ENZ_YNR008W_REV,0.0,0.0007094794883804
turnup,r_2980_ENZ_YNR008W_FWD,0.0,1000.0
turnup,r_2980_ENZ_YNR008W_REV,0.0,1000.0
turnup,r_2981_ENZ_YNR008W_FWD,0.0,1000.0
turnup,r_2981_ENZ_YNR008W_REV,0.0,1000.0
turnup,r_2982_ENZ_YNR008W_FWD,0.0,1000.0
turnup,r_2982_ENZ_YNR008W_REV,0.0,1000.0
turnup,r_2983_ENZ_YNR008W_FWD,0.0,1000.0
turnup,r_2983_ENZ_YNR008W_REV,0.0,1000.0
turnup,r_2984_ENZ_YNR008W_FWD,0.0,1000.0
turnup,r_2984_ENZ_YNR008W_REV,0.0,1000.0
turnup,r_2985_ENZ_YNR008W_FWD,0.0,1000.0
turnup,r_2985_ENZ_YNR008W_REV,0.0,1000.0
turnup,r_2986_ENZ_YNR008W_FWD,0.0,1000.0
turnup,r_2986_ENZ_YNR008W_REV,0.0,1000.0
turnup,r_2987_ENZ_YNR008W_FWD,0.0,1000.0
turnup,r_2987_ENZ_YNR008W_REV,0.0,1000.0
turnup,r_2988_ENZ_YNR008W_FWD,0.0,1000.0
turnup,r_2988_ENZ_YNR008W_REV,0.0,1000.0
turnup,r_2989_ENZ_YNR008W_FWD,0.0,1000.0
turnup,r_2989_ENZ_YNR008W_REV,0.0,1000.0
turnup,r_2990_ENZ_YNR008W_FWD,0.0,1000.0
turnup,r_2990_ENZ_YNR008W_REV,0.0,1000.0
turnup,r_2991_ENZ_YNR008W_FWD,0.0,1000.0
turnup,r_2991_ENZ_YNR008W_REV,0.0,1000.0
turnup,r_2992_ENZ_YNR008W_FWD,0.0,1000.0
turnup,r_2992_ENZ_YNR008W_REV,0.0,1000.0
turnup,r_2993_ENZ_YNR008W_FWD,0.0,0.0002743318485458
turnup,r_2993_ENZ_YNR008W_REV,0.0,0.0007094858487545
turnup,r_2994_ENZ_YNR008W_FWD,0.0,0.0003350045120634
turnup,r_2994_ENZ_YNR008W_REV,0.0,0.0012850593249821
turnup,r_2995_ENZ_YNR008W_FWD,0.0,0.0003350126896707
turnup,r_2995_ENZ_YNR008W_REV,0.0,0.0012952902818326
turnup,r_2996_ENZ_YNR008W_FWD,0.0,1000.0
turnup,r_2996_ENZ_YNR008W_REV,0.0,1000.0
turnup,r_2997_ENZ_YNR008W_FWD,0.0,1000.0
turnup,r_2997_ENZ_YNR008W_REV,0.0,1000.0
turnup,r_2998_ENZ_YNR008W_FWD,0.0,1000.0
turnup,r_2998_ENZ_YNR008W_REV,0.0,1000.0
turnup,r_2999_ENZ_YNR008W_FWD,0.0,1000.0
turnup,r_2999_ENZ_YNR008W_REV,0.0,1000.0
turnup,r_3000_ENZ_YNR008W_FWD,0.0,1000.0
turnup,r_3000_ENZ_YNR008W_REV,0.0,1000.0
turnup,r_3001_ENZ_YNR008W_FWD,0.0,1000.0
turnup,r_3001_ENZ_YNR008W_REV,0.0,1000.0
turnup,r_3002_ENZ_YNR008W_FWD,0.0,1000.0
turnup,r_3002_ENZ_YNR008W_REV,0.0,1000.0
turnup,r_3003_ENZ_YNR008W_FWD,0.0,1000.0
turnup,r_3003_ENZ_YNR008W_REV,0.0,1000.0
turnup,r_3004_ENZ_YNR008W_FWD,0.0,1000.0
turnup,r_3004_ENZ_YNR008W_REV,0.0,1000.0
turnup,r_3005_ENZ_YNR008W_FWD,0.0,1000.0
turnup,r_3005_ENZ_YNR008W_REV,0.0,1000.0
turnup,r_3006_ENZ_YNR008W_FWD,0.0,1000.0
turnup,r_3006_ENZ_YNR008W_REV,0.0,1000.0
turnup,r_3007_ENZ_YNR008W_FWD,0.0,1000.0
turnup,r_3007_ENZ_YNR008W_REV,0.0,1000.0
turnup,r_3008_ENZ_YNR008W_FWD,0.0,1000.0
turnup,r_3008_ENZ_YNR008W_REV,0.0,1000.0
turnup,r_3009_ENZ_YNR008W_FWD,0.0,0.0003556275873875
turnup,r_3009_ENZ_YNR008W_REV,0.0,0.0013638926393407
turnup,r_3010_ENZ_YNR008W_FWD,0.0,0.0006511981151496
turnup,r_3010_ENZ_YNR008W_REV,0.0,0.0007530027322397
turnup,r_3011_ENZ_YNR008W_FWD,0.0,0.0003556275873714
turnup,r_3011_ENZ_YNR008W_REV,0.0,0.0013791198235793
turnup,r_3022_ENZ_YML059C,0.0,0.0003502458787583
turnup,r_3023_ENZ_YML059C,0.0,4.686039283017043e-05
turnup,r_3024_ENZ_YML059C,0.0,2.5674072426215905e-05
turnup,r_3025_ENZ_YML059C,0.0,4.686039560566164e-05
turnup,r_3026_ENZ_YML059C,0.0,8.641953443531969e-05
turnup,r_3027_ENZ_YML059C,0.0,3.87122299969006e-05
turnup,r_3028_ENZ_YML059C,0.0,8.154234683539536e-05
turnup,r_3029_ENZ_YML059C,0.0,2.1204147487519955e-05
turnup,r_3030_ENZ_YML059C,0.0,1.0671243449209027e-05
turnup,r_3031_ENZ_YML059C,0.0,1.0738764507583333e-05
turnup,r_3032_ENZ_YML059C,0.0,0.0
turnup,r_3033_ENZ_YML059C,0.0,9.11120331428426e-06
turnup,r_3034_ENZ_YMR008C,0.0,1.4703071250616934e-05
turnup,r_3035_ENZ_YMR008C,0.0,1.4455195537674365e-05
turnup,r_3036_ENZ_YMR008C,0.0,1.2799446359129876e-05
turnup,r_3037_ENZ_YMR008C,0.0,1.1633010215154831e-05
turnup,r_3038_ENZ_YMR008C,0.0,1.3120820987052236e-05
turnup,r_3039_ENZ_YMR008C,0.0,1.6521975301765967e-05
turnup,r_3040_ENZ_YMR008C,0.0,9.463584841957207e-06
turnup,r_3041_ENZ_YMR008C,0.0,1.733824984307908e-05
turnup,r_3042_ENZ_YMR008C,0.0,2.283593109459852e-05
turnup,r_3043_ENZ_YMR008C,0.0,2.199566693007786e-05
turnup,r_3044_ENZ_YMR008C,0.0,2.1676506649178e-05
turnup,r_3045_ENZ_YMR008C,0.0,1.1735647410845354e-05
turnup,r_3046_ENZ_YMR006C,0.0,0.0
turnup,r_3046_ENZ_YMR008C,0.0,0.0
turnup,r_3047_ENZ_YMR006C,0.0,0.0
turnup,r_3047_ENZ_YMR008C,0.0,0.0
turnup,r_3048_ENZ_YMR006C,0.0,0.0
turnup,r_3048_ENZ_YMR008C,0.0,0.0
turnup,r_3049_ENZ_YMR006C,0.0,0.0
turnup,r_3049_ENZ_YMR008C,0.0,0.0
turnup,r_3050_ENZ_YMR006C,0.0,0.0
turnup,r_3050_ENZ_YMR008C,0.0,0.0
turnup,r_3051_ENZ_YMR006C,0.0,0.0
turnup,r_3051_ENZ_YMR008C,0.0,0.0
turnup,r_3052_ENZ_YMR006C,0.0,0.0
turnup,r_3052_ENZ_YMR008C,0.0,0.0
turnup,r_3053_ENZ_YMR006C,0.0,0.0
turnup,r_3053_ENZ_YMR008C,0.0,0.0
turnup,r_3054_ENZ_YMR006C,0.0,0.0
turnup,r_3054_ENZ_YMR008C,0.0,0.0
turnup,r_3055_ENZ_YMR006C,0.0,0.0
turnup,r_3055_ENZ_YMR008C,0.0,0.0
turnup,r_3056_ENZ_YMR006C,0.0,0.0
turnup,r_3056_ENZ_YMR008C,0.0,0.0
turnup,r_3057_ENZ_YMR006C,0.0,0.0
turnup,r_3057_ENZ_YMR008C,0.0,0.0
turnup,r_3058_ENZ_YMR006C,0.0,0.0
turnup,r_3058_ENZ_YOL011W,0.0,0.0
turnup,r_3059_ENZ_YMR006C,0.0,0.0
turnup,r_3059_ENZ_YOL011W,0.0,0.0
turnup,r_3060_ENZ_YMR006C,0.0,0.0
turnup,r_3060_ENZ_YOL011W,0.0,0.0
turnup,r_3061_ENZ_YMR006C,0.0,0.0
turnup,r_3061_ENZ_YOL011W,0.0,0.0
turnup,r_3062_ENZ_YMR006C,0.0,0.0
turnup,r_3062_ENZ_YOL011W,0.0,0.0
turnup,r_3063_ENZ_YMR006C,0.0,0.0
turnup,r_3063_ENZ_YOL011W,0.0,0.0
turnup,r_3064_ENZ_YMR006C,0.0,0.0
turnup,r_3064_ENZ_YOL011W,0.0,0.0
turnup,r_3065_ENZ_YMR006C,0.0,0.0
turnup,r_3065_ENZ_YOL011W,0.0,0.0
turnup,r_3066_ENZ_YMR006C,0.0,0.0
turnup,r_3066_ENZ_YOL011W,0.0,0.0
turnup,r_3067_ENZ_YMR006C,0.0,0.0
turnup,r_3067_ENZ_YOL011W,0.0,0.0
turnup,r_3068_ENZ_YMR006C,0.0,0.0
turnup,r_3068_ENZ_YOL011W,0.0,0.0
turnup,r_3069_ENZ_YMR006C,0.0,0.0
turnup,r_3069_ENZ_YOL011W,0.0,0.0
turnup,r_3070_ENZ_YOL011W,0.0,1.8230550043827356e-05
turnup,r_3071_ENZ_YOL011W,0.0,8.467131391734148e-06
turnup,r_3072_ENZ_YOL011W,0.0,3.055212981630314e-05
turnup,r_3073_ENZ_YOL011W,0.0,1.4774628127112533e-05
turnup,r_3074_ENZ_YOL011W,0.0,1.415840228122833e-05
turnup,r_3075_ENZ_YOL011W,0.0,1.600487075213007e-05
turnup,r_3076_ENZ_YOL011W,0.0,1.3970671456876557e-05
turnup,r_3077_ENZ_YOL011W,0.0,1.686593748000619e-05
turnup,r_3078_ENZ_YOL011W,0.0,1.823054810016606e-05
turnup,r_3079_ENZ_YOL011W,0.0,2.110231315942228e-05
turnup,r_3080_ENZ_YOL011W,0.0,2.5595582456971707e-05
turnup,r_3081_ENZ_YOL011W,0.0,1.4769951275185428e-05
turnup,r_3082_ENZ_YPL268W,0.0,0.0
turnup,r_3083_ENZ_YPL268W,0.0,0.0
turnup,r_3084_ENZ_YPL268W,0.0,0.0
turnup,r_3085_ENZ_YPL268W,0.0,0.0
turnup,r_3086_ENZ_YPL268W,0.0,0.0
turnup,r_3087_ENZ_YPL268W,0.0,0.0
turnup,r_3088_ENZ_YPL268W,0.0,0.0
turnup,r_3089_ENZ_YPL268W,0.0,0.0
turnup,r_3090_ENZ_YPL268W,0.0,0.0
turnup,r_3091_ENZ_YPL268W,0.0,0.0
turnup,r_3092_ENZ_YPL268W,0.0,0.0
turnup,r_3093_ENZ_YPL268W,0.0,0.0
turnup,r_3094_ENZ_YPL268W,0.0,0.0
turnup,r_3095_ENZ_YPL268W,0.0,0.0
turnup,r_3096_ENZ_YPL268W,0.0,0.0
turnup,r_3097_ENZ_YPL268W,0.0,0.0
turnup,r_3098_ENZ_YPL206C,0.0,6.616622411903528e-05
turnup,r_3099_ENZ_YPL206C,0.0,0.0001321163648727
turnup,r_3100_ENZ_YPL206C,0.0,8.773500820700592e-05
turnup,r_3101_ENZ_YPL206C,0.0,6.417913626238086e-05
turnup,r_3102_ENZ_YPL206C,0.0,3.309846269772265e-05
turnup,r_3103_ENZ_YPL206C,0.0,6.912953182016108e-05
turnup,r_3104_ENZ_YKR031C,0.0,5.943299203536867e-05
turnup,r_3105_ENZ_YKR031C,0.0,3.689083310337175e-05
turnup,r_3106_ENZ_YKR031C,0.0,1.0290241478085274e-05
turnup,r_3107_ENZ_YKR031C,0.0,3.7255119527870696e-05
turnup,r_3108_ENZ_YKR031C,0.0,6.026061564548006e-05
turnup,r_3109_ENZ_YKR031C,0.0,3.700557548904638e-05
turnup,r_3110_ENZ_YKR031C,0.0,3.816018332100572e-05
turnup,r_3111_ENZ_YKR031C,0.0,3.599252448550405e-05
turnup,r_3112_ENZ_YNL106C,0.0,0.0001379521136541
turnup,r_3112_ENZ_YOR109W,0.0,0.0001469801685942
turnup,r_3113_ENZ_YNL106C,0.0,0.0001364289486609
turnup,r_3113_ENZ_YOR109W,0.0,0.0001364289487586
turnup,r_3114_ENZ_YNL106C,0.0,0.0001364289475596
turnup,r_3114_ENZ_YOR109W,0.0,0.0001379521136968
turnup,r_3115_ENZ_YNL106C,0.0,0.0001197567953408
turnup,r_3115_ENZ_YOR109W,0.0,0.0001379521123361
turnup,r_3116_ENZ_YNL106C,0.0,7.532372627139239e-05
turnup,r_3116_ENZ_YOR109W,0.0,7.532382627895018e-05
turnup,r_3117_ENZ_YNL106C,0.0,0.0001364289490819
turnup,r_3117_ENZ_YOR109W,0.0,0.0001379521135689
turnup,r_3118_ENZ_YNL106C,0.0,3.17818566202277e-05
turnup,r_3118_ENZ_YOR109W,0.0,2.836201687069696e-05
turnup,r_3119_ENZ_YNL106C,0.0,1.509069586958906e-05
turnup,r_3119_ENZ_YOR109W,0.0,2.134609489356541e-05
turnup,r_3120_ENZ_YJR110W,0.0,0.0001590271659388
turnup,r_3120_ENZ_YNL106C,0.0,0.0001560758138126
turnup,r_3120_ENZ_YOR109W,0.0,0.0001560758138126
turnup,r_3121_ENZ_YJR110W,0.0,0.0001572713060813
turnup,r_3121_ENZ_YNL106C,0.0,0.0001590271648748
turnup,r_3121_ENZ_YOR109W,0.0,0.0001590271649511
turnup,r_3122_ENZ_YJR110W,0.0,8.688326392558565e-05
turnup,r_3122_ENZ_YNL106C,0.0,0.0001572713061648
turnup,r_3122_ENZ_YOR109W,0.0,0.0001572713061648
turnup,r_3123_ENZ_YJR110W,0.0,8.68821656183627e-05
turnup,r_3123_ENZ_YNL106C,0.0,8.688216573427e-05
turnup,r_3123_ENZ_YOR109W,0.0,8.683120354113782e-05
turnup,r_3124_ENZ_YJR110W,0.0,0.0001572713061257
turnup,r_3124_ENZ_YNL106C,0.0,0.0001585234130541
turnup,r_3124_ENZ_YOR109W,0.0,0.0001585234131447
turnup,r_3125_ENZ_YJR110W,0.0,0.0001572713062838
turnup,r_3125_ENZ_YNL106C,0.0,0.0001676785842548
turnup,r_3125_ENZ_YOR109W,0.0,0.0001676785842548
turnup,r_3126_ENZ_YJR110W,0.0,3.52543337953648e-05
turnup,r_3126_ENZ_YNL106C,0.0,3.492817381456348e-05
turnup,r_3126_ENZ_YOR109W,0.0,3.019449810359731e-05
turnup,r_3127_ENZ_YJR110W,0.0,2.4091028413055647e-05
turnup,r_3127_ENZ_YNL106C,0.0,2.398247961717978e-05
turnup,r_3127_ENZ_YOR109W,0.0,2.257776294008064e-05
turnup,r_3128_ENZ_YKL212W,0.0,0.0001449655216916
turnup,r_3129_ENZ_YKL212W,0.0,0.0001449655216873
turnup,r_3130_ENZ_YKL212W,0.0,0.0001449655216873
turnup,r_3131_ENZ_YKL212W,0.0,0.0001449655216873
turnup,r_3132_ENZ_YKL212W,0.0,0.0001449655216873
turnup,r_3133_ENZ_YKL212W,0.0,0.0001449655216873
turnup,r_3134_ENZ_YKL212W,0.0,4.681189830828984e-05
turnup,r_3135_ENZ_YKL212W,0.0,2.8599245415274808e-05
turnup,r_3136_ENZ_YKL212W,0.0,0.000318054328229
turnup,r_3137_ENZ_YKL212W,0.0,9.882327500321252e-05
turnup,r_3138_ENZ_YKL212W,0.0,0.0003180543316823
turnup,r_3139_ENZ_YKL212W,0.0,0.0003180543472858
turnup,r_3140_ENZ_YKL212W,0.0,0.0003180543317498
turnup,r_3141_ENZ_YKL212W,0.0,0.0003170468264279
turnup,r_3142_ENZ_YKL212W,0.0,4.6207788225626e-05
turnup,r_3143_ENZ_YKL212W,0.0,1.5649851675902937e-05
turnup,r_3144_ENZ_YNL106C,0.0,0.0001506458344131
turnup,r_3144_ENZ_YOR109W,0.0,0.0001506504259012
turnup,r_3145_ENZ_YNL106C,0.0,0.0002759042272479
turnup,r_3145_ENZ_YOR109W,0.0,0.0002750302410632
turnup,r_3146_ENZ_YNL106C,0.0,0.0002728578980253
turnup,r_3146_ENZ_YOR109W,0.0,0.0002909140062996
turnup,r_3147_ENZ_YNL106C,0.0,0.0002759042332591
turnup,r_3147_ENZ_YOR109W,0.0,0.0001606186335791
turnup,r_3148_ENZ_YNL106C,0.0,0.0002728578976949
turnup,r_3148_ENZ_YOR109W,0.0,0.0002909140074152
turnup,r_3149_ENZ_YNL106C,0.0,0.000123553913303
turnup,r_3149_ENZ_YOR109W,0.0,0.0001506454586852
turnup,r_3150_ENZ_YNL106C,0.0,8.562841945902733e-05
turnup,r_3150_ENZ_YOR109W,0.0,7.152640860397241e-05
turnup,r_3151_ENZ_YNL106C,0.0,0.0002939603397642
turnup,r_3151_ENZ_YOR109W,0.0,0.000152668974725
turnup,r_3152_ENZ_YNL106C,0.0,0.0001736596036643
turnup,r_3152_ENZ_YOR109W,0.0,0.0003170468229285
turnup,r_3153_ENZ_YNL106C,0.0,0.0003074176293438
turnup,r_3153_ENZ_YOR109W,0.0,0.0003388688904273
turnup,r_3154_ENZ_YNL106C,0.0,0.0001737684229325
turnup,r_3154_ENZ_YOR109W,0.0,0.0003122316334014
turnup,r_3155_ENZ_YNL106C,0.0,0.0001737059916244
turnup,r_3155_ENZ_YOR109W,0.0,0.0001737059916111
turnup,r_3156_ENZ_YNL106C,0.0,0.000317046826094
turnup,r_3156_ENZ_YOR109W,0.0,0.0003180543321334
turnup,r_3157_ENZ_YNL106C,0.0,0.0001737647523079
turnup,r_3157_ENZ_YOR109W,0.0,0.0003145426093844
turnup,r_3158_ENZ_YNL106C,0.0,8.831537106601672e-05
turnup,r_3158_ENZ_YOR109W,0.0,7.349446899951317e-05
turnup,r_3159_ENZ_YNL106C,0.0,0.0001737675640853
turnup,r_3159_ENZ_YOR109W,0.0,0.0003353571661186
turnup,r_3160_ENZ_YKL212W,0.0,0.0001550107258978
turnup,r_3161_ENZ_YKL212W,0.0,0.0003392912249893
turnup,r_3162_ENZ_YKL212W,0.0,0.0003442794112586
turnup,r_3163_ENZ_YKL212W,0.0,0.0003453060565945
turnup,r_3164_ENZ_YKL212W,0.0,0.0003417276338311
turnup,r_3165_ENZ_YKL212W,0.0,0.0003230694633167
turnup,r_3166_ENZ_YKL212W,0.0,0.0001283547025678
turnup,r_3167_ENZ_YKL212W,0.0,0.0003240961008295
turnup,r_3168_ENZ_YKL212W,0.0,0.0003039059094831
turnup,r_3169_ENZ_YKL212W,0.0,9.968388532755056e-05
turnup,r_3170_ENZ_YKL212W,0.0,0.0003039059094902
turnup,r_3171_ENZ_YKL212W,0.0,9.968388532755056e-05
turnup,r_3172_ENZ_YKL212W,0.0,0.0003039059094902
turnup,r_3173_ENZ_YKL212W,0.0,9.968388532755056e-05
turnup,r_3174_ENZ_YKL212W,0.0,0.0001039185875839
turnup,r_3175_ENZ_YKL212W,0.0,0.0003039059094902
turnup,r_3176_ENZ_YNL106C,0.0,7.532280917477152e-05
turnup,r_3176_ENZ_YOR109W,0.0,0.0001333385790083
turnup,r_3177_ENZ_YNL106C,0.0,0.0001375151191869
turnup,r_3177_ENZ_YOR109W,0.0,0.0001333385760862
turnup,r_3178_ENZ_YNL106C,0.0,0.0001364289491032
turnup,r_3178_ENZ_YOR109W,0.0,0.000133791512578
turnup,r_3179_ENZ_YNL106C,0.0,0.0001375151204676
turnup,r_3179_ENZ_YOR109W,0.0,0.0001318154142087
turnup,r_3180_ENZ_YNL106C,0.0,0.0001379521122739
turnup,r_3180_ENZ_YOR109W,0.0,0.00013642894889
turnup,r_3181_ENZ_YNL106C,0.0,0.0001379521135653
turnup,r_3181_ENZ_YOR109W,0.0,0.0001318154112599
turnup,r_3182_ENZ_YNL106C,0.0,2.3733236639955635e-05
turnup,r_3182_ENZ_YOR109W,0.0,1.735300898886294e-05
turnup,r_3183_ENZ_YNL106C,0.0,1.2799592758704872e-05
turnup,r_3183_ENZ_YOR109W,0.0,1.4397284450661672e-05
turnup,r_3184_ENZ_YNL106C,0.0,0.0001590271691789
turnup,r_3184_ENZ_YOR109W,0.0,8.688237637954899e-05
turnup,r_3185_ENZ_YNL106C,0.0,0.0001572713059143
turnup,r_3185_ENZ_YOR109W,0.0,8.320223343361022e-05
turnup,r_3186_ENZ_YNL106C,0.0,8.68297139788865e-05
turnup,r_3186_ENZ_YOR109W,0.0,0.000169434445306
turnup,r_3187_ENZ_YNL106C,0.0,0.0001572713059552
turnup,r_3187_ENZ_YOR109W,0.0,0.0001694344484644
turnup,r_3188_ENZ_YNL106C,0.0,0.0001590271658518
turnup,r_3188_ENZ_YOR109W,0.0,0.000169434445139
turnup,r_3189_ENZ_YNL106C,0.0,0.0001590271651785
turnup,r_3189_ENZ_YOR109W,0.0,0.0001694344443023
turnup,r_3190_ENZ_YNL106C,0.0,3.282112289149097e-05
turnup,r_3190_ENZ_YOR109W,0.0,3.308242742683376e-05
turnup,r_3191_ENZ_YNL106C,0.0,2.409104035462452e-05
turnup,r_3191_ENZ_YOR109W,0.0,2.566762714556239e-05
turnup,r_3192_ENZ_YIL002C,0.0,0.0002759042275677
turnup,r_3192_ENZ_YNL106C,0.0,0.0002759042272479
turnup,r_3192_ENZ_YOR109W,0.0,0.0002759042272479
turnup,r_3193_ENZ_YIL002C,0.0,0.0002759042275535
turnup,r_3193_ENZ_YNL106C,0.0,0.000272857897837
turnup,r_3193_ENZ_YOR109W,0.0,0.0001507786109584
turnup,r_3194_ENZ_YIL002C,0.0,0.0002539079765817
turnup,r_3194_ENZ_YNL106C,0.0,0.0002636308229249
turnup,r_3194_ENZ_YOR109W,0.0,0.0002636052175871
turnup,r_3195_ENZ_YIL002C,0.0,0.0001234794246727
turnup,r_3195_ENZ_YNL106C,0.0,0.0002666771524637
turnup,r_3195_ENZ_YOR109W,0.0,0.0002666771522221
turnup,r_3196_ENZ_YIL002C,0.0,0.0001506443318604
turnup,r_3196_ENZ_YNL106C,0.0,0.0002728578981958
turnup,r_3196_ENZ_YOR109W,0.0,0.0002728578981958
turnup,r_3197_ENZ_YIL002C,0.0,0.0002750302412231
turnup,r_3197_ENZ_YNL106C,0.0,0.0001233184149196
turnup,r_3197_ENZ_YOR109W,0.0,0.0001506444585608
turnup,r_3198_ENZ_YIL002C,0.0,4.861636270514549e-05
turnup,r_3198_ENZ_YNL106C,0.0,6.726198282080986e-05
turnup,r_3198_ENZ_YOR109W,0.0,6.387307115574004e-05
turnup,r_3199_ENZ_YIL002C,0.0,0.0002728578974107
turnup,r_3199_ENZ_YNL106C,0.0,0.0002636308226513
turnup,r_3199_ENZ_YOR109W,0.0,0.0002636308226513
turnup,r_3200_ENZ_YIL002C,0.0,0.0003145426096082
turnup,r_3200_ENZ_YNL106C,0.0,0.0003388689001546
turnup,r_3200_ENZ_YOR109W,0.0,0.0003388689001759
turnup,r_3201_ENZ_YIL002C,0.0,0.000152876022831
turnup,r_3201_ENZ_YNL106C,0.0,0.000303905909984
turnup,r_3201_ENZ_YOR109W,0.0,0.0003039059097815
turnup,r_3202_ENZ_YIL002C,0.0,0.0003145426104893
turnup,r_3202_ENZ_YNL106C,0.0,0.0003145426121484
turnup,r_3202_ENZ_YOR109W,0.0,0.0003145426121484
turnup,r_3203_ENZ_YIL002C,0.0,0.0003145426118358
turnup,r_3203_ENZ_YNL106C,0.0,0.0003145426090647
turnup,r_3203_ENZ_YOR109W,0.0,0.0003145426088622
turnup,r_3204_ENZ_YIL002C,0.0,0.0003145426104964
turnup,r_3204_ENZ_YNL106C,0.0,0.0003145426110293
turnup,r_3204_ENZ_YOR109W,0.0,0.0003145426110293
turnup,r_3205_ENZ_YIL002C,0.0,0.0003170468261153
turnup,r_3205_ENZ_YNL106C,0.0,0.0003180543314726
turnup,r_3205_ENZ_YOR109W,0.0,0.0003180543318208
turnup,r_3206_ENZ_YIL002C,0.0,2.7179303409879905e-05
turnup,r_3206_ENZ_YNL106C,0.0,3.97816527062389e-05
turnup,r_3206_ENZ_YOR109W,0.0,6.170408420658191e-05
turnup,r_3207_ENZ_YIL002C,0.0,0.0003388688889245
turnup,r_3207_ENZ_YNL106C,0.0,0.0003145426106847
turnup,r_3207_ENZ_YOR109W,0.0,0.0003145426103294
turnup,r_3208_ENZ_YOL065C,0.0,0.0001745208013304
turnup,r_3209_ENZ_YOL065C,0.0,0.0003108209394362
turnup,r_3210_ENZ_YOL065C,0.0,0.0003453060539193
turnup,r_3211_ENZ_YOL065C,0.0,0.0003132573526976
turnup,r_3212_ENZ_YOL065C,0.0,0.0003096789179437
turnup,r_3213_ENZ_YOL065C,0.0,0.000345306057202
turnup,r_3214_ENZ_YOL065C,0.0,9.003883496205844e-05
turnup,r_3215_ENZ_YOL065C,0.0,0.0003453060551592
turnup,r_3216_ENZ_YFR019W_and_YNL325C_and_YFR021W_and_YNL054W_and_YLR386W,0.0,0.000222915974021
turnup,r_3217_ENZ_YFR019W_and_YNL325C_and_YFR021W_and_YNL054W_and_YLR386W,0.0,0.000222915974021
turnup,r_3218_ENZ_YFR019W_and_YNL325C_and_YFR021W_and_YNL054W_and_YLR386W,0.0,0.0002229159742341
turnup,r_3219_ENZ_YFR019W_and_YNL325C_and_YFR021W_and_YNL054W_and_YLR386W,0.0,0.0002229159741382
turnup,r_3220_ENZ_YFR019W_and_YNL325C_and_YFR021W_and_YNL054W_and_YLR386W,0.0,0.0002229159739783
turnup,r_3221_ENZ_YFR019W_and_YNL325C_and_YFR021W_and_YNL054W_and_YLR386W,0.0,0.0002229159739854
turnup,r_3222_ENZ_YFR019W_and_YNL325C_and_YFR021W_and_YNL054W_and_YLR386W,0.0,0.0001269976199775
turnup,r_3223_ENZ_YFR019W_and_YNL325C_and_YFR021W_and_YNL054W_and_YLR386W,0.0,0.0001269976199704
turnup,r_3224_ENZ_YDR284C,0.0,0.0002204546998285
turnup,r_3225_ENZ_YDR284C,0.0,0.0002204546995656
turnup,r_3226_ENZ_YDR284C,0.0,0.0002204546995656
turnup,r_3227_ENZ_YDR284C,0.0,0.0002204546995656
turnup,r_3228_ENZ_YDR284C,0.0,0.0001986216724176
turnup,r_3229_ENZ_YDR284C,0.0,0.0002204547000772
turnup,r_3230_ENZ_YDR284C,0.0,0.0002204546995656
turnup,r_3231_ENZ_YDR284C,0.0,0.0002204546995656
turnup,r_3232_ENZ_YDR503C,0.0,0.0003388688878693
turnup,r_3233_ENZ_YDR503C,0.0,0.0003388688878693
turnup,r_3234_ENZ_YDR503C,0.0,0.0003388688878693
turnup,r_3235_ENZ_YDR503C,0.0,0.0003388688878693
turnup,r_3236_ENZ_YDR503C,0.0,0.0002010264672307
turnup,r_3237_ENZ_YDR503C,0.0,0.0003388688878693
turnup,r_3238_ENZ_YDR503C,0.0,0.0003388688878693
turnup,r_3239_ENZ_YDR503C,0.0,0.0003388688878693
turnup,r_3240_ENZ_YER037W,0.0,-0.0
turnup,r_3241_ENZ_YER037W,0.0,-0.0
turnup,r_3242_ENZ_YER037W,0.0,-0.0
turnup,r_3243_ENZ_YER037W,0.0,-0.0
turnup,r_3244_ENZ_YDR284C,0.0,-0.0
turnup,r_3245_ENZ_YDR284C,0.0,-0.0
turnup,r_3246_ENZ_YDR284C,0.0,-0.0
turnup,r_3247_ENZ_YDR284C,0.0,-0.0
turnup,r_3248_ENZ_YDR503C,0.0,-0.0
turnup,r_3249_ENZ_YDR503C,0.0,-0.0
turnup,r_3250_ENZ_YDR503C,0.0,-0.0
turnup,r_3251_ENZ_YDR503C,0.0,-0.0
turnup,r_3252_ENZ_YKL140W,0.0,6.661705679975038e-05
turnup,r_3252_ENZ_YLL012W,0.0,6.257056943622177e-05
turnup,r_3253_ENZ_YKL140W,0.0,3.5699621749412085e-05
turnup,r_3253_ENZ_YLL012W,0.0,3.387081880360992e-05
turnup,r_3254_ENZ_YLL012W,0.0,7.839781430480069e-05
turnup,r_3255_ENZ_YLL012W,0.0,2.2316354644429805e-05
turnup,r_3256_ENZ_YLL012W,0.0,3.993347424755899e-05
turnup,r_3257_ENZ_YLL012W,0.0,2.2366135608571907e-05
turnup,r_3258_ENZ_YLL012W,0.0,6.884609958412394e-05
turnup,r_3259_ENZ_YLL012W,0.0,3.640969704967694e-05
turnup,r_3260_ENZ_YLL012W,0.0,4.029319762000397e-05
turnup,r_3261_ENZ_YLL012W,0.0,2.177677451291478e-05
turnup,r_3262_ENZ_YLR020C,0.0,6.538855409135222e-05
turnup,r_3263_ENZ_YLR020C,0.0,1.976683777168768e-05
turnup,r_3264_ENZ_YBR204C,0.0,0.000164576890081
turnup,r_3264_ENZ_YCR068W,0.0,0.0001975564042966
turnup,r_3264_ENZ_YKR089C,0.0,0.0001645768901107
turnup,r_3264_ENZ_YMR313C,0.0,0.0001530949770171
turnup,r_3264_ENZ_YOR081C,0.0,0.0013456661586126
turnup,r_3265_ENZ_YBR204C,0.0,0.0002478113919022
turnup,r_3265_ENZ_YKR089C,0.0,0.0005275478722209
turnup,r_3265_ENZ_YMR313C,0.0,0.0002218456537399
turnup,r_3265_ENZ_YOR081C,0.0,0.0002095720170807
turnup,r_3266_ENZ_YBR204C,0.0,8.46582555969522e-05
turnup,r_3266_ENZ_YKR089C,0.0,7.965950921584445e-05
turnup,r_3266_ENZ_YMR313C,0.0,8.138597851549759e-05
turnup,r_3266_ENZ_YOR081C,0.0,7.953887450468518e-05
turnup,r_3267_ENZ_YBR204C,0.0,8.557136731708386e-05
turnup,r_3267_ENZ_YKR089C,0.0,8.557136731712768e-05
turnup,r_3267_ENZ_YMR313C,0.0,9.193615344948272e-05
turnup,r_3267_ENZ_YOR081C,0.0,9.193615347365912e-05
turnup,r_3268_ENZ_YBR204C,0.0,0.0002759217317559
turnup,r_3268_ENZ_YKR089C,0.0,0.0005121804990209
turnup,r_3268_ENZ_YMR313C,0.0,0.0002796519337501
turnup,r_3268_ENZ_YOR081C,0.0,0.0005121804998305
turnup,r_3269_ENZ_YBR204C,0.0,0.000281884619047
turnup,r_3269_ENZ_YKR089C,0.0,0.0001996643350989
turnup,r_3269_ENZ_YMR313C,0.0,0.0004328988521164
turnup,r_3269_ENZ_YOR081C,0.0,0.0002128930533762
turnup,r_3270_ENZ_YBR204C,0.0,0.0001332981362675
turnup,r_3270_ENZ_YKR089C,0.0,0.000109342316053
turnup,r_3270_ENZ_YMR313C,0.0,0.0001093472194213
turnup,r_3270_ENZ_YOR081C,0.0,0.0001125711362014
turnup,r_3271_ENZ_YBR204C,0.0,8.235460235754361e-05
turnup,r_3271_ENZ_YKR089C,0.0,0.0001399805688436
turnup,r_3271_ENZ_YMR313C,0.0,7.905802868074735e-05
turnup,r_3271_ENZ_YOR081C,0.0,7.774761290905441e-05
turnup,r_3272_ENZ_YBR204C,0.0,0.0002796582346605
turnup,r_3272_ENZ_YKR089C,0.0,0.0002420894320322
turnup,r_3272_ENZ_YMR313C,0.0,0.0002758015840846
turnup,r_3272_ENZ_YOR081C,0.0,0.0002758015849558
turnup,r_3273_ENZ_YBR204C,0.0,0.0004874037809143
turnup,r_3273_ENZ_YKR089C,0.0,0.0001978450031781
turnup,r_3273_ENZ_YMR313C,0.0,0.0002218508726452
turnup,r_3273_ENZ_YOR081C,0.0,0.0002448231241386
turnup,r_3274_ENZ_YBR204C,0.0,8.63384305700359e-05
turnup,r_3274_ENZ_YKR089C,0.0,7.935162872041139e-05
turnup,r_3274_ENZ_YMR313C,0.0,8.379096769377546e-05
turnup,r_3274_ENZ_YOR081C,0.0,8.111692058232574e-05
turnup,r_3275_ENZ_YBR204C,0.0,8.557153069064803e-05
turnup,r_3275_ENZ_YKR089C,0.0,8.557153069065086e-05
turnup,r_3275_ENZ_YMR313C,0.0,8.557146590562093e-05
turnup,r_3275_ENZ_YOR081C,0.0,8.557146590562345e-05
turnup,r_3276_ENZ_YBR204C,0.0,0.0002797249248923
turnup,r_3276_ENZ_YKR089C,0.0,0.0002758015967559
turnup,r_3276_ENZ_YMR313C,0.0,0.0002758015851855
turnup,r_3276_ENZ_YOR081C,0.0,0.0002758016058673
turnup,r_3277_ENZ_YBR204C,0.0,0.0005598051690225
turnup,r_3277_ENZ_YKR089C,0.0,0.0002868807086993
turnup,r_3277_ENZ_YMR313C,0.0,0.000559805145277
turnup,r_3277_ENZ_YOR081C,0.0,0.0002868807050838
turnup,r_3278_ENZ_YBR204C,0.0,0.0001093423279106
turnup,r_3278_ENZ_YKR089C,0.0,0.0001093423257136
turnup,r_3278_ENZ_YMR313C,0.0,0.000109342325709
turnup,r_3278_ENZ_YOR081C,0.0,0.0001093423257431
turnup,r_3279_ENZ_YBR204C,0.0,8.23330207091892e-05
turnup,r_3279_ENZ_YKR089C,0.0,7.645986527933792e-05
turnup,r_3279_ENZ_YMR313C,0.0,8.375755821469012e-05
turnup,r_3279_ENZ_YOR081C,0.0,7.753340337039171e-05
turnup,r_3280_ENZ_YBR204C,0.0,0.0001301844392579
turnup,r_3280_ENZ_YKR089C,0.0,0.0001355246439828
turnup,r_3280_ENZ_YMR313C,0.0,0.0001468171150135
turnup,r_3280_ENZ_YOR081C,0.0,0.0001393116206433
turnup,r_3281_ENZ_YBR204C,0.0,0.0002868822615944
turnup,r_3281_ENZ_YKR089C,0.0,0.0002868824027473
turnup,r_3281_ENZ_YMR313C,0.0,0.0003271336292756
turnup,r_3281_ENZ_YOR081C,0.0,0.0002868807135425
turnup,r_3282_ENZ_YBR204C,0.0,8.476093381085256e-05
turnup,r_3282_ENZ_YKR089C,0.0,8.476093381085256e-05
turnup,r_3282_ENZ_YMR313C,0.0,8.138620029160201e-05
turnup,r_3282_ENZ_YOR081C,0.0,7.953886433264698e-05
turnup,r_3283_ENZ_YBR204C,0.0,8.557153615523127e-05
turnup,r_3283_ENZ_YKR089C,0.0,8.557153616751232e-05
turnup,r_3283_ENZ_YMR313C,0.0,8.557146620681936e-05
turnup,r_3283_ENZ_YOR081C,0.0,8.557152594953745e-05
turnup,r_3284_ENZ_YBR204C,0.0,0.0002796519324958
turnup,r_3284_ENZ_YKR089C,0.0,0.0002460535429928
turnup,r_3284_ENZ_YMR313C,0.0,0.0005036344333766
turnup,r_3284_ENZ_YOR081C,0.0,0.000228924669893
turnup,r_3285_ENZ_YBR204C,0.0,0.0012340771172559
turnup,r_3285_ENZ_YKR089C,0.0,0.0002868824984449
turnup,r_3285_ENZ_YMR313C,0.0,0.0002868805282553
turnup,r_3285_ENZ_YOR081C,0.0,0.0002868805280857
turnup,r_3286_ENZ_YBR204C,0.0,9.620553450001738e-05
turnup,r_3286_ENZ_YKR089C,0.0,0.0001093423226327
turnup,r_3286_ENZ_YMR313C,0.0,0.0001093423166739
turnup,r_3286_ENZ_YOR081C,0.0,0.0001093423235193
turnup,r_3287_ENZ_YBR204C,0.0,8.242452095381329e-05
turnup,r_3287_ENZ_YKR089C,0.0,8.307164179353602e-05
turnup,r_3287_ENZ_YMR313C,0.0,7.905798878531968e-05
turnup,r_3287_ENZ_YOR081C,0.0,7.774967017737822e-05
turnup,r_3288_ENZ_YBR204C,0.0,0.0001643043889278
turnup,r_3288_ENZ_YKR089C,0.0,0.0001401148306502
turnup,r_3288_ENZ_YMR313C,0.0,0.0001517373454271
turnup,r_3288_ENZ_YOR081C,0.0,0.0002654665153578
turnup,r_3289_ENZ_YBR204C,0.0,0.0002868801549473
turnup,r_3289_ENZ_YKR089C,0.0,0.0002868806803335
turnup,r_3289_ENZ_YMR313C,0.0,0.0002868806816727
turnup,r_3289_ENZ_YOR081C,0.0,0.0005598051455868
turnup,r_3290_ENZ_YBR204C,0.0,8.859201519814145e-05
turnup,r_3290_ENZ_YKR089C,0.0,8.278610931522533e-05
turnup,r_3290_ENZ_YMR313C,0.0,8.399059097910109e-05
turnup,r_3290_ENZ_YOR081C,0.0,0.0001116514155071
turnup,r_3291_ENZ_YBR204C,0.0,8.562511397507995e-05
turnup,r_3291_ENZ_YKR089C,0.0,8.562511397255907e-05
turnup,r_3291_ENZ_YMR313C,0.0,8.557147199283617e-05
turnup,r_3291_ENZ_YOR081C,0.0,8.557147682021005e-05
turnup,r_3292_ENZ_YBR204C,0.0,0.0003174752257796
turnup,r_3292_ENZ_YKR089C,0.0,0.0001415784789863
turnup,r_3292_ENZ_YMR313C,0.0,0.0001510442843035
turnup,r_3292_ENZ_YOR081C,0.0,0.0001454217960198
turnup,r_3293_ENZ_YBR204C,0.0,0.0002868807079752
turnup,r_3293_ENZ_YKR089C,0.0,0.0002544508418431
turnup,r_3293_ENZ_YMR313C,0.0,0.0002544956250541
turnup,r_3293_ENZ_YOR081C,0.0,0.0002900158074789
turnup,r_3294_ENZ_YBR204C,0.0,0.0001093423137227
turnup,r_3294_ENZ_YKR089C,0.0,0.0001093423065503
turnup,r_3294_ENZ_YMR313C,0.0,0.0001093423051403
turnup,r_3294_ENZ_YOR081C,0.0,8.950824297656668e-05
turnup,r_3295_ENZ_YBR204C,0.0,0.0004072713498658
turnup,r_3295_ENZ_YKR089C,0.0,7.646014905119486e-05
turnup,r_3295_ENZ_YMR313C,0.0,7.989913824399397e-05
turnup,r_3295_ENZ_YOR081C,0.0,7.753335391451474e-05
turnup,r_3296_ENZ_YMR313C,0.0,4.041026461482674e-05
turnup,r_3297_ENZ_YCR068W,0.0,4.1890673062298977e-05
turnup,r_3297_ENZ_YMR313C,0.0,4.650179537648869e-05
turnup,r_3298_ENZ_YMR313C,0.0,3.447249049199274e-05
turnup,r_3299_ENZ_YMR313C,0.0,2.6734936749263585e-05
turnup,r_3300_ENZ_YMR313C,0.0,2.734329671790782e-05
turnup,r_3301_ENZ_YMR313C,0.0,2.9971040832544107e-05
turnup,r_3302_ENZ_YMR313C,0.0,2.436004183962632e-05
turnup,r_3303_ENZ_YMR313C,0.0,2.022385869198165e-05
turnup,r_3304_ENZ_YDR058C,0.0,-0.0
turnup,r_3305_ENZ_YDR058C,0.0,-0.0
turnup,r_3306_ENZ_YDR058C,0.0,-0.0
turnup,r_3307_ENZ_YDR058C,0.0,-0.0
turnup,r_3308_ENZ_YKL094W,0.0,4.0410213284216685e-05
turnup,r_3309_ENZ_YKL094W,0.0,8.825984236822006e-05
turnup,r_3310_ENZ_YKL094W,0.0,1.7526795921757387e-05
turnup,r_3311_ENZ_YKL094W,0.0,2.673558538203544e-05
turnup,r_3312_ENZ_YMR313C,0.0,0.0001651081424328
turnup,r_3313_ENZ_YMR313C,0.0,0.0003023912508828
turnup,r_3314_ENZ_YMR313C,0.0,0.0003221807557503
turnup,r_3315_ENZ_YMR313C,0.0,0.0003221807622935
turnup,r_3316_ENZ_YKR089C,0.0,0.0003264093280724
turnup,r_3317_ENZ_YKR089C,0.0,7.762098788586039e-05
turnup,r_3318_ENZ_YKR089C,0.0,0.0001937671972633
turnup,r_3319_ENZ_YKR089C,0.0,0.0003308050636957
turnup,r_3320_ENZ_YKR089C,0.0,0.0002979214276871
turnup,r_3321_ENZ_YKR089C,0.0,7.311708918237944e-05
turnup,r_3322_ENZ_YKR089C,0.0,7.279699471423256e-05
turnup,r_3323_ENZ_YKR089C,0.0,7.279694335806349e-05
turnup,r_3324_ENZ_YKR089C,0.0,0.0002868807145739
turnup,r_3325_ENZ_YKR089C,0.0,0.0002868890530564
turnup,r_3326_ENZ_YKR089C,0.0,0.0002910170593034
turnup,r_3327_ENZ_YKR089C,0.0,0.0005254198755802
turnup,r_3328_ENZ_YKR089C,0.0,8.557173969090053e-05
turnup,r_3329_ENZ_YKR089C,0.0,8.557154340450673e-05
turnup,r_3330_ENZ_YKR089C,0.0,8.557172080733142e-05
turnup,r_3331_ENZ_YKR089C,0.0,8.557362595606761e-05
turnup,r_3332_FWD,0.0,0.0001736626271977
turnup,r_3332_REV,0.0,0.0
turnup,r_3333_FWD,0.0,0.0003180543313519
turnup,r_3333_REV,0.0,0.0
turnup,r_3334_FWD,0.0,0.0003180543313519
turnup,r_3334_REV,0.0,0.0
turnup,r_3335_FWD,0.0,0.0003180543313519
turnup,r_3335_REV,0.0,0.0
turnup,r_3336_FWD,0.0,0.0002010264653655
turnup,r_3336_REV,0.0,0.0
turnup,r_3337_FWD,0.0,0.0003180543313519
turnup,r_3337_REV,0.0,0.0
turnup,r_3338_FWD,0.0,0.0003180543313519
turnup,r_3338_REV,0.0,0.0
turnup,r_3339_FWD,0.0,0.0003180543313519
turnup,r_3339_REV,0.0,0.0
turnup,r_3340_FWD,0.0,0.0002350430755484
turnup,r_3340_REV,0.0,0.0
turnup,r_3341_FWD,0.0,0.0002350430755484
turnup,r_3341_REV,0.0,0.0
turnup,r_3342_FWD,0.0,0.0002350430755484
turnup,r_3342_REV,0.0,0.0
turnup,r_3343_FWD,0.0,0.0002350430755484
turnup,r_3343_REV,0.0,0.0
turnup,r_3344_FWD,0.0,0.0001986216685736
turnup,r_3344_REV,0.0,0.0
turnup,r_3345_FWD,0.0,0.0002350430755413
turnup,r_3345_REV,0.0,0.0
turnup,r_3346_FWD,0.0,0.0002350430755484
turnup,r_3346_REV,0.0,0.0
turnup,r_3347_FWD,0.0,0.0002350430755484
turnup,r_3347_REV,0.0,0.0
turnup,r_3348_ENZ_YDR072C,0.0,0.0
turnup,r_3349_ENZ_YDR072C,0.0,0.0
turnup,r_3350_ENZ_YDR072C,0.0,0.0
turnup,r_3351_ENZ_YDR072C,0.0,0.0
turnup,r_3352_ENZ_YDR072C,0.0,0.0
turnup,r_3353_ENZ_YDR072C,0.0,0.0
turnup,r_3354_ENZ_YDR072C,0.0,0.0
turnup,r_3355_ENZ_YDR072C,0.0,0.0
turnup,r_3356_ENZ_YDR072C,0.0,0.0
turnup,r_3357_ENZ_YDR072C,0.0,0.0
turnup,r_3358_ENZ_YDR072C,0.0,0.0
turnup,r_3359_ENZ_YDR072C,0.0,0.0
turnup,r_3360_ENZ_YDR072C,0.0,0.0
turnup,r_3361_ENZ_YDR072C,0.0,0.0
turnup,r_3362_ENZ_YDR072C,0.0,0.0
turnup,r_3363_ENZ_YDR072C,0.0,0.0
turnup,r_3364_ENZ_YDR072C,0.0,0.0
turnup,r_3365_ENZ_YDR072C,0.0,0.0
turnup,r_3366_ENZ_YDR072C,0.0,0.0
turnup,r_3367_ENZ_YDR072C,0.0,0.0
turnup,r_3368_ENZ_YDR072C,0.0,0.0
turnup,r_3369_ENZ_YDR072C,0.0,0.0
turnup,r_3370_ENZ_YDR072C,0.0,0.0
turnup,r_3371_ENZ_YDR072C,0.0,0.0
turnup,r_3372_ENZ_YDR072C,0.0,0.0
turnup,r_3373_ENZ_YDR072C,0.0,0.0
turnup,r_3374_ENZ_YDR072C,0.0,0.0
turnup,r_3375_ENZ_YDR072C,0.0,0.0
turnup,r_3376_ENZ_YDR072C,0.0,0.0
turnup,r_3377_ENZ_YDR072C,0.0,0.0
turnup,r_3378_ENZ_YDR072C,0.0,0.0
turnup,r_3379_ENZ_YDR072C,0.0,0.0
turnup,r_3380_ENZ_YDR072C,0.0,0.0
turnup,r_3381_ENZ_YDR072C,0.0,0.0
turnup,r_3382_ENZ_YDR072C,0.0,0.0
turnup,r_3383_ENZ_YDR072C,0.0,0.0
turnup,r_3384_ENZ_YDR072C,0.0,0.0
turnup,r_3385_ENZ_YDR072C,0.0,0.0
turnup,r_3386_ENZ_YDR072C,0.0,0.0
turnup,r_3387_ENZ_YDR072C,0.0,0.0
turnup,r_3388_ENZ_YDR072C,0.0,0.0
turnup,r_3389_ENZ_YDR072C,0.0,0.0
turnup,r_3390_ENZ_YDR072C,0.0,0.0
turnup,r_3391_ENZ_YDR072C,0.0,0.0
turnup,r_3392_ENZ_YDR072C,0.0,0.0
turnup,r_3393_ENZ_YDR072C,0.0,0.0
turnup,r_3394_ENZ_YDR072C,0.0,0.0
turnup,r_3395_ENZ_YDR072C,0.0,0.0
turnup,r_3396_ENZ_YDR072C,0.0,0.0
turnup,r_3397_ENZ_YDR072C,0.0,0.0
turnup,r_3398_ENZ_YDR072C,0.0,0.0
turnup,r_3399_ENZ_YDR072C,0.0,0.0
turnup,r_3400_ENZ_YDR072C,0.0,0.0
turnup,r_3401_ENZ_YDR072C,0.0,0.0
turnup,r_3402_ENZ_YDR072C,0.0,0.0
turnup,r_3403_ENZ_YDR072C,0.0,0.0
turnup,r_3404_ENZ_YDR072C,0.0,0.0
turnup,r_3405_ENZ_YDR072C,0.0,0.0
turnup,r_3406_ENZ_YDR072C,0.0,0.0
turnup,r_3407_ENZ_YDR072C,0.0,0.0
turnup,r_3408_ENZ_YDR072C,0.0,0.0
turnup,r_3409_ENZ_YDR072C,0.0,0.0
turnup,r_3410_ENZ_YDR072C,0.0,0.0
turnup,r_3411_ENZ_YDR072C,0.0,0.0
turnup,r_3412_ENZ_YDR072C,0.0,0.0
turnup,r_3413_ENZ_YDR072C,0.0,0.0
turnup,r_3414_ENZ_YDR072C,0.0,0.0
turnup,r_3415_ENZ_YDR072C,0.0,0.0
turnup,r_3416_ENZ_YDR072C,0.0,0.0
turnup,r_3417_ENZ_YDR072C,0.0,0.0
turnup,r_3418_ENZ_YDR072C,0.0,0.0
turnup,r_3419_ENZ_YDR072C,0.0,0.0
turnup,r_3420_ENZ_YDR072C,0.0,0.0
turnup,r_3421_ENZ_YDR072C,0.0,0.0
turnup,r_3422_ENZ_YDR072C,0.0,0.0
turnup,r_3423_ENZ_YDR072C,0.0,0.0
turnup,r_3424_ENZ_YDR072C,0.0,0.0
turnup,r_3425_ENZ_YDR072C,0.0,0.0
turnup,r_3426_ENZ_YDR072C,0.0,0.0
turnup,r_3427_ENZ_YDR072C,0.0,0.0
turnup,r_3428_ENZ_YDR367W_and_YKL004W,0.0,7.043511479266521e-05
turnup,r_3429_ENZ_YDR367W_and_YKL004W,0.0,8.351287177353096e-05
turnup,r_3430_ENZ_YDR367W_and_YKL004W,0.0,6.045661388526869e-05
turnup,r_3431_ENZ_YDR367W_and_YKL004W,0.0,2.8860704265534933e-05
turnup,r_3432_ENZ_YDR367W_and_YKL004W,0.0,2.580510547289805e-05
turnup,r_3433_ENZ_YDR367W_and_YKL004W,0.0,2.952951440788685e-05
turnup,r_3434_ENZ_YDR367W_and_YKL004W,0.0,2.7578473144274085e-05
turnup,r_3435_ENZ_YDR367W_and_YKL004W,0.0,2.4605921165488095e-05
turnup,r_3436_ENZ_YDR367W_and_YKL004W,0.0,6.769019376258345e-05
turnup,r_3437_ENZ_YDR367W_and_YKL004W,0.0,8.627639789813082e-05
turnup,r_3438_ENZ_YDR367W_and_YKL004W,0.0,3.360600704979801e-05
turnup,r_3439_ENZ_YDR367W_and_YKL004W,0.0,2.928752572906035e-05
turnup,r_3440_ENZ_YDR367W_and_YKL004W,0.0,3.289893380298281e-05
turnup,r_3441_ENZ_YDR367W_and_YKL004W,0.0,3.0115447634636585e-05
turnup,r_3442_ENZ_YDR367W_and_YKL004W,0.0,4.694469741149604e-05
turnup,r_3443_ENZ_YDR367W_and_YKL004W,0.0,2.4929275468821288e-05
turnup,r_3444_ENZ_YDR367W_and_YKL004W,0.0,6.349484525165414e-05
turnup,r_3445_ENZ_YDR367W_and_YKL004W,0.0,7.967558511568894e-05
turnup,r_3446_ENZ_YDR367W_and_YKL004W,0.0,3.2857757732579726e-05
turnup,r_3447_ENZ_YDR367W_and_YKL004W,0.0,3.6047501481562e-05
turnup,r_3448_ENZ_YDR367W_and_YKL004W,0.0,2.562343902390296e-05
turnup,r_3449_ENZ_YDR367W_and_YKL004W,0.0,5.205232860623181e-05
turnup,r_3450_ENZ_YDR367W_and_YKL004W,0.0,2.751750897067812e-05
turnup,r_3451_ENZ_YDR367W_and_YKL004W,0.0,4.445364353404501e-05
turnup,r_3452_ENZ_YDR367W_and_YKL004W,0.0,6.86646001170528e-05
turnup,r_3453_ENZ_YDR367W_and_YKL004W,0.0,4.784021352633068e-05
turnup,r_3454_ENZ_YDR367W_and_YKL004W,0.0,2.994025989744136e-05
turnup,r_3455_ENZ_YDR367W_and_YKL004W,0.0,5.182374932068465e-05
turnup,r_3456_ENZ_YDR367W_and_YKL004W,0.0,2.6445737610458764e-05
turnup,r_3457_ENZ_YDR367W_and_YKL004W,0.0,2.7316277419093225e-05
turnup,r_3458_ENZ_YDR367W_and_YKL004W,0.0,2.832181337065338e-05
turnup,r_3459_ENZ_YDR367W_and_YKL004W,0.0,2.519552738533548e-05
turnup,r_3460_ENZ_YDR367W_and_YKL004W,0.0,6.715485315791349e-05
turnup,r_3461_ENZ_YDR367W_and_YKL004W,0.0,9.068797047989512e-05
turnup,r_3462_ENZ_YDR367W_and_YKL004W,0.0,6.260291756418042e-05
turnup,r_3463_ENZ_YDR367W_and_YKL004W,0.0,3.0043096133525186e-05
turnup,r_3464_ENZ_YDR367W_and_YKL004W,0.0,2.673922950435781e-05
turnup,r_3465_ENZ_YDR367W_and_YKL004W,0.0,2.766718815764324e-05
turnup,r_3466_ENZ_YDR367W_and_YKL004W,0.0,2.8618035827321364e-05
turnup,r_3467_ENZ_YDR367W_and_YKL004W,0.0,4.6059078044104186e-05
turnup,r_3468_ENZ_YDR367W_and_YKL004W,0.0,7.164378829367729e-05
turnup,r_3469_ENZ_YDR367W_and_YKL004W,0.0,5.063547846617666e-05
turnup,r_3470_ENZ_YDR367W_and_YKL004W,0.0,6.828548451221027e-05
turnup,r_3471_ENZ_YDR367W_and_YKL004W,0.0,5.572696285807101e-05
turnup,r_3472_ENZ_YDR367W_and_YKL004W,0.0,4.9586854588254006e-05
turnup,r_3473_ENZ_YDR367W_and_YKL004W,0.0,3.133841915663935e-05
turnup,r_3474_ENZ_YDR367W_and_YKL004W,0.0,2.8983832221351064e-05
turnup,r_3475_ENZ_YDR367W_and_YKL004W,0.0,2.5718529826690472e-05
turnup,r_3476_ENZ_YDR367W_and_YKL004W,0.0,6.784909222306308e-05
turnup,r_3477_ENZ_YDR367W_and_YKL004W,0.0,9.068797042937304e-05
turnup,r_3478_ENZ_YDR367W_and_YKL004W,0.0,6.316799740180946e-05
turnup,r_3479_ENZ_YDR367W_and_YKL004W,0.0,3.097440202282087e-05
turnup,r_3480_ENZ_YDR367W_and_YKL004W,0.0,0.0003972424809503
turnup,r_3481_ENZ_YDR367W_and_YKL004W,0.0,6.034563852017594e-05
turnup,r_3482_ENZ_YDR367W_and_YKL004W,0.0,5.294019387446435e-05
turnup,r_3483_ENZ_YDR367W_and_YKL004W,0.0,4.647098651170277e-05
turnup,r_3484_ENZ_YDR367W_and_YKL004W,0.0,7.38257854637492e-05
turnup,r_3485_ENZ_YDR367W_and_YKL004W,0.0,9.470704934704843e-05
turnup,r_3486_ENZ_YDR367W_and_YKL004W,0.0,6.584117455037568e-05
turnup,r_3487_ENZ_YDR367W_and_YKL004W,0.0,3.107717617467648e-05
turnup,r_3488_ENZ_YDR367W_and_YKL004W,0.0,5.0124221016106366e-05
turnup,r_3489_ENZ_YDR367W_and_YKL004W,0.0,5.663761109831179e-05
turnup,r_3490_ENZ_YDR367W_and_YKL004W,0.0,4.370212367099669e-05
turnup,r_3491_ENZ_YDR367W_and_YKL004W,0.0,2.9388113297711294e-05
turnup,r_3492_ENZ_YDR367W_and_YKL004W,0.0,3.803704682958652e-05
turnup,r_3493_ENZ_YDR367W_and_YKL004W,0.0,8.96637763797975e-05
turnup,r_3494_ENZ_YDR367W_and_YKL004W,0.0,3.431097935339184e-05
turnup,r_3495_ENZ_YDR367W_and_YKL004W,0.0,5.461041480889653e-05
turnup,r_3496_ENZ_YDR367W_and_YKL004W,0.0,4.81344594368583e-05
turnup,r_3497_ENZ_YDR367W_and_YKL004W,0.0,3.056488731814307e-05
turnup,r_3498_ENZ_YDR367W_and_YKL004W,0.0,5.190344435483439e-05
turnup,r_3499_ENZ_YDR367W_and_YKL004W,0.0,4.579046338015766e-05
turnup,r_3500_ENZ_YDR367W_and_YKL004W,0.0,7.167128083730712e-05
turnup,r_3501_ENZ_YDR367W_and_YKL004W,0.0,2.9118256816425617e-05
turnup,r_3502_ENZ_YDR367W_and_YKL004W,0.0,6.476181764063929e-05
turnup,r_3503_ENZ_YDR367W_and_YKL004W,0.0,5.608700562476098e-05
turnup,r_3504_ENZ_YDR367W_and_YKL004W,0.0,4.9478714711244536e-05
turnup,r_3505_ENZ_YDR367W_and_YKL004W,0.0,5.517225854696691e-05
turnup,r_3506_ENZ_YDR367W_and_YKL004W,0.0,4.585276432420111e-05
turnup,r_3507_ENZ_YDR367W_and_YKL004W,0.0,4.577498088365953e-05
turnup,r_3508_FWD,0.0,1.0067819479734254e-05
turnup,r_3508_REV,0.0,0.0
turnup,r_3509_FWD,0.0,1.0528887412993515e-05
turnup,r_3509_REV,0.0,6.1577863609475285e-06
turnup,r_3510_FWD,0.0,6.455984406823858e-05
turnup,r_3510_REV,0.0,0.0031117101816817
turnup,r_3511_FWD,0.0,3.4787984860276764e-05
turnup,r_3511_REV,0.0,0.0036334280869042
turnup,r_3512_FWD,0.0,6.371356475884022e-05
turnup,r_3512_REV,0.0,0.0001766840267867
turnup,r_3513_FWD,0.0,6.765277104884331e-05
turnup,r_3513_REV,0.0,0.0001564301609548
turnup,r_3514_FWD,0.0,0.0001004804424019
turnup,r_3514_REV,0.0,0.0
turnup,r_3515_FWD,0.0,2.6909981100283263e-05
turnup,r_3515_REV,0.0,2.691088821459381e-05
turnup,r_3516_FWD,0.0,3.450385134391833e-05
turnup,r_3516_REV,0.0,3.4504923657634624e-05
turnup,r_3517_FWD,0.0721060852944649,0.0770264990459588
turnup,r_3517_REV,0.0,0.0
turnup,r_3518_FWD,0.0,6.37135647593769e-05
turnup,r_3518_REV,0.0,0.018999728468317
turnup,r_3519_FWD,0.0228672720227284,0.0239547474027962
turnup,r_3519_REV,0.0,0.0
turnup,r_3520_FWD,0.0,6.765277247020376e-05
turnup,r_3520_REV,0.0,0.0127338283485951
turnup,r_3521_FWD,0.0,0.0
turnup,r_3521_REV,0.0,1.5347909819311226e-05
turnup,r_3522_FWD,0.0,0.0
turnup,r_3522_REV,0.0,5.987810938629015e-06
turnup,r_3523_FWD,0.0,3.7990323016450326e-05
turnup,r_3523_REV,0.0,3.742388389094112e-05
turnup,r_3524_FWD,0.0,3.667270473561553e-05
turnup,r_3524_REV,0.0,2.6843888599053524e-05
turnup,r_3525_FWD,0.0,0.0220834750745812
turnup,r_3525_REV,0.0,0.0223430411592138
turnup,r_3526_ENZ_YLL052C_FWD,0.0,0.0090888962613906
turnup,r_3526_ENZ_YLL052C_REV,0.1524905500172406,0.1615987661427108
turnup,r_3526_ENZ_YPR192W_FWD,0.0,0.0026027707949906
turnup,r_3526_ENZ_YPR192W_REV,0.0,0.0
turnup,r_3527_FWD,0.0,0.0
turnup,r_3527_REV,0.0,0.0001132832523262
turnup,r_3528_FWD,0.0,0.0
turnup,r_3528_REV,0.0665874471045271,0.1009320102310297
turnup,r_3529_FWD,0.0085076292998948,0.0236038570139953
turnup,r_3529_REV,0.0,0.0
turnup,r_3530_FWD,0.0,0.0
turnup,r_3530_REV,0.0085076293018743,0.0236038570139953
turnup,r_3531_FWD,0.0765340714155225,0.0765408457951118
turnup,r_3531_REV,0.0,0.0
turnup,r_3532_FWD,0.144763567269227,0.1447662418556629
turnup,r_3532_REV,0.0,0.0
turnup,r_3533_FWD,0.0,0.0
turnup,r_3533_REV,0.144763567269227,0.1447644943991073
turnup,r_3534_FWD,0.0188688718030839,0.0211298088208666
turnup,r_3534_REV,0.0,0.0
turnup,r_3535_FWD,0.0084848480735402,0.0235973924836767
turnup,r_3535_REV,0.0,0.0
turnup,r_3536_FWD,0.0,0.0
turnup,r_3536_REV,0.0339047670468315,0.037616475985897
turnup,r_3537_FWD,0.0,0.0
turnup,r_3537_REV,0.0,0.0001594724596216
turnup,r_3538_FWD,0.0375705926360063,0.0376573555027242
turnup,r_3538_REV,0.0,0.0
turnup,r_3539_FWD,0.0,0.0
turnup,r_3539_REV,0.0,0.0001603949916129
turnup,r_3540_FWD,0.0,0.0
turnup,r_3540_REV,0.0375686260324159,0.0376209923508531
turnup,r_3541_FWD,0.0,0.0
turnup,r_3541_REV,0.0,0.0
turnup,r_3542_FWD,0.0,5.62995691502266e-05
turnup,r_3542_REV,0.0,0.0
turnup,r_3543_FWD,0.0,5.453748425709483e-05
turnup,r_3543_REV,0.0,0.0036643811818202
turnup,r_3544_FWD,0.0,0.003634356551362
turnup,r_3544_REV,0.0,3.747956907347062e-05
turnup,r_3545_ENZ_YKR039W_FWD,0.0322897122161612,0.0323578050801845
turnup,r_3545_ENZ_YKR039W_REV,0.0,0.0
turnup,r_3546_FWD,0.0052066223596882,0.005375594242235
turnup,r_3546_REV,0.0,0.0
turnup,r_3547_FWD,0.0637236227328734,0.0637848113717301
turnup,r_3547_REV,0.0,0.0
turnup,r_3548_FWD,0.0,0.0
turnup,r_3548_REV,0.0637128188997575,0.0637815031685144
turnup,r_3549_FWD,0.0,0.0
turnup,r_3549_REV,0.0,0.0
turnup,r_3550_FWD,0.0,0.0
turnup,r_3550_REV,0.0,0.0
turnup,r_3551_FWD,0.0,0.0
turnup,r_3551_REV,0.0,0.0
turnup,r_3552_FWD,0.0,999.9836127705496
turnup,r_3552_REV,0.0,999.9936511239582
turnup,r_3553_FWD,0.0,3.424656027850061e-05
turnup,r_3553_REV,0.0,9.999949666102444e-05
turnup,r_3554_FWD,0.0,0.000247811189702
turnup,r_3554_REV,0.0,0.0005099191169802
turnup,r_3555_FWD,0.0,0.0004950997554219
turnup,r_3555_REV,0.0,0.0049663621446883
turnup,r_3556_FWD,0.0,0.0002758014396477
turnup,r_3556_REV,0.0,0.000487151210811
turnup,r_3557_FWD,0.0,0.0004796937423328
turnup,r_3557_REV,0.0,0.0047376557351013
turnup,r_3558_FWD,0.0,0.0002829306696802
turnup,r_3558_REV,0.0,0.0044686877642808
turnup,r_3559_FWD,0.0,0.0002868807156304
turnup,r_3559_REV,0.0,0.0046007143086579
turnup,r_3560_FWD,0.0,0.0002868874804764
turnup,r_3560_REV,0.0,0.004722809856667
turnup,r_3561_FWD,0.0,0.0003174519263328
turnup,r_3561_REV,0.0,0.0044633280096625
turnup,r_3562_FWD,0.0,0.0003074176291768
turnup,r_3562_REV,0.0,0.0009739177892401
turnup,r_3563_FWD,0.0,0.0
turnup,r_3563_REV,0.003236320796876,0.0052808949170805
turnup,r_3564_FWD,0.0,0.0001421577492024
turnup,r_3564_REV,0.0,0.0010885377554292
turnup,r_3565_FWD,0.0,0.0003388688886261
turnup,r_3565_REV,0.0,0.0001026777419012
turnup,r_3566_FWD,0.0,0.0003267150413925
turnup,r_3566_REV,0.0,0.000154340000669
turnup,r_3567_FWD,0.0,0.0001736584090394
turnup,r_3567_REV,0.0,0.0003984831014717
turnup,r_3568_FWD,0.0,8.532886027623476e-05
turnup,r_3568_REV,0.0,0.0001164024323941
turnup,r_3569_FWD,0.0,0.0003145426086454
turnup,r_3569_REV,0.0,4.5914899638181165e-05
turnup,r_3570_FWD,0.0,1.0746056445027356e-05
turnup,r_3570_REV,0.0,0.0
turnup,r_3571_FWD,0.0,3.5250709813128443e-05
turnup,r_3571_REV,0.0,0.0031690015492105
turnup,r_3572_FWD,0.0,1.7156911755158728e-05
turnup,r_3572_REV,0.0,0.0036331375029623
turnup,r_3573_FWD,0.0,3.478775486609271e-05
turnup,r_3573_REV,0.0,0.0001767305204524
turnup,r_3574_FWD,0.0,3.971154185433007e-05
turnup,r_3574_REV,0.0,8.557153084559986e-05
turnup,r_3575_FWD,0.0,2.6927801599993297e-05
turnup,r_3575_REV,0.0,4.912931130282018e-05
turnup,r_3576_FWD,0.0,3.45037391982398e-05
turnup,r_3576_REV,0.0,3.4503736061318204e-05
turnup,r_3577_FWD,0.0,0.0048657729094178
turnup,r_3577_REV,0.0,3.524993392675605e-05
turnup,r_3578_FWD,0.0,0.0178935154427551
turnup,r_3578_REV,0.0,3.478778014905223e-05
turnup,r_3579_FWD,0.0,0.0013098713173796
turnup,r_3579_REV,0.0,6.070691053819921e-05
turnup,r_3580_FWD,0.0,0.0127293391473587
turnup,r_3580_REV,0.0,6.84101545138451e-05
turnup,r_3581_FWD,0.0,0.0008329669641925
turnup,r_3581_REV,0.0,0.0
turnup,r_3582_FWD,0.0,0.0124343950149567
turnup,r_3582_REV,0.0,0.0
turnup,r_3583_FWD,0.0,0.0124343950149567
turnup,r_3583_REV,0.0,0.0
turnup,r_3584_FWD,0.0,0.0
turnup,r_3584_REV,0.0,0.0124343950149567
turnup,r_3585_FWD,0.0,6.859672366665154e-05
turnup,r_3585_REV,0.0,0.003670969784058
turnup,r_3586_FWD,0.0,0.0036709697841369
turnup,r_3586_REV,0.0,7.286863351102068e-05
turnup,r_3587_FWD,0.0,0.0036335824741719
turnup,r_3587_REV,0.0,7.232853291551985e-05
turnup,r_3588_FWD,0.0,0.0005170227518738
turnup,r_3588_REV,0.0,0.0002478113880111
turnup,r_3589_FWD,0.0,0.0050224763140658
turnup,r_3589_REV,0.0,0.0002796525819319
turnup,r_3590_FWD,0.0,0.0006054296172533
turnup,r_3590_REV,0.0,0.0002758016386822
turnup,r_3591_FWD,0.0,0.0045205934389078
turnup,r_3591_REV,0.0,0.0002868809872045
turnup,r_3592_FWD,0.0,0.0047369196446799
turnup,r_3592_REV,0.0,0.0002868807210655
turnup,r_3593_FWD,0.0,0.0045356578863994
turnup,r_3593_REV,0.0,0.0002868841954461
turnup,r_3594_FWD,0.0,0.0047302856626368
turnup,r_3594_REV,0.0,0.0002868805218652
turnup,r_3595_FWD,0.0,0.0045024980928221
turnup,r_3595_REV,0.0,0.00028688072441
turnup,r_3596_FWD,0.0,0.0002829306570238
turnup,r_3596_REV,0.0,0.0
turnup,r_3597_FWD,0.0,4.570370868325013e-05
turnup,r_3597_REV,0.0,0.0
turnup,r_3598_FWD,0.0,0.0
turnup,r_3598_REV,0.0,0.0
turnup,r_3599_FWD,0.0,3.70107101074827e-05
turnup,r_3599_REV,0.0,2.043372965258344e-05
turnup,r_3600_FWD,0.0,2.004196284054426e-05
turnup,r_3600_REV,0.0,3.667267002991141e-05
turnup,r_3601_FWD,0.0,0.0001769577603314
turnup,r_3601_REV,0.0,0.0
turnup,r_3602_FWD,0.0,0.0
turnup,r_3602_REV,0.0,0.0003417276292587
turnup,r_3603_FWD,0.0,0.0001769572378726
turnup,r_3603_REV,0.0,0.0003012966745004
turnup,r_3604_ENZ_YLL052C_FWD,0.0,0.0002939603368723
turnup,r_3604_ENZ_YLL052C_REV,0.0,0.0
turnup,r_3604_ENZ_YLL053C_FWD,0.0,0.0001447303084312
turnup,r_3604_ENZ_YLL053C_REV,0.0,0.0
turnup,r_3604_ENZ_YPR192W_FWD,0.0,0.0001403126659198
turnup,r_3604_ENZ_YPR192W_REV,0.0,0.0
turnup,r_3605_ENZ_YCR037C_FWD,0.0,0.0
turnup,r_3605_ENZ_YCR037C_REV,0.0,0.0001403126659198
turnup,r_3605_ENZ_YJL198W_FWD,0.0,0.0
turnup,r_3605_ENZ_YJL198W_REV,0.0,0.0001163542011006
turnup,r_3605_ENZ_YML123C_FWD,0.0,0.0
turnup,r_3605_ENZ_YML123C_REV,0.0,0.000278488251542
turnup,r_3606_ENZ_YCR098C_FWD,0.0,2.8041550106183125e-05
turnup,r_3606_ENZ_YCR098C_REV,0.0,0.0
turnup,r_3607_ENZ_YCR098C_FWD,0.0,1.9702746529743e-05
turnup,r_3607_ENZ_YCR098C_REV,0.0,0.0
turnup,r_3608_FWD,0.0,2.620057905318735e-05
turnup,r_3608_REV,0.0,0.0
turnup,r_3609_FWD,0.0,0.0001006943774662
turnup,r_3609_REV,0.0,0.0
turnup,r_3610_FWD,0.0,1.7060907855370635e-05
turnup,r_3610_REV,0.0,0.0
turnup,r_3611_FWD,0.0,2.3375999067564896e-05
turnup,r_3611_REV,0.0,0.0
turnup,r_3612_FWD,0.0,0.0
turnup,r_3612_REV,0.0,0.0
turnup,r_3613_FWD,0.0,0.0
turnup,r_3613_REV,0.0,0.0
turnup,r_3614_FWD,0.0,1.0635938023228916e-05
turnup,r_3614_REV,0.0,1.078890769445648e-05
turnup,r_3615_FWD,0.0,1.9541438101747478e-05
turnup,r_3615_REV,0.0,1.0640966023834612e-05
turnup,r_3616_FWD,0.0,0.0003064101239154
turnup,r_3616_REV,0.0,0.0001726530269205
turnup,r_3617_FWD,0.0,0.0001736639928291
turnup,r_3617_REV,0.0,0.0001620480519193
turnup,r_3618_FWD,0.0,0.0003170468263036
turnup,r_3618_REV,0.0,0.0001726530269436
turnup,r_3619_FWD,0.0,0.000323219157849
turnup,r_3619_REV,0.0,0.0001726530284642
turnup,r_3620_FWD,0.0,0.0003180543280763
turnup,r_3620_REV,0.0,8.856216409292017e-05
turnup,r_3621_FWD,0.0,0.0003180543320517
turnup,r_3621_REV,0.0,0.0001726530285068
turnup,r_3622_FWD,0.0,3.978134307303094e-05
turnup,r_3622_REV,0.0,2.772713435739149e-05
turnup,r_3623_FWD,0.0,0.0001736584013691
turnup,r_3623_REV,0.0,8.847914936360723e-05
turnup,r_3624_FWD,0.0,0.0003145426187067
turnup,r_3624_REV,0.0,0.0002021884940717
turnup,r_3625_FWD,0.0,0.0003388688904664
turnup,r_3625_REV,0.0,0.0001736584188414
turnup,r_3626_FWD,0.0,0.0001421577550431
turnup,r_3626_REV,0.0,0.0001736584175162
turnup,r_3627_FWD,0.0,0.0003353571777111
turnup,r_3627_REV,0.0,0.0001736585421738
turnup,r_3628_FWD,0.0,0.0003156633536463
turnup,r_3628_REV,0.0,0.0003145426091109
turnup,r_3629_FWD,0.0,0.0003388688873116
turnup,r_3629_REV,0.0,0.0002792610067052
turnup,r_3630_FWD,0.0,4.875922617486594e-05
turnup,r_3630_REV,0.0,3.977994587955891e-05
turnup,r_3631_FWD,0.0,0.0003074176273152
turnup,r_3631_REV,0.0,0.000318054330183
turnup,r_3632_FWD,0.0,8.853538715092313e-05
turnup,r_3632_REV,0.0,0.0
turnup,r_3633_FWD,0.0,8.84786163215523e-05
turnup,r_3633_REV,0.0,0.0
turnup,r_3634_FWD,0.0,0.0001548394579753
turnup,r_3634_REV,0.0,0.0
turnup,r_3635_FWD,0.0,8.853508097317331e-05
turnup,r_3635_REV,0.0,0.0
turnup,r_3636_FWD,0.0,8.848179458631478e-05
turnup,r_3636_REV,0.0,0.0
turnup,r_3637_FWD,0.0,8.84786195811671e-05
turnup,r_3637_REV,0.0,0.0
turnup,r_3638_FWD,0.0,4.6747154869741785e-05
turnup,r_3638_REV,0.0,0.0
turnup,r_3639_FWD,0.0,8.847862235761284e-05
turnup,r_3639_REV,0.0,0.0
turnup,r_3640_FWD,0.0,0.0
turnup,r_3640_REV,0.0,0.0
turnup,r_3641_FWD,0.0,0.0
turnup,r_3641_REV,0.0,0.0
turnup,r_3642_FWD,0.0,0.0
turnup,r_3642_REV,0.0,0.0
turnup,r_3643_FWD,0.0,0.0
turnup,r_3643_REV,0.0,0.0
turnup,r_3644_FWD,0.0,0.0
turnup,r_3644_REV,0.0,0.0
turnup,r_3645_FWD,0.0,0.0
turnup,r_3645_REV,0.0,0.0
turnup,r_3646_FWD,0.0,0.0
turnup,r_3646_REV,0.0,0.0
turnup,r_3647_FWD,0.0,0.0
turnup,r_3647_REV,0.0,0.0
turnup,r_3648_FWD,0.0,0.0001217138194995
turnup,r_3648_REV,0.0,0.0
turnup,r_3649_ENZ_YNR013C_FWD,0.0,0.0
turnup,r_3649_ENZ_YNR013C_REV,0.0,0.0001217717511607
turnup,r_3650_FWD,0.0,0.0001449702262448
turnup,r_3650_REV,0.0,0.0002229159703119
turnup,r_3651_FWD,0.0,0.0002256778385305
turnup,r_3651_REV,0.0,0.0
turnup,r_3652_FWD,0.0,0.0
turnup,r_3652_REV,0.0,0.0003132573453825
turnup,r_3653_FWD,0.0,0.0
turnup,r_3653_REV,0.0,0.0274736582368666
turnup,r_3654_FWD,0.0,0.0001676785856251
turnup,r_3654_REV,0.0,0.0
turnup,r_3655_FWD,0.0,8.685222254456448e-05
turnup,r_3655_REV,0.0,0.0
turnup,r_3656_FWD,0.0,0.0001572713061683
turnup,r_3656_REV,0.0,0.0
turnup,r_3657_FWD,0.0,0.0001590271660436
turnup,r_3657_REV,0.0,0.0
turnup,r_3658_FWD,0.0,8.567393988612171e-05
turnup,r_3658_REV,0.0,0.0
turnup,r_3659_FWD,0.0,0.0001525199363356
turnup,r_3659_REV,0.0,0.0
turnup,r_3660_FWD,0.0,3.0112796343573223e-05
turnup,r_3660_REV,0.0,0.0
turnup,r_3661_FWD,0.0,2.3825033194313505e-05
turnup,r_3661_REV,0.0,0.0
turnup,r_3662_FWD,0.0049716529568621,0.0055816592817665
turnup,r_3662_REV,0.0,0.0
turnup,r_3663_FWD,0.0,0.0
turnup,r_3663_REV,0.0049716529568621,0.0055816592817665
turnup,r_3664_FWD,0.0,0.0
turnup,r_3664_REV,0.0098828242422665,0.0111705872527293
turnup,r_3665_FWD,0.0,0.0
turnup,r_3665_REV,0.0,0.0002874531119411
turnup,r_3666_FWD,0.0,0.0001422071458527
turnup,r_3666_REV,0.0,0.0
turnup,r_3667_FWD,0.0,0.0
turnup,r_3667_REV,0.0,0.0003388688878764
turnup,r_3668_FWD,0.0,0.0001443178968654
turnup,r_3668_REV,0.0,0.0
turnup,r_3669_FWD,0.0,0.0
turnup,r_3669_REV,0.0,0.0274725206913543
turnup,r_3670_FWD,0.0,0.0
turnup,r_3670_REV,0.0,0.0
turnup,r_3671_FWD,0.0,0.0
turnup,r_3671_REV,0.0,0.0
turnup,r_3672_FWD,0.0,0.0001277756433436
turnup,r_3672_REV,0.0,0.0
turnup,r_3673_FWD,0.0,7.218019480652461e-05
turnup,r_3673_REV,0.0,0.0
turnup,r_3674_FWD,0.0,4.496111284556157e-05
turnup,r_3674_REV,0.0,0.0
turnup,r_3675_FWD,0.0,3.667369741754875e-05
turnup,r_3675_REV,0.0,0.0
turnup,r_3676_FWD,0.0,3.307778596806088e-05
turnup,r_3676_REV,0.0,0.0
turnup,r_3677_FWD,0.0,6.990132841580751e-05
turnup,r_3677_REV,0.0,0.0
turnup,r_3678_FWD,0.0,0.0
turnup,r_3678_REV,0.0,0.0
turnup,r_3679_FWD,0.0,0.0
turnup,r_3679_REV,0.0,0.0
turnup,r_3680_ENZ_YHR002W_FWD,0.0,0.0
turnup,r_3680_ENZ_YHR002W_REV,0.0,0.0
turnup,r_3681_FWD,0.0,2.6909964274424543e-05
turnup,r_3681_REV,0.0,2.690996409857851e-05
turnup,r_3682_FWD,0.0,6.319338343395874e-05
turnup,r_3682_REV,0.0,3.450467366967142e-05
turnup,r_3683_FWD,0.0,2.044684444321924e-05
turnup,r_3683_REV,0.0,3.987302946310288e-05
turnup,r_3684_FWD,0.0,2.0023425002582543e-05
turnup,r_3684_REV,0.0,2.0023365095211216e-05
turnup,r_3685_FWD,0.0,0.0001645767692586
turnup,r_3685_REV,0.0,0.000292929085231
turnup,r_3686_FWD,0.0,0.0002028596208896
turnup,r_3686_REV,0.0,0.0005170224564915
turnup,r_3687_FWD,0.0,8.465832819285271e-05
turnup,r_3687_REV,0.0,4.07311910549196e-05
turnup,r_3688_FWD,0.0,8.557354610688999e-05
turnup,r_3688_REV,0.0,0.0002990524631013
turnup,r_3689_FWD,0.0,0.0002796517638612
turnup,r_3689_REV,0.0,0.0048388062821212
turnup,r_3690_FWD,0.0,0.0002045398772475
turnup,r_3690_REV,0.0,0.0005170352631489
turnup,r_3691_FWD,0.0,0.0001093422305326
turnup,r_3691_REV,0.0,0.0008867098428225
turnup,r_3692_FWD,0.0,8.233492024950972e-05
turnup,r_3692_REV,0.0,0.0002258452855482
turnup,r_3693_FWD,0.0,0.0002796517723281
turnup,r_3693_REV,0.0,6.010544086301378e-05
turnup,r_3694_FWD,0.0,0.000249779948539
turnup,r_3694_REV,0.0,0.0008921911903732
turnup,r_3695_FWD,0.0,8.633818153647277e-05
turnup,r_3695_REV,0.0,7.403829820926564e-05
turnup,r_3696_FWD,0.0,7.531484341451091e-05
turnup,r_3696_REV,0.0,0.0001651064546498
turnup,r_3697_FWD,0.0,0.0002796517668947
turnup,r_3697_REV,0.0,2.688095625754469e-05
turnup,r_3698_FWD,0.0,0.0002870478392073
turnup,r_3698_REV,0.0,0.0053250752273074
turnup,r_3699_FWD,0.0,0.0001093423107287
turnup,r_3699_REV,0.0,5.032176624718228e-05
turnup,r_3700_FWD,0.0,9.666189601652994e-05
turnup,r_3700_REV,0.0,0.0001214264577229
turnup,r_3701_FWD,0.0,0.0001590317980499
turnup,r_3701_REV,0.0,0.0001157187515272
turnup,r_3702_FWD,0.0,0.0004840406973438
turnup,r_3702_REV,0.0,0.0045499777467367
turnup,r_3703_FWD,0.0,8.476093115725733e-05
turnup,r_3703_REV,0.0,7.438203979329806e-05
turnup,r_3704_FWD,0.0,8.557147332873085e-05
turnup,r_3704_REV,0.0,0.0001651080211589
turnup,r_3705_FWD,0.0,0.000279651953047
turnup,r_3705_REV,0.0,4.0213584406918674e-05
turnup,r_3706_FWD,0.0,0.0002868801441077
turnup,r_3706_REV,0.0,0.0053236752782087
turnup,r_3707_FWD,0.0,0.000109342236467
turnup,r_3707_REV,0.0,6.796060360252581e-05
turnup,r_3708_FWD,0.0,0.0001509598679867
turnup,r_3708_REV,0.0,0.0002424252597604
turnup,r_3709_FWD,0.0,0.000164304502844
turnup,r_3709_REV,0.0,5.0374378716853616e-05
turnup,r_3710_FWD,0.0,0.0003336187908894
turnup,r_3710_REV,0.0,0.0047227049525915
turnup,r_3711_FWD,0.0,8.85920206534995e-05
turnup,r_3711_REV,0.0,5.273020187534333e-05
turnup,r_3712_FWD,0.0,7.531484342755256e-05
turnup,r_3712_REV,0.0,0.0001651064447935
turnup,r_3713_FWD,0.0,0.0001626950178452
turnup,r_3713_REV,0.0,3.353007815153782e-05
turnup,r_3714_FWD,0.0,0.0002869598260648
turnup,r_3714_REV,0.0,0.0053236752866985
turnup,r_3715_FWD,0.0,0.0001093422297771
turnup,r_3715_REV,0.0,3.2615259305772945e-05
turnup,r_3716_FWD,0.0,8.233294699072469e-05
turnup,r_3716_REV,0.0,0.0001242344379146
turnup,r_3717_FWD,0.0,0.0
turnup,r_3717_REV,0.0,4.671611600091539e-05
turnup,r_3718_FWD,0.0,0.0
turnup,r_3718_REV,0.0,4.397900571252811e-05
turnup,r_3719_FWD,0.0,0.0
turnup,r_3719_REV,0.0,6.884609835031228e-05
turnup,r_3720_FWD,0.0,0.0
turnup,r_3720_REV,0.0,7.839250550304225e-05
turnup,r_3721_FWD,0.0,6.657546683272453e-05
turnup,r_3721_REV,0.0,0.0
turnup,r_3722_FWD,0.0,3.569962434266799e-05
turnup,r_3722_REV,0.0,0.0
turnup,r_3723_FWD,0.0,7.35823343884813e-05
turnup,r_3723_REV,0.0,0.0
turnup,r_3724_FWD,0.0,2.2316340336087204e-05
turnup,r_3724_REV,0.0,0.0
turnup,r_3725_FWD,0.0,3.993385774303873e-05
turnup,r_3725_REV,0.0,0.0
turnup,r_3726_FWD,0.0,2.1625749127236505e-05
turnup,r_3726_REV,0.0,0.0
turnup,r_3727_FWD,0.0,6.441263323326077e-05
turnup,r_3727_REV,0.0,0.0
turnup,r_3728_FWD,0.0,3.61221127495627e-05
turnup,r_3728_REV,0.0,0.0
turnup,r_3729_FWD,0.0,7.35629907016068e-05
turnup,r_3729_REV,0.0,0.0
turnup,r_3730_FWD,0.0,3.9883040635366665e-05
turnup,r_3730_REV,0.0,0.0
turnup,r_3731_FWD,0.0,0.0002871183971952
turnup,r_3731_REV,0.0,0.0
turnup,r_3732_FWD,0.0,0.0001806242072663
turnup,r_3732_REV,0.0,0.0
turnup,r_3733_FWD,0.0,0.0001786211972327
turnup,r_3733_REV,0.0,0.0
turnup,r_3734_FWD,0.0,0.0001749960445516
turnup,r_3734_REV,0.0,0.0
turnup,r_3735_FWD,0.0,8.557147686724701e-05
turnup,r_3735_REV,0.0,0.0
turnup,r_3736_FWD,0.0,7.31171457419382e-05
turnup,r_3736_REV,0.0,0.0
turnup,r_3737_FWD,0.0,7.279699330362606e-05
turnup,r_3737_REV,0.0,0.0
turnup,r_3738_FWD,0.0,7.279875921196466e-05
turnup,r_3738_REV,0.0,0.0
turnup,r_3739_FWD,0.0,0.0002868807236406
turnup,r_3739_REV,0.0,0.0
turnup,r_3740_FWD,0.0,0.0002309733799098
turnup,r_3740_REV,0.0,0.0
turnup,r_3741_FWD,0.0,0.0002868801520353
turnup,r_3741_REV,0.0,0.0
turnup,r_3742_FWD,0.0,0.0002868805375186
turnup,r_3742_REV,0.0,0.0
turnup,r_3743_FWD,0.0,8.5575434711671e-05
turnup,r_3743_REV,0.0,0.0005556070446726
turnup,r_3744_FWD,0.0,8.557358782324822e-05
turnup,r_3744_REV,0.0,0.0001651064458242
turnup,r_3745_FWD,0.0,8.557146098723406e-05
turnup,r_3745_REV,0.0,9.396237868593196e-05
turnup,r_3746_FWD,0.0,8.557154145883393e-05
turnup,r_3746_REV,0.0,0.0001651106041888
turnup,r_3747_FWD,0.0,0.0
turnup,r_3747_REV,0.0,0.000507848273091
turnup,r_3748_FWD,0.0,0.0
turnup,r_3748_REV,0.0,0.0001806204866741
turnup,r_3749_FWD,0.0,0.0
turnup,r_3749_REV,0.0,0.0003381474895356
turnup,r_3750_FWD,0.0,0.0
turnup,r_3750_REV,0.0,0.0001816204782904
turnup,r_3751_FWD,0.0,0.0001652117800593
turnup,r_3751_REV,0.0,0.000286887037068
turnup,r_3752_FWD,0.0,0.0001651064229895
turnup,r_3752_REV,0.0,0.0002868807088034
turnup,r_3753_FWD,0.0,0.0003014333613123
turnup,r_3753_REV,0.0,0.0002829311815504
turnup,r_3754_FWD,0.0,0.0001351574403696
turnup,r_3754_REV,0.0,0.0002868807261442
turnup,r_3755_FWD,0.0,0.0002245347791625
turnup,r_3755_REV,0.0,0.0
turnup,r_3756_FWD,0.0,0.0123349633806796
turnup,r_3756_REV,0.0,0.0
turnup,r_3757_FWD,0.0,0.0008332213255249
turnup,r_3757_REV,0.0,0.0
turnup,r_3758_FWD,0.0,5.8005782490805154e-05
turnup,r_3758_REV,0.0,0.0
turnup,r_3759_FWD,0.0,0.0001291136573725
turnup,r_3759_REV,0.0,0.0
turnup,r_3760_FWD,0.0,7.21363437253589e-05
turnup,r_3760_REV,0.0,0.0
turnup,r_3761_FWD,0.0,8.23459959424875e-05
turnup,r_3761_REV,0.0,0.0
turnup,r_3762_FWD,0.0,6.716701069391914e-05
turnup,r_3762_REV,0.0,0.0
turnup,r_3763_FWD,0.0,3.307778344563417e-05
turnup,r_3763_REV,0.0,0.0
turnup,r_3764_FWD,0.0,7.447591073453212e-05
turnup,r_3764_REV,0.0,0.0
turnup,r_3765_FWD,0.0,0.0150775131043589
turnup,r_3765_REV,0.0,0.0
turnup,r_3766_FWD,0.0,0.0004636711749914
turnup,r_3766_REV,0.0,0.0
turnup,r_3767_FWD,0.0,0.0005260233124671
turnup,r_3767_REV,0.0,0.0
turnup,r_3768_FWD,0.0,0.0002280812628676
turnup,r_3768_REV,0.0,0.0
turnup,r_3769_FWD,0.0,0.0002385431912096
turnup,r_3769_REV,0.0,0.0
turnup,r_3770_FWD,0.0,0.0125430893631789
turnup,r_3770_REV,0.0,0.0
turnup,r_3771_FWD,0.0,0.0008289009644889
turnup,r_3771_REV,0.0,0.0
turnup,r_3772_FWD,0.0,6.961318226587711e-05
turnup,r_3772_REV,0.0,0.0
turnup,r_3773_FWD,0.0,0.0150722017063997
turnup,r_3773_REV,0.0,0.0
turnup,r_3774_FWD,0.0,0.0004636711749914
turnup,r_3774_REV,0.0,0.0
turnup,r_3775_FWD,0.0,0.0005260233123998
turnup,r_3775_REV,0.0,0.0
turnup,r_3776_FWD,0.0,0.0002280812628676
turnup,r_3776_REV,0.0,0.0
turnup,r_3777_FWD,0.0,0.0001235993230671
turnup,r_3777_REV,0.0,0.0
turnup,r_3778_FWD,0.0,0.0125487551857719
turnup,r_3778_REV,0.0,0.0
turnup,r_3779_FWD,0.0,0.0008163645837896
turnup,r_3779_REV,0.0,0.0
turnup,r_3780_FWD,0.0,8.227901491688117e-05
turnup,r_3780_REV,0.0,0.0
turnup,r_3781_FWD,0.0,1000.0
turnup,r_3781_REV,0.0,1000.0
turnup,r_3782_FWD,0.0,1000.0
turnup,r_3782_REV,0.0,1000.0
turnup,r_3783_FWD,0.0,1000.0
turnup,r_3783_REV,0.0,1000.0
turnup,r_3784_FWD,0.0,1000.0
turnup,r_3784_REV,0.0,1000.0
turnup,r_3785_FWD,0.0,1000.0
turnup,r_3785_REV,0.0,1000.0
turnup,r_3786_FWD,0.0,1000.0
turnup,r_3786_REV,0.0,1000.0
turnup,r_3787_FWD,0.0,1000.0
turnup,r_3787_REV,0.0,1000.0
turnup,r_3788_FWD,0.0,1000.0
turnup,r_3788_REV,0.0,1000.0
turnup,r_3789_FWD,0.0,0.0
turnup,r_3789_REV,0.0,0.0004508743788456
turnup,r_3790_FWD,0.0,0.0
turnup,r_3790_REV,0.0048177931371456,0.005438131073643
turnup,r_3791_FWD,0.0,0.0
turnup,r_3791_REV,0.0,0.0001424709494476
turnup,r_3792_FWD,0.0,0.0
turnup,r_3792_REV,0.0,8.722005438954739e-05
turnup,r_3793_FWD,0.0,0.0
turnup,r_3793_REV,0.0,8.74830216720236e-05
turnup,r_3794_FWD,0.0,0.0
turnup,r_3794_REV,0.0,9.616648212932824e-05
turnup,r_3795_FWD,0.0,0.0
turnup,r_3795_REV,0.0,0.000157101269572
turnup,r_3796_FWD,0.0,0.0
turnup,r_3796_REV,0.0,0.0001696860075099
turnup,r_3797_FWD,0.0,0.0004458961638557
turnup,r_3797_REV,0.0,0.0
turnup,r_3798_FWD,0.0048213431246395,0.0053544353821185
turnup,r_3798_REV,0.0,0.0
turnup,r_3799_FWD,0.0,0.0001414313187245
turnup,r_3799_REV,0.0,0.0
turnup,r_3800_FWD,0.0,0.0001701959705728
turnup,r_3800_REV,0.0,0.0
turnup,r_3801_FWD,0.0,0.0001682570521381
turnup,r_3801_REV,0.0,0.0
turnup,r_3802_FWD,0.0,9.622472932377148e-05
turnup,r_3802_REV,0.0,0.0
turnup,r_3803_FWD,0.0,0.0001588552344173
turnup,r_3803_REV,0.0,0.0
turnup,r_3804_FWD,0.0,8.763239428688507e-05
turnup,r_3804_REV,0.0,0.0
turnup,r_3805_FWD,0.0,3.619325304948101e-05
turnup,r_3805_REV,0.0,0.0001910491477687
turnup,r_3806_FWD,0.0,5.69800511353415e-05
turnup,r_3806_REV,0.0,0.0001736602172073
turnup,r_3807_FWD,0.0,6.58411737795603e-05
turnup,r_3807_REV,0.0,0.0001736584183262
turnup,r_3808_FWD,0.0,3.105756794141712e-05
turnup,r_3808_REV,0.0,0.0001736584144182
turnup,r_3809_FWD,0.0,5.012422149164317e-05
turnup,r_3809_REV,0.0,0.0001994551759807
turnup,r_3810_FWD,0.0,3.1994281561280386e-05
turnup,r_3810_REV,0.0,0.0001736585447389
turnup,r_3811_FWD,0.0,5.368562580679734e-05
turnup,r_3811_REV,0.0,4.620778854995254e-05
turnup,r_3812_FWD,0.0,4.804628326442626e-05
turnup,r_3812_REV,0.0,2.7684074443140032e-05
turnup,r_3813_ENZ_YIL048W_FWD,0.0,0.0002841219655011
turnup,r_3813_ENZ_YIL048W_REV,0.0,0.0
turnup,r_3813_ENZ_YMR162C_FWD,0.0,0.0001250882735425
turnup,r_3813_ENZ_YMR162C_REV,0.0,0.0
turnup,r_3814_ENZ_YIL048W_FWD,0.0,6.932709948505867e-05
turnup,r_3814_ENZ_YIL048W_REV,0.0,0.0
turnup,r_3814_ENZ_YMR162C_FWD,0.0,4.627859089101349e-05
turnup,r_3814_ENZ_YMR162C_REV,0.0,0.0
turnup,r_3815_ENZ_YIL048W_FWD,0.0,8.400650160144026e-05
turnup,r_3815_ENZ_YIL048W_REV,0.0,0.0
turnup,r_3815_ENZ_YMR162C_FWD,0.0,6.104443342347214e-05
turnup,r_3815_ENZ_YMR162C_REV,0.0,0.0
turnup,r_3816_ENZ_YIL048W_FWD,0.0,9.10212739859278e-05
turnup,r_3816_ENZ_YIL048W_REV,0.0,0.0
turnup,r_3816_ENZ_YMR162C_FWD,0.0,4.218743180343725e-05
turnup,r_3816_ENZ_YMR162C_REV,0.0,0.0
turnup,r_3817_ENZ_YIL048W_FWD,0.0,8.607935418145345e-05
turnup,r_3817_ENZ_YIL048W_REV,0.0,0.0
turnup,r_3817_ENZ_YMR162C_FWD,0.0,6.213265323220911e-05
turnup,r_3817_ENZ_YMR162C_REV,0.0,0.0
turnup,r_3818_ENZ_YIL048W_FWD,0.0,0.0005540933937622
turnup,r_3818_ENZ_YIL048W_REV,0.0,0.0
turnup,r_3818_ENZ_YMR162C_FWD,0.0,0.0002414191557603
turnup,r_3818_ENZ_YMR162C_REV,0.0,0.0
turnup,r_3819_ENZ_YIL048W_FWD,0.0,0.0005483513301777
turnup,r_3819_ENZ_YIL048W_REV,0.0,0.0
turnup,r_3819_ENZ_YMR162C_FWD,0.0,0.0001250144739175
turnup,r_3819_ENZ_YMR162C_REV,0.0,0.0
turnup,r_3820_ENZ_YIL048W_FWD,0.0,9.896901010825896e-05
turnup,r_3820_ENZ_YIL048W_REV,0.0,0.0
turnup,r_3820_ENZ_YMR162C_FWD,0.0,4.471533984625892e-05
turnup,r_3820_ENZ_YMR162C_REV,0.0,0.0
turnup,r_3821_ENZ_YAL026C_FWD,0.0,0.0002839602209899
turnup,r_3821_ENZ_YAL026C_REV,0.0,0.0
turnup,r_3822_ENZ_YAL026C_FWD,0.0,0.0001269687499245
turnup,r_3822_ENZ_YAL026C_REV,0.0,0.0
turnup,r_3823_ENZ_YAL026C_FWD,0.0,8.402577732950474e-05
turnup,r_3823_ENZ_YAL026C_REV,0.0,0.0
turnup,r_3824_ENZ_YAL026C_FWD,0.0,9.525879390038326e-05
turnup,r_3824_ENZ_YAL026C_REV,0.0,0.0
turnup,r_3825_ENZ_YAL026C_FWD,0.0,8.612935652456237e-05
turnup,r_3825_ENZ_YAL026C_REV,0.0,0.0
turnup,r_3826_ENZ_YAL026C_FWD,0.0,0.0002839536586992
turnup,r_3826_ENZ_YAL026C_REV,0.0,0.0
turnup,r_3827_ENZ_YAL026C_FWD,0.0,0.0005145020000129
turnup,r_3827_ENZ_YAL026C_REV,0.0,0.0
turnup,r_3828_ENZ_YAL026C_FWD,0.0,7.167997538546398e-05
turnup,r_3828_ENZ_YAL026C_REV,0.0,0.0
turnup,r_3829_FWD,0.0,0.0
turnup,r_3829_REV,0.0,0.0
turnup,r_3830_FWD,0.0,0.0
turnup,r_3830_REV,0.0,0.0
turnup,r_3831_FWD,0.0,0.0
turnup,r_3831_REV,0.0,0.0
turnup,r_3832_FWD,0.0,0.0
turnup,r_3832_REV,0.0,0.0
turnup,r_3833_FWD,0.0,0.0
turnup,r_3833_REV,0.0,0.0
turnup,r_3834_FWD,0.0,0.0
turnup,r_3834_REV,0.0,0.0
turnup,r_3835_FWD,0.0,0.0
turnup,r_3835_REV,0.0,0.0
turnup,r_3836_FWD,0.0,0.0
turnup,r_3836_REV,0.0,0.0
turnup,r_3837_FWD,0.0,0.0003453060568752
turnup,r_3837_REV,0.0,0.0
turnup,r_3838_FWD,0.0,0.0003240961005666
turnup,r_3838_REV,0.0,0.0
turnup,r_3839_FWD,0.0,0.0003205176792171
turnup,r_3839_REV,0.0,0.0
turnup,r_3840_FWD,0.0,0.0003132573460611
turnup,r_3840_REV,0.0,0.0
turnup,r_3841_FWD,0.0,0.0003096789246592
turnup,r_3841_REV,0.0,0.0
turnup,r_3842_FWD,0.0,0.000345306057202
turnup,r_3842_REV,0.0,0.0
turnup,r_3843_FWD,0.0,2.400460080576039e-05
turnup,r_3843_REV,0.0,0.0
turnup,r_3844_FWD,0.0,2.7593774691049257e-05
turnup,r_3844_REV,0.0,0.0
turnup,r_3845_FWD,0.0,0.0153314297596868
turnup,r_3845_REV,0.0,0.0
turnup,r_3846_FWD,0.0,0.0002769412853573
turnup,r_3846_REV,0.0,0.0
turnup,r_3847_FWD,0.0,0.000221106356983
turnup,r_3847_REV,0.0,0.0
turnup,r_3848_FWD,0.0,7.312487327554035e-05
turnup,r_3848_REV,0.0,0.0
turnup,r_3849_FWD,0.0,0.0001235251209128
turnup,r_3849_REV,0.0,0.0
turnup,r_3850_FWD,0.0,0.0123338772391478
turnup,r_3850_REV,0.0,0.0
turnup,r_3851_FWD,0.0,0.0008320095454998
turnup,r_3851_REV,0.0,0.0
turnup,r_3852_FWD,0.0,6.961322669994836e-05
turnup,r_3852_REV,0.0,0.0
turnup,r_3853_FWD,0.0,0.0153326816759742
turnup,r_3853_REV,0.0,0.0
turnup,r_3854_FWD,0.0,0.0001419693295539
turnup,r_3854_REV,0.0,0.0
turnup,r_3855_FWD,0.0,0.000220971426992
turnup,r_3855_REV,0.0,0.0
turnup,r_3856_FWD,0.0,7.457266217890927e-05
turnup,r_3856_REV,0.0,0.0
turnup,r_3857_FWD,0.0,0.0001235251221608
turnup,r_3857_REV,0.0,0.0
turnup,r_3858_FWD,0.0,0.0123338772195746
turnup,r_3858_REV,0.0,0.0
turnup,r_3859_FWD,0.0,0.0008320750279478
turnup,r_3859_REV,0.0,0.0
turnup,r_3860_FWD,0.0,6.961555685559114e-05
turnup,r_3860_REV,0.0,0.0
turnup,r_3861_FWD,0.0,0.0001769591194502
turnup,r_3861_REV,0.0,0.0
turnup,r_3862_FWD,0.0,0.0003240961071995
turnup,r_3862_REV,0.0,0.0
turnup,r_3863_FWD,0.0,0.0003216596999209
turnup,r_3863_REV,0.0,0.0
turnup,r_3864_FWD,0.0,0.0003072425212238
turnup,r_3864_REV,0.0,0.0
turnup,r_3865_FWD,0.0,0.0003453060640268
turnup,r_3865_REV,0.0,0.0
turnup,r_3866_FWD,0.0,0.0001105319146255
turnup,r_3866_REV,0.0,0.0
turnup,r_3867_FWD,0.0,4.632678485493492e-05
turnup,r_3867_REV,0.0,0.0
turnup,r_3868_FWD,0.0,5.3496149484080846e-05
turnup,r_3868_REV,0.0,0.0
turnup,r_3869_FWD,0.0,0.0003122307018728
turnup,r_3869_REV,0.0,0.0001424027923402
turnup,r_3870_FWD,0.0,0.0001769617828841
turnup,r_3870_REV,0.0,8.504975962804581e-05
turnup,r_3871_FWD,0.0,0.0001547725024337
turnup,r_3871_REV,0.0,8.137407827213394e-05
turnup,r_3872_FWD,0.0,0.0001769572356664
turnup,r_3872_REV,0.0,8.137399208152374e-05
turnup,r_3873_FWD,0.0,0.0003417276272834
turnup,r_3873_REV,0.0,8.225700984243434e-05
turnup,r_3874_FWD,0.0,0.0001770692689539
turnup,r_3874_REV,0.0,0.0001587855802807
turnup,r_3875_FWD,0.0,0.0001297877170642
turnup,r_3875_REV,0.0,4.4996431141086646e-05
turnup,r_3876_FWD,0.0,0.0003453060600229
turnup,r_3876_REV,0.0,0.000149032392974
turnup,r_3877_FWD,0.0,3.277164991020973e-05
turnup,r_3877_REV,0.0,0.0
turnup,r_3878_FWD,0.0,1.964508793989419e-05
turnup,r_3878_REV,0.0,0.0
turnup,r_3879_FWD,0.0,3.725401456471447e-05
turnup,r_3879_REV,0.0,0.0
turnup,r_3880_FWD,0.0,3.697898550134354e-05
turnup,r_3880_REV,0.0,0.0
turnup,r_3881_FWD,0.0,6.0260614080420346e-05
turnup,r_3881_REV,0.0,0.0
turnup,r_3882_FWD,0.0,3.7418723926478415e-05
turnup,r_3882_REV,0.0,0.0
turnup,r_3883_FWD,0.0,4.03706220289648e-05
turnup,r_3883_REV,0.0,0.0
turnup,r_3884_FWD,0.0,1.9450050277961643e-05
turnup,r_3884_REV,0.0,0.0
turnup,r_3885_ENZ_YAL026C_FWD,0.0,0.0
turnup,r_3885_ENZ_YAL026C_REV,0.0,0.0
turnup,r_3886_ENZ_YAL026C_FWD,0.0,0.0
turnup,r_3886_ENZ_YAL026C_REV,0.0,0.0
turnup,r_3887_ENZ_YAL026C_FWD,0.0,0.0
turnup,r_3887_ENZ_YAL026C_REV,0.0,0.0
turnup,r_3888_ENZ_YAL026C_FWD,0.0,0.0
turnup,r_3888_ENZ_YAL026C_REV,0.0,0.0
turnup,r_3889_ENZ_YAL026C_FWD,0.0,0.0
turnup,r_3889_ENZ_YAL026C_REV,0.0,0.0
turnup,r_3890_ENZ_YAL026C_FWD,0.0,0.0
turnup,r_3890_ENZ_YAL026C_REV,0.0,0.0
turnup,r_3891_ENZ_YAL026C_FWD,0.0,0.0
turnup,r_3891_ENZ_YAL026C_REV,0.0,0.0
turnup,r_3892_ENZ_YAL026C_FWD,0.0,0.0
turnup,r_3892_ENZ_YAL026C_REV,0.0,0.0
turnup,r_3893_ENZ_YIL048W_FWD,0.0,0.0
turnup,r_3893_ENZ_YIL048W_REV,0.0,0.0
turnup,r_3894_ENZ_YIL048W_FWD,0.0,0.0
turnup,r_3894_ENZ_YIL048W_REV,0.0,0.0
turnup,r_3895_ENZ_YIL048W_FWD,0.0,0.0
turnup,r_3895_ENZ_YIL048W_REV,0.0,0.0
turnup,r_3896_ENZ_YIL048W_FWD,0.0,0.0
turnup,r_3896_ENZ_YIL048W_REV,0.0,0.0
turnup,r_3897_ENZ_YIL048W_FWD,0.0,0.0
turnup,r_3897_ENZ_YIL048W_REV,0.0,0.0
turnup,r_3898_ENZ_YIL048W_FWD,0.0,0.0
turnup,r_3898_ENZ_YIL048W_REV,0.0,0.0
turnup,r_3899_ENZ_YIL048W_FWD,0.0,0.0
turnup,r_3899_ENZ_YIL048W_REV,0.0,0.0
turnup,r_3900_ENZ_YIL048W_FWD,0.0,0.0
turnup,r_3900_ENZ_YIL048W_REV,0.0,0.0
turnup,r_3901_FWD,0.0,2.056596044082214e-05
turnup,r_3901_REV,0.0,1.947932837606641e-05
turnup,r_3902_FWD,0.0,2.05579208752645e-05
turnup,r_3902_REV,0.0,2.1052745719701983e-05
turnup,r_3903_FWD,0.0,5.943299234366836e-05
turnup,r_3903_REV,0.0,0.0
turnup,r_3904_FWD,0.0,3.4624864392823404e-05
turnup,r_3904_REV,0.0,0.0
turnup,r_3905_FWD,0.0,1.9291307251909084e-05
turnup,r_3905_REV,0.0,0.0
turnup,r_3906_FWD,0.0,3.736621491946291e-05
turnup,r_3906_REV,0.0,0.0
turnup,r_3907_FWD,0.0,6.026061411699616e-05
turnup,r_3907_REV,0.0,0.0
turnup,r_3908_FWD,0.0,3.7418724239779104e-05
turnup,r_3908_REV,0.0,0.0
turnup,r_3909_FWD,0.0,4.0657511895346736e-05
turnup,r_3909_REV,0.0,0.0
turnup,r_3910_FWD,0.0,1.8445146791463927e-05
turnup,r_3910_REV,0.0,0.0
turnup,r_3911_FWD,0.0,0.0003216596974056
turnup,r_3911_REV,0.0,0.0003453060635401
turnup,r_3912_FWD,0.0,0.0003453060731075
turnup,r_3912_REV,0.0,0.0003453060636573
turnup,r_3913_FWD,0.0,0.0001745225232134
turnup,r_3913_REV,0.0,0.0001770736939477
turnup,r_3914_FWD,0.0,0.0001746431594007
turnup,r_3914_REV,0.0,0.0003453060636928
turnup,r_3915_FWD,0.0,0.0002993719765633
turnup,r_3915_REV,0.0,0.0002137476858656
turnup,r_3916_FWD,0.0,0.000176957248847
turnup,r_3916_REV,0.0,0.000299819576168
turnup,r_3917_FWD,0.0,0.0001297877184072
turnup,r_3917_REV,0.0,4.971042646850776e-05
turnup,r_3918_FWD,0.0,0.000176957250364
turnup,r_3918_REV,0.0,0.0001424217929546
turnup,r_3919_FWD,0.0,0.0001769572480263
turnup,r_3919_REV,0.0,0.0
turnup,r_3920_FWD,0.0,0.0001448581877525
turnup,r_3920_REV,0.0,0.0
turnup,r_3921_FWD,0.0,0.0001939503690593
turnup,r_3921_REV,0.0,0.0
turnup,r_3922_FWD,0.0,0.0003417276289638
turnup,r_3922_REV,0.0,0.0
turnup,r_3923_FWD,0.0,0.0003205176743996
turnup,r_3923_REV,0.0,0.0
turnup,r_3924_FWD,0.0,0.0003417276285411
turnup,r_3924_REV,0.0,0.0
turnup,r_3925_FWD,0.0,9.700231014875273e-05
turnup,r_3925_REV,0.0,0.0
turnup,r_3926_FWD,0.0,0.0003453060636839
turnup,r_3926_REV,0.0,0.0
turnup,r_3927_FWD,0.0,3.350936081145117e-05
turnup,r_3927_REV,0.0,0.0
turnup,r_3928_FWD,0.0,3.620284172099976e-05
turnup,r_3928_REV,0.0,0.0
turnup,r_3929_FWD,0.0,0.0001561153526434
turnup,r_3929_REV,0.0,0.0
turnup,r_3930_FWD,0.0,0.0001726530319192
turnup,r_3930_REV,0.0,0.0
turnup,r_3931_FWD,0.0,8.85332523594684e-05
turnup,r_3931_REV,0.0,0.0
turnup,r_3932_FWD,0.0,0.0001726530258743
turnup,r_3932_REV,0.0,0.0
turnup,r_3933_FWD,0.0,0.0001602588379139
turnup,r_3933_REV,0.0,0.0
turnup,r_3934_FWD,0.0,0.0005580053520809
turnup,r_3934_REV,0.0,0.0
turnup,r_3935_FWD,0.0,2.7708999862596784e-05
turnup,r_3935_REV,0.0,0.0
turnup,r_3936_FWD,0.0,0.000161534734298
turnup,r_3936_REV,0.0,0.0
turnup,r_3937_FWD,0.0,0.0
turnup,r_3937_REV,0.0,1.741006796993072e-05
turnup,r_3938_FWD,0.0,0.0
turnup,r_3938_REV,0.0,1.7034645700854028e-05
turnup,r_3939_FWD,0.0,1000.0
turnup,r_3939_REV,0.0,999.9772568347154
turnup,r_3940,0.0,0.0001256123803692
turnup,r_3941_FWD,0.0,0.0003388688906937
turnup,r_3941_REV,0.0,0.0
turnup,r_3942_FWD,0.0,0.000173660991976
turnup,r_3942_REV,0.0,0.0
turnup,r_3943_FWD,0.0,0.0003388688904948
turnup,r_3943_REV,0.0,0.0
turnup,r_3944_FWD,0.0,0.0001736600537077
turnup,r_3944_REV,0.0,0.0
turnup,r_3945_FWD,0.0,0.0003388688873187
turnup,r_3945_REV,0.0,0.0
turnup,r_3946_FWD,0.0,0.0003388688908145
turnup,r_3946_REV,0.0,0.0
turnup,r_3947_FWD,0.0,2.392783056328401e-05
turnup,r_3947_REV,0.0,0.0
turnup,r_3948_FWD,0.0,2.864194962422547e-05
turnup,r_3948_REV,0.0,0.0
turnup,r_3949_FWD,0.0,0.0001374289518025
turnup,r_3949_REV,0.0,0.0
turnup,r_3950_FWD,0.0,0.0001469801724525
turnup,r_3950_REV,0.0,0.0
turnup,r_3951_FWD,0.0,7.632280632815968e-05
turnup,r_3951_REV,0.0,0.0
turnup,r_3952_FWD,0.0,0.0001379521136275
turnup,r_3952_REV,0.0,0.0
turnup,r_3953_FWD,0.0,0.0001374289489593
turnup,r_3953_REV,0.0,0.0
turnup,r_3954_FWD,0.0,0.0001469801697524
turnup,r_3954_REV,0.0,0.0
turnup,r_3955_FWD,0.0,1.835404174318944e-05
turnup,r_3955_REV,0.0,0.0
turnup,r_3956_FWD,0.0,2.3368147063059868e-05
turnup,r_3956_REV,0.0,0.0
turnup,r_3957_FWD,0.0,0.0
turnup,r_3957_REV,0.0,0.0004177585181288
turnup,r_3958_FWD,0.0,0.0
turnup,r_3958_REV,0.0,0.0
turnup,r_3959_ENZ_YBR192W_FWD,0.0,0.0
turnup,r_3959_ENZ_YBR192W_REV,0.0,0.0001267048062257
turnup,r_3960_ENZ_YBR192W_FWD,0.0,0.000139303862986
turnup,r_3960_ENZ_YBR192W_REV,0.0,0.0
turnup,r_3961_ENZ_YER053C_FWD,0.0,0.0
turnup,r_3961_ENZ_YER053C_REV,0.0,0.0001407625082503
turnup,r_3961_ENZ_YJR077C_FWD,0.0,0.0
turnup,r_3961_ENZ_YJR077C_REV,0.0,0.0001293568919473
turnup,r_3962_FWD,0.0,0.0
turnup,r_3962_REV,0.0,0.0001393037790776
turnup,r_3963,0.0,0.0019004556647175
turnup,r_3964,0.0032363207965922,0.0052809134967346
turnup,r_3965,0.0,0.0004676728732927
turnup,r_3966,0.0,0.0001989463366446
turnup,r_3967,0.0,0.0001601927275449
turnup,r_3968,0.0,0.0004229051918251
turnup,r_3969,0.0,7.270785121834896e-05
turnup,r_3970,0.0,1.9189027420734895e-05
turnup,r_3971,0.0,3.1091471978391683e-05
turnup,r_3972,0.0063128629324513,0.0063488820859869
turnup,r_3973_FWD,0.0041972982618343,0.0041972982618343
turnup,r_3973_REV,0.0,0.0
turnup,r_3975,0.0,0.0035737586472253
turnup,r_3976,0.0,0.0036021912851718
turnup,r_3977,0.0,0.0001766836690692
turnup,r_3978,0.0,8.761010910419008e-05
turnup,r_3979,0.0,0.0008888635020307
turnup,r_3980,0.0,0.0006173628911523
turnup,r_3981,0.002777678794169,0.0044184330500081
turnup,r_3982,0.0,0.0005758278100262
turnup,r_3983,0.0,8.304322830396223e-05
turnup,r_3984,0.0,0.0001144117266378
turnup,r_3985,0.0,0.0001034878001224
turnup,r_3986,0.0,1.9657216630864046e-05
turnup,r_3987_FWD,0.0036699960735999,0.0036700024231779
turnup,r_3987_REV,0.0,0.0
turnup,r_3988,0.0,0.0087039411054178
turnup,r_3989,0.0,0.0088639906299863
turnup,r_3990,0.0,0.0006469622995699
turnup,r_3991,0.0,0.0001135230745301
turnup,r_3992,0.0001313706729481,0.0126762187494833
turnup,r_3993,0.0,0.0072459377502971
turnup,r_3994,0.0,0.0007120806572894
turnup,r_3995,0.0,5.038013511476968e-05
turnup,r_3996_FWD,0.015900972753223,0.0159010010683828
turnup,r_3996_REV,0.0,0.0
turnup,r_3997,0.0,0.0013886748419777
turnup,r_3998,0.0,0.0062120044071569
turnup,r_3999,0.0,0.0001831582952856
turnup,r_4000,0.0,0.0002952093959921
turnup,r_4001,0.0,0.000182249952213
turnup,r_4002,0.0,0.0004656484041086
turnup,r_4003,0.0,5.004981340505851e-05
turnup,r_4004,0.0,2.486832262213869e-05
turnup,r_4005_FWD,0.0042734596058818,0.0042734596058818
turnup,r_4005_REV,0.0,0.0
turnup,r_4006,0.0,0.0001667721129931
turnup,r_4007,0.0,0.000116063824955
turnup,r_4008,0.0,0.0050182322002197
turnup,r_4009,0.0,0.0001876534890319
turnup,r_4010,0.0,0.0001381104111806
turnup,r_4011,0.0,5.037381190430548e-05
turnup,r_4012,0.0,6.428250786689371e-05
turnup,r_4013,0.0,3.521436748675619e-05
turnup,r_4014,0.0,0.0004755633899836
turnup,r_4015,0.0,0.0001320062874126
turnup,r_4016,0.0002050660030012,0.0052776712529744
turnup,r_4017,0.0,9.62284140934438e-05
turnup,r_4018,0.0,6.07792062442282e-05
turnup,r_4019,0.0,2.34150278644258e-05
turnup,r_4020,0.0,6.432434143616653e-05
turnup,r_4021,0.0,3.7980193275031056e-05
turnup,r_4022,0.0,3.9611990461904026e-05
turnup,r_4023,0.0,4.733095403789304e-05
turnup,r_4024,0.0,0.0002055127022629
turnup,r_4025,0.0,6.702445015274897e-05
turnup,r_4026,0.0,3.139272899532232e-05
turnup,r_4027,0.0,1.7948204527001307e-05
turnup,r_4028,0.0,2.104299068874025e-05
turnup,r_4029,0.0,6.345462169472508e-05
turnup,r_4030,0.0,8.964032606095924e-05
turnup,r_4031,0.0,5.225644485614984e-05
turnup,r_4032,0.0,0.0001452120258033
turnup,r_4033,0.0,5.768633514231338e-05
turnup,r_4034,0.0,2.9832857306635006e-05
turnup,r_4035,0.0,2.5762292298196516e-05
turnup,r_4036,0.0,8.645828403332471e-05
turnup,r_4037,0.0,5.861475021672623e-05
turnup,r_4038_FWD,0.0042289321302182,0.0042289387452287
turnup,r_4038_REV,0.0,0.0
turnup,r_4039_ENZ_YBL015W_FWD,0.0,0.0002794268685648
turnup,r_4039_ENZ_YBL015W_REV,0.0,0.0014668786579397
turnup,r_4040_FWD,0.0,1.0580519260658394e-06
turnup,r_4040_REV,0.0,0.0
turnup,r_4041,0.6167231223663521,0.6167241178359465
turnup,r_4042,0.0,0.0
turnup,r_4043,0.0,0.0
turnup,r_4044,0.0,0.0
turnup,r_4045_ENZ_YDR400W,0.0,0.0001375734446433
turnup,r_4046,0.7,0.7
turnup,r_4047,0.6167231223663521,0.6167231223663521
turnup,r_4048,0.6167231223663521,0.6167231223663521
turnup,r_4049,0.6167231223663521,0.6167231223663521
turnup,r_4050,0.6167231223663521,0.6167231223663521
turnup,r_4051,0.0,0.0
turnup,r_4052,0.0,0.0
turnup,r_4053,0.0,0.0
turnup,r_4054,0.0,0.0
turnup,r_4055,0.0,0.0
turnup,r_4056,0.0,0.0
turnup,r_4057,0.0,0.0
turnup,r_4058,0.0,0.0
turnup,r_4059,0.0,0.0
turnup,r_4060,0.0,0.0
turnup,r_4061,0.0,0.0
turnup,r_4062,0.0,0.0
turnup,r_4063,0.6167231223663521,0.6167231223663521
turnup,r_4064,0.0,0.0
turnup,r_4065,0.6167231223663521,0.6167231223663521
turnup,r_4066,0.0,0.0
turnup,r_4067,0.0,0.0
turnup,r_4068,0.0,0.0
turnup,r_4069,0.0,0.0
turnup,r_4070,0.0,0.0
turnup,r_4071,0.0,0.0
turnup,r_4072,0.0,0.0
turnup,r_4073,0.0,0.0
turnup,r_4074,0.0,0.0
turnup,r_4075,0.0,0.0
turnup,r_4076,0.0,0.0
turnup,r_4077,0.0,0.0
turnup,r_4078,0.0,0.0
turnup,r_4079,0.0,0.0
turnup,r_4080,0.0,0.0
turnup,r_4081,0.0,0.0
turnup,r_4082,0.0,0.0
turnup,r_4083,0.0,0.0
turnup,r_4084,0.0,0.0
turnup,r_4085,0.0,0.0
turnup,r_4086,0.0,0.0
turnup,r_4087,0.0,0.0
turnup,r_4088,0.0,0.0
turnup,r_4089,0.0,0.0
turnup,r_4090,0.0,0.0
turnup,r_4091,0.0,0.0
turnup,r_4092,0.0,0.0
turnup,r_4093,0.0,0.0
turnup,r_4094,0.0,0.0
turnup,r_4095,0.0,0.0
turnup,r_4096,0.0,0.0
turnup,r_4097,0.0,0.0
turnup,r_4098,0.0,0.0
turnup,r_4099,0.0,0.0
turnup,r_4100,0.0,0.0
turnup,r_4101,0.0,0.0
turnup,r_4102,0.0,0.0
turnup,r_4103,0.0,0.0
turnup,r_4104,0.0,0.0
turnup,r_4105,0.0,0.0
turnup,r_4106,0.0,0.0
turnup,r_4107,0.0,0.0
turnup,r_4108,0.0,0.0
turnup,r_4109,0.0,0.0
turnup,r_4110,0.0,0.0
turnup,r_4111,0.0,0.0
turnup,r_4112,0.0,0.0
turnup,r_4113,0.0,0.0
turnup,r_4114,0.0,0.0
turnup,r_4115,0.0,0.0
turnup,r_4116,0.0,0.0
turnup,r_4117,0.0,0.0
turnup,r_4118,0.0,0.0
turnup,r_4119,0.0,0.0
turnup,r_4120,0.0,0.0
turnup,r_4121,0.0,0.0
turnup,r_4122,0.0,0.0
turnup,r_4123,0.0,0.0
turnup,r_4124,0.0,0.0
turnup,r_4125,0.0,0.0
turnup,r_4126,0.0,0.0
turnup,r_4127,0.0,0.0
turnup,r_4128,0.0,0.0
turnup,r_4129,0.0,0.0
turnup,r_4130,0.0,0.0
turnup,r_4131,0.0,0.0
turnup,r_4132,0.0,0.0
turnup,r_4133,0.0,0.0
turnup,r_4134,0.0,0.0
turnup,r_4135,0.0,0.0
turnup,r_4136,0.0,0.0
turnup,r_4137,0.0,0.0
turnup,r_4138,0.0,0.0
turnup,r_4139,0.0,0.0
turnup,r_4140,0.0,0.0
turnup,r_4141,0.0,0.0
turnup,r_4142,0.0,0.0
turnup,r_4143,0.0,0.0
turnup,r_4144,0.0,0.0
turnup,r_4145,0.0,0.0
turnup,r_4146,0.0,0.0
turnup,r_4147,0.0,0.0
turnup,r_4148,0.0,0.0
turnup,r_4149,0.0,0.0
turnup,r_4150,0.0,0.0
turnup,r_4151,0.0,0.0
turnup,r_4152_ENZ_YAL039C_FWD,0.0,0.0
turnup,r_4152_ENZ_YAL039C_REV,0.0,0.0
turnup,r_4152_ENZ_YKL087C_FWD,0.0,0.0
turnup,r_4152_ENZ_YKL087C_REV,0.0,0.0
turnup,r_4153_ENZ_YAL061W,0.0,-0.0
turnup,r_4154_ENZ_YAL061W_FWD,0.0,0.0
turnup,r_4154_ENZ_YAL061W_REV,0.0,0.0
turnup,r_4155_ENZ_YBL080C,0.0,-0.0
turnup,r_4156_ENZ_YBL091C_FWD,0.0,0.0
turnup,r_4156_ENZ_YBL091C_REV,0.0,9.810269152255024e-06
turnup,r_4156_ENZ_YLR244C_FWD,0.0,0.0
turnup,r_4156_ENZ_YLR244C_REV,0.0,2.3300306049703345e-05
turnup,r_4157_ENZ_YBR022W_FWD,0.0,0.0
turnup,r_4157_ENZ_YBR022W_REV,0.0,0.0
turnup,r_4157_ENZ_YMR087W_FWD,0.0,0.0
turnup,r_4157_ENZ_YMR087W_REV,0.0,0.0
turnup,r_4158_ENZ_YBR046C_FWD,0.0,0.0
turnup,r_4158_ENZ_YBR046C_REV,0.0,0.0
turnup,r_4159_ENZ_YBR070C_and_YGL047W_FWD,0.0,0.0
turnup,r_4159_ENZ_YBR070C_and_YGL047W_REV,0.0,0.0
turnup,r_4160_ENZ_YBR111C_FWD,0.0,0.0
turnup,r_4160_ENZ_YBR111C_REV,0.0,0.0
turnup,r_4161_ENZ_YBR147W_FWD,0.0,0.0006016295985437
turnup,r_4161_ENZ_YBR147W_REV,0.0,0.0
turnup,r_4161_ENZ_YDR352W_FWD,0.0,0.0006356767054347
turnup,r_4161_ENZ_YDR352W_REV,0.0,0.0
turnup,r_4162_ENZ_YBR147W_FWD,0.0,1000.0
turnup,r_4162_ENZ_YBR147W_REV,0.0,0.0
turnup,r_4162_ENZ_YDR352W_FWD,0.0,1000.0
turnup,r_4162_ENZ_YDR352W_REV,0.0,0.0
turnup,r_4163_ENZ_YBR147W_FWD,0.0,0.0006244927592778
turnup,r_4163_ENZ_YBR147W_REV,0.0,0.0
turnup,r_4163_ENZ_YDR352W_FWD,0.0,0.0010483322965791
turnup,r_4163_ENZ_YDR352W_REV,0.0,0.0
turnup,r_4164_ENZ_YBR222C_FWD,0.0,0.0
turnup,r_4164_ENZ_YBR222C_REV,0.0,0.0
turnup,r_4165_ENZ_YBR229C_FWD,0.0,0.0
turnup,r_4165_ENZ_YBR229C_REV,0.0,0.0
turnup,r_4166_ENZ_YBR229C_FWD,0.0,0.0
turnup,r_4166_ENZ_YBR229C_REV,0.0,0.0
turnup,r_4167_ENZ_YBR235W_FWD,0.0,0.0
turnup,r_4167_ENZ_YBR235W_REV,0.0,0.0
turnup,r_4168_ENZ_YBR241C_FWD,0.0,0.0
turnup,r_4168_ENZ_YBR241C_REV,0.0,0.0
turnup,r_4169_ENZ_YBR241C_FWD,0.0,0.0
turnup,r_4169_ENZ_YBR241C_REV,0.0,0.0
turnup,r_4170_ENZ_YBR243C_FWD,0.0,0.0
turnup,r_4170_ENZ_YBR243C_REV,0.0,0.0
turnup,r_4171_ENZ_YBR281C_and_YNL191W,0.0,4.4205257786682525e-05
turnup,r_4172_ENZ_YBR295W,0.0,-0.0
turnup,r_4173_ENZ_YCL017C_FWD,0.0,0.0
turnup,r_4173_ENZ_YCL017C_REV,0.0,0.0
turnup,r_4174_ENZ_YCR011C_FWD,0.0,0.0
turnup,r_4174_ENZ_YCR011C_REV,0.0,0.0
turnup,r_4175_ENZ_YCR107W_FWD,0.0,0.0
turnup,r_4175_ENZ_YCR107W_REV,0.0,0.0
turnup,r_4175_ENZ_YDL243C_FWD,0.0,0.0
turnup,r_4175_ENZ_YDL243C_REV,0.0,0.0
turnup,r_4175_ENZ_YJR155W_FWD,0.0,0.0
turnup,r_4175_ENZ_YJR155W_REV,0.0,0.0
turnup,r_4175_ENZ_YNL331C_FWD,0.0,0.0
turnup,r_4175_ENZ_YNL331C_REV,0.0,0.0
turnup,r_4175_ENZ_YOL165C_FWD,0.0,0.0
turnup,r_4175_ENZ_YOL165C_REV,0.0,0.0
turnup,r_4175_ENZ_YPL088W_FWD,0.0,0.0
turnup,r_4175_ENZ_YPL088W_REV,0.0,0.0
turnup,r_4176_ENZ_YCR107W_FWD,0.0,1.3130829756846651e-10
turnup,r_4176_ENZ_YCR107W_REV,0.0,2.1188384380366188e-10
turnup,r_4176_ENZ_YDL243C_FWD,0.0,0.0
turnup,r_4176_ENZ_YDL243C_REV,0.0,0.0
turnup,r_4176_ENZ_YJR155W_FWD,0.0,1.3130829756846651e-10
turnup,r_4176_ENZ_YJR155W_REV,0.0,0.0
turnup,r_4176_ENZ_YNL331C_FWD,0.0,0.0
turnup,r_4176_ENZ_YNL331C_REV,0.0,2.1188384380366188e-10
turnup,r_4176_ENZ_YOL165C_FWD,0.0,0.0
turnup,r_4176_ENZ_YOL165C_REV,0.0,0.0
turnup,r_4176_ENZ_YPL088W_FWD,0.0,0.0
turnup,r_4176_ENZ_YPL088W_REV,0.0,0.0
turnup,r_4177_ENZ_YCR107W_FWD,0.0,0.0
turnup,r_4177_ENZ_YCR107W_REV,0.0,1.3557155398302712e-10
turnup,r_4177_ENZ_YDL243C_FWD,0.0,0.0
turnup,r_4177_ENZ_YDL243C_REV,0.0,0.0
turnup,r_4177_ENZ_YJR155W_FWD,0.0,0.0
turnup,r_4177_ENZ_YJR155W_REV,0.0,0.0
turnup,r_4177_ENZ_YNL331C_FWD,0.0,0.0
turnup,r_4177_ENZ_YNL331C_REV,0.0,0.0
turnup,r_4177_ENZ_YOL165C_FWD,0.0,0.0
turnup,r_4177_ENZ_YOL165C_REV,0.0,0.0
turnup,r_4177_ENZ_YPL088W_FWD,0.0,0.0
turnup,r_4177_ENZ_YPL088W_REV,0.0,0.0
turnup,r_4178_ENZ_YCR107W_FWD,0.0,0.0
turnup,r_4178_ENZ_YCR107W_REV,0.0,0.0
turnup,r_4178_ENZ_YDL243C_FWD,0.0,0.0
turnup,r_4178_ENZ_YDL243C_REV,0.0,0.0
turnup,r_4178_ENZ_YJR155W_FWD,0.0,0.0
turnup,r_4178_ENZ_YJR155W_REV,0.0,1.8877699403674344e-10
turnup,r_4178_ENZ_YNL331C_FWD,0.0,0.0
turnup,r_4178_ENZ_YNL331C_REV,0.0,0.0
turnup,r_4178_ENZ_YOL165C_FWD,0.0,0.0
turnup,r_4178_ENZ_YOL165C_REV,0.0,0.0
turnup,r_4178_ENZ_YPL088W_FWD,0.0,0.0
turnup,r_4178_ENZ_YPL088W_REV,0.0,0.0
turnup,r_4179_ENZ_YCR107W_FWD,0.0,0.0
turnup,r_4179_ENZ_YCR107W_REV,0.0,0.0
turnup,r_4179_ENZ_YDL243C_FWD,0.0,0.0
turnup,r_4179_ENZ_YDL243C_REV,0.0,0.0
turnup,r_4179_ENZ_YJR155W_FWD,0.0,0.0
turnup,r_4179_ENZ_YJR155W_REV,0.0,0.0
turnup,r_4179_ENZ_YNL331C_FWD,0.0,0.0
turnup,r_4179_ENZ_YNL331C_REV,0.0,0.0
turnup,r_4179_ENZ_YOL165C_FWD,0.0,1.255102688446641e-10
turnup,r_4179_ENZ_YOL165C_REV,0.0,0.0
turnup,r_4179_ENZ_YPL088W_FWD,0.0,0.0
turnup,r_4179_ENZ_YPL088W_REV,0.0,0.0
turnup,r_4180_ENZ_YCR107W_FWD,0.0,1.3773160389973782e-10
turnup,r_4180_ENZ_YCR107W_REV,0.0,0.0
turnup,r_4180_ENZ_YDL243C_FWD,0.0,0.0
turnup,r_4180_ENZ_YDL243C_REV,0.0,0.0
turnup,r_4180_ENZ_YJR155W_FWD,0.0,0.0
turnup,r_4180_ENZ_YJR155W_REV,0.0,2.368381046835566e-10
turnup,r_4180_ENZ_YNL331C_FWD,0.0,0.0
turnup,r_4180_ENZ_YNL331C_REV,0.0,2.368381046835566e-10
turnup,r_4180_ENZ_YOL165C_FWD,0.0,1.3773160389973782e-10
turnup,r_4180_ENZ_YOL165C_REV,0.0,0.0
turnup,r_4180_ENZ_YPL088W_FWD,0.0,0.0
turnup,r_4180_ENZ_YPL088W_REV,0.0,0.0
turnup,r_4181_ENZ_YEL031W_FWD,0.0,0.0
turnup,r_4181_ENZ_YEL031W_REV,0.0,0.0
turnup,r_4183_ENZ_YEL070W_FWD,0.0,0.0
turnup,r_4183_ENZ_YEL070W_REV,0.0,0.0
turnup,r_4183_ENZ_YNR073C_FWD,0.0,0.0
turnup,r_4183_ENZ_YNR073C_REV,0.0,0.0
turnup,r_4184_ENZ_YER010C_FWD,0.0,0.0
turnup,r_4184_ENZ_YER010C_REV,0.0,0.0
turnup,r_4185_ENZ_YER010C,0.0,0.0001347449491118
turnup,r_4186_ENZ_YER042W_FWD,0.0,0.0
turnup,r_4186_ENZ_YER042W_REV,0.0,0.0
turnup,r_4187_ENZ_YER087W,0.0,-0.0
turnup,r_4188_ENZ_YER163C,0.0,2.401316350088818e-05
turnup,r_4189_ENZ_YHL018W_FWD,0.0,0.0
turnup,r_4189_ENZ_YHL018W_REV,0.0,0.0
turnup,r_4190_ENZ_YHR008C,0.0,-0.0
turnup,r_4191_ENZ_YHR043C_FWD,0.0,0.0
turnup,r_4191_ENZ_YHR043C_REV,0.0,0.0
turnup,r_4191_ENZ_YHR044C_FWD,0.0,0.0
turnup,r_4191_ENZ_YHR044C_REV,0.0,0.0
turnup,r_4192_ENZ_YHR109W_FWD,0.0,0.0
turnup,r_4192_ENZ_YHR109W_REV,0.0,0.0
turnup,r_4193_ENZ_YDR440W_FWD,0.0,0.0
turnup,r_4193_ENZ_YDR440W_REV,0.0,0.0
turnup,r_4193_ENZ_YHR119W_FWD,0.0,0.0
turnup,r_4193_ENZ_YHR119W_REV,0.0,0.0
turnup,r_4193_ENZ_YJL168C_FWD,0.0,0.0
turnup,r_4193_ENZ_YJL168C_REV,0.0,0.0
turnup,r_4194_ENZ_YIL023C_FWD,0.0,0.0
turnup,r_4194_ENZ_YIL023C_REV,0.0,0.0
turnup,r_4195_ENZ_YMR243C_FWD,0.0,0.0
turnup,r_4195_ENZ_YMR243C_REV,0.0,0.0
turnup,r_4195_ENZ_YOR316C_FWD,0.0,0.0
turnup,r_4195_ENZ_YOR316C_REV,0.0,0.0
turnup,r_4196_ENZ_YIL043C_FWD,0.0,0.06823240795584
turnup,r_4196_ENZ_YIL043C_REV,0.0,0.0
turnup,r_4196_ENZ_YML125C_FWD,0.0,0.068238838342928
turnup,r_4196_ENZ_YML125C_REV,0.0,0.0
turnup,r_4197_ENZ_YIL043C_FWD,0.0,0.0
turnup,r_4197_ENZ_YIL043C_REV,0.0,0.0
turnup,r_4197_ENZ_YKL150W_FWD,0.0,0.0
turnup,r_4197_ENZ_YKL150W_REV,0.0,0.0
turnup,r_4197_ENZ_YML125C_FWD,0.0,0.0
turnup,r_4197_ENZ_YML125C_REV,0.0,0.0
turnup,r_4198_ENZ_YIR036C_FWD,0.0,0.0
turnup,r_4198_ENZ_YIR036C_REV,0.0,0.0
turnup,r_4199_ENZ_YIR038C_FWD,0.0,0.0
turnup,r_4199_ENZ_YIR038C_REV,0.0,0.0
turnup,r_4200_ENZ_YKR076W_FWD,0.0,0.0
turnup,r_4200_ENZ_YKR076W_REV,0.0,0.0
turnup,r_4200_ENZ_YMR251W_FWD,0.0,0.0
turnup,r_4200_ENZ_YMR251W_REV,0.0,0.0
turnup,r_4201_ENZ_YLL060C_FWD,0.0,0.0
turnup,r_4201_ENZ_YLL060C_REV,0.0,0.0
turnup,r_4202_ENZ_YKL069W_FWD,0.0,1.2913807250103382e-05
turnup,r_4202_ENZ_YKL069W_REV,0.0,0.0
turnup,r_4203_ENZ_YKL103C_FWD,0.0,0.0
turnup,r_4203_ENZ_YKL103C_REV,0.0,0.0001405483289165
turnup,r_4204_ENZ_YKL103C_FWD,0.0,0.0
turnup,r_4204_ENZ_YKL103C_REV,0.0,5.166877561565975e-05
turnup,r_4205_ENZ_YKL215C,0.0,2.401316350088818e-05
turnup,r_4206_ENZ_YKL218C_FWD,0.0,0.0
turnup,r_4206_ENZ_YKL218C_REV,0.0,0.0
turnup,r_4207_ENZ_YGR154C_FWD,0.0,0.0
turnup,r_4207_ENZ_YGR154C_REV,0.0,0.0
turnup,r_4208_ENZ_YKR076W_FWD,0.0,0.0
turnup,r_4208_ENZ_YKR076W_REV,0.0,0.0
turnup,r_4209_ENZ_YGR154C_FWD,0.0,0.0
turnup,r_4209_ENZ_YGR154C_REV,0.0,0.0
turnup,r_4210_ENZ_YFL061W_FWD,0.0,0.0
turnup,r_4210_ENZ_YFL061W_REV,0.0,0.0
turnup,r_4210_ENZ_YNL335W_FWD,0.0,0.0
turnup,r_4210_ENZ_YNL335W_REV,0.0,0.0
turnup,r_4211_ENZ_YFL060C_FWD,0.0,0.0
turnup,r_4211_ENZ_YFL060C_REV,0.0,0.0
turnup,r_4211_ENZ_YNL334C_FWD,0.0,0.0
turnup,r_4211_ENZ_YNL334C_REV,0.0,0.0
turnup,r_4212_ENZ_YFL059W_FWD,0.0,0.0
turnup,r_4212_ENZ_YFL059W_REV,0.0,0.0
turnup,r_4212_ENZ_YNL333W_FWD,0.0,0.0
turnup,r_4212_ENZ_YNL333W_REV,0.0,0.0
turnup,r_4214_ENZ_YFR044C_FWD,0.0,8.679007248344919e-05
turnup,r_4214_ENZ_YFR044C_REV,0.0,0.0
turnup,r_4215_ENZ_YFR044C_FWD,0.0,0.0
turnup,r_4215_ENZ_YFR044C_REV,0.0,0.0
turnup,r_4216_ENZ_YDL024C_FWD,0.0,0.0004276753015995
turnup,r_4216_ENZ_YDL024C_REV,0.0,0.0004338425326674
turnup,r_4217_ENZ_YDL120W_FWD,0.0,0.0
turnup,r_4217_ENZ_YDL120W_REV,0.0,0.0
turnup,r_4218_ENZ_YDL219W_FWD,0.0,0.0
turnup,r_4218_ENZ_YDL219W_REV,0.0,0.0
turnup,r_4219_ENZ_YDL219W_FWD,0.0,0.0
turnup,r_4219_ENZ_YDL219W_REV,0.0,0.0
turnup,r_4220_ENZ_YDL236W_FWD,0.0,0.0
turnup,r_4220_ENZ_YDL236W_REV,0.0,0.0
turnup,r_4221_ENZ_YDL246C_FWD,0.0,0.0
turnup,r_4221_ENZ_YDL246C_REV,0.0,0.0
turnup,r_4222_ENZ_YDR009W,0.0,-0.0
turnup,r_4223_ENZ_YDR036C,0.0,-0.0
turnup,r_4224_ENZ_YDR038C,0.0,0.0002181933924691
turnup,r_4224_ENZ_YDR039C,0.0,0.0002110833968862
turnup,r_4224_ENZ_YDR040C,0.0,0.000119041613781
turnup,r_4225_ENZ_YDR051C_FWD,0.0,0.0
turnup,r_4225_ENZ_YDR051C_REV,0.0,0.0
turnup,r_4225_ENZ_YOL075C_FWD,0.0,0.0
turnup,r_4225_ENZ_YOL075C_REV,0.0,0.0
turnup,r_4226_ENZ_YDR111C_FWD,0.0,0.0002950924654487
turnup,r_4226_ENZ_YDR111C_REV,0.0,0.0222370787098808
turnup,r_4227_ENZ_YDR242W_FWD,0.0,0.0
turnup,r_4227_ENZ_YDR242W_REV,0.0,0.0
turnup,r_4228_ENZ_YDR242W,0.0,-0.0
turnup,r_4230_ENZ_YDR242W_FWD,0.0,0.0
turnup,r_4230_ENZ_YDR242W_REV,0.0,0.0
turnup,r_4231_ENZ_YDR242W_FWD,0.0,0.0
turnup,r_4231_ENZ_YDR242W_REV,0.0,0.0
turnup,r_4232_ENZ_YDR248C_FWD,0.0,0.0002560844501289
turnup,r_4232_ENZ_YDR248C_REV,0.0,0.0
turnup,r_4233_ENZ_YDR410C_FWD,0.0,0.0
turnup,r_4233_ENZ_YDR410C_REV,0.0,0.0
turnup,r_4234_ENZ_YDR437W_and_YGR216C_and_YNL038W_and_YPL076W_and_YPL175W_and_YPL096C-A_FWD,0.0,0.0
turnup,r_4234_ENZ_YDR437W_and_YGR216C_and_YNL038W_and_YPL076W_and_YPL175W_and_YPL096C-A_REV,0.0,0.0
turnup,r_4236_ENZ_YDR533C_FWD,0.0,0.0002256666978967
turnup,r_4236_ENZ_YDR533C_REV,0.0,0.0001592511166051
turnup,r_4236_ENZ_YMR322C_FWD,0.0,0.0001221704848765
turnup,r_4236_ENZ_YMR322C_REV,0.0,0.0001731095336268
turnup,r_4236_ENZ_YOR391C_FWD,0.0,0.0004206366197034
turnup,r_4236_ENZ_YOR391C_REV,0.0,0.0002152838296027
turnup,r_4236_ENZ_YPL280W_FWD,0.0,0.000430676335478
turnup,r_4236_ENZ_YPL280W_REV,0.0,0.0002894359385234
turnup,r_4237_ENZ_YGL006W,0.0,0.0
turnup,r_4238_ENZ_YGL167C,0.0,-0.0
turnup,r_4239_ENZ_YGL017W_FWD,0.0,0.0
turnup,r_4239_ENZ_YGL017W_REV,0.0,0.0
turnup,r_4241_ENZ_YGL027C_FWD,0.0,0.0
turnup,r_4241_ENZ_YGL027C_REV,0.0,0.0
turnup,r_4242_ENZ_YGL038C_FWD,0.0,0.0
turnup,r_4242_ENZ_YGL038C_REV,0.0,0.0
turnup,r_4243_ENZ_YGL065C_FWD,0.0,0.0
turnup,r_4243_ENZ_YGL065C_REV,0.0,0.0
turnup,r_4244_ENZ_YGL065C_FWD,0.0,0.0
turnup,r_4244_ENZ_YGL065C_REV,0.0,0.0
turnup,r_4245_ENZ_YGL156W,0.0,-0.0
turnup,r_4246_ENZ_YGL156W,0.0,-0.0
turnup,r_4247_ENZ_YGL169W,0.0,0.0
turnup,r_4248_ENZ_YGL196W,0.0,0.0
turnup,r_4249_ENZ_YGR012W_FWD,0.0,3.716228034988944e-05
turnup,r_4249_ENZ_YGR012W_REV,0.0,0.0
turnup,r_4250_ENZ_YGR036C_FWD,0.0,0.0
turnup,r_4250_ENZ_YGR036C_REV,0.0,0.0
turnup,r_4251_ENZ_YGR046W_FWD,0.0,0.0
turnup,r_4251_ENZ_YGR046W_REV,0.0,0.0
turnup,r_4252_ENZ_YGR144W_FWD,0.0,0.0
turnup,r_4252_ENZ_YGR144W_REV,0.0,0.0
turnup,r_4253_ENZ_YGR227W_FWD,0.0,0.0
turnup,r_4253_ENZ_YGR227W_REV,0.0,0.0
turnup,r_4254_ENZ_YGR234W,0.0,0.0
turnup,r_4255_ENZ_YGR234W,0.0,0.0
turnup,r_4256_ENZ_YJL046W,0.0,0.0
turnup,r_4258_ENZ_YJL046W,0.0,-0.0
turnup,r_4260_ENZ_YJL126W_FWD,0.0,0.0
turnup,r_4260_ENZ_YJL126W_REV,0.0,0.0
turnup,r_4261_ENZ_YJL126W_FWD,0.0,0.0
turnup,r_4261_ENZ_YJL126W_REV,0.0,0.0
turnup,r_4262_ENZ_YJL200C_FWD,0.8534550047076217,0.8542690183904218
turnup,r_4262_ENZ_YJL200C_REV,0.0,0.0
turnup,r_4263_ENZ_YJR040W_FWD,0.0,0.0
turnup,r_4263_ENZ_YJR040W_REV,0.0,0.0
turnup,r_4264_ENZ_YJR051W,0.0,0.0008111884787298
turnup,r_4265_ENZ_YJR069C,0.0,-0.0
turnup,r_4266_ENZ_YJR069C,0.0,0.0001000894038459
turnup,r_4267_ENZ_YJR069C,0.0,0.0001743120088075
turnup,r_4268_ENZ_YJR069C,0.0,0.0001723873853019
turnup,r_4269_ENZ_YJR069C_FWD,0.0,0.0
turnup,r_4269_ENZ_YJR069C_REV,0.0,0.0
turnup,r_4270_ENZ_YJR104C,0.0,-0.0
turnup,r_4271_ENZ_YJR131W_FWD,0.0,0.0
turnup,r_4271_ENZ_YJR131W_REV,0.0,0.0
turnup,r_4271_ENZ_YLR057W_FWD,0.0,0.0
turnup,r_4271_ENZ_YLR057W_REV,0.0,0.0
turnup,r_4272_ENZ_YJR131W_FWD,0.0,0.0
turnup,r_4272_ENZ_YJR131W_REV,0.0,0.0
turnup,r_4272_ENZ_YLR057W_FWD,0.0,0.0
turnup,r_4272_ENZ_YLR057W_REV,0.0,0.0
turnup,r_4273_ENZ_YJR149W_FWD,0.0,0.0
turnup,r_4273_ENZ_YJR149W_REV,0.0,0.0
turnup,r_4274_ENZ_YLL058W,0.0,6.46275275979491e-05
turnup,r_4274_ENZ_YML082W,0.0,6.06572650058701e-05
turnup,r_4275_ENZ_YKL220C_FWD,0.0,0.0
turnup,r_4275_ENZ_YKL220C_REV,0.0,0.0
turnup,r_4275_ENZ_YLR047C_FWD,0.0,0.0
turnup,r_4275_ENZ_YLR047C_REV,0.0,0.0
turnup,r_4275_ENZ_YLR214W_FWD,0.0,0.0
turnup,r_4275_ENZ_YLR214W_REV,0.0,0.0
turnup,r_4275_ENZ_YNR060W_FWD,0.0,0.0
turnup,r_4275_ENZ_YNR060W_REV,0.0,0.0
turnup,r_4275_ENZ_YOL152W_FWD,0.0,0.0
turnup,r_4275_ENZ_YOL152W_REV,0.0,0.0
turnup,r_4275_ENZ_YOR381W_FWD,0.0,0.0
turnup,r_4275_ENZ_YOR381W_REV,0.0,0.0
turnup,r_4275_ENZ_YOR384W_FWD,0.0,0.0
turnup,r_4275_ENZ_YOR384W_REV,0.0,0.0
turnup,r_4276_ENZ_YLL051C_FWD,0.0,0.0
turnup,r_4276_ENZ_YLL051C_REV,0.0,0.0
turnup,r_4277_ENZ_YLR099C_FWD,0.0,0.0
turnup,r_4277_ENZ_YLR099C_REV,0.0,0.0
turnup,r_4277_ENZ_YPR139C_FWD,0.0,0.0
turnup,r_4277_ENZ_YPR139C_REV,0.0,0.0
turnup,r_4278_ENZ_YLR143W,0.0,-0.0
turnup,r_4279_ENZ_YLR151C,0.0,-0.0
turnup,r_4280_ENZ_YLR239C_FWD,0.0,0.0007182883113729
turnup,r_4280_ENZ_YLR239C_REV,0.0,0.0013010154046834
turnup,r_4281_ENZ_YLR239C_FWD,0.0,0.0013010154034529
turnup,r_4281_ENZ_YLR239C_REV,0.0,0.001315540628151
turnup,r_4282_ENZ_YLR345W,0.0,0.0
turnup,r_4283_ENZ_YLR446W,0.0,0.0
turnup,r_4284_ENZ_YLR446W,0.0,-0.0
turnup,r_4285_ENZ_YLR446W,0.0,0.0
turnup,r_4286_ENZ_YLR446W,0.0,0.0
turnup,r_4287_ENZ_YLR446W,0.0,-0.0
turnup,r_4288_ENZ_YMR099C_FWD,0.0,0.0
turnup,r_4288_ENZ_YMR099C_REV,0.0,0.0
turnup,r_4291_ENZ_YMR110C_FWD,0.0,0.0
turnup,r_4291_ENZ_YMR110C_REV,0.0,0.0
turnup,r_4292_ENZ_YMR110C_FWD,0.0,0.0
turnup,r_4292_ENZ_YMR110C_REV,0.0,0.0003100665393777
turnup,r_4293_ENZ_YMR110C,0.0,0.0003207949040261
turnup,r_4294_ENZ_YMR110C,0.0,0.0
turnup,r_4295_ENZ_YMR110C_FWD,0.0,0.0
turnup,r_4295_ENZ_YMR110C_REV,0.0,0.0
turnup,r_4296_ENZ_YMR110C,0.0,-0.0
turnup,r_4297_ENZ_YMR110C_FWD,0.0,0.0
turnup,r_4297_ENZ_YMR110C_REV,0.0,0.0
turnup,r_4298_ENZ_YMR110C_FWD,0.0,0.0
turnup,r_4298_ENZ_YMR110C_REV,0.0,0.0
turnup,r_4299_ENZ_YMR110C_FWD,0.0,0.0
turnup,r_4299_ENZ_YMR110C_REV,0.0,0.0
turnup,r_4300_ENZ_YMR110C_FWD,0.0,0.0
turnup,r_4300_ENZ_YMR110C_REV,0.0,0.0
turnup,r_4301_ENZ_YMR110C_FWD,0.0,0.0
turnup,r_4301_ENZ_YMR110C_REV,0.0,0.0
turnup,r_4302_ENZ_YMR110C_FWD,0.0,0.0
turnup,r_4302_ENZ_YMR110C_REV,0.0,0.0
turnup,r_4303_ENZ_YMR110C_FWD,0.0,0.0
turnup,r_4303_ENZ_YMR110C_REV,0.0,0.0
turnup,r_4304_ENZ_YMR110C_FWD,0.0,0.0
turnup,r_4304_ENZ_YMR110C_REV,0.0,0.0
turnup,r_4305_ENZ_YMR110C_FWD,0.0,0.0
turnup,r_4305_ENZ_YMR110C_REV,0.0,0.0
turnup,r_4306_ENZ_YMR110C_FWD,0.0,0.0
turnup,r_4306_ENZ_YMR110C_REV,0.0,0.0
turnup,r_4307_ENZ_YMR110C_FWD,0.0,0.0
turnup,r_4307_ENZ_YMR110C_REV,0.0,0.0
turnup,r_4308_ENZ_YMR162C,0.0,-0.0
turnup,r_4309_ENZ_YMR210W,0.0,-0.0
turnup,r_4310_ENZ_YNL048W_FWD,0.0,0.0
turnup,r_4310_ENZ_YNL048W_REV,0.0,0.0
turnup,r_4311_ENZ_YNL048W_FWD,0.0,0.0
turnup,r_4311_ENZ_YNL048W_REV,0.0,0.0
turnup,r_4312_ENZ_YNL092W_FWD,0.0,0.0
turnup,r_4312_ENZ_YNL092W_REV,0.0,0.0
turnup,r_4313_ENZ_YNL219C_FWD,0.0,0.0
turnup,r_4313_ENZ_YNL219C_REV,0.0,0.0
turnup,r_4314_ENZ_YNL219C_FWD,0.0,0.0
turnup,r_4314_ENZ_YNL219C_REV,0.0,0.0
turnup,r_4315_ENZ_YNL274C_FWD,0.0,0.0
turnup,r_4315_ENZ_YNL274C_REV,0.0,0.0
turnup,r_4316_ENZ_YNR030W_FWD,0.0,0.0
turnup,r_4316_ENZ_YNR030W_REV,0.0,0.0
turnup,r_4317_ENZ_YOL157C_FWD,0.0,0.0
turnup,r_4317_ENZ_YOL157C_REV,0.0,0.0
turnup,r_4318_ENZ_YOL157C_FWD,0.0,0.0
turnup,r_4318_ENZ_YOL157C_REV,0.0,0.0
turnup,r_4319_ENZ_YOL157C_FWD,0.0,0.0
turnup,r_4319_ENZ_YOL157C_REV,0.0,0.0
turnup,r_4320_ENZ_YOR002W_FWD,0.0,0.0
turnup,r_4320_ENZ_YOR002W_REV,0.0,0.0
turnup,r_4321_ENZ_YOR067C_FWD,0.0,0.0
turnup,r_4321_ENZ_YOR067C_REV,0.0,0.0
turnup,r_4322_ENZ_YOR149C_FWD,0.0,0.0
turnup,r_4322_ENZ_YOR149C_REV,0.0,0.0
turnup,r_4323_ENZ_YOR196C_FWD,0.0,0.0013155405995767
turnup,r_4323_ENZ_YOR196C_REV,0.0,0.0007182906252648
turnup,r_4324_ENZ_YOR196C_FWD,0.0,0.0007189718685591
turnup,r_4324_ENZ_YOR196C_REV,0.0,0.0013155406623896
turnup,r_4325_ENZ_YOR226C,0.0,0.0
turnup,r_4325_ENZ_YPL135W,0.0,0.0
turnup,r_4326_ENZ_YOR251C_FWD,0.0,0.0
turnup,r_4326_ENZ_YOR251C_REV,0.0,0.0
turnup,r_4326_ENZ_YOR285W_FWD,0.0,0.0
turnup,r_4326_ENZ_YOR285W_REV,0.0,0.0
turnup,r_4326_ENZ_YOR286W_FWD,0.0,0.0
turnup,r_4326_ENZ_YOR286W_REV,0.0,0.0
turnup,r_4327_ENZ_YOR334W_FWD,0.0,0.0
turnup,r_4327_ENZ_YOR334W_REV,0.0,0.0
turnup,r_4327_ENZ_YPL060W_FWD,0.0,0.0
turnup,r_4327_ENZ_YPL060W_REV,0.0,0.0
turnup,r_4328_ENZ_YPL227C_FWD,0.0,0.0
turnup,r_4328_ENZ_YPL227C_REV,0.0,0.0
turnup,r_4329_ENZ_YPR003C_FWD,0.0,0.0
turnup,r_4329_ENZ_YPR003C_REV,0.0,0.0
turnup,r_4330_ENZ_YPR127W_FWD,0.0,0.0
turnup,r_4330_ENZ_YPR127W_REV,0.0,0.0005784093263647
turnup,r_4331_ENZ_YDR371W_FWD,0.0,0.0
turnup,r_4331_ENZ_YDR371W_REV,0.0,0.0
turnup,r_4331_ENZ_YLR286C_FWD,0.0,0.0
turnup,r_4331_ENZ_YLR286C_REV,0.0,0.0
turnup,r_4332_ENZ_YOR161C_FWD,0.0,0.000238843312303
turnup,r_4332_ENZ_YOR161C_REV,0.0,0.0
turnup,r_4333_ENZ_YDR452W_FWD,0.0,0.0005874008557805
turnup,r_4333_ENZ_YDR452W_REV,0.0,0.0006846293530657
turnup,r_4333_ENZ_YHR201C_FWD,0.0,0.0006763128216542
turnup,r_4333_ENZ_YHR201C_REV,0.0,0.000870219481209
turnup,r_4334_ENZ_YDR270W,0.0,0.0
turnup,r_4335_ENZ_YDR452W,0.0,0.0002170157147496
turnup,r_4336_ENZ_YLR351C_FWD,0.0,0.0
turnup,r_4336_ENZ_YLR351C_REV,0.0,0.0
turnup,r_4337_ENZ_YMR301C_FWD,0.0,0.0
turnup,r_4337_ENZ_YMR301C_REV,0.0,0.0
turnup,r_4338_ENZ_YOL157C_FWD,0.0,0.0
turnup,r_4338_ENZ_YOL157C_REV,0.0,0.0
turnup,r_4339_ENZ_YEL004W_FWD,0.0,0.0
turnup,r_4339_ENZ_YEL004W_REV,0.0,0.0
turnup,r_4340_ENZ_YEL066W_FWD,0.0,0.0
turnup,r_4340_ENZ_YEL066W_REV,0.0,0.0
turnup,r_4341_FWD,0.0,0.0
turnup,r_4341_REV,0.0,0.0
turnup,r_4342,0.0,0.0
turnup,r_4343_FWD,0.0,0.0
turnup,r_4343_REV,0.0,0.0
turnup,r_4344,0.0,0.0
turnup,r_4345,0.0,0.0
turnup,r_4346_FWD,0.0,0.0
turnup,r_4346_REV,0.0,0.0
turnup,r_4347,0.0,0.0
turnup,r_4348_FWD,0.0,0.0
turnup,r_4348_REV,0.0,0.0
turnup,r_4349_FWD,0.0,0.0
turnup,r_4349_REV,0.0,0.0
turnup,r_4350,0.0,0.0
turnup,r_4351,0.0,0.0
turnup,r_4352_FWD,0.0,0.0
turnup,r_4352_REV,0.0,0.0
turnup,r_4353,0.0,0.0
turnup,r_4354,0.0,0.0
turnup,r_4355_FWD,0.0,6.337150297541783e-05
turnup,r_4355_REV,0.0,0.0
turnup,r_4356_FWD,0.0,0.0
turnup,r_4356_REV,0.0,6.408573479999014e-05
turnup,r_4357,0.0,0.0
turnup,r_4358_FWD,0.0,0.0
turnup,r_4358_REV,0.0,0.0
turnup,r_4359,0.0,0.0
turnup,r_4360_FWD,0.0,0.0
turnup,r_4360_REV,0.0,0.0
turnup,r_4361_ENZ_YJR152W_FWD,0.0,0.0
turnup,r_4361_ENZ_YJR152W_REV,0.0,0.0
turnup,r_4361_ENZ_YKR093W_FWD,0.0,0.0
turnup,r_4361_ENZ_YKR093W_REV,0.0,0.0
turnup,r_4362,0.0,0.0
turnup,r_4363,0.0,-0.0
turnup,r_4364_FWD,0.0,0.0
turnup,r_4364_REV,0.0,0.0
turnup,r_4365_FWD,0.0,0.0
turnup,r_4365_REV,0.0,0.0
turnup,r_4366_FWD,0.0,0.0
turnup,r_4366_REV,0.0,8.143474136967921e-06
turnup,r_4367_FWD,0.0,0.0
turnup,r_4367_REV,0.0,1.5725905223890058e-05
turnup,r_4368,0.0,0.0
turnup,r_4369_FWD,0.0,0.0
turnup,r_4369_REV,0.0,0.0
turnup,r_4370,0.0,0.0
turnup,r_4371_FWD,0.0,0.0
turnup,r_4371_REV,0.0,0.0
turnup,r_4372_ENZ_YGR247W,0.0,0.0
turnup,r_4373_FWD,0.0,0.0
turnup,r_4373_REV,0.0,0.0
turnup,r_4374,0.0,0.0
turnup,r_4375_FWD,0.0,0.0
turnup,r_4375_REV,0.0,0.0
turnup,r_4376,0.0,0.0
turnup,r_4377_FWD,0.0,0.0
turnup,r_4377_REV,0.0,0.0
turnup,r_4378,0.0,0.0
turnup,r_4379_FWD,0.0,0.0
turnup,r_4379_REV,0.0,0.0
turnup,r_4380_FWD,0.0,0.0
turnup,r_4380_REV,0.0,1.1104144361532772e-05
turnup,r_4381_FWD,0.0,0.0
turnup,r_4381_REV,0.0,2.1590515057593948e-05
turnup,r_4382_FWD,0.0,0.0
turnup,r_4382_REV,0.0,0.0
turnup,r_4383_FWD,0.0,0.0
turnup,r_4383_REV,0.0,0.0
turnup,r_4384,0.0,0.0
turnup,r_4385_FWD,0.0,0.0
turnup,r_4385_REV,0.0,0.0
turnup,r_4386,0.0,0.0
turnup,r_4387_ENZ_YJR152W_FWD,0.0,0.0
turnup,r_4387_ENZ_YJR152W_REV,0.0,0.0
turnup,r_4387_ENZ_YKR093W_FWD,0.0,0.0
turnup,r_4387_ENZ_YKR093W_REV,0.0,0.0
turnup,r_4388_ENZ_YGR247W,0.0,0.0
turnup,r_4389_FWD,0.0,0.0
turnup,r_4389_REV,0.0,0.0
turnup,r_4390_FWD,0.0,0.0
turnup,r_4390_REV,0.0,0.0
turnup,r_4391,0.0,-0.0
turnup,r_4392_FWD,0.0,0.0
turnup,r_4392_REV,0.0,0.0
turnup,r_4393,0.0,0.0
turnup,r_4394_FWD,0.0,0.0
turnup,r_4394_REV,0.0,0.0
turnup,r_4395_ENZ_YDL245C_FWD,0.0,8.203073775803205e-10
turnup,r_4395_ENZ_YDL245C_REV,0.0,5.15171905135503e-10
turnup,r_4395_ENZ_YDR342C_FWD,0.0,3.0371438697329717e-10
turnup,r_4395_ENZ_YDR342C_REV,0.0,4.976781156074139e-07
turnup,r_4395_ENZ_YDR343C_FWD,0.0,1.7642963712205528e-07
turnup,r_4395_ENZ_YDR343C_REV,0.0,5.131767011334887e-09
turnup,r_4395_ENZ_YDR345C_FWD,0.0,2.167142497455643e-06
turnup,r_4395_ENZ_YDR345C_REV,0.0,1.4481855714620906e-07
turnup,r_4395_ENZ_YEL069C_FWD,0.0,3.161170525345369e-08
turnup,r_4395_ENZ_YEL069C_REV,0.0,0.0
turnup,r_4395_ENZ_YFL011W_FWD,0.0,3.161170525345369e-08
turnup,r_4395_ENZ_YFL011W_REV,0.0,2.1049118004157208e-10
turnup,r_4395_ENZ_YHR092C_FWD,0.0,0.0
turnup,r_4395_ENZ_YHR092C_REV,0.0,1.8372190879745176e-08
turnup,r_4395_ENZ_YHR094C_FWD,0.0,1.7643009186940617e-07
turnup,r_4395_ENZ_YHR094C_REV,0.0,0.0
turnup,r_4395_ENZ_YHR096C_FWD,0.0,0.0
turnup,r_4395_ENZ_YHR096C_REV,0.0,0.0
turnup,r_4395_ENZ_YJL214W_FWD,0.0,1.3239457530289656e-08
turnup,r_4395_ENZ_YJL214W_REV,0.0,4.976781156074139e-07
turnup,r_4395_ENZ_YJL219W_FWD,0.0,3.161170525345369e-08
turnup,r_4395_ENZ_YJL219W_REV,0.0,2.1565824681601953e-09
turnup,r_4395_ENZ_YJR158W_FWD,0.0,2.976719315483933e-09
turnup,r_4395_ENZ_YJR158W_REV,0.0,4.976781156074139e-07
turnup,r_4395_ENZ_YMR011W_FWD,0.0,8.203073775803205e-10
turnup,r_4395_ENZ_YMR011W_REV,0.0,4.976781156074139e-07
turnup,r_4395_ENZ_YNR072W_FWD,0.0,3.161170525345369e-08
turnup,r_4395_ENZ_YNR072W_REV,0.0,5.131767011334887e-09
turnup,r_4395_ENZ_YOL156W_FWD,0.0,2.167142497455643e-06
turnup,r_4395_ENZ_YOL156W_REV,0.0,4.976781156074139e-07
turnup,r_4396,0.0,2.428144374000407e-05
turnup,r_4397_FWD,0.0,0.0
turnup,r_4397_REV,0.0,1.7654397865829452e-05
turnup,r_4398_ENZ_YJR152W_FWD,0.0,0.0
turnup,r_4398_ENZ_YJR152W_REV,0.0,0.0
turnup,r_4398_ENZ_YKR093W_FWD,0.0,0.0
turnup,r_4398_ENZ_YKR093W_REV,0.0,0.0
turnup,r_4399_FWD,0.0,0.0
turnup,r_4399_REV,0.0,0.0
turnup,r_4400_ENZ_YBR299W,0.0,0.0
turnup,r_4400_ENZ_YGR292W,0.0,0.0
turnup,r_4401_FWD,0.0,0.0
turnup,r_4401_REV,0.0,0.0
turnup,r_4402_ENZ_YJR152W_FWD,0.0,0.0
turnup,r_4402_ENZ_YJR152W_REV,0.0,0.0
turnup,r_4402_ENZ_YKR093W_FWD,0.0,0.0
turnup,r_4402_ENZ_YKR093W_REV,0.0,0.0
turnup,r_4403_ENZ_YDR452W,0.0,0.0
turnup,r_4403_ENZ_YHR201C,0.0,0.0
turnup,r_4404_ENZ_YJR152W_FWD,0.0,0.0
turnup,r_4404_ENZ_YJR152W_REV,0.0,0.0
turnup,r_4404_ENZ_YKR093W_FWD,0.0,0.0
turnup,r_4404_ENZ_YKR093W_REV,0.0,0.0
turnup,r_4405_FWD,0.0,0.0
turnup,r_4405_REV,0.0,0.0
turnup,r_4406_FWD,0.0,0.0
turnup,r_4406_REV,0.0,0.0
turnup,r_4407_FWD,0.0,0.0
turnup,r_4407_REV,0.0,0.0
turnup,r_4408_ENZ_YJR152W_FWD,0.0,0.0
turnup,r_4408_ENZ_YJR152W_REV,0.0,0.0
turnup,r_4408_ENZ_YKR093W_FWD,0.0,0.0
turnup,r_4408_ENZ_YKR093W_REV,0.0,0.0
turnup,r_4409,0.0,0.0
turnup,r_4410_FWD,0.0,0.0
turnup,r_4410_REV,0.0,9.347853726993094e-05
turnup,r_4411,0.0,0.0
turnup,r_4412_ENZ_YGR247W,0.0,0.0
turnup,r_4413,0.0,0.0
turnup,r_4414,0.0,0.0
turnup,r_4415,0.0,0.0
turnup,r_4416,0.0,0.0
turnup,r_4417,0.0,0.0
turnup,r_4418,0.0,0.0
turnup,r_4419_FWD,0.0,0.0
turnup,r_4419_REV,0.0,0.0
turnup,r_4420_ENZ_YBR299W_FWD,0.0,0.0
turnup,r_4420_ENZ_YBR299W_REV,0.0,0.0
turnup,r_4420_ENZ_YGR292W_FWD,0.0,0.0
turnup,r_4420_ENZ_YGR292W_REV,0.0,0.0
turnup,r_4421_FWD,0.0,0.0
turnup,r_4421_REV,0.0,0.0
turnup,r_4422_FWD,0.0,0.0
turnup,r_4422_REV,0.0,5.301155528947277e-05
turnup,r_4423_FWD,0.0,0.0
turnup,r_4423_REV,0.0,0.0
turnup,r_4424_ENZ_YJR152W_FWD,0.0,0.0
turnup,r_4424_ENZ_YJR152W_REV,0.0,0.0
turnup,r_4424_ENZ_YKR093W_FWD,0.0,0.0
turnup,r_4424_ENZ_YKR093W_REV,0.0,0.0
turnup,r_4425_FWD,0.0,0.0
turnup,r_4425_REV,0.0,0.0
turnup,r_4426_FWD,0.0,0.0
turnup,r_4426_REV,0.0,0.0
turnup,r_4427_FWD,0.0,0.0
turnup,r_4427_REV,0.0,2.4009461489296613e-05
turnup,r_4428_FWD,0.0,0.0
turnup,r_4428_REV,0.0,0.0
turnup,r_4429_ENZ_YJR152W_FWD,0.0,0.0
turnup,r_4429_ENZ_YJR152W_REV,0.0,0.0
turnup,r_4429_ENZ_YKR093W_FWD,0.0,0.0
turnup,r_4429_ENZ_YKR093W_REV,0.0,0.0
turnup,r_4430_FWD,0.0,0.0
turnup,r_4430_REV,0.0,0.0
turnup,r_4431_FWD,0.0,0.0
turnup,r_4431_REV,0.0,0.0
turnup,r_4432,0.0,0.0
turnup,r_4433_FWD,0.0,0.0
turnup,r_4433_REV,0.0,0.0
turnup,r_4434_FWD,0.0,0.0
turnup,r_4434_REV,0.0,0.0
turnup,r_4435_ENZ_YER062C,0.0,0.0
turnup,r_4435_ENZ_YIL053W,0.0,0.0
turnup,r_4436,0.0,0.0
turnup,r_4437_ENZ_YJR152W_FWD,0.0,0.0
turnup,r_4437_ENZ_YJR152W_REV,0.0,0.0
turnup,r_4437_ENZ_YKR093W_FWD,0.0,0.0
turnup,r_4437_ENZ_YKR093W_REV,0.0,0.0
turnup,r_4438_FWD,0.0,0.0
turnup,r_4438_REV,0.0,0.0
turnup,r_4439,0.0,0.0
turnup,r_4440_FWD,0.0,1.0688842760064876e-05
turnup,r_4440_REV,0.0,0.0
turnup,r_4441_FWD,0.0,0.0
turnup,r_4441_REV,0.0,0.0
turnup,r_4442,0.0,0.0
turnup,r_4443_FWD,0.0,0.0
turnup,r_4443_REV,0.0,0.0
turnup,r_4444_FWD,0.0,0.0
turnup,r_4444_REV,0.0,0.0002909509286617
turnup,r_4445_FWD,0.0,0.0
turnup,r_4445_REV,0.0,0.000274936893157
turnup,r_4446_FWD,0.0,0.0
turnup,r_4446_REV,0.0,0.0002333990743091
turnup,r_4447_FWD,0.0,0.0
turnup,r_4447_REV,0.0,6.52594168910059e-05
turnup,r_4448_ENZ_YJR152W_FWD,0.0,0.0
turnup,r_4448_ENZ_YJR152W_REV,0.0,2.338469389073783e-05
turnup,r_4448_ENZ_YKR093W_FWD,0.0,0.0
turnup,r_4448_ENZ_YKR093W_REV,0.0,2.276352521246583e-05
turnup,r_4449_FWD,0.0,0.0
turnup,r_4449_REV,0.0,1.0693057932165129e-05
turnup,r_4450_FWD,0.0,0.0
turnup,r_4450_REV,0.0,0.0001971941327214
turnup,r_4451_FWD,0.0,0.0
turnup,r_4451_REV,0.0,1.3999245858920678e-05
turnup,r_4452_FWD,0.0,0.0
turnup,r_4452_REV,0.0,0.0
turnup,r_4453_FWD,0.0,0.0
turnup,r_4453_REV,0.0,0.0002190628545957
turnup,r_4454_FWD,0.0,0.0
turnup,r_4454_REV,0.0,1.763050463669813e-05
turnup,r_4455_FWD,0.0,0.0
turnup,r_4455_REV,0.0,0.0002532009364468
turnup,r_4456_FWD,0.0,0.0
turnup,r_4456_REV,0.0,0.0002110427982004
turnup,r_4457_ENZ_YDR093W_FWD,0.0,0.0
turnup,r_4457_ENZ_YDR093W_REV,0.0,0.0
turnup,r_4458_FWD,0.0,0.0
turnup,r_4458_REV,0.0,0.0002663668265157
turnup,r_4459_FWD,0.0,0.0
turnup,r_4459_REV,0.0,0.0001532286176546
turnup,r_4460_FWD,0.0,0.0
turnup,r_4460_REV,1.456786344293561,1.4581745020008965
turnup,r_4461_FWD,0.0,0.0
turnup,r_4461_REV,0.0,7.160599545405488e-06
turnup,r_4462_FWD,0.0,0.0
turnup,r_4462_REV,0.0,0.0
turnup,r_4463_FWD,0.0,0.0
turnup,r_4463_REV,0.0,1.4618668982399089e-05
turnup,r_4464_FWD,0.0,0.0
turnup,r_4464_REV,0.0,0.0
turnup,r_4465_FWD,0.0,0.0
turnup,r_4465_REV,0.0,0.0
turnup,r_4466_FWD,0.0,0.0
turnup,r_4466_REV,0.0,1.6783212795606905e-05
turnup,r_4467_FWD,0.0,0.0
turnup,r_4467_REV,0.0,0.0
turnup,r_4468_ENZ_YDR342C_FWD,0.0,0.0
turnup,r_4468_ENZ_YDR342C_REV,0.0,0.0
turnup,r_4468_ENZ_YHR092C_FWD,0.0,0.0
turnup,r_4468_ENZ_YHR092C_REV,0.0,0.0
turnup,r_4469_ENZ_YKR039W_FWD,0.0,0.0
turnup,r_4469_ENZ_YKR039W_REV,0.0,1.0758963604876048e-05
turnup,r_4470_FWD,0.0,0.0
turnup,r_4470_REV,0.0,4.555981750413007e-05
turnup,r_4471_ENZ_YJR152W_FWD,0.0,0.0
turnup,r_4471_ENZ_YJR152W_REV,0.0,5.224563162711804e-05
turnup,r_4471_ENZ_YKR093W_FWD,0.0,0.0
turnup,r_4471_ENZ_YKR093W_REV,0.0,3.837785581706221e-05
turnup,r_4472_FWD,0.0,0.0
turnup,r_4472_REV,0.0,3.837785581706221e-05
turnup,r_4473_ENZ_YJR152W_FWD,0.0,0.0
turnup,r_4473_ENZ_YJR152W_REV,0.0,7.732103924218414e-05
turnup,r_4473_ENZ_YKR093W_FWD,0.0,0.0
turnup,r_4473_ENZ_YKR093W_REV,0.0,6.686601047567464e-05
turnup,r_4474_FWD,0.0,0.0
turnup,r_4474_REV,0.0,0.0001389847545827
turnup,r_4475_FWD,0.0,0.0
turnup,r_4475_REV,0.0,3.609299139536903e-05
turnup,r_4476_FWD,0.0,0.0
turnup,r_4476_REV,0.0,3.609299139536903e-05
turnup,r_4477_FWD,0.0,0.0
turnup,r_4477_REV,0.0,0.0
turnup,r_4478_FWD,0.0,0.0
turnup,r_4478_REV,0.0,1.1507874354679816e-05
turnup,r_4479_FWD,0.0,0.0
turnup,r_4479_REV,0.0,0.0
turnup,r_4480_FWD,0.0,0.0
turnup,r_4480_REV,0.0,0.0
turnup,r_4481,0.0,5.6143114198992095e-05
turnup,r_4482_FWD,0.0,0.0001508805400571
turnup,r_4482_REV,0.0,0.0
turnup,r_4483_FWD,0.0,0.0001405483280035
turnup,r_4483_REV,0.0,0.0
turnup,r_4484_ENZ_YJR130C_FWD,0.0,0.0
turnup,r_4484_ENZ_YJR130C_REV,0.0,3.1923206216283306e-05
turnup,r_4484_ENZ_YLL058W_FWD,0.0,0.0
turnup,r_4484_ENZ_YLL058W_REV,0.0,6.059584241219218e-05
turnup,r_4484_ENZ_YML082W_FWD,0.0,0.0
turnup,r_4484_ENZ_YML082W_REV,0.0,6.25877242552142e-05
turnup,r_4485,0.0,4.4318461844883306e-05
turnup,r_4486,0.0,4.4318461844883306e-05
turnup,r_4487,0.0,4.4318461844883306e-05
turnup,r_4488,0.0,4.4318461844883306e-05
turnup,r_4489,0.0,0.0
turnup,r_4490_FWD,0.0,0.0
turnup,r_4490_REV,0.0,0.0
turnup,r_4491,0.0,0.0
turnup,r_4492,0.0,0.0
turnup,r_4493_ENZ_YNL065W_FWD,0.0,0.0
turnup,r_4493_ENZ_YNL065W_REV,0.0,2.2219510089682704e-05
turnup,r_4494,0.0,-0.0
turnup,r_4495,0.0,0.0
turnup,r_4496,0.0,0.0001508805428427
turnup,r_4497,0.0,9.672354511747194e-05
turnup,r_4498,0.0,0.0
turnup,r_4499,0.0,0.0
turnup,r_4500,0.0,3.2258064516129026e-10
turnup,r_4501,0.0,0.0
turnup,r_4502,0.0,0.0001196820801308
turnup,r_4503,0.0,0.0
turnup,r_4504,0.0,0.0002117367325156
turnup,r_4505,0.0,0.0
turnup,r_4506,0.0,0.0
turnup,r_4507,0.0,0.0001392381766089
turnup,r_4508,0.0,0.0
turnup,r_4509,0.0,3.531054785960164e-05
turnup,r_4510,0.0,0.0
turnup,r_4511,0.0,-0.0
turnup,r_4512,0.0,0.0
turnup,r_4513,0.0,0.0
turnup,r_4514,0.0,0.0
turnup,r_4515,0.0,0.0
turnup,r_4516,0.0,0.0
turnup,r_4517,0.0,0.0
turnup,r_4518,0.0,1.1818925445439277e-05
turnup,r_4519,0.0,2.0981131980721268e-05
turnup,r_4520,0.0,0.0001154264396767
turnup,r_4521,0.0,6.202230644632156e-06
turnup,r_4522,0.0,0.0
turnup,r_4523,0.0,0.0002909509284876
turnup,r_4524,0.0,1.3999215419658456e-05
turnup,r_4525,0.0,8.894257461511401e-05
turnup,r_4526,0.0,-0.0
turnup,r_4527,1.457038088002494,1.4582143767098223
turnup,r_4528,0.0,0.0
turnup,r_4529,0.0,0.0002697712681598
turnup,r_4530,0.0,1.5890580097252527e-05
turnup,r_4531,0.0,6.453886802833264e-05
turnup,r_4532,0.0,0.0
turnup,r_4533,0.0,0.0
turnup,r_4534,0.0,0.0
turnup,r_4535,0.0,0.0
turnup,r_4536,0.0,0.0
turnup,r_4537,0.0,0.0
turnup,r_4538,0.0,0.000266366822661
turnup,r_4539,0.0,0.0002333990722271
turnup,r_4540,0.0,0.0
turnup,r_4541,0.0,0.0
turnup,r_4542,0.0,0.0
turnup,r_4543,0.0,0.0001321773561189
turnup,r_4544,0.0,0.0
turnup,r_4545,0.0,0.0
turnup,r_4546,0.0,0.0
turnup,r_4547,0.0,0.0002804645282915
turnup,r_4548,0.0,1.4618717505848236e-05
turnup,r_4549,0.0,1.2440450055217768e-05
turnup,r_4550,0.0,2.518358515819774e-05
turnup,r_4551,0.0,0.0
turnup,r_4552,0.0,1.1104377301380738e-05
turnup,r_4553,0.0,0.0
turnup,r_4554,0.0,0.0
turnup,r_4555,0.0,4.333115244353758e-05
turnup,r_4556,0.0,6.314943809870854e-05
turnup,r_4557,0.0,1.7630505083333914e-05
turnup,r_4558,0.0,1.67832126738085e-05
turnup,r_4559,0.0,0.0
turnup,r_4560,0.0,0.0
turnup,r_4561,0.0,0.0
turnup,r_4562,0.0,0.0
turnup,r_4563,0.0,0.0
turnup,r_4564,0.0,0.0
turnup,r_4565,0.0,0.0
turnup,r_4567,0.0,0.0001326942365089
turnup,r_4568,0.0,0.0
turnup,r_4569,0.0,-0.0
turnup,r_4570_ENZ_YER081W_FWD,0.0,0.0
turnup,r_4570_ENZ_YER081W_REV,0.1316283148647969,0.1318496622694004
turnup,r_4570_ENZ_YIL074C_FWD,0.0,0.0
turnup,r_4570_ENZ_YIL074C_REV,0.0,0.0
turnup,r_4571_FWD,0.1316280291885418,0.1318496622727188
turnup,r_4571_REV,0.0,0.0
turnup,r_4572_FWD,0.0,1.5756166482479268e-05
turnup,r_4572_REV,0.0,0.0
turnup,r_4573,0.0,2.181520450452072e-05
turnup,r_4574,0.0,2.078514434632932e-05
turnup,r_4575,0.0,9.670996260013892e-06
turnup,r_4581,0.1316283148648964,0.1318418979341297
turnup,r_4582,0.1316283148648964,0.1318418979341297
turnup,r_4583,0.0,6.359524545349049e-05
turnup,r_4584_ENZ_YER015W,0.0,3.47231557151495e-05
turnup,r_4584_ENZ_YIL009W,0.0,2.2174776344724423e-05
turnup,r_4584_ENZ_YMR246W,0.0,3.042939038963577e-05
turnup,r_4584_ENZ_YOR317W,0.0,5.531189456919883e-05
turnup,r_4585,0.0,0.0
turnup,r_4586,0.0,0.0
turnup,r_4587_ENZ_YOL122C_FWD,0.0001338289134996,0.0001338289134996
turnup,r_4587_ENZ_YOL122C_REV,0.0,0.0
turnup,r_4588_ENZ_YNL275W_FWD,0.0007955728548708,0.0007955728548708
turnup,r_4588_ENZ_YNL275W_REV,0.0,0.0
turnup,r_4589_ENZ_YOL122C_FWD,0.000406420545097,0.000406420545097
turnup,r_4589_ENZ_YOL122C_REV,0.0,0.0
turnup,r_4590_ENZ_YOL130W_FWD,0.0016836541645416,0.0016836541645416
turnup,r_4590_ENZ_YOL130W_REV,0.0,0.0
turnup,r_4591_ENZ_YGL255W_FWD,0.0,0.0004613105337735
turnup,r_4591_ENZ_YGL255W_REV,0.0,0.0
turnup,r_4591_ENZ_YLR130C_FWD,0.0,0.0004613094673239
turnup,r_4591_ENZ_YLR130C_REV,0.0,0.0
turnup,r_4592_ENZ_YGR191W_FWD,0.0,0.0007663058555529
turnup,r_4592_ENZ_YGR191W_REV,0.0,0.0
turnup,r_4592_ENZ_YOL130W_FWD,0.0,0.0007663054666562
turnup,r_4592_ENZ_YOL130W_REV,0.0,0.0
turnup,r_4593_FWD,0.0,0.0
turnup,r_4593_REV,0.0007955733480539,0.0007955733480539
turnup,r_4594_FWD,0.0,0.0
turnup,r_4594_REV,0.0004064207970409,0.0004064207970409
turnup,r_4595_FWD,0.0,0.0
turnup,r_4595_REV,0.0016836552082545,0.0016836552082545
turnup,r_4596_FWD,0.0,0.0
turnup,r_4596_REV,0.0004613091761282,0.0004613091761282
turnup,r_4597_FWD,0.0,0.0
turnup,r_4597_REV,0.0007663054666562,0.0007663054666562
turnup,r_4598,0.6167235046787923,0.6167235046787923
turnup,r_4599,0.6167235046787923,0.6167235046787923
turnup,r_4600_FWD,0.0,0.0
turnup,r_4600_REV,0.0001338289964614,0.0001338289964614
turnup,r_4601_FWD,0.0,-0.0
turnup,r_4601_REV,0.0,0.0
turnup,r_4602_FWD,0.0,0.0
turnup,r_4602_REV,0.0,0.0
turnup,r_4603_FWD,0.0,0.0
turnup,r_4603_REV,0.0,0.0
turnup,r_4604_FWD,0.0,0.0
turnup,r_4604_REV,0.0,0.0
turnup,r_4605_FWD,0.0,0.0
turnup,r_4605_REV,0.0,0.0
turnup,r_4606_FWD,0.0,0.0
turnup,r_4606_REV,0.0,0.0
turnup,r_4607_FWD,0.0,0.0
turnup,r_4607_REV,0.0,0.0003074176293438
turnup,r_4608,0.0,0.0001238580917175
turnup,r_4609_FWD,0.0,0.0002484034658891
turnup,r_4609_REV,0.0,0.0
turnup,r_4610_FWD,0.0,0.0
turnup,r_4610_REV,0.0,0.0307078504490343
turnup,r_4611_FWD,0.0,0.0
turnup,r_4611_REV,0.0,0.0001737686837302
turnup,r_4612_FWD,0.0,0.0
turnup,r_4612_REV,0.0,0.0
turnup,r_4613_FWD,0.0,0.0
turnup,r_4613_REV,0.0,0.0
turnup,r_4614_FWD,0.0,0.0
turnup,r_4614_REV,0.0,0.0
turnup,r_4615_FWD,0.0,0.0
turnup,r_4615_REV,0.0,0.0
turnup,r_4616_FWD,0.0,0.0
turnup,r_4616_REV,0.0,0.0
turnup,r_4617_FWD,0.0,0.0
turnup,r_4617_REV,0.0,0.0
turnup,r_4618_FWD,0.0,0.0
turnup,r_4618_REV,0.0,0.0
turnup,r_4619_FWD,0.0,0.0
turnup,r_4619_REV,0.0,0.0
turnup,r_4620_FWD,0.0,0.0
turnup,r_4620_REV,0.0,0.0
turnup,r_4621_FWD,0.0,5.025305831271587e-05
turnup,r_4621_REV,0.0,0.0
turnup,r_4622_FWD,0.0,0.0
turnup,r_4622_REV,0.0,0.0
turnup,r_4623_FWD,0.0,0.0
turnup,r_4623_REV,0.0,0.0
turnup,r_4624_FWD,0.0,0.0
turnup,r_4624_REV,0.0,0.0
turnup,r_4625_FWD,0.0,0.0
turnup,r_4625_REV,0.0,0.0
turnup,r_4626_FWD,0.0,0.0
turnup,r_4626_REV,0.0,0.0
turnup,r_4627_FWD,0.0,0.0
turnup,r_4627_REV,0.0,0.0
turnup,r_4628_FWD,0.0,0.0
turnup,r_4628_REV,0.0,0.0
turnup,r_4629_ENZ_YBR177C_FWD,0.0,2.6153713424078205e-06
turnup,r_4629_ENZ_YBR177C_REV,0.0,0.0
turnup,r_4629_ENZ_YPL095C_FWD,0.0,2.6153713424078205e-06
turnup,r_4629_ENZ_YPL095C_REV,0.0,0.0
turnup,r_4630_ENZ_YBR177C_FWD,0.0,6.339111103592643e-06
turnup,r_4630_ENZ_YBR177C_REV,0.0,0.0
turnup,r_4630_ENZ_YPL095C_FWD,0.0,5.96125658063329e-06
turnup,r_4630_ENZ_YPL095C_REV,0.0,0.0
turnup,r_4631_ENZ_YBR177C_FWD,0.0,1.7786802768426924e-06
turnup,r_4631_ENZ_YBR177C_REV,0.0,0.0
turnup,r_4631_ENZ_YPL095C_FWD,0.0,6.088708740747961e-06
turnup,r_4631_ENZ_YPL095C_REV,0.0,0.0
turnup,r_4632_ENZ_YGR015C_FWD,0.0,0.0
turnup,r_4632_ENZ_YGR015C_REV,0.0,0.0
turnup,r_4632_ENZ_YGR177C_FWD,0.0,0.0
turnup,r_4632_ENZ_YGR177C_REV,0.0,0.0
turnup,r_4632_ENZ_YOR377W_FWD,0.0,0.0
turnup,r_4632_ENZ_YOR377W_REV,0.0,0.0
turnup,r_4633_ENZ_YBR177C_FWD,0.0,3.169218623089165e-06
turnup,r_4633_ENZ_YBR177C_REV,0.0,0.0
turnup,r_4633_ENZ_YPL095C_FWD,0.0,3.169218623089165e-06
turnup,r_4633_ENZ_YPL095C_REV,0.0,0.0
turnup,r_4634_FWD,0.0,2.0787071151051606e-06
turnup,r_4634_REV,0.0,0.0
turnup,r_4635_FWD,0.0,3.171042971850113e-06
turnup,r_4635_REV,0.0,0.0
turnup,r_4636_FWD,0.0,3.10552305994176e-06
turnup,r_4636_REV,0.0,0.0
turnup,r_4637,0.0,0.0
turnup,r_4638,0.0,3.769876647157332e-06
turnup,r_4639_FWD,0.0,3.1020060946573835e-06
turnup,r_4639_REV,0.0,0.0
turnup,r_4640_FWD,0.0,3.2548945013033405e-06
turnup,r_4640_REV,0.0,0.0
turnup,r_4641_FWD,0.0,3.090791994786457e-06
turnup,r_4641_REV,0.0,0.0
turnup,r_4642,0.0,0.0
turnup,r_4643,0.0,2.4997085394199794e-06
turnup,r_4644,0.0,2.42133592814886e-06
turnup,r_4645,0.0,7.019992888501747e-06
turnup,r_4646,0.0,3.1350556053411083e-06
turnup,r_4647,0.0,0.0
turnup,r_4648,0.0,2.4997085337948497e-06
turnup,r_4649_ENZ_YGR015C,0.0,0.0051708414320508
turnup,r_4650,0.0,0.0051708414320508
turnup,r_4651_ENZ_YGR087C,0.0,0.0001251499316583
turnup,r_4651_ENZ_YLR044C,0.0,0.0001251445562974
turnup,r_4651_ENZ_YLR134W,0.0,0.0001265522739408
turnup,r_4652_ENZ_YBR145W,0.0,5.985208804892839e-05
turnup,r_4652_ENZ_YDL168W,0.0,0.0001154812450789
turnup,r_4652_ENZ_YOL086C,0.0,0.0001146349626355
turnup,r_4653_ENZ_YGL256W,0.0,0.0
turnup,r_4653_ENZ_YMR083W,0.0,0.0
turnup,r_4654_ENZ_YCR105W,0.0,0.0001100954875263
turnup,r_4654_ENZ_YDR368W,0.0,0.0001094102625489
turnup,r_4654_ENZ_YMR318C,0.0,0.0001189713643729
turnup,r_4655_FWD,0.0,0.0
turnup,r_4655_REV,0.0,0.0
turnup,r_4656_FWD,0.0,7.514291497690007e-05
turnup,r_4656_REV,0.0,0.0
turnup,r_4657_FWD,0.0,6.328976331126945e-05
turnup,r_4657_REV,0.0,0.0
turnup,r_4658,0.0,0.000127003187523
turnup,r_4659,0.0,0.0001235006711504
turnup,r_4660_ENZ_YHR137W_FWD,0.0,2.553825845834357e-05
turnup,r_4660_ENZ_YHR137W_REV,0.0,0.0
turnup,r_4661_ENZ_YBR145W,0.0,2.373893863398535e-05
turnup,r_4661_ENZ_YDL168W,0.0,2.316135943421227e-05
turnup,r_4661_ENZ_YOL086C,0.0,2.349274866555312e-05
turnup,r_4662_ENZ_YGL256W,0.0,0.0
turnup,r_4662_ENZ_YMR083W,0.0,0.0
turnup,r_4663_ENZ_YCR105W,0.0,2.3498694002796472e-05
turnup,r_4663_ENZ_YDR368W,0.0,2.3536298646681383e-05
turnup,r_4663_ENZ_YMR318C,0.0,2.3575683383528223e-05
turnup,r_4664_FWD,0.0,0.0
turnup,r_4664_REV,0.0,0.0
turnup,r_4665_FWD,0.0,1.3228370952050872e-05
turnup,r_4665_REV,0.0,0.0
turnup,r_4666_FWD,0.0,2.3755034306530143e-05
turnup,r_4666_REV,0.0,0.0
turnup,r_4667,0.0,2.395319654906192e-05
turnup,r_4668,0.0,2.375503362885001e-05
turnup,r_4669_ENZ_YGR087C,0.0,3.533577741716976e-05
turnup,r_4669_ENZ_YLR044C,0.0,1.9372977639500744e-05
turnup,r_4669_ENZ_YLR134W,0.0,1.945412802767388e-05
turnup,r_4670_ENZ_YBR145W,0.0,1.661851089801436e-05
turnup,r_4670_ENZ_YDL168W,0.0,3.39010588660954e-05
turnup,r_4670_ENZ_YOL086C,0.0,1.890599006554305e-05
turnup,r_4671_ENZ_YGL256W,0.0,0.0
turnup,r_4671_ENZ_YMR083W,0.0,0.0
turnup,r_4672_ENZ_YCR105W,0.0,1.8603042027331984e-05
turnup,r_4672_ENZ_YDR368W,0.0,1.6469926494719345e-05
turnup,r_4672_ENZ_YMR318C,0.0,1.645532565744401e-05
turnup,r_4673_FWD,0.0,0.0
turnup,r_4673_REV,0.0,0.0
turnup,r_4674_FWD,0.0,1.9453999594853943e-05
turnup,r_4674_REV,0.0,0.0
turnup,r_4675_FWD,0.0,3.461685409053561e-05
turnup,r_4675_REV,0.0,0.0
turnup,r_4676,0.0,1.9465943916399664e-05
turnup,r_4677,0.0,3.461685503873546e-05
turnup,r_4678_ENZ_YMR169C_FWD,0.0,0.0003095932838456
turnup,r_4678_ENZ_YMR169C_REV,0.0,4.1977782752861126e-05
turnup,r_4678_ENZ_YMR170C_FWD,0.0,2.0131160770153755e-05
turnup,r_4678_ENZ_YMR170C_REV,0.0,2.333597688816008e-05
turnup,r_4678_ENZ_YOR374W_FWD,0.0,4.549188939795279e-05
turnup,r_4678_ENZ_YOR374W_REV,0.0,2.419070394277245e-05
turnup,r_4679_ENZ_YER015W_FWD,0.0,7.052133069268966e-05
turnup,r_4679_ENZ_YER015W_REV,0.0,7.693063759638583e-05
turnup,r_4679_ENZ_YIL009W_FWD,0.0,4.541880891502432e-05
turnup,r_4679_ENZ_YIL009W_REV,0.0,5.818639536256259e-05
turnup,r_4679_ENZ_YMR246W_FWD,0.0,6.651910075365503e-05
turnup,r_4679_ENZ_YMR246W_REV,0.0,6.716246912115848e-05
turnup,r_4679_ENZ_YOR317W_FWD,0.0,6.115385486206088e-05
turnup,r_4679_ENZ_YOR317W_REV,0.0,5.8040276816500535e-05
turnup,r_4680_ENZ_YBR177C_FWD,0.0,0.000122067140991
turnup,r_4680_ENZ_YBR177C_REV,0.0,0.0
turnup,r_4680_ENZ_YPL095C_FWD,0.0,0.0001234539578033
turnup,r_4680_ENZ_YPL095C_REV,0.0,0.0
turnup,r_4681_FWD,0.0,2.0682014271855564e-05
turnup,r_4681_REV,0.0,2.51789037652429e-05
turnup,r_4682_FWD,0.0,3.3296361254902342e-06
turnup,r_4682_REV,0.0,0.0
turnup,r_4683_FWD,0.0,3.690132942324453e-06
turnup,r_4683_REV,0.0,0.0
turnup,r_4684_FWD,0.0,3.121476366807485e-06
turnup,r_4684_REV,0.0,0.0
turnup,r_4685_FWD,0.0,4.19072759117726e-06
turnup,r_4685_REV,0.0,0.0
turnup,r_4686_FWD,0.0,2.5178846901784516e-05
turnup,r_4686_REV,0.0,4.035762088783201e-05
turnup,r_4687_ENZ_YGR015C,0.0,2.935867680653459e-05
turnup,r_4687_ENZ_YGR177C,0.0,1.5045791146750736e-05
turnup,r_4687_ENZ_YOR377W,0.0,2.935870362985593e-05
turnup,r_4688,0.0,8.500181262860451e-06
turnup,r_4689,0.0,8.500181262860451e-06
turnup,r_4690_ENZ_YGR015C,0.0,1.1030859231128506e-05
turnup,r_4690_ENZ_YGR177C,0.0,1.103058678012664e-05
turnup,r_4690_ENZ_YOR377W,0.0,1.1030859230695689e-05
turnup,r_4691,0.0,2.1524432466613064e-05
turnup,r_4692,0.0,2.152444492864447e-05
turnup,r_4693_ENZ_YGR015C,0.0,5.9014161195192205e-05
turnup,r_4693_ENZ_YGR177C,0.0,5.613668855986021e-05
turnup,r_4693_ENZ_YOR377W,0.0,3.038558914125744e-05
turnup,r_4694,0.0,5.885269699024143e-05
turnup,r_4695,0.0,5.885269699024143e-05
turnup,r_4697_FWD,0.0,0.0001223016800178
turnup,r_4697_REV,0.0,0.0
turnup,r_4698_ENZ_YKL217W,0.0,6.623255141291473e-05
turnup,r_4698_ENZ_YNL065W,0.0,7.38959361044067e-05
turnup,r_4699,0.0,0.0001260652942532
turnup,r_4700_ENZ_YIL166C,0.0,5.163350730559568e-05
turnup,r_4701_ENZ_YFR055W_FWD,0.0,4.715712864800104e-05
turnup,r_4701_ENZ_YFR055W_REV,0.0,0.0
turnup,r_4702_FWD,0.0,2.4816710967462408e-05
turnup,r_4702_REV,0.0,0.0
turnup,r_4703_ENZ_YOR251C,0.0,2.482333117448388e-05
turnup,r_4704_ENZ_YIL166C,0.0,0.0
turnup,r_4705_ENZ_YIL166C,0.0,0.0
turnup,r_4706_ENZ_YLL057C_FWD,0.0,0.0
turnup,r_4706_ENZ_YLL057C_REV,0.0,0.0
turnup,r_4707_FWD,0.0,0.0
turnup,r_4707_REV,0.0,0.0
turnup,r_4708,0.0,5.16335127600312e-05
turnup,r_4709,0.0,0.0
turnup,r_4710,0.0,-0.0
turnup,r_4711_ENZ_YOR126C_FWD,0.0,0.0001298573448416
turnup,r_4711_ENZ_YOR126C_REV,0.0,0.0
turnup,r_4712_ENZ_YOR126C_FWD,0.0,0.000200853312954
turnup,r_4712_ENZ_YOR126C_REV,0.0,0.0
turnup,r_4713_ENZ_YOR126C_FWD,0.0,0.0001328793181144
turnup,r_4713_ENZ_YOR126C_REV,0.0,0.0
turnup,r_4714_ENZ_YOR126C_FWD,0.0,0.0001405791398683
turnup,r_4714_ENZ_YOR126C_REV,0.0,0.0
turnup,r_4715_ENZ_YOR126C_FWD,0.0,0.0
turnup,r_4715_ENZ_YOR126C_REV,0.0,0.0
turnup,r_4716_ENZ_YOR126C_FWD,0.0,0.0003296799634384
turnup,r_4716_ENZ_YOR126C_REV,0.0,0.0
turnup,r_4717_ENZ_YOR126C_FWD,0.0,0.0
turnup,r_4717_ENZ_YOR126C_REV,0.0,0.0
turnup,r_4718_ENZ_YOR374W_FWD,0.0,6.563537945158959e-05
turnup,r_4718_ENZ_YOR374W_REV,0.0,0.0
turnup,r_4718_ENZ_YPL061W_FWD,0.0,3.979316049793069e-05
turnup,r_4718_ENZ_YPL061W_REV,0.0,0.0
turnup,r_4719_ENZ_YOR374W_FWD,0.0,6.983510266511672e-05
turnup,r_4719_ENZ_YOR374W_REV,0.0,0.0
turnup,r_4719_ENZ_YPL061W_FWD,0.0,3.781167323138601e-05
turnup,r_4719_ENZ_YPL061W_REV,0.0,0.0
turnup,r_4720_ENZ_YOR126C_FWD,0.0,6.732106216933431e-05
turnup,r_4720_ENZ_YOR126C_REV,0.0,0.0
turnup,r_4721_ENZ_YOR126C_FWD,0.0,6.925185025460912e-05
turnup,r_4721_ENZ_YOR126C_REV,0.0,0.0
turnup,r_4722_ENZ_YJL012C,0.0,0.0001142330007066
turnup,r_4723_ENZ_YDR452W_FWD,0.0,0.0005386598274397
turnup,r_4723_ENZ_YDR452W_REV,0.0,0.0001456394209028
turnup,r_4723_ENZ_YHR201C_FWD,0.0,0.0001312286285222
turnup,r_4723_ENZ_YHR201C_REV,0.0,0.0004577962368551
turnup,r_4724_ENZ_YDR452W_FWD,0.0,0.0006493057070662
turnup,r_4724_ENZ_YDR452W_REV,0.0,0.0002666323566101
turnup,r_4724_ENZ_YHR201C_FWD,0.0,0.0004462300081805
turnup,r_4724_ENZ_YHR201C_REV,0.0,0.0003313418716357
turnup,r_4725_ENZ_YDR452W_FWD,0.0,0.0
turnup,r_4725_ENZ_YDR452W_REV,0.0,0.0
turnup,r_4725_ENZ_YHR201C_FWD,0.0,0.0
turnup,r_4725_ENZ_YHR201C_REV,0.0,0.0
turnup,r_4726_FWD,0.0,0.0002798359322131
turnup,r_4726_REV,0.0,0.0
turnup,r_4727,0.0,0.0002798359322131
turnup,r_4728_FWD,0.0,7.536999017432322e-05
turnup,r_4728_REV,0.0,0.0
turnup,r_4729,0.0,7.536999017432322e-05
turnup,r_4730_FWD,0.0,0.0001394034747185
turnup,r_4730_REV,0.0,0.0
turnup,r_4731,0.0,0.0001394034783969
turnup,r_4732_FWD,0.0,0.0001419297866727
turnup,r_4732_REV,0.0,0.0
turnup,r_4733,0.0,0.000156564149069
turnup,r_4734_FWD,0.0,0.0
turnup,r_4734_REV,0.0,0.0
turnup,r_4735,0.0,0.0
turnup,r_4736_FWD,0.0,0.0005871587341566
turnup,r_4736_REV,0.0,0.0
turnup,r_4737,0.0,0.0006114283752316
turnup,r_4738_FWD,0.0,0.0
turnup,r_4738_REV,0.0,0.0
turnup,r_4739,0.0,0.0
turnup,r_4740_FWD,0.0,3.818115402606692e-05
turnup,r_4740_REV,0.0,0.0
turnup,r_4741,0.0,4.307642298337255e-05
turnup,r_4742_FWD,0.0,7.378393057067001e-05
turnup,r_4742_REV,0.0,0.0
turnup,r_4743,0.0,6.925185165621017e-05
turnup,r_4744_FWD,0.0,0.0006685847079972
turnup,r_4744_REV,0.0,0.0002375955360838
turnup,r_4745_FWD,0.0,0.0004459572348328
turnup,r_4745_REV,0.0,0.0005770764317028
turnup,r_4746_FWD,0.0,0.0
turnup,r_4746_REV,0.0,0.0
turnup,r_4747_ENZ_YDR020C,0.0,0.0002064240988985
turnup,r_4747_ENZ_YNR012W,0.0,0.0001717199721866
turnup,r_4748_ENZ_YFL053W,0.0,0.0
turnup,r_4748_ENZ_YML070W,0.0,0.0
turnup,r_4749_ENZ_YLR209C_FWD,0.0,5.156028806974078e-05
turnup,r_4749_ENZ_YLR209C_REV,0.0,0.0001276374942235
turnup,r_4750_ENZ_YBR019C_FWD,0.0,0.0
turnup,r_4750_ENZ_YBR019C_REV,0.0,0.0
turnup,r_4751_ENZ_YEL066W,0.0,0.0
turnup,r_4751_ENZ_YPR193C,0.0,0.0
turnup,r_4752_ENZ_YLR146C,0.0,0.0
turnup,r_4752_ENZ_YPR069C,0.0,0.0
turnup,r_4753_ENZ_YPL214C_FWD,0.0,0.0
turnup,r_4753_ENZ_YPL214C_REV,0.0,0.0
turnup,r_4754_ENZ_YDR538W_FWD,0.0,0.0
turnup,r_4754_ENZ_YDR538W_REV,0.0,0.0
turnup,r_4755_ENZ_YDL178W,0.0,0.0
turnup,r_4755_ENZ_YEL071W,0.0,0.0
turnup,r_4756_ENZ_YDR400W,0.0,0.0001092013213662
turnup,r_4757_ENZ_YDR109C_FWD,0.0,0.0
turnup,r_4757_ENZ_YDR109C_REV,0.0,0.0
turnup,r_4758_ENZ_YLR209C_FWD,0.0,0.0
turnup,r_4758_ENZ_YLR209C_REV,0.0,0.0
turnup,r_4759_ENZ_YGL067W,0.0,-0.0
turnup,r_4760_ENZ_YER023W_FWD,0.0,0.002109908248749
turnup,r_4760_ENZ_YER023W_REV,0.0,0.0
turnup,r_4761_ENZ_YJL060W,0.0,0.0
turnup,r_4762_ENZ_YDR036C_FWD,0.0,0.0
turnup,r_4762_ENZ_YDR036C_REV,0.0,0.0
turnup,r_4763_ENZ_YAL060W_FWD,0.0,0.0
turnup,r_4763_ENZ_YAL060W_REV,0.0,0.0
turnup,r_4763_ENZ_YAL061W_FWD,0.0,0.0
turnup,r_4763_ENZ_YAL061W_REV,0.0,0.0
turnup,r_4764_ENZ_YPR062W,0.0,-0.0
turnup,r_4765_ENZ_YIR032C,0.0,0.0
turnup,r_4766_ENZ_YJL005W,0.0,7.791093199216448e-05
turnup,r_4767_ENZ_YJL060W,0.0,0.0
turnup,r_4768_ENZ_YDR481C,0.0,0.0
turnup,r_4769_ENZ_YDR305C,0.0,-0.0
turnup,r_4770_ENZ_YKL067W,0.0,-0.0
turnup,r_4771_ENZ_YKL067W,0.0,0.0
turnup,r_4772_ENZ_YKL067W,0.0,-0.0
turnup,r_4773_ENZ_YKL067W,0.0,0.0
turnup,r_4774_ENZ_YKL067W,0.0,-0.0
turnup,r_4775_ENZ_YKL067W,0.0,0.0001209846724634
turnup,r_4776_ENZ_YKL067W,0.0,0.0
turnup,r_4777_ENZ_YKL067W_FWD,0.0,0.0
turnup,r_4777_ENZ_YKL067W_REV,0.0,0.0
turnup,r_4778_ENZ_YKL067W_FWD,0.0,0.0
turnup,r_4778_ENZ_YKL067W_REV,0.0,0.0
turnup,r_4779_FWD,0.0,2.3023116357742846e-06
turnup,r_4779_REV,0.0,6.16723120809276e-07
turnup,r_4780,0.0,4.4132884085308926e-07
turnup,r_4781_ENZ_YGR144W,0.0,7.400677730164538e-07
turnup,r_4782_ENZ_YGR144W,0.0,7.400677730164538e-07
