tool,reaction,min_flux,max_flux
catapro,r_0001_ENZ_YDL174C_and_YEL039C,0.0,9.254389007473662e-05
catapro,r_0001_ENZ_YDL174C_and_YJR048W,0.0,0.0001358907631379
catapro,r_0001_ENZ_YEL039C_and_YEL071W,0.0,0.0001358907630686
catapro,r_0001_ENZ_YEL071W_and_YJR048W,0.0,0.0001358907630686
catapro,r_0002_ENZ_YDL178W_and_YEL039C,0.0,0.0001334554842529
catapro,r_0002_ENZ_YDL178W_and_YJR048W,0.0,0.0001341951464031
catapro,r_0003_ENZ_YAL060W_FWD,0.0,0.0
catapro,r_0003_ENZ_YAL060W_REV,0.0,0.0015853530000708
catapro,r_0004_ENZ_YEL039C_and_YML054C,0.0,0.0001188567923888
catapro,r_0004_ENZ_YJR048W_and_YML054C,0.0,0.0001195155430375
catapro,r_0005_ENZ_YPR165W_and_YGR032W,0.0,0.1587169099572579
catapro,r_0005_ENZ_YPR165W_and_YLR342W,0.0,0.1587169462646266
catapro,r_0005_ENZ_YPR165W_and_YMR306W,0.0,0.1587169462646269
catapro,r_0006_ENZ_YGR143W,0.0,0.0530301813649352
catapro,r_0006_ENZ_YPR159W,0.0,0.0530301811335395
catapro,r_0007_ENZ_YIL020C,0.0163533037264329,0.0163655669408368
catapro,r_0012_ENZ_YHR037W,0.0,8.269997281484809e-05
catapro,r_0013_ENZ_YEL038W_and_YMR009W,4.079887329960785e-05,6.23230617275948e-05
catapro,r_0014_ENZ_YOL066C,0.0002125835899704,0.000214731916311
catapro,r_0015_ENZ_YBR153W,0.0002125835899704,0.000214731916311
catapro,r_0016_ENZ_YCL009C_and_YMR108W,0.0475306445747038,0.047582679170785
catapro,r_0016_ENZ_YMR108W,0.0,0.0
catapro,r_0017_ENZ_YNL256W,0.0,1.361399136792078e-05
catapro,r_0018_ENZ_YER152C_FWD,0.0,0.0
catapro,r_0018_ENZ_YER152C_REV,0.0,0.0
catapro,r_0018_ENZ_YGL202W_FWD,0.0,0.0
catapro,r_0018_ENZ_YGL202W_REV,0.0,0.0
catapro,r_0018_ENZ_YJL060W_FWD,0.0705929940523832,0.0706087689199676
catapro,r_0018_ENZ_YJL060W_REV,0.0,0.0
catapro,r_0019_ENZ_YHR063C,4.079887329957663e-05,5.236845378848322e-05
catapro,r_0020_ENZ_YBR249C,0.0663433034265268,0.0665352879066908
catapro,r_0020_ENZ_YDR035W,0.0,0.0
catapro,r_0021_ENZ_YDR204W_and_YGR255C_and_YLR201C_and_YML110C_and_YOL096C_and_YOR125C,0.0,0.0
catapro,r_0022_ENZ_YDR204W_and_YGR255C_and_YLR201C_and_YML110C_and_YOL096C_and_YOR125C,0.0,0.0
catapro,r_0023_ENZ_YGL009C_FWD,0.0,0.0
catapro,r_0023_ENZ_YGL009C_REV,0.073108892870664,0.0731741607580094
catapro,r_0024_ENZ_YNL104C,0.0,4.270588603638714e-05
catapro,r_0024_ENZ_YOR108W,0.0,4.2245548538003e-05
catapro,r_0025_ENZ_YNL104C,0.0730645045462225,0.0731910202853968
catapro,r_0026_ENZ_YGL202W,0.0,5.708650886907668e-05
catapro,r_0026_ENZ_YHR137W,0.0,5.65309643828088e-05
catapro,r_0026_ENZ_YHR208W,0.0,6.222988958168307e-05
catapro,r_0026_ENZ_YJR148W,0.0,6.232306235343099e-05
catapro,r_0027_ENZ_YDR234W_FWD,0.0705929940521006,0.0706086832785558
catapro,r_0027_ENZ_YDR234W_REV,0.0,0.0
catapro,r_0028_ENZ_YPR001W,0.0,6.48938654966603e-05
catapro,r_0029,0.073108892870664,0.0731733462152011
catapro,r_0030,0.0,0.0
catapro,r_0032_ENZ_YOL064C,0.0141672460596748,0.0142149797503803
catapro,r_0033_ENZ_YGL248W,0.0,4.886502550638383e-05
catapro,r_0033_ENZ_YOR360C,0.0,4.377826909229832e-05
catapro,r_0034_ENZ_YOR360C,0.0,-0.0
catapro,r_0035_ENZ_YOR360C,0.0,-0.0
catapro,r_0036_ENZ_YOR360C,0.0,8.568055672489652e-05
catapro,r_0037_ENZ_YOR360C,0.0,-0.0
catapro,r_0038_ENZ_YDR487C,0.0004251671799408,0.0004294639358141
catapro,r_0039_ENZ_YDR127W,0.0665082575530204,0.066534963701206
catapro,r_0040_ENZ_YDR127W,0.0665082575530204,0.066534963701206
catapro,r_0041_ENZ_YBR265W,0.0,0.0
catapro,r_0042_ENZ_YBR249C,0.0,0.0001649541227004
catapro,r_0042_ENZ_YDR035W,0.0,0.0001023755205649
catapro,r_0043_ENZ_YDR376W,0.0,0.0
catapro,r_0043_ENZ_YPL252C,0.0,0.0
catapro,r_0044_ENZ_YDR538W_and_YDR539W,0.0,0.0
catapro,r_0045_ENZ_YLR231C,0.0013034165889369,0.0013036798984719
catapro,r_0057_ENZ_YKR009C,0.0,1.0364371224629717e-05
catapro,r_0058_ENZ_YJR025C,0.0013034165889369,0.0013036798984719
catapro,r_0059_ENZ_YER175C,0.0,0.0
catapro,r_0060_ENZ_YGL009C_FWD,0.0,0.0
catapro,r_0060_ENZ_YGL009C_REV,0.073108892870664,0.0731531286412812
catapro,r_0061_ENZ_YCL018W,0.073108892870664,0.0731733462152011
catapro,r_0062_ENZ_YGR087C,0.0,5.601285583822779e-05
catapro,r_0062_ENZ_YLR044C,0.0,5.604971832673389e-05
catapro,r_0062_ENZ_YLR134W,0.0,5.6593031731388965e-05
catapro,r_0063_ENZ_YBR176W,4.079887329957663e-05,5.236845378848322e-05
catapro,r_0064_ENZ_YDL080C,0.0,3.88633221527282e-05
catapro,r_0064_ENZ_YGR087C,0.0,5.436715373039608e-05
catapro,r_0064_ENZ_YLR044C,0.0,5.393627274350582e-05
catapro,r_0064_ENZ_YLR134W,0.0,5.389401065892391e-05
catapro,r_0065_ENZ_YDR127W,0.0665082575530204,0.066534963701206
catapro,r_0066_ENZ_YNR033W,1.3613939935881725e-05,2.4520555726145757e-05
catapro,r_0067_ENZ_YMR289W,1.3613939935881725e-05,2.4520555726145757e-05
catapro,r_0068_ENZ_YGR019W,0.0,4.5089683402999015e-05
catapro,r_0069_ENZ_YCR053W,0.0,-0.0
catapro,r_0070,0.0,-0.0
catapro,r_0072_ENZ_YDL080C,0.0,6.21952240734136e-05
catapro,r_0073_ENZ_YLR410W,0.0,0.0
catapro,r_0073_ENZ_YOR163W,0.0,0.0
catapro,r_0074_ENZ_YDR017C,0.0,0.0
catapro,r_0075_ENZ_YLR017W,4.079887329960785e-05,6.23230617275948e-05
catapro,r_0076_ENZ_YER037W,0.0,0.0001450009503201
catapro,r_0076_ENZ_YGL224C,0.0,0.0001449149396766
catapro,r_0077_ENZ_YOR155C,0.0,0.0001626178327067
catapro,r_0078_ENZ_YER037W,0.0,0.0001614682054902
catapro,r_0078_ENZ_YGL224C,0.0,0.0001632450096091
catapro,r_0079_ENZ_YGR061C,0.0219869552865905,0.0219952103024509
catapro,r_0080_ENZ_YGL125W,0.0,0.0426588802932367
catapro,r_0080_ENZ_YGL125W_and_YPL023C,0.0,0.0426627580739804
catapro,r_0081_ENZ_YDR232W,0.0,1.418296914330687e-05
catapro,r_0082_ENZ_YOR163W,0.0,6.072544499202692e-05
catapro,r_0083_ENZ_YDR017C,0.0,6.232800266303684e-05
catapro,r_0084_ENZ_YER183C,0.0,0.0
catapro,r_0085_ENZ_YER091C,0.0,-0.0
catapro,r_0086_ENZ_YJR024C,4.079887329960785e-05,6.23230617275948e-05
catapro,r_0087_ENZ_YPR118W_FWD,4.079887329960785e-05,6.150834188094895e-05
catapro,r_0087_ENZ_YPR118W_REV,0.0,0.0
catapro,r_0088_ENZ_YLR410W_FWD,0.0,0.0
catapro,r_0088_ENZ_YLR410W_REV,0.0,0.0
catapro,r_0089_ENZ_YLR410W_FWD,0.0,2.082759145045003e-05
catapro,r_0089_ENZ_YLR410W_REV,0.0,0.0
catapro,r_0090_ENZ_YIL107C,0.0,3.5600464070520006e-05
catapro,r_0090_ENZ_YOL136C,0.0,3.942713987524941e-05
catapro,r_0091_ENZ_YGR248W,0.974446478206756,0.9771537669636716
catapro,r_0091_ENZ_YHR163W,0.0,0.0
catapro,r_0092_ENZ_YLR410W,0.0,0.0
catapro,r_0092_ENZ_YOR163W,0.0,0.0
catapro,r_0093_ENZ_YDR017C,0.0,0.0
catapro,r_0094,0.0,-0.0
catapro,r_0095_ENZ_YGR087C,0.0,0.0008449562699017
catapro,r_0095_ENZ_YLR044C,0.0,0.0008762455536098
catapro,r_0095_ENZ_YLR134W,0.0,0.0008724169063146
catapro,r_0096_ENZ_YLR355C,0.138414917791777,0.1384969664788581
catapro,r_0097_ENZ_YCL009C_and_YMR108W,0.1384149177917771,0.1384638141120822
catapro,r_0097_ENZ_YMR108W,0.0,0.0
catapro,r_0099_ENZ_YKL192C_FWD,0.0,0.0
catapro,r_0099_ENZ_YKL192C_REV,0.0,0.0
catapro,r_0100_ENZ_YIL160C,0.0,8.874154452659264e-06
catapro,r_0101_ENZ_YIL160C,0.0,3.3017569626148102e-06
catapro,r_0102_ENZ_YIL160C,0.0,8.143215289635464e-06
catapro,r_0103_ENZ_YPL028W_FWD,0.0,0.0
catapro,r_0103_ENZ_YPL028W_REV,0.0,1.903089438016342e-05
catapro,r_0104_ENZ_YPL028W_FWD,0.047512346705403,0.04754354447728
catapro,r_0104_ENZ_YPL028W_REV,0.0,0.0
catapro,r_0105_ENZ_YIL160C,0.0,7.101868305582626e-06
catapro,r_0106_ENZ_YIL160C,0.0,0.0
catapro,r_0107_ENZ_YIL160C,0.0,4.682841230942212e-06
catapro,r_0108_ENZ_YMR207C,0.0,-0.0
catapro,r_0109_ENZ_YDL141W_and_YNR016C,0.2542345596242639,0.2542723261002403
catapro,r_0111_ENZ_YBL015W,0.0,0.0003050920564614
catapro,r_0112_ENZ_YAL054C,0.3085680008304889,0.3086903747162407
catapro,r_0112_ENZ_YLR153C,0.0,0.0
catapro,r_0113_ENZ_YAL054C,0.0,0.0005922313645374
catapro,r_0114_ENZ_YLR153C,0.0,0.0
catapro,r_0115_ENZ_YER069W,0.0396376456820553,0.0396657836555028
catapro,r_0116_ENZ_YAR071W,0.0,0.0
catapro,r_0116_ENZ_YBR092C,0.0,0.0
catapro,r_0116_ENZ_YBR093C,0.0,0.0
catapro,r_0116_ENZ_YHR215W,0.0,0.0
catapro,r_0117_ENZ_YPR002W_FWD,0.0,5.337500843527674e-05
catapro,r_0117_ENZ_YPR002W_REV,0.0,0.0
catapro,r_0118_ENZ_YOL140W,0.0396376456818359,0.0396657836486456
catapro,r_0119_ENZ_YPL148C,0.0,2.0983047652994857e-05
catapro,r_0120_ENZ_YGL205W,0.0,7.893181067345859e-06
catapro,r_0121_ENZ_YGL205W,0.0,7.644871653759525e-06
catapro,r_0122_ENZ_YGL205W,0.0,5.019394237835785e-06
catapro,r_0123_ENZ_YGL205W,0.0,1.188401150134688e-05
catapro,r_0124_ENZ_YGL205W,0.0,1.2101526746931122e-05
catapro,r_0125_ENZ_YGL205W,0.0,1.036437121406178e-05
catapro,r_0126_ENZ_YCR048W_FWD,0.0,1.826999302063865e-05
catapro,r_0126_ENZ_YCR048W_REV,0.0,0.0
catapro,r_0127_ENZ_YCR048W,0.0,0.0
catapro,r_0127_ENZ_YNR019W,0.0020884273581943,0.002235521371278
catapro,r_0128_ENZ_YCR048W_FWD,0.0,2.810839310424945e-05
catapro,r_0128_ENZ_YCR048W_REV,0.0,0.0
catapro,r_0129_ENZ_YCR048W,0.0,1.856873716817993e-05
catapro,r_0130_ENZ_YCR048W_FWD,0.0,1.980241097123683e-05
catapro,r_0130_ENZ_YCR048W_REV,0.0,0.0
catapro,r_0131_ENZ_YCR048W_FWD,0.0,2.1425496381897218e-05
catapro,r_0131_ENZ_YCR048W_REV,0.0,0.0
catapro,r_0132_ENZ_YCR048W_FWD,0.0,5.821910922002732e-05
catapro,r_0132_ENZ_YCR048W_REV,0.0,0.0
catapro,r_0132_ENZ_YNR019W_FWD,0.0,0.0001181867702419
catapro,r_0132_ENZ_YNR019W_REV,0.0,0.0
catapro,r_0133_ENZ_YCR048W_FWD,0.0,2.3178725835132447e-05
catapro,r_0133_ENZ_YCR048W_REV,0.0,0.0
catapro,r_0134_ENZ_YCR048W_FWD,0.0,2.4262201510310763e-05
catapro,r_0134_ENZ_YCR048W_REV,0.0,0.0
catapro,r_0135_ENZ_YCR048W_FWD,0.0,1.925863864193716e-05
catapro,r_0135_ENZ_YCR048W_REV,0.0,0.0
catapro,r_0137_ENZ_YJL091C_FWD,0.0,0.0
catapro,r_0137_ENZ_YJL091C_REV,0.0,0.0
catapro,r_0138_ENZ_YNL141W,0.0,3.472768056777017e-05
catapro,r_0139_ENZ_YDR441C,0.0,0.0001979521647366
catapro,r_0139_ENZ_YML022W,0.0,0.0002003843046006
catapro,r_0140_ENZ_YNL141W,0.0,4.898658331010247e-05
catapro,r_0142_ENZ_YJR105W,0.0299763761873261,0.0303135606006028
catapro,r_0143_ENZ_YML035C,0.0,4.839819715973456e-05
catapro,r_0144_ENZ_YER043C,0.0301053015785629,0.0301642086257568
catapro,r_0145_ENZ_YOL052C,4.079887329960785e-05,6.23230617275948e-05
catapro,r_0146_ENZ_YNR058W_FWD,0.0,0.0
catapro,r_0146_ENZ_YNR058W_REV,0.0,0.0
catapro,r_0147_ENZ_YJL005W,0.0,4.878917650593534e-05
catapro,r_0148_ENZ_YDL166C,0.0,0.0
catapro,r_0148_ENZ_YDR226W,1.4976627110154468,1.5007806670158033
catapro,r_0149_ENZ_YER170W,0.0,0.000532870563326
catapro,r_0150_ENZ_YER170W_FWD,0.0,0.0005512882903824
catapro,r_0150_ENZ_YER170W_REV,0.0,0.0
catapro,r_0151_ENZ_YLR359W,0.0219891025956082,0.0219953813975223
catapro,r_0152_ENZ_YLR359W_FWD,0.0280357025146254,0.028087022558173
catapro,r_0152_ENZ_YLR359W_REV,0.0,0.0
catapro,r_0153_ENZ_YNL220W,0.0280357025146254,0.0280870225584108
catapro,r_0154_ENZ_YKL001C,0.0141744127707915,0.0142144767800908
catapro,r_0155_ENZ_YGR247W,0.0,0.0
catapro,r_0156_ENZ_YFL030W,0.0,6.984616211715144e-05
catapro,r_0157_ENZ_YOR335C,0.1131658501218842,0.1131658501218842
catapro,r_0158_ENZ_YGR177C,0.0,2.0327116413955404e-05
catapro,r_0158_ENZ_YOR377W,0.0,2.776280409238357e-05
catapro,r_0159_ENZ_YGR177C,0.0,7.236149128925229e-05
catapro,r_0159_ENZ_YOR377W,0.0,6.768628154624201e-05
catapro,r_0160_ENZ_YGR177C,0.0,6.636020563632536e-05
catapro,r_0160_ENZ_YOR377W,0.0,5.2487691485407495e-05
catapro,r_0161_ENZ_YGR177C,0.0,6.725818871639033e-05
catapro,r_0161_ENZ_YOR377W,0.0,5.870503122931345e-05
catapro,r_0162_ENZ_YGR177C,0.0,1.3931344341508445e-05
catapro,r_0162_ENZ_YOR377W,0.0,1.3381091261727152e-05
catapro,r_0163_ENZ_YMR303C,0.0,0.0021414035962957
catapro,r_0164_ENZ_YDR368W,0.0,0.0
catapro,r_0164_ENZ_YHR104W,0.0,0.0
catapro,r_0165_ENZ_YGL256W,0.0,0.0018379191900363
catapro,r_0165_ENZ_YMR083W,0.0,0.0018731762412358
catapro,r_0166_ENZ_YBR145W,0.0,5.159392639906418e-05
catapro,r_0166_ENZ_YDL168W,0.0,5.25628548304416e-05
catapro,r_0166_ENZ_YOL086C,0.0,5.2864288123989633e-05
catapro,r_0167_ENZ_YGL256W,0.0,5.255225384890455e-05
catapro,r_0167_ENZ_YMR083W,0.0,5.0372021822432667e-05
catapro,r_0168_ENZ_YCR105W,0.0,5.0048839839784975e-05
catapro,r_0168_ENZ_YDR368W,0.0,4.912999659987399e-05
catapro,r_0168_ENZ_YMR318C,0.0,4.9626840517666415e-05
catapro,r_0169_ENZ_YBR145W,0.0,1.745043668754942e-05
catapro,r_0169_ENZ_YDL168W,0.0,1.7551904314044853e-05
catapro,r_0169_ENZ_YOL086C,0.0,1.7597661545146193e-05
catapro,r_0170_ENZ_YGL256W,0.0,1.7536438188622827e-05
catapro,r_0170_ENZ_YMR083W,0.0,1.149006501277583e-05
catapro,r_0171_ENZ_YCR105W,0.0,1.7428602102076418e-05
catapro,r_0171_ENZ_YMR318C,0.0,1.744652483280651e-05
catapro,r_0172_ENZ_YMR169C,0.0,6.115716111460695e-05
catapro,r_0172_ENZ_YMR170C,0.0,6.226905142495825e-05
catapro,r_0173_ENZ_YPL061W,0.292325796598655,0.2947518031071565
catapro,r_0174_ENZ_YOR374W,0.0,0.0008690099426695
catapro,r_0175_ENZ_YER073W,0.0,0.0003375225927904
catapro,r_0175_ENZ_YOR374W,0.0,0.0004382529035042
catapro,r_0176_ENZ_YOR374W,0.0,0.0
catapro,r_0177_ENZ_YPL061W,0.0,0.0
catapro,r_0178_ENZ_YER073W,0.0,0.0
catapro,r_0178_ENZ_YOR374W,0.0,0.0
catapro,r_0179_ENZ_YBR145W,0.0,5.858658885316004e-05
catapro,r_0179_ENZ_YDL168W,0.0,5.829720275940531e-05
catapro,r_0179_ENZ_YOL086C,0.0,5.7246475147820775e-05
catapro,r_0180_ENZ_YGL256W,0.0,5.706425229659584e-05
catapro,r_0180_ENZ_YMR083W,0.0,5.7986397556358815e-05
catapro,r_0181_ENZ_YCR105W,0.0,5.856409729732004e-05
catapro,r_0181_ENZ_YMR318C,0.0,5.6565303243161225e-05
catapro,r_0182_ENZ_YBR145W,0.0,5.195690352460813e-05
catapro,r_0182_ENZ_YDL168W,0.0,5.456150249721903e-05
catapro,r_0182_ENZ_YOL086C,0.0,5.366365806256518e-05
catapro,r_0183_ENZ_YGL256W,0.0,5.490801017160596e-05
catapro,r_0183_ENZ_YMR083W,0.0,5.424264904285714e-05
catapro,r_0184_ENZ_YCR105W,0.0,5.222080935990414e-05
catapro,r_0184_ENZ_YMR318C,0.0,5.241363582278447e-05
catapro,r_0185_ENZ_YMR169C,0.0,0.0
catapro,r_0185_ENZ_YMR170C,0.0,0.0
catapro,r_0186_ENZ_YBR145W,0.0,1.2100140273391125e-05
catapro,r_0186_ENZ_YDL168W,0.0,1.2119692636484295e-05
catapro,r_0186_ENZ_YOL086C,0.0,1.2119692636484295e-05
catapro,r_0187_ENZ_YGL256W,0.0,7.9961147026672e-06
catapro,r_0187_ENZ_YMR083W,0.0,1.2216051431857694e-05
catapro,r_0188_ENZ_YDR481C,0.0,1.3613965295927777e-05
catapro,r_0189_ENZ_YIR029W_FWD,0.0,0.0
catapro,r_0189_ENZ_YIR029W_REV,0.0,0.0
catapro,r_0190_ENZ_YIR027C_FWD,0.0,0.0
catapro,r_0190_ENZ_YIR027C_REV,0.0,0.0
catapro,r_0191_ENZ_YBR208C,0.0,1.1867420051055176e-05
catapro,r_0192_ENZ_YBR199W,0.0,0.0
catapro,r_0192_ENZ_YBR205W,0.0,0.0
catapro,r_0192_ENZ_YDR483W,0.0,0.0
catapro,r_0192_ENZ_YJL139C,0.0,0.0
catapro,r_0192_ENZ_YKR061W,0.0,0.0
catapro,r_0192_ENZ_YNL029C,0.0,0.0
catapro,r_0192_ENZ_YOR099W,0.0,0.0
catapro,r_0192_ENZ_YPL053C,0.0,0.0
catapro,r_0193_ENZ_YBR001C,0.0,4.19930352365365e-05
catapro,r_0193_ENZ_YPR026W,0.0,4.338594230799894e-05
catapro,r_0194_ENZ_YDR001C,0.0,4.4580849390612326e-05
catapro,r_0195_ENZ_YBR126C_and_YDR074W_and_YML100W,0.0,0.0293746340918006
catapro,r_0195_ENZ_YBR126C_and_YDR074W_and_YMR261C,0.0,0.0293745831615611
catapro,r_0198_ENZ_YBR299W,0.0,0.0
catapro,r_0198_ENZ_YGR287C,0.0,0.0
catapro,r_0198_ENZ_YGR292W,0.0,0.0
catapro,r_0198_ENZ_YIL172C,0.0,0.0
catapro,r_0198_ENZ_YJL216C,0.0,0.0
catapro,r_0198_ENZ_YJL221C,0.0,0.0
catapro,r_0199_ENZ_YDR242W,0.0,0.0
catapro,r_0199_ENZ_YMR293C,0.0,0.0
catapro,r_0200,0.0,0.0
catapro,r_0201_ENZ_YOR374W,0.0,0.0001457762837118
catapro,r_0202_ENZ_YDR354W,0.0083084520035234,0.008348941949791
catapro,r_0203_ENZ_YER090W_and_YKL211C,0.0083084520035232,0.0083210801132781
catapro,r_0204_ENZ_YDR305C_FWD,0.0,0.0001141613534727
catapro,r_0204_ENZ_YDR305C_REV,0.0,0.0
catapro,r_0205_ENZ_YHR104W,0.0,0.0
catapro,r_0206_ENZ_YPL111W,0.0,2.0195595470583198e-05
catapro,r_0207_ENZ_YHR018C_FWD,0.0396376456818359,0.0396579796248176
catapro,r_0207_ENZ_YHR018C_REV,0.0,0.0
catapro,r_0208_ENZ_YOL058W_FWD,0.0396376456818359,0.0396579796248176
catapro,r_0208_ENZ_YOL058W_REV,0.0,0.0
catapro,r_0209_ENZ_YDR341C,0.0396376456820553,0.0396378210339472
catapro,r_0210_ENZ_YHR091C,0.0,0.0
catapro,r_0211_ENZ_YGR124W,0.0250849331086314,0.0251175128348367
catapro,r_0211_ENZ_YPR145W,0.0,0.0
catapro,r_0212_ENZ_YHR019C,0.0250849331086314,0.0250851233014466
catapro,r_0213_ENZ_YCR024C,0.0,0.0
catapro,r_0214_ENZ_YJL130C,0.0230340015605741,0.0230557875544013
catapro,r_0215_ENZ_YER052C,0.0613844062408751,0.0614360182034069
catapro,r_0216_ENZ_YLR027C_FWD,0.0,0.0016161104855617
catapro,r_0216_ENZ_YLR027C_REV,0.2724916149866647,0.2741396303589927
catapro,r_0217_ENZ_YKL106W,0.0,0.0
catapro,r_0218_ENZ_YLR027C_FWD,0.0,0.0016788624925201
catapro,r_0218_ENZ_YLR027C_REV,0.0,0.0016832567737417
catapro,r_0219_ENZ_YDR158W,0.0613844062408751,0.0614360182034069
catapro,r_0220_ENZ_YLL018C,0.0733802155805807,0.0733807717552586
catapro,r_0221_ENZ_YPL104W,0.0,0.0
catapro,r_0222_ENZ_YDR530C,0.0,7.844369817288021e-05
catapro,r_0223_ENZ_YCL050C,0.0,0.0
catapro,r_0224_ENZ_YCL050C,0.0,0.0
catapro,r_0225_ENZ_YER055C,0.0163533037264329,0.0163620503204068
catapro,r_0226_ENZ_Q0080_and_Q0085_and_Q0130_and_YBL099W_and_YBR039W_and_YDL004W_and_YDR298C_and_YDR377W_and_YJR121W_and_YKL016C_and_YLR295C_and_YML081C-A_and_YPL078C_and_YPL271W_and_YDR322C-A_and_YPR020W_and_YOL077W-A,11.247653473228644,11.254244297875998
catapro,r_0227_ENZ_YCR024C-A_and_YEL017C-A_and_YGL008C,0.0,0.000157328390708
catapro,r_0227_ENZ_YCR024C-A_and_YEL017C-A_and_YPL036W,0.0,0.0001034398715178
catapro,r_0227_ENZ_YER005W,0.0,0.0001998028319675
catapro,r_0228_ENZ_YBR110W,0.0,0.0
catapro,r_0229_ENZ_YGR286C_FWD,0.0,0.0
catapro,r_0229_ENZ_YGR286C_REV,0.0,0.0
catapro,r_0230_ENZ_YDL141W,0.0,0.0
catapro,r_0231_ENZ_YNL280C,0.0079187244508922,0.0079263124374913
catapro,r_0233_ENZ_YMR015C,0.0,7.989404693653501e-06
catapro,r_0234_ENZ_YGL001C,0.0079187244508922,0.0079260435875775
catapro,r_0235_ENZ_YGL001C,0.0079187244508922,0.0079260435875775
catapro,r_0236_ENZ_YLR100W,0.0079187244508922,0.0079260435875775
catapro,r_0237_ENZ_YLR100W,0.0079187244508922,0.0079260435875775
catapro,r_0238_ENZ_YGR060W,0.0079187244508922,0.0079260435875775
catapro,r_0239_ENZ_YGR060W,0.0079187244508922,0.0079260435875775
catapro,r_0240_ENZ_YGR060W,0.0079187244508922,0.0079260435875775
catapro,r_0241_ENZ_YGR060W,0.0079187244508922,0.0079260435875775
catapro,r_0242_ENZ_YLR056W,0.0,7.989404693653501e-06
catapro,r_0243_ENZ_YMR202W,0.0,1.196898480804176e-05
catapro,r_0244_ENZ_YGL012W,0.0079187244508922,0.0079264238740711
catapro,r_0249_ENZ_YDL090C_and_YKL019W,0.0,0.0
catapro,r_0250_ENZ_YJL130C,0.0626714726009881,0.0626932913676462
catapro,r_0250_ENZ_YJR109C_and_YOR303W,0.0,0.0
catapro,r_0252_ENZ_YAR035W,0.0,5.713067986939935e-05
catapro,r_0252_ENZ_YER024W,0.0,4.574727249573307e-05
catapro,r_0253_ENZ_YML042W,0.0,2.6475473581647063e-05
catapro,r_0254_ENZ_YML042W,0.0,5.713067992663135e-05
catapro,r_0255_ENZ_YGR088W,0.0,6.0631833206818e-05
catapro,r_0256_ENZ_YDR256C,0.0,2.4323504033298603e-05
catapro,r_0259_ENZ_YDR297W,0.0,0.0
catapro,r_0260_ENZ_YMR272C,0.0,0.0
catapro,r_0261_ENZ_YDR297W,0.0,0.0
catapro,r_0262_ENZ_YMR272C,0.0,0.0
catapro,r_0263_ENZ_YKL008C_and_YHL003C_and_YMR298W,0.0,7.239204614983841e-06
catapro,r_0264_ENZ_YKL008C_and_YHL003C_and_YMR298W,0.0,8.556845709217775e-06
catapro,r_0265_ENZ_YKL008C_and_YHL003C_and_YMR298W,0.0,9.372345918912116e-06
catapro,r_0266_ENZ_YKL008C_and_YHL003C_and_YMR298W,0.0,8.547174012663028e-06
catapro,r_0267_ENZ_YMR272C,0.0,0.0
catapro,r_0268_ENZ_YMR272C,0.0,0.0
catapro,r_0269_ENZ_YMR272C,0.0,0.0
catapro,r_0270_ENZ_YMR272C,0.0,0.0
catapro,r_0271_ENZ_YLR307W,0.0,0.0
catapro,r_0271_ENZ_YLR308W,0.0,0.0
catapro,r_0272_ENZ_YBR023C,0.0,0.0050698362269177
catapro,r_0272_ENZ_YBR038W,0.0,0.0050697966716082
catapro,r_0272_ENZ_YNL192W,0.0,0.0050698362269241
catapro,r_0273_ENZ_YLR133W,0.0,2.8770157554184072e-05
catapro,r_0274_ENZ_YGR202C,0.0,3.053803642034203e-05
catapro,r_0278_ENZ_YPR060C,0.0581861916095613,0.0582034309323683
catapro,r_0279_ENZ_YGL148W,0.0665082575530208,0.0665229160223551
catapro,r_0280_ENZ_YLR304C_FWD,0.0,0.0001854125775915
catapro,r_0280_ENZ_YLR304C_REV,0.0,0.000127558225321
catapro,r_0281_ENZ_YBR002C,0.0,0.0
catapro,r_0281_ENZ_YMR101C,0.0,0.0
catapro,r_0282_ENZ_YBR002C,0.0,0.0
catapro,r_0282_ENZ_YMR101C,0.0,0.0
catapro,r_0283_ENZ_YBR002C,0.0,0.0
catapro,r_0283_ENZ_YMR101C,0.0,0.0
catapro,r_0284_ENZ_YBR002C,0.0,0.0
catapro,r_0284_ENZ_YMR101C,0.0,0.0
catapro,r_0285_ENZ_YBR002C,0.0,0.0
catapro,r_0285_ENZ_YMR101C,0.0,0.0
catapro,r_0286_ENZ_YBR002C,0.0,0.0
catapro,r_0286_ENZ_YMR101C,0.0,0.0
catapro,r_0287_ENZ_YBR002C,0.0,0.0
catapro,r_0287_ENZ_YMR101C,0.0,0.0
catapro,r_0288_ENZ_YBR002C,0.0,0.0
catapro,r_0288_ENZ_YMR101C,0.0,0.0
catapro,r_0289_ENZ_YBR002C,0.0,0.0
catapro,r_0289_ENZ_YMR101C,0.0,0.0
catapro,r_0290_ENZ_YBR002C,0.0,0.0
catapro,r_0290_ENZ_YMR101C,0.0,0.0
catapro,r_0291_ENZ_YBR002C,0.0,0.0
catapro,r_0291_ENZ_YMR101C,0.0,0.0
catapro,r_0292_ENZ_YBR002C,0.0,0.0
catapro,r_0292_ENZ_YMR101C,0.0,0.0
catapro,r_0293_ENZ_YBR002C,0.0,0.0
catapro,r_0293_ENZ_YMR101C,0.0,0.0
catapro,r_0294_ENZ_YBR002C_FWD,0.0,0.0
catapro,r_0294_ENZ_YBR002C_REV,0.0,0.0
catapro,r_0294_ENZ_YMR101C_FWD,0.0,0.0
catapro,r_0294_ENZ_YMR101C_REV,0.0,0.0
catapro,r_0295_ENZ_YBR002C_FWD,0.0,0.0
catapro,r_0295_ENZ_YBR002C_REV,0.0,0.0
catapro,r_0295_ENZ_YMR101C_FWD,0.0,0.0
catapro,r_0295_ENZ_YMR101C_REV,0.0,0.0
catapro,r_0296_ENZ_YBR002C,0.0,0.0
catapro,r_0296_ENZ_YMR101C,0.0,0.0
catapro,r_0297_ENZ_YBR002C,0.0,0.0
catapro,r_0297_ENZ_YMR101C,0.0,0.0
catapro,r_0298_ENZ_YBR002C,0.0,0.0
catapro,r_0298_ENZ_YMR101C,0.0,0.0
catapro,r_0299_ENZ_YBR002C,0.0,0.0
catapro,r_0299_ENZ_YMR101C,0.0,0.0
catapro,r_0300_ENZ_YNR001C,0.2971684754701675,0.297293067483861
catapro,r_0300_ENZ_YPR001W,0.0,0.0
catapro,r_0301_ENZ_YCR005C,0.0,3.0387462718883818e-05
catapro,r_0302_ENZ_YLR304C_FWD,0.0,0.0002192987796759
catapro,r_0302_ENZ_YLR304C_REV,0.0,0.0001157238605901
catapro,r_0303_ENZ_YLR304C_FWD,0.0,0.0015497285578319
catapro,r_0303_ENZ_YLR304C_REV,0.0,0.0001960676478638
catapro,r_0304_ENZ_YDR044W,0.0,2.482689708628582e-06
catapro,r_0306_ENZ_YBL039C,0.0,0.0001428374260123
catapro,r_0306_ENZ_YJR103W,0.0,0.0001413310272654
catapro,r_0307_ENZ_YBL039C,0.0,0.0106599964440712
catapro,r_0307_ENZ_YJR103W,0.0,0.010659640410199
catapro,r_0308_ENZ_YFR055W,0.0,8.257577445203168e-05
catapro,r_0308_ENZ_YGL184C,0.0,4.830193739294858e-05
catapro,r_0309_ENZ_YGR155W,0.0016689443501537,0.001747769676681
catapro,r_0310_ENZ_YAL012W,0.0016689443501537,0.0017070627721561
catapro,r_0311_ENZ_YJR130C,0.0,3.775536125805862e-05
catapro,r_0312_ENZ_YLR303W,0.0,0.0
catapro,r_0313_ENZ_YNL247W,0.0016279307459489,0.0016279380017545
catapro,r_0314_ENZ_YLR245C,0.0,7.633848543342481e-05
catapro,r_0315_ENZ_YNR012W,0.0,0.0001497581900622
catapro,r_0317_ENZ_YHR007C_and_YHR042W,0.0079187244508922,0.0079263124374913
catapro,r_0318_ENZ_YPR062W,0.0,7.90712103095996e-05
catapro,r_0319_ENZ_YML086C,0.0,0.0
catapro,r_0320_ENZ_YMR041C,0.0,0.0
catapro,r_0321_ENZ_YBR149W,0.0,0.0
catapro,r_0322_ENZ_YKL060C_FWD,0.0,0.0
catapro,r_0322_ENZ_YKL060C_REV,0.0,0.0
catapro,r_0323_ENZ_YDL246C,0.0,0.0
catapro,r_0323_ENZ_YJR159W,0.0,0.0
catapro,r_0326_ENZ_YHR144C_FWD,0.0005917400359398,0.0009361132336211
catapro,r_0326_ENZ_YHR144C_REV,0.0,0.0001764040395113
catapro,r_0327_ENZ_YHR144C,0.0,8.550829928636694e-05
catapro,r_0328_ENZ_YNL141W,0.0,0.0
catapro,r_0329_ENZ_YLR245C,0.0,0.0001432231230045
catapro,r_0330_ENZ_YDR454C_FWD,0.0,0.0001067453772613
catapro,r_0330_ENZ_YDR454C_REV,0.0003479548636034,0.0005153564790516
catapro,r_0331_ENZ_YHR068W,0.0,0.0
catapro,r_0332_ENZ_YCR036W,0.0,0.0
catapro,r_0334_ENZ_YDR196C,0.0,7.137180602811988e-05
catapro,r_0335_ENZ_YNR057C_FWD,0.0,0.0
catapro,r_0335_ENZ_YNR057C_REV,0.0,0.0
catapro,r_0340_ENZ_YPL087W_FWD,0.0,1.0353539006556938e-05
catapro,r_0340_ENZ_YPL087W_REV,0.0,1.1026876487593714e-05
catapro,r_0341_ENZ_YPL087W_FWD,0.0,8.363895471497452e-06
catapro,r_0341_ENZ_YPL087W_REV,0.0,8.733680554554035e-06
catapro,r_0342_ENZ_YPL087W,0.0,1.558043318899814e-05
catapro,r_0343_ENZ_YPL087W,0.0,1.3091842125390052e-05
catapro,r_0344_ENZ_YOR236W,0.0007866451853523,0.0007958833861496
catapro,r_0345_ENZ_YOR236W,0.0,0.0
catapro,r_0346_ENZ_YMR113W,1.3613939935874786e-05,1.361400064389914e-05
catapro,r_0347_ENZ_YNL256W,1.3613939935874786e-05,1.361400064389914e-05
catapro,r_0348_ENZ_YDL100C,0.0,1.361397054212914e-05
catapro,r_0349_ENZ_YLR420W_FWD,0.0,0.0
catapro,r_0349_ENZ_YLR420W_REV,0.0230338269191522,0.0230497599303155
catapro,r_0350_ENZ_YNL256W,0.0,1.36139668743079e-05
catapro,r_0351_ENZ_YNL256W,0.0,1.361399136792078e-05
catapro,r_0352_ENZ_YJR016C,0.138414917791777,0.1384969664788581
catapro,r_0353_ENZ_YJR016C,0.0475306445747038,0.0475640534716921
catapro,r_0354_ENZ_YFL053W,0.0,0.0001240776153547
catapro,r_0354_ENZ_YML070W,0.0,0.0001228427570358
catapro,r_0355_ENZ_YJL167W,0.0158376636326889,0.0158528777831761
catapro,r_0356_ENZ_YKL152C_FWD,0.0,0.0
catapro,r_0356_ENZ_YKL152C_REV,0.0,0.0
catapro,r_0357_ENZ_YOR163W,0.0,5.7171407719436296e-05
catapro,r_0358_ENZ_YDR017C,0.0,5.434762289391326e-05
catapro,r_0359_ENZ_YLR172C,0.0,-0.0
catapro,r_0360_ENZ_YMR013C,0.0,-0.0
catapro,r_0361_ENZ_YPR183W,0.150749684681809,0.1507508272671318
catapro,r_0362_ENZ_YAL023C_and_YDL095W,0.0,0.1507503578028438
catapro,r_0362_ENZ_YDL093W,0.0,0.1507503890167194
catapro,r_0362_ENZ_YJR143C,0.0,0.1507503890167184
catapro,r_0362_ENZ_YOR321W,0.0,0.1507503890167183
catapro,r_0363_ENZ_YJR057W,0.0,8.902444518937802e-05
catapro,r_0364_ENZ_YBR252W,0.0,0.0001812912045789
catapro,r_0364_ENZ_YJR069C,0.0,0.0001804727696384
catapro,r_0365_ENZ_YJR153W,0.0,0.0
catapro,r_0366_ENZ_YGR254W_FWD,7.278981386711185,7.281626221205538
catapro,r_0366_ENZ_YGR254W_REV,0.0,0.0006221027558248
catapro,r_0366_ENZ_YHR174W_FWD,0.0,0.0
catapro,r_0366_ENZ_YHR174W_REV,0.0,0.0005570583553158
catapro,r_0366_ENZ_YMR323W_FWD,0.0,0.0001516610527807
catapro,r_0366_ENZ_YMR323W_REV,0.0,6.543505101568538e-05
catapro,r_0366_ENZ_YOR393W_FWD,0.0,0.0001412499987229
catapro,r_0366_ENZ_YOR393W_REV,0.0,9.386550811998808e-05
catapro,r_0366_ENZ_YPL281C_FWD,0.0,0.0001412499987309
catapro,r_0366_ENZ_YPL281C_REV,0.0,9.386550800047844e-05
catapro,r_0368_ENZ_YDR147W,0.0,0.0
catapro,r_0368_ENZ_YLR133W,0.0,0.0
catapro,r_0369_ENZ_YOR126C,0.0,0.0001172329622199
catapro,r_0370_ENZ_YDR261C,0.0,0.0
catapro,r_0370_ENZ_YGR282C,0.0,0.0
catapro,r_0370_ENZ_YLR300W,0.0,0.0
catapro,r_0370_ENZ_YNR067C,0.0,0.0
catapro,r_0370_ENZ_YOR190W,0.0,0.0
catapro,r_0373_ENZ_YPL069C,0.0,0.0
catapro,r_0399_ENZ_YER015W_FWD,0.0,3.049077789474275e-05
catapro,r_0399_ENZ_YER015W_REV,0.0,7.23647865294124e-06
catapro,r_0400_ENZ_YER015W_FWD,0.0,3.1917342922221645e-05
catapro,r_0400_ENZ_YER015W_REV,0.0,1.396098726130085e-05
catapro,r_0402_ENZ_YER015W_FWD,0.0,3.110961770644751e-05
catapro,r_0402_ENZ_YER015W_REV,0.0,1.0557236087130328e-05
catapro,r_0410_ENZ_YER015W_FWD,0.0,4.642196705554101e-05
catapro,r_0410_ENZ_YER015W_REV,0.0,0.0004328823079723
catapro,r_0412_ENZ_YER015W_FWD,0.0,3.2890223373033264e-05
catapro,r_0412_ENZ_YER015W_REV,0.0,1.205002007816679e-05
catapro,r_0436_ENZ_YOR176W,0.0,2.1473090439094733e-07
catapro,r_0437_ENZ_YEL039C_and_YKR066C,0.0,0.0
catapro,r_0437_ENZ_YJR048W_and_YKR066C,0.0,0.0
catapro,r_0438_ENZ_Q0045_and_Q0250_and_Q0275_and_YDL067C_and_YEL039C_and_YGL187C_and_YGL191W_and_YHR051W_and_YIL111W_and_YLR038C_and_YLR395C_and_YMR256C,0.0,17.036186965958755
catapro,r_0438_ENZ_Q0045_and_Q0250_and_Q0275_and_YDL067C_and_YEL039C_and_YGL187C_and_YGL191W_and_YHR051W_and_YLR038C_and_YLR395C_and_YMR256C_and_YNL052W,0.0,17.036186965960756
catapro,r_0438_ENZ_Q0045_and_Q0250_and_Q0275_and_YDL067C_and_YGL187C_and_YGL191W_and_YHR051W_and_YIL111W_and_YJR048W_and_YLR038C_and_YLR395C_and_YMR256C,0.0,17.036186965960212
catapro,r_0438_ENZ_Q0045_and_Q0250_and_Q0275_and_YDL067C_and_YGL187C_and_YGL191W_and_YHR051W_and_YJR048W_and_YLR038C_and_YLR395C_and_YMR256C_and_YNL052W,0.0,17.036186965960212
catapro,r_0438_ENZ_Q0045_and_Q0250_and_Q0275_and_YDL067C_and_YHR116W_and_YDR231C_and_YGR062C_and_YJL003W_and_YPL132W_and_YLL018C-A,0.0,17.036186965960212
catapro,r_0439_ENZ_Q0105_and_YBL045C_and_YDR529C_and_YEL024W_and_YEL039C_and_YFR033C_and_YGR183C_and_YHR001W-A_and_YJL166W_and_YOR065W_and_YPR191W,0.0,8.518052110950974
catapro,r_0439_ENZ_Q0105_and_YBL045C_and_YDR529C_and_YEL024W_and_YFR033C_and_YGR183C_and_YHR001W-A_and_YJL166W_and_YJR048W_and_YOR065W_and_YPR191W,0.0,8.518101778920737
catapro,r_0440_ENZ_YDL045C,0.0,2.147308629457966e-06
catapro,r_0441_ENZ_YLR011W,0.0,0.0003194871039381
catapro,r_0442_ENZ_YLR011W,0.0,0.0002777137301945
catapro,r_0443_ENZ_YDL168W,0.0,-0.0
catapro,r_0445_ENZ_YOR388C,0.0,0.0003349766706778
catapro,r_0446_ENZ_YGR204W,0.0093790658200771,0.0100771315618464
catapro,r_0447_ENZ_YBR084W_FWD,0.0,0.0
catapro,r_0447_ENZ_YBR084W_REV,0.0,0.0002232090311859
catapro,r_0448_ENZ_YJL155C,0.0,3.809960899481269e-05
catapro,r_0448_ENZ_YLR345W,0.0,4.09782234631062e-05
catapro,r_0449_ENZ_YLR377C,0.0,9.266803355922892e-05
catapro,r_0450_ENZ_YKL060C_FWD,3.270291293446809,3.272623377021008
catapro,r_0450_ENZ_YKL060C_REV,0.0,0.0001302998607971
catapro,r_0451_ENZ_YPL262W_FWD,0.0,9.36470576514294e-05
catapro,r_0451_ENZ_YPL262W_REV,0.0,0.000143223959217
catapro,r_0452_ENZ_YPL262W_FWD,0.0894171716559861,0.0897964533888028
catapro,r_0452_ENZ_YPL262W_REV,0.0,0.0
catapro,r_0453_ENZ_YKL216W,0.0230338269191522,0.0230497183762614
catapro,r_0454_ENZ_YEL047C_FWD,0.0,0.0028691118451114
catapro,r_0454_ENZ_YEL047C_REV,0.0,0.0002132949141291
catapro,r_0455_ENZ_YEL047C_FWD,0.0,2.1473166246287173e-06
catapro,r_0455_ENZ_YEL047C_REV,0.0,0.0
catapro,r_0457_ENZ_YLR299W,0.0,0.0
catapro,r_0458_ENZ_YBR020W,0.0,-0.0
catapro,r_0459_ENZ_YBR018C,0.0,1000.0
catapro,r_0460_ENZ_YJL101C,0.0,3.945026932469786e-05
catapro,r_0461,0.0,0.0
catapro,r_0462_ENZ_YJL167W,0.0158376636326889,0.0158528777831761
catapro,r_0463_ENZ_YPR184W,0.0,8.6071082788991e-05
catapro,r_0464_ENZ_YIL099W,0.0,8.012685482186588e-05
catapro,r_0465,0.0,9.950946011044044e-05
catapro,r_0466_ENZ_YNL241C,0.974495853409581,0.976720902672898
catapro,r_0467_ENZ_YBR196C_FWD,3.1685509922015456,3.171495573632475
catapro,r_0467_ENZ_YBR196C_REV,0.0,0.0
catapro,r_0468_ENZ_YDR300C,0.0405810747298001,0.04070651210761
catapro,r_0469_ENZ_YMR250W,0.0,4.5089683402999015e-05
catapro,r_0470_ENZ_YDL215C,0.0,0.0007374210622999
catapro,r_0471_ENZ_YAL062W,0.0,0.0
catapro,r_0471_ENZ_YOR375C,1.1670203331191296,1.1678896938371308
catapro,r_0472_ENZ_YDL171C,0.0,0.0001125160673844
catapro,r_0473_ENZ_YOR323C,0.0405810747298001,0.04070651210761
catapro,r_0475_ENZ_YFL060C,0.0,9.618499135233272e-05
catapro,r_0475_ENZ_YNL334C,0.0,9.572503808478322e-05
catapro,r_0476_ENZ_YPR035W,0.1990812750915642,0.1992247635618287
catapro,r_0477_ENZ_YKL104C,0.0050697966715844,0.0051732311204044
catapro,r_0478_ENZ_YOR168W,0.0259975617028568,0.0259977588151803
catapro,r_0479_ENZ_YGL245W,0.074441401116536,0.074441401116536
catapro,r_0480_ENZ_YOL033W,0.0,0.0
catapro,r_0481_ENZ_YCL035C_and_YPL091W,0.0,8.650083434480482e-05
catapro,r_0481_ENZ_YDR098C_and_YPL091W,0.0,8.289038219266853e-05
catapro,r_0481_ENZ_YDR513W_and_YPL091W,0.0,0.0001886833724565
catapro,r_0481_ENZ_YER174C_and_YPL091W,0.0,0.0001082079946217
catapro,r_0482_ENZ_YPL059W_and_YPL091W,0.0,0.0
catapro,r_0483_ENZ_YBR244W,0.0,0.0001092052020961
catapro,r_0483_ENZ_YCL035C,0.0,0.0001091167655821
catapro,r_0483_ENZ_YDR513W,0.0,0.0001097659885317
catapro,r_0483_ENZ_YIR037W,0.0,0.0001097951645786
catapro,r_0483_ENZ_YKL026C,0.0,8.180839528781902e-05
catapro,r_0483_ENZ_YNL229C,0.0,9.759050286312076e-05
catapro,r_0484_ENZ_YPL059W,0.0,0.0
catapro,r_0485_ENZ_YOL049W,0.0,3.945026932469786e-05
catapro,r_0486_ENZ_YGR192C_FWD,0.0,0.0
catapro,r_0486_ENZ_YGR192C_REV,0.0,0.0007459972597059
catapro,r_0486_ENZ_YJL052W_FWD,7.439663776272052,7.44258931770403
catapro,r_0486_ENZ_YJL052W_REV,0.0,0.0015093377971766
catapro,r_0486_ENZ_YJR009C_FWD,0.0,0.0
catapro,r_0486_ENZ_YJR009C_REV,0.0,0.0011758540613482
catapro,r_0487_ENZ_YOR120W,0.0,0.0001265770280126
catapro,r_0488_ENZ_YHL032C,0.0,0.0001308276474558
catapro,r_0489_ENZ_YER062C,0.0,0.0001262216377279
catapro,r_0489_ENZ_YIL053W,0.0,0.0001262149453903
catapro,r_0490_ENZ_YIL155C,0.0,0.0026704988984472
catapro,r_0491_ENZ_YDL022W,0.0025709760694258,0.0083772606680627
catapro,r_0491_ENZ_YOL059W,0.0,0.0
catapro,r_0492_ENZ_YOL059W,0.0,0.0027190272889969
catapro,r_0497_ENZ_YPL110C,0.0,1.7320680832598988e-05
catapro,r_0499_ENZ_YDR408C,0.0219869552865905,0.0219952103024509
catapro,r_0500,0.0,0.0
catapro,r_0501_ENZ_YAL044C_and_YDR019C_and_YFL018C_and_YMR189W,0.0,0.000417917089944
catapro,r_0502_ENZ_YLR058C_FWD,0.0936082146959845,0.0943842390099304
catapro,r_0502_ENZ_YLR058C_REV,0.0,0.0001606904437018
catapro,r_0503_ENZ_YBR263W_FWD,0.0,0.0001672156473088
catapro,r_0503_ENZ_YBR263W_REV,0.0,0.0003813027986938
catapro,r_0504_ENZ_YAL044C_and_YDR019C_and_YFL018C_and_YMR189W,0.0,0.0003541208352932
catapro,r_0505_ENZ_YAL044C_and_YDR019C_and_YFL018C_and_YMR189W,0.0,0.0003552406992394
catapro,r_0505_ENZ_YDR148C_and_YFL018C_and_YIL125W,0.0,0.0003063835429418
catapro,r_0506_ENZ_YAL044C_and_YDR019C_and_YFL018C_and_YMR189W,0.0,0.000417917089944
catapro,r_0507_ENZ_YAL044C_and_YDR019C_and_YFL018C_and_YMR189W,0.0,0.000417917089944
catapro,r_0508_ENZ_YAL044C_and_YDR019C_and_YFL018C_and_YMR189W,0.0,0.000417917089944
catapro,r_0509_ENZ_YAL044C_and_YDR019C_and_YFL018C_and_YMR189W,0.0,0.0003541208352932
catapro,r_0510_ENZ_YFR015C_and_YJL137C,0.0,0.0768232910083227
catapro,r_0510_ENZ_YFR015C_and_YKR058W,0.0,0.0768143222659149
catapro,r_0510_ENZ_YJL137C_and_YLR258W,0.0,0.0767512327775916
catapro,r_0510_ENZ_YKR058W_and_YLR258W,0.0,0.0768143222660284
catapro,r_0511_ENZ_YPR160W,0.0,0.0001807554512843
catapro,r_0512_ENZ_YBR121C,0.0,0.0716292794353518
catapro,r_0512_ENZ_YPR081C,0.0,0.0716295121086832
catapro,r_0514_ENZ_YMR217W,0.0103045564983941,0.0103371715544579
catapro,r_0518_ENZ_YMR281W_FWD,0.0,0.0
catapro,r_0518_ENZ_YMR281W_REV,0.0,0.0
catapro,r_0519_ENZ_YCL052C_and_YJR013W_FWD,0.0,0.0
catapro,r_0519_ENZ_YCL052C_and_YJR013W_REV,0.0,0.0
catapro,r_0520_ENZ_YKL165C_FWD,0.0,0.0
catapro,r_0520_ENZ_YKL165C_REV,0.0,0.0
catapro,r_0521_ENZ_YBR004C_FWD,0.0,0.0
catapro,r_0521_ENZ_YBR004C_REV,0.0,0.0
catapro,r_0522_ENZ_YGL142C_FWD,0.0,0.0
catapro,r_0522_ENZ_YGL142C_REV,0.0,0.0
catapro,r_0523_ENZ_YDR302W_FWD,0.0,0.0
catapro,r_0523_ENZ_YDR302W_REV,0.0,0.0
catapro,r_0523_ENZ_YLL031C_FWD,0.0,0.0
catapro,r_0523_ENZ_YLL031C_REV,0.0,0.0
catapro,r_0524_ENZ_YGR267C,1.3613939935874786e-05,1.361400064389914e-05
catapro,r_0525_ENZ_YBL033C,0.0002125835899704,0.000214731916311
catapro,r_0526_ENZ_YDL238C,0.0,3.287867188592197e-05
catapro,r_0527_ENZ_YDR399W,0.0,8.098854714919113e-05
catapro,r_0528_ENZ_YDR454C,0.0,0.0009046337165
catapro,r_0529_ENZ_YDR454C_FWD,0.0,0.0008498303216779
catapro,r_0529_ENZ_YDR454C_REV,0.0,8.218811213887062e-05
catapro,r_0530_ENZ_YDR376W_and_YPL252C,0.0,2.572145686784849e-06
catapro,r_0530_ENZ_YER141W,0.0,2.5721456873484034e-06
catapro,r_0531_ENZ_YPL172C,0.0,2.482689708628582e-06
catapro,r_0532_ENZ_YDR204W_and_YGR255C_and_YLR201C_and_YML110C_and_YOL096C_and_YOR125C,0.0,0.0
catapro,r_0533_ENZ_YFR053C,0.0,0.0
catapro,r_0533_ENZ_YGL253W,0.0,0.0
catapro,r_0533_ENZ_YLR446W,0.0,0.0
catapro,r_0534_ENZ_YCL040W,0.0,4.495666574720217
catapro,r_0534_ENZ_YDR516C,0.0,4.49566479475854
catapro,r_0534_ENZ_YFR053C,0.0,4.49566479475854
catapro,r_0534_ENZ_YGL253W,0.0,4.49566479475854
catapro,r_0534_ENZ_YLR446W,0.0,4.49566479475854
catapro,r_0535_ENZ_YFR053C,0.0,0.0
catapro,r_0535_ENZ_YGL253W,0.0,0.0
catapro,r_0535_ENZ_YLR446W,0.0,0.0
catapro,r_0536_ENZ_YCL030C,0.0163533037264329,0.0163655669408368
catapro,r_0537_ENZ_YFR025C,0.0163533037264329,0.0163655669408368
catapro,r_0538_ENZ_YIL116W,0.0163533037264329,0.0163655669408368
catapro,r_0539_ENZ_YPR033C,0.0163533037268453,0.0163533763725734
catapro,r_0540_ENZ_YPR033C,0.0,0.0
catapro,r_0541_ENZ_YBR034C,0.0,0.0
catapro,r_0542_ENZ_YDR234W_FWD,0.0,0.0
catapro,r_0542_ENZ_YDR234W_REV,0.0,0.0
catapro,r_0542_ENZ_YJL200C_FWD,0.0705929940523832,0.0706091445930281
catapro,r_0542_ENZ_YJL200C_REV,0.0,0.0
catapro,r_0543_ENZ_YDL131W,0.0,0.0
catapro,r_0543_ENZ_YDL182W,0.0,0.0
catapro,r_0544_ENZ_YLL062C,0.0,2.885339451919402e-05
catapro,r_0544_ENZ_YPL273W,0.0,3.092078046725011e-05
catapro,r_0545_ENZ_YIL094C,0.0705929940521006,0.0706085317343924
catapro,r_0546_ENZ_YJR139C,0.0591680079043348,0.0614360182033961
catapro,r_0547_ENZ_YJR139C,0.0,0.0020898491732835
catapro,r_0548_ENZ_YHR025W,0.0472099934702515,0.0472454607673503
catapro,r_0549_ENZ_YNL277W,0.0141744021906335,0.014199440490992
catapro,r_0550_ENZ_YDR453C_and_YGR209C,0.0,9.196270550249076e-05
catapro,r_0550_ENZ_YDR453C_and_YLR043C,0.0,9.19090101446085e-05
catapro,r_0551_ENZ_YBL064C_and_YCR083W,0.0,0.0
catapro,r_0552_ENZ_YGR209C_and_YLR109W,0.0,3.5637128688393774e-05
catapro,r_0552_ENZ_YLR043C_and_YLR109W,0.0,3.528133449224631e-05
catapro,r_0553_ENZ_YDR272W,0.0,0.0057094098882064
catapro,r_0554_ENZ_YOR040W,0.0,-0.0
catapro,r_0555_ENZ_YNR041C,0.0,0.0
catapro,r_0556_ENZ_YPL214C,0.0,1.822375644182001e-05
catapro,r_0557_ENZ_YDL205C,0.0,2.482689708628582e-06
catapro,r_0558_ENZ_YLR450W,0.0,0.0
catapro,r_0558_ENZ_YML075C,0.0475129908980669,0.0475435488493431
catapro,r_0560_ENZ_YML126C,0.0475129908980669,0.0475591874370982
catapro,r_0561_ENZ_YOL055C,0.0,1.826960102493774e-05
catapro,r_0561_ENZ_YPL258C,0.0,1.3247709164639944e-05
catapro,r_0561_ENZ_YPR121W,0.0,9.702640831974232e-06
catapro,r_0562_ENZ_YDR399W,0.0,7.922180371604595e-05
catapro,r_0563_ENZ_YBR248C,0.0163533037264329,0.0163655669408368
catapro,r_0564_ENZ_YOR202W,0.0163533037264329,0.0163655669408368
catapro,r_0565_ENZ_YHR216W,0.0,0.0103123679763291
catapro,r_0565_ENZ_YLR432W,0.0,0.0103123679763911
catapro,r_0565_ENZ_YML056C,0.0,0.0103123679763891
catapro,r_0566_ENZ_YKL211C,0.0083084520035234,0.008348941949791
catapro,r_0567_ENZ_YGR087C,0.0,1.2271551555385896e-05
catapro,r_0567_ENZ_YLR044C,0.0,1.215011791109305e-05
catapro,r_0567_ENZ_YLR134W,0.0,1.2150117904292934e-05
catapro,r_0568_ENZ_YBR011C,0.0,0.0015155444393002
catapro,r_0569_ENZ_YMR267W,1.5238769907865546,1.5276021834674296
catapro,r_0570_ENZ_YLR028C_FWD,0.0,0.0383520568797536
catapro,r_0570_ENZ_YLR028C_REV,0.0,0.0
catapro,r_0570_ENZ_YMR120C_FWD,0.0,0.0383524880490914
catapro,r_0570_ENZ_YMR120C_REV,0.0,0.0
catapro,r_0571_ENZ_YDR315C,0.0,1.974724796469096e-05
catapro,r_0572_ENZ_YDR173C,0.0,0.0
catapro,r_0573_ENZ_YDR173C,0.0,0.0
catapro,r_0574_ENZ_YDR173C,0.0,0.0
catapro,r_0575_ENZ_YDR173C,0.0,0.0
catapro,r_0596_ENZ_YER019W,0.0,0.0
catapro,r_0597_ENZ_YER019W,0.0,0.0
catapro,r_0598_ENZ_YER019W,0.0,0.0
catapro,r_0599_ENZ_YER019W,0.0,0.0
catapro,r_0600_ENZ_YER019W,0.0,0.0
catapro,r_0601_ENZ_YER019W,0.0,0.0
catapro,r_0602_ENZ_YER019W,0.0,0.0
catapro,r_0603_ENZ_YER019W,0.0,0.0
catapro,r_0604_ENZ_YER019W,0.0,0.0
catapro,r_0605_ENZ_YER019W,0.0,0.0
catapro,r_0606_ENZ_YER019W,0.0,0.0
catapro,r_0607_ENZ_YER019W,0.0,0.0
catapro,r_0608_ENZ_YER019W,0.0,0.0
catapro,r_0609_ENZ_YER019W,0.0,0.0
catapro,r_0610_ENZ_YER019W,0.0,0.0
catapro,r_0611_ENZ_YER019W,0.0,0.0
catapro,r_0612_ENZ_YER019W,0.0,0.0
catapro,r_0613_ENZ_YER019W,0.0,0.0
catapro,r_0614_ENZ_YER019W,0.0,0.0
catapro,r_0615_ENZ_YER019W,0.0,0.0
catapro,r_0616_ENZ_YER019W,0.0,-0.0
catapro,r_0617_ENZ_YER019W,0.0,-0.0
catapro,r_0618_ENZ_YER019W,0.0,-0.0
catapro,r_0619_ENZ_YER019W,0.0,-0.0
catapro,r_0620_ENZ_YER019W,0.0,-0.0
catapro,r_0621_ENZ_YER019W,0.0,-0.0
catapro,r_0622_ENZ_YER019W,0.0,-0.0
catapro,r_0623_ENZ_YER019W,0.0,-0.0
catapro,r_0624_ENZ_YER019W,0.0,-0.0
catapro,r_0625_ENZ_YER019W,0.0,-0.0
catapro,r_0626_ENZ_YER019W,0.0,-0.0
catapro,r_0627_ENZ_YER019W,0.0,-0.0
catapro,r_0628_ENZ_YER019W,0.0,-0.0
catapro,r_0629_ENZ_YER019W,0.0,-0.0
catapro,r_0630_ENZ_YER019W,0.0,-0.0
catapro,r_0631_ENZ_YER019W,0.0,-0.0
catapro,r_0632_ENZ_YER019W,0.0,-0.0
catapro,r_0633_ENZ_YER019W,0.0,-0.0
catapro,r_0634_ENZ_YER019W,0.0,-0.0
catapro,r_0635_ENZ_YER019W,0.0,-0.0
catapro,r_0636_ENZ_YER019W,0.0,-0.0
catapro,r_0637_ENZ_YER019W,0.0,-0.0
catapro,r_0638_ENZ_YER019W,0.0,-0.0
catapro,r_0639_ENZ_YER019W,0.0,-0.0
catapro,r_0640_ENZ_YER019W,0.0,-0.0
catapro,r_0641_ENZ_YER019W,0.0,-0.0
catapro,r_0642_ENZ_YER019W,0.0,-0.0
catapro,r_0643_ENZ_YER019W,0.0,-0.0
catapro,r_0644_ENZ_YER019W,0.0,-0.0
catapro,r_0645_ENZ_YER019W,0.0,-0.0
catapro,r_0646_ENZ_YER019W,0.0,4.79960857265138e-05
catapro,r_0647_ENZ_YER019W,0.0,4.773200776782044e-05
catapro,r_0648_ENZ_YER019W,0.0,4.765743310334832e-05
catapro,r_0649_ENZ_YER019W,0.0,4.807930697436924e-05
catapro,r_0650_ENZ_YER019W,0.0,4.652013712638423e-05
catapro,r_0651_ENZ_YER019W,0.0,4.5841882921543627e-05
catapro,r_0652_ENZ_YER019W,0.0,4.718433261037504e-05
catapro,r_0653_ENZ_YER019W,0.0,4.6881009978867695e-05
catapro,r_0654_ENZ_YER019W,0.0,4.725091504609357e-05
catapro,r_0655_ENZ_YER019W,0.0,4.709195047918817e-05
catapro,r_0656_ENZ_YOR126C,0.0,4.3941276731955525e-05
catapro,r_0657_ENZ_YOR126C,0.0,4.3621029840684375e-05
catapro,r_0658_ENZ_YNL037C_and_YOR136W,0.0700332657966628,0.0725628995747851
catapro,r_0659_ENZ_YLR174W_FWD,0.0,0.0015328608849108
catapro,r_0659_ENZ_YLR174W_REV,0.0,0.00071248484754
catapro,r_0661_ENZ_YNL009W,0.0,7.77726011870024e-06
catapro,r_0662_ENZ_YER065C,0.0,4.594361597543006e-05
catapro,r_0663_ENZ_YJR148W_FWD,0.0,0.0
catapro,r_0663_ENZ_YJR148W_REV,0.0474860564038637,0.0475627644895202
catapro,r_0664_ENZ_YHR208W_FWD,0.0,0.0
catapro,r_0664_ENZ_YHR208W_REV,0.0,7.144000668442979e-05
catapro,r_0665_ENZ_YBL076C,0.0475306445747038,0.0475308550516154
catapro,r_0666_ENZ_YPL040C,0.0,0.0
catapro,r_0667_ENZ_YPL117C_FWD,0.0158377337656015,0.0158476766181296
catapro,r_0667_ENZ_YPL117C_REV,0.0,0.0
catapro,r_0668_ENZ_YGR244C_and_YOR142W_FWD,0.0,0.0
catapro,r_0668_ENZ_YGR244C_and_YOR142W_REV,0.0,0.0
catapro,r_0669_ENZ_YLR355C,0.0475306445747038,0.0475661119341326
catapro,r_0670_ENZ_YLR231C,0.0,2.6414991045969893e-05
catapro,r_0671_ENZ_YBL098W,0.0013034165889369,0.0013036798984719
catapro,r_0672_ENZ_YHR037W_FWD,0.0,0.0
catapro,r_0672_ENZ_YHR037W_REV,0.0,0.0001431443032274
catapro,r_0673_ENZ_YHR037W_FWD,0.0,0.0001480289368507
catapro,r_0673_ENZ_YHR037W_REV,0.0,0.0
catapro,r_0674_ENZ_YLR089C_FWD,0.0,0.0
catapro,r_0674_ENZ_YLR089C_REV,0.0,7.424505823361294e-05
catapro,r_0675_ENZ_YEL046C,0.0,-0.0
catapro,r_0676_ENZ_YMR226C_FWD,0.0,0.0
catapro,r_0676_ENZ_YMR226C_REV,0.0,0.0
catapro,r_0678_ENZ_YBR115C_and_YGL154C,0.0705929940521006,0.0706084460929766
catapro,r_0679_ENZ_YDR321W,0.0,3.261222042082526e-05
catapro,r_0680_ENZ_YLR155C,0.0,3.1373275892365715e-05
catapro,r_0680_ENZ_YLR157C,0.0,3.1373276606204425e-05
catapro,r_0680_ENZ_YLR158C,0.0,3.1373276606204425e-05
catapro,r_0680_ENZ_YLR160C,0.0,3.1373276606204425e-05
catapro,r_0681_ENZ_YLR027C,0.0,0.0
catapro,r_0682_ENZ_YKL106W,0.0,0.0
catapro,r_0683_ENZ_YLR027C,0.0,0.0
catapro,r_0687_ENZ_YER023W,0.0,0.0002969027541279
catapro,r_0688_ENZ_YHR104W,0.0,0.0001207420232081
catapro,r_0688_ENZ_YOL151W,0.0,0.0001198280611383
catapro,r_0689_ENZ_YCL064C,0.0,6.616793942139723e-05
catapro,r_0690_ENZ_YMR226C,0.0,0.0
catapro,r_0691_ENZ_YJR159W,0.0,0.0
catapro,r_0692_ENZ_YCL064C,0.0,5.361710376180357e-05
catapro,r_0693_ENZ_YER086W,0.0,5.2207356863440135e-05
catapro,r_0694_ENZ_YJR078W,0.001303416588937,0.0013274226296857
catapro,r_0695_ENZ_YDR403W,0.0,1.3718207774942454e-05
catapro,r_0696_ENZ_YOL151W,0.0,0.0001242296409652
catapro,r_0697_ENZ_YML004C,0.0,0.002652626106322
catapro,r_0698_ENZ_YHR072W,0.0079187244508922,0.0079260244988502
catapro,r_0699_ENZ_YJR148W_FWD,0.0,0.0
catapro,r_0699_ENZ_YJR148W_REV,0.073108892870664,0.0731755310361322
catapro,r_0700_ENZ_YHR208W_FWD,0.0,0.0
catapro,r_0700_ENZ_YHR208W_REV,0.0,0.0
catapro,r_0701_ENZ_YPL160W,0.0731088928707232,0.0731092162951462
catapro,r_0702_ENZ_YLR382C,0.0,0.0
catapro,r_0703_ENZ_YNL045W_FWD,0.0,0.0
catapro,r_0703_ENZ_YNL045W_REV,0.0,0.0
catapro,r_0704_ENZ_YNL045W_FWD,0.0,0.0
catapro,r_0704_ENZ_YNL045W_REV,0.0,0.0
catapro,r_0705_ENZ_YNL045W_FWD,0.0,0.0
catapro,r_0705_ENZ_YNL045W_REV,0.0,0.0
catapro,r_0706_ENZ_YNL045W_FWD,0.0,0.0
catapro,r_0706_ENZ_YNL045W_REV,0.0,0.0
catapro,r_0707_ENZ_YNL045W_FWD,0.0,0.0
catapro,r_0707_ENZ_YNL045W_REV,0.0,0.0
catapro,r_0708_ENZ_YNL045W_FWD,0.0,0.0
catapro,r_0708_ENZ_YNL045W_REV,0.0,0.0
catapro,r_0711_ENZ_YDR037W,0.0705929940523832,0.0705933063467902
catapro,r_0712_ENZ_YNL073W,0.0,0.0
catapro,r_0713_ENZ_YKL085W_FWD,0.2971003539136039,0.2973283285394542
catapro,r_0713_ENZ_YKL085W_REV,0.0,0.0
catapro,r_0714_ENZ_YOL126C_FWD,0.0,0.0
catapro,r_0714_ENZ_YOL126C_REV,0.2458316687951432,0.2463094569066525
catapro,r_0715_ENZ_YDL078C_FWD,0.0,0.0
catapro,r_0715_ENZ_YDL078C_REV,0.0,5.29083488380426e-05
catapro,r_0716_ENZ_YIR031C,0.0,6.103766394416343e-05
catapro,r_0716_ENZ_YNL117W,0.0,6.165659445122457e-05
catapro,r_0717_ENZ_YNL117W,0.0,4.057894726730725e-05
catapro,r_0718_ENZ_YKL029C,0.0377136142853558,0.0384961734126577
catapro,r_0719_ENZ_YKL029C,0.0,0.0005823414140959
catapro,r_0721_ENZ_YKL192C_and_YOR221C_FWD,0.0,0.0
catapro,r_0721_ENZ_YKL192C_and_YOR221C_REV,0.0,0.0
catapro,r_0722_ENZ_YDL055C,0.150749684681809,0.1507508272671318
catapro,r_0723_ENZ_YER003C_FWD,0.0,0.0
catapro,r_0723_ENZ_YER003C_REV,0.1507508272671318,0.1508555078582728
catapro,r_0724_ENZ_YBR084W_FWD,0.0,0.0001742555299815
catapro,r_0724_ENZ_YBR084W_REV,0.0,0.0
catapro,r_0725_ENZ_YGR204W_FWD,0.0501670055471118,0.0507502574208477
catapro,r_0725_ENZ_YGR204W_REV,0.0,0.0
catapro,r_0726_ENZ_YDR502C,0.0,0.0
catapro,r_0726_ENZ_YLR180W,0.0301483023590322,0.030205057382374
catapro,r_0727_ENZ_YER091C,0.0426108020162867,0.042658719238831
catapro,r_0728_ENZ_YBL013W,0.0,0.0
catapro,r_0729_ENZ_YGR264C,0.0125054684206378,0.0125054684206378
catapro,r_0730_ENZ_YGR171C,0.0,0.0
catapro,r_0731_ENZ_YKR080W,0.0,0.0016095607665122
catapro,r_0732_ENZ_YGR204W_FWD,0.0488012016015894,0.0507488282546223
catapro,r_0732_ENZ_YGR204W_REV,0.0,0.0
catapro,r_0733_ENZ_YBR084W_FWD,0.0,0.0002159066994056
catapro,r_0733_ENZ_YBR084W_REV,0.0,0.0
catapro,r_0734_ENZ_YPR006C,0.0,6.48938654966603e-05
catapro,r_0735_ENZ_YMR208W,0.0,0.0002138754962208
catapro,r_0736_ENZ_YMR208W,0.0,0.0002228058790334
catapro,r_0737_ENZ_YMR208W,0.0,0.0475567911862486
catapro,r_0738_ENZ_YMR208W,0.0,0.047556905718248
catapro,r_0739_ENZ_YNR043W,0.0475129908980669,0.047558633349944
catapro,r_0747_ENZ_YBR036C_and_YBR161W,0.0,0.0
catapro,r_0747_ENZ_YBR036C_and_YPL057C,0.0,0.0
catapro,r_0748_ENZ_YBR036C_and_YBR161W,0.0,0.0
catapro,r_0748_ENZ_YBR036C_and_YPL057C,0.0,0.0
catapro,r_0749_ENZ_YBR036C_and_YBR161W,0.0,0.0
catapro,r_0749_ENZ_YBR036C_and_YPL057C,0.0,0.0
catapro,r_0750_ENZ_YBR036C_and_YBR161W,0.0,0.0
catapro,r_0750_ENZ_YBR036C_and_YPL057C,0.0,0.0
catapro,r_0751_ENZ_YBR036C_and_YBR161W,0.0,0.0
catapro,r_0751_ENZ_YBR036C_and_YPL057C,0.0,0.0
catapro,r_0752_ENZ_YBR036C_and_YBR161W,0.0,0.0
catapro,r_0752_ENZ_YBR036C_and_YPL057C,0.0,0.0
catapro,r_0753_ENZ_YBR036C_and_YBR161W,0.0,0.0
catapro,r_0753_ENZ_YBR036C_and_YPL057C,0.0,0.0
catapro,r_0754_ENZ_YBR036C_and_YBR161W,0.0,0.0
catapro,r_0754_ENZ_YBR036C_and_YPL057C,0.0,0.0
catapro,r_0755_ENZ_YBR036C_and_YBR161W,0.0,0.0
catapro,r_0755_ENZ_YBR036C_and_YPL057C,0.0,0.0
catapro,r_0756_ENZ_YBR036C_and_YBR161W,0.0,0.0
catapro,r_0756_ENZ_YBR036C_and_YPL057C,0.0,0.0
catapro,r_0757_ENZ_YDR287W,0.0016587936953359,0.0018815153220978
catapro,r_0757_ENZ_YHR046C,0.0,0.0005634633255658
catapro,r_0758_ENZ_YJL153C,0.0017742101623294,0.0018440227348926
catapro,r_0759_ENZ_YER069W,0.0396376456818359,0.0396657836486456
catapro,r_0760_ENZ_YFL017C,0.0050697966716106,0.0050697966716106
catapro,r_0761_ENZ_YJL071W_FWD,0.0,2.4764123184417564e-05
catapro,r_0761_ENZ_YJL071W_REV,0.0,0.0
catapro,r_0761_ENZ_YMR062C_FWD,0.0,2.5281400426901968e-05
catapro,r_0761_ENZ_YMR062C_REV,0.0,0.0
catapro,r_0762_ENZ_YDR428C,0.001303416588937,0.0013274226296857
catapro,r_0763_ENZ_YDR402C_and_YDR403W,0.0,6.859103887106935e-06
catapro,r_0764_ENZ_YGL067W,0.0,0.0
catapro,r_0765_ENZ_YEL041W,0.0,0.0007021723911792
catapro,r_0765_ENZ_YJR049C,0.0,0.0007021722813463
catapro,r_0766_ENZ_YEL041W,0.0,0.0
catapro,r_0766_ENZ_YJR049C,0.0,0.0
catapro,r_0766_ENZ_YPL188W,0.0,0.0
catapro,r_0767_ENZ_YDL042C,0.0,0.0
catapro,r_0767_ENZ_YDR191W,0.0,0.0
catapro,r_0767_ENZ_YOL068C,0.0,0.0
catapro,r_0767_ENZ_YOR025W,0.0,0.0
catapro,r_0767_ENZ_YPL015C,0.0,0.0
catapro,r_0768_ENZ_YHR074W,0.0013034165889369,0.0013034165889369
catapro,r_0769_ENZ_YHR074W_FWD,0.0,0.0
catapro,r_0769_ENZ_YHR074W_REV,0.0,0.0
catapro,r_0770_ENZ_YDL085W,0.0,0.0
catapro,r_0770_ENZ_YMR145C,7.429167219359288,7.4354085821558975
catapro,r_0771_ENZ_YEL041W,0.0,0.0007021732319533
catapro,r_0771_ENZ_YJR049C,0.0,0.0007021732882335
catapro,r_0772_ENZ_YEL041W,0.0,0.0
catapro,r_0772_ENZ_YJR049C,0.0,0.0
catapro,r_0772_ENZ_YPL188W,0.0,0.0
catapro,r_0773_ENZ_YML120C,1.0586699449131212,1.0618733714430688
catapro,r_0774_ENZ_YOR209C,0.0,2.576770953460569e-07
catapro,r_0775_ENZ_YOR209C,0.0,0.0
catapro,r_0781_ENZ_YGL037C,0.0,2.576770953460569e-07
catapro,r_0782_ENZ_YLR285W,0.0,0.0
catapro,r_0783_ENZ_YCL047C,0.0,0.0
catapro,r_0783_ENZ_YLR328W,0.0,0.0
catapro,r_0784_ENZ_YGR010W,0.0,0.0
catapro,r_0784_ENZ_YLR328W,0.0,0.0
catapro,r_0785_ENZ_YGR010W,0.0,0.0013036793367096
catapro,r_0785_ENZ_YLR328W,0.0,0.0013036800629888
catapro,r_0786_ENZ_YFR047C,0.0013034165889369,0.0013036798984719
catapro,r_0787_ENZ_YFR047C,0.0,0.0
catapro,r_0788_ENZ_YER005W,0.0,9.251000839272104e-05
catapro,r_0789_ENZ_YER005W,0.0,0.000161207711002
catapro,r_0790_ENZ_YER005W,0.0,0.0001601594205998
catapro,r_0791_ENZ_YEL042W,0.0,0.000163505500736
catapro,r_0792_ENZ_YER005W,0.0,0.0001526395748961
catapro,r_0793_ENZ_YER005W,0.0,2.2827694583549968e-05
catapro,r_0795_ENZ_YKL067W,0.0024654575151077,0.0029047745974259
catapro,r_0796_ENZ_YKL067W,0.0,0.0009004730947337
catapro,r_0797_ENZ_YKL067W,0.0,8.51735907958965e-05
catapro,r_0798_ENZ_YKL067W,0.0,0.0001627636328849
catapro,r_0799_ENZ_YKL067W,0.0,8.902444518937802e-05
catapro,r_0800_ENZ_YKL067W,0.1790115847263444,0.2266923960705334
catapro,r_0801_ENZ_YKL067W,0.0,0.000169115875614
catapro,r_0802_ENZ_YKL067W_FWD,0.0,0.0
catapro,r_0802_ENZ_YKL067W_REV,0.0,0.0
catapro,r_0803_ENZ_YKL067W_FWD,0.0,8.584814168597328e-05
catapro,r_0803_ENZ_YKL067W_REV,0.0,0.0
catapro,r_0804_ENZ_YAL035W,0.0,0.0001632450094257
catapro,r_0804_ENZ_YER005W,0.0,0.0001614682053959
catapro,r_0804_ENZ_YLL001W,0.0,0.000161468205472
catapro,r_0805_ENZ_YER005W,0.0,0.0001632450095238
catapro,r_0806_ENZ_YER005W,0.0,0.0001529583917458
catapro,r_0807_ENZ_YER005W,0.0,0.0001605805374409
catapro,r_0810_ENZ_YEL042W,0.0,0.0001698577427342
catapro,r_0811_ENZ_YKL067W,0.3333538915969489,0.3810531312879206
catapro,r_0812_ENZ_YLR303W,0.0,-0.0
catapro,r_0813_ENZ_YLR303W,0.0141744127707915,0.0142069223508492
catapro,r_0815_ENZ_YAL012W,0.0,3.2509580043617314e-05
catapro,r_0815_ENZ_YLL058W,0.0,3.0142603751760755e-05
catapro,r_0815_ENZ_YML082W,0.0,3.0002598704698125e-05
catapro,r_0816_ENZ_YJL088W,0.0396376456818359,0.0396570261684477
catapro,r_0817_ENZ_YKL184W,0.0,2.021263501039705e-05
catapro,r_0818_ENZ_YMR062C,0.0396376456818359,0.0396787097346786
catapro,r_0819_ENZ_YLR438W,0.0,4.106405282122694e-05
catapro,r_0820_ENZ_YML106W_FWD,0.0,0.0
catapro,r_0820_ENZ_YML106W_REV,0.0,0.0230496307848419
catapro,r_0820_ENZ_YMR271C_FWD,0.0,0.0
catapro,r_0820_ENZ_YMR271C_REV,0.0,0.0230496307848633
catapro,r_0821_ENZ_YEL021W,0.0230338269191522,0.0230497183762614
catapro,r_0831_ENZ_YDR148C_and_YFL018C_and_YIL125W,0.0,0.0001142515340963
catapro,r_0831_ENZ_YDR148C_and_YFL018C_and_YIL125W_and_YFR049W,0.0,0.0001135589053746
catapro,r_0832_ENZ_YDR148C_and_YFL018C_and_YIL125W,0.0,0.0001142515340633
catapro,r_0832_ENZ_YDR148C_and_YFL018C_and_YIL125W_and_YFR049W,0.0,0.0001135625286515
catapro,r_0841_ENZ_YGR277C,0.0,4.030833340683078e-05
catapro,r_0842_ENZ_YDR531W,4.0798873299580096e-05,4.079895492795712e-05
catapro,r_0843_ENZ_YIL145C,4.079887329957663e-05,5.236845378848322e-05
catapro,r_0844_ENZ_YJR019C,0.0,4.680335417522885e-05
catapro,r_0845_ENZ_YJR019C,0.0,4.793624995313994e-05
catapro,r_0847_ENZ_YJR019C,0.0,4.500855675415583e-05
catapro,r_0848_ENZ_YJR019C,0.0,4.62803926188915e-05
catapro,r_0849_ENZ_YJR019C,0.0,4.542238345811578e-05
catapro,r_0850_ENZ_YJR019C,0.0,4.683618140331053e-05
catapro,r_0851_ENZ_YGL202W_FWD,0.0,0.000170825443643
catapro,r_0851_ENZ_YGL202W_REV,0.0327021947680608,0.0332282608029045
catapro,r_0852_ENZ_YFL022C_and_YLR060W,0.0330272622336063,0.0330275125589398
catapro,r_0853_ENZ_YPR047W,0.0,0.0
catapro,r_0854_ENZ_YDR380W,0.0,1.292785218539455e-05
catapro,r_0855_ENZ_YGL234W,0.0219891025956262,0.0219933026371339
catapro,r_0882_ENZ_YEL058W_FWD,0.0050697966716106,0.0050697966716106
catapro,r_0882_ENZ_YEL058W_REV,0.0,0.0
catapro,r_0883_ENZ_YGR209C_and_YPR167C,0.0,0.0142144767800889
catapro,r_0883_ENZ_YLR043C_and_YPR167C,0.0,0.0142158289009089
catapro,r_0884_ENZ_YKR097W,0.0,0.0001111673669353
catapro,r_0885_ENZ_YGR007W,0.0,0.0
catapro,r_0886_ENZ_YGR240C_and_YMR205C,3.270291515271511,3.27257867402258
catapro,r_0887_ENZ_YGR240C_and_YMR205C,0.323124530523533,0.3245011148335534
catapro,r_0888_ENZ_YKL127W_FWD,0.0,0.3178114509822894
catapro,r_0888_ENZ_YKL127W_REV,0.0,0.0
catapro,r_0888_ENZ_YMR105C_FWD,0.0,0.3178128217698946
catapro,r_0888_ENZ_YMR105C_REV,0.0,0.0
catapro,r_0889_ENZ_YGR256W,0.0,0.0
catapro,r_0889_ENZ_YHR183W,0.9748616249796108,0.9766676150148405
catapro,r_0890_ENZ_YEL058W_FWD,0.0,0.0
catapro,r_0890_ENZ_YEL058W_REV,0.0,0.0
catapro,r_0891_ENZ_YER081W,0.0,0.0
catapro,r_0891_ENZ_YIL074C,0.1606828399948441,0.1608704818423152
catapro,r_0892_ENZ_YCR012W_FWD,7.440661453324326,7.441894985426236
catapro,r_0892_ENZ_YCR012W_REV,0.0,0.0
catapro,r_0893_ENZ_YKL152C_FWD,7.278946662986541,7.2824451496865725
catapro,r_0893_ENZ_YKL152C_REV,0.0,0.0029380372972758
catapro,r_0893_ENZ_YOR283W_FWD,0.0,0.0
catapro,r_0893_ENZ_YOR283W_REV,0.0,0.0
catapro,r_0902_ENZ_YFL045C_FWD,0.0,0.0
catapro,r_0902_ENZ_YFL045C_REV,0.150749684681809,0.1508894273641297
catapro,r_0903_ENZ_YOL055C,0.0,1.826960090294238e-05
catapro,r_0903_ENZ_YPL258C,0.0,1.3352458201473532e-05
catapro,r_0903_ENZ_YPR121W,0.0,9.447882335974304e-06
catapro,r_0904_ENZ_YMR220W,0.0475129908980669,0.047558633349944
catapro,r_0905_ENZ_YIL083C,4.0798873299580096e-05,4.079895492795712e-05
catapro,r_0906_ENZ_YKL088W_and_YKR072C_and_YOR054C,4.0798873299580096e-05,4.079895492795712e-05
catapro,r_0907_ENZ_YKL127W_FWD,0.0,0.0013518903301437
catapro,r_0907_ENZ_YKL127W_REV,0.0,0.0014219588112779
catapro,r_0907_ENZ_YMR105C_FWD,0.0,0.001425771357674
catapro,r_0907_ENZ_YMR105C_REV,0.0,0.0014845854911445
catapro,r_0907_ENZ_YMR278W_FWD,0.0,0.0005632375796686
catapro,r_0907_ENZ_YMR278W_REV,0.0,0.0005727587240343
catapro,r_0908_ENZ_YAR015W,0.0219891025956082,0.0219953813975223
catapro,r_0909_ENZ_YCL030C,0.0163533037264329,0.0163655669408368
catapro,r_0910_ENZ_YCL030C,0.0163533037264329,0.0163655669408368
catapro,r_0911_ENZ_YOR128C,0.0219891025956082,0.0219953813975223
catapro,r_0912_ENZ_YLR028C_FWD,0.0,0.0383520227013181
catapro,r_0912_ENZ_YLR028C_REV,0.0,0.0
catapro,r_0912_ENZ_YMR120C_FWD,0.0,0.0383524571992666
catapro,r_0912_ENZ_YMR120C_REV,0.0,0.0
catapro,r_0913_ENZ_YDR007W,0.0083084520035234,0.008348941949791
catapro,r_0914_ENZ_YGL234W,0.0219869552865905,0.0219952103024509
catapro,r_0915_ENZ_YMR300C,0.0219869552865905,0.0219952103024509
catapro,r_0916_ENZ_YBL068W_and_YOL061W,0.0,0.0711196428923185
catapro,r_0916_ENZ_YER099C_and_YOL061W,0.0,0.0711869074822409
catapro,r_0916_ENZ_YKL181W_and_YBL068W,0.0,0.0
catapro,r_0916_ENZ_YKL181W_and_YER099C,0.0,0.0
catapro,r_0916_ENZ_YKL181W_and_YHL011C,0.0,0.0
catapro,r_0917_ENZ_YGR208W,0.1606590883442979,0.160973069278352
catapro,r_0918_ENZ_YOR184W,0.1606594018564487,0.1609635492767319
catapro,r_0919_ENZ_YBR183W,0.0,1.556487423547665e-05
catapro,r_0920_ENZ_YDR402C,0.0,1.0098627772019051e-05
catapro,r_0921_ENZ_YDR294C,0.0,0.0
catapro,r_0922_ENZ_YDR297W,0.0,0.0
catapro,r_0929_ENZ_YMR020W,0.0,0.0
catapro,r_0935_ENZ_YGL040C,0.0,9.930758840488728e-06
catapro,r_0936_ENZ_YMR020W,0.0,0.0
catapro,r_0937_ENZ_YMR020W,4.079887329961479e-05,6.176964003636563e-05
catapro,r_0938_ENZ_YNL316C,0.0330272622335741,0.0330450235516055
catapro,r_0939_ENZ_YBR166C,0.0251589293759872,0.0251859597295227
catapro,r_0940_ENZ_YLR142W,0.0,8.269997281484809e-05
catapro,r_0941_ENZ_YHR020W,0.0406242723813682,0.0406244520979707
catapro,r_0942_ENZ_YER014W,0.0,1.2406842455174594e-06
catapro,r_0943_ENZ_YLR209C,0.0,0.0
catapro,r_0949_ENZ_YLR209C_FWD,0.0,8.078318621201896e-05
catapro,r_0949_ENZ_YLR209C_REV,0.0,0.0
catapro,r_0950_ENZ_YLR209C_FWD,0.0,0.0
catapro,r_0950_ENZ_YLR209C_REV,0.0,0.0
catapro,r_0951_ENZ_YLR209C_FWD,0.0,0.0013617228879673
catapro,r_0951_ENZ_YLR209C_REV,0.0,0.0020803700072292
catapro,r_0953_ENZ_YBR035C,0.0,0.0
catapro,r_0954_ENZ_YBR035C,0.0,0.0
catapro,r_0955_ENZ_YBR035C,0.0,0.0
catapro,r_0956_ENZ_YBR035C,0.0,8.443452037543153e-05
catapro,r_0957_ENZ_YER023W,0.0406242723812226,0.0406773711875858
catapro,r_0958_ENZ_YBR218C,0.0,0.0
catapro,r_0958_ENZ_YGL062W,0.5183993555874626,0.5188531422389379
catapro,r_0959_ENZ_YGR087C,0.0,0.0
catapro,r_0959_ENZ_YLR044C,0.0,0.0
catapro,r_0959_ENZ_YLR134W,5.654505007349698,5.657603713745072
catapro,r_0960_ENZ_YGR087C,0.0,0.0013959717283604
catapro,r_0960_ENZ_YLR044C,0.0,0.0015103335733278
catapro,r_0960_ENZ_YLR134W,0.0,0.0015785231230895
catapro,r_0961_ENZ_YBR221C_and_YER178W_and_YFL018C_and_YGR193C_and_YNL071W,0.5828547761079746,0.5838738221705572
catapro,r_0962_ENZ_YAL038W,7.146509575194212,7.14800900080483
catapro,r_0962_ENZ_YOR347C,0.0,0.0
catapro,r_0963_ENZ_YDR204W_and_YGR255C_and_YLR201C_and_YML110C_and_YOL096C_and_YOR125C,0.0,0.0
catapro,r_0964_ENZ_YDR135C,0.0,2.8478293209588967e-05
catapro,r_0965_ENZ_YDR236C,0.0,7.129661746974048e-05
catapro,r_0966_ENZ_YDR236C,0.0,2.1473175550125403e-06
catapro,r_0967_ENZ_YOL143C,0.0004251671799408,0.0004294639358141
catapro,r_0968_ENZ_YBR256C,0.0002125835899704,0.000214731916311
catapro,r_0969_ENZ_YCR036W,0.0,0.000152132467952
catapro,r_0970_ENZ_YGR209C,0.0,0.0007730336291426
catapro,r_0971_ENZ_YGR209C,0.0,8.399290893151682e-05
catapro,r_0972_ENZ_YGR209C,0.0,0.0001001312142672
catapro,r_0973_ENZ_YGR209C,0.0,0.0001840586491065
catapro,r_0974_ENZ_YER070W,0.0,0.0007730346828001
catapro,r_0974_ENZ_YGR180C,0.0,0.0007730347535954
catapro,r_0974_ENZ_YIL066C,0.0,0.0007730347535954
catapro,r_0974_ENZ_YJL026W,0.0,0.0007730347535954
catapro,r_0975_ENZ_YER070W,0.0,0.0
catapro,r_0975_ENZ_YGR180C,0.0,0.0
catapro,r_0975_ENZ_YIL066C,0.0,0.0
catapro,r_0975_ENZ_YJL026W,0.0,0.0
catapro,r_0976_ENZ_YER070W,0.0,0.0013023085302318
catapro,r_0976_ENZ_YGR180C,0.0,0.0013017855584297
catapro,r_0976_ENZ_YIL066C,0.0,0.0013017855584215
catapro,r_0976_ENZ_YJL026W,0.0,0.0013017855584241
catapro,r_0977_ENZ_YER070W,0.0,0.0
catapro,r_0977_ENZ_YGR180C,0.0,0.0
catapro,r_0977_ENZ_YIL066C,0.0,0.0
catapro,r_0977_ENZ_YJL026W,0.0,0.0
catapro,r_0978_ENZ_YER070W,0.0,0.0005153566060802
catapro,r_0978_ENZ_YGR180C,0.0,0.0005153566060802
catapro,r_0978_ENZ_YIL066C,0.0,0.0005153566060802
catapro,r_0978_ENZ_YJL026W,0.0,0.0005153566060802
catapro,r_0979_ENZ_YER070W,0.0,0.0
catapro,r_0979_ENZ_YGR180C,0.0,0.0
catapro,r_0979_ENZ_YIL066C,0.0,0.0
catapro,r_0979_ENZ_YJL026W,0.0,0.0
catapro,r_0982_ENZ_YOR095C_FWD,0.3942099773996199,0.3951738909327663
catapro,r_0982_ENZ_YOR095C_REV,0.0,0.0005243002048351
catapro,r_0983_ENZ_YNL129W,0.0,0.0
catapro,r_0984_ENZ_YJL121C_FWD,0.5798269525878492,0.5815995390973775
catapro,r_0984_ENZ_YJL121C_REV,0.0,0.0002091168019124
catapro,r_0985_ENZ_YDR204W_and_YGR255C_and_YLR201C_and_YML110C_and_YOL096C_and_YOR125C,0.0,0.0
catapro,r_0986_ENZ_YML008C,0.0,1.1968984796717486e-05
catapro,r_0987_ENZ_YJL068C,0.0,-0.0
catapro,r_0988_ENZ_YIR034C,0.0705929940521006,0.0706084460929766
catapro,r_0989_ENZ_YNR050C,0.0705929940521006,0.0706084460929766
catapro,r_0990_ENZ_YKL060C_FWD,0.3228872714797988,0.3245326452146478
catapro,r_0990_ENZ_YKL060C_REV,0.0,0.0001167901514579
catapro,r_0992_ENZ_YHR013C_and_YDL040C_and_YOR253W,0.0,3.3754465872413355e-05
catapro,r_0993_ENZ_YMR296C_and_YKL212W_and_YDR062W_and_YGR038W_and_YLR350W_and_YBR058C-A,0.0,0.0
catapro,r_0995_ENZ_YDR023W,0.0,0.045730257812701
catapro,r_0995_ENZ_YHR011W,0.0,0.0457300534212824
catapro,r_0996_ENZ_YDR127W,0.0665082575530106,0.0665186781114439
catapro,r_0997_ENZ_YDR127W,0.0665082575530204,0.066534963701206
catapro,r_0998_ENZ_YBR213W,0.0,0.0
catapro,r_0999_ENZ_YBR213W,0.0,0.0
catapro,r_1000_ENZ_YEL047C_FWD,0.0,0.0003065923678965
catapro,r_1000_ENZ_YEL047C_REV,0.0,0.0
catapro,r_1001_ENZ_YPR069C,0.0,9.969294739578529e-06
catapro,r_1002_ENZ_YLR146C,4.079887329955234e-05,6.171532137064228e-05
catapro,r_1003_ENZ_YDR294C,0.0,0.0
catapro,r_1004_ENZ_YJL134W,0.0,3.094838079085234e-05
catapro,r_1004_ENZ_YKR053C,0.0,3.009384803472176e-05
catapro,r_1005_ENZ_YJL134W,0.0,2.0811773880906143e-05
catapro,r_1005_ENZ_YKR053C,0.0,2.110392965903808e-05
catapro,r_1006_ENZ_YLR260W,0.0,3.0084908656281503e-05
catapro,r_1006_ENZ_YOR171C,0.0,3.132408627519154e-05
catapro,r_1007_ENZ_YLR260W,0.0,2.0130829954563905e-05
catapro,r_1007_ENZ_YOR171C,0.0,2.1360125869562347e-05
catapro,r_1008_FWD,0.0,0.0
catapro,r_1008_REV,0.0,0.0
catapro,r_1009_FWD,0.0,0.0
catapro,r_1009_REV,0.0,0.0
catapro,r_1010_ENZ_YGR175C,0.0,0.0
catapro,r_1011_ENZ_YGR175C,0.0079187244508922,0.0079260244988502
catapro,r_1012_ENZ_YHR190W,0.0079187244508922,0.0079260244988502
catapro,r_1021_ENZ_YDR178W_and_YJL045W_and_YKL141W_and_YLL041C_FWD,0.0,0.0254565791641015
catapro,r_1021_ENZ_YDR178W_and_YJL045W_and_YKL141W_and_YLL041C_REV,0.0,0.0
catapro,r_1021_ENZ_YDR178W_and_YKL141W_and_YKL148C_and_YLL041C_FWD,0.0,0.0253295747738153
catapro,r_1021_ENZ_YDR178W_and_YKL141W_and_YKL148C_and_YLL041C_REV,0.0,0.0
catapro,r_1021_ENZ_YLR164W_and_YJL045W_and_YKL141W_and_YLL041C_FWD,0.0,0.0257363026791557
catapro,r_1021_ENZ_YLR164W_and_YJL045W_and_YKL141W_and_YLL041C_REV,0.0,0.0
catapro,r_1022_ENZ_YGR244C_and_YOR142W,0.0,0.0003768906797159
catapro,r_1023_ENZ_YBR006W,0.0,4.5089683402999015e-05
catapro,r_1024_ENZ_YIL162W,0.0,0.0
catapro,r_1025_ENZ_YJR010W,0.0141744127707915,0.0142717309468509
catapro,r_1026_ENZ_YCL050C,0.0,9.731817663238827e-05
catapro,r_1027_ENZ_YFR030W_and_YJR137C,0.0141744127707915,0.0142138750330894
catapro,r_1028_ENZ_YLL048C,0.0,-0.0
catapro,r_1029_ENZ_YLL057C,0.0,0.0
catapro,r_1030_ENZ_YAL044C_and_YDR019C_and_YFL018C_and_YMR189W,0.0,0.0020489999102704
catapro,r_1031_ENZ_YKL132C_FWD,0.0,0.0
catapro,r_1031_ENZ_YKL132C_REV,0.0,0.0
catapro,r_1031_ENZ_YOR241W_FWD,0.0,0.0
catapro,r_1031_ENZ_YOR241W_REV,0.0,0.0
catapro,r_1032_ENZ_YBR092C,0.0,0.0
catapro,r_1033_ENZ_YBR092C,0.0,0.0
catapro,r_1034_ENZ_YOR143C,0.0,2.576770953460569e-07
catapro,r_1035_ENZ_YOR143C,0.0,0.0
catapro,r_1036_ENZ_YPL214C,0.0,1.783574707356113e-05
catapro,r_1037_ENZ_YGR209C_and_YIL010W,0.0,0.0
catapro,r_1037_ENZ_YIL010W_and_YLR043C,0.0,0.0
catapro,r_1038_ENZ_YDR353W,0.0,0.0168427915487745
catapro,r_1038_ENZ_YDR353W_and_YGR209C,0.0,0.016842248916571
catapro,r_1038_ENZ_YDR353W_and_YLR043C,0.0,0.0168666415584791
catapro,r_1039_ENZ_YCR083W_and_YHR106W,0.0,0.0
catapro,r_1039_ENZ_YCR083W_and_YPL091W,0.0,0.0
catapro,r_1040_ENZ_YEL046C,0.0,2.7242391556499268e-05
catapro,r_1041_ENZ_YCR053W,0.0472099934702515,0.0472454607673503
catapro,r_1042_ENZ_YIL078W,0.0472099934702515,0.0472099934702515
catapro,r_1043_ENZ_YKL194C,0.0,0.0
catapro,r_1045_ENZ_YOR074C,0.0007730312454164,0.0007820890104177
catapro,r_1046_ENZ_YER175C,0.0,0.0
catapro,r_1047_ENZ_YBR003W,0.0,0.0
catapro,r_1048_ENZ_YGR043C_FWD,0.0,0.0002875956802798
catapro,r_1048_ENZ_YGR043C_REV,0.0,0.0011999249904868
catapro,r_1048_ENZ_YLR354C_FWD,0.0,0.0005040874726998
catapro,r_1048_ENZ_YLR354C_REV,0.0,0.0005389171459834
catapro,r_1049_ENZ_YBR117C_FWD,0.0,0.0
catapro,r_1049_ENZ_YBR117C_REV,0.0,0.0002948198786325
catapro,r_1049_ENZ_YPR074C_FWD,0.3231780740834896,0.3242462541924332
catapro,r_1049_ENZ_YPR074C_REV,0.0,0.0003820727868694
catapro,r_1050_ENZ_YBR117C_FWD,0.0,0.0
catapro,r_1050_ENZ_YBR117C_REV,0.0,0.0002200714510422
catapro,r_1050_ENZ_YPR074C_FWD,0.2567955824560964,0.2574161669701613
catapro,r_1050_ENZ_YPR074C_REV,0.0,0.0
catapro,r_1051_ENZ_YBR126C_and_YDR074W_and_YML100W,0.0,0.0
catapro,r_1051_ENZ_YBR126C_and_YDR074W_and_YMR261C,0.0293215051041265,0.0293593603914139
catapro,r_1054_ENZ_YDR050C_FWD,3.579918520931561,3.5805564532059755
catapro,r_1054_ENZ_YDR050C_REV,0.0,0.0
catapro,r_1055_ENZ_YGL026C,0.0083084520035233,0.0083370029962939
catapro,r_1056_ENZ_YGL202W,0.0,7.966152013746952e-06
catapro,r_1057_ENZ_YOL097C,0.0070050354145863,0.0070050354145863
catapro,r_1058_ENZ_YDR268W,0.0,0.0
catapro,r_1063_ENZ_YGL202W_FWD,0.0247748274589874,0.0252909040196501
catapro,r_1063_ENZ_YGL202W_REV,0.0,0.0
catapro,r_1065_ENZ_YLR027C,0.0,0.0
catapro,r_1066_ENZ_YGR185C,0.0251589293760133,0.0251589293760133
catapro,r_1067_ENZ_YPL097W,0.0,0.0
catapro,r_1068_ENZ_YLR189C,0.0,0.0
catapro,r_1069_ENZ_YDL103C_FWD,0.0050697966716158,0.0050697966716158
catapro,r_1069_ENZ_YDL103C_REV,0.0,0.0
catapro,r_1070_ENZ_YBR019C_FWD,0.0,0.0
catapro,r_1070_ENZ_YBR019C_REV,0.0,0.0
catapro,r_1071_ENZ_YBR018C_FWD,0.0,0.0
catapro,r_1071_ENZ_YBR018C_REV,0.0,1000.0
catapro,r_1072_ENZ_YKL024C,0.0,0.0107421785432069
catapro,r_1073_ENZ_YKL024C,0.0,0.0107421785438331
catapro,r_1074_ENZ_YHR128W,0.0,8.198205038090212e-05
catapro,r_1075_ENZ_YBR208C,0.0,1.727361394050081e-05
catapro,r_1076_ENZ_YIR032C,0.0,0.0
catapro,r_1077_ENZ_YDR020C,0.0,0.0001614682038912
catapro,r_1077_ENZ_YNR012W,0.0,0.0001630819882869
catapro,r_1078_ENZ_YDR020C,0.0,0.0001635055006885
catapro,r_1078_ENZ_YNR012W,0.0,0.0001614682053068
catapro,r_1079_ENZ_YKL024C,0.0,8.5680555948943e-05
catapro,r_1080_ENZ_YKL024C,0.0,8.58481419828824e-05
catapro,r_1081_ENZ_YDR047W,0.0,2.482689708628582e-06
catapro,r_1082_ENZ_YKR069W,0.0,0.0
catapro,r_1083_ENZ_YOR278W,0.0,2.482689708628582e-06
catapro,r_1084_ENZ_YHL012W_FWD,0.0,0.3178844160497805
catapro,r_1084_ENZ_YHL012W_REV,0.0,999.6822970365304
catapro,r_1084_ENZ_YKL035W_FWD,0.0,0.3178814543950637
catapro,r_1084_ENZ_YKL035W_REV,0.0,999.68229703653
catapro,r_1085_ENZ_YBR127C_and_YDL185W_and_YOR332W_and_YHR026W_and_YEL027W_and_YKL080W_and_YLR447C_and_YEL051W_and_YPL234C_and_YMR054W_and_YGR020C_and_YPR036W_and_YHR039C-A_and_YGR106C_and_YCL005W-A,0.0,7.018007121190051e-05
catapro,r_1085_ENZ_YPR170W-B_and_YBR127C_and_YDL185W_and_YOR332W_and_YHR026W_and_YEL027W_and_YKL080W_and_YLR447C_and_YEL051W_and_YPL234C_and_YMR054W_and_YGR020C_and_YPR036W_and_YHR039C-A_and_YGR106C_and_YCL005W-A,0.0,6.852878299756782e-05
catapro,r_1086_ENZ_YBR127C_and_YDL185W_and_YEL027W_and_YEL051W_and_YGR020C_and_YHR026W_and_YHR039C-A_and_YKL080W_and_YLR447C_and_YOR270C_and_YOR332W_and_YPL234C_and_YPR036W_and_YGR106C_and_YCL005W-A,0.0,6.95870810871746e-05
catapro,r_1086_ENZ_YBR127C_and_YDL185W_and_YEL027W_and_YEL051W_and_YGR020C_and_YHR026W_and_YHR039C-A_and_YKL080W_and_YLR447C_and_YOR270C_and_YOR332W_and_YPL234C_and_YPR036W_and_YPR170W-B_and_YGR106C_and_YCL005W-A,0.0,6.894377829125276e-05
catapro,r_1087_ENZ_YJR148W_FWD,0.0,5.447130721969451e-05
catapro,r_1087_ENZ_YJR148W_REV,0.0,0.0
catapro,r_1088_ENZ_YHR208W_FWD,0.0,0.0
catapro,r_1088_ENZ_YHR208W_REV,0.0652652260478134,0.0653190176744158
catapro,r_1089_ENZ_YGR094W,0.0652652260481333,0.0652655147731738
catapro,r_1090_ENZ_YGR094W,0.0,0.0
catapro,r_1091_ENZ_YJR133W,0.0,3.224021619292056e-05
catapro,r_1092_ENZ_YLR070C,0.0,0.0
catapro,r_1093_ENZ_YHR104W,0.0,0.0
catapro,r_1094_ENZ_YGR194C,0.0,0.0
catapro,r_1095_ENZ_YFL001W_FWD,0.0,0.0
catapro,r_1095_ENZ_YFL001W_REV,0.0,0.0
catapro,r_1095_ENZ_YGL063W_FWD,0.0,0.0
catapro,r_1095_ENZ_YGL063W_REV,0.0,0.0
catapro,r_1095_ENZ_YNL292W_FWD,0.0,0.0
catapro,r_1095_ENZ_YNL292W_REV,0.0,0.0
catapro,r_1095_ENZ_YPL212C_FWD,0.0,0.0
catapro,r_1095_ENZ_YPL212C_REV,0.0,0.0
catapro,r_1096_ENZ_YKL217W_FWD,0.0,0.0
catapro,r_1096_ENZ_YKL217W_REV,0.0,3.111943988327176e-05
catapro,r_1096_ENZ_YNL065W_FWD,0.0,0.0
catapro,r_1096_ENZ_YNL065W_REV,0.0,2.9922571719624705e-05
catapro,r_1097_FWD,0.0,0.0015893365569829
catapro,r_1097_REV,0.0,0.0
catapro,r_1098,0.0,2.920989154355652e-05
catapro,r_1099_ENZ_YOR222W_FWD,0.0,0.0
catapro,r_1099_ENZ_YOR222W_REV,0.0,0.0
catapro,r_1099_ENZ_YPL134C_FWD,0.0705929940521006,0.0706091445930281
catapro,r_1099_ENZ_YPL134C_REV,0.0,0.0
catapro,r_1100_FWD,0.0,0.0
catapro,r_1100_REV,0.0,0.0
catapro,r_1101_ENZ_YDL210W,0.0,0.0
catapro,r_1101_ENZ_YOR348C,0.0,0.0
catapro,r_1102_ENZ_YDL210W,0.0,0.0
catapro,r_1103_FWD,0.0,0.0
catapro,r_1103_REV,0.0,0.0
catapro,r_1104_ENZ_YNR056C_FWD,0.0,0.0
catapro,r_1104_ENZ_YNR056C_REV,0.0,0.0
catapro,r_1106_ENZ_YCR010C_FWD,0.0,0.0004846560822877
catapro,r_1106_ENZ_YCR010C_REV,0.0,0.0
catapro,r_1107,0.0,0.0001881799177549
catapro,r_1108_ENZ_YER056C,0.0,0.0
catapro,r_1108_ENZ_YER060W,0.0,0.0
catapro,r_1108_ENZ_YER060W-A,0.0,0.0
catapro,r_1109_ENZ_YAL022C,0.0,0.0
catapro,r_1110_ENZ_YBL030C_FWD,11.208048479313712,11.214572950629323
catapro,r_1110_ENZ_YBL030C_REV,0.0,9.165478305561692e-05
catapro,r_1110_ENZ_YBR085W_FWD,0.0,0.0
catapro,r_1110_ENZ_YBR085W_REV,0.0,6.558092910502467e-05
catapro,r_1110_ENZ_YMR056C_FWD,0.0,0.0
catapro,r_1110_ENZ_YMR056C_REV,0.0,6.861942571134705e-05
catapro,r_1111_ENZ_YPR128C,0.0,-0.0
catapro,r_1112_ENZ_YMR241W_FWD,0.0,0.0002513259428796
catapro,r_1112_ENZ_YMR241W_REV,0.0649793944077783,0.0667584588207349
catapro,r_1113_ENZ_YJR152W,0.0,0.0
catapro,r_1114_ENZ_YIR028W,0.0,0.0
catapro,r_1115_ENZ_YDR384C_FWD,0.0,0.0
catapro,r_1115_ENZ_YDR384C_REV,0.0,0.0003326804811729
catapro,r_1115_ENZ_YGR121C_FWD,0.0,0.0
catapro,r_1115_ENZ_YGR121C_REV,0.0,0.0003242145386721
catapro,r_1115_ENZ_YNL142W_FWD,1.3740192932208324,1.3742549534181598
catapro,r_1115_ENZ_YNL142W_REV,0.0,0.0
catapro,r_1115_ENZ_YPR138C_FWD,0.0,0.0
catapro,r_1115_ENZ_YPR138C_REV,0.0,0.0
catapro,r_1116_ENZ_YPR128C,0.0,4.134229446386972e-05
catapro,r_1118_ENZ_YPR021C,0.0,0.0
catapro,r_1119_ENZ_YGR065C,0.0,0.0
catapro,r_1120_ENZ_YOR100C,0.0,5.713067982027198e-05
catapro,r_1121_FWD,0.0,3.271635829989747e-05
catapro,r_1121_REV,0.0,0.0
catapro,r_1122_FWD,0.0,4.807930731450731e-05
catapro,r_1122_REV,0.0,0.0
catapro,r_1123_FWD,0.0,4.654904598689084e-05
catapro,r_1123_REV,0.0,0.0
catapro,r_1124_FWD,0.0,4.6370744181047736e-05
catapro,r_1124_REV,0.0,0.0
catapro,r_1125_ENZ_YGL077C,0.0,0.0001634293915131
catapro,r_1126_ENZ_YBR291C_FWD,0.0,0.0003666881487324
catapro,r_1126_ENZ_YBR291C_REV,0.0,0.0003631352861174
catapro,r_1127_ENZ_YBR291C_FWD,0.0,0.0
catapro,r_1127_ENZ_YBR291C_REV,0.0663491479181985,0.0665342770411283
catapro,r_1128_ENZ_YBR291C_FWD,0.0,0.00094331301971
catapro,r_1128_ENZ_YBR291C_REV,0.0,0.0001298831320771
catapro,r_1129_ENZ_YHR002W,0.0473726730080885,0.0475278218820265
catapro,r_1130_ENZ_YBR192W,0.0,4.479461430714826e-05
catapro,r_1131_ENZ_YBR192W,0.0,4.576849326220307e-05
catapro,r_1132_ENZ_YAL022C,0.0,0.0
catapro,r_1133_ENZ_YER056C,0.0,0.0
catapro,r_1133_ENZ_YER060W,0.0,0.0
catapro,r_1133_ENZ_YER060W-A,0.0,0.0
catapro,r_1133_ENZ_YGL186C,0.0,0.0
catapro,r_1134_ENZ_YDL245C,0.0,0.0
catapro,r_1134_ENZ_YDR342C,0.0,0.0
catapro,r_1134_ENZ_YDR343C,0.0,0.0
catapro,r_1134_ENZ_YDR345C,0.0,0.0
catapro,r_1134_ENZ_YEL069C,0.0,0.0
catapro,r_1134_ENZ_YFL011W,0.0,0.0
catapro,r_1134_ENZ_YHR092C,0.0,0.0
catapro,r_1134_ENZ_YHR094C,0.0,0.0
catapro,r_1134_ENZ_YHR096C,0.0,0.0
catapro,r_1134_ENZ_YJL214W,0.0,0.0
catapro,r_1134_ENZ_YJL219W,0.0,0.0
catapro,r_1134_ENZ_YJR158W,0.0,0.0
catapro,r_1134_ENZ_YMR011W,0.0,0.0
catapro,r_1134_ENZ_YNR072W,0.0,0.0
catapro,r_1134_ENZ_YOL156W,0.0,0.0
catapro,r_1135_ENZ_YFL011W,0.0,0.0
catapro,r_1135_ENZ_YJL219W,0.0,0.0
catapro,r_1135_ENZ_YLR081W,0.0,0.0
catapro,r_1135_ENZ_YNL318C,0.0,0.0
catapro,r_1135_ENZ_YOL156W,0.0,0.0
catapro,r_1136_ENZ_YKL217W_FWD,0.0,0.0
catapro,r_1136_ENZ_YKL217W_REV,0.0,8.900048356220991e-05
catapro,r_1137,0.866867860440599,0.8696678426835
catapro,r_1138_FWD,0.0,0.0001404442104888
catapro,r_1138_REV,0.8669632638704083,0.8696585022682712
catapro,r_1139_ENZ_YDL245C,0.0,0.0
catapro,r_1139_ENZ_YDR342C,0.0,0.0
catapro,r_1139_ENZ_YDR343C,0.0,0.0
catapro,r_1139_ENZ_YDR345C,0.0,0.0
catapro,r_1139_ENZ_YEL069C,0.0,0.0
catapro,r_1139_ENZ_YFL011W,0.0,0.0
catapro,r_1139_ENZ_YHR094C,0.0,0.0
catapro,r_1139_ENZ_YHR096C,0.0,0.0
catapro,r_1139_ENZ_YJL214W,0.0,0.0
catapro,r_1139_ENZ_YJL219W,0.0,0.0
catapro,r_1139_ENZ_YJR158W,0.0,0.0
catapro,r_1139_ENZ_YNR072W,0.0,0.0
catapro,r_1139_ENZ_YOL156W,0.0,0.0
catapro,r_1146_ENZ_YIL013C_FWD,0.0,0.0
catapro,r_1146_ENZ_YIL013C_REV,0.0,1.5583538193562202e-06
catapro,r_1146_ENZ_YOR011W_FWD,0.0,0.0
catapro,r_1146_ENZ_YOR011W_REV,0.0,9.990648766090848e-07
catapro,r_1147_ENZ_YIL013C_FWD,0.0,0.0
catapro,r_1147_ENZ_YIL013C_REV,0.0,0.0
catapro,r_1147_ENZ_YOR011W_FWD,0.0,0.0
catapro,r_1147_ENZ_YOR011W_REV,0.0,0.0
catapro,r_1148_ENZ_YIL013C_FWD,0.0,0.0
catapro,r_1148_ENZ_YIL013C_REV,0.0,0.0
catapro,r_1148_ENZ_YOR011W_FWD,0.0,0.0
catapro,r_1148_ENZ_YOR011W_REV,0.0,0.0
catapro,r_1149_ENZ_YGL077C_FWD,0.0,0.0
catapro,r_1149_ENZ_YGL077C_REV,0.0,0.0
catapro,r_1151_ENZ_YIL134W,0.0,2.1473175550125403e-06
catapro,r_1161_ENZ_YIL013C_FWD,0.0,0.0
catapro,r_1161_ENZ_YIL013C_REV,0.0,1.5832372311855305e-06
catapro,r_1161_ENZ_YOR011W_FWD,0.0,0.0
catapro,r_1161_ENZ_YOR011W_REV,0.0,1.5420955246023271e-06
catapro,r_1162_ENZ_YIL013C_FWD,0.0,0.0
catapro,r_1162_ENZ_YIL013C_REV,0.0,0.0
catapro,r_1162_ENZ_YOR011W_FWD,0.0,0.0
catapro,r_1162_ENZ_YOR011W_REV,0.0,0.0
catapro,r_1164_FWD,0.0,0.0
catapro,r_1164_REV,0.0,0.0
catapro,r_1165_ENZ_YGL225W,0.0,0.0001698577427342
catapro,r_1166_ENZ_YDL245C,0.0,0.0
catapro,r_1166_ENZ_YDL247W,0.0,3.747002708109903e-16
catapro,r_1166_ENZ_YDR342C,0.0,0.0
catapro,r_1166_ENZ_YDR343C,4.494497547410842,4.495659041494008
catapro,r_1166_ENZ_YDR345C,0.0,0.0
catapro,r_1166_ENZ_YDR387C,0.0,0.0
catapro,r_1166_ENZ_YDR536W,0.0,0.0
catapro,r_1166_ENZ_YEL069C,0.0,0.0012644661826248
catapro,r_1166_ENZ_YFL011W,0.0,7.732529894166618e-15
catapro,r_1166_ENZ_YHR092C,0.0,0.0
catapro,r_1166_ENZ_YHR094C,0.0,0.0
catapro,r_1166_ENZ_YHR096C,0.0,0.0
catapro,r_1166_ENZ_YJL214W,0.0,0.0016641382193003
catapro,r_1166_ENZ_YJL219W,0.0,0.0
catapro,r_1166_ENZ_YJR158W,0.0,0.0013556899912488
catapro,r_1166_ENZ_YJR160C,0.0,0.0
catapro,r_1166_ENZ_YLR081W,0.0,0.0
catapro,r_1166_ENZ_YMR011W,0.0,0.0
catapro,r_1166_ENZ_YNR072W,0.0,0.0
catapro,r_1166_ENZ_YOL156W,0.0,0.0
catapro,r_1167_ENZ_YJL212C,0.0,0.0
catapro,r_1168_ENZ_YDR135C_FWD,0.0,0.0
catapro,r_1168_ENZ_YDR135C_REV,0.0,2.8478293877664964e-05
catapro,r_1168_ENZ_YLL015W_FWD,0.0,0.0
catapro,r_1168_ENZ_YLL015W_REV,0.0,2.4708573613896204e-05
catapro,r_1169_ENZ_YCR098C_FWD,0.0,0.0
catapro,r_1169_ENZ_YCR098C_REV,0.0,1.5173127543721514e-05
catapro,r_1170_ENZ_YCR098C_FWD,0.0,0.0
catapro,r_1170_ENZ_YCR098C_REV,0.0,5.935042858460338e-06
catapro,r_1171_ENZ_YDR536W,0.0,0.0002500004993692
catapro,r_1171_ENZ_YGL084C,0.0,4.532231558716095e-05
catapro,r_1171_ENZ_YPL189W,0.0,4.953528138655251e-05
catapro,r_1172_ENZ_YFL054C,0.0,0.0002500004991732
catapro,r_1172_ENZ_YLL043W,0.0,0.0002320053940323
catapro,r_1173_ENZ_YCL025C_FWD,0.0,0.0
catapro,r_1173_ENZ_YCL025C_REV,0.0,0.0001732075853888
catapro,r_1173_ENZ_YKR039W_FWD,0.0,0.0
catapro,r_1173_ENZ_YKR039W_REV,0.0,0.0002858105597572
catapro,r_1173_ENZ_YOL020W_FWD,0.0,0.0
catapro,r_1173_ENZ_YOL020W_REV,0.0,0.0001965697143847
catapro,r_1173_ENZ_YOR348C_FWD,0.0,0.0
catapro,r_1173_ENZ_YOR348C_REV,0.0,0.0003046569974442
catapro,r_1173_ENZ_YPL265W_FWD,0.0,0.0
catapro,r_1173_ENZ_YPL265W_REV,0.0,0.000221404492103
catapro,r_1174,0.0,8.012685482186588e-05
catapro,r_1175_ENZ_YDL198C,0.0,9.388800130880936e-05
catapro,r_1176_ENZ_YER056C_FWD,0.0,0.0
catapro,r_1176_ENZ_YER056C_REV,0.0,7.651361910200605e-06
catapro,r_1176_ENZ_YER060W-A_FWD,0.0,0.0
catapro,r_1176_ENZ_YER060W-A_REV,0.0,7.687903798200488e-06
catapro,r_1176_ENZ_YER060W_FWD,0.0,0.0
catapro,r_1176_ENZ_YER060W_REV,0.0,7.686840752117036e-06
catapro,r_1177_ENZ_YDR497C,0.0,0.0
catapro,r_1177_ENZ_YOL103W,0.0,0.0
catapro,r_1178_ENZ_YMR058W,0.0,8.152656578865052e-06
catapro,r_1178_ENZ_YMR319C,0.0,8.071508836872646e-06
catapro,r_1179_ENZ_YJL133W,0.0,2.5721456882385474e-06
catapro,r_1179_ENZ_YKR052C,0.0,2.5674086591475493e-06
catapro,r_1180,0.0,3.144437392116339e-05
catapro,r_1181,0.0,3.0187224950184444e-05
catapro,r_1182_FWD,0.0,0.0
catapro,r_1182_REV,0.0,0.0
catapro,r_1183_ENZ_YCL025C_FWD,0.0,0.0
catapro,r_1183_ENZ_YCL025C_REV,0.0,0.0002281474552626
catapro,r_1183_ENZ_YKR039W_FWD,0.0,0.0
catapro,r_1183_ENZ_YKR039W_REV,0.0,0.0002755652528119
catapro,r_1183_ENZ_YOR348C_FWD,0.0,0.0
catapro,r_1183_ENZ_YOR348C_REV,0.0,0.0002923737232568
catapro,r_1183_ENZ_YPL265W_FWD,0.0,0.0
catapro,r_1183_ENZ_YPL265W_REV,0.0,0.0002077896411959
catapro,r_1184_ENZ_YEL063C_FWD,0.0,0.0
catapro,r_1184_ENZ_YEL063C_REV,0.0,1.0161322178237064e-05
catapro,r_1184_ENZ_YKR039W_FWD,0.0,0.0
catapro,r_1184_ENZ_YKR039W_REV,0.0,1.0547889315301597e-05
catapro,r_1184_ENZ_YNL270C_FWD,0.0,0.0
catapro,r_1184_ENZ_YNL270C_REV,0.0,9.946556156367747e-06
catapro,r_1185_ENZ_YBR293W,0.0,0.0002551297698827
catapro,r_1185_ENZ_YOL092W,0.0,0.0003599907498137
catapro,r_1186_ENZ_YCL025C_FWD,0.0,0.0
catapro,r_1186_ENZ_YCL025C_REV,0.0,3.16955569936786e-05
catapro,r_1186_ENZ_YDR508C_FWD,0.0,0.0
catapro,r_1186_ENZ_YDR508C_REV,0.0,3.005565029094021e-05
catapro,r_1186_ENZ_YKR039W_FWD,0.0,0.0
catapro,r_1186_ENZ_YKR039W_REV,0.0,3.0982361933187125e-05
catapro,r_1186_ENZ_YPL265W_FWD,0.0,0.0
catapro,r_1186_ENZ_YPL265W_REV,0.0,3.035554622738898e-05
catapro,r_1187_ENZ_YJR001W,0.0,0.000239109013252
catapro,r_1188_ENZ_YKL146W,0.0,0.0002396824794477
catapro,r_1188_ENZ_YNL101W,0.0,0.0002428805498716
catapro,r_1189_ENZ_YER119C,0.0,0.0
catapro,r_1190_ENZ_YFL055W_FWD,0.0,0.001112351584561
catapro,r_1190_ENZ_YFL055W_REV,0.0,0.0011980467577268
catapro,r_1190_ENZ_YKR039W_FWD,0.0,0.0011140808611111
catapro,r_1190_ENZ_YKR039W_REV,0.0,8.277272312041354e-05
catapro,r_1190_ENZ_YPL265W_FWD,0.0,0.0006787246301206
catapro,r_1190_ENZ_YPL265W_REV,0.0,0.0006853444542177
catapro,r_1191_ENZ_YBR132C_FWD,0.0,0.0
catapro,r_1191_ENZ_YBR132C_REV,0.0,0.0
catapro,r_1192_ENZ_YBR068C_FWD,0.0,0.0
catapro,r_1192_ENZ_YBR068C_REV,0.0,1.6537378444002326e-05
catapro,r_1192_ENZ_YBR069C_FWD,0.0,0.0
catapro,r_1192_ENZ_YBR069C_REV,0.0,1.6184445814158843e-05
catapro,r_1192_ENZ_YCL025C_FWD,0.0,0.0
catapro,r_1192_ENZ_YCL025C_REV,0.0,1.647888877445887e-05
catapro,r_1192_ENZ_YDR046C_FWD,0.0,0.0
catapro,r_1192_ENZ_YDR046C_REV,0.0,1.6159434634344105e-05
catapro,r_1192_ENZ_YDR508C_FWD,0.0,0.0
catapro,r_1192_ENZ_YDR508C_REV,0.0,1.6361789606678112e-05
catapro,r_1192_ENZ_YKR039W_FWD,0.0,0.0
catapro,r_1192_ENZ_YKR039W_REV,0.0,1.6613698286767342e-05
catapro,r_1192_ENZ_YOL020W_FWD,0.0,0.0
catapro,r_1192_ENZ_YOL020W_REV,0.0,1.6433796562478897e-05
catapro,r_1193_ENZ_YCR075C,0.0,0.0
catapro,r_1194_ENZ_YPR021C,0.1444586357978851,0.1445936435683605
catapro,r_1195_ENZ_YER119C,0.0,-0.0
catapro,r_1196_ENZ_YCL025C_FWD,0.0,0.0
catapro,r_1196_ENZ_YCL025C_REV,0.0,5.665301461514616e-05
catapro,r_1196_ENZ_YFL055W_FWD,0.0,0.0
catapro,r_1196_ENZ_YFL055W_REV,0.0,5.6666623574765096e-05
catapro,r_1196_ENZ_YKR039W_FWD,0.0,0.0
catapro,r_1196_ENZ_YKR039W_REV,0.0,5.596388093562221e-05
catapro,r_1196_ENZ_YPL265W_FWD,0.0,0.0
catapro,r_1196_ENZ_YPL265W_REV,0.0,5.332420660961873e-05
catapro,r_1197_ENZ_YJR001W,0.0,0.0001577560551703
catapro,r_1198_ENZ_YKL146W,0.0,0.0002369536225912
catapro,r_1198_ENZ_YNL101W,0.0,0.00024814086898
catapro,r_1199_ENZ_YCL025C_FWD,0.0,0.0
catapro,r_1199_ENZ_YCL025C_REV,0.0,3.8589200122528255e-05
catapro,r_1199_ENZ_YDR508C_FWD,0.0,0.0
catapro,r_1199_ENZ_YDR508C_REV,0.0,3.766458034065029e-05
catapro,r_1199_ENZ_YKR039W_FWD,0.0,0.0
catapro,r_1199_ENZ_YKR039W_REV,0.0,3.886531682117944e-05
catapro,r_1199_ENZ_YPL265W_FWD,0.0,0.0
catapro,r_1199_ENZ_YPL265W_REV,0.0,3.7557545766640776e-05
catapro,r_1200_ENZ_YBR293W,0.0,1000.0
catapro,r_1200_ENZ_YCL069W,0.0,1000.0
catapro,r_1200_ENZ_YMR088C,0.0,1000.0
catapro,r_1200_ENZ_YOL092W,0.0,1000.0
catapro,r_1201_ENZ_YBR069C_FWD,0.0,0.0
catapro,r_1201_ENZ_YBR069C_REV,0.0,1.1946937485195902e-05
catapro,r_1201_ENZ_YGR191W_FWD,0.0,0.0
catapro,r_1201_ENZ_YGR191W_REV,0.0,1.1977962814272576e-05
catapro,r_1201_ENZ_YKR039W_FWD,0.0,0.0
catapro,r_1201_ENZ_YKR039W_REV,0.0,1.1977962814272576e-05
catapro,r_1202_ENZ_YCL038C_FWD,0.0,0.0002809194484751
catapro,r_1202_ENZ_YCL038C_REV,0.0,0.0002309302675356
catapro,r_1203_ENZ_YJR001W,0.0,0.0003749809219686
catapro,r_1204_ENZ_YKL146W,0.0,0.0003551988103216
catapro,r_1204_ENZ_YNL101W,0.0,0.0003739639435338
catapro,r_1205_ENZ_YBR068C_FWD,0.0,0.0
catapro,r_1205_ENZ_YBR068C_REV,0.0,4.556958148058815e-05
catapro,r_1205_ENZ_YBR069C_FWD,0.0,0.0
catapro,r_1205_ENZ_YBR069C_REV,0.0,4.698928450306422e-05
catapro,r_1205_ENZ_YCL025C_FWD,0.0,0.0
catapro,r_1205_ENZ_YCL025C_REV,0.0,4.843531787699501e-05
catapro,r_1205_ENZ_YDR046C_FWD,0.0,0.0
catapro,r_1205_ENZ_YDR046C_REV,0.0,4.6721181602517314e-05
catapro,r_1205_ENZ_YKR039W_FWD,0.0,0.0
catapro,r_1205_ENZ_YKR039W_REV,0.0,4.853058755158873e-05
catapro,r_1206_ENZ_YKL217W_FWD,0.0,0.0
catapro,r_1206_ENZ_YKL217W_REV,0.0,0.0
catapro,r_1207_ENZ_YKL217W,0.0,0.0
catapro,r_1208_ENZ_YCL038C_FWD,0.0,0.0001423078133392
catapro,r_1208_ENZ_YCL038C_REV,0.0,0.0001195098537182
catapro,r_1209_ENZ_YJR001W,0.0,0.000198672177982
catapro,r_1210_ENZ_YKL146W,0.0,0.0001906650135104
catapro,r_1210_ENZ_YNL101W,0.0,0.0001986721781686
catapro,r_1211_ENZ_YBR068C_FWD,0.0,0.0
catapro,r_1211_ENZ_YBR068C_REV,0.0,5.2464826597695136e-05
catapro,r_1211_ENZ_YBR069C_FWD,0.0,0.0
catapro,r_1211_ENZ_YBR069C_REV,0.0,5.6807423290825e-05
catapro,r_1211_ENZ_YCL025C_FWD,0.0,0.0
catapro,r_1211_ENZ_YCL025C_REV,0.0,4.114576130707925e-05
catapro,r_1211_ENZ_YDR046C_FWD,0.0,0.0
catapro,r_1211_ENZ_YDR046C_REV,0.0,5.717336121123517e-05
catapro,r_1211_ENZ_YDR508C_FWD,0.0,0.0
catapro,r_1211_ENZ_YDR508C_REV,0.0,3.851846497425482e-05
catapro,r_1211_ENZ_YKR039W_FWD,0.0,0.0
catapro,r_1211_ENZ_YKR039W_REV,0.0,4.176026526057919e-05
catapro,r_1212_ENZ_YBR293W,0.0,0.0005943891234262
catapro,r_1212_ENZ_YCL069W,0.0,0.0005703945376304
catapro,r_1212_ENZ_YMR088C,0.0,0.0003483818096112
catapro,r_1212_ENZ_YOL092W,0.0,0.0008577516970839
catapro,r_1213_ENZ_YKR039W_FWD,0.0,0.0
catapro,r_1213_ENZ_YKR039W_REV,0.0,1.6343518700376314e-05
catapro,r_1213_ENZ_YNL268W_FWD,0.0,0.0
catapro,r_1213_ENZ_YNL268W_REV,0.0,1.5578310932892747e-05
catapro,r_1214_ENZ_YBR068C_FWD,0.0,0.0
catapro,r_1214_ENZ_YBR068C_REV,0.0,1.4301792123243284e-05
catapro,r_1214_ENZ_YCL025C_FWD,0.0,0.0
catapro,r_1214_ENZ_YCL025C_REV,0.0,1.528254587875033e-05
catapro,r_1214_ENZ_YDR046C_FWD,0.0,0.0
catapro,r_1214_ENZ_YDR046C_REV,0.0,9.247321420123578e-06
catapro,r_1214_ENZ_YDR508C_FWD,0.0,0.0
catapro,r_1214_ENZ_YDR508C_REV,0.0,1.529294189517999e-05
catapro,r_1214_ENZ_YGR055W_FWD,0.0,0.0
catapro,r_1214_ENZ_YGR055W_REV,0.0,1.557833664356245e-05
catapro,r_1214_ENZ_YHL036W_FWD,0.0,0.0
catapro,r_1214_ENZ_YHL036W_REV,0.0,1.531139131830117e-05
catapro,r_1214_ENZ_YKR039W_FWD,0.0,0.0
catapro,r_1214_ENZ_YKR039W_REV,0.0,1.5469400429742042e-05
catapro,r_1215_ENZ_YBR068C_FWD,0.0,0.0
catapro,r_1215_ENZ_YBR068C_REV,0.0,1.6581803428866726e-05
catapro,r_1215_ENZ_YCL025C_FWD,0.0,0.0
catapro,r_1215_ENZ_YCL025C_REV,0.0,1.6971858523617822e-05
catapro,r_1215_ENZ_YDR046C_FWD,0.0,0.0
catapro,r_1215_ENZ_YDR046C_REV,0.0,1.698684204043399e-05
catapro,r_1215_ENZ_YKR039W_FWD,0.0,0.0
catapro,r_1215_ENZ_YKR039W_REV,0.0,1.7183135961953977e-05
catapro,r_1215_ENZ_YOL020W_FWD,0.0,0.0
catapro,r_1215_ENZ_YOL020W_REV,0.0,1.683411136875479e-05
catapro,r_1216_ENZ_YKR039W_FWD,0.0,0.0
catapro,r_1216_ENZ_YKR039W_REV,0.0,3.6365482600886345e-05
catapro,r_1216_ENZ_YOR348C_FWD,0.0,0.0
catapro,r_1216_ENZ_YOR348C_REV,0.0,3.660251875181597e-05
catapro,r_1217_ENZ_YCL025C_FWD,0.0,0.0
catapro,r_1217_ENZ_YCL025C_REV,0.0,6.147844073697839e-05
catapro,r_1217_ENZ_YDR105C_FWD,0.0,0.0
catapro,r_1217_ENZ_YDR105C_REV,0.0,5.7646593745385496e-05
catapro,r_1217_ENZ_YDR508C_FWD,0.0,0.0
catapro,r_1217_ENZ_YDR508C_REV,0.0,6.204345020806301e-05
catapro,r_1217_ENZ_YFL055W_FWD,0.0,0.0
catapro,r_1217_ENZ_YFL055W_REV,0.0,6.366996204950487e-05
catapro,r_1217_ENZ_YKR039W_FWD,0.0,0.0
catapro,r_1217_ENZ_YKR039W_REV,0.0,6.240312260013398e-05
catapro,r_1217_ENZ_YPL265W_FWD,0.0,0.0
catapro,r_1217_ENZ_YPL265W_REV,0.0,6.203867171586386e-05
catapro,r_1218_ENZ_YCL025C_FWD,0.0,0.0
catapro,r_1218_ENZ_YCL025C_REV,0.0,3.1877839992026924e-05
catapro,r_1218_ENZ_YDR508C_FWD,0.0,0.0
catapro,r_1218_ENZ_YDR508C_REV,0.0,3.1428000474301165e-05
catapro,r_1218_ENZ_YKR039W_FWD,0.0,0.0
catapro,r_1218_ENZ_YKR039W_REV,0.0,3.277747346980969e-05
catapro,r_1219_ENZ_YBR068C_FWD,0.0,0.0
catapro,r_1219_ENZ_YBR068C_REV,0.0,1.1504789290035962e-05
catapro,r_1219_ENZ_YBR069C_FWD,0.0,0.0
catapro,r_1219_ENZ_YBR069C_REV,0.0,1.150478923753629e-05
catapro,r_1219_ENZ_YDR046C_FWD,0.0,0.0
catapro,r_1219_ENZ_YDR046C_REV,0.0,1.150478923949306e-05
catapro,r_1219_ENZ_YKR039W_FWD,0.0,0.0
catapro,r_1219_ENZ_YKR039W_REV,0.0,1.150478923753629e-05
catapro,r_1219_ENZ_YOL020W_FWD,0.0,0.0
catapro,r_1219_ENZ_YOL020W_REV,0.0,1.1504789237702824e-05
catapro,r_1220_ENZ_YCL038C_FWD,0.0,0.0003014307957858
catapro,r_1220_ENZ_YCL038C_REV,0.0,0.0002375135503209
catapro,r_1221_ENZ_YBR293W,0.0,0.0003413240731993
catapro,r_1221_ENZ_YJR001W,0.0,0.0003547861453345
catapro,r_1222_ENZ_YKL146W,0.0,0.0003464330896177
catapro,r_1222_ENZ_YNL101W,0.0,0.0003592625947786
catapro,r_1223_ENZ_YBR068C_FWD,0.0,0.0
catapro,r_1223_ENZ_YBR068C_REV,0.0,1.5915778078395143e-05
catapro,r_1223_ENZ_YBR069C_FWD,0.0,0.0
catapro,r_1223_ENZ_YBR069C_REV,0.0,1.6368253832967777e-05
catapro,r_1223_ENZ_YCL025C_FWD,0.0,0.0
catapro,r_1223_ENZ_YCL025C_REV,0.0,1.655064826386679e-05
catapro,r_1223_ENZ_YDR046C_FWD,0.0,0.0
catapro,r_1223_ENZ_YDR046C_REV,0.0,1.6310671479929234e-05
catapro,r_1223_ENZ_YKR039W_FWD,0.0,0.0
catapro,r_1223_ENZ_YKR039W_REV,0.0,1.6635423615043304e-05
catapro,r_1223_ENZ_YOL020W_FWD,0.0,0.0
catapro,r_1223_ENZ_YOL020W_REV,0.0,1.6383896153587124e-05
catapro,r_1224_ENZ_YBR068C_FWD,0.0,0.0
catapro,r_1224_ENZ_YBR068C_REV,0.0,4.307498497989337e-05
catapro,r_1224_ENZ_YBR069C_FWD,0.0,0.0
catapro,r_1224_ENZ_YBR069C_REV,0.0,4.476853334099695e-05
catapro,r_1224_ENZ_YCL025C_FWD,0.0,0.0
catapro,r_1224_ENZ_YCL025C_REV,0.0,4.844131887048186e-05
catapro,r_1224_ENZ_YDR046C_FWD,0.0,0.0
catapro,r_1224_ENZ_YDR046C_REV,0.0,4.469978588970969e-05
catapro,r_1224_ENZ_YKR039W_FWD,0.0,0.0
catapro,r_1224_ENZ_YKR039W_REV,0.0,4.957906882985253e-05
catapro,r_1225_ENZ_YIL013C_FWD,0.0,0.0
catapro,r_1225_ENZ_YIL013C_REV,0.0,1.942572052519506e-06
catapro,r_1225_ENZ_YOR011W_FWD,0.0,0.0
catapro,r_1225_ENZ_YOR011W_REV,0.0,1.9855571989045584e-06
catapro,r_1226_ENZ_YLR348C,0.0,9.135044838781692e-05
catapro,r_1227_ENZ_YBR298C,0.0,0.0
catapro,r_1227_ENZ_YDL247W,0.0,0.0
catapro,r_1227_ENZ_YGR289C,0.0,0.0
catapro,r_1227_ENZ_YJR160C,0.0,0.0
catapro,r_1228_ENZ_YBR180W,0.0,6.859103887106935e-06
catapro,r_1229_ENZ_YEL006W,0.0,0.0
catapro,r_1229_ENZ_YIL006W,0.0,0.0
catapro,r_1230_ENZ_YIL006W,0.0,-0.0
catapro,r_1231_ENZ_YIL006W,0.0,0.0
catapro,r_1232_ENZ_YIL006W,0.0,-0.0
catapro,r_1235_ENZ_YGR260W_FWD,0.0,0.0
catapro,r_1235_ENZ_YGR260W_REV,0.0,2.576770953460569e-07
catapro,r_1236_ENZ_YKL188C_and_YPL147W_FWD,0.0,1.364382975703245e-05
catapro,r_1236_ENZ_YKL188C_and_YPL147W_REV,0.0,1.4092886584049502e-05
catapro,r_1237_ENZ_YOR130C,0.0396376456818359,0.0396787097346786
catapro,r_1238_ENZ_YKR039W_FWD,0.0,0.0
catapro,r_1238_ENZ_YKR039W_REV,0.0,2.151277189188505e-05
catapro,r_1239_ENZ_YKL120W,0.0,0.0001111740499025
catapro,r_1241_ENZ_YCR028C_FWD,0.0,0.0
catapro,r_1241_ENZ_YCR028C_REV,0.0,1.1249190521552069e-05
catapro,r_1242_FWD,0.0,0.0
catapro,r_1242_REV,0.0,0.0
catapro,r_1243,0.0,9.224893757958652e-06
catapro,r_1244_ENZ_YBR296C_FWD,1.0743198939326977,1.0757584065796486
catapro,r_1244_ENZ_YBR296C_REV,0.0,0.0
catapro,r_1244_ENZ_YCR037C_FWD,0.0,0.0
catapro,r_1244_ENZ_YCR037C_REV,0.0,0.0
catapro,r_1244_ENZ_YJL198W_FWD,0.0,0.0
catapro,r_1244_ENZ_YJL198W_REV,0.0,0.0002130651525086
catapro,r_1244_ENZ_YML123C_FWD,0.0,0.0
catapro,r_1244_ENZ_YML123C_REV,0.0,0.0003923746263527
catapro,r_1244_ENZ_YNR013C_FWD,0.0,0.0
catapro,r_1244_ENZ_YNR013C_REV,0.0,0.0002705283794507
catapro,r_1245_ENZ_YER053C,0.0,5.16704105297805e-05
catapro,r_1245_ENZ_YJR077C,0.0,0.0003910541029945
catapro,r_1249_ENZ_YDR456W_FWD,0.0,0.0
catapro,r_1249_ENZ_YDR456W_REV,0.0,0.0
catapro,r_1249_ENZ_YJL129C_FWD,0.0,0.0007794766611502
catapro,r_1249_ENZ_YJL129C_REV,0.0,0.0
catapro,r_1250_ENZ_YKL174C,0.0,0.0
catapro,r_1251_ENZ_YLL028W_FWD,0.0,0.0
catapro,r_1251_ENZ_YLL028W_REV,0.0,1.944563333283744e-05
catapro,r_1251_ENZ_YOR273C_FWD,0.0,0.0
catapro,r_1251_ENZ_YOR273C_REV,0.0,1.91608199219262e-05
catapro,r_1252_ENZ_YLL028W_FWD,0.0,0.0
catapro,r_1252_ENZ_YLL028W_REV,0.0,0.0
catapro,r_1252_ENZ_YOR273C_FWD,0.0,0.0
catapro,r_1252_ENZ_YOR273C_REV,0.0,0.0
catapro,r_1253_ENZ_YGL186C_FWD,0.0,0.0
catapro,r_1253_ENZ_YGL186C_REV,0.0,0.0
catapro,r_1254_ENZ_YKL217W_FWD,0.0,0.0
catapro,r_1254_ENZ_YKL217W_REV,0.0,0.0012698032996069
catapro,r_1255_ENZ_YPL274W,0.0,0.0
catapro,r_1256_ENZ_YNL003C_FWD,0.0,0.0
catapro,r_1256_ENZ_YNL003C_REV,0.0,0.0
catapro,r_1257_ENZ_YLL061W,0.0,0.0
catapro,r_1258_ENZ_YDR456W_FWD,0.0,0.0
catapro,r_1258_ENZ_YDR456W_REV,0.0,0.0010225691840613
catapro,r_1258_ENZ_YLR138W_FWD,0.0,0.0
catapro,r_1258_ENZ_YLR138W_REV,0.0,0.0010017831314197
catapro,r_1259_ENZ_YKL174C,0.0,0.0
catapro,r_1260_ENZ_YBR132C_FWD,0.0,0.0
catapro,r_1260_ENZ_YBR132C_REV,0.0,9.8819373365866e-06
catapro,r_1260_ENZ_YHL016C_FWD,0.0,0.0
catapro,r_1260_ENZ_YHL016C_REV,0.0,9.66493038195848e-06
catapro,r_1260_ENZ_YKR039W_FWD,0.0,0.0
catapro,r_1260_ENZ_YKR039W_REV,0.0,9.969294746239863e-06
catapro,r_1260_ENZ_YLL028W_FWD,0.0,0.0
catapro,r_1260_ENZ_YLL028W_REV,0.0,9.85369378945361e-06
catapro,r_1260_ENZ_YOR273C_FWD,0.0,0.0
catapro,r_1260_ENZ_YOR273C_REV,0.0,9.792227926866404e-06
catapro,r_1260_ENZ_YPL274W_FWD,0.0,0.0
catapro,r_1260_ENZ_YPL274W_REV,0.0,9.901804616602172e-06
catapro,r_1261_ENZ_YLL028W_FWD,0.0,0.0
catapro,r_1261_ENZ_YLL028W_REV,0.0,0.0
catapro,r_1261_ENZ_YOR273C_FWD,0.0,0.0
catapro,r_1261_ENZ_YOR273C_REV,0.0,0.0
catapro,r_1262_ENZ_YGR138C_FWD,0.0,0.0
catapro,r_1262_ENZ_YGR138C_REV,0.0,6.366466699686546e-06
catapro,r_1262_ENZ_YLL028W_FWD,0.0,0.0
catapro,r_1262_ENZ_YLL028W_REV,0.0,6.534346860050111e-06
catapro,r_1262_ENZ_YOR273C_FWD,0.0,0.0
catapro,r_1262_ENZ_YOR273C_REV,0.0,6.491097006976199e-06
catapro,r_1262_ENZ_YPR156C_FWD,0.0,0.0
catapro,r_1262_ENZ_YPR156C_REV,0.0,6.5934756637436864e-06
catapro,r_1263_ENZ_YGR138C_FWD,0.0,0.0
catapro,r_1263_ENZ_YGR138C_REV,0.0,0.0
catapro,r_1263_ENZ_YLL028W_FWD,0.0,0.0
catapro,r_1263_ENZ_YLL028W_REV,0.0,0.0
catapro,r_1263_ENZ_YOR273C_FWD,0.0,0.0
catapro,r_1263_ENZ_YOR273C_REV,0.0,0.0
catapro,r_1263_ENZ_YPR156C_FWD,0.0,0.0
catapro,r_1263_ENZ_YPR156C_REV,0.0,0.0
catapro,r_1264_ENZ_YLR348C,0.0,0.0001373602509443
catapro,r_1265_ENZ_YJR095W,0.0226683189944307,0.0233442932186327
catapro,r_1266_ENZ_YBR294W,0.018469288455758,0.0184944623709536
catapro,r_1266_ENZ_YLR092W,0.0,0.0
catapro,r_1267_ENZ_YPL092W,0.0,2.7768123577369755e-05
catapro,r_1268_FWD,0.0,0.0
catapro,r_1268_REV,0.0,0.0
catapro,r_1269_ENZ_YGR096W,0.0,0.0
catapro,r_1270_ENZ_YLR237W,0.0,0.0
catapro,r_1270_ENZ_YOR071C,0.0,0.0
catapro,r_1270_ENZ_YOR192C,0.0,0.0
catapro,r_1271_ENZ_YPL244C,0.0,0.0
catapro,r_1272_ENZ_YBR021W,0.0,0.0
catapro,r_1273_ENZ_YHL016C_FWD,0.0,0.0
catapro,r_1273_ENZ_YHL016C_REV,0.0,1.9431163579448907e-05
catapro,r_1274_ENZ_YBL042C,0.0,0.0
catapro,r_1275_ENZ_YBR192W,0.0,0.0
catapro,r_1276_ENZ_YBR192W,0.0,0.0
catapro,r_1277_ENZ_YLL052C_FWD,0.0,0.0
catapro,r_1277_ENZ_YLL052C_REV,11.760074463439846,11.76270739091392
catapro,r_1277_ENZ_YPR192W_FWD,0.0,0.0
catapro,r_1277_ENZ_YPR192W_REV,0.0,0.0039202429874724
catapro,r_1278_ENZ_YIL013C_FWD,0.0,0.0
catapro,r_1278_ENZ_YIL013C_REV,0.0,1.6690307411190014e-06
catapro,r_1278_ENZ_YOR011W_FWD,0.0,0.0
catapro,r_1278_ENZ_YOR011W_REV,0.0,1.8587173975740529e-06
catapro,r_1449,0.0,0.0
catapro,r_1450,0.0,0.0
catapro,r_1451,0.0,0.0
catapro,r_1452,0.0,0.0
catapro,r_1453,0.0,0.0
catapro,r_1454,0.0,0.0
catapro,r_1455,0.0,0.0
catapro,r_1456,0.0,0.0
catapro,r_1457,0.0,0.0
catapro,r_1458,0.0,0.0
catapro,r_1479,0.0,0.0
catapro,r_1480,0.0,0.0
catapro,r_1481,0.0,0.0
catapro,r_1482,0.0,0.0
catapro,r_1483,0.0,0.0
catapro,r_1484,0.0,0.0
catapro,r_1485,0.0,0.0
catapro,r_1486,0.0,0.0
catapro,r_1487,0.0,0.0
catapro,r_1488,0.0,0.0
catapro,r_1509,0.0,0.0
catapro,r_1510,0.0,0.0
catapro,r_1511,0.0,0.0
catapro,r_1512,0.0,0.0
catapro,r_1513,0.0,0.0
catapro,r_1514,0.0,0.0
catapro,r_1515,0.0,0.0
catapro,r_1516,0.0,0.0
catapro,r_1517,0.0,0.0
catapro,r_1518,0.0,0.0
catapro,r_1542,0.0,0.0
catapro,r_1543_FWD,0.0,0.0
catapro,r_1543_REV,0.0,0.0
catapro,r_1545,0.0,0.0
catapro,r_1546,0.0,9.23582266352252e-05
catapro,r_1547,0.0,3.030065681112332e-05
catapro,r_1548,0.0,1.1721486894461962e-05
catapro,r_1549,0.0,0.0015853530050909
catapro,r_1550,0.0,4.8465689857675465e-05
catapro,r_1551,0.0,0.0
catapro,r_1552,0.0,5.5090978885896646e-05
catapro,r_1553,0.0,9.863874679017312e-06
catapro,r_1554,0.0,-0.0
catapro,r_1560_FWD,0.0,2.3855996312610885e-05
catapro,r_1560_REV,0.0,0.0
catapro,r_1562_FWD,0.0,5.01336108102129e-05
catapro,r_1562_REV,0.0,0.0
catapro,r_1563,0.0,0.0
catapro,r_1564,0.0,0.0
catapro,r_1565,0.0,0.0
catapro,r_1566,0.0,0.0
catapro,r_1567_FWD,0.0,0.0
catapro,r_1567_REV,0.0663491479181985,0.0665339528354932
catapro,r_1568_FWD,0.0,0.0
catapro,r_1568_REV,4.079887329957663e-05,5.194052843873971e-05
catapro,r_1572,0.0,8.32536475761092e-05
catapro,r_1573_FWD,0.0,7.850013542354262e-05
catapro,r_1573_REV,0.0,0.0
catapro,r_1574_ENZ_YKL120W_FWD,0.0,0.0
catapro,r_1574_ENZ_YKL120W_REV,0.0730645045462225,0.0731878280859363
catapro,r_1575_FWD,0.0,5.056827221241317e-05
catapro,r_1575_REV,0.0,0.0
catapro,r_1576_FWD,0.0,0.0
catapro,r_1576_REV,0.0,5.0690274669092095e-05
catapro,r_1577,0.0,5.474449865409264e-05
catapro,r_1578_FWD,0.0,5.240526853742683e-05
catapro,r_1578_REV,0.0,0.0
catapro,r_1579_FWD,0.0,5.0690274669092095e-05
catapro,r_1579_REV,0.0,0.0
catapro,r_1580,0.0,5.056827214042908e-05
catapro,r_1581,0.0,2.920989154355652e-05
catapro,r_1582_FWD,0.0,5.673448924070623e-05
catapro,r_1582_REV,0.0,0.0
catapro,r_1583_FWD,0.0,5.466819415445024e-05
catapro,r_1583_REV,0.0,0.0
catapro,r_1585_ENZ_YKL217W_FWD,0.0,1.868553254658761e-07
catapro,r_1585_ENZ_YKL217W_REV,0.0,0.0001058784335532
catapro,r_1585_ENZ_YNL065W_FWD,0.0474784372169328,0.0475847315912461
catapro,r_1585_ENZ_YNL065W_REV,0.0,0.0001123852853595
catapro,r_1586,0.0,4.0586364969667776e-05
catapro,r_1587_FWD,0.0,0.0
catapro,r_1587_REV,0.0,0.0
catapro,r_1588_FWD,0.0,1000.0
catapro,r_1588_REV,0.0,1000.0
catapro,r_1589,0.0,1.73841188337992e-05
catapro,r_1590_FWD,0.0,0.0
catapro,r_1590_REV,0.0,1.7366797713913584e-05
catapro,r_1591_FWD,0.0,1.7616368317943665e-05
catapro,r_1591_REV,0.0,0.0
catapro,r_1595_FWD,0.0,0.0
catapro,r_1595_REV,0.0,0.0
catapro,r_1596_FWD,0.0,6.917368224979919e-05
catapro,r_1596_REV,0.047459017760901,0.0475828152343763
catapro,r_1597_FWD,0.0,0.0
catapro,r_1597_REV,0.0,4.8592421526438834e-05
catapro,r_1598,0.0,3.824505542709966e-05
catapro,r_1599_FWD,0.0,5.902792320594541e-05
catapro,r_1599_REV,0.0,0.0
catapro,r_1600_FWD,0.0,5.73530318118548e-05
catapro,r_1600_REV,0.0,0.0
catapro,r_1601_FWD,0.0,0.0
catapro,r_1601_REV,0.0,0.0
catapro,r_1603_ENZ_YFL058W,0.0,2.576770953460569e-07
catapro,r_1604,0.0,1.0878170823520885e-05
catapro,r_1605_FWD,0.0,1.0906615793707455e-05
catapro,r_1605_REV,0.0,0.0
catapro,r_1606_FWD,1.3613939935874786e-05,1.3614000447643128e-05
catapro,r_1606_REV,0.0,0.0
catapro,r_1607_FWD,0.0,0.0001436664103171
catapro,r_1607_REV,0.0,0.0
catapro,r_1608_FWD,0.0,0.0
catapro,r_1608_REV,0.0,0.0001403246267842
catapro,r_1609_FWD,0.0,0.0
catapro,r_1609_REV,0.0,0.0
catapro,r_1610_FWD,0.0,0.0
catapro,r_1610_REV,0.0,0.0
catapro,r_1611_FWD,0.0,0.0
catapro,r_1611_REV,0.0,0.0
catapro,r_1613,0.0,0.0001327718578404
catapro,r_1614_ENZ_YBR242W,0.0,0.0
catapro,r_1614_ENZ_YGL101W,0.0,0.0
catapro,r_1615_ENZ_YBR242W,0.0,0.0001432231227166
catapro,r_1615_ENZ_YGL101W,0.0,0.0001330090668737
catapro,r_1616_ENZ_YBR242W,0.0,0.0
catapro,r_1616_ENZ_YGL101W,0.0,0.0
catapro,r_1617_ENZ_YBR242W,0.0,0.0001627636319563
catapro,r_1617_ENZ_YGL101W,0.0,0.0001627636326566
catapro,r_1618,0.0,0.0001612077118295
catapro,r_1619_ENZ_YER037W,0.0,0.00016104708663
catapro,r_1620,0.0,0.0
catapro,r_1621,0.0,0.0
catapro,r_1622_FWD,0.0,0.0
catapro,r_1622_REV,0.0,2.0577165462847613e-05
catapro,r_1623_ENZ_YER183C,0.0,0.0020489999102704
catapro,r_1624_ENZ_YER183C,0.0,0.0
catapro,r_1625,0.0,0.0
catapro,r_1627,0.0,0.0
catapro,r_1628_FWD,0.0,0.0
catapro,r_1628_REV,0.0,0.0
catapro,r_1629,0.0,0.0
catapro,r_1630,0.0,7.597769934912513e-06
catapro,r_1631,5.359205863422432,5.362575817428473
catapro,r_1632_FWD,0.0,0.0
catapro,r_1632_REV,0.0,0.0019105182298222
catapro,r_1633_FWD,0.0,0.0
catapro,r_1633_REV,5.359205863422432,5.362579042820431
catapro,r_1634,0.0,0.0004833938764676
catapro,r_1635_FWD,0.0,0.0
catapro,r_1635_REV,0.0,0.0
catapro,r_1637_FWD,0.0,0.0
catapro,r_1637_REV,0.0,0.0
catapro,r_1638,0.0,2.4955027364443665e-05
catapro,r_1639,0.0,0.0
catapro,r_1640_FWD,0.0,0.0
catapro,r_1640_REV,0.0,0.0
catapro,r_1641,0.0,0.0
catapro,r_1642_ENZ_YPR011C_FWD,0.0,0.0
catapro,r_1642_ENZ_YPR011C_REV,0.0,3.726126666636631e-05
catapro,r_1643,0.0,0.0
catapro,r_1644_FWD,0.0,0.0
catapro,r_1644_REV,0.0,0.0107428968634203
catapro,r_1645_FWD,0.0,0.0
catapro,r_1645_REV,0.0,3.087072111879668e-05
catapro,r_1647_FWD,0.0,0.0
catapro,r_1647_REV,0.0,0.001587148300363
catapro,r_1648,0.0,0.0
catapro,r_1649,0.0,0.0
catapro,r_1650,0.0,5.111485410250888e-05
catapro,r_1651,0.0,4.9239198490820535e-05
catapro,r_1652_FWD,0.0,1000.0
catapro,r_1652_REV,0.0,1000.0
catapro,r_1654_FWD,0.0,3.1202952314677444e-05
catapro,r_1654_REV,1.3740037101087792,1.374345600371089
catapro,r_1656_FWD,0.0,0.0
catapro,r_1656_REV,0.0,0.0
catapro,r_1657_ENZ_YBR147W,0.0,0.0
catapro,r_1658_ENZ_YDR508C,0.0,0.0
catapro,r_1659_FWD,0.0,0.0016203074189912
catapro,r_1659_REV,0.0,0.001616110376254
catapro,r_1660_FWD,0.0,0.0107007338468919
catapro,r_1660_REV,0.0,0.0
catapro,r_1661_FWD,0.0,2.2053924238818468e-05
catapro,r_1661_REV,0.0,0.0
catapro,r_1663,0.0,0.0
catapro,r_1664_FWD,0.0,0.0
catapro,r_1664_REV,0.0,0.0
catapro,r_1665_FWD,0.2499308260224292,0.9978656244744316
catapro,r_1665_REV,0.0,0.0
catapro,r_1667_ENZ_YNL036W_FWD,0.0,0.5559470013897605
catapro,r_1667_ENZ_YNL036W_REV,0.0,0.1694451169802019
catapro,r_1668_FWD,0.0,0.0
catapro,r_1668_REV,0.0,0.0
catapro,r_1669_FWD,0.0,0.0
catapro,r_1669_REV,0.2499308256648584,0.996717028527564
catapro,r_1671,0.0,0.0
catapro,r_1672,7.485306465003393,7.488022978879618
catapro,r_1673,0.0,2.4955027364443665e-05
catapro,r_1674,0.0,2.8121224272925627e-05
catapro,r_1675_FWD,0.0,0.0
catapro,r_1675_REV,0.0,0.0
catapro,r_1676_FWD,0.0,0.0
catapro,r_1676_REV,0.0,3.266092758129335e-05
catapro,r_1677_FWD,0.0,0.0
catapro,r_1677_REV,0.0,3.266092751390802e-05
catapro,r_1678_FWD,0.0,0.0
catapro,r_1678_REV,0.0,3.266092750927978e-05
catapro,r_1679_FWD,0.0,0.0
catapro,r_1679_REV,0.0,3.253693128923681e-05
catapro,r_1680_FWD,0.0,0.0
catapro,r_1680_REV,0.0,4.576792744897585e-05
catapro,r_1681_FWD,0.0,0.0
catapro,r_1681_REV,0.0,4.959211204067903e-05
catapro,r_1682,0.0079071926781498,0.0079260435875741
catapro,r_1683,0.0,7.769536929834049e-06
catapro,r_1684_ENZ_YGL077C_FWD,0.0,3.9304528509502345e-05
catapro,r_1684_ENZ_YGL077C_REV,0.0,0.0
catapro,r_1684_ENZ_YOR161C_FWD,0.0,3.638313455690615e-05
catapro,r_1684_ENZ_YOR161C_REV,0.0,0.0
catapro,r_1685,0.0,0.0
catapro,r_1686_FWD,0.0,0.0
catapro,r_1686_REV,0.0,6.844136488251551e-05
catapro,r_1687,0.0,6.986374686879238e-05
catapro,r_1688_FWD,0.0,0.0
catapro,r_1688_REV,0.0,7.77725998093777e-06
catapro,r_1689_FWD,0.0,2.832432788821402e-05
catapro,r_1689_REV,0.0,5.015697696810842e-06
catapro,r_1690,0.0,8.274488660919843e-05
catapro,r_1691_FWD,0.0,0.0
catapro,r_1691_REV,0.0,0.0
catapro,r_1694_FWD,0.0,0.0
catapro,r_1694_REV,0.2499308256648584,0.998752496320354
catapro,r_1695_FWD,0.0,0.0
catapro,r_1695_REV,0.0,7.777260168659554e-06
catapro,r_1696_FWD,0.0,0.0
catapro,r_1696_REV,1.1741460682761231,1.1760783238229555
catapro,r_1697_FWD,7.485306465003393,7.4884520643552595
catapro,r_1697_REV,0.0,0.0
catapro,r_1698_FWD,0.0,0.0
catapro,r_1698_REV,0.0,1.4456238953242108e-05
catapro,r_1699_FWD,0.0,0.0
catapro,r_1699_REV,0.0,0.0
catapro,r_1700_FWD,0.0,4.8668367431344006e-05
catapro,r_1700_REV,0.0,5.637775209194063e-05
catapro,r_1702,0.0,0.0
catapro,r_1703_ENZ_YKL024C,0.0037536367359226,0.0039820031267534
catapro,r_1704_ENZ_YKL024C_FWD,0.0,0.0048053289211935
catapro,r_1704_ENZ_YKL024C_REV,0.0010994694454308,0.0043862200562456
catapro,r_1705,0.0,0.0
catapro,r_1706,0.0,-0.0
catapro,r_1707_ENZ_YDR342C_FWD,0.0,0.0
catapro,r_1707_ENZ_YDR342C_REV,0.0,0.0
catapro,r_1707_ENZ_YHR092C_FWD,0.0,0.0
catapro,r_1707_ENZ_YHR092C_REV,0.0,0.0
catapro,r_1708_FWD,0.0663992311209017,0.0665362879069527
catapro,r_1708_REV,0.0,0.0
catapro,r_1709,0.0,0.0
catapro,r_1710,0.0,0.0
catapro,r_1711,0.0,0.0
catapro,r_1712,0.0,0.0
catapro,r_1713_FWD,0.0,0.0
catapro,r_1713_REV,0.0,5.345929622241688e-05
catapro,r_1714_FWD,0.0,0.0
catapro,r_1714_REV,4.494483464904516,4.4956572615244825
catapro,r_1715,0.0,0.0
catapro,r_1716,0.0,0.0
catapro,r_1717_ENZ_YDL245C_FWD,0.0,0.0
catapro,r_1717_ENZ_YDL245C_REV,0.0,0.0
catapro,r_1717_ENZ_YEL069C_FWD,0.0,0.0
catapro,r_1717_ENZ_YEL069C_REV,0.0,0.0
catapro,r_1717_ENZ_YJR158W_FWD,0.0,0.0
catapro,r_1717_ENZ_YJR158W_REV,0.0,0.0
catapro,r_1717_ENZ_YNR072W_FWD,0.0,0.0
catapro,r_1717_ENZ_YNR072W_REV,0.0,0.0
catapro,r_1718,0.0,0.0
catapro,r_1719_ENZ_YHR092C_FWD,0.0,0.0
catapro,r_1719_ENZ_YHR092C_REV,0.0,0.0
catapro,r_1720_FWD,0.0,0.0
catapro,r_1720_REV,0.0,0.0
catapro,r_1721_FWD,0.0,0.0
catapro,r_1721_REV,0.0,0.0
catapro,r_1722,0.0,1.916251285798143e-05
catapro,r_1723,0.0,0.0
catapro,r_1724,0.0,3.7275619002099386e-05
catapro,r_1725,0.0,0.0
catapro,r_1726_FWD,0.0,0.0
catapro,r_1726_REV,0.0,0.0
catapro,r_1727,0.0,4.054257550073553e-06
catapro,r_1728,0.0,0.0
catapro,r_1729_ENZ_YDL166C_FWD,0.0,0.0
catapro,r_1729_ENZ_YDL166C_REV,0.0006849832183003,0.0007730348822439
catapro,r_1730,0.0,0.0
catapro,r_1731,0.0,0.0
catapro,r_1732,0.0,0.0
catapro,r_1733,0.0,0.0
catapro,r_1734,0.0,0.0001698577415107
catapro,r_1735_ENZ_YBL042C,0.0,0.0
catapro,r_1736_ENZ_YDR196C,0.0,4.030833340683078e-05
catapro,r_1737_FWD,0.0,0.0
catapro,r_1737_REV,0.0,0.0
catapro,r_1738_FWD,1.3613939935874786e-05,1.3613961205349528e-05
catapro,r_1738_REV,0.0,0.0
catapro,r_1739_ENZ_YDR071C,0.0,0.0
catapro,r_1743_FWD,0.0,0.0
catapro,r_1743_REV,0.0,0.0
catapro,r_1744,0.0,1.361397054212914e-05
catapro,r_1745_FWD,0.0,0.0
catapro,r_1745_REV,1.3613939935874786e-05,1.361396406704416e-05
catapro,r_1746_FWD,0.0,0.0017531972547261
catapro,r_1746_REV,0.0,0.0028527945111592
catapro,r_1747_FWD,0.0,0.0
catapro,r_1747_REV,0.0,5.652416109210717e-05
catapro,r_1748_FWD,0.0,0.0
catapro,r_1748_REV,0.150749684681809,0.1507503545317446
catapro,r_1749,0.0,7.410242714255607e-06
catapro,r_1750_FWD,0.0,9.999952187120668e-05
catapro,r_1750_REV,0.0,0.0001071912386649
catapro,r_1751_FWD,0.0,0.0
catapro,r_1751_REV,0.0,6.419918246128656e-05
catapro,r_1752_FWD,0.0,6.90984639313753e-05
catapro,r_1752_REV,0.0,0.0
catapro,r_1753,0.0,0.0
catapro,r_1754_FWD,0.0079187244508922,0.0079236336581896
catapro,r_1754_REV,0.0,0.0
catapro,r_1757,0.0,1.2079379766464712e-06
catapro,r_1758_FWD,0.0,1000.0
catapro,r_1758_REV,0.0,999.9928633717911
catapro,r_1759_FWD,0.0,0.0
catapro,r_1759_REV,0.0,4.389534200773871e-05
catapro,r_1761,0.0,0.0022158326484437
catapro,r_1762_FWD,0.0,0.0021469349356412
catapro,r_1762_REV,0.0,0.0
catapro,r_1763_FWD,0.0,0.0002304578904499
catapro,r_1763_REV,0.0,0.0018660180631826
catapro,r_1764,0.0,0.0
catapro,r_1765,0.0,0.0001881799177549
catapro,r_1766_FWD,0.0,2.572145677309789e-06
catapro,r_1766_REV,0.0,0.0
catapro,r_1770_ENZ_YBR041W_FWD,0.0,0.0
catapro,r_1770_ENZ_YBR041W_REV,0.0,6.647761765642135e-06
catapro,r_1771_ENZ_YKL188C_and_YPL147W_FWD,0.0,2.762923450661596e-05
catapro,r_1771_ENZ_YKL188C_and_YPL147W_REV,0.0,2.722934641134632e-05
catapro,r_1772_ENZ_YKL188C_and_YPL147W_FWD,0.0,2.159866779599152e-05
catapro,r_1772_ENZ_YKL188C_and_YPL147W_REV,0.0,2.13295459124232e-05
catapro,r_1774_ENZ_YKL188C_and_YPL147W_FWD,0.0,1.4813135609554289e-05
catapro,r_1774_ENZ_YKL188C_and_YPL147W_REV,0.0,1.6013015793312022e-05
catapro,r_1775_ENZ_YBR041W_FWD,0.0,9.68150017149962e-05
catapro,r_1775_ENZ_YBR041W_REV,0.0,0.0001542823052158
catapro,r_1776_FWD,0.0,0.0
catapro,r_1776_REV,0.0,7.264851301300433e-06
catapro,r_1777_FWD,0.0,0.0
catapro,r_1777_REV,0.0,4.874842919356146e-06
catapro,r_1788,0.0,1.522842522473991e-06
catapro,r_1790_ENZ_YDL045C,0.0,2.1473175550125403e-06
catapro,r_1791,0.0,0.0
catapro,r_1792,0.0,-0.0
catapro,r_1793,0.0,0.000152436140739
catapro,r_1794,0.0,0.0002167926622179
catapro,r_1795_ENZ_YNL065W_FWD,0.0,0.0
catapro,r_1795_ENZ_YNL065W_REV,0.0,0.0001524361409604
catapro,r_1796_FWD,0.0,0.0
catapro,r_1796_REV,0.0,8.35064014180209e-05
catapro,r_1797,0.0,0.0
catapro,r_1798,0.0,0.000128581189966
catapro,r_1800,0.0,0.0
catapro,r_1801_FWD,0.0,0.0
catapro,r_1801_REV,0.0,0.0001106404561248
catapro,r_1802_FWD,0.0,0.0
catapro,r_1802_REV,0.0,0.0
catapro,r_1803_ENZ_YGL225W_FWD,0.0,0.0
catapro,r_1803_ENZ_YGL225W_REV,0.0,0.0001106404561248
catapro,r_1805_ENZ_YBR241C_FWD,0.0,0.0
catapro,r_1805_ENZ_YBR241C_REV,0.0,9.004554869170706e-05
catapro,r_1806,0.0,0.0
catapro,r_1807,0.0,0.0
catapro,r_1808,0.0,8.845086757063372e-05
catapro,r_1809_FWD,0.0,0.0026635342669618
catapro,r_1809_REV,0.0,0.0027605337340213
catapro,r_1810,0.0,0.0002951322825395
catapro,r_1811_ENZ_YPR058W_FWD,0.0,0.0007996635930383
catapro,r_1811_ENZ_YPR058W_REV,0.0,0.000183960135187
catapro,r_1812_FWD,0.0,0.0
catapro,r_1812_REV,1.3613939935874786e-05,1.3613969988655964e-05
catapro,r_1813_FWD,0.0,0.0
catapro,r_1813_REV,1.3613939935881725e-05,1.3871626882470118e-05
catapro,r_1814,1.3613939935881725e-05,1.3871672679011609e-05
catapro,r_1815,0.0,6.870078068106633e-05
catapro,r_1816_ENZ_YNL065W_FWD,0.0,7.197881931719774e-05
catapro,r_1816_ENZ_YNL065W_REV,0.0,0.0
catapro,r_1817_FWD,0.0,4.113051015804577e-05
catapro,r_1817_REV,0.0,0.0
catapro,r_1818,0.0,7.71388706521936e-06
catapro,r_1819_FWD,0.0,0.0
catapro,r_1819_REV,0.0,0.0
catapro,r_1820,0.0,0.0
catapro,r_1821,0.0,0.0001610470872206
catapro,r_1822,0.0,0.0
catapro,r_1823,0.0,0.0
catapro,r_1824,0.0,0.0004873013024259
catapro,r_1825_FWD,0.0157386328844035,0.0158476216676185
catapro,r_1825_REV,0.0,0.0
catapro,r_1826_FWD,0.0,0.0
catapro,r_1826_REV,0.0,0.0001614682044598
catapro,r_1827_FWD,0.0,0.0233687957504695
catapro,r_1827_REV,0.0,0.0034295595956089
catapro,r_1829_FWD,0.0,0.0
catapro,r_1829_REV,0.4400603062414318,0.938075317503756
catapro,r_1830_FWD,0.0,3.7955480111266165e-05
catapro,r_1830_REV,0.0,4.044318562062416e-05
catapro,r_1831_FWD,0.0,1000.0
catapro,r_1831_REV,0.0,0.0002104026831785
catapro,r_1832_FWD,0.0,0.0
catapro,r_1832_REV,0.0601732571495774,0.0616031614287152
catapro,r_1833_FWD,0.0,8.996395230109755e-06
catapro,r_1833_REV,0.0,0.0
catapro,r_1834,0.0,-0.0
catapro,r_1835_ENZ_YBR041W_FWD,0.0,0.0
catapro,r_1835_ENZ_YBR041W_REV,0.0,5.607748758793604e-06
catapro,r_1836_ENZ_YBR041W_FWD,0.0,0.0
catapro,r_1836_ENZ_YBR041W_REV,0.0,5.648574889782288e-06
catapro,r_1837_ENZ_YBR147W,0.0,0.0
catapro,r_1838_ENZ_YDL131W,0.0705929940521006,0.0706087261374212
catapro,r_1838_ENZ_YDL182W,0.0,0.0
catapro,r_1839_FWD,0.0,0.0
catapro,r_1839_REV,0.0,0.0
catapro,r_1840_FWD,0.0,0.0
catapro,r_1840_REV,0.0475129908980669,0.0475420229849079
catapro,r_1841,0.0,5.895874015712788e-06
catapro,r_1842_FWD,0.0,0.0
catapro,r_1842_REV,0.0,9.201747775893636e-06
catapro,r_1843,0.0,1.2271551616219178e-05
catapro,r_1844_FWD,0.0,1.2247775668550176e-05
catapro,r_1844_REV,0.0,0.0
catapro,r_1845_FWD,0.0,1.2118429763126326e-05
catapro,r_1845_REV,0.0,0.0
catapro,r_1846_FWD,0.0,0.0
catapro,r_1846_REV,0.0,0.0
catapro,r_1847,0.0,0.0
catapro,r_1848,0.0,0.0
catapro,r_1849_FWD,0.0,0.0
catapro,r_1849_REV,0.0,2.0417302264874596e-05
catapro,r_1850,0.0,0.0001698577424737
catapro,r_1851_FWD,0.0,4.8089963160322406e-05
catapro,r_1851_REV,0.0,0.0
catapro,r_1852_FWD,0.0,4.602952405363008e-05
catapro,r_1852_REV,0.0,0.0
catapro,r_1853_FWD,0.0,4.753314062994605e-05
catapro,r_1853_REV,0.0,0.0
catapro,r_1854_FWD,0.0,4.704519588906203e-05
catapro,r_1854_REV,0.0,0.0
catapro,r_1855_FWD,0.0,4.792441003343296e-05
catapro,r_1855_REV,0.0,0.0
catapro,r_1856_FWD,0.0,4.713726188124807e-05
catapro,r_1856_REV,0.0,0.0
catapro,r_1857_FWD,0.0,4.64202845172272e-05
catapro,r_1857_REV,0.0,0.0
catapro,r_1858_FWD,0.0,4.80027087668151e-05
catapro,r_1858_REV,0.0,0.0
catapro,r_1859_FWD,0.0,4.580387842620078e-05
catapro,r_1859_REV,0.0,0.0
catapro,r_1860_FWD,0.0,4.959211204067903e-05
catapro,r_1860_REV,0.0,0.0
catapro,r_1861_FWD,0.0,0.0
catapro,r_1861_REV,0.0,9.099965181958347e-06
catapro,r_1862,0.0,3.144437392116339e-05
catapro,r_1863_FWD,0.0,5.751229344852504e-05
catapro,r_1863_REV,0.0,0.0
catapro,r_1864_FWD,0.0,0.0
catapro,r_1864_REV,0.0,6.039796598893144e-05
catapro,r_1865,0.0,4.2588890555694814e-05
catapro,r_1866,0.0,4.0368449405248086e-05
catapro,r_1867,0.0,2.0519547824542783e-05
catapro,r_1868_FWD,0.0,5.271768817266542e-05
catapro,r_1868_REV,0.0,0.0
catapro,r_1869_FWD,0.0,0.0
catapro,r_1869_REV,0.0,5.466819415445024e-05
catapro,r_1870,0.0,5.605400877270461e-05
catapro,r_1871,0.0,0.0001462534561206
catapro,r_1872,0.0,0.0
catapro,r_1873,0.0,0.0001811849205567
catapro,r_1874,0.0,4.821807532738587e-05
catapro,r_1875,0.0,0.0
catapro,r_1876_FWD,0.0,0.0
catapro,r_1876_REV,0.0,0.0
catapro,r_1877_ENZ_YDR342C_FWD,0.0,0.0
catapro,r_1877_ENZ_YDR342C_REV,0.0,0.0
catapro,r_1877_ENZ_YHR092C_FWD,0.0,0.0
catapro,r_1877_ENZ_YHR092C_REV,0.0,0.0
catapro,r_1878,0.0,-0.0
catapro,r_1879,0.0,7.43208522573785e-06
catapro,r_1880,0.0,1.5829566230869674e-05
catapro,r_1881,0.0,8.220480222635371e-05
catapro,r_1882_ENZ_YOR100C,0.0,6.428032400285222e-05
catapro,r_1883,0.0,1.6479035409355802e-05
catapro,r_1884_FWD,0.0,0.0
catapro,r_1884_REV,0.0,0.0
catapro,r_1885_FWD,0.0,0.0
catapro,r_1885_REV,0.0,0.0
catapro,r_1886,0.0,0.0
catapro,r_1887_FWD,0.0406242723812226,0.0406773711875858
catapro,r_1887_REV,0.0,0.0
catapro,r_1889,0.0,5.692145091044931e-05
catapro,r_1890_FWD,0.0,0.0
catapro,r_1890_REV,0.0,0.0
catapro,r_1891,0.0,2.520348378821924e-05
catapro,r_1892_FWD,0.0,0.0
catapro,r_1892_REV,0.0,0.0
catapro,r_1893,0.0,1.1828716073452455e-05
catapro,r_1895_FWD,0.0,0.0
catapro,r_1895_REV,0.0,4.644439610375882e-05
catapro,r_1896,0.0,2.9928540255547142e-05
catapro,r_1897,0.0,4.912052356750308e-05
catapro,r_1898,0.0,7.444464875563245e-05
catapro,r_1899,0.0,6.660539505585938e-05
catapro,r_1900,0.0,1.0061635562066962e-05
catapro,r_1901_FWD,0.0,1000.0
catapro,r_1901_REV,0.0,1000.0
catapro,r_1902,0.0,1.564703546255014e-05
catapro,r_1903,0.0,1.7001918461864718e-05
catapro,r_1904,0.0,3.530565503018224e-05
catapro,r_1905_FWD,0.0,8.488932702692409e-05
catapro,r_1905_REV,0.0,0.0
catapro,r_1906,0.0,6.323148048470234e-05
catapro,r_1907_ENZ_YKR039W_FWD,0.0,0.0
catapro,r_1907_ENZ_YKR039W_REV,0.0,0.0
catapro,r_1908_ENZ_YDL245C_FWD,0.0,0.0
catapro,r_1908_ENZ_YDL245C_REV,0.0,0.0
catapro,r_1908_ENZ_YEL069C_FWD,0.0,0.0
catapro,r_1908_ENZ_YEL069C_REV,0.0,0.0
catapro,r_1908_ENZ_YJR158W_FWD,0.0,0.0
catapro,r_1908_ENZ_YJR158W_REV,0.0,0.0
catapro,r_1908_ENZ_YNR072W_FWD,0.0,0.0
catapro,r_1908_ENZ_YNR072W_REV,0.0,0.0
catapro,r_1909,0.0,0.0
catapro,r_1910_ENZ_YDL245C_FWD,0.0,0.0
catapro,r_1910_ENZ_YDL245C_REV,0.0,0.0
catapro,r_1910_ENZ_YDR342C_FWD,0.0,0.0
catapro,r_1910_ENZ_YDR342C_REV,0.0,0.0
catapro,r_1910_ENZ_YDR343C_FWD,0.0,0.0
catapro,r_1910_ENZ_YDR343C_REV,0.0,0.0
catapro,r_1910_ENZ_YDR345C_FWD,0.0,0.0
catapro,r_1910_ENZ_YDR345C_REV,0.0,0.0
catapro,r_1910_ENZ_YEL069C_FWD,0.0,0.0
catapro,r_1910_ENZ_YEL069C_REV,0.0,0.0
catapro,r_1910_ENZ_YFL011W_FWD,0.0,0.0
catapro,r_1910_ENZ_YFL011W_REV,0.0,0.0
catapro,r_1910_ENZ_YHR092C_FWD,0.0,0.0
catapro,r_1910_ENZ_YHR092C_REV,0.0,0.0
catapro,r_1910_ENZ_YHR096C_FWD,0.0,0.0
catapro,r_1910_ENZ_YHR096C_REV,0.0,0.0
catapro,r_1910_ENZ_YJL214W_FWD,0.0,0.0
catapro,r_1910_ENZ_YJL214W_REV,0.0,0.0
catapro,r_1910_ENZ_YJL219W_FWD,0.0,0.0
catapro,r_1910_ENZ_YJL219W_REV,0.0,0.0
catapro,r_1910_ENZ_YJR158W_FWD,0.0,0.0
catapro,r_1910_ENZ_YJR158W_REV,0.0,0.0
catapro,r_1910_ENZ_YNR072W_FWD,0.0,0.0
catapro,r_1910_ENZ_YNR072W_REV,0.0,0.0
catapro,r_1910_ENZ_YOL156W_FWD,0.0,0.0
catapro,r_1910_ENZ_YOL156W_REV,0.0,0.0
catapro,r_1911,0.0,3.252639784136896e-05
catapro,r_1912,0.0,1.1951754079045362e-05
catapro,r_1913,0.0,1.642814423545233e-05
catapro,r_1914,0.0,4.944324967813552e-05
catapro,r_1915,0.0,2.016710952728421e-06
catapro,r_1916,0.0,4.803541594489147e-06
catapro,r_1919_ENZ_YBR147W,0.0,0.0
catapro,r_1920_FWD,0.0,0.0
catapro,r_1920_REV,0.0,0.0
catapro,r_1921_FWD,0.0,0.0
catapro,r_1921_REV,0.0,0.0
catapro,r_1922_FWD,0.0,0.0
catapro,r_1922_REV,0.0,0.0
catapro,r_1923_FWD,0.0,0.0
catapro,r_1923_REV,0.0,0.0
catapro,r_1924_FWD,0.0,0.0
catapro,r_1924_REV,0.0,0.0
catapro,r_1925_FWD,0.0,0.0
catapro,r_1925_REV,0.0,0.0
catapro,r_1926_FWD,0.0,0.0
catapro,r_1926_REV,0.0,0.0
catapro,r_1927_FWD,0.0,0.0
catapro,r_1927_REV,0.0,0.0
catapro,r_1928_FWD,0.0,0.0
catapro,r_1928_REV,0.0,0.0
catapro,r_1929_FWD,0.0,0.0
catapro,r_1929_REV,0.0,0.0
catapro,r_1930_FWD,0.0,9.515895584899514e-05
catapro,r_1930_REV,0.0,0.0015959450565778
catapro,r_1931,0.0,0.0
catapro,r_1932_FWD,0.0,0.0
catapro,r_1932_REV,0.150749684681809,0.1507508272671318
catapro,r_1935_ENZ_YDR508C,0.0,0.0
catapro,r_1936,0.0,0.0001538267391028
catapro,r_1937_FWD,0.0,0.0
catapro,r_1937_REV,0.0,0.0
catapro,r_1938_FWD,0.0,0.0
catapro,r_1938_REV,0.0,0.0
catapro,r_1939_FWD,0.0,0.0
catapro,r_1939_REV,0.0,0.0
catapro,r_1940_FWD,0.0,0.0
catapro,r_1940_REV,0.0,0.0
catapro,r_1941_FWD,0.0,0.0
catapro,r_1941_REV,0.0,0.0
catapro,r_1942_FWD,0.0,0.0
catapro,r_1942_REV,0.0,0.0
catapro,r_1943_FWD,0.0,0.0
catapro,r_1943_REV,0.0,0.0
catapro,r_1944_FWD,0.0,0.0
catapro,r_1944_REV,0.0,0.0
catapro,r_1945_FWD,0.0,0.0
catapro,r_1945_REV,0.0,0.0
catapro,r_1946_FWD,0.0,0.0
catapro,r_1946_REV,0.0,0.0
catapro,r_1947,0.0,0.0
catapro,r_1952,0.0,4.69173689143787e-06
catapro,r_1963_FWD,0.0,0.0
catapro,r_1963_REV,0.0158374489017845,0.0158525825788309
catapro,r_1964_FWD,0.0158374489017845,0.0158525825788309
catapro,r_1964_REV,0.0,0.0
catapro,r_1965_FWD,0.0,0.0
catapro,r_1965_REV,0.0,0.0004109534705097
catapro,r_1966_FWD,0.0,0.0
catapro,r_1966_REV,0.0,0.0
catapro,r_1967,0.0,2.576770953460569e-07
catapro,r_1968,0.0,0.0
catapro,r_1970_FWD,0.0,0.0
catapro,r_1970_REV,0.0,0.0
catapro,r_1971_FWD,0.0,0.0
catapro,r_1971_REV,0.0,0.0
catapro,r_1972,0.0,0.0
catapro,r_1974,0.0,0.0001060047583443
catapro,r_1975,0.0,0.0001632450082109
catapro,r_1976_ENZ_YOR100C,0.0,6.428032400285222e-05
catapro,r_1977_FWD,0.0079187244508922,0.0079263315261615
catapro,r_1977_REV,0.0,0.0
catapro,r_1978_FWD,4.2568410210461165,4.259029133732535
catapro,r_1978_REV,0.0,0.0
catapro,r_1979_FWD,4.37504065394605,4.376501058806077
catapro,r_1979_REV,0.0,6.056649705032212e-05
catapro,r_1980_FWD,0.0,7.137926286903812e-05
catapro,r_1980_REV,0.0,0.0
catapro,r_1981_ENZ_YBR041W_FWD,0.0,0.0
catapro,r_1981_ENZ_YBR041W_REV,0.0,3.407304595658134e-06
catapro,r_1984,0.0,7.227651962283976e-06
catapro,r_1987,0.0,2.2361308431584348e-05
catapro,r_1988_FWD,0.0,9.073188279928868e-05
catapro,r_1988_REV,0.0,0.0
catapro,r_1989,0.0,8.706987668472e-05
catapro,r_1990_ENZ_YJL212C,0.0,0.0
catapro,r_1991_FWD,0.0,0.0
catapro,r_1991_REV,0.0,4.724040966386234e-05
catapro,r_1992_FWD,0.0,0.0
catapro,r_1992_REV,4.37504065394605,4.376555758052946
catapro,r_1993,0.0,4.009813686320701e-06
catapro,r_1994,0.0,4.085771589425191e-06
catapro,r_1995_FWD,0.0,0.0
catapro,r_1995_REV,0.0,0.0
catapro,r_1996_FWD,0.0,4.079905453909132e-05
catapro,r_1996_REV,0.0,2.032595730370511e-05
catapro,r_1997,0.0,7.137180602811988e-05
catapro,r_1998_FWD,0.0,0.0
catapro,r_1998_REV,0.0,6.96435698268813e-06
catapro,r_1999,0.0,0.0
catapro,r_2000,0.0,9.224893757958652e-06
catapro,r_2001,0.0,1.7585560178542958e-05
catapro,r_2002_FWD,0.0,1.7761317880421457e-05
catapro,r_2002_REV,0.0,0.0
catapro,r_2003_FWD,0.0,1.7616368328240983e-05
catapro,r_2003_REV,0.0,0.0
catapro,r_2004,0.0,0.0
catapro,r_2005_FWD,0.0,0.0004596464228987
catapro,r_2005_REV,1.074303982649921,1.0757539377826193
catapro,r_2008_ENZ_YNR013C_FWD,0.0,0.0002336279640537
catapro,r_2008_ENZ_YNR013C_REV,0.0,0.0003256238949552
catapro,r_2020_FWD,0.0,0.0
catapro,r_2020_REV,0.0007794731716283,0.0007794768134944
catapro,r_2022_FWD,0.0,2.572145677393056e-06
catapro,r_2022_REV,0.0,0.0
catapro,r_2023_FWD,0.0,0.0
catapro,r_2023_REV,0.0,0.0
catapro,r_2024,0.0,1.949648098875656e-05
catapro,r_2025_ENZ_YNR027W,0.0,0.0
catapro,r_2026_ENZ_YNR027W,0.0,0.0001324326826097
catapro,r_2027,0.0,0.0001324326826097
catapro,r_2028,0.0,0.0
catapro,r_2029_ENZ_YEL029C,0.0,0.0
catapro,r_2030,0.0002125835899704,0.000214731916311
catapro,r_2031_FWD,0.0,8.388090600287834e-05
catapro,r_2031_REV,0.0,0.0001525302744512
catapro,r_2032_FWD,1.5238996634509705,1.5269956884949207
catapro,r_2032_REV,0.0,0.0
catapro,r_2033,0.0,0.0008348622973175
catapro,r_2034_ENZ_YGL080W_and_YGR243W,0.0,0.0015599414109638
catapro,r_2034_ENZ_YGL080W_and_YHR162W,0.0,0.0040533573880546
catapro,r_2036_FWD,0.0,0.0
catapro,r_2036_REV,0.0,0.0
catapro,r_2037_FWD,0.0,3.528133799713908e-05
catapro,r_2037_REV,0.0,0.0
catapro,r_2038,0.0,0.0
catapro,r_2039,0.0,2.1473175550125403e-06
catapro,r_2040_ENZ_YOR306C,0.0,0.0
catapro,r_2041_ENZ_YDR342C,0.0,0.0
catapro,r_2041_ENZ_YHR092C,0.0,0.0
catapro,r_2042_FWD,0.0,0.0
catapro,r_2042_REV,0.0,0.0
catapro,r_2043,0.0,0.0
catapro,r_2044,0.0,-0.0
catapro,r_2045_ENZ_YDR508C_FWD,0.0,0.0003036323599998
catapro,r_2045_ENZ_YDR508C_REV,0.0,0.0004142551053654
catapro,r_2046,0.0,5.9453374997835845e-06
catapro,r_2049_FWD,0.0,0.0
catapro,r_2049_REV,0.0008524816853615,0.0008524854849343
catapro,r_2050,0.0,0.0
catapro,r_2051,0.0,9.943294521426447e-06
catapro,r_2052,0.0,6.343903360961356e-06
catapro,r_2053_FWD,0.0079187244508922,0.0079260244988891
catapro,r_2053_REV,0.0,0.0
catapro,r_2054_FWD,0.0079187244508922,0.0079260244988891
catapro,r_2054_REV,0.0,0.0
catapro,r_2055,0.0,4.897249268413437e-06
catapro,r_2056,0.0,0.0002072672331602
catapro,r_2057_FWD,0.0,0.0
catapro,r_2057_REV,0.0,0.0002095349559141
catapro,r_2058,0.0,0.0
catapro,r_2060_FWD,0.0,0.0
catapro,r_2060_REV,0.0184690307786626,0.0184940380889945
catapro,r_2061,0.0,4.180071021133575e-05
catapro,r_2062,0.0,0.0
catapro,r_2063_FWD,0.0,1.4939385894974231e-05
catapro,r_2063_REV,0.0,0.0
catapro,r_2064_ENZ_YDL024C,0.0,1.8672895703376988e-05
catapro,r_2065,0.0,1.822375644182001e-05
catapro,r_2066,0.0,0.0
catapro,r_2067,0.0,-0.0
catapro,r_2068,0.0,0.0
catapro,r_2069,0.0,2.576770953460569e-07
catapro,r_2072_ENZ_YDR508C,0.0,5.2207356863440135e-05
catapro,r_2073,0.0,9.238200575198332e-06
catapro,r_2074,0.0,0.0001632450083887
catapro,r_2075_FWD,0.0,0.0
catapro,r_2075_REV,0.0,9.31128116070509e-06
catapro,r_2079_ENZ_YGR289C_FWD,0.0,3.562075029059711e-05
catapro,r_2079_ENZ_YGR289C_REV,0.0,0.0
catapro,r_2080_FWD,0.0,4.5092768545234446e-05
catapro,r_2080_REV,0.0,0.0
catapro,r_2082,0.0,0.0
catapro,r_2083,0.0,1.208808383015153e-05
catapro,r_2084_FWD,0.0,1.2027217737013708e-05
catapro,r_2084_REV,0.0,0.0
catapro,r_2085_FWD,0.0,0.0
catapro,r_2085_REV,0.0,1.2723605773687365e-05
catapro,r_2086,0.0,0.0
catapro,r_2087_FWD,0.0,0.0
catapro,r_2087_REV,0.0,0.0
catapro,r_2089_FWD,0.0,0.010742599661365
catapro,r_2089_REV,0.0,0.0
catapro,r_2090,0.0,0.0
catapro,r_2091,0.0,2.0144918159388517e-05
catapro,r_2092,0.0,0.0
catapro,r_2093_FWD,0.0,0.0
catapro,r_2093_REV,0.0652652260478134,0.0653190176744158
catapro,r_2094_ENZ_YLL052C_FWD,0.0,0.0
catapro,r_2094_ENZ_YLL052C_REV,0.0078693164413845,0.0079251539614604
catapro,r_2094_ENZ_YPR192W_FWD,0.0,0.004718838353699
catapro,r_2094_ENZ_YPR192W_REV,0.0,0.0
catapro,r_2095_FWD,0.0,0.0001673993300432
catapro,r_2095_REV,0.0,0.0
catapro,r_2096_FWD,0.0,0.0
catapro,r_2096_REV,13.8231771870842,13.828626041913196
catapro,r_2097_FWD,0.2490315863371021,0.9967170273603744
catapro,r_2097_REV,0.0,0.0
catapro,r_2098_FWD,0.0,7.284931571829162e-05
catapro,r_2098_REV,0.0,6.40347234006633e-05
catapro,r_2099_FWD,0.0,0.0001606106845197
catapro,r_2099_REV,0.0,0.0001760967082655
catapro,r_2100_FWD,11.760118899955556,11.765072552420609
catapro,r_2100_REV,0.0,0.0
catapro,r_2101_FWD,0.0,9.999999997489796e-05
catapro,r_2101_REV,0.0,0.0001078114671594
catapro,r_2102,0.0,0.0
catapro,r_2103,0.0,0.0
catapro,r_2104,0.0,0.0
catapro,r_2105_ENZ_YDL245C_FWD,0.0,0.0
catapro,r_2105_ENZ_YDL245C_REV,0.0,0.0
catapro,r_2105_ENZ_YLL043W_FWD,0.0,0.0
catapro,r_2105_ENZ_YLL043W_REV,0.0,0.0
catapro,r_2106,0.0,1.0081873407820352e-06
catapro,r_2107_ENZ_YIL013C_FWD,0.0,1.0378521771794514e-05
catapro,r_2107_ENZ_YIL013C_REV,0.0,1.645915640205789e-06
catapro,r_2107_ENZ_YOR011W_FWD,0.0,1.715137855224016e-05
catapro,r_2107_ENZ_YOR011W_REV,0.0,1.745952344041346e-06
catapro,r_2108,0.2147309051931643,0.2147319042564084
catapro,r_2111,0.2147309051933869,0.2147319042564084
catapro,r_2112_ENZ_YJL060W_FWD,0.0,0.0
catapro,r_2112_ENZ_YJL060W_REV,0.0,0.0
catapro,r_2113,0.0,0.0
catapro,r_2114,0.0013034165889369,0.0013036798984719
catapro,r_2115_ENZ_YBR145W,0.0,0.0014713516772003
catapro,r_2115_ENZ_YOL086C,0.0,0.0021781223604181
catapro,r_2116_ENZ_YER073W,0.0,0.0008825451630529
catapro,r_2116_ENZ_YMR110C,0.0,0.0002790026254181
catapro,r_2116_ENZ_YMR170C,0.0,0.0007510327347968
catapro,r_2116_ENZ_YOR374W,0.0,0.0020371999923086
catapro,r_2117_ENZ_YHR137W_FWD,0.0,0.0002009985705165
catapro,r_2117_ENZ_YHR137W_REV,0.0,0.0003369250381078
catapro,r_2118_ENZ_YHR137W,0.0,8.067339011014196e-06
catapro,r_2119_ENZ_YHR137W_FWD,0.0,0.0003880063155316
catapro,r_2119_ENZ_YHR137W_REV,0.0,0.0001231691937909
catapro,r_2125_FWD,0.0,0.0035101851810052
catapro,r_2125_REV,0.0,0.0222605616110569
catapro,r_2126_ENZ_YKR043C,0.0,9.13491532953392e-05
catapro,r_2129,0.0,0.0060911610003299
catapro,r_2131_ENZ_YDL066W,0.2246475596318416,0.2256619145893175
catapro,r_2132_ENZ_YOR222W,0.0,0.0
catapro,r_2132_ENZ_YPL134C,0.3352247449219744,0.3359624111922515
catapro,r_2134,0.0,2.1173248353351104e-06
catapro,r_2136_FWD,0.0,0.0
catapro,r_2136_REV,0.0,2.130111434696033e-06
catapro,r_2137,0.0,1.7567113177879845e-06
catapro,r_2139_FWD,0.0,0.0
catapro,r_2139_REV,0.0,1.82480051567728e-06
catapro,r_2140_ENZ_YKL182W_and_YPL231W,0.0267874335817645,0.0268316347704
catapro,r_2141_ENZ_YKL182W_and_YPL231W,0.0082967811877785,0.0083415520206637
catapro,r_2142_ENZ_YER061C_and_YKL192C,0.0,0.0
catapro,r_2143_ENZ_YER061C_and_YKL192C,0.0,0.0
catapro,r_2144_ENZ_YER061C_and_YKL192C,0.0,-0.0
catapro,r_2145_ENZ_YKL055C,0.0,0.0
catapro,r_2146_ENZ_YKL055C,0.0,0.0
catapro,r_2147_ENZ_YKL055C,0.0,-0.0
catapro,r_2148_ENZ_YHR067W_FWD,0.0,0.0
catapro,r_2148_ENZ_YHR067W_REV,0.0,0.0
catapro,r_2149_ENZ_YHR067W_FWD,0.0,0.0
catapro,r_2149_ENZ_YHR067W_REV,0.0,0.0
catapro,r_2150_ENZ_YHR067W_FWD,0.0,0.0
catapro,r_2150_ENZ_YHR067W_REV,0.0,0.0
catapro,r_2151_ENZ_YBR026C,0.0,0.0
catapro,r_2152_ENZ_YBR026C,0.0,0.0
catapro,r_2153_ENZ_YBR026C,0.0,-0.0
catapro,r_2154_ENZ_YJL196C,0.0,1.0902881496518274e-05
catapro,r_2155_ENZ_YJL196C,0.0,1.250147905676956e-05
catapro,r_2156_ENZ_YCR034W,0.0,3.171633967317955e-05
catapro,r_2157_ENZ_YCR034W,0.0,9.899143618452329e-06
catapro,r_2157_ENZ_YLR372W,0.0,6.848889915969727e-06
catapro,r_2158_ENZ_YCR034W,0.0,5.362371861206522e-06
catapro,r_2158_ENZ_YLR372W,0.0,5.920729347982008e-06
catapro,r_2159_ENZ_YCR034W,0.0,5.941440947243581e-06
catapro,r_2159_ENZ_YLR372W,0.0,6.188655730399173e-06
catapro,r_2160_ENZ_YLR372W,0.0,4.890337244502615e-06
catapro,r_2161_ENZ_YBR159W,0.0,1.0902881496518274e-05
catapro,r_2162_ENZ_YBR159W,0.0,1.250147905676956e-05
catapro,r_2163_ENZ_YBR159W,0.0,3.171633967317955e-05
catapro,r_2164_ENZ_YBR159W,0.0,1.0604055077961796e-05
catapro,r_2165_ENZ_YBR159W,0.0,8.980530874165097e-06
catapro,r_2166_ENZ_YBR159W,0.0,6.188655685196443e-06
catapro,r_2167_ENZ_YBR159W,0.0,4.890337244502615e-06
catapro,r_2168_ENZ_YJL097W_FWD,0.0,1.0772110879748996e-05
catapro,r_2168_ENZ_YJL097W_REV,0.0,0.0
catapro,r_2169_ENZ_YJL097W_FWD,0.0,1.1818679409539397e-05
catapro,r_2169_ENZ_YJL097W_REV,0.0,0.0
catapro,r_2170_ENZ_YJL097W_FWD,0.0,3.303409477052425e-05
catapro,r_2170_ENZ_YJL097W_REV,0.0,0.0
catapro,r_2171_ENZ_YJL097W_FWD,0.0,6.848889887942304e-06
catapro,r_2171_ENZ_YJL097W_REV,0.0,0.0
catapro,r_2172_ENZ_YJL097W_FWD,0.0,6.920785099117198e-06
catapro,r_2172_ENZ_YJL097W_REV,0.0,0.0
catapro,r_2173_ENZ_YJL097W,0.0,4.571902170816291e-06
catapro,r_2174_ENZ_YJL097W_FWD,0.0,3.3088273839568443e-06
catapro,r_2174_ENZ_YJL097W_REV,0.0,0.0
catapro,r_2175_ENZ_YDL015C,0.0,7.211016127439684e-06
catapro,r_2176_ENZ_YDL015C,0.0,8.143241908786791e-06
catapro,r_2177_ENZ_YDL015C,0.0,2.1848407483584765e-05
catapro,r_2178_ENZ_YDL015C,0.0,7.2660885539433584e-06
catapro,r_2179_ENZ_YDL015C,0.0,6.92084654846281e-06
catapro,r_2180_ENZ_YDL015C,0.0,4.571902170816291e-06
catapro,r_2181_ENZ_YDL015C,0.0,4.890337235913256e-06
catapro,r_2182_ENZ_YGL055W,0.0200288872026155,0.0200371455112772
catapro,r_2183_ENZ_YGL055W,0.0066187766146833,0.0066261033424983
catapro,r_2184_FWD,0.0,0.0
catapro,r_2184_REV,0.0,7.187814204581149e-06
catapro,r_2185_FWD,0.0,0.0
catapro,r_2185_REV,0.0,6.277158869524042e-06
catapro,r_2186_ENZ_YBR041W_FWD,0.0,0.0
catapro,r_2186_ENZ_YBR041W_REV,0.0,4.990058433351763e-06
catapro,r_2187,0.0,6.999499056217079e-06
catapro,r_2188,0.0,6.809612236795964e-06
catapro,r_2189,0.0,5.200951140889483e-06
catapro,r_2190_ENZ_YNL065W_FWD,0.0,0.0
catapro,r_2190_ENZ_YNL065W_REV,0.0,4.661601222524225e-06
catapro,r_2191_ENZ_YNL065W_FWD,0.0,0.0
catapro,r_2191_ENZ_YNL065W_REV,0.0,4.058159858996795e-06
catapro,r_2192_ENZ_YBR041W_FWD,0.0,0.0
catapro,r_2192_ENZ_YBR041W_REV,0.0,4.9918548491978e-06
catapro,r_2193,0.0,4.960258957575477e-06
catapro,r_2194_ENZ_YOR317W_FWD,0.0,0.0001683065491074
catapro,r_2194_ENZ_YOR317W_REV,0.0,0.0001537860554164
catapro,r_2195_ENZ_YMR246W_FWD,0.0,0.0003725279257169
catapro,r_2195_ENZ_YMR246W_REV,0.0,0.0003574924203992
catapro,r_2195_ENZ_YOR317W_FWD,0.0,0.0002849616930745
catapro,r_2195_ENZ_YOR317W_REV,0.0,0.000309450396661
catapro,r_2196_ENZ_YMR246W_FWD,0.0,0.0003314142790943
catapro,r_2196_ENZ_YMR246W_REV,0.0,0.0014707343981409
catapro,r_2196_ENZ_YOR317W_FWD,0.0,0.0002142432362635
catapro,r_2196_ENZ_YOR317W_REV,0.0,0.001300436848713
catapro,r_2197_ENZ_YMR246W_FWD,0.0,0.0002654647011648
catapro,r_2197_ENZ_YMR246W_REV,0.0,0.0013766390585708
catapro,r_2197_ENZ_YOR317W_FWD,0.0,0.000289597023088
catapro,r_2197_ENZ_YOR317W_REV,0.0,0.0008800757306224
catapro,r_2198_ENZ_YMR246W_FWD,0.0,0.0003584272155092
catapro,r_2198_ENZ_YMR246W_REV,0.0,0.0002324338309234
catapro,r_2198_ENZ_YOR317W_FWD,0.0,0.0002733541507687
catapro,r_2198_ENZ_YOR317W_REV,0.0,0.0003097590327457
catapro,r_2199_ENZ_YMR246W_FWD,0.0,0.003637191903914
catapro,r_2199_ENZ_YMR246W_REV,0.0,0.0002504786746047
catapro,r_2199_ENZ_YOR317W_FWD,0.0,0.0011938707001254
catapro,r_2199_ENZ_YOR317W_REV,0.0,0.0003102595704734
catapro,r_2200_ENZ_YOR317W_FWD,0.0,0.0002552854468834
catapro,r_2200_ENZ_YOR317W_REV,0.0,0.0002456225326712
catapro,r_2201_ENZ_YMR246W_FWD,0.0,0.0002707188890857
catapro,r_2201_ENZ_YMR246W_REV,0.0,0.0002458388531765
catapro,r_2201_ENZ_YOR317W_FWD,0.0,0.0001817133904373
catapro,r_2201_ENZ_YOR317W_REV,0.0,0.0003133604394032
catapro,r_2202_ENZ_YMR246W_FWD,0.0,0.0003584272136602
catapro,r_2202_ENZ_YMR246W_REV,0.0,0.0014710998938423
catapro,r_2202_ENZ_YOR317W_FWD,0.0,0.0002856785549175
catapro,r_2202_ENZ_YOR317W_REV,0.0,0.0013835794845313
catapro,r_2203_ENZ_YMR246W_FWD,0.0,0.0003584272158237
catapro,r_2203_ENZ_YMR246W_REV,0.0,0.0015003173534148
catapro,r_2203_ENZ_YOR317W_FWD,0.0,0.0002786353673596
catapro,r_2203_ENZ_YOR317W_REV,0.0,0.001303204019499
catapro,r_2204_ENZ_YMR246W_FWD,0.0,0.0003574924202706
catapro,r_2204_ENZ_YMR246W_REV,0.0,0.0003574924203793
catapro,r_2204_ENZ_YOR317W_FWD,0.0,0.0001812699562259
catapro,r_2204_ENZ_YOR317W_REV,0.0,0.0003094503966646
catapro,r_2205_ENZ_YMR246W_FWD,0.0,0.003633609624581
catapro,r_2205_ENZ_YMR246W_REV,0.0,0.0003725279008926
catapro,r_2205_ENZ_YOR317W_FWD,0.0,0.0012253772040443
catapro,r_2205_ENZ_YOR317W_REV,0.0,0.0003255279218317
catapro,r_2206_ENZ_YER015W_FWD,0.0,4.992332601074906e-05
catapro,r_2206_ENZ_YER015W_REV,0.0,3.134545372003317e-05
catapro,r_2207_ENZ_YER015W_FWD,0.0,4.692734172859972e-05
catapro,r_2207_ENZ_YER015W_REV,0.0,9.83212126892674e-06
catapro,r_2208_ENZ_YER015W_FWD,0.0,4.787677967116923e-05
catapro,r_2208_ENZ_YER015W_REV,0.0,2.2792737439455903e-05
catapro,r_2209_ENZ_YIL009W_FWD,0.0,0.0
catapro,r_2209_ENZ_YIL009W_REV,0.0,0.0
catapro,r_2210_ENZ_YIL009W_FWD,0.0,0.0
catapro,r_2210_ENZ_YIL009W_REV,0.0,0.0
catapro,r_2211_ENZ_YIL009W_FWD,0.0,0.0001394623267914
catapro,r_2211_ENZ_YIL009W_REV,0.0,9.219854184233086e-05
catapro,r_2212_ENZ_YIL009W_FWD,0.0,0.0001394623279404
catapro,r_2212_ENZ_YIL009W_REV,0.0,0.0001390986031716
catapro,r_2213_ENZ_YBR041W_FWD,0.0,0.0
catapro,r_2213_ENZ_YBR041W_REV,0.0,0.0
catapro,r_2214_ENZ_YBR041W_FWD,0.0,0.0001808976196543
catapro,r_2214_ENZ_YBR041W_REV,0.0,0.0001155341287832
catapro,r_2215_ENZ_YBR041W_FWD,0.0,0.0001874569896214
catapro,r_2215_ENZ_YBR041W_REV,0.0,0.0001808976209091
catapro,r_2216_ENZ_YBR041W_FWD,0.0,0.0
catapro,r_2216_ENZ_YBR041W_REV,0.0,0.0
catapro,r_2217_ENZ_YBR041W_FWD,0.0,0.0001251292216782
catapro,r_2217_ENZ_YBR041W_REV,0.0,0.0001786436167671
catapro,r_2218_ENZ_YBR041W_FWD,0.0,0.0001874569895947
catapro,r_2218_ENZ_YBR041W_REV,0.0,0.0001781777058022
catapro,r_2219_ENZ_YKL188C_and_YPL147W,0.0,1.8849955452426848e-05
catapro,r_2220_ENZ_YKL188C_and_YPL147W,0.0,1.77489253547769e-05
catapro,r_2221_ENZ_YKL188C_and_YPL147W,0.0,1.601301588390622e-05
catapro,r_2222_ENZ_YKL188C_and_YPL147W,0.0,3.1294093702450735e-05
catapro,r_2223_ENZ_YKL188C_and_YPL147W,0.0,1.3843646605241558e-05
catapro,r_2224_ENZ_YKL188C_and_YPL147W,0.0,2.4537823233909684e-05
catapro,r_2225_ENZ_YKL188C_and_YPL147W,0.0,1.0545759429092108e-05
catapro,r_2226_ENZ_YKL188C_and_YPL147W,0.0,8.618069984887844e-06
catapro,r_2227_ENZ_YKL188C_and_YPL147W,0.0,6.188655728964691e-06
catapro,r_2228_ENZ_YKL188C_and_YPL147W,0.0,5.019394237835785e-06
catapro,r_2229_FWD,0.0,0.0
catapro,r_2229_REV,0.0,4.661601222524225e-06
catapro,r_2230_FWD,0.0,0.0
catapro,r_2230_REV,0.0,4.058159858996795e-06
catapro,r_2231_ENZ_YKL188C_and_YPL147W_FWD,0.0,4.991614633907181e-05
catapro,r_2231_ENZ_YKL188C_and_YPL147W_REV,0.0,5.2015532075746393e-05
catapro,r_2232_ENZ_YJR019C,0.0,6.999499056217079e-06
catapro,r_2233_ENZ_YJR019C,0.0,6.809612236795964e-06
catapro,r_2234_ENZ_YJR019C,0.0,4.8134048548122144e-05
catapro,r_2235_ENZ_YJR019C,0.0,4.7357298218086985e-05
catapro,r_2236_ENZ_YGL205W,0.0,7.01077779044143e-06
catapro,r_2237_ENZ_YGL205W,0.0,7.845611814036313e-06
catapro,r_2238_ENZ_YGL205W,0.0,8.319022072107718e-06
catapro,r_2239_ENZ_YGL205W,0.0,1.115501873638828e-05
catapro,r_2240_ENZ_YGL205W,0.0,8.980530914470819e-06
catapro,r_2241_ENZ_YGL205W,0.0,6.151693696782035e-06
catapro,r_2242_ENZ_YGL205W,0.0,8.573937446160196e-06
catapro,r_2243_ENZ_YGL205W,0.0,8.573937446160196e-06
catapro,r_2244_ENZ_YGL205W,0.0,8.573937446160196e-06
catapro,r_2245_ENZ_YGL205W,0.0,7.41917146123062e-06
catapro,r_2246_ENZ_YGL205W,0.0,7.41917146123062e-06
catapro,r_2247_ENZ_YGL205W,0.0,7.41917146123062e-06
catapro,r_2248_ENZ_YKR009C,0.0,5.395210801826806e-06
catapro,r_2249_ENZ_YKR009C,0.0,4.682841230942212e-06
catapro,r_2250_ENZ_YKR009C,0.0,7.101868305582626e-06
catapro,r_2251_ENZ_YKR009C,0.0,8.211304259590197e-06
catapro,r_2252_ENZ_YKR009C,0.0,8.210203397960815e-06
catapro,r_2253_ENZ_YKR009C,0.0,3.5701541517914582e-06
catapro,r_2254_ENZ_YKR009C,0.0,5.3587658451967335e-06
catapro,r_2255_ENZ_YKR009C,0.0,6.207287211643473e-06
catapro,r_2256_ENZ_YKR009C,0.0,6.207287211643473e-06
catapro,r_2257_ENZ_YKR009C,0.0,7.377717290970929e-06
catapro,r_2258_ENZ_YKR009C,0.0,6.378193774327849e-06
catapro,r_2259_ENZ_YKR009C,0.0,3.358923067834733e-06
catapro,r_2260_ENZ_YKR009C,0.0,8.573937446160196e-06
catapro,r_2261_ENZ_YKR009C,0.0,8.573937446160196e-06
catapro,r_2262_ENZ_YKR009C,0.0,8.242465714231964e-06
catapro,r_2263_ENZ_YKR009C,0.0,7.41917146123062e-06
catapro,r_2264_ENZ_YKR009C,0.0,7.41917146123062e-06
catapro,r_2265_ENZ_YKR009C,0.0,4.490985550737372e-06
catapro,r_2266_ENZ_YKR009C,0.0,4.490985550737372e-06
catapro,r_2267_ENZ_YKR009C,0.0,5.410433996525891e-06
catapro,r_2268_ENZ_YKR009C,0.0,8.211304259590197e-06
catapro,r_2269_ENZ_YKR009C,0.0,8.210203397960815e-06
catapro,r_2270_ENZ_YKR009C,0.0,3.5701541517914582e-06
catapro,r_2271_ENZ_YKR009C,0.0,5.3587658451967335e-06
catapro,r_2272_ENZ_YKR009C,0.0,6.207287211643473e-06
catapro,r_2273_ENZ_YKR009C,0.0,6.207287211643473e-06
catapro,r_2274_ENZ_YKR009C,0.0,7.377717290970929e-06
catapro,r_2275_ENZ_YKR009C,0.0,6.378193774327849e-06
catapro,r_2276_ENZ_YKR009C,0.0,3.358923067834733e-06
catapro,r_2277_ENZ_YKR009C,0.0,8.573937446160196e-06
catapro,r_2278_ENZ_YKR009C,0.0,8.573937446160196e-06
catapro,r_2279_ENZ_YKR009C,0.0,8.242465714231964e-06
catapro,r_2280_ENZ_YKR009C,0.0,7.41917146123062e-06
catapro,r_2281_ENZ_YKR009C,0.0,7.41917146123062e-06
catapro,r_2282_ENZ_YKR009C,0.0,4.490985550737372e-06
catapro,r_2283_ENZ_YIL160C,0.0,5.3587658451967335e-06
catapro,r_2284_ENZ_YIL160C,0.0,6.207287211643473e-06
catapro,r_2285_ENZ_YIL160C,0.0,6.207287211643473e-06
catapro,r_2286_ENZ_YIL160C,0.0,7.377717290970929e-06
catapro,r_2287_ENZ_YIL160C,0.0,6.378193774327849e-06
catapro,r_2288_ENZ_YIL160C,0.0,3.358923067834733e-06
catapro,r_2289_ENZ_YIL160C,0.0,8.573937446160196e-06
catapro,r_2290_ENZ_YIL160C,0.0,8.573937446160196e-06
catapro,r_2291_ENZ_YIL160C,0.0,8.242465714231964e-06
catapro,r_2292_ENZ_YIL160C,0.0,7.41917146123062e-06
catapro,r_2293_ENZ_YIL160C,0.0,7.41917146123062e-06
catapro,r_2294_ENZ_YIL160C,0.0,4.490985550737372e-06
catapro,r_2295_ENZ_YLR284C,0.0,5.112643032034677e-06
catapro,r_2296_ENZ_YLR284C,0.0,4.680431362881405e-06
catapro,r_2297_ENZ_YLR284C,0.0,6.79981221659784e-06
catapro,r_2298_ENZ_YLR284C,0.0,4.44207188871183e-06
catapro,r_2299_ENZ_YLR284C,0.0,4.44740782508853e-06
catapro,r_2300_ENZ_YLR284C,0.0,5.014865437942778e-06
catapro,r_2301_ENZ_YOR180C,0.0,4.6829203134349006e-06
catapro,r_2302_ENZ_YOR180C,0.0,5.426450726612799e-06
catapro,r_2303_ENZ_YNL202W,0.0,4.680431370591629e-06
catapro,r_2304_ENZ_YNL202W,0.0,4.980123314547105e-06
catapro,r_2305_ENZ_YLR304C_FWD,0.0,0.0010339180969251
catapro,r_2305_ENZ_YLR304C_REV,0.0,6.659821657264158e-05
catapro,r_2308_ENZ_YBL011W,0.0,0.0
catapro,r_2308_ENZ_YKR067W,0.0033494044042273,0.0067674293726921
catapro,r_2309_ENZ_YBL011W,0.0,0.000123892617349
catapro,r_2309_ENZ_YKR067W,0.0,0.0002196297807432
catapro,r_2310_ENZ_YKR067W,0.0008339707680882,0.0017324174344758
catapro,r_2311_ENZ_YKR067W,0.0,5.975197637960849e-05
catapro,r_2312_ENZ_YBL011W,0.0,0.0001392235408332
catapro,r_2312_ENZ_YKR067W,0.0,0.000331281342228
catapro,r_2313_ENZ_YBL011W,0.0,0.0095357944071008
catapro,r_2313_ENZ_YKR067W,0.0,0.0095366012763544
catapro,r_2314_ENZ_YKR067W,0.0,0.0003312813419515
catapro,r_2315_ENZ_YKR067W,0.0,5.092829367932551e-05
catapro,r_2316_ENZ_YKR067W,0.0,6.539620014490204e-05
catapro,r_2317_ENZ_YKR067W,0.0,0.0002168892870475
catapro,r_2318_ENZ_YKR067W,0.0,0.0002788901583724
catapro,r_2319_ENZ_YKR067W,0.0,3.201215453646584e-05
catapro,r_2320_ENZ_YKR067W,0.0,5.530408705500969e-05
catapro,r_2321_ENZ_YKR067W,0.0,0.0078460870934435
catapro,r_2322_ENZ_YKR067W,0.0,0.0001521394747753
catapro,r_2323_ENZ_YKR067W,0.0,1.80263928665848e-05
catapro,r_2324_ENZ_YIL124W,0.0,0.0002502157005739
catapro,r_2325_ENZ_YIL124W,0.0016917831163869,0.0095289975469138
catapro,r_2326_ENZ_YIL124W,0.0,0.0003312813419515
catapro,r_2327_ENZ_YIL124W,0.0,5.092829367932551e-05
catapro,r_2328_ENZ_YIL124W,0.0,5.530408705500969e-05
catapro,r_2329_ENZ_YIL124W,0.0,0.0078460870934435
catapro,r_2330_ENZ_YIL124W,0.0,0.0001521394747753
catapro,r_2331_ENZ_YIL124W,0.0,1.80263928665848e-05
catapro,r_2332_ENZ_YOR175C,0.0036547786774611,0.0056722986216942
catapro,r_2333_ENZ_YDL052C,0.0,4.481098851182715e-05
catapro,r_2333_ENZ_YOR175C,0.0,2.4764970828482745e-05
catapro,r_2334_ENZ_YOR175C,0.0016932447576286,0.002008983441281
catapro,r_2335_ENZ_YDL052C,0.0,0.0078471518982787
catapro,r_2335_ENZ_YOR175C,0.0,0.0001015475656125
catapro,r_2336_ENZ_YOR175C,0.0008658505000288,0.0017297669779355
catapro,r_2337_ENZ_YDL052C,0.0,0.000193717292133
catapro,r_2337_ENZ_YOR175C,0.0,5.150228992047471e-05
catapro,r_2338_ENZ_YOR175C,0.0,5.751740648843289e-05
catapro,r_2339_ENZ_YDL052C,0.0,2.0883825209473352e-05
catapro,r_2339_ENZ_YOR175C,0.0,1.4968334535653244e-05
catapro,r_2340_ENZ_YDL052C,0.0,4.481096129736999e-05
catapro,r_2340_ENZ_YKR089C,0.0,3.410922427658715e-05
catapro,r_2340_ENZ_YOR081C,0.0,3.4109224288005975e-05
catapro,r_2341_ENZ_YDL052C,0.0,0.0077900019866899
catapro,r_2341_ENZ_YKR089C,0.0,0.0001256394259178
catapro,r_2341_ENZ_YOR081C,0.0,0.0001386379922767
catapro,r_2342_ENZ_YDL052C,0.0,0.0002875114089035
catapro,r_2342_ENZ_YKR089C,0.0,7.370889720204055e-05
catapro,r_2342_ENZ_YOR081C,0.0,6.428851542932043e-05
catapro,r_2343_ENZ_YDL052C,0.0,1.938879909496077e-05
catapro,r_2343_ENZ_YKR089C,0.0,1.801514776773352e-05
catapro,r_2343_ENZ_YOR081C,0.0,1.8015147883481207e-05
catapro,r_2344_ENZ_YMR165C,0.0,0.0001373229884729
catapro,r_2345_ENZ_YMR165C,0.0,4.8969395916032e-05
catapro,r_2346_ENZ_YMR165C,0.0016253673667073,0.0019029276170634
catapro,r_2347_ENZ_YMR165C,0.0,6.158479895997538e-05
catapro,r_2348_ENZ_YMR165C,0.0,0.0001103727285384
catapro,r_2349_ENZ_YMR165C,0.0,4.868060207385838e-05
catapro,r_2350_ENZ_YMR165C,0.0,4.8779268303711376e-05
catapro,r_2351_ENZ_YMR165C,0.0,4.609966505908503e-05
catapro,r_2352_ENZ_YDR284C,0.0,0.0
catapro,r_2353_ENZ_YDR284C,0.0,0.0
catapro,r_2354_ENZ_YDR284C,0.0,0.0
catapro,r_2355_ENZ_YDR284C,0.0,0.0
catapro,r_2356_ENZ_YDR284C,0.0,0.0
catapro,r_2357_ENZ_YDR284C,0.0,0.0
catapro,r_2358_ENZ_YDR284C,0.0,0.0
catapro,r_2359_ENZ_YDR284C,0.0,0.0
catapro,r_2360_ENZ_YDR503C,0.0,2.886610249649979e-05
catapro,r_2361_ENZ_YDR503C,0.0,2.444733640238894e-05
catapro,r_2362_ENZ_YDR503C,0.0,4.541766665633416e-05
catapro,r_2363_ENZ_YDR503C,0.0,2.492989500110983e-05
catapro,r_2364_ENZ_YDR503C,0.0,3.0488226348180623e-05
catapro,r_2365_ENZ_YDR503C,0.0,1.8262709209483708e-05
catapro,r_2366_ENZ_YDR503C,0.0,2.2453865303313316e-05
catapro,r_2367_ENZ_YDR503C,0.0,1.6196403567310075e-05
catapro,r_2368_ENZ_YCR048W,0.0,6.23670916923394e-05
catapro,r_2368_ENZ_YNR019W,0.0,8.352293127123273e-05
catapro,r_2368_ENZ_YOR245C,0.0,0.0002384978671034
catapro,r_2369_ENZ_YCR048W,0.0,2.9092668627704292e-05
catapro,r_2369_ENZ_YNR019W,0.0,5.505306617324549e-05
catapro,r_2369_ENZ_YOR245C,0.0,5.7578159105153934e-05
catapro,r_2370_ENZ_YCR048W,0.0,0.0019236598756678
catapro,r_2370_ENZ_YNR019W,0.0,0.0018944124087371
catapro,r_2370_ENZ_YOR245C,0.0,0.0018944124087837
catapro,r_2371_ENZ_YCR048W,0.0,9.914934519058314e-05
catapro,r_2371_ENZ_YNR019W,0.0,0.000103056230008
catapro,r_2371_ENZ_YOR245C,0.0,0.000103056230008
catapro,r_2372_ENZ_YCR048W,0.0,9.983988146202448e-05
catapro,r_2372_ENZ_YNR019W,0.0,0.0002961509195978
catapro,r_2372_ENZ_YOR245C,0.0,0.0001192414853136
catapro,r_2373_ENZ_YCR048W,0.0,3.029940007416576e-05
catapro,r_2373_ENZ_YNR019W,0.0,3.748037879621477e-05
catapro,r_2373_ENZ_YOR245C,0.0,0.0001113918424815
catapro,r_2374_ENZ_YCR048W,0.0,5.862277119828008e-05
catapro,r_2374_ENZ_YNR019W,0.0,8.931934103774321e-05
catapro,r_2374_ENZ_YOR245C,0.0,8.955419374275398e-05
catapro,r_2375_ENZ_YCR048W,0.0,3.900931330394941e-05
catapro,r_2375_ENZ_YNR019W,0.0,5.081539305425717e-05
catapro,r_2375_ENZ_YOR245C,0.0,5.641608244931354e-05
catapro,r_2376_ENZ_YCR048W,0.0,0.0001637247828546
catapro,r_2376_ENZ_YNR019W,0.0,0.0001723095494536
catapro,r_2376_ENZ_YOR245C,0.0,0.0002087109858104
catapro,r_2377_ENZ_YCR048W,0.0,0.0035565161253458
catapro,r_2377_ENZ_YNR019W,0.0,0.0034607831863905
catapro,r_2377_ENZ_YOR245C,0.0,0.0034607831864712
catapro,r_2378_ENZ_YCR048W,0.0,0.0001078223169241
catapro,r_2378_ENZ_YNR019W,0.0,0.0001323638264097
catapro,r_2378_ENZ_YOR245C,0.0,0.0002146917824052
catapro,r_2379_ENZ_YCR048W,0.0,0.0035647977515154
catapro,r_2379_ENZ_YNR019W,0.0,0.0035538631543697
catapro,r_2379_ENZ_YOR245C,0.0,0.0035538631543697
catapro,r_2380_ENZ_YCR048W,0.0,0.0001019849652921
catapro,r_2380_ENZ_YNR019W,0.0,0.0001927437628871
catapro,r_2380_ENZ_YOR245C,0.0,0.0002146857556104
catapro,r_2381_ENZ_YCR048W,0.0,0.0035540725649713
catapro,r_2381_ENZ_YNR019W,0.0,0.0034607831851239
catapro,r_2381_ENZ_YOR245C,0.0,0.0034577777345151
catapro,r_2382_ENZ_YCR048W,0.0,0.0034652534826822
catapro,r_2382_ENZ_YNR019W,0.0,0.0035326812867623
catapro,r_2382_ENZ_YOR245C,0.0,0.0035318248899522
catapro,r_2383_ENZ_YCR048W,0.0,0.0034856707129893
catapro,r_2383_ENZ_YNR019W,0.0,0.0034689147695991
catapro,r_2383_ENZ_YOR245C,0.0,0.0034857273629298
catapro,r_2384_ENZ_YCR048W,0.0,5.632385592431638e-05
catapro,r_2384_ENZ_YNR019W,0.0,0.0001078869916049
catapro,r_2384_ENZ_YOR245C,0.0,7.119573603594867e-05
catapro,r_2385_ENZ_YCR048W,0.0,3.9772989717690166e-05
catapro,r_2385_ENZ_YNR019W,0.0,4.843530664327272e-05
catapro,r_2385_ENZ_YOR245C,0.0,4.982440208217698e-05
catapro,r_2386_ENZ_YCR048W,0.0,0.0008720707756841
catapro,r_2386_ENZ_YNR019W,0.0,0.0008710454541734
catapro,r_2386_ENZ_YOR245C,0.0,0.000871045454121
catapro,r_2387_ENZ_YCR048W,0.0,9.336263177774692e-05
catapro,r_2387_ENZ_YNR019W,0.0,9.000914730459089e-05
catapro,r_2387_ENZ_YOR245C,0.0,9.000914730459249e-05
catapro,r_2388_ENZ_YCR048W,0.0,5.799719481891588e-05
catapro,r_2388_ENZ_YNR019W,0.0,7.885621614919493e-05
catapro,r_2388_ENZ_YOR245C,0.0,8.708283173202097e-05
catapro,r_2389_ENZ_YCR048W,0.0,4.10255269337953e-05
catapro,r_2389_ENZ_YNR019W,0.0,5.052520434789543e-05
catapro,r_2389_ENZ_YOR245C,0.0,5.35011723032594e-05
catapro,r_2390_ENZ_YCR048W,0.0,7.138498363223889e-05
catapro,r_2390_ENZ_YNR019W,0.0,7.157268038782139e-05
catapro,r_2390_ENZ_YOR245C,0.0,7.157268038782139e-05
catapro,r_2391_ENZ_YCR048W,0.0,7.215006800647544e-05
catapro,r_2391_ENZ_YNR019W,0.0,7.479959581258022e-05
catapro,r_2391_ENZ_YOR245C,0.0,7.4799595836339e-05
catapro,r_2392_ENZ_YCR048W,0.0,7.574144469693579e-05
catapro,r_2392_ENZ_YNR019W,0.0,7.199471042952763e-05
catapro,r_2392_ENZ_YOR245C,0.0,7.199471080100803e-05
catapro,r_2393_ENZ_YCR048W,0.0,7.192297658843716e-05
catapro,r_2393_ENZ_YNR019W,0.0,7.302089025083922e-05
catapro,r_2393_ENZ_YOR245C,0.0,7.302089020334943e-05
catapro,r_2394_ENZ_YCR048W,0.0,4.3131441013380834e-05
catapro,r_2394_ENZ_YNR019W,0.0,5.240255607274341e-05
catapro,r_2394_ENZ_YOR245C,0.0,5.4015532796763445e-05
catapro,r_2395_ENZ_YCR048W,0.0,4.352909744875268e-05
catapro,r_2395_ENZ_YNR019W,0.0,5.273603548868518e-05
catapro,r_2395_ENZ_YOR245C,0.0,5.609884458142962e-05
catapro,r_2396_ENZ_YCR048W,0.0,7.302089433931661e-05
catapro,r_2396_ENZ_YNR019W,0.0,7.302089362554946e-05
catapro,r_2396_ENZ_YOR245C,0.0,7.302089358653206e-05
catapro,r_2397_ENZ_YCR048W,0.0,7.302089271900378e-05
catapro,r_2397_ENZ_YNR019W,0.0,7.302089391910587e-05
catapro,r_2397_ENZ_YOR245C,0.0,7.211104569022981e-05
catapro,r_2398_ENZ_YCR048W,0.0,4.55845768982735e-05
catapro,r_2398_ENZ_YNR019W,0.0,5.44163664827485e-05
catapro,r_2398_ENZ_YOR245C,0.0,5.743383537327833e-05
catapro,r_2399_ENZ_YCR048W,0.0,3.661238273321328e-05
catapro,r_2399_ENZ_YNR019W,0.0,4.706553734587591e-05
catapro,r_2399_ENZ_YOR245C,0.0,4.97391973980502e-05
catapro,r_2400_ENZ_YOR245C,0.0,0.0001261698629661
catapro,r_2401_ENZ_YOR245C,0.0,5.936702301571765e-05
catapro,r_2402_ENZ_YOR245C,0.0,0.001923659875739
catapro,r_2403_ENZ_YOR245C,0.0,9.905055076413072e-05
catapro,r_2404_ENZ_YOR245C,0.0,0.000163029764688
catapro,r_2405_ENZ_YOR245C,0.0,5.790867669793485e-05
catapro,r_2406_ENZ_YOR245C,0.0,9.309677691157628e-05
catapro,r_2407_ENZ_YOR245C,0.0,5.422325272060654e-05
catapro,r_2408_ENZ_YOR245C,0.0,0.0003110018380477
catapro,r_2409_ENZ_YOR245C,0.0,0.00346889969947
catapro,r_2410_ENZ_YOR245C,0.0,0.0001474960931174
catapro,r_2411_ENZ_YOR245C,0.0,0.0034827329063566
catapro,r_2412_ENZ_YOR245C,0.0,0.0007576414812894
catapro,r_2413_ENZ_YOR245C,0.0,0.0035647977631184
catapro,r_2414_ENZ_YOR245C,0.0,0.0034607831875349
catapro,r_2415_ENZ_YOR245C,0.0,0.0034673455062159
catapro,r_2416_ENZ_YOR245C,0.0,7.541775757709997e-05
catapro,r_2417_ENZ_YOR245C,0.0,4.9680061706802725e-05
catapro,r_2418_ENZ_YOR245C,0.0,0.0008684570435565
catapro,r_2419_ENZ_YOR245C,0.0,8.986574731119233e-05
catapro,r_2420_ENZ_YOR245C,0.0,8.277215530699589e-05
catapro,r_2421_ENZ_YOR245C,0.0,5.267770199157695e-05
catapro,r_2422_ENZ_YOR245C,0.0,7.178062751308362e-05
catapro,r_2423_ENZ_YOR245C,0.0,7.185222012819764e-05
catapro,r_2424_ENZ_YOR245C,0.0,7.211104547090582e-05
catapro,r_2425_ENZ_YOR245C,0.0,7.19229765257113e-05
catapro,r_2426_ENZ_YOR245C,0.0,5.401553314355375e-05
catapro,r_2427_ENZ_YOR245C,0.0,3.5983167083878265e-05
catapro,r_2428_ENZ_YOR245C,0.0,7.199471086059123e-05
catapro,r_2429_ENZ_YOR245C,0.0,7.192297700975097e-05
catapro,r_2430_ENZ_YOR245C,0.0,5.671820409496042e-05
catapro,r_2431_ENZ_YOR245C,0.0,5.036778700920298e-05
catapro,r_2432_ENZ_YBR029C_FWD,0.0035625721201203,0.005569063021071
catapro,r_2432_ENZ_YBR029C_REV,0.0,0.0
catapro,r_2433_ENZ_YBR029C_FWD,0.0,0.0001710615028228
catapro,r_2433_ENZ_YBR029C_REV,0.0,0.0
catapro,r_2434_ENZ_YBR029C_FWD,0.001122333180215,0.0017361657689172
catapro,r_2434_ENZ_YBR029C_REV,0.0,0.0
catapro,r_2435_ENZ_YBR029C_FWD,0.0,3.89212450723386e-05
catapro,r_2435_ENZ_YBR029C_REV,0.0,0.0
catapro,r_2436_ENZ_YBR029C_FWD,0.0,4.268314664712669e-05
catapro,r_2436_ENZ_YBR029C_REV,0.0,0.0
catapro,r_2437_ENZ_YBR029C_FWD,0.0056974493965956,0.0077976370763624
catapro,r_2437_ENZ_YBR029C_REV,0.0,0.0
catapro,r_2438_ENZ_YBR029C_FWD,0.0,0.0001921669149758
catapro,r_2438_ENZ_YBR029C_REV,0.0,0.0
catapro,r_2439_ENZ_YBR029C_FWD,0.0,2.0884278443532945e-05
catapro,r_2439_ENZ_YBR029C_REV,0.0,0.0
catapro,r_2440_ENZ_YBR029C_FWD,0.0,3.0617076812808604e-05
catapro,r_2440_ENZ_YBR029C_REV,0.0,0.0
catapro,r_2441_ENZ_YBR029C_FWD,0.0,2.643871596136112e-05
catapro,r_2441_ENZ_YBR029C_REV,0.0,0.0
catapro,r_2442_ENZ_YBR029C_FWD,0.0,2.0148304446537144e-05
catapro,r_2442_ENZ_YBR029C_REV,0.0,0.0
catapro,r_2443_ENZ_YBR029C_FWD,0.0,1.6473748454363864e-05
catapro,r_2443_ENZ_YBR029C_REV,0.0,0.0
catapro,r_2444_ENZ_YBR029C_FWD,0.0,2.112449499802085e-05
catapro,r_2444_ENZ_YBR029C_REV,0.0,0.0
catapro,r_2445_ENZ_YBR029C_FWD,0.0,2.721942428093723e-05
catapro,r_2445_ENZ_YBR029C_REV,0.0,0.0
catapro,r_2446_ENZ_YER026C,0.0017337454029755,0.0041315268210321
catapro,r_2447_ENZ_YER026C,0.0,0.0001056316567527
catapro,r_2448_ENZ_YER026C,0.0,0.001735903021175
catapro,r_2449_ENZ_YER026C,0.0,3.892080799275215e-05
catapro,r_2450_ENZ_YER026C,0.0,3.862803018717109e-05
catapro,r_2451_ENZ_YER026C,0.004856613430387,0.0077980206294426
catapro,r_2452_ENZ_YER026C,0.0,0.0002732611243312
catapro,r_2453_ENZ_YER026C,0.0,2.3003582684884948e-05
catapro,r_2454_ENZ_YPR113W,0.0,0.0018832658940802
catapro,r_2455_ENZ_YPR113W,0.0,0.0002596960926848
catapro,r_2456_ENZ_YPR113W,0.0,0.0017273000606385
catapro,r_2457_ENZ_YPR113W,0.0,5.889210443565008e-05
catapro,r_2458_ENZ_YPR113W,0.0,4.082563454358918e-05
catapro,r_2459_ENZ_YPR113W,0.0,0.0001788802602968
catapro,r_2460_ENZ_YPR113W,0.0,7.111429604046277e-05
catapro,r_2461_ENZ_YPR113W,0.0,2.366926275372441e-05
catapro,r_2462_ENZ_YBR042C_FWD,0.0,0.0
catapro,r_2462_ENZ_YBR042C_REV,0.0,0.0
catapro,r_2463_ENZ_YBR042C_FWD,0.0,0.0
catapro,r_2463_ENZ_YBR042C_REV,0.0,0.0
catapro,r_2464_ENZ_YNL169C,0.0,0.0036062592682611
catapro,r_2465_ENZ_YNL169C,0.0,9.661407327321888e-05
catapro,r_2466_ENZ_YNL169C,0.0,0.0010721676543522
catapro,r_2467_ENZ_YNL169C,0.0,5.882573710665029e-05
catapro,r_2468_ENZ_YNL169C,0.0,6.439803811923717e-05
catapro,r_2469_ENZ_YNL169C,0.0,0.0078469887344146
catapro,r_2470_ENZ_YNL169C,0.0,0.0002792297576648
catapro,r_2471_ENZ_YNL169C,0.0,2.08838238447367e-05
catapro,r_2472_ENZ_YGR170W,0.0,0.000415791938483
catapro,r_2473_ENZ_YGR170W,0.0,4.407593905610043e-05
catapro,r_2474_ENZ_YGR170W,0.0,6.60585082478842e-05
catapro,r_2475_ENZ_YGR170W,0.0,2.91052670639458e-05
catapro,r_2476_ENZ_YGR170W,0.0,3.912148129625592e-05
catapro,r_2477_ENZ_YGR170W,0.0,0.0003185965198059
catapro,r_2478_ENZ_YGR170W,0.0,0.0001373366987507
catapro,r_2479_ENZ_YGR170W,0.0,1.853852346567247e-05
catapro,r_2480_ENZ_YGR170W,0.0,0.0035829270764154
catapro,r_2481_ENZ_YGR170W,0.0,6.859830543442386e-05
catapro,r_2482_ENZ_YGR170W,0.0,0.0003095591328382
catapro,r_2483_ENZ_YGR170W,0.0,3.4615854265397394e-05
catapro,r_2484_ENZ_YGR170W,0.0,4.537097908065323e-05
catapro,r_2485_ENZ_YGR170W,0.0,0.0077899618999515
catapro,r_2486_ENZ_YGR170W,0.0,0.0003590456201776
catapro,r_2487_ENZ_YGR170W,0.0,2.0883823707878625e-05
catapro,r_2488_ENZ_YGR157W,0.0,0.003557602550675
catapro,r_2489_ENZ_YGR157W,0.0,0.0072215212614885
catapro,r_2490_ENZ_YGR157W,0.0,0.0006456163336296
catapro,r_2491_ENZ_YGR157W,0.0,3.591895064209766e-05
catapro,r_2492_ENZ_YGR157W,0.0,0.0035576065463755
catapro,r_2493_ENZ_YGR157W,0.0,0.0072292325442284
catapro,r_2494_ENZ_YGR157W,0.0,0.0006098533176813
catapro,r_2495_ENZ_YGR157W,0.0,2.3876602936401062e-05
catapro,r_2496_ENZ_YJR073C,0.0,0.003557615673487
catapro,r_2497_ENZ_YJR073C,0.0,0.0072303741350267
catapro,r_2498_ENZ_YJR073C,0.0,0.0006321066737663
catapro,r_2499_ENZ_YJR073C,0.0,3.591895064209766e-05
catapro,r_2500_ENZ_YJR073C,0.0,0.0035576065463755
catapro,r_2501_ENZ_YJR073C,0.0,0.0072292325442284
catapro,r_2502_ENZ_YJR073C,0.0,0.0006098533176813
catapro,r_2503_ENZ_YJR073C,0.0,2.3876602936401062e-05
catapro,r_2504_ENZ_YJR073C,0.0,0.003557615673487
catapro,r_2505_ENZ_YJR073C,0.0,0.0072303741350267
catapro,r_2506_ENZ_YJR073C,0.0,0.0006321066737663
catapro,r_2507_ENZ_YJR073C,0.0,3.591895064209766e-05
catapro,r_2508_ENZ_YJR073C,0.0,0.0035576065463755
catapro,r_2509_ENZ_YJR073C,0.0,0.0072292325442284
catapro,r_2510_ENZ_YJR073C,0.0,0.0006098533176813
catapro,r_2511_ENZ_YJR073C,0.0,2.3876602936401062e-05
catapro,r_2512_ENZ_YOR311C,0.0,5.0595080951509885e-05
catapro,r_2513_ENZ_YOR311C,0.0,4.806287994013549e-05
catapro,r_2514_ENZ_YOR311C,0.0,4.738965218731295e-05
catapro,r_2515_ENZ_YOR311C,0.0,7.066900367247442e-05
catapro,r_2516_ENZ_YOR311C,0.0,7.235456382526095e-05
catapro,r_2517_ENZ_YOR311C,0.0,7.010647456817676e-05
catapro,r_2518_ENZ_YOR311C,0.0,7.272021226434333e-05
catapro,r_2519_ENZ_YOR311C,0.0,6.709497101198281e-05
catapro,r_2520_ENZ_YHR123W,0.0,0.0
catapro,r_2521_ENZ_YHR123W,0.0,0.0
catapro,r_2522_ENZ_YHR123W,0.0,0.0
catapro,r_2523_ENZ_YHR123W,0.0,0.0
catapro,r_2524_ENZ_YHR123W,0.0,0.0
catapro,r_2525_ENZ_YHR123W,0.0,0.0
catapro,r_2526_ENZ_YHR123W,0.0,0.0
catapro,r_2527_ENZ_YHR123W,0.0,0.0
catapro,r_2528_ENZ_YHR123W,0.0,3.863917436796298e-05
catapro,r_2528_ENZ_YNL130C,0.0,3.922780131487129e-05
catapro,r_2529_ENZ_YHR123W,0.0,3.395004468842444e-05
catapro,r_2529_ENZ_YNL130C,0.0,3.386238997475123e-05
catapro,r_2530_ENZ_YHR123W,0.0,3.18173741151272e-05
catapro,r_2530_ENZ_YNL130C,0.0,3.056090598865952e-05
catapro,r_2531_ENZ_YHR123W,0.0,2.9048126132464123e-05
catapro,r_2531_ENZ_YNL130C,0.0,2.896592466227433e-05
catapro,r_2532_ENZ_YHR123W,0.0,3.9006061166919104e-05
catapro,r_2532_ENZ_YNL130C,0.0,3.906830391344475e-05
catapro,r_2533_ENZ_YHR123W,0.0,2.904885823745979e-05
catapro,r_2533_ENZ_YNL130C,0.0,2.9208127263616023e-05
catapro,r_2534_ENZ_YHR123W,0.0,2.898469248286387e-05
catapro,r_2534_ENZ_YNL130C,0.0,2.8468319905328904e-05
catapro,r_2535_ENZ_YHR123W,0.0,2.7864425739937587e-05
catapro,r_2535_ENZ_YNL130C,0.0,2.7967601835135545e-05
catapro,r_2536_ENZ_YCL004W,0.0,4.658989047672934e-05
catapro,r_2537_ENZ_YCL004W,0.0,3.900844779793773e-05
catapro,r_2538_ENZ_YCL004W,0.0,2.8918975695749197e-05
catapro,r_2539_ENZ_YCL004W,0.0,2.3976374437198287e-05
catapro,r_2540_ENZ_YCL004W,0.0,2.1069778331137464e-05
catapro,r_2541_ENZ_YCL004W,0.0,2.692316068289052e-05
catapro,r_2542_ENZ_YHR100C,0.0,4.658989047672934e-05
catapro,r_2543_ENZ_YHR100C,0.0,3.900844779793773e-05
catapro,r_2544_ENZ_YHR100C,0.0,2.8918975695749197e-05
catapro,r_2545_ENZ_YHR100C,0.0,2.3976374437198287e-05
catapro,r_2546_ENZ_YHR100C,0.0,2.1069778331137464e-05
catapro,r_2547_ENZ_YHR100C,0.0,2.692316068289052e-05
catapro,r_2548_ENZ_YDL142C,0.0,0.0
catapro,r_2549_ENZ_YDL142C,0.0,0.0
catapro,r_2550_ENZ_YDL142C,0.0,0.0
catapro,r_2551_ENZ_YDL142C,0.0,0.0
catapro,r_2552_ENZ_YDL142C,0.0,0.0
catapro,r_2553_ENZ_YDL142C,0.0,0.0
catapro,r_2554_ENZ_YDL142C,0.0,0.0
catapro,r_2555_ENZ_YDL142C,0.0,0.0
catapro,r_2556_ENZ_YDL142C,0.0,0.0
catapro,r_2557_ENZ_YDL142C,0.0,0.0
catapro,r_2558_ENZ_YDL142C,0.0,0.0
catapro,r_2559_ENZ_YDL142C,0.0,0.0
catapro,r_2560_ENZ_YDL142C,0.0,0.0
catapro,r_2561_ENZ_YDL142C,0.0,0.0
catapro,r_2562_ENZ_YDL142C,0.0,0.0
catapro,r_2563_ENZ_YDL142C,0.0,0.0
catapro,r_2564_ENZ_YDL142C,0.0,0.0
catapro,r_2565_ENZ_YDL142C,0.0,0.0
catapro,r_2566_ENZ_YDL142C,0.0,0.0
catapro,r_2567_ENZ_YDL142C,0.0,0.0
catapro,r_2568_ENZ_YDL142C,0.0,0.0
catapro,r_2569_ENZ_YDL142C,0.0,0.0
catapro,r_2570_ENZ_YDL142C,0.0,0.0
catapro,r_2571_ENZ_YDL142C,0.0,0.0
catapro,r_2572_ENZ_YDL142C,0.0,0.0
catapro,r_2573_ENZ_YDL142C,0.0,0.0
catapro,r_2574_ENZ_YDL142C,0.0,0.0
catapro,r_2575_ENZ_YDL142C,0.0,0.0
catapro,r_2576_ENZ_YDL142C,0.0,0.0
catapro,r_2577_ENZ_YDL142C,0.0,0.0
catapro,r_2578_ENZ_YDL142C,0.0,0.0
catapro,r_2579_ENZ_YDL142C,0.0,0.0
catapro,r_2580_ENZ_YDL142C,0.0,0.0
catapro,r_2581_ENZ_YDL142C,0.0,0.0
catapro,r_2582_ENZ_YDL142C,0.0,0.0
catapro,r_2583_ENZ_YDL142C,0.0,0.0
catapro,r_2584_ENZ_YGR110W,0.0,0.0
catapro,r_2585_ENZ_YGR110W,0.0,0.0
catapro,r_2586_ENZ_YGR110W,0.0,0.0
catapro,r_2587_ENZ_YGR110W,0.0,0.0
catapro,r_2588_ENZ_YGR110W,0.0,0.0
catapro,r_2589_ENZ_YGR110W,0.0,0.0
catapro,r_2590_ENZ_YGR110W,0.0,0.0
catapro,r_2591_ENZ_YGR110W,0.0,0.0
catapro,r_2592_ENZ_YGR110W,0.0,0.0
catapro,r_2593_ENZ_YGR110W,0.0,0.0
catapro,r_2594_ENZ_YGR110W,0.0,0.0
catapro,r_2595_ENZ_YGR110W,0.0,0.0
catapro,r_2596_ENZ_YGR110W,0.0,0.0
catapro,r_2597_ENZ_YGR110W,0.0,0.0
catapro,r_2598_ENZ_YGR110W,0.0,0.0
catapro,r_2599_ENZ_YGR110W,0.0,0.0
catapro,r_2600_ENZ_YGR110W,0.0,0.0
catapro,r_2601_ENZ_YGR110W,0.0,0.0
catapro,r_2602_ENZ_YGR110W,0.0,0.0
catapro,r_2603_ENZ_YGR110W,0.0,0.0
catapro,r_2604_ENZ_YGR110W,0.0,0.0
catapro,r_2605_ENZ_YGR110W,0.0,0.0
catapro,r_2606_ENZ_YGR110W,0.0,0.0
catapro,r_2607_ENZ_YGR110W,0.0,0.0
catapro,r_2608_ENZ_YGR110W,0.0,0.0
catapro,r_2609_ENZ_YGR110W,0.0,0.0
catapro,r_2610_ENZ_YGR110W,0.0,0.0
catapro,r_2611_ENZ_YGR110W,0.0,0.0
catapro,r_2612_ENZ_YGR110W,0.0,0.0
catapro,r_2613_ENZ_YGR110W,0.0,0.0
catapro,r_2614_ENZ_YGR110W,0.0,0.0
catapro,r_2615_ENZ_YGR110W,0.0,0.0
catapro,r_2616_ENZ_YGR110W,0.0,0.0
catapro,r_2617_ENZ_YGR110W,0.0,0.0
catapro,r_2618_ENZ_YGR110W,0.0,0.0
catapro,r_2619_ENZ_YGR110W,0.0,0.0
catapro,r_2620_ENZ_YPR140W_FWD,0.0,1000.0
catapro,r_2620_ENZ_YPR140W_REV,0.0,1000.0
catapro,r_2621_ENZ_YPR140W_FWD,0.0,1000.0
catapro,r_2621_ENZ_YPR140W_REV,0.0,1000.0
catapro,r_2622_ENZ_YPR140W_FWD,0.0,1000.0
catapro,r_2622_ENZ_YPR140W_REV,0.0,1000.0
catapro,r_2623_ENZ_YPR140W_FWD,0.0,1000.0
catapro,r_2623_ENZ_YPR140W_REV,0.0,1000.0
catapro,r_2624_ENZ_YPR140W_FWD,0.0,1000.0
catapro,r_2624_ENZ_YPR140W_REV,0.0,1000.0
catapro,r_2625_ENZ_YPR140W_FWD,0.0,1000.0
catapro,r_2625_ENZ_YPR140W_REV,0.0,1000.0
catapro,r_2626_ENZ_YPR140W_FWD,0.0,1000.0
catapro,r_2626_ENZ_YPR140W_REV,0.0,1000.0
catapro,r_2627_ENZ_YPR140W_FWD,0.0,1000.0
catapro,r_2627_ENZ_YPR140W_REV,0.0,1000.0
catapro,r_2628_ENZ_YPR140W_FWD,0.0,1000.0
catapro,r_2628_ENZ_YPR140W_REV,0.0,1000.0
catapro,r_2629_ENZ_YPR140W_FWD,0.0,1000.0
catapro,r_2629_ENZ_YPR140W_REV,0.0,1000.0
catapro,r_2630_ENZ_YPR140W_FWD,0.0,1000.0
catapro,r_2630_ENZ_YPR140W_REV,0.0,1000.0
catapro,r_2631_ENZ_YPR140W_FWD,0.0,1000.0
catapro,r_2631_ENZ_YPR140W_REV,0.0,1000.0
catapro,r_2632_ENZ_YPR140W_FWD,0.0,1000.0
catapro,r_2632_ENZ_YPR140W_REV,0.0,1000.0
catapro,r_2633_ENZ_YPR140W_FWD,0.0,1000.0
catapro,r_2633_ENZ_YPR140W_REV,0.0,1000.0
catapro,r_2634_ENZ_YPR140W_FWD,0.0,1000.0
catapro,r_2634_ENZ_YPR140W_REV,0.0,1000.0
catapro,r_2635_ENZ_YPR140W_FWD,0.0,1000.0
catapro,r_2635_ENZ_YPR140W_REV,0.0,1000.0
catapro,r_2636_ENZ_YPR140W_FWD,0.0,1000.0
catapro,r_2636_ENZ_YPR140W_REV,0.0,1000.0
catapro,r_2637_ENZ_YPR140W_FWD,0.0,1000.0
catapro,r_2637_ENZ_YPR140W_REV,0.0,1000.0
catapro,r_2638_ENZ_YPR140W_FWD,0.0,1000.0
catapro,r_2638_ENZ_YPR140W_REV,0.0,1000.0
catapro,r_2639_ENZ_YPR140W_FWD,0.0,1000.0
catapro,r_2639_ENZ_YPR140W_REV,0.0,1000.0
catapro,r_2640_ENZ_YPR140W_FWD,0.0,1000.0
catapro,r_2640_ENZ_YPR140W_REV,0.0,1000.0
catapro,r_2641_ENZ_YPR140W_FWD,0.0,1000.0
catapro,r_2641_ENZ_YPR140W_REV,0.0,1000.0
catapro,r_2642_ENZ_YPR140W_FWD,0.0,1000.0
catapro,r_2642_ENZ_YPR140W_REV,0.0,1000.0
catapro,r_2643_ENZ_YPR140W_FWD,0.0,1000.0
catapro,r_2643_ENZ_YPR140W_REV,0.0,1000.0
catapro,r_2644_ENZ_YPR140W_FWD,0.0,1000.0
catapro,r_2644_ENZ_YPR140W_REV,0.0,1000.0
catapro,r_2645_ENZ_YPR140W_FWD,0.0,1000.0
catapro,r_2645_ENZ_YPR140W_REV,0.0,1000.0
catapro,r_2646_ENZ_YPR140W_FWD,0.0,1000.0
catapro,r_2646_ENZ_YPR140W_REV,0.0,1000.0
catapro,r_2647_ENZ_YPR140W_FWD,0.0,1000.0
catapro,r_2647_ENZ_YPR140W_REV,0.0,1000.0
catapro,r_2648_ENZ_YPR140W_FWD,0.0,1000.0
catapro,r_2648_ENZ_YPR140W_REV,0.0,1000.0
catapro,r_2649_ENZ_YPR140W_FWD,0.0,1000.0
catapro,r_2649_ENZ_YPR140W_REV,0.0,1000.0
catapro,r_2650_ENZ_YPR140W_FWD,0.0,1000.0
catapro,r_2650_ENZ_YPR140W_REV,0.0,1000.0
catapro,r_2651_ENZ_YPR140W_FWD,0.0,1000.0
catapro,r_2651_ENZ_YPR140W_REV,0.0,1000.0
catapro,r_2652_ENZ_YPR140W_FWD,0.0,1000.0
catapro,r_2652_ENZ_YPR140W_REV,0.0,1000.0
catapro,r_2653_ENZ_YPR140W_FWD,0.0,1000.0
catapro,r_2653_ENZ_YPR140W_REV,0.0,1000.0
catapro,r_2654_ENZ_YPR140W_FWD,0.0,1000.0
catapro,r_2654_ENZ_YPR140W_REV,0.0,1000.0
catapro,r_2655_ENZ_YPR140W_FWD,0.0,1000.0
catapro,r_2655_ENZ_YPR140W_REV,0.0,1000.0
catapro,r_2656_ENZ_YPR140W_FWD,0.0,1000.0
catapro,r_2656_ENZ_YPR140W_REV,0.0,1000.0
catapro,r_2657_ENZ_YPR140W_FWD,0.0,1000.0
catapro,r_2657_ENZ_YPR140W_REV,0.0,1000.0
catapro,r_2658_ENZ_YPR140W_FWD,0.0,1000.0
catapro,r_2658_ENZ_YPR140W_REV,0.0,1000.0
catapro,r_2659_ENZ_YPR140W_FWD,0.0,1000.0
catapro,r_2659_ENZ_YPR140W_REV,0.0,1000.0
catapro,r_2660_ENZ_YPR140W_FWD,0.0,1000.0
catapro,r_2660_ENZ_YPR140W_REV,0.0,1000.0
catapro,r_2661_ENZ_YPR140W_FWD,0.0,1000.0
catapro,r_2661_ENZ_YPR140W_REV,0.0,1000.0
catapro,r_2662_ENZ_YPR140W_FWD,0.0,1000.0
catapro,r_2662_ENZ_YPR140W_REV,0.0,1000.0
catapro,r_2663_ENZ_YPR140W_FWD,0.0,1000.0
catapro,r_2663_ENZ_YPR140W_REV,0.0,1000.0
catapro,r_2664_ENZ_YPR140W_FWD,0.0,1000.0
catapro,r_2664_ENZ_YPR140W_REV,0.0,1000.0
catapro,r_2665_ENZ_YPR140W_FWD,0.0,1000.0
catapro,r_2665_ENZ_YPR140W_REV,0.0,1000.0
catapro,r_2666_ENZ_YPR140W_FWD,0.0,1000.0
catapro,r_2666_ENZ_YPR140W_REV,0.0,1000.0
catapro,r_2667_ENZ_YPR140W_FWD,0.0,1000.0
catapro,r_2667_ENZ_YPR140W_REV,0.0,1000.0
catapro,r_2668_ENZ_YPR140W_FWD,0.0,1000.0
catapro,r_2668_ENZ_YPR140W_REV,0.0,1000.0
catapro,r_2669_ENZ_YPR140W_FWD,0.0,1000.0
catapro,r_2669_ENZ_YPR140W_REV,0.0,1000.0
catapro,r_2670_ENZ_YPR140W_FWD,0.0,1000.0
catapro,r_2670_ENZ_YPR140W_REV,0.0,1000.0
catapro,r_2671_ENZ_YPR140W_FWD,0.0,1000.0
catapro,r_2671_ENZ_YPR140W_REV,0.0,1000.0
catapro,r_2672_ENZ_YPR140W_FWD,0.0,1000.0
catapro,r_2672_ENZ_YPR140W_REV,0.0,1000.0
catapro,r_2673_ENZ_YPR140W_FWD,0.0,1000.0
catapro,r_2673_ENZ_YPR140W_REV,0.0,1000.0
catapro,r_2674_ENZ_YPR140W_FWD,0.0,1000.0
catapro,r_2674_ENZ_YPR140W_REV,0.0,1000.0
catapro,r_2675_ENZ_YPR140W_FWD,0.0,1000.0
catapro,r_2675_ENZ_YPR140W_REV,0.0,1000.0
catapro,r_2676_ENZ_YPR140W_FWD,0.0,1000.0
catapro,r_2676_ENZ_YPR140W_REV,0.0,1000.0
catapro,r_2677_ENZ_YPR140W_FWD,0.0,1000.0
catapro,r_2677_ENZ_YPR140W_REV,0.0,1000.0
catapro,r_2678_ENZ_YPR140W_FWD,0.0,1000.0
catapro,r_2678_ENZ_YPR140W_REV,0.0,1000.0
catapro,r_2679_ENZ_YPR140W_FWD,0.0,1000.0
catapro,r_2679_ENZ_YPR140W_REV,0.0,1000.0
catapro,r_2680_ENZ_YPR140W_FWD,0.0,1000.0
catapro,r_2680_ENZ_YPR140W_REV,0.0,1000.0
catapro,r_2681_ENZ_YPR140W_FWD,0.0,1000.0
catapro,r_2681_ENZ_YPR140W_REV,0.0,1000.0
catapro,r_2682_ENZ_YPR140W_FWD,0.0,1000.0
catapro,r_2682_ENZ_YPR140W_REV,0.0,1000.0
catapro,r_2683_ENZ_YPR140W_FWD,0.0,1000.0
catapro,r_2683_ENZ_YPR140W_REV,0.0,1000.0
catapro,r_2684_ENZ_YPR140W_FWD,0.0,1000.0
catapro,r_2684_ENZ_YPR140W_REV,0.0,1000.0
catapro,r_2685_ENZ_YPR140W_FWD,0.0,1000.0
catapro,r_2685_ENZ_YPR140W_REV,0.0,1000.0
catapro,r_2686_ENZ_YPR140W_FWD,0.0,1000.0
catapro,r_2686_ENZ_YPR140W_REV,0.0,1000.0
catapro,r_2687_ENZ_YPR140W_FWD,0.0,1000.0
catapro,r_2687_ENZ_YPR140W_REV,0.0,1000.0
catapro,r_2688_ENZ_YPR140W_FWD,0.0,1000.0
catapro,r_2688_ENZ_YPR140W_REV,0.0,1000.0
catapro,r_2689_ENZ_YPR140W_FWD,0.0,1000.0
catapro,r_2689_ENZ_YPR140W_REV,0.0,1000.0
catapro,r_2690_ENZ_YPR140W_FWD,0.0,1000.0
catapro,r_2690_ENZ_YPR140W_REV,0.0,1000.0
catapro,r_2691_ENZ_YPR140W_FWD,0.0,1000.0
catapro,r_2691_ENZ_YPR140W_REV,0.0,1000.0
catapro,r_2692_ENZ_YPR140W_FWD,0.0,1000.0
catapro,r_2692_ENZ_YPR140W_REV,0.0,1000.0
catapro,r_2693_ENZ_YPR140W_FWD,0.0,1000.0
catapro,r_2693_ENZ_YPR140W_REV,0.0,1000.0
catapro,r_2694_ENZ_YPR140W_FWD,0.0,1000.0
catapro,r_2694_ENZ_YPR140W_REV,0.0,1000.0
catapro,r_2695_ENZ_YPR140W_FWD,0.0,1000.0
catapro,r_2695_ENZ_YPR140W_REV,0.0,1000.0
catapro,r_2696_ENZ_YPR140W_FWD,0.0,1000.0
catapro,r_2696_ENZ_YPR140W_REV,0.0,1000.0
catapro,r_2697_ENZ_YPR140W_FWD,0.0,1000.0
catapro,r_2697_ENZ_YPR140W_REV,0.0,1000.0
catapro,r_2698_ENZ_YPR140W_FWD,0.0,1000.0
catapro,r_2698_ENZ_YPR140W_REV,0.0,1000.0
catapro,r_2699_ENZ_YPR140W_FWD,0.0,1000.0
catapro,r_2699_ENZ_YPR140W_REV,0.0,1000.0
catapro,r_2700_ENZ_YPR140W_FWD,0.0,1000.0
catapro,r_2700_ENZ_YPR140W_REV,0.0,1000.0
catapro,r_2701_ENZ_YPR140W_FWD,0.0,1000.0
catapro,r_2701_ENZ_YPR140W_REV,0.0,1000.0
catapro,r_2702_ENZ_YPR140W_FWD,0.0,1000.0
catapro,r_2702_ENZ_YPR140W_REV,0.0,1000.0
catapro,r_2703_ENZ_YPR140W_FWD,0.0,1000.0
catapro,r_2703_ENZ_YPR140W_REV,0.0,1000.0
catapro,r_2704_ENZ_YPR140W_FWD,0.0,1000.0
catapro,r_2704_ENZ_YPR140W_REV,0.0,1000.0
catapro,r_2705_ENZ_YPR140W_FWD,0.0,1000.0
catapro,r_2705_ENZ_YPR140W_REV,0.0,1000.0
catapro,r_2706_ENZ_YPR140W_FWD,0.0,1000.0
catapro,r_2706_ENZ_YPR140W_REV,0.0,1000.0
catapro,r_2707_ENZ_YPR140W_FWD,0.0,1000.0
catapro,r_2707_ENZ_YPR140W_REV,0.0,1000.0
catapro,r_2708_ENZ_YPR140W_FWD,0.0,1000.0
catapro,r_2708_ENZ_YPR140W_REV,0.0,1000.0
catapro,r_2709_ENZ_YPR140W_FWD,0.0,1000.0
catapro,r_2709_ENZ_YPR140W_REV,0.0,1000.0
catapro,r_2710_ENZ_YPR140W_FWD,0.0,1000.0
catapro,r_2710_ENZ_YPR140W_REV,0.0,1000.0
catapro,r_2711_ENZ_YPR140W_FWD,0.0,1000.0
catapro,r_2711_ENZ_YPR140W_REV,0.0,1000.0
catapro,r_2712_ENZ_YPR140W_FWD,0.0,1000.0
catapro,r_2712_ENZ_YPR140W_REV,0.0,1000.0
catapro,r_2713_ENZ_YPR140W_FWD,0.0,1000.0
catapro,r_2713_ENZ_YPR140W_REV,0.0,1000.0
catapro,r_2714_ENZ_YPR140W_FWD,0.0,1000.0
catapro,r_2714_ENZ_YPR140W_REV,0.0,1000.0
catapro,r_2715_ENZ_YPR140W_FWD,0.0,1000.0
catapro,r_2715_ENZ_YPR140W_REV,0.0,1000.0
catapro,r_2716_ENZ_YPR140W_FWD,0.0,1000.0
catapro,r_2716_ENZ_YPR140W_REV,0.0,1000.0
catapro,r_2717_ENZ_YPR140W_FWD,0.0,1000.0
catapro,r_2717_ENZ_YPR140W_REV,0.0,1000.0
catapro,r_2718_ENZ_YPR140W_FWD,0.0,1000.0
catapro,r_2718_ENZ_YPR140W_REV,0.0,1000.0
catapro,r_2719_ENZ_YPR140W_FWD,0.0,1000.0
catapro,r_2719_ENZ_YPR140W_REV,0.0,1000.0
catapro,r_2720_ENZ_YPR140W_FWD,0.0,1000.0
catapro,r_2720_ENZ_YPR140W_REV,0.0,1000.0
catapro,r_2721_ENZ_YPR140W_FWD,0.0,1000.0
catapro,r_2721_ENZ_YPR140W_REV,0.0,1000.0
catapro,r_2722_ENZ_YPR140W_FWD,0.0,1000.0
catapro,r_2722_ENZ_YPR140W_REV,0.0,1000.0
catapro,r_2723_ENZ_YPR140W_FWD,0.0,1000.0
catapro,r_2723_ENZ_YPR140W_REV,0.0,1000.0
catapro,r_2724_ENZ_YPR140W_FWD,0.0,1000.0
catapro,r_2724_ENZ_YPR140W_REV,0.0,1000.0
catapro,r_2725_ENZ_YPR140W_FWD,0.0,1000.0
catapro,r_2725_ENZ_YPR140W_REV,0.0,1000.0
catapro,r_2726_ENZ_YPR140W_FWD,0.0,1000.0
catapro,r_2726_ENZ_YPR140W_REV,0.0,1000.0
catapro,r_2727_ENZ_YPR140W_FWD,0.0,1000.0
catapro,r_2727_ENZ_YPR140W_REV,0.0,1000.0
catapro,r_2728_ENZ_YPR140W_FWD,0.0,1000.0
catapro,r_2728_ENZ_YPR140W_REV,0.0,1000.0
catapro,r_2729_ENZ_YPR140W_FWD,0.0,1000.0
catapro,r_2729_ENZ_YPR140W_REV,0.0,1000.0
catapro,r_2730_ENZ_YPR140W_FWD,0.0,1000.0
catapro,r_2730_ENZ_YPR140W_REV,0.0,1000.0
catapro,r_2731_ENZ_YPR140W_FWD,0.0,1000.0
catapro,r_2731_ENZ_YPR140W_REV,0.0,1000.0
catapro,r_2732_ENZ_YPR140W_FWD,0.0,1000.0
catapro,r_2732_ENZ_YPR140W_REV,0.0,1000.0
catapro,r_2733_ENZ_YPR140W_FWD,0.0,1000.0
catapro,r_2733_ENZ_YPR140W_REV,0.0,1000.0
catapro,r_2734_ENZ_YPR140W_FWD,0.0,1000.0
catapro,r_2734_ENZ_YPR140W_REV,0.0,1000.0
catapro,r_2735_ENZ_YPR140W_FWD,0.0,1000.0
catapro,r_2735_ENZ_YPR140W_REV,0.0,1000.0
catapro,r_2736_ENZ_YPR140W_FWD,0.0,1000.0
catapro,r_2736_ENZ_YPR140W_REV,0.0,1000.0
catapro,r_2737_ENZ_YPR140W_FWD,0.0,1000.0
catapro,r_2737_ENZ_YPR140W_REV,0.0,1000.0
catapro,r_2738_ENZ_YPR140W_FWD,0.0,1000.0
catapro,r_2738_ENZ_YPR140W_REV,0.0,1000.0
catapro,r_2739_ENZ_YPR140W_FWD,0.0,1000.0
catapro,r_2739_ENZ_YPR140W_REV,0.0,1000.0
catapro,r_2740_ENZ_YPR140W_FWD,0.0,1000.0
catapro,r_2740_ENZ_YPR140W_REV,0.0,1000.0
catapro,r_2741_ENZ_YPR140W_FWD,0.0,1000.0
catapro,r_2741_ENZ_YPR140W_REV,0.0,1000.0
catapro,r_2742_ENZ_YPR140W_FWD,0.0,1000.0
catapro,r_2742_ENZ_YPR140W_REV,0.0,1000.0
catapro,r_2743_ENZ_YPR140W_FWD,0.0,1000.0
catapro,r_2743_ENZ_YPR140W_REV,0.0,1000.0
catapro,r_2744_ENZ_YPR140W_FWD,0.0,1000.0
catapro,r_2744_ENZ_YPR140W_REV,0.0,1000.0
catapro,r_2745_ENZ_YPR140W_FWD,0.0,1000.0
catapro,r_2745_ENZ_YPR140W_REV,0.0,1000.0
catapro,r_2746_ENZ_YPR140W_FWD,0.0,1000.0
catapro,r_2746_ENZ_YPR140W_REV,0.0,1000.0
catapro,r_2747_ENZ_YPR140W_FWD,0.0,1000.0
catapro,r_2747_ENZ_YPR140W_REV,0.0,1000.0
catapro,r_2748_ENZ_YPR140W_FWD,0.0,1000.0
catapro,r_2748_ENZ_YPR140W_REV,0.0,1000.0
catapro,r_2749_ENZ_YPR140W_FWD,0.0,1000.0
catapro,r_2749_ENZ_YPR140W_REV,0.0,1000.0
catapro,r_2750_ENZ_YPR140W_FWD,0.0,1000.0
catapro,r_2750_ENZ_YPR140W_REV,0.0,1000.0
catapro,r_2751_ENZ_YPR140W_FWD,0.0,1000.0
catapro,r_2751_ENZ_YPR140W_REV,0.0,1000.0
catapro,r_2752_ENZ_YPR140W_FWD,0.0,1000.0
catapro,r_2752_ENZ_YPR140W_REV,0.0,1000.0
catapro,r_2753_ENZ_YPR140W_FWD,0.0,1000.0
catapro,r_2753_ENZ_YPR140W_REV,0.0,1000.0
catapro,r_2754_ENZ_YPR140W_FWD,0.0,1000.0
catapro,r_2754_ENZ_YPR140W_REV,0.0,1000.0
catapro,r_2755_ENZ_YPR140W_FWD,0.0,1000.0
catapro,r_2755_ENZ_YPR140W_REV,0.0,1000.0
catapro,r_2756_ENZ_YPR140W_FWD,0.0,1000.0
catapro,r_2756_ENZ_YPR140W_REV,0.0,1000.0
catapro,r_2757_ENZ_YPR140W_FWD,0.0,1000.0
catapro,r_2757_ENZ_YPR140W_REV,0.0,1000.0
catapro,r_2758_ENZ_YPR140W_FWD,0.0,1000.0
catapro,r_2758_ENZ_YPR140W_REV,0.0,1000.0
catapro,r_2759_ENZ_YPR140W_FWD,0.0,1000.0
catapro,r_2759_ENZ_YPR140W_REV,0.0,1000.0
catapro,r_2760_ENZ_YPR140W_FWD,0.0,1000.0
catapro,r_2760_ENZ_YPR140W_REV,0.0,1000.0
catapro,r_2761_ENZ_YPR140W_FWD,0.0,1000.0
catapro,r_2761_ENZ_YPR140W_REV,0.0,1000.0
catapro,r_2762_ENZ_YPR140W_FWD,0.0,1000.0
catapro,r_2762_ENZ_YPR140W_REV,0.0,1000.0
catapro,r_2763_ENZ_YPR140W_FWD,0.0,1000.0
catapro,r_2763_ENZ_YPR140W_REV,0.0,1000.0
catapro,r_2764_ENZ_YPR140W_FWD,0.0,1000.0
catapro,r_2764_ENZ_YPR140W_REV,0.0,1000.0
catapro,r_2765_ENZ_YPR140W_FWD,0.0,1000.0
catapro,r_2765_ENZ_YPR140W_REV,0.0,1000.0
catapro,r_2766_ENZ_YPR140W_FWD,0.0,1000.0
catapro,r_2766_ENZ_YPR140W_REV,0.0,1000.0
catapro,r_2767_ENZ_YPR140W_FWD,0.0,1000.0
catapro,r_2767_ENZ_YPR140W_REV,0.0,1000.0
catapro,r_2768_ENZ_YPR140W_FWD,0.0,1000.0
catapro,r_2768_ENZ_YPR140W_REV,0.0,1000.0
catapro,r_2769_ENZ_YPR140W_FWD,0.0,1000.0
catapro,r_2769_ENZ_YPR140W_REV,0.0,1000.0
catapro,r_2770_ENZ_YPR140W_FWD,0.0,1000.0
catapro,r_2770_ENZ_YPR140W_REV,0.0,1000.0
catapro,r_2771_ENZ_YPR140W_FWD,0.0,1000.0
catapro,r_2771_ENZ_YPR140W_REV,0.0,1000.0
catapro,r_2772_ENZ_YPR140W_FWD,0.0,1000.0
catapro,r_2772_ENZ_YPR140W_REV,0.0,1000.0
catapro,r_2773_ENZ_YPR140W_FWD,0.0,1000.0
catapro,r_2773_ENZ_YPR140W_REV,0.0,1000.0
catapro,r_2774_ENZ_YPR140W_FWD,0.0,1000.0
catapro,r_2774_ENZ_YPR140W_REV,0.0,1000.0
catapro,r_2775_ENZ_YPR140W_FWD,0.0,1000.0
catapro,r_2775_ENZ_YPR140W_REV,0.0,1000.0
catapro,r_2776_ENZ_YPR140W_FWD,0.0,1000.0
catapro,r_2776_ENZ_YPR140W_REV,0.0,1000.0
catapro,r_2777_ENZ_YPR140W_FWD,0.0,1000.0
catapro,r_2777_ENZ_YPR140W_REV,0.0,1000.0
catapro,r_2778_ENZ_YPR140W_FWD,0.0,1000.0
catapro,r_2778_ENZ_YPR140W_REV,0.0,1000.0
catapro,r_2779_ENZ_YPR140W_FWD,0.0,1000.0
catapro,r_2779_ENZ_YPR140W_REV,0.0,1000.0
catapro,r_2780_ENZ_YPR140W_FWD,0.0,1000.0
catapro,r_2780_ENZ_YPR140W_REV,0.0,1000.0
catapro,r_2781_ENZ_YPR140W_FWD,0.0,1000.0
catapro,r_2781_ENZ_YPR140W_REV,0.0,1000.0
catapro,r_2782_ENZ_YPR140W_FWD,0.0,1000.0
catapro,r_2782_ENZ_YPR140W_REV,0.0,1000.0
catapro,r_2783_ENZ_YPR140W_FWD,0.0,1000.0
catapro,r_2783_ENZ_YPR140W_REV,0.0,1000.0
catapro,r_2784_ENZ_YPR140W_FWD,0.0,1000.0
catapro,r_2784_ENZ_YPR140W_REV,0.0,1000.0
catapro,r_2785_ENZ_YPR140W_FWD,0.0,1000.0
catapro,r_2785_ENZ_YPR140W_REV,0.0,1000.0
catapro,r_2786_ENZ_YPR140W_FWD,0.0,1000.0
catapro,r_2786_ENZ_YPR140W_REV,0.0,1000.0
catapro,r_2787_ENZ_YPR140W_FWD,0.0,1000.0
catapro,r_2787_ENZ_YPR140W_REV,0.0,1000.0
catapro,r_2788_ENZ_YPR140W_FWD,0.0,1000.0
catapro,r_2788_ENZ_YPR140W_REV,0.0,1000.0
catapro,r_2789_ENZ_YPR140W_FWD,0.0,1000.0
catapro,r_2789_ENZ_YPR140W_REV,0.0,1000.0
catapro,r_2790_ENZ_YPR140W_FWD,0.0,1000.0
catapro,r_2790_ENZ_YPR140W_REV,0.0,1000.0
catapro,r_2791_ENZ_YPR140W_FWD,0.0,1000.0
catapro,r_2791_ENZ_YPR140W_REV,0.0,1000.0
catapro,r_2792_ENZ_YPR140W_FWD,0.0,1000.0
catapro,r_2792_ENZ_YPR140W_REV,0.0,1000.0
catapro,r_2793_ENZ_YPR140W_FWD,0.0,1000.0
catapro,r_2793_ENZ_YPR140W_REV,0.0,1000.0
catapro,r_2794_ENZ_YPR140W_FWD,0.0,1000.0
catapro,r_2794_ENZ_YPR140W_REV,0.0,1000.0
catapro,r_2795_ENZ_YPR140W_FWD,0.0,1000.0
catapro,r_2795_ENZ_YPR140W_REV,0.0,1000.0
catapro,r_2796_ENZ_YPR140W_FWD,0.0,1000.0
catapro,r_2796_ENZ_YPR140W_REV,0.0,1000.0
catapro,r_2797_ENZ_YPR140W_FWD,0.0,1000.0
catapro,r_2797_ENZ_YPR140W_REV,0.0,1000.0
catapro,r_2798_ENZ_YPR140W_FWD,0.0,1000.0
catapro,r_2798_ENZ_YPR140W_REV,0.0,1000.0
catapro,r_2799_ENZ_YPR140W_FWD,0.0,1000.0
catapro,r_2799_ENZ_YPR140W_REV,0.0,1000.0
catapro,r_2800_ENZ_YPR140W_FWD,0.0,1000.0
catapro,r_2800_ENZ_YPR140W_REV,0.0,1000.0
catapro,r_2801_ENZ_YPR140W_FWD,0.0,1000.0
catapro,r_2801_ENZ_YPR140W_REV,0.0,1000.0
catapro,r_2802_ENZ_YPR140W_FWD,0.0,1000.0
catapro,r_2802_ENZ_YPR140W_REV,0.0,1000.0
catapro,r_2803_ENZ_YPR140W_FWD,0.0,1000.0
catapro,r_2803_ENZ_YPR140W_REV,0.0,1000.0
catapro,r_2804_ENZ_YPR140W_FWD,0.0,1000.0
catapro,r_2804_ENZ_YPR140W_REV,0.0,1000.0
catapro,r_2805_ENZ_YPR140W_FWD,0.0,1000.0
catapro,r_2805_ENZ_YPR140W_REV,0.0,1000.0
catapro,r_2806_ENZ_YPR140W_FWD,0.0,1000.0
catapro,r_2806_ENZ_YPR140W_REV,0.0,1000.0
catapro,r_2807_ENZ_YPR140W_FWD,0.0,1000.0
catapro,r_2807_ENZ_YPR140W_REV,0.0,1000.0
catapro,r_2808_ENZ_YPR140W_FWD,0.0,1000.0
catapro,r_2808_ENZ_YPR140W_REV,0.0,1000.0
catapro,r_2809_ENZ_YPR140W_FWD,0.0,1000.0
catapro,r_2809_ENZ_YPR140W_REV,0.0,1000.0
catapro,r_2810_ENZ_YPR140W_FWD,0.0,1000.0
catapro,r_2810_ENZ_YPR140W_REV,0.0,1000.0
catapro,r_2811_ENZ_YPR140W_FWD,0.0,1000.0
catapro,r_2811_ENZ_YPR140W_REV,0.0,1000.0
catapro,r_2812,0.0,0.0
catapro,r_2813,0.0,0.0
catapro,r_2814,0.0,0.0
catapro,r_2815,0.0,0.0
catapro,r_2816,0.0,0.0
catapro,r_2817,0.0,0.0
catapro,r_2818,0.0,0.0
catapro,r_2819,0.0,0.0
catapro,r_2820_ENZ_YJL100W,0.0,0.0001119509984466
catapro,r_2820_ENZ_YLR305C,0.0,0.0001119506509856
catapro,r_2821_ENZ_YJL100W,0.0,0.0001225003626474
catapro,r_2821_ENZ_YLR305C,0.0,0.0001119505197268
catapro,r_2822_ENZ_YJL100W,0.0,0.0001111366628663
catapro,r_2822_ENZ_YLR305C,0.0,0.0001128597203297
catapro,r_2823_ENZ_YJL100W,0.0,0.0001128428482228
catapro,r_2823_ENZ_YLR305C,0.0,0.0001638093837333
catapro,r_2824_ENZ_YJL100W,0.0,0.0001617654074436
catapro,r_2824_ENZ_YLR305C,0.0,0.0001634896080919
catapro,r_2825_ENZ_YJL100W,0.0,0.0001608737795342
catapro,r_2825_ENZ_YLR305C,0.0,0.0001638093838201
catapro,r_2826_ENZ_YJL100W,0.0,8.094918053858091e-05
catapro,r_2826_ENZ_YLR305C,0.0,9.17625177452308e-05
catapro,r_2827_ENZ_YJL100W,0.0,0.000169298331742
catapro,r_2827_ENZ_YLR305C,0.0,0.0001638093828328
catapro,r_2828_ENZ_YJL100W,0.0,0.0
catapro,r_2829_ENZ_YJL100W,0.0,0.0
catapro,r_2830_ENZ_YJL100W,0.0,0.0
catapro,r_2831_ENZ_YJL100W,0.0,0.0
catapro,r_2832_ENZ_YJL100W,0.0,0.0
catapro,r_2833_ENZ_YJL100W,0.0,0.0
catapro,r_2834_ENZ_YJL100W,0.0,0.0
catapro,r_2835_ENZ_YJL100W,0.0,0.0
catapro,r_2836_ENZ_YDR373W_and_YNL267W,0.0,0.0001610470856542
catapro,r_2837_ENZ_YDR373W_and_YNL267W,0.0,0.0001610470856542
catapro,r_2838_ENZ_YDR373W_and_YNL267W,0.0,0.0001610470856542
catapro,r_2839_ENZ_YDR373W_and_YNL267W,0.0,0.0001610470856542
catapro,r_2840_ENZ_YDR373W_and_YNL267W,0.0,0.0001610470856542
catapro,r_2841_ENZ_YDR373W_and_YNL267W,0.0,0.0001610470856542
catapro,r_2842_ENZ_YDR373W_and_YNL267W,0.0,0.0001035900238992
catapro,r_2843_ENZ_YDR373W_and_YNL267W,0.0,0.0001610470856542
catapro,r_2844_ENZ_YNL267W,0.0,8.04368901619057e-05
catapro,r_2845_ENZ_YNL267W,0.0,8.517685287134924e-05
catapro,r_2846_ENZ_YNL267W,0.0,8.190469164093273e-05
catapro,r_2847_ENZ_YNL267W,0.0,8.509497918485209e-05
catapro,r_2848_ENZ_YNL267W,0.0,8.088270315309565e-05
catapro,r_2849_ENZ_YNL267W,0.0,8.109420125598787e-05
catapro,r_2850_ENZ_YNL267W,0.0,3.250810477783972e-05
catapro,r_2851_ENZ_YNL267W,0.0,8.198656487284905e-05
catapro,r_2852_ENZ_YBR097W_and_YLR240W,0.0,0.0001638093836406
catapro,r_2852_ENZ_YBR097W_and_YLR240W_and_YBR128C_and_YPL120W_and_YLR211C,0.0,0.0001617654065544
catapro,r_2852_ENZ_YBR097W_and_YLR240W_and_YPL120W_and_YLR360W,0.0,0.0001617654065544
catapro,r_2853_ENZ_YBR097W_and_YLR240W,0.0,0.0001638093823547
catapro,r_2853_ENZ_YBR097W_and_YLR240W_and_YBR128C_and_YPL120W_and_YLR211C,0.0,0.000168568976043
catapro,r_2853_ENZ_YBR097W_and_YLR240W_and_YPL120W_and_YLR360W,0.0,0.0001685689760249
catapro,r_2854_ENZ_YBR097W_and_YLR240W,0.0,0.0001621884016504
catapro,r_2854_ENZ_YBR097W_and_YLR240W_and_YBR128C_and_YPL120W_and_YLR211C,0.0,0.0001638093821378
catapro,r_2854_ENZ_YBR097W_and_YLR240W_and_YPL120W_and_YLR360W,0.0,0.0001638093821378
catapro,r_2855_ENZ_YBR097W_and_YLR240W,0.0,0.0001621884019811
catapro,r_2855_ENZ_YBR097W_and_YLR240W_and_YBR128C_and_YPL120W_and_YLR211C,0.0,0.0001638093835794
catapro,r_2855_ENZ_YBR097W_and_YLR240W_and_YPL120W_and_YLR360W,0.0,0.0001638093836064
catapro,r_2856_ENZ_YBR097W_and_YLR240W,0.0,0.0001634896070571
catapro,r_2856_ENZ_YBR097W_and_YLR240W_and_YBR128C_and_YPL120W_and_YLR211C,0.0,0.0001639731311771
catapro,r_2856_ENZ_YBR097W_and_YLR240W_and_YPL120W_and_YLR360W,0.0,0.0001639731311771
catapro,r_2857_ENZ_YBR097W_and_YLR240W,0.0,0.0001706153599534
catapro,r_2857_ENZ_YBR097W_and_YLR240W_and_YBR128C_and_YPL120W_and_YLR211C,0.0,0.0001634896080613
catapro,r_2857_ENZ_YBR097W_and_YLR240W_and_YPL120W_and_YLR360W,0.0,0.0001634896080613
catapro,r_2858_ENZ_YBR097W_and_YLR240W,0.0,7.070796313557448e-05
catapro,r_2858_ENZ_YBR097W_and_YLR240W_and_YBR128C_and_YPL120W_and_YLR211C,0.0,6.168935221628757e-05
catapro,r_2858_ENZ_YBR097W_and_YLR240W_and_YPL120W_and_YLR360W,0.0,5.979215965545848e-05
catapro,r_2859_ENZ_YBR097W_and_YLR240W,0.0,7.008212784487267e-05
catapro,r_2859_ENZ_YBR097W_and_YLR240W_and_YBR128C_and_YPL120W_and_YLR211C,0.0,5.790689079443467e-05
catapro,r_2859_ENZ_YBR097W_and_YLR240W_and_YPL120W_and_YLR360W,0.0,5.8928714699924e-05
catapro,r_2860_ENZ_YDR208W,0.0,8.04368901619057e-05
catapro,r_2861_ENZ_YDR208W,0.0,8.517685287134924e-05
catapro,r_2862_ENZ_YDR208W,0.0,8.190469164093273e-05
catapro,r_2863_ENZ_YDR208W,0.0,8.509497918485209e-05
catapro,r_2864_ENZ_YDR208W,0.0,8.088270315309565e-05
catapro,r_2865_ENZ_YDR208W,0.0,8.109420125598787e-05
catapro,r_2866_ENZ_YDR208W,0.0,3.250810477783972e-05
catapro,r_2867_ENZ_YDR208W,0.0,8.198656487284905e-05
catapro,r_2868_ENZ_YDR208W,0.0,0.0001047533704148
catapro,r_2869_ENZ_YDR208W,0.0,0.000112843361288
catapro,r_2870_ENZ_YDR208W,0.0,0.0001128610833016
catapro,r_2871_ENZ_YDR208W,0.0,0.0001111352145271
catapro,r_2872_ENZ_YDR208W,0.0,0.0001201228413449
catapro,r_2873_ENZ_YDR208W,0.0,0.0001225003626341
catapro,r_2874_ENZ_YDR208W,0.0,3.1070795880161484e-05
catapro,r_2875_ENZ_YDR208W,0.0,0.0001621884025974
catapro,r_2876_ENZ_YFR019W,0.0,0.0001100206388974
catapro,r_2877_ENZ_YFR019W,0.0,0.0001100206402737
catapro,r_2878_ENZ_YFR019W,0.0,0.0001089319265759
catapro,r_2879_ENZ_YFR019W,0.0,0.0001089319265256
catapro,r_2880_ENZ_YFR019W,0.0,0.0001100206382282
catapro,r_2881_ENZ_YFR019W,0.0,0.0001129332637498
catapro,r_2882_ENZ_YFR019W,0.0,0.0001100206409118
catapro,r_2883_ENZ_YFR019W,0.0,0.0001143060787045
catapro,r_2884_ENZ_YNR008W_FWD,0.0,1000.0
catapro,r_2884_ENZ_YNR008W_REV,0.0,1000.0
catapro,r_2885_ENZ_YNR008W_FWD,0.0,1000.0
catapro,r_2885_ENZ_YNR008W_REV,0.0,1000.0
catapro,r_2886_ENZ_YNR008W_FWD,0.0,1000.0
catapro,r_2886_ENZ_YNR008W_REV,0.0,1000.0
catapro,r_2887_ENZ_YNR008W_FWD,0.0,1000.0
catapro,r_2887_ENZ_YNR008W_REV,0.0,1000.0
catapro,r_2888_ENZ_YNR008W_FWD,0.0,1000.0
catapro,r_2888_ENZ_YNR008W_REV,0.0,1000.0
catapro,r_2889_ENZ_YNR008W_FWD,0.0,1000.0
catapro,r_2889_ENZ_YNR008W_REV,0.0,1000.0
catapro,r_2890_ENZ_YNR008W_FWD,0.0,1000.0
catapro,r_2890_ENZ_YNR008W_REV,0.0,1000.0
catapro,r_2891_ENZ_YNR008W_FWD,0.0,1000.0
catapro,r_2891_ENZ_YNR008W_REV,0.0,1000.0
catapro,r_2892_ENZ_YNR008W_FWD,0.0,1000.0
catapro,r_2892_ENZ_YNR008W_REV,0.0,1000.0
catapro,r_2893_ENZ_YNR008W_FWD,0.0,1000.0
catapro,r_2893_ENZ_YNR008W_REV,0.0,1000.0
catapro,r_2894_ENZ_YNR008W_FWD,0.0,1000.0
catapro,r_2894_ENZ_YNR008W_REV,0.0,1000.0
catapro,r_2895_ENZ_YNR008W_FWD,0.0,1000.0
catapro,r_2895_ENZ_YNR008W_REV,0.0,1000.0
catapro,r_2896_ENZ_YNR008W_FWD,0.0,1000.0
catapro,r_2896_ENZ_YNR008W_REV,0.0,1000.0
catapro,r_2897_ENZ_YNR008W_FWD,0.0,1000.0
catapro,r_2897_ENZ_YNR008W_REV,0.0,1000.0
catapro,r_2898_ENZ_YNR008W_FWD,0.0,1000.0
catapro,r_2898_ENZ_YNR008W_REV,0.0,1000.0
catapro,r_2899_ENZ_YNR008W_FWD,0.0,1000.0
catapro,r_2899_ENZ_YNR008W_REV,0.0,1000.0
catapro,r_2900_ENZ_YNR008W_FWD,0.0,1000.0
catapro,r_2900_ENZ_YNR008W_REV,0.0,1000.0
catapro,r_2901_ENZ_YNR008W_FWD,0.0,1000.0
catapro,r_2901_ENZ_YNR008W_REV,0.0,1000.0
catapro,r_2902_ENZ_YNR008W_FWD,0.0,1000.0
catapro,r_2902_ENZ_YNR008W_REV,0.0,1000.0
catapro,r_2903_ENZ_YNR008W_FWD,0.0,1000.0
catapro,r_2903_ENZ_YNR008W_REV,0.0,1000.0
catapro,r_2904_ENZ_YNR008W_FWD,0.0,1000.0
catapro,r_2904_ENZ_YNR008W_REV,0.0,1000.0
catapro,r_2905_ENZ_YNR008W_FWD,0.0,1000.0
catapro,r_2905_ENZ_YNR008W_REV,0.0,1000.0
catapro,r_2906_ENZ_YNR008W_FWD,0.0,1000.0
catapro,r_2906_ENZ_YNR008W_REV,0.0,1000.0
catapro,r_2907_ENZ_YNR008W_FWD,0.0,1000.0
catapro,r_2907_ENZ_YNR008W_REV,0.0,1000.0
catapro,r_2908_ENZ_YNR008W_FWD,0.0,1000.0
catapro,r_2908_ENZ_YNR008W_REV,0.0,1000.0
catapro,r_2909_ENZ_YNR008W_FWD,0.0,1000.0
catapro,r_2909_ENZ_YNR008W_REV,0.0,1000.0
catapro,r_2910_ENZ_YNR008W_FWD,0.0,1000.0
catapro,r_2910_ENZ_YNR008W_REV,0.0,1000.0
catapro,r_2911_ENZ_YNR008W_FWD,0.0,1000.0
catapro,r_2911_ENZ_YNR008W_REV,0.0,1000.0
catapro,r_2912_ENZ_YNR008W_FWD,0.0,1000.0
catapro,r_2912_ENZ_YNR008W_REV,0.0,1000.0
catapro,r_2913_ENZ_YNR008W_FWD,0.0,1000.0
catapro,r_2913_ENZ_YNR008W_REV,0.0,1000.0
catapro,r_2914_ENZ_YNR008W_FWD,0.0,1000.0
catapro,r_2914_ENZ_YNR008W_REV,0.0,1000.0
catapro,r_2915_ENZ_YNR008W_FWD,0.0,1000.0
catapro,r_2915_ENZ_YNR008W_REV,0.0,1000.0
catapro,r_2916_ENZ_YNR008W_FWD,0.0,1000.0
catapro,r_2916_ENZ_YNR008W_REV,0.0,1000.0
catapro,r_2917_ENZ_YNR008W_FWD,0.0,1000.0
catapro,r_2917_ENZ_YNR008W_REV,0.0,1000.0
catapro,r_2918_ENZ_YNR008W_FWD,0.0,1000.0
catapro,r_2918_ENZ_YNR008W_REV,0.0,1000.0
catapro,r_2919_ENZ_YNR008W_FWD,0.0,1000.0
catapro,r_2919_ENZ_YNR008W_REV,0.0,1000.0
catapro,r_2920_ENZ_YNR008W_FWD,0.0,1000.0
catapro,r_2920_ENZ_YNR008W_REV,0.0,1000.0
catapro,r_2921_ENZ_YNR008W_FWD,0.0,1000.0
catapro,r_2921_ENZ_YNR008W_REV,0.0,1000.0
catapro,r_2922_ENZ_YNR008W_FWD,0.0,1000.0
catapro,r_2922_ENZ_YNR008W_REV,0.0,1000.0
catapro,r_2923_ENZ_YNR008W_FWD,0.0,1000.0
catapro,r_2923_ENZ_YNR008W_REV,0.0,1000.0
catapro,r_2924_ENZ_YNR008W_FWD,0.0,1000.0
catapro,r_2924_ENZ_YNR008W_REV,0.0,1000.0
catapro,r_2925_ENZ_YNR008W_FWD,0.0,1000.0
catapro,r_2925_ENZ_YNR008W_REV,0.0,1000.0
catapro,r_2926_ENZ_YNR008W_FWD,0.0,1000.0
catapro,r_2926_ENZ_YNR008W_REV,0.0,1000.0
catapro,r_2927_ENZ_YNR008W_FWD,0.0,1000.0
catapro,r_2927_ENZ_YNR008W_REV,0.0,1000.0
catapro,r_2928_ENZ_YNR008W_FWD,0.0,1000.0
catapro,r_2928_ENZ_YNR008W_REV,0.0,1000.0
catapro,r_2929_ENZ_YNR008W_FWD,0.0,1000.0
catapro,r_2929_ENZ_YNR008W_REV,0.0,1000.0
catapro,r_2930_ENZ_YNR008W_FWD,0.0,1000.0
catapro,r_2930_ENZ_YNR008W_REV,0.0,1000.0
catapro,r_2931_ENZ_YNR008W_FWD,0.0,1000.0
catapro,r_2931_ENZ_YNR008W_REV,0.0,1000.0
catapro,r_2932_ENZ_YNR008W_FWD,0.0,1000.0
catapro,r_2932_ENZ_YNR008W_REV,0.0,1000.0
catapro,r_2933_ENZ_YNR008W_FWD,0.0,1000.0
catapro,r_2933_ENZ_YNR008W_REV,0.0,1000.0
catapro,r_2934_ENZ_YNR008W_FWD,0.0,1000.0
catapro,r_2934_ENZ_YNR008W_REV,0.0,1000.0
catapro,r_2935_ENZ_YNR008W_FWD,0.0,1000.0
catapro,r_2935_ENZ_YNR008W_REV,0.0,1000.0
catapro,r_2936_ENZ_YNR008W_FWD,0.0,1000.0
catapro,r_2936_ENZ_YNR008W_REV,0.0,1000.0
catapro,r_2937_ENZ_YNR008W_FWD,0.0,1000.0
catapro,r_2937_ENZ_YNR008W_REV,0.0,1000.0
catapro,r_2938_ENZ_YNR008W_FWD,0.0,1000.0
catapro,r_2938_ENZ_YNR008W_REV,0.0,1000.0
catapro,r_2939_ENZ_YNR008W_FWD,0.0,1000.0
catapro,r_2939_ENZ_YNR008W_REV,0.0,1000.0
catapro,r_2940_ENZ_YNR008W_FWD,0.0,1000.0
catapro,r_2940_ENZ_YNR008W_REV,0.0,1000.0
catapro,r_2941_ENZ_YNR008W_FWD,0.0,1000.0
catapro,r_2941_ENZ_YNR008W_REV,0.0,1000.0
catapro,r_2942_ENZ_YNR008W_FWD,0.0,1000.0
catapro,r_2942_ENZ_YNR008W_REV,0.0,1000.0
catapro,r_2943_ENZ_YNR008W_FWD,0.0,1000.0
catapro,r_2943_ENZ_YNR008W_REV,0.0,1000.0
catapro,r_2944_ENZ_YNR008W_FWD,0.0,1000.0
catapro,r_2944_ENZ_YNR008W_REV,0.0,1000.0
catapro,r_2945_ENZ_YNR008W_FWD,0.0,1000.0
catapro,r_2945_ENZ_YNR008W_REV,0.0,1000.0
catapro,r_2946_ENZ_YNR008W_FWD,0.0,1000.0
catapro,r_2946_ENZ_YNR008W_REV,0.0,1000.0
catapro,r_2947_ENZ_YNR008W_FWD,0.0,1000.0
catapro,r_2947_ENZ_YNR008W_REV,0.0,1000.0
catapro,r_2948_ENZ_YNR008W_FWD,0.0,1000.0
catapro,r_2948_ENZ_YNR008W_REV,0.0,1000.0
catapro,r_2949_ENZ_YNR008W_FWD,0.0,0.0014431159784246
catapro,r_2949_ENZ_YNR008W_REV,0.0,0.0009918738792586
catapro,r_2950_ENZ_YNR008W_FWD,0.0,0.0020627433976695
catapro,r_2950_ENZ_YNR008W_REV,0.0,0.0007141623340854
catapro,r_2951_ENZ_YNR008W_FWD,0.0,0.0014848885212221
catapro,r_2951_ENZ_YNR008W_REV,0.0,0.0008228036032706
catapro,r_2952_ENZ_YNR008W_FWD,0.0,1000.0
catapro,r_2952_ENZ_YNR008W_REV,0.0,1000.0
catapro,r_2953_ENZ_YNR008W_FWD,0.0,1000.0
catapro,r_2953_ENZ_YNR008W_REV,0.0,1000.0
catapro,r_2954_ENZ_YNR008W_FWD,0.0,1000.0
catapro,r_2954_ENZ_YNR008W_REV,0.0,1000.0
catapro,r_2955_ENZ_YNR008W_FWD,0.0,1000.0
catapro,r_2955_ENZ_YNR008W_REV,0.0,1000.0
catapro,r_2956_ENZ_YNR008W_FWD,0.0,1000.0
catapro,r_2956_ENZ_YNR008W_REV,0.0,1000.0
catapro,r_2957_ENZ_YNR008W_FWD,0.0,0.0014288355936974
catapro,r_2957_ENZ_YNR008W_REV,0.0,0.0011316380476486
catapro,r_2958_ENZ_YNR008W_FWD,0.0,0.0021701686284779
catapro,r_2958_ENZ_YNR008W_REV,0.0,0.001085964284551
catapro,r_2959_ENZ_YNR008W_FWD,0.0,0.00148249299003
catapro,r_2959_ENZ_YNR008W_REV,0.0,0.0010888039382305
catapro,r_2960_ENZ_YNR008W_FWD,0.0,1000.0
catapro,r_2960_ENZ_YNR008W_REV,0.0,1000.0
catapro,r_2961_ENZ_YNR008W_FWD,0.0,0.0011903408952156
catapro,r_2961_ENZ_YNR008W_REV,0.0,0.0009810780545296
catapro,r_2962_ENZ_YNR008W_FWD,0.0,0.0017356806197461
catapro,r_2962_ENZ_YNR008W_REV,0.0,0.0007950494348096
catapro,r_2963_ENZ_YNR008W_FWD,0.0,0.0010051487793382
catapro,r_2963_ENZ_YNR008W_REV,0.0,0.0008228036035148
catapro,r_2964_ENZ_YNR008W_FWD,0.0,1000.0
catapro,r_2964_ENZ_YNR008W_REV,0.0,1000.0
catapro,r_2965_ENZ_YNR008W_FWD,0.0,0.0014288355726464
catapro,r_2965_ENZ_YNR008W_REV,0.0,0.000979495308748
catapro,r_2966_ENZ_YNR008W_FWD,0.0,0.0020681371818288
catapro,r_2966_ENZ_YNR008W_REV,0.0,0.0007093512283027
catapro,r_2967_ENZ_YNR008W_FWD,0.0,0.0015036238383085
catapro,r_2967_ENZ_YNR008W_REV,0.0,0.0008228036040515
catapro,r_2968_ENZ_YNR008W_FWD,0.0,1000.0
catapro,r_2968_ENZ_YNR008W_REV,0.0,1000.0
catapro,r_2969_ENZ_YNR008W_FWD,0.0,1000.0
catapro,r_2969_ENZ_YNR008W_REV,0.0,1000.0
catapro,r_2970_ENZ_YNR008W_FWD,0.0,1000.0
catapro,r_2970_ENZ_YNR008W_REV,0.0,1000.0
catapro,r_2971_ENZ_YNR008W_FWD,0.0,1000.0
catapro,r_2971_ENZ_YNR008W_REV,0.0,1000.0
catapro,r_2972_ENZ_YNR008W_FWD,0.0,1000.0
catapro,r_2972_ENZ_YNR008W_REV,0.0,1000.0
catapro,r_2973_ENZ_YNR008W_FWD,0.0,1000.0
catapro,r_2973_ENZ_YNR008W_REV,0.0,1000.0
catapro,r_2974_ENZ_YNR008W_FWD,0.0,1000.0
catapro,r_2974_ENZ_YNR008W_REV,0.0,1000.0
catapro,r_2975_ENZ_YNR008W_FWD,0.0,1000.0
catapro,r_2975_ENZ_YNR008W_REV,0.0,1000.0
catapro,r_2976_ENZ_YNR008W_FWD,0.0,1000.0
catapro,r_2976_ENZ_YNR008W_REV,0.0,1000.0
catapro,r_2977_ENZ_YNR008W_FWD,0.0,0.0011872576733724
catapro,r_2977_ENZ_YNR008W_REV,0.0,0.0009810780490645
catapro,r_2978_ENZ_YNR008W_FWD,0.0,0.0017311538849654
catapro,r_2978_ENZ_YNR008W_REV,0.0,0.0006807340219686
catapro,r_2979_ENZ_YNR008W_FWD,0.0,0.000653525986442
catapro,r_2979_ENZ_YNR008W_REV,0.0,0.0008206576926335
catapro,r_2980_ENZ_YNR008W_FWD,0.0,1000.0
catapro,r_2980_ENZ_YNR008W_REV,0.0,1000.0
catapro,r_2981_ENZ_YNR008W_FWD,0.0,1000.0
catapro,r_2981_ENZ_YNR008W_REV,0.0,1000.0
catapro,r_2982_ENZ_YNR008W_FWD,0.0,1000.0
catapro,r_2982_ENZ_YNR008W_REV,0.0,1000.0
catapro,r_2983_ENZ_YNR008W_FWD,0.0,1000.0
catapro,r_2983_ENZ_YNR008W_REV,0.0,1000.0
catapro,r_2984_ENZ_YNR008W_FWD,0.0,1000.0
catapro,r_2984_ENZ_YNR008W_REV,0.0,1000.0
catapro,r_2985_ENZ_YNR008W_FWD,0.0,1000.0
catapro,r_2985_ENZ_YNR008W_REV,0.0,1000.0
catapro,r_2986_ENZ_YNR008W_FWD,0.0,1000.0
catapro,r_2986_ENZ_YNR008W_REV,0.0,1000.0
catapro,r_2987_ENZ_YNR008W_FWD,0.0,1000.0
catapro,r_2987_ENZ_YNR008W_REV,0.0,1000.0
catapro,r_2988_ENZ_YNR008W_FWD,0.0,1000.0
catapro,r_2988_ENZ_YNR008W_REV,0.0,1000.0
catapro,r_2989_ENZ_YNR008W_FWD,0.0,1000.0
catapro,r_2989_ENZ_YNR008W_REV,0.0,1000.0
catapro,r_2990_ENZ_YNR008W_FWD,0.0,1000.0
catapro,r_2990_ENZ_YNR008W_REV,0.0,1000.0
catapro,r_2991_ENZ_YNR008W_FWD,0.0,1000.0
catapro,r_2991_ENZ_YNR008W_REV,0.0,1000.0
catapro,r_2992_ENZ_YNR008W_FWD,0.0,1000.0
catapro,r_2992_ENZ_YNR008W_REV,0.0,1000.0
catapro,r_2993_ENZ_YNR008W_FWD,0.0,0.0011755091174502
catapro,r_2993_ENZ_YNR008W_REV,0.0,0.0009934566195118
catapro,r_2994_ENZ_YNR008W_FWD,0.0,0.001735680620033
catapro,r_2994_ENZ_YNR008W_REV,0.0,0.0007156980058181
catapro,r_2995_ENZ_YNR008W_FWD,0.0,0.0010051487832537
catapro,r_2995_ENZ_YNR008W_REV,0.0,0.0005659433786559
catapro,r_2996_ENZ_YNR008W_FWD,0.0,1000.0
catapro,r_2996_ENZ_YNR008W_REV,0.0,1000.0
catapro,r_2997_ENZ_YNR008W_FWD,0.0,1000.0
catapro,r_2997_ENZ_YNR008W_REV,0.0,1000.0
catapro,r_2998_ENZ_YNR008W_FWD,0.0,1000.0
catapro,r_2998_ENZ_YNR008W_REV,0.0,1000.0
catapro,r_2999_ENZ_YNR008W_FWD,0.0,1000.0
catapro,r_2999_ENZ_YNR008W_REV,0.0,1000.0
catapro,r_3000_ENZ_YNR008W_FWD,0.0,1000.0
catapro,r_3000_ENZ_YNR008W_REV,0.0,1000.0
catapro,r_3001_ENZ_YNR008W_FWD,0.0,1000.0
catapro,r_3001_ENZ_YNR008W_REV,0.0,1000.0
catapro,r_3002_ENZ_YNR008W_FWD,0.0,1000.0
catapro,r_3002_ENZ_YNR008W_REV,0.0,1000.0
catapro,r_3003_ENZ_YNR008W_FWD,0.0,1000.0
catapro,r_3003_ENZ_YNR008W_REV,0.0,1000.0
catapro,r_3004_ENZ_YNR008W_FWD,0.0,1000.0
catapro,r_3004_ENZ_YNR008W_REV,0.0,1000.0
catapro,r_3005_ENZ_YNR008W_FWD,0.0,1000.0
catapro,r_3005_ENZ_YNR008W_REV,0.0,1000.0
catapro,r_3006_ENZ_YNR008W_FWD,0.0,1000.0
catapro,r_3006_ENZ_YNR008W_REV,0.0,1000.0
catapro,r_3007_ENZ_YNR008W_FWD,0.0,1000.0
catapro,r_3007_ENZ_YNR008W_REV,0.0,1000.0
catapro,r_3008_ENZ_YNR008W_FWD,0.0,1000.0
catapro,r_3008_ENZ_YNR008W_REV,0.0,1000.0
catapro,r_3009_ENZ_YNR008W_FWD,0.0,0.0011755091263241
catapro,r_3009_ENZ_YNR008W_REV,0.0,0.0009810780484082
catapro,r_3010_ENZ_YNR008W_FWD,0.0,0.0017311538844247
catapro,r_3010_ENZ_YNR008W_REV,0.0,0.0006353506693439
catapro,r_3011_ENZ_YNR008W_FWD,0.0,0.0010474235818225
catapro,r_3011_ENZ_YNR008W_REV,0.0,0.0008228036037155
catapro,r_3022_ENZ_YML059C,0.0,9.093674591022192e-05
catapro,r_3023_ENZ_YML059C,0.0,8.091827774383516e-05
catapro,r_3024_ENZ_YML059C,0.0,8.49461991268563e-05
catapro,r_3025_ENZ_YML059C,0.0,8.131033744503894e-05
catapro,r_3026_ENZ_YML059C,0.0,0.0034724625362435
catapro,r_3027_ENZ_YML059C,0.0,0.0007653399685385
catapro,r_3028_ENZ_YML059C,0.0,0.0010077490077918
catapro,r_3029_ENZ_YML059C,0.0,0.0006605221333296
catapro,r_3030_ENZ_YML059C,0.0,1.647288566801095e-05
catapro,r_3031_ENZ_YML059C,0.0,1.0829913704290137e-05
catapro,r_3032_ENZ_YML059C,0.0,1.5407517496999517e-05
catapro,r_3033_ENZ_YML059C,0.0,1.568131097116618e-05
catapro,r_3034_ENZ_YMR008C,0.0,1.3827230847689776e-05
catapro,r_3035_ENZ_YMR008C,0.0,1.4218697891419535e-05
catapro,r_3036_ENZ_YMR008C,0.0,1.278973317357997e-05
catapro,r_3037_ENZ_YMR008C,0.0,8.637641634768346e-06
catapro,r_3038_ENZ_YMR008C,0.0,1.1351107932877635e-05
catapro,r_3039_ENZ_YMR008C,0.0,1.6873968749029494e-05
catapro,r_3040_ENZ_YMR008C,0.0,9.996480001029037e-06
catapro,r_3041_ENZ_YMR008C,0.0,1.0803612048614964e-05
catapro,r_3042_ENZ_YMR008C,0.0,1.135119259003327e-05
catapro,r_3043_ENZ_YMR008C,0.0,1.1447967106857083e-05
catapro,r_3044_ENZ_YMR008C,0.0,9.911393144584618e-06
catapro,r_3045_ENZ_YMR008C,0.0,1.080362834099096e-05
catapro,r_3046_ENZ_YMR006C,0.0,0.0
catapro,r_3046_ENZ_YMR008C,0.0,0.0
catapro,r_3047_ENZ_YMR006C,0.0,0.0
catapro,r_3047_ENZ_YMR008C,0.0,0.0
catapro,r_3048_ENZ_YMR006C,0.0,0.0
catapro,r_3048_ENZ_YMR008C,0.0,0.0
catapro,r_3049_ENZ_YMR006C,0.0,0.0
catapro,r_3049_ENZ_YMR008C,0.0,0.0
catapro,r_3050_ENZ_YMR006C,0.0,0.0
catapro,r_3050_ENZ_YMR008C,0.0,0.0
catapro,r_3051_ENZ_YMR006C,0.0,0.0
catapro,r_3051_ENZ_YMR008C,0.0,0.0
catapro,r_3052_ENZ_YMR006C,0.0,0.0
catapro,r_3052_ENZ_YMR008C,0.0,0.0
catapro,r_3053_ENZ_YMR006C,0.0,0.0
catapro,r_3053_ENZ_YMR008C,0.0,0.0
catapro,r_3054_ENZ_YMR006C,0.0,0.0
catapro,r_3054_ENZ_YMR008C,0.0,0.0
catapro,r_3055_ENZ_YMR006C,0.0,0.0
catapro,r_3055_ENZ_YMR008C,0.0,0.0
catapro,r_3056_ENZ_YMR006C,0.0,0.0
catapro,r_3056_ENZ_YMR008C,0.0,0.0
catapro,r_3057_ENZ_YMR006C,0.0,0.0
catapro,r_3057_ENZ_YMR008C,0.0,0.0
catapro,r_3058_ENZ_YMR006C,0.0,0.0
catapro,r_3058_ENZ_YOL011W,0.0,0.0
catapro,r_3059_ENZ_YMR006C,0.0,0.0
catapro,r_3059_ENZ_YOL011W,0.0,0.0
catapro,r_3060_ENZ_YMR006C,0.0,0.0
catapro,r_3060_ENZ_YOL011W,0.0,0.0
catapro,r_3061_ENZ_YMR006C,0.0,0.0
catapro,r_3061_ENZ_YOL011W,0.0,0.0
catapro,r_3062_ENZ_YMR006C,0.0,0.0
catapro,r_3062_ENZ_YOL011W,0.0,0.0
catapro,r_3063_ENZ_YMR006C,0.0,0.0
catapro,r_3063_ENZ_YOL011W,0.0,0.0
catapro,r_3064_ENZ_YMR006C,0.0,0.0
catapro,r_3064_ENZ_YOL011W,0.0,0.0
catapro,r_3065_ENZ_YMR006C,0.0,0.0
catapro,r_3065_ENZ_YOL011W,0.0,0.0
catapro,r_3066_ENZ_YMR006C,0.0,0.0
catapro,r_3066_ENZ_YOL011W,0.0,0.0
catapro,r_3067_ENZ_YMR006C,0.0,0.0
catapro,r_3067_ENZ_YOL011W,0.0,0.0
catapro,r_3068_ENZ_YMR006C,0.0,0.0
catapro,r_3068_ENZ_YOL011W,0.0,0.0
catapro,r_3069_ENZ_YMR006C,0.0,0.0
catapro,r_3069_ENZ_YOL011W,0.0,0.0
catapro,r_3070_ENZ_YOL011W,0.0,8.718409032197226e-06
catapro,r_3071_ENZ_YOL011W,0.0,1.528423874927313e-05
catapro,r_3072_ENZ_YOL011W,0.0,8.5176677506293e-06
catapro,r_3073_ENZ_YOL011W,0.0,7.763342013747442e-06
catapro,r_3074_ENZ_YOL011W,0.0,7.788730557381626e-06
catapro,r_3075_ENZ_YOL011W,0.0,1.5174982105728337e-05
catapro,r_3076_ENZ_YOL011W,0.0,1.3486061914472407e-05
catapro,r_3077_ENZ_YOL011W,0.0,1.1109414132695256e-05
catapro,r_3078_ENZ_YOL011W,0.0,1.2690235234373529e-05
catapro,r_3079_ENZ_YOL011W,0.0,1.5576716069212824e-05
catapro,r_3080_ENZ_YOL011W,0.0,8.601773815487181e-06
catapro,r_3081_ENZ_YOL011W,0.0,8.502644266969453e-06
catapro,r_3082_ENZ_YPL268W,0.0,0.0
catapro,r_3083_ENZ_YPL268W,0.0,0.0
catapro,r_3084_ENZ_YPL268W,0.0,0.0
catapro,r_3085_ENZ_YPL268W,0.0,0.0
catapro,r_3086_ENZ_YPL268W,0.0,0.0
catapro,r_3087_ENZ_YPL268W,0.0,0.0
catapro,r_3088_ENZ_YPL268W,0.0,0.0
catapro,r_3089_ENZ_YPL268W,0.0,0.0
catapro,r_3090_ENZ_YPL268W,0.0,0.0
catapro,r_3091_ENZ_YPL268W,0.0,0.0
catapro,r_3092_ENZ_YPL268W,0.0,0.0
catapro,r_3093_ENZ_YPL268W,0.0,0.0
catapro,r_3094_ENZ_YPL268W,0.0,0.0
catapro,r_3095_ENZ_YPL268W,0.0,0.0
catapro,r_3096_ENZ_YPL268W,0.0,0.0
catapro,r_3097_ENZ_YPL268W,0.0,0.0
catapro,r_3098_ENZ_YPL206C,0.0,3.039475351894992e-05
catapro,r_3099_ENZ_YPL206C,0.0,2.643893647131425e-05
catapro,r_3100_ENZ_YPL206C,0.0,1.956902835753818e-05
catapro,r_3101_ENZ_YPL206C,0.0,1.647355027879258e-05
catapro,r_3102_ENZ_YPL206C,0.0,1.4514352848331472e-05
catapro,r_3103_ENZ_YPL206C,0.0,2.0334973974990037e-05
catapro,r_3104_ENZ_YKR031C,0.0,2.70752770700738e-05
catapro,r_3105_ENZ_YKR031C,0.0,2.0291954172973973e-05
catapro,r_3106_ENZ_YKR031C,0.0,2.558512677813536e-05
catapro,r_3107_ENZ_YKR031C,0.0,3.684045174474484e-05
catapro,r_3108_ENZ_YKR031C,0.0,3.906830367830349e-05
catapro,r_3109_ENZ_YKR031C,0.0,3.85965155254164e-05
catapro,r_3110_ENZ_YKR031C,0.0,4.026745616711053e-05
catapro,r_3111_ENZ_YKR031C,0.0,2.9312199289079376e-05
catapro,r_3112_ENZ_YNL106C,0.0,6.977751454684267e-05
catapro,r_3112_ENZ_YOR109W,0.0,6.959553152929843e-05
catapro,r_3113_ENZ_YNL106C,0.0,6.959553143789932e-05
catapro,r_3113_ENZ_YOR109W,0.0,6.977751446743397e-05
catapro,r_3114_ENZ_YNL106C,0.0,6.959553152263709e-05
catapro,r_3114_ENZ_YOR109W,0.0,6.9777514551006e-05
catapro,r_3115_ENZ_YNL106C,0.0,7.065791995053416e-05
catapro,r_3115_ENZ_YOR109W,0.0,6.977751453041137e-05
catapro,r_3116_ENZ_YNL106C,0.0,7.065791994742554e-05
catapro,r_3116_ENZ_YOR109W,0.0,6.977751405984334e-05
catapro,r_3117_ENZ_YNL106C,0.0,6.97775146445423e-05
catapro,r_3117_ENZ_YOR109W,0.0,6.959553152685594e-05
catapro,r_3118_ENZ_YNL106C,0.0,2.606360026957688e-05
catapro,r_3118_ENZ_YOR109W,0.0,4.224180942102862e-05
catapro,r_3119_ENZ_YNL106C,0.0,3.854545595594061e-05
catapro,r_3119_ENZ_YOR109W,0.0,4.152363331222375e-05
catapro,r_3120_ENZ_YJR110W,0.0,8.175274981042646e-05
catapro,r_3120_ENZ_YNL106C,0.0,8.073410209136211e-05
catapro,r_3120_ENZ_YOR109W,0.0,8.073410209136211e-05
catapro,r_3121_ENZ_YJR110W,0.0,8.154099348683941e-05
catapro,r_3121_ENZ_YNL106C,0.0,8.052354377452442e-05
catapro,r_3121_ENZ_YOR109W,0.0,8.052354368115466e-05
catapro,r_3122_ENZ_YJR110W,0.0,8.154099428647754e-05
catapro,r_3122_ENZ_YNL106C,0.0,8.13818169881908e-05
catapro,r_3122_ENZ_YOR109W,0.0,8.13818169881908e-05
catapro,r_3123_ENZ_YJR110W,0.0,8.109715949000673e-05
catapro,r_3123_ENZ_YNL106C,0.0,8.073410203146558e-05
catapro,r_3123_ENZ_YOR109W,0.0,8.073410203146558e-05
catapro,r_3124_ENZ_YJR110W,0.0,8.15409939816103e-05
catapro,r_3124_ENZ_YNL106C,0.0,8.154099435819795e-05
catapro,r_3124_ENZ_YOR109W,0.0,8.154099435819795e-05
catapro,r_3125_ENZ_YJR110W,0.0,8.15409935286393e-05
catapro,r_3125_ENZ_YNL106C,0.0,8.138181592864946e-05
catapro,r_3125_ENZ_YOR109W,0.0,8.138181594341543e-05
catapro,r_3126_ENZ_YJR110W,0.0,4.136639087204408e-05
catapro,r_3126_ENZ_YNL106C,0.0,4.3486149832627774e-05
catapro,r_3126_ENZ_YOR109W,0.0,4.607960882996309e-05
catapro,r_3127_ENZ_YJR110W,0.0,3.924991659673416e-05
catapro,r_3127_ENZ_YNL106C,0.0,4.254601861441998e-05
catapro,r_3127_ENZ_YOR109W,0.0,4.512232145525985e-05
catapro,r_3128_ENZ_YKL212W,0.0,0.0001619267463244
catapro,r_3129_ENZ_YKL212W,0.0,0.0001629177566591
catapro,r_3130_ENZ_YKL212W,0.0,0.0001634896091959
catapro,r_3131_ENZ_YKL212W,0.0,0.0001106653139011
catapro,r_3132_ENZ_YKL212W,0.0,0.0001619267486476
catapro,r_3133_ENZ_YKL212W,0.0,0.0001639731314586
catapro,r_3134_ENZ_YKL212W,0.0,7.257396064730415e-05
catapro,r_3135_ENZ_YKL212W,0.0,6.91738883862314e-05
catapro,r_3136_ENZ_YKL212W,0.0,0.0001627636320614
catapro,r_3137_ENZ_YKL212W,0.0,0.000169115874649
catapro,r_3138_ENZ_YKL212W,0.0,0.0001627636327629
catapro,r_3139_ENZ_YKL212W,0.0,0.0001627636328022
catapro,r_3140_ENZ_YKL212W,0.0,0.0001630819870541
catapro,r_3141_ENZ_YKL212W,0.0,0.0001610470872246
catapro,r_3142_ENZ_YKL212W,0.0,6.969310253968075e-05
catapro,r_3143_ENZ_YKL212W,0.0,6.7441104178112e-05
catapro,r_3144_ENZ_YNL106C,0.0,0.0001468060051585
catapro,r_3144_ENZ_YOR109W,0.0,9.013504897961698e-05
catapro,r_3145_ENZ_YNL106C,0.0,0.0001033597122157
catapro,r_3145_ENZ_YOR109W,0.0,0.0001033597121347
catapro,r_3146_ENZ_YNL106C,0.0,9.5626803800819e-05
catapro,r_3146_ENZ_YOR109W,0.0,0.0001391910619913
catapro,r_3147_ENZ_YNL106C,0.0,0.0001450451943387
catapro,r_3147_ENZ_YOR109W,0.0,0.0001391910620638
catapro,r_3148_ENZ_YNL106C,0.0,0.0001391910630612
catapro,r_3148_ENZ_YOR109W,0.0,0.0001413158383002
catapro,r_3149_ENZ_YNL106C,0.0,9.149262503527213e-05
catapro,r_3149_ENZ_YOR109W,0.0,0.0001391910670009
catapro,r_3150_ENZ_YNL106C,0.0,6.762817971883717e-05
catapro,r_3150_ENZ_YOR109W,0.0,7.684539617525132e-05
catapro,r_3151_ENZ_YNL106C,0.0,0.0001413158399827
catapro,r_3151_ENZ_YOR109W,0.0,0.000139191062086
catapro,r_3152_ENZ_YNL106C,0.0,0.000105858958578
catapro,r_3152_ENZ_YOR109W,0.0,0.0001610470868937
catapro,r_3153_ENZ_YNL106C,0.0,0.0001627636329248
catapro,r_3153_ENZ_YOR109W,0.0,0.000163081987654
catapro,r_3154_ENZ_YNL106C,0.0,0.0001630819897897
catapro,r_3154_ENZ_YOR109W,0.0,0.0001665116603479
catapro,r_3155_ENZ_YNL106C,0.0,0.0001614682032711
catapro,r_3155_ENZ_YOR109W,0.0,0.0001614682015911
catapro,r_3156_ENZ_YNL106C,0.0,0.0001694342284244
catapro,r_3156_ENZ_YOR109W,0.0,0.0001610470875852
catapro,r_3157_ENZ_YNL106C,0.0,0.0001614682034947
catapro,r_3157_ENZ_YOR109W,0.0,0.0001630819879037
catapro,r_3158_ENZ_YNL106C,0.0,7.526356260312284e-05
catapro,r_3158_ENZ_YOR109W,0.0,7.843096531034988e-05
catapro,r_3159_ENZ_YNL106C,0.0,0.000162617830119
catapro,r_3159_ENZ_YOR109W,0.0,0.0001621943202998
catapro,r_3160_ENZ_YKL212W,0.0,0.0001619267473292
catapro,r_3161_ENZ_YKL212W,0.0,0.0001617654054841
catapro,r_3162_ENZ_YKL212W,0.0,0.0001621884005457
catapro,r_3163_ENZ_YKL212W,0.0,0.0001638093848667
catapro,r_3164_ENZ_YKL212W,0.0,0.0001608737783955
catapro,r_3165_ENZ_YKL212W,0.0,0.0001625979797891
catapro,r_3166_ENZ_YKL212W,0.0,8.83308366312896e-05
catapro,r_3167_ENZ_YKL212W,0.0,0.0001633431566256
catapro,r_3168_ENZ_YKL212W,0.0,0.0001610470856542
catapro,r_3169_ENZ_YKL212W,0.0,0.0001610470856542
catapro,r_3170_ENZ_YKL212W,0.0,0.0001610470856542
catapro,r_3171_ENZ_YKL212W,0.0,0.0001610470856542
catapro,r_3172_ENZ_YKL212W,0.0,0.0001610470856542
catapro,r_3173_ENZ_YKL212W,0.0,0.0001610470856542
catapro,r_3174_ENZ_YKL212W,0.0,0.0001035900238992
catapro,r_3175_ENZ_YKL212W,0.0,0.0001610470856542
catapro,r_3176_ENZ_YNL106C,0.0,7.04749012673811e-05
catapro,r_3176_ENZ_YOR109W,0.0,4.7994590376410073e-05
catapro,r_3177_ENZ_YNL106C,0.0,7.06579198790358e-05
catapro,r_3177_ENZ_YOR109W,0.0,7.234061460237307e-05
catapro,r_3178_ENZ_YNL106C,0.0,6.977751400025212e-05
catapro,r_3178_ENZ_YOR109W,0.0,7.340300257019372e-05
catapro,r_3179_ENZ_YNL106C,0.0,7.06579194736242e-05
catapro,r_3179_ENZ_YOR109W,0.0,6.977751419512401e-05
catapro,r_3180_ENZ_YNL106C,0.0,7.065791950000566e-05
catapro,r_3180_ENZ_YOR109W,0.0,7.252259714962683e-05
catapro,r_3181_ENZ_YNL106C,0.0,7.065791950588984e-05
catapro,r_3181_ENZ_YOR109W,0.0,7.25225968326304e-05
catapro,r_3182_ENZ_YNL106C,0.0,4.2241809467546965e-05
catapro,r_3182_ENZ_YOR109W,0.0,4.288663837082041e-05
catapro,r_3183_ENZ_YNL106C,0.0,4.100624429304034e-05
catapro,r_3183_ENZ_YOR109W,0.0,4.089929780581869e-05
catapro,r_3184_ENZ_YNL106C,0.0,8.1622503776968e-05
catapro,r_3184_ENZ_YOR109W,0.0,8.154099454094066e-05
catapro,r_3185_ENZ_YNL106C,0.0,8.052354365850611e-05
catapro,r_3185_ENZ_YOR109W,0.0,8.455793697104141e-05
catapro,r_3186_ENZ_YNL106C,0.0,8.154099436982754e-05
catapro,r_3186_ENZ_YOR109W,0.0,8.391022271489468e-05
catapro,r_3187_ENZ_YNL106C,0.0,8.154099423984817e-05
catapro,r_3187_ENZ_YOR109W,0.0,8.052354325860378e-05
catapro,r_3188_ENZ_YNL106C,0.0,8.175275032290541e-05
catapro,r_3188_ENZ_YOR109W,0.0,8.154099398716141e-05
catapro,r_3189_ENZ_YNL106C,0.0,8.052354349072366e-05
catapro,r_3189_ENZ_YOR109W,0.0,8.052354374815662e-05
catapro,r_3190_ENZ_YNL106C,0.0,4.661535224759206e-05
catapro,r_3190_ENZ_YOR109W,0.0,4.652435343466266e-05
catapro,r_3191_ENZ_YNL106C,0.0,4.456009238751335e-05
catapro,r_3191_ENZ_YOR109W,0.0,4.456009233386182e-05
catapro,r_3192_ENZ_YIL002C,0.0,0.0001395550282285
catapro,r_3192_ENZ_YNL106C,0.0,0.0001409498035069
catapro,r_3192_ENZ_YOR109W,0.0,0.0001409498035069
catapro,r_3193_ENZ_YIL002C,0.0,0.0001391910620887
catapro,r_3193_ENZ_YNL106C,0.0,0.000141315839909
catapro,r_3193_ENZ_YOR109W,0.0,0.000141315839909
catapro,r_3194_ENZ_YIL002C,0.0,9.161863845630336e-05
catapro,r_3194_ENZ_YNL106C,0.0,9.013504837174224e-05
catapro,r_3194_ENZ_YOR109W,0.0,0.0001391910611792
catapro,r_3195_ENZ_YIL002C,0.0,0.0001450451944791
catapro,r_3195_ENZ_YNL106C,0.0,0.0001413158392074
catapro,r_3195_ENZ_YOR109W,0.0,0.0001413158392074
catapro,r_3196_ENZ_YIL002C,0.0,0.0001450451943734
catapro,r_3196_ENZ_YNL106C,0.0,0.0001406746516616
catapro,r_3196_ENZ_YOR109W,0.0,0.0001406746516616
catapro,r_3197_ENZ_YIL002C,0.0,0.0001450451943503
catapro,r_3197_ENZ_YNL106C,0.0,0.0001391910620025
catapro,r_3197_ENZ_YOR109W,0.0,0.0001391910620025
catapro,r_3198_ENZ_YIL002C,0.0,3.3329551124299374e-05
catapro,r_3198_ENZ_YNL106C,0.0,3.94697760150321e-05
catapro,r_3198_ENZ_YOR109W,0.0,4.1599467122566125e-05
catapro,r_3199_ENZ_YIL002C,0.0,0.000145045193677
catapro,r_3199_ENZ_YNL106C,0.0,0.0001409498010747
catapro,r_3199_ENZ_YOR109W,0.0,0.000140949801714
catapro,r_3200_ENZ_YIL002C,0.0,0.0001627636326286
catapro,r_3200_ENZ_YNL106C,0.0,0.0001614682045434
catapro,r_3200_ENZ_YOR109W,0.0,0.0001635054994801
catapro,r_3201_ENZ_YIL002C,0.0,0.0001610470874998
catapro,r_3201_ENZ_YNL106C,0.0,0.0001627636317902
catapro,r_3201_ENZ_YOR109W,0.0,0.0001627636317635
catapro,r_3202_ENZ_YIL002C,0.0,0.0001614682043511
catapro,r_3202_ENZ_YNL106C,0.0,0.0001601594194635
catapro,r_3202_ENZ_YOR109W,0.0,0.0001601594193686
catapro,r_3203_ENZ_YIL002C,0.0,0.0001635055000348
catapro,r_3203_ENZ_YNL106C,0.0,0.0001610470865903
catapro,r_3203_ENZ_YOR109W,0.0,0.0001610470865814
catapro,r_3204_ENZ_YIL002C,0.0,0.0001630819878707
catapro,r_3204_ENZ_YNL106C,0.0,0.0001673993295936
catapro,r_3204_ENZ_YOR109W,0.0,0.0001673993294266
catapro,r_3205_ENZ_YIL002C,0.0,0.0001627636326213
catapro,r_3205_ENZ_YNL106C,0.0,0.0001610470856148
catapro,r_3205_ENZ_YOR109W,0.0,0.0001610470858883
catapro,r_3206_ENZ_YIL002C,0.0,3.452401562975613e-05
catapro,r_3206_ENZ_YNL106C,0.0,4.3177829482876215e-05
catapro,r_3206_ENZ_YOR109W,0.0,4.573011393338433e-05
catapro,r_3207_ENZ_YIL002C,0.0,0.0001678204451431
catapro,r_3207_ENZ_YNL106C,0.0,0.000161047087587
catapro,r_3207_ENZ_YOR109W,0.0,0.000161047087459
catapro,r_3208_ENZ_YOL065C,0.0,0.0001629177563481
catapro,r_3209_ENZ_YOL065C,0.0,0.0001634896068988
catapro,r_3210_ENZ_YOL065C,0.0,0.000162597981807
catapro,r_3211_ENZ_YOL065C,0.0,0.0001608737800284
catapro,r_3212_ENZ_YOL065C,0.0,0.0001608737803318
catapro,r_3213_ENZ_YOL065C,0.0,0.0001642726954548
catapro,r_3214_ENZ_YOL065C,0.0,4.769148839134374e-05
catapro,r_3215_ENZ_YOL065C,0.0,0.0001619267484697
catapro,r_3216_ENZ_YFR019W_and_YNL325C_and_YFR021W_and_YNL054W_and_YLR386W,0.0,0.0001089319265865
catapro,r_3217_ENZ_YFR019W_and_YNL325C_and_YFR021W_and_YNL054W_and_YLR386W,0.0,0.0001089319265497
catapro,r_3218_ENZ_YFR019W_and_YNL325C_and_YFR021W_and_YNL054W_and_YLR386W,0.0,0.0001089319265323
catapro,r_3219_ENZ_YFR019W_and_YNL325C_and_YFR021W_and_YNL054W_and_YLR386W,0.0,0.0001089319264151
catapro,r_3220_ENZ_YFR019W_and_YNL325C_and_YFR021W_and_YNL054W_and_YLR386W,0.0,0.0001089319265314
catapro,r_3221_ENZ_YFR019W_and_YNL325C_and_YFR021W_and_YNL054W_and_YLR386W,0.0,0.0001089319265261
catapro,r_3222_ENZ_YFR019W_and_YNL325C_and_YFR021W_and_YNL054W_and_YLR386W,0.0,0.000108931926519
catapro,r_3223_ENZ_YFR019W_and_YNL325C_and_YFR021W_and_YNL054W_and_YLR386W,0.0,0.0001086478262664
catapro,r_3224_ENZ_YDR284C,0.0,0.0001129332653757
catapro,r_3225_ENZ_YDR284C,0.0,0.0001129332653757
catapro,r_3226_ENZ_YDR284C,0.0,0.0001129332653757
catapro,r_3227_ENZ_YDR284C,0.0,0.0001129332653757
catapro,r_3228_ENZ_YDR284C,0.0,5.695391476212564e-05
catapro,r_3229_ENZ_YDR284C,0.0,0.0001129332653757
catapro,r_3230_ENZ_YDR284C,0.0,0.0001129332653757
catapro,r_3231_ENZ_YDR284C,0.0,0.0001129332653757
catapro,r_3232_ENZ_YDR503C,0.0,0.0001614682039766
catapro,r_3233_ENZ_YDR503C,0.0,0.0001614682039766
catapro,r_3234_ENZ_YDR503C,0.0,0.0001614682039766
catapro,r_3235_ENZ_YDR503C,0.0,0.0001614682039766
catapro,r_3236_ENZ_YDR503C,0.0,3.655933765645186e-05
catapro,r_3237_ENZ_YDR503C,0.0,0.0001614682039766
catapro,r_3238_ENZ_YDR503C,0.0,0.0001614682039766
catapro,r_3239_ENZ_YDR503C,0.0,0.0001614682039766
catapro,r_3240_ENZ_YER037W,0.0,-0.0
catapro,r_3241_ENZ_YER037W,0.0,-0.0
catapro,r_3242_ENZ_YER037W,0.0,-0.0
catapro,r_3243_ENZ_YER037W,0.0,-0.0
catapro,r_3244_ENZ_YDR284C,0.0,-0.0
catapro,r_3245_ENZ_YDR284C,0.0,-0.0
catapro,r_3246_ENZ_YDR284C,0.0,-0.0
catapro,r_3247_ENZ_YDR284C,0.0,-0.0
catapro,r_3248_ENZ_YDR503C,0.0,-0.0
catapro,r_3249_ENZ_YDR503C,0.0,-0.0
catapro,r_3250_ENZ_YDR503C,0.0,-0.0
catapro,r_3251_ENZ_YDR503C,0.0,-0.0
catapro,r_3252_ENZ_YKL140W,0.0,4.378086096167456e-05
catapro,r_3252_ENZ_YLL012W,0.0,4.204291964763744e-05
catapro,r_3253_ENZ_YKL140W,0.0,3.895526064091708e-05
catapro,r_3253_ENZ_YLL012W,0.0,3.749340678439739e-05
catapro,r_3254_ENZ_YLL012W,0.0,1.988966662179644e-05
catapro,r_3255_ENZ_YLL012W,0.0,1.9681084157952e-05
catapro,r_3256_ENZ_YLL012W,0.0,2.0958717231161285e-05
catapro,r_3257_ENZ_YLL012W,0.0,1.9556556374213628e-05
catapro,r_3258_ENZ_YLL012W,0.0,2.1475512985756487e-05
catapro,r_3259_ENZ_YLL012W,0.0,2.000256799201917e-05
catapro,r_3260_ENZ_YLL012W,0.0,2.1092915672811985e-05
catapro,r_3261_ENZ_YLL012W,0.0,1.950283342685056e-05
catapro,r_3262_ENZ_YLR020C,0.0,1.1058403262781849e-05
catapro,r_3263_ENZ_YLR020C,0.0,1.5462676455897315e-05
catapro,r_3264_ENZ_YBR204C,0.0,6.39315779151408e-05
catapro,r_3264_ENZ_YCR068W,0.0,6.55753856428549e-05
catapro,r_3264_ENZ_YKR089C,0.0,5.3570057390503554e-05
catapro,r_3264_ENZ_YMR313C,0.0,3.415838836032248e-05
catapro,r_3264_ENZ_YOR081C,0.0,5.1860664570155344e-05
catapro,r_3265_ENZ_YBR204C,0.0,8.062053176202575e-05
catapro,r_3265_ENZ_YKR089C,0.0,6.563517051005552e-05
catapro,r_3265_ENZ_YMR313C,0.0,4.150203591826848e-05
catapro,r_3265_ENZ_YOR081C,0.0,6.385051403918278e-05
catapro,r_3266_ENZ_YBR204C,0.0,5.486001801457974e-05
catapro,r_3266_ENZ_YKR089C,0.0,4.744766929263918e-05
catapro,r_3266_ENZ_YMR313C,0.0,3.323587462389366e-05
catapro,r_3266_ENZ_YOR081C,0.0,4.650287304541756e-05
catapro,r_3267_ENZ_YBR204C,0.0,0.0034311017850465
catapro,r_3267_ENZ_YKR089C,0.0,0.0034378684016922
catapro,r_3267_ENZ_YMR313C,0.0,0.0034378684032457
catapro,r_3267_ENZ_YOR081C,0.0,0.0034444143318207
catapro,r_3268_ENZ_YBR204C,0.0,8.931934081649615e-05
catapro,r_3268_ENZ_YKR089C,0.0,9.118541774329756e-05
catapro,r_3268_ENZ_YMR313C,0.0,9.118541774329756e-05
catapro,r_3268_ENZ_YOR081C,0.0,9.118541774329756e-05
catapro,r_3269_ENZ_YBR204C,0.0,5.2127358045202045e-05
catapro,r_3269_ENZ_YKR089C,0.0,4.293782023002881e-05
catapro,r_3269_ENZ_YMR313C,0.0,3.314901571262576e-05
catapro,r_3269_ENZ_YOR081C,0.0,6.856772573685516e-05
catapro,r_3270_ENZ_YBR204C,0.0,7.178062831156296e-05
catapro,r_3270_ENZ_YKR089C,0.0,7.15726803675043e-05
catapro,r_3270_ENZ_YMR313C,0.0,7.157268040614007e-05
catapro,r_3270_ENZ_YOR081C,0.0,7.157268036661613e-05
catapro,r_3271_ENZ_YBR204C,0.0,0.0012778469184645
catapro,r_3271_ENZ_YKR089C,0.0,0.0001697063122451
catapro,r_3271_ENZ_YMR313C,0.0,8.658067467006607e-05
catapro,r_3271_ENZ_YOR081C,0.0,0.0001671057897252
catapro,r_3272_ENZ_YBR204C,0.0,8.940891993773604e-05
catapro,r_3272_ENZ_YKR089C,0.0,9.118542131111028e-05
catapro,r_3272_ENZ_YMR313C,0.0,9.118541440152624e-05
catapro,r_3272_ENZ_YOR081C,0.0,9.118541771554198e-05
catapro,r_3273_ENZ_YBR204C,0.0,8.077451156321594e-05
catapro,r_3273_ENZ_YKR089C,0.0,6.502647800660667e-05
catapro,r_3273_ENZ_YMR313C,0.0,4.005502018878901e-05
catapro,r_3273_ENZ_YOR081C,0.0,6.292480717199317e-05
catapro,r_3274_ENZ_YBR204C,0.0,5.013679112519931e-05
catapro,r_3274_ENZ_YKR089C,0.0,4.300319197736435e-05
catapro,r_3274_ENZ_YMR313C,0.0,1.7865642956420803e-05
catapro,r_3274_ENZ_YOR081C,0.0,2.873893712207476e-05
catapro,r_3275_ENZ_YBR204C,0.0,0.0034324001261388
catapro,r_3275_ENZ_YKR089C,0.0,0.0035442642334303
catapro,r_3275_ENZ_YMR313C,0.0,0.0035442642334303
catapro,r_3275_ENZ_YOR081C,0.0,0.0035442642332796
catapro,r_3276_ENZ_YBR204C,0.0,8.940891961302941e-05
catapro,r_3276_ENZ_YKR089C,0.0,9.344654673334184e-05
catapro,r_3276_ENZ_YMR313C,0.0,9.34465467551022e-05
catapro,r_3276_ENZ_YOR081C,0.0,9.344654171759706e-05
catapro,r_3277_ENZ_YBR204C,0.0,5.534775473843567e-05
catapro,r_3277_ENZ_YKR089C,0.0,5.464377154588632e-05
catapro,r_3277_ENZ_YMR313C,0.0,5.464377154588632e-05
catapro,r_3277_ENZ_YOR081C,0.0,5.464377154588632e-05
catapro,r_3278_ENZ_YBR204C,0.0,7.185222019658044e-05
catapro,r_3278_ENZ_YKR089C,0.0,7.248072788332283e-05
catapro,r_3278_ENZ_YMR313C,0.0,7.248072788332283e-05
catapro,r_3278_ENZ_YOR081C,0.0,7.248072788332283e-05
catapro,r_3279_ENZ_YBR204C,0.0,0.0010061505217451
catapro,r_3279_ENZ_YKR089C,0.0,0.0002232571648971
catapro,r_3279_ENZ_YMR313C,0.0,7.09345543525408e-05
catapro,r_3279_ENZ_YOR081C,0.0,0.000129810494464
catapro,r_3280_ENZ_YBR204C,0.0,5.927487341169388e-05
catapro,r_3280_ENZ_YKR089C,0.0,4.693641385453704e-05
catapro,r_3280_ENZ_YMR313C,0.0,1.8662214246386767e-05
catapro,r_3280_ENZ_YOR081C,0.0,3.126393080465917e-05
catapro,r_3281_ENZ_YBR204C,0.0,5.965401493798219e-05
catapro,r_3281_ENZ_YKR089C,0.0,8.774765232487799e-05
catapro,r_3281_ENZ_YMR313C,0.0,8.77476523221892e-05
catapro,r_3281_ENZ_YOR081C,0.0,8.774765237026748e-05
catapro,r_3282_ENZ_YBR204C,0.0,5.050438974640858e-05
catapro,r_3282_ENZ_YKR089C,0.0,4.337952738690115e-05
catapro,r_3282_ENZ_YMR313C,0.0,1.918238188637117e-05
catapro,r_3282_ENZ_YOR081C,0.0,2.871185015607125e-05
catapro,r_3283_ENZ_YBR204C,0.0,0.0035415125055314
catapro,r_3283_ENZ_YKR089C,0.0,0.0034295595818229
catapro,r_3283_ENZ_YMR313C,0.0,0.0034500588237561
catapro,r_3283_ENZ_YOR081C,0.0,0.0034709245788369
catapro,r_3284_ENZ_YBR204C,0.0,0.000305975990497
catapro,r_3284_ENZ_YKR089C,0.0,6.170330855800052e-05
catapro,r_3284_ENZ_YMR313C,0.0,9.359182021614074e-05
catapro,r_3284_ENZ_YOR081C,0.0,9.359182021614074e-05
catapro,r_3285_ENZ_YBR204C,0.0,8.774765563438577e-05
catapro,r_3285_ENZ_YKR089C,0.0,5.464377156851508e-05
catapro,r_3285_ENZ_YMR313C,0.0,5.464377156851508e-05
catapro,r_3285_ENZ_YOR081C,0.0,5.464377156851508e-05
catapro,r_3286_ENZ_YBR204C,0.0,7.196832512474521e-05
catapro,r_3286_ENZ_YKR089C,0.0,7.196832508591516e-05
catapro,r_3286_ENZ_YMR313C,0.0,7.196832508591516e-05
catapro,r_3286_ENZ_YOR081C,0.0,7.196832504736961e-05
catapro,r_3287_ENZ_YBR204C,0.0,0.0011642533229583
catapro,r_3287_ENZ_YKR089C,0.0,0.0002604981598534
catapro,r_3287_ENZ_YMR313C,0.0,7.9729743468121e-05
catapro,r_3287_ENZ_YOR081C,0.0,0.0002277408136497
catapro,r_3288_ENZ_YBR204C,0.0,5.869899682930122e-05
catapro,r_3288_ENZ_YKR089C,0.0,4.749066954747592e-05
catapro,r_3288_ENZ_YMR313C,0.0,1.8513787936728637e-05
catapro,r_3288_ENZ_YOR081C,0.0,3.151012632070802e-05
catapro,r_3289_ENZ_YBR204C,0.0,5.964446042322231e-05
catapro,r_3289_ENZ_YKR089C,0.0,6.012609819058271e-05
catapro,r_3289_ENZ_YMR313C,0.0,6.012619820694454e-05
catapro,r_3289_ENZ_YOR081C,0.0,6.035414302893146e-05
catapro,r_3290_ENZ_YBR204C,0.0,3.665072225333965e-05
catapro,r_3290_ENZ_YKR089C,0.0,4.833250803060185e-05
catapro,r_3290_ENZ_YMR313C,0.0,3.875784829140993e-05
catapro,r_3290_ENZ_YOR081C,0.0,4.6129796593019634e-05
catapro,r_3291_ENZ_YBR204C,0.0,0.0035399382306751
catapro,r_3291_ENZ_YKR089C,0.0,0.003539485660697
catapro,r_3291_ENZ_YMR313C,0.0,0.003539485660697
catapro,r_3291_ENZ_YOR081C,0.0,0.003539485660697
catapro,r_3292_ENZ_YBR204C,0.0,5.427733395372983e-05
catapro,r_3292_ENZ_YKR089C,0.0,4.570754887919673e-05
catapro,r_3292_ENZ_YMR313C,0.0,1.998939829546861e-05
catapro,r_3292_ENZ_YOR081C,0.0,2.899474572522773e-05
catapro,r_3293_ENZ_YBR204C,0.0,5.964463559327243e-05
catapro,r_3293_ENZ_YKR089C,0.0,5.964466209512764e-05
catapro,r_3293_ENZ_YMR313C,0.0,5.964465347268912e-05
catapro,r_3293_ENZ_YOR081C,0.0,5.964465347268912e-05
catapro,r_3294_ENZ_YBR204C,0.0,4.76156807089126e-05
catapro,r_3294_ENZ_YKR089C,0.0,4.76156807089126e-05
catapro,r_3294_ENZ_YMR313C,0.0,5.007148236968462e-05
catapro,r_3294_ENZ_YOR081C,0.0,7.287637232191585e-05
catapro,r_3295_ENZ_YBR204C,0.0,0.0008665688499356
catapro,r_3295_ENZ_YKR089C,0.0,0.0002016821699327
catapro,r_3295_ENZ_YMR313C,0.0,6.33126997570746e-05
catapro,r_3295_ENZ_YOR081C,0.0,0.0001806135989666
catapro,r_3296_ENZ_YMR313C,0.0,2.03219493073114e-05
catapro,r_3297_ENZ_YCR068W,0.0,2.1540322661034674e-05
catapro,r_3297_ENZ_YMR313C,0.0,1.4865761639138676e-05
catapro,r_3298_ENZ_YMR313C,0.0,1.957996934305057e-05
catapro,r_3299_ENZ_YMR313C,0.0,1.9287217122331894e-05
catapro,r_3300_ENZ_YMR313C,0.0,2.342846043751506e-05
catapro,r_3301_ENZ_YMR313C,0.0,1.7397123343743147e-05
catapro,r_3302_ENZ_YMR313C,0.0,2.171592982989141e-05
catapro,r_3303_ENZ_YMR313C,0.0,2.1835592027733142e-05
catapro,r_3304_ENZ_YDR058C,0.0,-0.0
catapro,r_3305_ENZ_YDR058C,0.0,-0.0
catapro,r_3306_ENZ_YDR058C,0.0,-0.0
catapro,r_3307_ENZ_YDR058C,0.0,-0.0
catapro,r_3308_ENZ_YKL094W,0.0,2.391954878028582e-05
catapro,r_3309_ENZ_YKL094W,0.0,2.1442587045684405e-05
catapro,r_3310_ENZ_YKL094W,0.0,2.242636013347033e-05
catapro,r_3311_ENZ_YKL094W,0.0,2.1507278196404623e-05
catapro,r_3312_ENZ_YMR313C,0.0,7.199471039444393e-05
catapro,r_3313_ENZ_YMR313C,0.0,7.483159580197202e-05
catapro,r_3314_ENZ_YMR313C,0.0,7.171461724285908e-05
catapro,r_3315_ENZ_YMR313C,0.0,7.192297618576014e-05
catapro,r_3316_ENZ_YKR089C,0.0,5.464377102205936e-05
catapro,r_3317_ENZ_YKR089C,0.0,7.477699858178554e-05
catapro,r_3318_ENZ_YKR089C,0.0,7.687818831432752e-05
catapro,r_3319_ENZ_YKR089C,0.0,7.38235195238599e-05
catapro,r_3320_ENZ_YKR089C,0.0,0.0034246112108745
catapro,r_3321_ENZ_YKR089C,0.0,0.0004297001596976
catapro,r_3322_ENZ_YKR089C,0.0,0.0005481278264816
catapro,r_3323_ENZ_YKR089C,0.0,0.0003536482944914
catapro,r_3324_ENZ_YKR089C,0.0,5.469468557536406e-05
catapro,r_3325_ENZ_YKR089C,0.0,5.963286323709205e-05
catapro,r_3326_ENZ_YKR089C,0.0,6.01274306367733e-05
catapro,r_3327_ENZ_YKR089C,0.0,9.182443876494376e-05
catapro,r_3328_ENZ_YKR089C,0.0,0.0035433397935055
catapro,r_3329_ENZ_YKR089C,0.0,0.0035297126405318
catapro,r_3330_ENZ_YKR089C,0.0,0.0035240326401811
catapro,r_3331_ENZ_YKR089C,0.0,0.0034464091060395
catapro,r_3332_FWD,0.0,0.0001614682048615
catapro,r_3332_REV,0.0,0.0
catapro,r_3333_FWD,0.0,0.0001614682048615
catapro,r_3333_REV,0.0,0.0
catapro,r_3334_FWD,0.0,0.0001614682048615
catapro,r_3334_REV,0.0,0.0
catapro,r_3335_FWD,0.0,0.0001614682048615
catapro,r_3335_REV,0.0,0.0
catapro,r_3336_FWD,0.0,3.709624487238822e-05
catapro,r_3336_REV,0.0,0.0
catapro,r_3337_FWD,0.0,0.0001614682048615
catapro,r_3337_REV,0.0,0.0
catapro,r_3338_FWD,0.0,0.0001614682048615
catapro,r_3338_REV,0.0,0.0
catapro,r_3339_FWD,0.0,0.0001614682048615
catapro,r_3339_REV,0.0,0.0
catapro,r_3340_FWD,0.0,7.630033264172109e-05
catapro,r_3340_REV,0.0,0.0
catapro,r_3341_FWD,0.0,7.630033264172109e-05
catapro,r_3341_REV,0.0,0.0
catapro,r_3342_FWD,0.0,7.630033264172109e-05
catapro,r_3342_REV,0.0,0.0
catapro,r_3343_FWD,0.0,7.630033264172109e-05
catapro,r_3343_REV,0.0,0.0
catapro,r_3344_FWD,0.0,5.919451116120911e-05
catapro,r_3344_REV,0.0,0.0
catapro,r_3345_FWD,0.0,7.630033264172109e-05
catapro,r_3345_REV,0.0,0.0
catapro,r_3346_FWD,0.0,7.630033264172109e-05
catapro,r_3346_REV,0.0,0.0
catapro,r_3347_FWD,0.0,7.630033264172109e-05
catapro,r_3347_REV,0.0,0.0
catapro,r_3348_ENZ_YDR072C,0.0,0.0
catapro,r_3349_ENZ_YDR072C,0.0,0.0
catapro,r_3350_ENZ_YDR072C,0.0,0.0
catapro,r_3351_ENZ_YDR072C,0.0,0.0
catapro,r_3352_ENZ_YDR072C,0.0,0.0
catapro,r_3353_ENZ_YDR072C,0.0,0.0
catapro,r_3354_ENZ_YDR072C,0.0,0.0
catapro,r_3355_ENZ_YDR072C,0.0,0.0
catapro,r_3356_ENZ_YDR072C,0.0,0.0
catapro,r_3357_ENZ_YDR072C,0.0,0.0
catapro,r_3358_ENZ_YDR072C,0.0,0.0
catapro,r_3359_ENZ_YDR072C,0.0,0.0
catapro,r_3360_ENZ_YDR072C,0.0,0.0
catapro,r_3361_ENZ_YDR072C,0.0,0.0
catapro,r_3362_ENZ_YDR072C,0.0,0.0
catapro,r_3363_ENZ_YDR072C,0.0,0.0
catapro,r_3364_ENZ_YDR072C,0.0,0.0
catapro,r_3365_ENZ_YDR072C,0.0,0.0
catapro,r_3366_ENZ_YDR072C,0.0,0.0
catapro,r_3367_ENZ_YDR072C,0.0,0.0
catapro,r_3368_ENZ_YDR072C,0.0,0.0
catapro,r_3369_ENZ_YDR072C,0.0,0.0
catapro,r_3370_ENZ_YDR072C,0.0,0.0
catapro,r_3371_ENZ_YDR072C,0.0,0.0
catapro,r_3372_ENZ_YDR072C,0.0,0.0
catapro,r_3373_ENZ_YDR072C,0.0,0.0
catapro,r_3374_ENZ_YDR072C,0.0,0.0
catapro,r_3375_ENZ_YDR072C,0.0,0.0
catapro,r_3376_ENZ_YDR072C,0.0,0.0
catapro,r_3377_ENZ_YDR072C,0.0,0.0
catapro,r_3378_ENZ_YDR072C,0.0,0.0
catapro,r_3379_ENZ_YDR072C,0.0,0.0
catapro,r_3380_ENZ_YDR072C,0.0,0.0
catapro,r_3381_ENZ_YDR072C,0.0,0.0
catapro,r_3382_ENZ_YDR072C,0.0,0.0
catapro,r_3383_ENZ_YDR072C,0.0,0.0
catapro,r_3384_ENZ_YDR072C,0.0,0.0
catapro,r_3385_ENZ_YDR072C,0.0,0.0
catapro,r_3386_ENZ_YDR072C,0.0,0.0
catapro,r_3387_ENZ_YDR072C,0.0,0.0
catapro,r_3388_ENZ_YDR072C,0.0,0.0
catapro,r_3389_ENZ_YDR072C,0.0,0.0
catapro,r_3390_ENZ_YDR072C,0.0,0.0
catapro,r_3391_ENZ_YDR072C,0.0,0.0
catapro,r_3392_ENZ_YDR072C,0.0,0.0
catapro,r_3393_ENZ_YDR072C,0.0,0.0
catapro,r_3394_ENZ_YDR072C,0.0,0.0
catapro,r_3395_ENZ_YDR072C,0.0,0.0
catapro,r_3396_ENZ_YDR072C,0.0,0.0
catapro,r_3397_ENZ_YDR072C,0.0,0.0
catapro,r_3398_ENZ_YDR072C,0.0,0.0
catapro,r_3399_ENZ_YDR072C,0.0,0.0
catapro,r_3400_ENZ_YDR072C,0.0,0.0
catapro,r_3401_ENZ_YDR072C,0.0,0.0
catapro,r_3402_ENZ_YDR072C,0.0,0.0
catapro,r_3403_ENZ_YDR072C,0.0,0.0
catapro,r_3404_ENZ_YDR072C,0.0,0.0
catapro,r_3405_ENZ_YDR072C,0.0,0.0
catapro,r_3406_ENZ_YDR072C,0.0,0.0
catapro,r_3407_ENZ_YDR072C,0.0,0.0
catapro,r_3408_ENZ_YDR072C,0.0,0.0
catapro,r_3409_ENZ_YDR072C,0.0,0.0
catapro,r_3410_ENZ_YDR072C,0.0,0.0
catapro,r_3411_ENZ_YDR072C,0.0,0.0
catapro,r_3412_ENZ_YDR072C,0.0,0.0
catapro,r_3413_ENZ_YDR072C,0.0,0.0
catapro,r_3414_ENZ_YDR072C,0.0,0.0
catapro,r_3415_ENZ_YDR072C,0.0,0.0
catapro,r_3416_ENZ_YDR072C,0.0,0.0
catapro,r_3417_ENZ_YDR072C,0.0,0.0
catapro,r_3418_ENZ_YDR072C,0.0,0.0
catapro,r_3419_ENZ_YDR072C,0.0,0.0
catapro,r_3420_ENZ_YDR072C,0.0,0.0
catapro,r_3421_ENZ_YDR072C,0.0,0.0
catapro,r_3422_ENZ_YDR072C,0.0,0.0
catapro,r_3423_ENZ_YDR072C,0.0,0.0
catapro,r_3424_ENZ_YDR072C,0.0,0.0
catapro,r_3425_ENZ_YDR072C,0.0,0.0
catapro,r_3426_ENZ_YDR072C,0.0,0.0
catapro,r_3427_ENZ_YDR072C,0.0,0.0
catapro,r_3428_ENZ_YDR367W_and_YKL004W,0.0,4.821484894872402e-05
catapro,r_3429_ENZ_YDR367W_and_YKL004W,0.0,4.795980815964877e-05
catapro,r_3430_ENZ_YDR367W_and_YKL004W,0.0,4.566733251228765e-05
catapro,r_3431_ENZ_YDR367W_and_YKL004W,0.0,3.453529098435606e-05
catapro,r_3432_ENZ_YDR367W_and_YKL004W,0.0,2.266100549171656e-05
catapro,r_3433_ENZ_YDR367W_and_YKL004W,0.0,3.778484108938148e-05
catapro,r_3434_ENZ_YDR367W_and_YKL004W,0.0,3.275754811423071e-05
catapro,r_3435_ENZ_YDR367W_and_YKL004W,0.0,2.23685984782216e-05
catapro,r_3436_ENZ_YDR367W_and_YKL004W,0.0,4.773200797629438e-05
catapro,r_3437_ENZ_YDR367W_and_YKL004W,0.0,4.689040481220064e-05
catapro,r_3438_ENZ_YDR367W_and_YKL004W,0.0,4.522852169849779e-05
catapro,r_3439_ENZ_YDR367W_and_YKL004W,0.0,3.341146773504018e-05
catapro,r_3440_ENZ_YDR367W_and_YKL004W,0.0,2.255776839316469e-05
catapro,r_3441_ENZ_YDR367W_and_YKL004W,0.0,3.795688841338902e-05
catapro,r_3442_ENZ_YDR367W_and_YKL004W,0.0,3.3726100954638504e-05
catapro,r_3443_ENZ_YDR367W_and_YKL004W,0.0,2.2210912178119947e-05
catapro,r_3444_ENZ_YDR367W_and_YKL004W,0.0,3.138132838511687e-05
catapro,r_3445_ENZ_YDR367W_and_YKL004W,0.0,3.133951904882304e-05
catapro,r_3446_ENZ_YDR367W_and_YKL004W,0.0,4.62839078870889e-05
catapro,r_3447_ENZ_YDR367W_and_YKL004W,0.0,3.32491858390968e-05
catapro,r_3448_ENZ_YDR367W_and_YKL004W,0.0,2.261380964669934e-05
catapro,r_3449_ENZ_YDR367W_and_YKL004W,0.0,3.781213329293216e-05
catapro,r_3450_ENZ_YDR367W_and_YKL004W,0.0,3.448113596677955e-05
catapro,r_3451_ENZ_YDR367W_and_YKL004W,0.0,2.23777984990566e-05
catapro,r_3452_ENZ_YDR367W_and_YKL004W,0.0,4.7954771937583525e-05
catapro,r_3453_ENZ_YDR367W_and_YKL004W,0.0,4.710660342670302e-05
catapro,r_3454_ENZ_YDR367W_and_YKL004W,0.0,4.542540549779504e-05
catapro,r_3455_ENZ_YDR367W_and_YKL004W,0.0,3.3076347570776115e-05
catapro,r_3456_ENZ_YDR367W_and_YKL004W,0.0,2.236068662081133e-05
catapro,r_3457_ENZ_YDR367W_and_YKL004W,0.0,3.770049883447665e-05
catapro,r_3458_ENZ_YDR367W_and_YKL004W,0.0,3.392759713762185e-05
catapro,r_3459_ENZ_YDR367W_and_YKL004W,0.0,2.2305454601055283e-05
catapro,r_3460_ENZ_YDR367W_and_YKL004W,0.0,4.673217307445328e-05
catapro,r_3461_ENZ_YDR367W_and_YKL004W,0.0,4.58391623156712e-05
catapro,r_3462_ENZ_YDR367W_and_YKL004W,0.0,4.467427921171912e-05
catapro,r_3463_ENZ_YDR367W_and_YKL004W,0.0,3.245586536551627e-05
catapro,r_3464_ENZ_YDR367W_and_YKL004W,0.0,2.2242757192973467e-05
catapro,r_3465_ENZ_YDR367W_and_YKL004W,0.0,3.7262452198681634e-05
catapro,r_3466_ENZ_YDR367W_and_YKL004W,0.0,3.372345691162852e-05
catapro,r_3467_ENZ_YDR367W_and_YKL004W,0.0,2.205234845940009e-05
catapro,r_3468_ENZ_YDR367W_and_YKL004W,0.0,4.630004677841251e-05
catapro,r_3469_ENZ_YDR367W_and_YKL004W,0.0,4.560837403416912e-05
catapro,r_3470_ENZ_YDR367W_and_YKL004W,0.0,4.451915702564807e-05
catapro,r_3471_ENZ_YDR367W_and_YKL004W,0.0,3.235518055572432e-05
catapro,r_3472_ENZ_YDR367W_and_YKL004W,0.0,2.2271471372130003e-05
catapro,r_3473_ENZ_YDR367W_and_YKL004W,0.0,3.695428172247998e-05
catapro,r_3474_ENZ_YDR367W_and_YKL004W,0.0,3.311271231756762e-05
catapro,r_3475_ENZ_YDR367W_and_YKL004W,0.0,2.1984438542614283e-05
catapro,r_3476_ENZ_YDR367W_and_YKL004W,0.0,3.0854041850624176e-05
catapro,r_3477_ENZ_YDR367W_and_YKL004W,0.0,4.642875482186924e-05
catapro,r_3478_ENZ_YDR367W_and_YKL004W,0.0,4.529183699616832e-05
catapro,r_3479_ENZ_YDR367W_and_YKL004W,0.0,3.31793239190097e-05
catapro,r_3480_ENZ_YDR367W_and_YKL004W,0.0,2.24556596163996e-05
catapro,r_3481_ENZ_YDR367W_and_YKL004W,0.0,3.756002665707324e-05
catapro,r_3482_ENZ_YDR367W_and_YKL004W,0.0,3.352718330771785e-05
catapro,r_3483_ENZ_YDR367W_and_YKL004W,0.0,2.2166087160132397e-05
catapro,r_3484_ENZ_YDR367W_and_YKL004W,0.0,4.695581880073034e-05
catapro,r_3485_ENZ_YDR367W_and_YKL004W,0.0,4.613183018318132e-05
catapro,r_3486_ENZ_YDR367W_and_YKL004W,0.0,4.440624352320662e-05
catapro,r_3487_ENZ_YDR367W_and_YKL004W,0.0,3.256512196862685e-05
catapro,r_3488_ENZ_YDR367W_and_YKL004W,0.0,2.2389402508563516e-05
catapro,r_3489_ENZ_YDR367W_and_YKL004W,0.0,3.746442001372489e-05
catapro,r_3490_ENZ_YDR367W_and_YKL004W,0.0,3.375103923000248e-05
catapro,r_3491_ENZ_YDR367W_and_YKL004W,0.0,2.210074392771741e-05
catapro,r_3492_ENZ_YDR367W_and_YKL004W,0.0,4.792441023010029e-05
catapro,r_3493_ENZ_YDR367W_and_YKL004W,0.0,4.70784211427217e-05
catapro,r_3494_ENZ_YDR367W_and_YKL004W,0.0,2.9897113480935347e-05
catapro,r_3495_ENZ_YDR367W_and_YKL004W,0.0,3.303476175310542e-05
catapro,r_3496_ENZ_YDR367W_and_YKL004W,0.0,2.232798647501257e-05
catapro,r_3497_ENZ_YDR367W_and_YKL004W,0.0,3.790568266791999e-05
catapro,r_3498_ENZ_YDR367W_and_YKL004W,0.0,3.38522560892954e-05
catapro,r_3499_ENZ_YDR367W_and_YKL004W,0.0,2.2578298202874167e-05
catapro,r_3500_ENZ_YDR367W_and_YKL004W,0.0,4.7686977726473694e-05
catapro,r_3501_ENZ_YDR367W_and_YKL004W,0.0,4.69674187673222e-05
catapro,r_3502_ENZ_YDR367W_and_YKL004W,0.0,4.518202363549301e-05
catapro,r_3503_ENZ_YDR367W_and_YKL004W,0.0,3.297997988552217e-05
catapro,r_3504_ENZ_YDR367W_and_YKL004W,0.0,2.254007605624828e-05
catapro,r_3505_ENZ_YDR367W_and_YKL004W,0.0,3.79082620407872e-05
catapro,r_3506_ENZ_YDR367W_and_YKL004W,0.0,3.2319700857532546e-05
catapro,r_3507_ENZ_YDR367W_and_YKL004W,0.0,2.2249060329012727e-05
catapro,r_3508_FWD,0.0,2.6527083495291625e-05
catapro,r_3508_REV,0.0,0.0
catapro,r_3509_FWD,0.0,2.159866793748e-05
catapro,r_3509_REV,0.0,1.809234280336636e-05
catapro,r_3510_FWD,0.0,0.0002324338329218
catapro,r_3510_REV,0.0,0.0014675176144801
catapro,r_3511_FWD,0.0,0.0003584272181544
catapro,r_3511_REV,0.0,0.0014735022151307
catapro,r_3512_FWD,0.0,0.0003629496055589
catapro,r_3512_REV,0.0,0.0002465345204812
catapro,r_3513_FWD,0.0,0.003605848483011
catapro,r_3513_REV,0.0,0.0034983885350709
catapro,r_3514_FWD,0.0,3.263787927519288e-05
catapro,r_3514_REV,0.0,0.0
catapro,r_3515_FWD,0.0,0.000244272226177
catapro,r_3515_REV,0.0,0.0002480773945926
catapro,r_3516_FWD,0.0,0.0003715931309589
catapro,r_3516_REV,0.0,0.0003593323645128
catapro,r_3517_FWD,0.0234760711829514,0.0271573791451402
catapro,r_3517_REV,0.0,0.0
catapro,r_3518_FWD,0.0,0.0003574924227183
catapro,r_3518_REV,0.0,0.0113301803424468
catapro,r_3519_FWD,0.0074534900146543,0.0087019469928394
catapro,r_3519_REV,0.0,0.0
catapro,r_3520_FWD,0.0,0.0035101171304419
catapro,r_3520_REV,0.0,0.0079162101028678
catapro,r_3521_FWD,0.0,0.0
catapro,r_3521_REV,0.0,7.207894172800433e-06
catapro,r_3522_FWD,0.0,0.0
catapro,r_3522_REV,0.0,6.3781937722305616e-06
catapro,r_3523_FWD,0.0,0.0001800157645272
catapro,r_3523_REV,0.0,0.0001312171970518
catapro,r_3524_FWD,0.0,0.0001224315029454
catapro,r_3524_REV,0.0,0.0001154036883413
catapro,r_3525_FWD,0.0,0.0034916006102549
catapro,r_3525_REV,0.0,0.0234668848375634
catapro,r_3526_ENZ_YLL052C_FWD,0.0,0.0
catapro,r_3526_ENZ_YLL052C_REV,0.0479933747106255,0.0514907153913248
catapro,r_3526_ENZ_YPR192W_FWD,0.0,0.0
catapro,r_3526_ENZ_YPR192W_REV,0.0,0.0
catapro,r_3527_FWD,0.0,0.0
catapro,r_3527_REV,0.0,2.1848239161888263e-05
catapro,r_3528_FWD,0.0,0.0
catapro,r_3528_REV,0.0128246835662235,0.038767437809949
catapro,r_3529_FWD,0.0016823689834818,0.0097239374228092
catapro,r_3529_REV,0.0,0.0
catapro,r_3530_FWD,0.0,0.0
catapro,r_3530_REV,0.001689851896828,0.0097247979515344
catapro,r_3531_FWD,0.0266476638172988,0.0266509693473845
catapro,r_3531_REV,0.0,0.0
catapro,r_3532_FWD,0.0504071427000613,0.0504155854422175
catapro,r_3532_REV,0.0,0.0
catapro,r_3533_FWD,0.0,0.0
catapro,r_3533_REV,0.0504038371699757,0.0504191140079817
catapro,r_3534_FWD,0.0050440672432762,0.007382614338113
catapro,r_3534_REV,0.0,0.0
catapro,r_3535_FWD,0.0016833880364635,0.0097224953438672
catapro,r_3535_REV,0.0,0.0
catapro,r_3536_FWD,0.0,0.0
catapro,r_3536_REV,0.0115862650559133,0.0166206910487906
catapro,r_3537_FWD,0.0,0.0
catapro,r_3537_REV,0.0017747256011206,0.0019963126594609
catapro,r_3538_FWD,0.0130773354631277,0.0131619222416459
catapro,r_3538_REV,0.0,0.0
catapro,r_3539_FWD,0.0,0.0
catapro,r_3539_REV,0.0,7.363192839748844e-05
catapro,r_3540_FWD,0.0,0.0
catapro,r_3540_REV,0.0130770035410154,0.013138547585352
catapro,r_3541_FWD,0.0,0.0
catapro,r_3541_REV,0.0,0.0
catapro,r_3542_FWD,0.0,4.034505468489471e-05
catapro,r_3542_REV,0.0,0.0
catapro,r_3543_FWD,0.0,0.0036381320192144
catapro,r_3543_REV,0.0,0.001601803912692
catapro,r_3544_FWD,0.0,0.0014769189171049
catapro,r_3544_REV,0.0,0.0036381320190126
catapro,r_3545_ENZ_YKR039W_FWD,0.0112423593630939,0.0113145882817652
catapro,r_3545_ENZ_YKR039W_REV,0.0,0.0
catapro,r_3546_FWD,0.0017722509547826,0.0018821596642973
catapro,r_3546_REV,0.0,0.0
catapro,r_3547_FWD,0.0221872920769303,0.0222449824891405
catapro,r_3547_REV,0.0,0.0
catapro,r_3548_FWD,0.0,0.0
catapro,r_3548_REV,0.0221872920769303,0.0222438597549886
catapro,r_3549_FWD,0.0,0.0
catapro,r_3549_REV,0.0,0.0
catapro,r_3550_FWD,0.0,0.0
catapro,r_3550_REV,0.0,0.0
catapro,r_3551_FWD,0.0,0.0
catapro,r_3551_REV,0.0,0.0
catapro,r_3552_FWD,0.0,999.9971678625536
catapro,r_3552_REV,0.0,999.998894722891
catapro,r_3553_FWD,0.0,1.6976958589442312e-05
catapro,r_3553_REV,0.0,0.0
catapro,r_3554_FWD,0.0,0.0035436232105486
catapro,r_3554_REV,0.0,0.000298333566804
catapro,r_3555_FWD,0.0,0.0013046321650295
catapro,r_3555_REV,0.0,0.0020466920510075
catapro,r_3556_FWD,0.0,0.0034325417708025
catapro,r_3556_REV,0.0,0.0002173945142774
catapro,r_3557_FWD,0.0,0.0010006191999216
catapro,r_3557_REV,0.0,0.0035552139574303
catapro,r_3558_FWD,0.0,0.0034295595957987
catapro,r_3558_REV,0.0,0.0035609875071618
catapro,r_3559_FWD,0.0,0.0007232444627737
catapro,r_3559_REV,0.0,0.0034631058215611
catapro,r_3560_FWD,0.0,0.0034396690034235
catapro,r_3560_REV,0.0,0.0034688492336415
catapro,r_3561_FWD,0.0,0.0005890609016387
catapro,r_3561_REV,0.0,0.003465213386686
catapro,r_3562_FWD,0.0,0.0001621943211453
catapro,r_3562_REV,0.0,0.0018341330302731
catapro,r_3563_FWD,0.0,0.0001610470882814
catapro,r_3563_REV,0.0,0.0002663049421292
catapro,r_3564_FWD,0.0,0.0001601594205871
catapro,r_3564_REV,0.0,0.0017106489509424
catapro,r_3565_FWD,0.0,0.0001630819897036
catapro,r_3565_REV,0.0,5.668969514233877e-05
catapro,r_3566_FWD,0.0,0.0001601594198756
catapro,r_3566_REV,0.0,4.025190073526413e-05
catapro,r_3567_FWD,0.0,0.0001614682054897
catapro,r_3567_REV,0.0,0.0002688589126663
catapro,r_3568_FWD,0.0,7.863605102897964e-05
catapro,r_3568_REV,0.0,7.494291505128067e-05
catapro,r_3569_FWD,0.0,0.0001610470876585
catapro,r_3569_REV,0.0,2.3376779779542933e-05
catapro,r_3570_FWD,0.0,1.6884162132918768e-05
catapro,r_3570_REV,0.0,0.0
catapro,r_3571_FWD,0.0,0.0003584272185249
catapro,r_3571_REV,0.0,0.00147109989585
catapro,r_3572_FWD,0.0,0.0003705574819198
catapro,r_3572_REV,0.0,0.0013496503983064
catapro,r_3573_FWD,0.0,0.0002324338319727
catapro,r_3573_REV,0.0,0.0002277285155929
catapro,r_3574_FWD,0.0,0.0036316391810384
catapro,r_3574_REV,0.0,0.0034725978348927
catapro,r_3575_FWD,0.0,0.0002546448532593
catapro,r_3575_REV,0.0,0.0002552854485194
catapro,r_3576_FWD,0.0,0.0002455997483613
catapro,r_3576_REV,0.0,0.0003574924228965
catapro,r_3577_FWD,0.0,0.0033097148027194
catapro,r_3577_REV,0.0,0.0002493776826975
catapro,r_3578_FWD,0.0,0.0113205967076483
catapro,r_3578_REV,0.0,0.0003725279251814
catapro,r_3579_FWD,0.0,0.0005803778635314
catapro,r_3579_REV,0.0,0.0003725279278423
catapro,r_3580_FWD,0.0,0.0080604551235388
catapro,r_3580_REV,0.0,0.0035312579689415
catapro,r_3581_FWD,0.0,0.0002813091640964
catapro,r_3581_REV,0.0,0.0
catapro,r_3582_FWD,0.0,0.0078490556987626
catapro,r_3582_REV,0.0,0.0
catapro,r_3583_FWD,0.0,0.0078474164945655
catapro,r_3583_REV,0.0,0.0
catapro,r_3584_FWD,0.0,0.0
catapro,r_3584_REV,0.0,0.0078474164946114
catapro,r_3585_FWD,0.0,0.0036326748321637
catapro,r_3585_REV,0.0,0.0016063209636847
catapro,r_3586_FWD,0.0,0.0016213618074542
catapro,r_3586_REV,0.0,0.0036336096251169
catapro,r_3587_FWD,0.0,0.0014821634086481
catapro,r_3587_REV,0.0,0.0035099729886382
catapro,r_3588_FWD,0.0,0.0002975512177564
catapro,r_3588_REV,0.0,0.0035281704376562
catapro,r_3589_FWD,0.0,0.0020509385814399
catapro,r_3589_REV,0.0,0.0012586336220116
catapro,r_3590_FWD,0.0,0.0002168314212529
catapro,r_3590_REV,0.0,0.0035326949096054
catapro,r_3591_FWD,0.0,0.0034703509559514
catapro,r_3591_REV,0.0,0.0010538051211954
catapro,r_3592_FWD,0.0,0.0035544121815598
catapro,r_3592_REV,0.0,0.0035392065993821
catapro,r_3593_FWD,0.0,0.0035573746898706
catapro,r_3593_REV,0.0,0.0011921309357409
catapro,r_3594_FWD,0.0,0.0035538631571532
catapro,r_3594_REV,0.0,0.0035392066152974
catapro,r_3595_FWD,0.0,0.0035570682676827
catapro,r_3595_REV,0.0,0.0008657925568198
catapro,r_3596_FWD,0.0,0.0034325418613277
catapro,r_3596_REV,0.0,0.0
catapro,r_3597_FWD,0.0,2.3986401375275397e-05
catapro,r_3597_REV,0.0,0.0
catapro,r_3598_FWD,0.0,0.0
catapro,r_3598_REV,0.0,0.0
catapro,r_3599_FWD,0.0,0.0001804290581964
catapro,r_3599_REV,0.0,0.0001879255498727
catapro,r_3600_FWD,0.0,0.0001786436154675
catapro,r_3600_REV,0.0,0.0001800768370734
catapro,r_3601_FWD,0.0,0.0001621884015583
catapro,r_3601_REV,0.0,0.0
catapro,r_3602_FWD,0.0,0.0
catapro,r_3602_REV,0.0,0.0001685689745296
catapro,r_3603_FWD,0.0,0.0001642347839365
catapro,r_3603_REV,0.0,0.0002826316769075
catapro,r_3604_ENZ_YLL052C_FWD,0.0,0.0001405486376739
catapro,r_3604_ENZ_YLL052C_REV,0.0,0.0
catapro,r_3604_ENZ_YLL053C_FWD,0.0,0.000139640168733
catapro,r_3604_ENZ_YLL053C_REV,0.0,0.0
catapro,r_3604_ENZ_YPR192W_FWD,0.0,0.0001357641647934
catapro,r_3604_ENZ_YPR192W_REV,0.0,0.0
catapro,r_3605_ENZ_YCR037C_FWD,0.0,0.0
catapro,r_3605_ENZ_YCR037C_REV,0.0,0.0001187701625222
catapro,r_3605_ENZ_YJL198W_FWD,0.0,0.0
catapro,r_3605_ENZ_YJL198W_REV,0.0,9.929402054298377e-05
catapro,r_3605_ENZ_YML123C_FWD,0.0,0.0
catapro,r_3605_ENZ_YML123C_REV,0.0,0.0001409498025193
catapro,r_3606_ENZ_YCR098C_FWD,0.0,1.6890836205297364e-05
catapro,r_3606_ENZ_YCR098C_REV,0.0,0.0
catapro,r_3607_ENZ_YCR098C_FWD,0.0,1.5591662045918433e-05
catapro,r_3607_ENZ_YCR098C_REV,0.0,0.0
catapro,r_3608_FWD,0.0,1.6522399877163956e-05
catapro,r_3608_REV,0.0,0.0
catapro,r_3609_FWD,0.0,2.788336984191863e-05
catapro,r_3609_REV,0.0,0.0
catapro,r_3610_FWD,0.0,1.5452461619386278e-05
catapro,r_3610_REV,0.0,0.0
catapro,r_3611_FWD,0.0,2.0366563791756574e-05
catapro,r_3611_REV,0.0,0.0
catapro,r_3612_FWD,0.0,0.0
catapro,r_3612_REV,0.0,0.0
catapro,r_3613_FWD,0.0,0.0
catapro,r_3613_REV,0.0,0.0
catapro,r_3614_FWD,0.0,5.449131029919979e-05
catapro,r_3614_REV,0.0,5.449203472887345e-05
catapro,r_3615_FWD,0.0,7.966254807467281e-05
catapro,r_3615_REV,0.0,7.930817906347555e-05
catapro,r_3616_FWD,0.0,0.0001610470874902
catapro,r_3616_REV,0.0,0.000162188402386
catapro,r_3617_FWD,0.0,0.0001610470871295
catapro,r_3617_REV,0.0,0.0001698701805468
catapro,r_3618_FWD,0.0,0.0001639731304958
catapro,r_3618_REV,0.0,0.0001608737798117
catapro,r_3619_FWD,0.0,0.0001619267482618
catapro,r_3619_REV,0.0,0.0001638093836753
catapro,r_3620_FWD,0.0,0.0001632450080713
catapro,r_3620_REV,0.0,0.0001638093836315
catapro,r_3621_FWD,0.0,0.0001619282833202
catapro,r_3621_REV,0.0,0.0001642347842532
catapro,r_3622_FWD,0.0,4.700123214956248e-05
catapro,r_3622_REV,0.0,4.7001232381821135e-05
catapro,r_3623_FWD,0.0,0.0001633431576002
catapro,r_3623_REV,0.0,0.0001642347848029
catapro,r_3624_FWD,0.0,0.0001614682015782
catapro,r_3624_REV,0.0,0.0001630819886009
catapro,r_3625_FWD,0.0,0.0001627636338927
catapro,r_3625_REV,0.0,0.0001610470875865
catapro,r_3626_FWD,0.0,0.0001610470867804
catapro,r_3626_REV,0.0,0.0001614682035109
catapro,r_3627_FWD,0.0,0.0001630819878334
catapro,r_3627_REV,0.0,0.000169857740504
catapro,r_3628_FWD,0.0,0.000167820444191
catapro,r_3628_REV,0.0,0.0001610470885502
catapro,r_3629_FWD,0.0,0.0001627636340672
catapro,r_3629_REV,0.0,0.0001635055018591
catapro,r_3630_FWD,0.0,7.843096476278788e-05
catapro,r_3630_REV,0.0,4.401992530800314e-05
catapro,r_3631_FWD,0.0,0.0001630819870128
catapro,r_3631_REV,0.0,0.0001635054990062
catapro,r_3632_FWD,0.0,8.144887087432884e-05
catapro,r_3632_REV,0.0,0.0
catapro,r_3633_FWD,0.0,8.198656590135966e-05
catapro,r_3633_REV,0.0,0.0
catapro,r_3634_FWD,0.0,8.08827030995829e-05
catapro,r_3634_REV,0.0,0.0
catapro,r_3635_FWD,0.0,8.174480455175326e-05
catapro,r_3635_REV,0.0,0.0
catapro,r_3636_FWD,0.0,8.088270288797439e-05
catapro,r_3636_REV,0.0,0.0
catapro,r_3637_FWD,0.0,8.167157937033487e-05
catapro,r_3637_REV,0.0,0.0
catapro,r_3638_FWD,0.0,3.159022927209931e-05
catapro,r_3638_REV,0.0,0.0
catapro,r_3639_FWD,0.0,8.088270319434043e-05
catapro,r_3639_REV,0.0,0.0
catapro,r_3640_FWD,0.0,0.0
catapro,r_3640_REV,0.0,0.0
catapro,r_3641_FWD,0.0,0.0
catapro,r_3641_REV,0.0,0.0
catapro,r_3642_FWD,0.0,0.0
catapro,r_3642_REV,0.0,0.0
catapro,r_3643_FWD,0.0,0.0
catapro,r_3643_REV,0.0,0.0
catapro,r_3644_FWD,0.0,0.0
catapro,r_3644_REV,0.0,0.0
catapro,r_3645_FWD,0.0,0.0
catapro,r_3645_REV,0.0,0.0
catapro,r_3646_FWD,0.0,0.0
catapro,r_3646_REV,0.0,0.0
catapro,r_3647_FWD,0.0,0.0
catapro,r_3647_REV,0.0,0.0
catapro,r_3648_FWD,0.0,7.464195014755814e-05
catapro,r_3648_REV,0.0,0.0
catapro,r_3649_ENZ_YNR013C_FWD,0.0,0.0
catapro,r_3649_ENZ_YNR013C_REV,0.0,7.578862846169265e-05
catapro,r_3650_FWD,0.0,0.0001128424376507
catapro,r_3650_REV,0.0,8.290068001329959e-05
catapro,r_3651_FWD,0.0,0.0001201228414098
catapro,r_3651_REV,0.0,0.0
catapro,r_3652_FWD,0.0,0.0
catapro,r_3652_REV,0.0,0.0001201229414391
catapro,r_3653_FWD,0.0,0.0
catapro,r_3653_REV,0.0,0.0095739903235584
catapro,r_3654_FWD,0.0,8.138181640049424e-05
catapro,r_3654_REV,0.0,0.0
catapro,r_3655_FWD,0.0,8.109716071924566e-05
catapro,r_3655_REV,0.0,0.0
catapro,r_3656_FWD,0.0,8.138181646222264e-05
catapro,r_3656_REV,0.0,0.0
catapro,r_3657_FWD,0.0,8.138181653327692e-05
catapro,r_3657_REV,0.0,0.0
catapro,r_3658_FWD,0.0,8.162250424054163e-05
catapro,r_3658_REV,0.0,0.0
catapro,r_3659_FWD,0.0,8.052354431570263e-05
catapro,r_3659_REV,0.0,0.0
catapro,r_3660_FWD,0.0,4.6154067823822587e-05
catapro,r_3660_REV,0.0,0.0
catapro,r_3661_FWD,0.0,4.4560092435474985e-05
catapro,r_3661_REV,0.0,0.0
catapro,r_3662_FWD,0.0,0.0001627636320225
catapro,r_3662_REV,0.0,0.0
catapro,r_3663_FWD,0.0,0.0
catapro,r_3663_REV,0.0,0.0001627636318445
catapro,r_3664_FWD,0.0,0.0
catapro,r_3664_REV,0.0,0.0003229364077721
catapro,r_3665_FWD,0.0,0.0
catapro,r_3665_REV,0.0,0.0006694052476946
catapro,r_3666_FWD,0.0,0.0001627636326686
catapro,r_3666_REV,0.0,0.0
catapro,r_3667_FWD,0.0,0.0
catapro,r_3667_REV,0.0,0.0001632450082871
catapro,r_3668_FWD,0.0,8.942526675078886e-05
catapro,r_3668_REV,0.0,0.0
catapro,r_3669_FWD,0.0,0.0
catapro,r_3669_REV,0.0,0.0095753886975231
catapro,r_3670_FWD,0.0,7.450982177810428e-07
catapro,r_3670_REV,0.0,0.0
catapro,r_3671_FWD,0.0,0.0
catapro,r_3671_REV,0.0,0.0
catapro,r_3672_FWD,0.0,3.408778489762208e-05
catapro,r_3672_REV,0.0,0.0
catapro,r_3673_FWD,0.0,3.007413237822758e-05
catapro,r_3673_REV,0.0,0.0
catapro,r_3674_FWD,0.0,1.956931618269687e-05
catapro,r_3674_REV,0.0,0.0
catapro,r_3675_FWD,0.0,1.5292777450788018e-05
catapro,r_3675_REV,0.0,0.0
catapro,r_3676_FWD,0.0,1.545065100251035e-05
catapro,r_3676_REV,0.0,0.0
catapro,r_3677_FWD,0.0,1.845158982161153e-05
catapro,r_3677_REV,0.0,0.0
catapro,r_3678_FWD,0.0,0.0
catapro,r_3678_REV,0.0,0.0
catapro,r_3679_FWD,0.0,0.0
catapro,r_3679_REV,0.0,0.0
catapro,r_3680_ENZ_YHR002W_FWD,0.0,0.0
catapro,r_3680_ENZ_YHR002W_REV,0.0,0.0
catapro,r_3681_FWD,0.0,0.000185517884389
catapro,r_3681_REV,0.0,0.0001819173011522
catapro,r_3682_FWD,0.0,0.0003725279280329
catapro,r_3682_REV,0.0,0.0002456039821479
catapro,r_3683_FWD,0.0,0.00017817770447
catapro,r_3683_REV,0.0,0.0001799155302363
catapro,r_3684_FWD,0.0,0.0001786436158239
catapro,r_3684_REV,0.0,0.0001804290577285
catapro,r_3685_FWD,0.0,4.517714992482829e-05
catapro,r_3685_REV,0.0,0.0001237343959866
catapro,r_3686_FWD,0.0,8.20916856269227e-05
catapro,r_3686_REV,0.0,0.0003032837582899
catapro,r_3687_FWD,0.0,5.500346967225873e-05
catapro,r_3687_REV,0.0,7.550875675818773e-05
catapro,r_3688_FWD,0.0,0.0035409802649923
catapro,r_3688_REV,0.0,7.290455917365133e-05
catapro,r_3689_FWD,0.0,9.118541829852008e-05
catapro,r_3689_REV,0.0,0.0018329832545583
catapro,r_3690_FWD,0.0,8.362793046655273e-05
catapro,r_3690_REV,0.0,0.0002231599536316
catapro,r_3691_FWD,0.0,7.57076416189539e-05
catapro,r_3691_REV,0.0,0.0005872509028031
catapro,r_3692_FWD,0.0,0.0012778469173564
catapro,r_3692_REV,0.0,5.4448889476824136e-05
catapro,r_3693_FWD,0.0,9.35918205875534e-05
catapro,r_3693_REV,0.0,0.0001574788509149
catapro,r_3694_FWD,0.0,8.179513266186596e-05
catapro,r_3694_REV,0.0,0.0002170481698372
catapro,r_3695_FWD,0.0,3.314543314059193e-05
catapro,r_3695_REV,0.0,8.285535360363535e-05
catapro,r_3696_FWD,0.0,0.0035407488008718
catapro,r_3696_REV,0.0,7.436343309692815e-05
catapro,r_3697_FWD,0.0,8.981438469084788e-05
catapro,r_3697_REV,0.0,4.171134629011401e-05
catapro,r_3698_FWD,0.0,9.119969022173226e-05
catapro,r_3698_REV,0.0,0.0035565161275694
catapro,r_3699_FWD,0.0,7.479959436063055e-05
catapro,r_3699_REV,0.0,4.1704272125524126e-05
catapro,r_3700_FWD,0.0,0.0010061505206361
catapro,r_3700_REV,0.0,5.671820411486377e-05
catapro,r_3701_FWD,0.0,3.5735798815236895e-05
catapro,r_3701_REV,0.0,3.1321057533062245e-05
catapro,r_3702_FWD,0.0,6.105060242911917e-05
catapro,r_3702_REV,0.0,0.0034666771207256
catapro,r_3703_FWD,0.0,3.422974169695059e-05
catapro,r_3703_REV,0.0,3.081998369007066e-05
catapro,r_3704_FWD,0.0,0.003539938230643
catapro,r_3704_REV,0.0,4.941296353215899e-05
catapro,r_3705_FWD,0.0,5.607705527057314e-05
catapro,r_3705_REV,0.0,9.876360246765876e-05
catapro,r_3706_FWD,0.0,9.048844978327346e-05
catapro,r_3706_REV,0.0,0.0035540725674555
catapro,r_3707_FWD,0.0,7.178062692662419e-05
catapro,r_3707_REV,0.0,9.000914102156091e-05
catapro,r_3708_FWD,0.0,0.0011675764094741
catapro,r_3708_REV,0.0,5.436475397124773e-05
catapro,r_3709_FWD,0.0,5.806010062799636e-05
catapro,r_3709_REV,0.0,3.24698262295019e-05
catapro,r_3710_FWD,0.0,9.048844923387484e-05
catapro,r_3710_REV,0.0,0.0035544121788404
catapro,r_3711_FWD,0.0,5.267770204497868e-05
catapro,r_3711_REV,0.0,2.9704532886034204e-05
catapro,r_3712_FWD,0.0,0.003532694906256
catapro,r_3712_REV,0.0,7.268957924443315e-05
catapro,r_3713_FWD,0.0,3.72518640274766e-05
catapro,r_3713_REV,0.0,1.5080601476632072e-05
catapro,r_3714_FWD,0.0,5.71158613076805e-05
catapro,r_3714_REV,0.0,0.003465216208384
catapro,r_3715_FWD,0.0,7.196832379396901e-05
catapro,r_3715_REV,0.0,4.347779542551589e-05
catapro,r_3716_FWD,0.0,0.0005574823005028
catapro,r_3716_REV,0.0,4.968963777142542e-05
catapro,r_3717_FWD,0.0,0.0
catapro,r_3717_REV,0.0,2.02170430277058e-05
catapro,r_3718_FWD,0.0,0.0
catapro,r_3718_REV,0.0,3.097226537804266e-05
catapro,r_3719_FWD,0.0,0.0
catapro,r_3719_REV,0.0,3.134068081824719e-05
catapro,r_3720_FWD,0.0,0.0
catapro,r_3720_REV,0.0,1.98813100823343e-05
catapro,r_3721_FWD,0.0,2.846728226148622e-05
catapro,r_3721_REV,0.0,0.0
catapro,r_3722_FWD,0.0,2.6693186923124928e-05
catapro,r_3722_REV,0.0,0.0
catapro,r_3723_FWD,0.0,2.1425524535297625e-05
catapro,r_3723_REV,0.0,0.0
catapro,r_3724_FWD,0.0,1.9680779772228776e-05
catapro,r_3724_REV,0.0,0.0
catapro,r_3725_FWD,0.0,2.095878960370009e-05
catapro,r_3725_REV,0.0,0.0
catapro,r_3726_FWD,0.0,1.9260553275030068e-05
catapro,r_3726_REV,0.0,0.0
catapro,r_3727_FWD,0.0,3.129011975588615e-05
catapro,r_3727_REV,0.0,0.0
catapro,r_3728_FWD,0.0,2.9037093073407474e-05
catapro,r_3728_REV,0.0,0.0
catapro,r_3729_FWD,0.0,3.1028954670638524e-05
catapro,r_3729_REV,0.0,0.0
catapro,r_3730_FWD,0.0,1.8382758769683848e-05
catapro,r_3730_REV,0.0,0.0
catapro,r_3731_FWD,0.0,6.0127377622793375e-05
catapro,r_3731_REV,0.0,0.0
catapro,r_3732_FWD,0.0,7.39631050637395e-05
catapro,r_3732_REV,0.0,0.0
catapro,r_3733_FWD,0.0,7.70024146537545e-05
catapro,r_3733_REV,0.0,0.0
catapro,r_3734_FWD,0.0,7.382351970633563e-05
catapro,r_3734_REV,0.0,0.0
catapro,r_3735_FWD,0.0,0.0034295595818688
catapro,r_3735_REV,0.0,0.0
catapro,r_3736_FWD,0.0,0.0002576109920129
catapro,r_3736_REV,0.0,0.0
catapro,r_3737_FWD,0.0,0.0003678452780328
catapro,r_3737_REV,0.0,0.0
catapro,r_3738_FWD,0.0,0.0002312521739168
catapro,r_3738_REV,0.0,0.0
catapro,r_3739_FWD,0.0,5.5750911975791136e-05
catapro,r_3739_REV,0.0,0.0
catapro,r_3740_FWD,0.0,9.119969009013622e-05
catapro,r_3740_REV,0.0,0.0
catapro,r_3741_FWD,0.0,8.862464119016047e-05
catapro,r_3741_REV,0.0,0.0
catapro,r_3742_FWD,0.0,8.751880220357155e-05
catapro,r_3742_REV,0.0,0.0
catapro,r_3743_FWD,0.0,0.0035394856610177
catapro,r_3743_REV,0.0,7.546135039771147e-05
catapro,r_3744_FWD,0.0,0.0034276981697796
catapro,r_3744_REV,0.0,7.475985790384625e-05
catapro,r_3745_FWD,0.0,0.0035436774513375
catapro,r_3745_REV,0.0,7.475986249060778e-05
catapro,r_3746_FWD,0.0,0.0035324415980553
catapro,r_3746_REV,0.0,7.268957913238779e-05
catapro,r_3747_FWD,0.0,0.0
catapro,r_3747_REV,0.0,0.0035415567480463
catapro,r_3748_FWD,0.0,0.0
catapro,r_3748_REV,0.0,0.0004074112765798
catapro,r_3749_FWD,0.0,0.0
catapro,r_3749_REV,0.0,0.0005303011195688
catapro,r_3750_FWD,0.0,0.0
catapro,r_3750_REV,0.0,0.0002405999173254
catapro,r_3751_FWD,0.0,7.192297286494299e-05
catapro,r_3751_REV,0.0,0.0035414804336209
catapro,r_3752_FWD,0.0,7.211104136816467e-05
catapro,r_3752_REV,0.0,0.0035392065974631
catapro,r_3753_FWD,0.0,7.47598578779993e-05
catapro,r_3753_REV,0.0,0.0035426397215359
catapro,r_3754_FWD,0.0,4.977543406006774e-05
catapro,r_3754_REV,0.0,0.0034295595963413
catapro,r_3755_FWD,0.0,4.581087214135032e-05
catapro,r_3755_REV,0.0,0.0
catapro,r_3756_FWD,0.0,0.0077909075099985
catapro,r_3756_REV,0.0,0.0
catapro,r_3757_FWD,0.0,0.0001947177914139
catapro,r_3757_REV,0.0,0.0
catapro,r_3758_FWD,0.0,2.0887314300145966e-05
catapro,r_3758_REV,0.0,0.0
catapro,r_3759_FWD,0.0,3.285229383034882e-05
catapro,r_3759_REV,0.0,0.0
catapro,r_3760_FWD,0.0,2.643875672407087e-05
catapro,r_3760_REV,0.0,0.0
catapro,r_3761_FWD,0.0,2.215604534897648e-05
catapro,r_3761_REV,0.0,0.0
catapro,r_3762_FWD,0.0,1.6473717256742318e-05
catapro,r_3762_REV,0.0,0.0
catapro,r_3763_FWD,0.0,2.106977831879e-05
catapro,r_3763_REV,0.0,0.0
catapro,r_3764_FWD,0.0,2.8322029765429925e-05
catapro,r_3764_REV,0.0,0.0
catapro,r_3765_FWD,0.0,0.0044710934384512
catapro,r_3765_REV,0.0,0.0
catapro,r_3766_FWD,0.0,8.351035140561311e-05
catapro,r_3766_REV,0.0,0.0
catapro,r_3767_FWD,0.0,0.0010888577902755
catapro,r_3767_REV,0.0,0.0
catapro,r_3768_FWD,0.0,5.6004258516176776e-05
catapro,r_3768_REV,0.0,0.0
catapro,r_3769_FWD,0.0,6.21275053592895e-05
catapro,r_3769_REV,0.0,0.0
catapro,r_3770_FWD,0.0,0.0078462502376983
catapro,r_3770_REV,0.0,0.0
catapro,r_3771_FWD,0.0,0.0002901674928844
catapro,r_3771_REV,0.0,0.0
catapro,r_3772_FWD,0.0,1.951726177516033e-05
catapro,r_3772_REV,0.0,0.0
catapro,r_3773_FWD,0.0,0.0044710934350561
catapro,r_3773_REV,0.0,0.0
catapro,r_3774_FWD,0.0,8.351035140561311e-05
catapro,r_3774_REV,0.0,0.0
catapro,r_3775_FWD,0.0,0.0010888577904796
catapro,r_3775_REV,0.0,0.0
catapro,r_3776_FWD,0.0,5.6004258516176776e-05
catapro,r_3776_REV,0.0,0.0
catapro,r_3777_FWD,0.0,6.21275053592895e-05
catapro,r_3777_REV,0.0,0.0
catapro,r_3778_FWD,0.0,0.0078462502376983
catapro,r_3778_REV,0.0,0.0
catapro,r_3779_FWD,0.0,0.0002901674929301
catapro,r_3779_REV,0.0,0.0
catapro,r_3780_FWD,0.0,1.951726194236344e-05
catapro,r_3780_REV,0.0,0.0
catapro,r_3781_FWD,0.0,1000.0
catapro,r_3781_REV,0.0,1000.0
catapro,r_3782_FWD,0.0,1000.0
catapro,r_3782_REV,0.0,1000.0
catapro,r_3783_FWD,0.0,1000.0
catapro,r_3783_REV,0.0,1000.0
catapro,r_3784_FWD,0.0,1000.0
catapro,r_3784_REV,0.0,1000.0
catapro,r_3785_FWD,0.0,1000.0
catapro,r_3785_REV,0.0,1000.0
catapro,r_3786_FWD,0.0,1000.0
catapro,r_3786_REV,0.0,1000.0
catapro,r_3787_FWD,0.0,1000.0
catapro,r_3787_REV,0.0,1000.0
catapro,r_3788_FWD,0.0,1000.0
catapro,r_3788_REV,0.0,1000.0
catapro,r_3789_FWD,0.0,0.0
catapro,r_3789_REV,0.0,3.090501972997017e-05
catapro,r_3790_FWD,0.0,0.0
catapro,r_3790_REV,0.0,6.060324481631197e-05
catapro,r_3791_FWD,0.0,0.0
catapro,r_3791_REV,0.0,4.628544696390642e-05
catapro,r_3792_FWD,0.0,0.0
catapro,r_3792_REV,0.0,3.361506139404655e-05
catapro,r_3793_FWD,0.0,0.0
catapro,r_3793_REV,0.0,3.167104423518771e-05
catapro,r_3794_FWD,0.0,0.0
catapro,r_3794_REV,0.0,2.5947058034357174e-05
catapro,r_3795_FWD,0.0,0.0
catapro,r_3795_REV,0.0,3.430093823677502e-05
catapro,r_3796_FWD,0.0,0.0
catapro,r_3796_REV,0.0,1.5035296609916694e-05
catapro,r_3797_FWD,0.0,0.0001069897800991
catapro,r_3797_REV,0.0,0.0
catapro,r_3798_FWD,0.0,5.353444982954931e-05
catapro,r_3798_REV,0.0,0.0
catapro,r_3799_FWD,0.0,4.624375334693958e-05
catapro,r_3799_REV,0.0,0.0
catapro,r_3800_FWD,0.0,3.444315470070866e-05
catapro,r_3800_REV,0.0,0.0
catapro,r_3801_FWD,0.0,3.119484915359294e-05
catapro,r_3801_REV,0.0,0.0
catapro,r_3802_FWD,0.0,3.357225474330607e-05
catapro,r_3802_REV,0.0,0.0
catapro,r_3803_FWD,0.0,2.928189953813391e-05
catapro,r_3803_REV,0.0,0.0
catapro,r_3804_FWD,0.0,2.41947778428731e-05
catapro,r_3804_REV,0.0,0.0
catapro,r_3805_FWD,0.0,3.1287364850573866e-05
catapro,r_3805_REV,0.0,0.0001630620595024
catapro,r_3806_FWD,0.0,4.728147531900521e-05
catapro,r_3806_REV,0.0,0.0001682282066051
catapro,r_3807_FWD,0.0,4.6073905854492095e-05
catapro,r_3807_REV,0.0,0.000161047085645
catapro,r_3808_FWD,0.0,3.324918591680615e-05
catapro,r_3808_REV,0.0,0.0001610470856086
catapro,r_3809_FWD,0.0,2.1494406440517636e-05
catapro,r_3809_REV,0.0,0.0001635054979045
catapro,r_3810_FWD,0.0,3.923897687370448e-05
catapro,r_3810_REV,0.0,0.0001630819878405
catapro,r_3811_FWD,0.0,3.310565737810059e-05
catapro,r_3811_REV,0.0,6.958066905626836e-05
catapro,r_3812_FWD,0.0,2.23777998470286e-05
catapro,r_3812_REV,0.0,6.922088957406203e-05
catapro,r_3813_ENZ_YIL048W_FWD,0.0,0.0002146134529075
catapro,r_3813_ENZ_YIL048W_REV,0.0,0.0
catapro,r_3813_ENZ_YMR162C_FWD,0.0,0.0006532252840062
catapro,r_3813_ENZ_YMR162C_REV,0.0,0.0
catapro,r_3814_ENZ_YIL048W_FWD,0.0,5.307017518996855e-05
catapro,r_3814_ENZ_YIL048W_REV,0.0,0.0
catapro,r_3814_ENZ_YMR162C_FWD,0.0,6.286384583119309e-05
catapro,r_3814_ENZ_YMR162C_REV,0.0,0.0
catapro,r_3815_ENZ_YIL048W_FWD,0.0,7.585521525768207e-05
catapro,r_3815_ENZ_YIL048W_REV,0.0,0.0
catapro,r_3815_ENZ_YMR162C_FWD,0.0,9.442351795339868e-05
catapro,r_3815_ENZ_YMR162C_REV,0.0,0.0
catapro,r_3816_ENZ_YIL048W_FWD,0.0,3.846790817769834e-05
catapro,r_3816_ENZ_YIL048W_REV,0.0,0.0
catapro,r_3816_ENZ_YMR162C_FWD,0.0,4.262998566462867e-05
catapro,r_3816_ENZ_YMR162C_REV,0.0,0.0
catapro,r_3817_ENZ_YIL048W_FWD,0.0,3.363673579105761e-05
catapro,r_3817_ENZ_YIL048W_REV,0.0,0.0
catapro,r_3817_ENZ_YMR162C_FWD,0.0,5.9246372616735855e-05
catapro,r_3817_ENZ_YMR162C_REV,0.0,0.0
catapro,r_3818_ENZ_YIL048W_FWD,0.0,0.0001591136988262
catapro,r_3818_ENZ_YIL048W_REV,0.0,0.0
catapro,r_3818_ENZ_YMR162C_FWD,0.0,0.0004734190240478
catapro,r_3818_ENZ_YMR162C_REV,0.0,0.0
catapro,r_3819_ENZ_YIL048W_FWD,0.0,0.0001349745185222
catapro,r_3819_ENZ_YIL048W_REV,0.0,0.0
catapro,r_3819_ENZ_YMR162C_FWD,0.0,0.0002004069854789
catapro,r_3819_ENZ_YMR162C_REV,0.0,0.0
catapro,r_3820_ENZ_YIL048W_FWD,0.0,1.7905004159183854e-05
catapro,r_3820_ENZ_YIL048W_REV,0.0,0.0
catapro,r_3820_ENZ_YMR162C_FWD,0.0,1.9509697425858996e-05
catapro,r_3820_ENZ_YMR162C_REV,0.0,0.0
catapro,r_3821_ENZ_YAL026C_FWD,0.0,0.0004157957001155
catapro,r_3821_ENZ_YAL026C_REV,0.0,0.0
catapro,r_3822_ENZ_YAL026C_FWD,0.0,4.373780662712866e-05
catapro,r_3822_ENZ_YAL026C_REV,0.0,0.0
catapro,r_3823_ENZ_YAL026C_FWD,0.0,7.032019903557874e-05
catapro,r_3823_ENZ_YAL026C_REV,0.0,0.0
catapro,r_3824_ENZ_YAL026C_FWD,0.0,2.787999556830852e-05
catapro,r_3824_ENZ_YAL026C_REV,0.0,0.0
catapro,r_3825_ENZ_YAL026C_FWD,0.0,5.749892211639108e-05
catapro,r_3825_ENZ_YAL026C_REV,0.0,0.0
catapro,r_3826_ENZ_YAL026C_FWD,0.0,0.0004567272741235
catapro,r_3826_ENZ_YAL026C_REV,0.0,0.0
catapro,r_3827_ENZ_YAL026C_FWD,0.0,0.0002015177136499
catapro,r_3827_ENZ_YAL026C_REV,0.0,0.0
catapro,r_3828_ENZ_YAL026C_FWD,0.0,2.959876616908539e-05
catapro,r_3828_ENZ_YAL026C_REV,0.0,0.0
catapro,r_3829_FWD,0.0,0.0
catapro,r_3829_REV,0.0,0.0
catapro,r_3830_FWD,0.0,0.0
catapro,r_3830_REV,0.0,0.0
catapro,r_3831_FWD,0.0,0.0
catapro,r_3831_REV,0.0,0.0
catapro,r_3832_FWD,0.0,0.0
catapro,r_3832_REV,0.0,0.0
catapro,r_3833_FWD,0.0,0.0
catapro,r_3833_REV,0.0,0.0
catapro,r_3834_FWD,0.0,0.0
catapro,r_3834_REV,0.0,0.0
catapro,r_3835_FWD,0.0,0.0
catapro,r_3835_REV,0.0,0.0
catapro,r_3836_FWD,0.0,0.0
catapro,r_3836_REV,0.0,0.0
catapro,r_3837_FWD,0.0,0.0001639731308131
catapro,r_3837_REV,0.0,0.0
catapro,r_3838_FWD,0.0,0.0001638093828639
catapro,r_3838_REV,0.0,0.0
catapro,r_3839_FWD,0.0,0.0001629177565152
catapro,r_3839_REV,0.0,0.0
catapro,r_3840_FWD,0.0,0.0001634896084817
catapro,r_3840_REV,0.0,0.0
catapro,r_3841_FWD,0.0,0.0001701899584047
catapro,r_3841_REV,0.0,0.0
catapro,r_3842_FWD,0.0,0.000163809382911
catapro,r_3842_REV,0.0,0.0
catapro,r_3843_FWD,0.0,7.257396154525253e-05
catapro,r_3843_REV,0.0,0.0
catapro,r_3844_FWD,0.0,6.917388847460515e-05
catapro,r_3844_REV,0.0,0.0
catapro,r_3845_FWD,0.0,0.0037008643653802
catapro,r_3845_REV,0.0,0.0
catapro,r_3846_FWD,0.0,6.806941361683569e-05
catapro,r_3846_REV,0.0,0.0
catapro,r_3847_FWD,0.0,0.0003176121565188
catapro,r_3847_REV,0.0,0.0
catapro,r_3848_FWD,0.0,3.942420369981032e-05
catapro,r_3848_REV,0.0,0.0
catapro,r_3849_FWD,0.0,4.580782066695554e-05
catapro,r_3849_REV,0.0,0.0
catapro,r_3850_FWD,0.0,0.0077964548560582
catapro,r_3850_REV,0.0,0.0
catapro,r_3851_FWD,0.0,0.000267645863891
catapro,r_3851_REV,0.0,0.0
catapro,r_3852_FWD,0.0,2.1037265028626885e-05
catapro,r_3852_REV,0.0,0.0
catapro,r_3853_FWD,0.0,0.0037008643653802
catapro,r_3853_REV,0.0,0.0
catapro,r_3854_FWD,0.0,6.806941361683569e-05
catapro,r_3854_REV,0.0,0.0
catapro,r_3855_FWD,0.0,0.0003288999720627
catapro,r_3855_REV,0.0,0.0
catapro,r_3856_FWD,0.0,3.93716402998758e-05
catapro,r_3856_REV,0.0,0.0
catapro,r_3857_FWD,0.0,4.2683181337552136e-05
catapro,r_3857_REV,0.0,0.0
catapro,r_3858_FWD,0.0,0.0078538687875195
catapro,r_3858_REV,0.0,0.0
catapro,r_3859_FWD,0.0,0.0002788901474818
catapro,r_3859_REV,0.0,0.0
catapro,r_3860_FWD,0.0,3.14297352225581e-05
catapro,r_3860_REV,0.0,0.0
catapro,r_3861_FWD,0.0,0.0001642347839765
catapro,r_3861_REV,0.0,0.0
catapro,r_3862_FWD,0.0,0.0001628977416685
catapro,r_3862_REV,0.0,0.0
catapro,r_3863_FWD,0.0,0.0001681459821609
catapro,r_3863_REV,0.0,0.0
catapro,r_3864_FWD,0.0,0.0001619267454988
catapro,r_3864_REV,0.0,0.0
catapro,r_3865_FWD,0.0,0.0001621884011822
catapro,r_3865_REV,0.0,0.0
catapro,r_3866_FWD,0.0,0.0001634896082807
catapro,r_3866_REV,0.0,0.0
catapro,r_3867_FWD,0.0,7.327184202088333e-05
catapro,r_3867_REV,0.0,0.0
catapro,r_3868_FWD,0.0,7.018977057143827e-05
catapro,r_3868_REV,0.0,0.0
catapro,r_3869_FWD,0.0,0.0001638093834692
catapro,r_3869_REV,0.0,0.0001468060039377
catapro,r_3870_FWD,0.0,0.0001638093839321
catapro,r_3870_REV,0.0,7.971427511114464e-05
catapro,r_3871_FWD,0.0,0.0001625979810965
catapro,r_3871_REV,0.0,0.001794222644411
catapro,r_3872_FWD,0.0,0.000162188399658
catapro,r_3872_REV,0.0,8.787256705960004e-05
catapro,r_3873_FWD,0.0,0.0001639731312632
catapro,r_3873_REV,0.0,0.0001619267485621
catapro,r_3874_FWD,0.0,0.0001634896074276
catapro,r_3874_REV,0.0,0.0002592017841175
catapro,r_3875_FWD,0.0,8.700272371997553e-05
catapro,r_3875_REV,0.0,4.366164336294925e-05
catapro,r_3876_FWD,0.0,0.0001638093838263
catapro,r_3876_REV,0.0,8.227000318639098e-05
catapro,r_3877_FWD,0.0,3.9343818255631627e-05
catapro,r_3877_REV,0.0,0.0
catapro,r_3878_FWD,0.0,3.353152467199579e-05
catapro,r_3878_REV,0.0,0.0
catapro,r_3879_FWD,0.0,3.858743940618788e-05
catapro,r_3879_REV,0.0,0.0
catapro,r_3880_FWD,0.0,2.415269209262924e-05
catapro,r_3880_REV,0.0,0.0
catapro,r_3881_FWD,0.0,4.048492310816343e-05
catapro,r_3881_REV,0.0,0.0
catapro,r_3882_FWD,0.0,3.728236379969307e-05
catapro,r_3882_REV,0.0,0.0
catapro,r_3883_FWD,0.0,3.995662022366167e-05
catapro,r_3883_REV,0.0,0.0
catapro,r_3884_FWD,0.0,2.749863045319463e-05
catapro,r_3884_REV,0.0,0.0
catapro,r_3885_ENZ_YAL026C_FWD,0.0,0.0
catapro,r_3885_ENZ_YAL026C_REV,0.0,0.0
catapro,r_3886_ENZ_YAL026C_FWD,0.0,0.0
catapro,r_3886_ENZ_YAL026C_REV,0.0,0.0
catapro,r_3887_ENZ_YAL026C_FWD,0.0,0.0
catapro,r_3887_ENZ_YAL026C_REV,0.0,0.0
catapro,r_3888_ENZ_YAL026C_FWD,0.0,0.0
catapro,r_3888_ENZ_YAL026C_REV,0.0,0.0
catapro,r_3889_ENZ_YAL026C_FWD,0.0,0.0
catapro,r_3889_ENZ_YAL026C_REV,0.0,0.0
catapro,r_3890_ENZ_YAL026C_FWD,0.0,0.0
catapro,r_3890_ENZ_YAL026C_REV,0.0,0.0
catapro,r_3891_ENZ_YAL026C_FWD,0.0,0.0
catapro,r_3891_ENZ_YAL026C_REV,0.0,0.0
catapro,r_3892_ENZ_YAL026C_FWD,0.0,0.0
catapro,r_3892_ENZ_YAL026C_REV,0.0,0.0
catapro,r_3893_ENZ_YIL048W_FWD,0.0,0.0
catapro,r_3893_ENZ_YIL048W_REV,0.0,0.0
catapro,r_3894_ENZ_YIL048W_FWD,0.0,0.0
catapro,r_3894_ENZ_YIL048W_REV,0.0,0.0
catapro,r_3895_ENZ_YIL048W_FWD,0.0,0.0
catapro,r_3895_ENZ_YIL048W_REV,0.0,0.0
catapro,r_3896_ENZ_YIL048W_FWD,0.0,0.0
catapro,r_3896_ENZ_YIL048W_REV,0.0,0.0
catapro,r_3897_ENZ_YIL048W_FWD,0.0,0.0
catapro,r_3897_ENZ_YIL048W_REV,0.0,0.0
catapro,r_3898_ENZ_YIL048W_FWD,0.0,0.0
catapro,r_3898_ENZ_YIL048W_REV,0.0,0.0
catapro,r_3899_ENZ_YIL048W_FWD,0.0,0.0
catapro,r_3899_ENZ_YIL048W_REV,0.0,0.0
catapro,r_3900_ENZ_YIL048W_FWD,0.0,0.0
catapro,r_3900_ENZ_YIL048W_REV,0.0,0.0
catapro,r_3901_FWD,0.0,7.93081795851042e-05
catapro,r_3901_REV,0.0,7.930817958248889e-05
catapro,r_3902_FWD,0.0,7.918182752878385e-05
catapro,r_3902_REV,0.0,7.831999048384272e-05
catapro,r_3903_FWD,0.0,2.513459086391789e-05
catapro,r_3903_REV,0.0,0.0
catapro,r_3904_FWD,0.0,2.2224204424845483e-05
catapro,r_3904_REV,0.0,0.0
catapro,r_3905_FWD,0.0,2.4142401082639933e-05
catapro,r_3905_REV,0.0,0.0
catapro,r_3906_FWD,0.0,3.6637922057518e-05
catapro,r_3906_REV,0.0,0.0
catapro,r_3907_FWD,0.0,3.836940732086012e-05
catapro,r_3907_REV,0.0,0.0
catapro,r_3908_FWD,0.0,3.859651552910026e-05
catapro,r_3908_REV,0.0,0.0
catapro,r_3909_FWD,0.0,2.472316543605927e-05
catapro,r_3909_REV,0.0,0.0
catapro,r_3910_FWD,0.0,1.9386635255771787e-05
catapro,r_3910_REV,0.0,0.0
catapro,r_3911_FWD,0.0,0.0001128436204846
catapro,r_3911_REV,0.0,0.0001201228412115
catapro,r_3912_FWD,0.0,0.0001128620896135
catapro,r_3912_REV,0.0,0.0001128602276834
catapro,r_3913_FWD,0.0,0.0001128415064584
catapro,r_3913_REV,0.0,0.0001128659131732
catapro,r_3914_FWD,0.0,0.0001112246704924
catapro,r_3914_REV,0.0,0.0001128630232396
catapro,r_3915_FWD,0.0,0.0001111924059558
catapro,r_3915_REV,0.0,0.0001112073277038
catapro,r_3916_FWD,0.0,0.0001201228413094
catapro,r_3916_REV,0.0,0.0001201228414053
catapro,r_3917_FWD,0.0,6.412644447451044e-05
catapro,r_3917_REV,0.0,3.154257714016451e-05
catapro,r_3918_FWD,0.0,0.0001102433018362
catapro,r_3918_REV,0.0,0.0001119506584448
catapro,r_3919_FWD,0.0,0.0001201228414018
catapro,r_3919_REV,0.0,0.0
catapro,r_3920_FWD,0.0,0.0001128595738458
catapro,r_3920_REV,0.0,0.0
catapro,r_3921_FWD,0.0,0.0001201228413121
catapro,r_3921_REV,0.0,0.0
catapro,r_3922_FWD,0.0,0.0001225003625604
catapro,r_3922_REV,0.0,0.0
catapro,r_3923_FWD,0.0,0.0001128430151006
catapro,r_3923_REV,0.0,0.0
catapro,r_3924_FWD,0.0,0.0001638093811736
catapro,r_3924_REV,0.0,0.0
catapro,r_3925_FWD,0.0,4.52627923545057e-05
catapro,r_3925_REV,0.0,0.0
catapro,r_3926_FWD,0.0,0.0001692983285752
catapro,r_3926_REV,0.0,0.0
catapro,r_3927_FWD,0.0,1.6096350299193247e-05
catapro,r_3927_REV,0.0,0.0
catapro,r_3928_FWD,0.0,1.0758306776276726e-05
catapro,r_3928_REV,0.0,0.0
catapro,r_3929_FWD,0.0,8.043688970404972e-05
catapro,r_3929_REV,0.0,0.0
catapro,r_3930_FWD,0.0,8.109420070540052e-05
catapro,r_3930_REV,0.0,0.0
catapro,r_3931_FWD,0.0,8.190469186164506e-05
catapro,r_3931_REV,0.0,0.0
catapro,r_3932_FWD,0.0,8.088270301787048e-05
catapro,r_3932_REV,0.0,0.0
catapro,r_3933_FWD,0.0,8.10942011573168e-05
catapro,r_3933_REV,0.0,0.0
catapro,r_3934_FWD,0.0,8.211739176466892e-05
catapro,r_3934_REV,0.0,0.0
catapro,r_3935_FWD,0.0,3.127762691934599e-05
catapro,r_3935_REV,0.0,0.0
catapro,r_3936_FWD,0.0,8.096337362095696e-05
catapro,r_3936_REV,0.0,0.0
catapro,r_3937_FWD,0.0,0.0
catapro,r_3937_REV,0.0,9.220578659091443e-06
catapro,r_3938_FWD,0.0,0.0
catapro,r_3938_REV,0.0,8.859084550394414e-06
catapro,r_3939_FWD,0.0,1000.0
catapro,r_3939_REV,0.0,999.9960406377744
catapro,r_3940,0.0,3.0870721289579524e-05
catapro,r_3941_FWD,0.0,0.0001689700744564
catapro,r_3941_REV,0.0,0.0
catapro,r_3942_FWD,0.0,0.0001691158730343
catapro,r_3942_REV,0.0,0.0
catapro,r_3943_FWD,0.0,0.0001614682031808
catapro,r_3943_REV,0.0,0.0
catapro,r_3944_FWD,0.0,0.0001630819893273
catapro,r_3944_REV,0.0,0.0
catapro,r_3945_FWD,0.0,0.0001601594194367
catapro,r_3945_REV,0.0,0.0
catapro,r_3946_FWD,0.0,0.0001635054996652
catapro,r_3946_REV,0.0,0.0
catapro,r_3947_FWD,0.0,6.951133957266986e-05
catapro,r_3947_REV,0.0,0.0
catapro,r_3948_FWD,0.0,6.660078071507591e-05
catapro,r_3948_REV,0.0,0.0
catapro,r_3949_FWD,0.0,7.047490087125352e-05
catapro,r_3949_REV,0.0,0.0
catapro,r_3950_FWD,0.0,4.539046804333484e-05
catapro,r_3950_REV,0.0,0.0
catapro,r_3951_FWD,0.0,4.365551925200606e-05
catapro,r_3951_REV,0.0,0.0
catapro,r_3952_FWD,0.0,4.506752433323829e-05
catapro,r_3952_REV,0.0,0.0
catapro,r_3953_FWD,0.0,4.7429579020485946e-05
catapro,r_3953_REV,0.0,0.0
catapro,r_3954_FWD,0.0,7.301940199039292e-05
catapro,r_3954_REV,0.0,0.0
catapro,r_3955_FWD,0.0,4.390796924091944e-05
catapro,r_3955_REV,0.0,0.0
catapro,r_3956_FWD,0.0,4.25125046747965e-05
catapro,r_3956_REV,0.0,0.0
catapro,r_3957_FWD,0.0,0.0
catapro,r_3957_REV,0.0,0.0001327232507817
catapro,r_3958_FWD,0.0,0.0
catapro,r_3958_REV,0.0,0.0
catapro,r_3959_ENZ_YBR192W_FWD,0.0,0.0
catapro,r_3959_ENZ_YBR192W_REV,0.0,4.455623911863924e-05
catapro,r_3960_ENZ_YBR192W_FWD,0.0,4.399723318360138e-05
catapro,r_3960_ENZ_YBR192W_REV,0.0,0.0
catapro,r_3961_ENZ_YER053C_FWD,0.0,0.0
catapro,r_3961_ENZ_YER053C_REV,0.0,1.9378135144007547e-05
catapro,r_3961_ENZ_YJR077C_FWD,0.0,0.0
catapro,r_3961_ENZ_YJR077C_REV,0.0,4.4356768471282e-05
catapro,r_3962_FWD,0.0,0.0
catapro,r_3962_REV,0.0,4.621380160346031e-05
catapro,r_3963,0.0,0.0018341280728322
catapro,r_3964,0.0,0.0001613744364522
catapro,r_3965,0.0,0.0017106429148569
catapro,r_3966,0.0,3.581086402059991e-05
catapro,r_3967,0.0,2.500172987848705e-05
catapro,r_3968,0.0,0.0001653273943961
catapro,r_3969,0.0,6.774129599779984e-05
catapro,r_3970,0.0,1.4094223056047892e-05
catapro,r_3971,0.0,0.0001001884259372
catapro,r_3972,0.0020031729804769,0.0022105642091637
catapro,r_3973_FWD,0.0014614156084066,0.0014614221004038
catapro,r_3973_REV,0.0,0.0
catapro,r_3975,0.0,0.0012443176087142
catapro,r_3976,0.0,0.0012542123343123
catapro,r_3977,0.0,0.000195155642302
catapro,r_3978,0.0,3.3002243862888725e-05
catapro,r_3979,0.0,0.0017409868430404
catapro,r_3980,0.0,9.63713745497357e-05
catapro,r_3981,0.0,0.0015380552738083
catapro,r_3982,0.0,3.570723572793848e-05
catapro,r_3983,0.0,3.204133686552124e-05
catapro,r_3984,0.0,0.0002349418530204
catapro,r_3985,0.0,7.25538792465956e-05
catapro,r_3986,0.0,1.7447494169485616e-05
catapro,r_3987_FWD,0.0012778207113696,0.0012778207113696
catapro,r_3987_REV,0.0,0.0
catapro,r_3988,0.0,0.0031629908561726
catapro,r_3989,0.0,0.0032399637321063
catapro,r_3990,0.0,0.0006098468278649
catapro,r_3991,0.0,3.52815616055718e-05
catapro,r_3992,0.0,0.0044082223968041
catapro,r_3993,0.0,0.0045143362952533
catapro,r_3994,0.0,0.0006098468278848
catapro,r_3995,0.0,3.615707725984123e-05
catapro,r_3996_FWD,0.005536407098943,0.005536407098943
catapro,r_3996_REV,0.0,0.0
catapro,r_3997,0.0,0.0021565872534751
catapro,r_3998,0.0,0.0021628994628446
catapro,r_3999,0.0,0.0004623224698341
catapro,r_4000,0.0,3.488910283459212e-05
catapro,r_4001,0.0,0.0001521012794711
catapro,r_4002,0.0,0.0001606427072969
catapro,r_4003,0.0,0.0001183470753612
catapro,r_4004,0.0,2.7499148744943285e-05
catapro,r_4005_FWD,0.0014879348871442,0.0014879348871442
catapro,r_4005_REV,0.0,0.0
catapro,r_4006,0.0,7.828982102456356e-05
catapro,r_4007,0.0,3.128297160461037e-05
catapro,r_4008,0.0,0.0018329776442991
catapro,r_4009,0.0,6.158479892541123e-05
catapro,r_4010,0.0,0.0001006315084276
catapro,r_4011,0.0,2.923121602565917e-05
catapro,r_4012,0.0,2.585714267493459e-05
catapro,r_4013,0.0,1.5680504157983687e-05
catapro,r_4014,0.0,0.0001247840220985
catapro,r_4015,0.0,4.084292690331596e-05
catapro,r_4016,0.0,0.00158485329608
catapro,r_4017,0.0,5.947532632651712e-05
catapro,r_4018,0.0,9.190879534257448e-05
catapro,r_4019,0.0,4.256271102129232e-05
catapro,r_4020,0.0,2.512648729732564e-05
catapro,r_4021,0.0,1.7194523990923244e-05
catapro,r_4022,0.0,8.410016953741503e-05
catapro,r_4023,0.0,2.9777239135916e-05
catapro,r_4024,0.0,0.000874331306982
catapro,r_4025,0.0,7.458854881389297e-05
catapro,r_4026,0.0,5.073259275571877e-05
catapro,r_4027,0.0,2.7731620719999437e-05
catapro,r_4028,0.0,2.5342089379359764e-05
catapro,r_4029,0.0,1.66080571195786e-05
catapro,r_4030,0.0,6.005601175712382e-05
catapro,r_4031,0.0,2.9801053054038032e-05
catapro,r_4032,0.0,0.0001260933568829
catapro,r_4033,0.0,3.842238778965887e-05
catapro,r_4034,0.0,5.892741941326655e-05
catapro,r_4035,0.0,2.8014587488967013e-05
catapro,r_4036,0.0,2.0577757380123444e-05
catapro,r_4037,0.0,1.4718889179184643e-05
catapro,r_4038_FWD,0.0014724312927297,0.0014724312927297
catapro,r_4038_REV,0.0,0.0
catapro,r_4039_ENZ_YBL015W_FWD,0.0,0.0001093398937855
catapro,r_4039_ENZ_YBL015W_REV,0.0,0.0003933175858765
catapro,r_4040_FWD,0.0,1.683378207908287e-06
catapro,r_4040_REV,0.0,0.0
catapro,r_4041,0.2147309051931643,0.2147319042564084
catapro,r_4042,0.0,0.0
catapro,r_4043,0.0,0.0
catapro,r_4044,0.0,0.0
catapro,r_4045_ENZ_YDR400W,0.0,0.0001540547298182
catapro,r_4046,0.7,0.7
catapro,r_4047,0.2147309051931643,0.2147319042564084
catapro,r_4048,0.2147309051931643,0.2147319042564084
catapro,r_4049,0.2147309051931643,0.2147319042564084
catapro,r_4050,0.2147309051931643,0.2147319042564084
catapro,r_4051,0.0,0.0
catapro,r_4052,0.0,0.0
catapro,r_4053,0.0,0.0
catapro,r_4054,0.0,0.0
catapro,r_4055,0.0,0.0
catapro,r_4056,0.0,0.0
catapro,r_4057,0.0,0.0
catapro,r_4058,0.0,0.0
catapro,r_4059,0.0,0.0
catapro,r_4060,0.0,0.0
catapro,r_4061,0.0,0.0
catapro,r_4062,0.0,0.0
catapro,r_4063,0.2147309051931643,0.2147319042564084
catapro,r_4064,0.0,0.0
catapro,r_4065,0.2147309051931643,0.2147319042564084
catapro,r_4066,0.0,0.0
catapro,r_4067,0.0,0.0
catapro,r_4068,0.0,0.0
catapro,r_4069,0.0,0.0
catapro,r_4070,0.0,0.0
catapro,r_4071,0.0,0.0
catapro,r_4072,0.0,0.0
catapro,r_4073,0.0,0.0
catapro,r_4074,0.0,0.0
catapro,r_4075,0.0,0.0
catapro,r_4076,0.0,0.0
catapro,r_4077,0.0,0.0
catapro,r_4078,0.0,0.0
catapro,r_4079,0.0,0.0
catapro,r_4080,0.0,0.0
catapro,r_4081,0.0,0.0
catapro,r_4082,0.0,0.0
catapro,r_4083,0.0,0.0
catapro,r_4084,0.0,0.0
catapro,r_4085,0.0,0.0
catapro,r_4086,0.0,0.0
catapro,r_4087,0.0,0.0
catapro,r_4088,0.0,0.0
catapro,r_4089,0.0,0.0
catapro,r_4090,0.0,0.0
catapro,r_4091,0.0,0.0
catapro,r_4092,0.0,0.0
catapro,r_4093,0.0,0.0
catapro,r_4094,0.0,0.0
catapro,r_4095,0.0,0.0
catapro,r_4096,0.0,0.0
catapro,r_4097,0.0,0.0
catapro,r_4098,0.0,0.0
catapro,r_4099,0.0,0.0
catapro,r_4100,0.0,0.0
catapro,r_4101,0.0,0.0
catapro,r_4102,0.0,0.0
catapro,r_4103,0.0,0.0
catapro,r_4104,0.0,0.0
catapro,r_4105,0.0,0.0
catapro,r_4106,0.0,0.0
catapro,r_4107,0.0,0.0
catapro,r_4108,0.0,0.0
catapro,r_4109,0.0,0.0
catapro,r_4110,0.0,0.0
catapro,r_4111,0.0,0.0
catapro,r_4112,0.0,0.0
catapro,r_4113,0.0,0.0
catapro,r_4114,0.0,0.0
catapro,r_4115,0.0,0.0
catapro,r_4116,0.0,0.0
catapro,r_4117,0.0,0.0
catapro,r_4118,0.0,0.0
catapro,r_4119,0.0,0.0
catapro,r_4120,0.0,0.0
catapro,r_4121,0.0,0.0
catapro,r_4122,0.0,0.0
catapro,r_4123,0.0,0.0
catapro,r_4124,0.0,0.0
catapro,r_4125,0.0,0.0
catapro,r_4126,0.0,0.0
catapro,r_4127,0.0,0.0
catapro,r_4128,0.0,0.0
catapro,r_4129,0.0,0.0
catapro,r_4130,0.0,0.0
catapro,r_4131,0.0,0.0
catapro,r_4132,0.0,0.0
catapro,r_4133,0.0,0.0
catapro,r_4134,0.0,0.0
catapro,r_4135,0.0,0.0
catapro,r_4136,0.0,0.0
catapro,r_4137,0.0,0.0
catapro,r_4138,0.0,0.0
catapro,r_4139,0.0,0.0
catapro,r_4140,0.0,0.0
catapro,r_4141,0.0,0.0
catapro,r_4142,0.0,0.0
catapro,r_4143,0.0,0.0
catapro,r_4144,0.0,0.0
catapro,r_4145,0.0,0.0
catapro,r_4146,0.0,0.0
catapro,r_4147,0.0,0.0
catapro,r_4148,0.0,0.0
catapro,r_4149,0.0,0.0
catapro,r_4150,0.0,0.0
catapro,r_4151,0.0,0.0
catapro,r_4152_ENZ_YAL039C_FWD,0.0,0.0
catapro,r_4152_ENZ_YAL039C_REV,0.0,0.0
catapro,r_4152_ENZ_YKL087C_FWD,0.0,0.0
catapro,r_4152_ENZ_YKL087C_REV,0.0,0.0
catapro,r_4153_ENZ_YAL061W,0.0,-0.0
catapro,r_4154_ENZ_YAL061W_FWD,0.0,0.0
catapro,r_4154_ENZ_YAL061W_REV,0.0,0.0
catapro,r_4155_ENZ_YBL080C,0.0,-0.0
catapro,r_4156_ENZ_YBL091C_FWD,0.0,0.0
catapro,r_4156_ENZ_YBL091C_REV,0.0,1.3237911796082358e-05
catapro,r_4156_ENZ_YLR244C_FWD,0.0,0.0
catapro,r_4156_ENZ_YLR244C_REV,0.0,1.3025006842665166e-05
catapro,r_4157_ENZ_YBR022W_FWD,0.0,0.0
catapro,r_4157_ENZ_YBR022W_REV,0.0,0.0
catapro,r_4157_ENZ_YMR087W_FWD,0.0,0.0
catapro,r_4157_ENZ_YMR087W_REV,0.0,0.0
catapro,r_4158_ENZ_YBR046C_FWD,0.0,0.0
catapro,r_4158_ENZ_YBR046C_REV,0.0,0.0
catapro,r_4159_ENZ_YBR070C_and_YGL047W_FWD,0.0,0.0
catapro,r_4159_ENZ_YBR070C_and_YGL047W_REV,0.0,0.0
catapro,r_4160_ENZ_YBR111C_FWD,0.0,0.0
catapro,r_4160_ENZ_YBR111C_REV,0.0,0.0
catapro,r_4161_ENZ_YBR147W_FWD,0.0,0.0003654860716173
catapro,r_4161_ENZ_YBR147W_REV,0.0,0.0
catapro,r_4161_ENZ_YDR352W_FWD,0.0,0.0002140995528885
catapro,r_4161_ENZ_YDR352W_REV,0.0,0.0
catapro,r_4162_ENZ_YBR147W_FWD,0.0,1000.0
catapro,r_4162_ENZ_YBR147W_REV,0.0,0.0
catapro,r_4162_ENZ_YDR352W_FWD,0.0,1000.0
catapro,r_4162_ENZ_YDR352W_REV,0.0,0.0
catapro,r_4163_ENZ_YBR147W_FWD,0.0,0.0005841433019999
catapro,r_4163_ENZ_YBR147W_REV,0.0,0.0
catapro,r_4163_ENZ_YDR352W_FWD,0.0,0.0004910466333907
catapro,r_4163_ENZ_YDR352W_REV,0.0,0.0
catapro,r_4164_ENZ_YBR222C_FWD,0.0,0.0
catapro,r_4164_ENZ_YBR222C_REV,0.0,0.0
catapro,r_4165_ENZ_YBR229C_FWD,0.0,0.0
catapro,r_4165_ENZ_YBR229C_REV,0.0,0.0
catapro,r_4166_ENZ_YBR229C_FWD,0.0,0.0
catapro,r_4166_ENZ_YBR229C_REV,0.0,0.0
catapro,r_4167_ENZ_YBR235W_FWD,0.0,0.0
catapro,r_4167_ENZ_YBR235W_REV,0.0,0.0
catapro,r_4168_ENZ_YBR241C_FWD,0.0,0.0
catapro,r_4168_ENZ_YBR241C_REV,0.0,0.0
catapro,r_4169_ENZ_YBR241C_FWD,0.0,0.0
catapro,r_4169_ENZ_YBR241C_REV,0.0,0.0
catapro,r_4170_ENZ_YBR243C_FWD,0.0,0.0
catapro,r_4170_ENZ_YBR243C_REV,0.0,0.0
catapro,r_4171_ENZ_YBR281C_and_YNL191W,0.0,4.0381792993346354e-05
catapro,r_4172_ENZ_YBR295W,0.0,-0.0
catapro,r_4173_ENZ_YCL017C_FWD,0.0,0.0
catapro,r_4173_ENZ_YCL017C_REV,0.0,0.0
catapro,r_4174_ENZ_YCR011C_FWD,0.0,0.0
catapro,r_4174_ENZ_YCR011C_REV,0.0,0.0
catapro,r_4175_ENZ_YCR107W_FWD,0.0,0.0
catapro,r_4175_ENZ_YCR107W_REV,0.0,0.0
catapro,r_4175_ENZ_YDL243C_FWD,0.0,0.0
catapro,r_4175_ENZ_YDL243C_REV,0.0,0.0
catapro,r_4175_ENZ_YJR155W_FWD,0.0,0.0
catapro,r_4175_ENZ_YJR155W_REV,0.0,0.0
catapro,r_4175_ENZ_YNL331C_FWD,0.0,0.0
catapro,r_4175_ENZ_YNL331C_REV,0.0,0.0
catapro,r_4175_ENZ_YOL165C_FWD,0.0,0.0
catapro,r_4175_ENZ_YOL165C_REV,0.0,0.0
catapro,r_4175_ENZ_YPL088W_FWD,0.0,0.0
catapro,r_4175_ENZ_YPL088W_REV,0.0,0.0
catapro,r_4176_ENZ_YCR107W_FWD,0.0,0.0
catapro,r_4176_ENZ_YCR107W_REV,0.0,0.0
catapro,r_4176_ENZ_YDL243C_FWD,0.0,0.0
catapro,r_4176_ENZ_YDL243C_REV,0.0,0.0
catapro,r_4176_ENZ_YJR155W_FWD,0.0,0.0
catapro,r_4176_ENZ_YJR155W_REV,0.0,0.0
catapro,r_4176_ENZ_YNL331C_FWD,0.0,0.0
catapro,r_4176_ENZ_YNL331C_REV,0.0,0.0
catapro,r_4176_ENZ_YOL165C_FWD,0.0,0.0
catapro,r_4176_ENZ_YOL165C_REV,0.0,0.0
catapro,r_4176_ENZ_YPL088W_FWD,0.0,0.0
catapro,r_4176_ENZ_YPL088W_REV,0.0,0.0
catapro,r_4177_ENZ_YCR107W_FWD,0.0,0.0
catapro,r_4177_ENZ_YCR107W_REV,0.0,0.0
catapro,r_4177_ENZ_YDL243C_FWD,0.0,0.0
catapro,r_4177_ENZ_YDL243C_REV,0.0,0.0
catapro,r_4177_ENZ_YJR155W_FWD,0.0,0.0
catapro,r_4177_ENZ_YJR155W_REV,0.0,0.0
catapro,r_4177_ENZ_YNL331C_FWD,0.0,0.0
catapro,r_4177_ENZ_YNL331C_REV,0.0,0.0
catapro,r_4177_ENZ_YOL165C_FWD,0.0,0.0
catapro,r_4177_ENZ_YOL165C_REV,0.0,0.0
catapro,r_4177_ENZ_YPL088W_FWD,0.0,0.0
catapro,r_4177_ENZ_YPL088W_REV,0.0,0.0
catapro,r_4178_ENZ_YCR107W_FWD,0.0,0.0
catapro,r_4178_ENZ_YCR107W_REV,0.0,0.0
catapro,r_4178_ENZ_YDL243C_FWD,0.0,0.0
catapro,r_4178_ENZ_YDL243C_REV,0.0,0.0
catapro,r_4178_ENZ_YJR155W_FWD,0.0,0.0
catapro,r_4178_ENZ_YJR155W_REV,0.0,0.0
catapro,r_4178_ENZ_YNL331C_FWD,0.0,0.0
catapro,r_4178_ENZ_YNL331C_REV,0.0,0.0
catapro,r_4178_ENZ_YOL165C_FWD,0.0,0.0
catapro,r_4178_ENZ_YOL165C_REV,0.0,0.0
catapro,r_4178_ENZ_YPL088W_FWD,0.0,0.0
catapro,r_4178_ENZ_YPL088W_REV,0.0,0.0
catapro,r_4179_ENZ_YCR107W_FWD,0.0,0.0
catapro,r_4179_ENZ_YCR107W_REV,0.0,0.0
catapro,r_4179_ENZ_YDL243C_FWD,0.0,0.0
catapro,r_4179_ENZ_YDL243C_REV,0.0,0.0
catapro,r_4179_ENZ_YJR155W_FWD,0.0,0.0
catapro,r_4179_ENZ_YJR155W_REV,0.0,0.0
catapro,r_4179_ENZ_YNL331C_FWD,0.0,0.0
catapro,r_4179_ENZ_YNL331C_REV,0.0,0.0
catapro,r_4179_ENZ_YOL165C_FWD,0.0,0.0
catapro,r_4179_ENZ_YOL165C_REV,0.0,0.0
catapro,r_4179_ENZ_YPL088W_FWD,0.0,0.0
catapro,r_4179_ENZ_YPL088W_REV,0.0,0.0
catapro,r_4180_ENZ_YCR107W_FWD,0.0,0.0
catapro,r_4180_ENZ_YCR107W_REV,0.0,0.0
catapro,r_4180_ENZ_YDL243C_FWD,0.0,0.0
catapro,r_4180_ENZ_YDL243C_REV,0.0,0.0
catapro,r_4180_ENZ_YJR155W_FWD,0.0,0.0
catapro,r_4180_ENZ_YJR155W_REV,0.0,0.0
catapro,r_4180_ENZ_YNL331C_FWD,0.0,0.0
catapro,r_4180_ENZ_YNL331C_REV,0.0,0.0
catapro,r_4180_ENZ_YOL165C_FWD,0.0,0.0
catapro,r_4180_ENZ_YOL165C_REV,0.0,0.0
catapro,r_4180_ENZ_YPL088W_FWD,0.0,0.0
catapro,r_4180_ENZ_YPL088W_REV,0.0,0.0
catapro,r_4181_ENZ_YEL031W_FWD,0.0,0.0
catapro,r_4181_ENZ_YEL031W_REV,0.0,0.0
catapro,r_4183_ENZ_YEL070W_FWD,0.0,0.0
catapro,r_4183_ENZ_YEL070W_REV,0.0,0.0
catapro,r_4183_ENZ_YNR073C_FWD,0.0,0.0
catapro,r_4183_ENZ_YNR073C_REV,0.0,0.0
catapro,r_4184_ENZ_YER010C_FWD,0.0,0.0
catapro,r_4184_ENZ_YER010C_REV,0.0,0.0
catapro,r_4185_ENZ_YER010C,0.0,0.0001158460887307
catapro,r_4186_ENZ_YER042W_FWD,0.0,0.0
catapro,r_4186_ENZ_YER042W_REV,0.0,0.0
catapro,r_4187_ENZ_YER087W,0.0,-0.0
catapro,r_4188_ENZ_YER163C,0.0,2.9974969364114184e-05
catapro,r_4189_ENZ_YHL018W_FWD,0.0,0.0
catapro,r_4189_ENZ_YHL018W_REV,0.0,0.0
catapro,r_4190_ENZ_YHR008C,0.0,-0.0
catapro,r_4191_ENZ_YHR043C_FWD,0.0,0.0
catapro,r_4191_ENZ_YHR043C_REV,0.0,0.0
catapro,r_4191_ENZ_YHR044C_FWD,0.0,0.0
catapro,r_4191_ENZ_YHR044C_REV,0.0,0.0
catapro,r_4192_ENZ_YHR109W_FWD,0.0,0.0
catapro,r_4192_ENZ_YHR109W_REV,0.0,0.0
catapro,r_4193_ENZ_YDR440W_FWD,0.0,0.0
catapro,r_4193_ENZ_YDR440W_REV,0.0,0.0
catapro,r_4193_ENZ_YHR119W_FWD,0.0,0.0
catapro,r_4193_ENZ_YHR119W_REV,0.0,0.0
catapro,r_4193_ENZ_YJL168C_FWD,0.0,0.0
catapro,r_4193_ENZ_YJL168C_REV,0.0,0.0
catapro,r_4194_ENZ_YIL023C_FWD,0.0,0.0
catapro,r_4194_ENZ_YIL023C_REV,0.0,0.0
catapro,r_4195_ENZ_YMR243C_FWD,0.0,0.0
catapro,r_4195_ENZ_YMR243C_REV,0.0,0.0
catapro,r_4195_ENZ_YOR316C_FWD,0.0,0.0
catapro,r_4195_ENZ_YOR316C_REV,0.0,0.0
catapro,r_4196_ENZ_YIL043C_FWD,0.0,0.023778407806447
catapro,r_4196_ENZ_YIL043C_REV,0.0,0.0
catapro,r_4196_ENZ_YML125C_FWD,0.0,0.0237781307628646
catapro,r_4196_ENZ_YML125C_REV,0.0,0.0
catapro,r_4197_ENZ_YIL043C_FWD,0.0,0.0
catapro,r_4197_ENZ_YIL043C_REV,0.0,0.0
catapro,r_4197_ENZ_YKL150W_FWD,0.0,0.0
catapro,r_4197_ENZ_YKL150W_REV,0.0,0.0
catapro,r_4197_ENZ_YML125C_FWD,0.0,0.0
catapro,r_4197_ENZ_YML125C_REV,0.0,0.0
catapro,r_4198_ENZ_YIR036C_FWD,0.0,0.0
catapro,r_4198_ENZ_YIR036C_REV,0.0,0.0
catapro,r_4199_ENZ_YIR038C_FWD,0.0,0.0
catapro,r_4199_ENZ_YIR038C_REV,0.0,0.0
catapro,r_4200_ENZ_YKR076W_FWD,0.0,0.0
catapro,r_4200_ENZ_YKR076W_REV,0.0,0.0
catapro,r_4200_ENZ_YMR251W_FWD,0.0,0.0
catapro,r_4200_ENZ_YMR251W_REV,0.0,0.0
catapro,r_4201_ENZ_YLL060C_FWD,0.0,0.0
catapro,r_4201_ENZ_YLL060C_REV,0.0,0.0
catapro,r_4202_ENZ_YKL069W_FWD,0.0,1.545372074751583e-05
catapro,r_4202_ENZ_YKL069W_REV,0.0,0.0
catapro,r_4203_ENZ_YKL103C_FWD,0.0,0.0
catapro,r_4203_ENZ_YKL103C_REV,0.0,9.670808830114508e-05
catapro,r_4204_ENZ_YKL103C_FWD,0.0,0.0
catapro,r_4204_ENZ_YKL103C_REV,0.0,4.13564541009992e-05
catapro,r_4205_ENZ_YKL215C,0.0,2.9974969364114184e-05
catapro,r_4206_ENZ_YKL218C_FWD,0.0,0.0
catapro,r_4206_ENZ_YKL218C_REV,0.0,0.0
catapro,r_4207_ENZ_YGR154C_FWD,0.0,0.0
catapro,r_4207_ENZ_YGR154C_REV,0.0,0.0
catapro,r_4208_ENZ_YKR076W_FWD,0.0,0.0
catapro,r_4208_ENZ_YKR076W_REV,0.0,0.0
catapro,r_4209_ENZ_YGR154C_FWD,0.0,0.0
catapro,r_4209_ENZ_YGR154C_REV,0.0,0.0
catapro,r_4210_ENZ_YFL061W_FWD,0.0,0.0
catapro,r_4210_ENZ_YFL061W_REV,0.0,0.0
catapro,r_4210_ENZ_YNL335W_FWD,0.0,0.0
catapro,r_4210_ENZ_YNL335W_REV,0.0,0.0
catapro,r_4211_ENZ_YFL060C_FWD,0.0,0.0
catapro,r_4211_ENZ_YFL060C_REV,0.0,0.0
catapro,r_4211_ENZ_YNL334C_FWD,0.0,0.0
catapro,r_4211_ENZ_YNL334C_REV,0.0,0.0
catapro,r_4212_ENZ_YFL059W_FWD,0.0,0.0
catapro,r_4212_ENZ_YFL059W_REV,0.0,0.0
catapro,r_4212_ENZ_YNL333W_FWD,0.0,0.0
catapro,r_4212_ENZ_YNL333W_REV,0.0,0.0
catapro,r_4214_ENZ_YFR044C_FWD,0.0,3.884515677707582e-05
catapro,r_4214_ENZ_YFR044C_REV,0.0,0.0
catapro,r_4215_ENZ_YFR044C_FWD,0.0,0.0
catapro,r_4215_ENZ_YFR044C_REV,0.0,0.0
catapro,r_4216_ENZ_YDL024C_FWD,0.0,8.182387444053881e-05
catapro,r_4216_ENZ_YDL024C_REV,0.0,2.1473190826417394e-06
catapro,r_4217_ENZ_YDL120W_FWD,0.0,0.0
catapro,r_4217_ENZ_YDL120W_REV,0.0,0.0
catapro,r_4218_ENZ_YDL219W_FWD,0.0,0.0
catapro,r_4218_ENZ_YDL219W_REV,0.0,0.0
catapro,r_4219_ENZ_YDL219W_FWD,0.0,0.0
catapro,r_4219_ENZ_YDL219W_REV,0.0,0.0
catapro,r_4220_ENZ_YDL236W_FWD,0.0,0.0
catapro,r_4220_ENZ_YDL236W_REV,0.0,0.0
catapro,r_4221_ENZ_YDL246C_FWD,0.0,0.0
catapro,r_4221_ENZ_YDL246C_REV,0.0,0.0
catapro,r_4222_ENZ_YDR009W,0.0,-0.0
catapro,r_4223_ENZ_YDR036C,0.0,-0.0
catapro,r_4224_ENZ_YDR038C,0.0,0.0001789248783353
catapro,r_4224_ENZ_YDR039C,0.0,0.0001776602116234
catapro,r_4224_ENZ_YDR040C,0.0,0.0001755871022142
catapro,r_4225_ENZ_YDR051C_FWD,0.0,0.0
catapro,r_4225_ENZ_YDR051C_REV,0.0,0.0
catapro,r_4225_ENZ_YOL075C_FWD,0.0,0.0
catapro,r_4225_ENZ_YOL075C_REV,0.0,0.0
catapro,r_4226_ENZ_YDR111C_FWD,0.0,0.0004900342367388
catapro,r_4226_ENZ_YDR111C_REV,0.111656621913646,0.1124928981210197
catapro,r_4227_ENZ_YDR242W_FWD,0.0,0.0
catapro,r_4227_ENZ_YDR242W_REV,0.0,0.0
catapro,r_4228_ENZ_YDR242W,0.0,-0.0
catapro,r_4230_ENZ_YDR242W_FWD,0.0,0.0
catapro,r_4230_ENZ_YDR242W_REV,0.0,0.0
catapro,r_4231_ENZ_YDR242W_FWD,0.0,0.0
catapro,r_4231_ENZ_YDR242W_REV,0.0,0.0
catapro,r_4232_ENZ_YDR248C_FWD,0.0,0.0001447959800605
catapro,r_4232_ENZ_YDR248C_REV,0.0,0.0
catapro,r_4233_ENZ_YDR410C_FWD,0.0,0.0
catapro,r_4233_ENZ_YDR410C_REV,0.0,0.0
catapro,r_4234_ENZ_YDR437W_and_YGR216C_and_YNL038W_and_YPL076W_and_YPL175W_and_YPL096C-A_FWD,0.0,0.0
catapro,r_4234_ENZ_YDR437W_and_YGR216C_and_YNL038W_and_YPL076W_and_YPL175W_and_YPL096C-A_REV,0.0,0.0
catapro,r_4236_ENZ_YDR533C_FWD,0.0,0.0033645252790693
catapro,r_4236_ENZ_YDR533C_REV,0.0,0.0033796553782687
catapro,r_4236_ENZ_YMR322C_FWD,0.0,0.0015061844814531
catapro,r_4236_ENZ_YMR322C_REV,0.0,0.0013414879584594
catapro,r_4236_ENZ_YOR391C_FWD,0.0,0.0017778021840442
catapro,r_4236_ENZ_YOR391C_REV,0.0,0.0015331644916743
catapro,r_4236_ENZ_YPL280W_FWD,0.0,0.0018483460283382
catapro,r_4236_ENZ_YPL280W_REV,0.0,0.0015422161367625
catapro,r_4237_ENZ_YGL006W,0.0,0.0
catapro,r_4238_ENZ_YGL167C,0.0,-0.0
catapro,r_4239_ENZ_YGL017W_FWD,0.0,0.0
catapro,r_4239_ENZ_YGL017W_REV,0.0,0.0
catapro,r_4241_ENZ_YGL027C_FWD,0.0,0.0
catapro,r_4241_ENZ_YGL027C_REV,0.0,0.0
catapro,r_4242_ENZ_YGL038C_FWD,0.0,0.0
catapro,r_4242_ENZ_YGL038C_REV,0.0,0.0
catapro,r_4243_ENZ_YGL065C_FWD,0.0,0.0
catapro,r_4243_ENZ_YGL065C_REV,0.0,0.0
catapro,r_4244_ENZ_YGL065C_FWD,0.0,0.0
catapro,r_4244_ENZ_YGL065C_REV,0.0,0.0
catapro,r_4245_ENZ_YGL156W,0.0,-0.0
catapro,r_4246_ENZ_YGL156W,0.0,-0.0
catapro,r_4247_ENZ_YGL169W,0.0,0.0
catapro,r_4248_ENZ_YGL196W,0.0,0.0
catapro,r_4249_ENZ_YGR012W_FWD,0.0,3.39320652862934e-05
catapro,r_4249_ENZ_YGR012W_REV,0.0,0.0
catapro,r_4250_ENZ_YGR036C_FWD,0.0,0.0
catapro,r_4250_ENZ_YGR036C_REV,0.0,0.0
catapro,r_4251_ENZ_YGR046W_FWD,0.0,0.0
catapro,r_4251_ENZ_YGR046W_REV,0.0,0.0
catapro,r_4252_ENZ_YGR144W_FWD,0.0,0.0
catapro,r_4252_ENZ_YGR144W_REV,0.0,0.0
catapro,r_4253_ENZ_YGR227W_FWD,0.0,0.0
catapro,r_4253_ENZ_YGR227W_REV,0.0,0.0
catapro,r_4254_ENZ_YGR234W,0.0,0.0
catapro,r_4255_ENZ_YGR234W,0.0,0.0
catapro,r_4256_ENZ_YJL046W,0.0,0.0
catapro,r_4258_ENZ_YJL046W,0.0,-0.0
catapro,r_4260_ENZ_YJL126W_FWD,0.0,0.0
catapro,r_4260_ENZ_YJL126W_REV,0.0,0.0
catapro,r_4261_ENZ_YJL126W_FWD,0.0,0.0
catapro,r_4261_ENZ_YJL126W_REV,0.0,0.0
catapro,r_4262_ENZ_YJL200C_FWD,0.2956574368056751,0.2976073180086332
catapro,r_4262_ENZ_YJL200C_REV,0.0,0.0004120996276143
catapro,r_4263_ENZ_YJR040W_FWD,0.0,0.0
catapro,r_4263_ENZ_YJR040W_REV,0.0,0.0
catapro,r_4264_ENZ_YJR051W,0.0,0.0026112846365682
catapro,r_4265_ENZ_YJR069C,0.0,-0.0
catapro,r_4266_ENZ_YJR069C,0.0,7.985081813143588e-05
catapro,r_4267_ENZ_YJR069C,0.0,8.894769475269343e-05
catapro,r_4268_ENZ_YJR069C,0.0,8.499862819937105e-05
catapro,r_4269_ENZ_YJR069C_FWD,0.0,0.0
catapro,r_4269_ENZ_YJR069C_REV,0.0,0.0
catapro,r_4270_ENZ_YJR104C,0.0,-0.0
catapro,r_4271_ENZ_YJR131W_FWD,0.0,0.0
catapro,r_4271_ENZ_YJR131W_REV,0.0,0.0
catapro,r_4271_ENZ_YLR057W_FWD,0.0,0.0
catapro,r_4271_ENZ_YLR057W_REV,0.0,0.0
catapro,r_4272_ENZ_YJR131W_FWD,0.0,0.0
catapro,r_4272_ENZ_YJR131W_REV,0.0,0.0
catapro,r_4272_ENZ_YLR057W_FWD,0.0,0.0
catapro,r_4272_ENZ_YLR057W_REV,0.0,0.0
catapro,r_4273_ENZ_YJR149W_FWD,0.0,0.0
catapro,r_4273_ENZ_YJR149W_REV,0.0,0.0
catapro,r_4274_ENZ_YLL058W,0.0,3.152877988962799e-05
catapro,r_4274_ENZ_YML082W,0.0,3.041777988719435e-05
catapro,r_4275_ENZ_YKL220C_FWD,0.0,0.0
catapro,r_4275_ENZ_YKL220C_REV,0.0,0.0
catapro,r_4275_ENZ_YLR047C_FWD,0.0,0.0
catapro,r_4275_ENZ_YLR047C_REV,0.0,0.0
catapro,r_4275_ENZ_YLR214W_FWD,0.0,0.0
catapro,r_4275_ENZ_YLR214W_REV,0.0,0.0
catapro,r_4275_ENZ_YNR060W_FWD,0.0,0.0
catapro,r_4275_ENZ_YNR060W_REV,0.0,0.0
catapro,r_4275_ENZ_YOL152W_FWD,0.0,0.0
catapro,r_4275_ENZ_YOL152W_REV,0.0,0.0
catapro,r_4275_ENZ_YOR381W_FWD,0.0,0.0
catapro,r_4275_ENZ_YOR381W_REV,0.0,0.0
catapro,r_4275_ENZ_YOR384W_FWD,0.0,0.0
catapro,r_4275_ENZ_YOR384W_REV,0.0,0.0
catapro,r_4276_ENZ_YLL051C_FWD,0.0,0.0
catapro,r_4276_ENZ_YLL051C_REV,0.0,0.0
catapro,r_4277_ENZ_YLR099C_FWD,0.0,0.0
catapro,r_4277_ENZ_YLR099C_REV,0.0,0.0
catapro,r_4277_ENZ_YPR139C_FWD,0.0,0.0
catapro,r_4277_ENZ_YPR139C_REV,0.0,0.0
catapro,r_4278_ENZ_YLR143W,0.0,-0.0
catapro,r_4279_ENZ_YLR151C,0.0,-0.0
catapro,r_4280_ENZ_YLR239C_FWD,0.0,0.0001436067964912
catapro,r_4280_ENZ_YLR239C_REV,0.0,0.0001800032507397
catapro,r_4281_ENZ_YLR239C_FWD,0.0,0.0001735377265964
catapro,r_4281_ENZ_YLR239C_REV,0.0,0.0001735377277725
catapro,r_4282_ENZ_YLR345W,0.0,0.0
catapro,r_4283_ENZ_YLR446W,0.0,0.0
catapro,r_4284_ENZ_YLR446W,0.0,-0.0
catapro,r_4285_ENZ_YLR446W,0.0,0.0
catapro,r_4286_ENZ_YLR446W,0.0,0.0
catapro,r_4287_ENZ_YLR446W,0.0,-0.0
catapro,r_4288_ENZ_YMR099C_FWD,0.0,0.0
catapro,r_4288_ENZ_YMR099C_REV,0.0,0.0
catapro,r_4291_ENZ_YMR110C_FWD,0.0,0.0
catapro,r_4291_ENZ_YMR110C_REV,0.0,0.0
catapro,r_4292_ENZ_YMR110C_FWD,0.0,0.0
catapro,r_4292_ENZ_YMR110C_REV,0.0,0.0001382147521238
catapro,r_4293_ENZ_YMR110C,0.0,9.46193152198127e-05
catapro,r_4294_ENZ_YMR110C,0.0,0.0
catapro,r_4295_ENZ_YMR110C_FWD,0.0,0.0
catapro,r_4295_ENZ_YMR110C_REV,0.0,0.0
catapro,r_4296_ENZ_YMR110C,0.0,-0.0
catapro,r_4297_ENZ_YMR110C_FWD,0.0,0.0
catapro,r_4297_ENZ_YMR110C_REV,0.0,0.0
catapro,r_4298_ENZ_YMR110C_FWD,0.0,0.0
catapro,r_4298_ENZ_YMR110C_REV,0.0,0.0
catapro,r_4299_ENZ_YMR110C_FWD,0.0,0.0
catapro,r_4299_ENZ_YMR110C_REV,0.0,0.0
catapro,r_4300_ENZ_YMR110C_FWD,0.0,0.0
catapro,r_4300_ENZ_YMR110C_REV,0.0,0.0
catapro,r_4301_ENZ_YMR110C_FWD,0.0,0.0
catapro,r_4301_ENZ_YMR110C_REV,0.0,0.0
catapro,r_4302_ENZ_YMR110C_FWD,0.0,0.0
catapro,r_4302_ENZ_YMR110C_REV,0.0,0.0
catapro,r_4303_ENZ_YMR110C_FWD,0.0,0.0
catapro,r_4303_ENZ_YMR110C_REV,0.0,0.0
catapro,r_4304_ENZ_YMR110C_FWD,0.0,0.0
catapro,r_4304_ENZ_YMR110C_REV,0.0,0.0
catapro,r_4305_ENZ_YMR110C_FWD,0.0,0.0
catapro,r_4305_ENZ_YMR110C_REV,0.0,0.0
catapro,r_4306_ENZ_YMR110C_FWD,0.0,0.0
catapro,r_4306_ENZ_YMR110C_REV,0.0,0.0
catapro,r_4307_ENZ_YMR110C_FWD,0.0,0.0
catapro,r_4307_ENZ_YMR110C_REV,0.0,0.0
catapro,r_4308_ENZ_YMR162C,0.0,-0.0
catapro,r_4309_ENZ_YMR210W,0.0,-0.0
catapro,r_4310_ENZ_YNL048W_FWD,0.0,0.0
catapro,r_4310_ENZ_YNL048W_REV,0.0,0.0
catapro,r_4311_ENZ_YNL048W_FWD,0.0,0.0
catapro,r_4311_ENZ_YNL048W_REV,0.0,0.0
catapro,r_4312_ENZ_YNL092W_FWD,0.0,0.0
catapro,r_4312_ENZ_YNL092W_REV,0.0,0.0
catapro,r_4313_ENZ_YNL219C_FWD,0.0,0.0
catapro,r_4313_ENZ_YNL219C_REV,0.0,0.0
catapro,r_4314_ENZ_YNL219C_FWD,0.0,0.0
catapro,r_4314_ENZ_YNL219C_REV,0.0,0.0
catapro,r_4315_ENZ_YNL274C_FWD,0.0,0.0
catapro,r_4315_ENZ_YNL274C_REV,0.0,0.0
catapro,r_4316_ENZ_YNR030W_FWD,0.0,0.0
catapro,r_4316_ENZ_YNR030W_REV,0.0,0.0
catapro,r_4317_ENZ_YOL157C_FWD,0.0,0.0
catapro,r_4317_ENZ_YOL157C_REV,0.0,0.0
catapro,r_4318_ENZ_YOL157C_FWD,0.0,0.0
catapro,r_4318_ENZ_YOL157C_REV,0.0,0.0
catapro,r_4319_ENZ_YOL157C_FWD,0.0,0.0
catapro,r_4319_ENZ_YOL157C_REV,0.0,0.0
catapro,r_4320_ENZ_YOR002W_FWD,0.0,0.0
catapro,r_4320_ENZ_YOR002W_REV,0.0,0.0
catapro,r_4321_ENZ_YOR067C_FWD,0.0,0.0
catapro,r_4321_ENZ_YOR067C_REV,0.0,0.0
catapro,r_4322_ENZ_YOR149C_FWD,0.0,0.0
catapro,r_4322_ENZ_YOR149C_REV,0.0,0.0
catapro,r_4323_ENZ_YOR196C_FWD,0.0,0.0001432322639296
catapro,r_4323_ENZ_YOR196C_REV,0.0,0.0001802797260298
catapro,r_4324_ENZ_YOR196C_FWD,0.0,0.0001713754289853
catapro,r_4324_ENZ_YOR196C_REV,0.0,0.0001492563620532
catapro,r_4325_ENZ_YOR226C,0.0,0.0
catapro,r_4325_ENZ_YPL135W,0.0,0.0
catapro,r_4326_ENZ_YOR251C_FWD,0.0,0.0
catapro,r_4326_ENZ_YOR251C_REV,0.0,0.0
catapro,r_4326_ENZ_YOR285W_FWD,0.0,0.0
catapro,r_4326_ENZ_YOR285W_REV,0.0,0.0
catapro,r_4326_ENZ_YOR286W_FWD,0.0,0.0
catapro,r_4326_ENZ_YOR286W_REV,0.0,0.0
catapro,r_4327_ENZ_YOR334W_FWD,0.0,0.0
catapro,r_4327_ENZ_YOR334W_REV,0.0,0.0
catapro,r_4327_ENZ_YPL060W_FWD,0.0,0.0
catapro,r_4327_ENZ_YPL060W_REV,0.0,0.0
catapro,r_4328_ENZ_YPL227C_FWD,0.0,0.0
catapro,r_4328_ENZ_YPL227C_REV,0.0,0.0
catapro,r_4329_ENZ_YPR003C_FWD,0.0,0.0
catapro,r_4329_ENZ_YPR003C_REV,0.0,0.0
catapro,r_4330_ENZ_YPR127W_FWD,0.0,0.0
catapro,r_4330_ENZ_YPR127W_REV,0.0,8.464557002763051e-05
catapro,r_4331_ENZ_YDR371W_FWD,0.0,0.0
catapro,r_4331_ENZ_YDR371W_REV,0.0,0.0
catapro,r_4331_ENZ_YLR286C_FWD,0.0,0.0
catapro,r_4331_ENZ_YLR286C_REV,0.0,0.0
catapro,r_4332_ENZ_YOR161C_FWD,0.0,0.0001601615933211
catapro,r_4332_ENZ_YOR161C_REV,0.0,0.0
catapro,r_4333_ENZ_YDR452W_FWD,0.0,0.0012743729581163
catapro,r_4333_ENZ_YDR452W_REV,0.0,0.0
catapro,r_4333_ENZ_YHR201C_FWD,0.0,0.0
catapro,r_4333_ENZ_YHR201C_REV,4.045965189721926,4.048662754672793
catapro,r_4334_ENZ_YDR270W,0.0,0.0
catapro,r_4335_ENZ_YDR452W,0.0,0.0001209342994403
catapro,r_4336_ENZ_YLR351C_FWD,0.0,0.0
catapro,r_4336_ENZ_YLR351C_REV,0.0,0.0
catapro,r_4337_ENZ_YMR301C_FWD,0.0,0.0
catapro,r_4337_ENZ_YMR301C_REV,0.0,0.0
catapro,r_4338_ENZ_YOL157C_FWD,0.0,0.0
catapro,r_4338_ENZ_YOL157C_REV,0.0,0.0
catapro,r_4339_ENZ_YEL004W_FWD,0.0,0.0
catapro,r_4339_ENZ_YEL004W_REV,0.0,0.0
catapro,r_4340_ENZ_YEL066W_FWD,0.0,0.0
catapro,r_4340_ENZ_YEL066W_REV,0.0,0.0
catapro,r_4341_FWD,0.0,0.0
catapro,r_4341_REV,0.0,0.0
catapro,r_4342,0.0,0.0
catapro,r_4343_FWD,0.0,0.0
catapro,r_4343_REV,0.0,0.0
catapro,r_4344,0.0,0.0
catapro,r_4345,0.0,0.0
catapro,r_4346_FWD,0.0,0.0
catapro,r_4346_REV,0.0,0.0
catapro,r_4347,0.0,0.0
catapro,r_4348_FWD,0.0,0.0
catapro,r_4348_REV,0.0,0.0
catapro,r_4349_FWD,0.0,0.0
catapro,r_4349_REV,0.0,0.0
catapro,r_4350,0.0,0.0
catapro,r_4351,0.0,0.0
catapro,r_4352_FWD,0.0,0.0
catapro,r_4352_REV,0.0,0.0
catapro,r_4353,0.0,0.0
catapro,r_4354,0.0,0.0
catapro,r_4355_FWD,0.0,6.518110267644123e-05
catapro,r_4355_REV,0.0,0.0
catapro,r_4356_FWD,0.0,0.0
catapro,r_4356_REV,0.0,6.518110194584509e-05
catapro,r_4357,0.0,0.0
catapro,r_4358_FWD,0.0,0.0
catapro,r_4358_REV,0.0,0.0
catapro,r_4359,0.0,0.0
catapro,r_4360_FWD,0.0,0.0
catapro,r_4360_REV,0.0,0.0
catapro,r_4361_ENZ_YJR152W_FWD,0.0,0.0
catapro,r_4361_ENZ_YJR152W_REV,0.0,0.0
catapro,r_4361_ENZ_YKR093W_FWD,0.0,0.0
catapro,r_4361_ENZ_YKR093W_REV,0.0,0.0
catapro,r_4362,0.0,0.0
catapro,r_4363,0.0,-0.0
catapro,r_4364_FWD,0.0,0.0
catapro,r_4364_REV,0.0,0.0
catapro,r_4365_FWD,0.0,0.0
catapro,r_4365_REV,0.0,0.0
catapro,r_4366_FWD,0.0,0.0
catapro,r_4366_REV,0.0,9.803081430628802e-06
catapro,r_4367_FWD,0.0,0.0
catapro,r_4367_REV,0.0,9.685501692661969e-06
catapro,r_4368,0.0,0.0
catapro,r_4369_FWD,0.0,0.0
catapro,r_4369_REV,0.0,0.0
catapro,r_4370,0.0,0.0
catapro,r_4371_FWD,0.0,0.0
catapro,r_4371_REV,0.0,0.0
catapro,r_4372_ENZ_YGR247W,0.0,0.0
catapro,r_4373_FWD,0.0,0.0
catapro,r_4373_REV,0.0,0.0
catapro,r_4374,0.0,0.0
catapro,r_4375_FWD,0.0,0.0
catapro,r_4375_REV,0.0,0.0
catapro,r_4376,0.0,0.0
catapro,r_4377_FWD,0.0,0.0
catapro,r_4377_REV,0.0,0.0
catapro,r_4378,0.0,0.0
catapro,r_4379_FWD,0.0,0.0
catapro,r_4379_REV,0.0,0.0
catapro,r_4380_FWD,0.0,0.0
catapro,r_4380_REV,0.0,1.405671163130784e-05
catapro,r_4381_FWD,0.0,0.0
catapro,r_4381_REV,0.0,1.409207360755088e-05
catapro,r_4382_FWD,0.0,0.0
catapro,r_4382_REV,0.0,0.0
catapro,r_4383_FWD,0.0,0.0
catapro,r_4383_REV,0.0,0.0
catapro,r_4384,0.0,0.0
catapro,r_4385_FWD,0.0,0.0
catapro,r_4385_REV,0.0,0.0
catapro,r_4386,0.0,0.0
catapro,r_4387_ENZ_YJR152W_FWD,0.0,0.0
catapro,r_4387_ENZ_YJR152W_REV,0.0,0.0
catapro,r_4387_ENZ_YKR093W_FWD,0.0,0.0
catapro,r_4387_ENZ_YKR093W_REV,0.0,0.0
catapro,r_4388_ENZ_YGR247W,0.0,0.0
catapro,r_4389_FWD,0.0,0.0
catapro,r_4389_REV,0.0,0.0
catapro,r_4390_FWD,0.0,0.0
catapro,r_4390_REV,0.0,0.0
catapro,r_4391,0.0,-0.0
catapro,r_4392_FWD,0.0,0.0
catapro,r_4392_REV,0.0,0.0
catapro,r_4393,0.0,0.0
catapro,r_4394_FWD,0.0,0.0
catapro,r_4394_REV,0.0,0.0
catapro,r_4395_ENZ_YDL245C_FWD,0.0,8.233746484620498e-08
catapro,r_4395_ENZ_YDL245C_REV,0.0,2.1397312366389087e-08
catapro,r_4395_ENZ_YDR342C_FWD,0.0,5.220783805270911e-10
catapro,r_4395_ENZ_YDR342C_REV,0.0,4.330846650191234e-07
catapro,r_4395_ENZ_YDR343C_FWD,0.0,1.814569827729429e-08
catapro,r_4395_ENZ_YDR343C_REV,0.0,3.251756197641953e-09
catapro,r_4395_ENZ_YDR345C_FWD,0.0,0.0
catapro,r_4395_ENZ_YDR345C_REV,0.0,3.251756197641953e-09
catapro,r_4395_ENZ_YEL069C_FWD,0.0,0.0
catapro,r_4395_ENZ_YEL069C_REV,0.0,0.0
catapro,r_4395_ENZ_YFL011W_FWD,0.0,1.887002554212813e-09
catapro,r_4395_ENZ_YFL011W_REV,0.0,2.1397312366389087e-08
catapro,r_4395_ENZ_YHR092C_FWD,0.0,0.0
catapro,r_4395_ENZ_YHR092C_REV,0.0,0.0
catapro,r_4395_ENZ_YHR094C_FWD,0.0,0.0
catapro,r_4395_ENZ_YHR094C_REV,0.0,1.36478206513857e-09
catapro,r_4395_ENZ_YHR096C_FWD,0.0,5.154221298653283e-07
catapro,r_4395_ENZ_YHR096C_REV,0.0,3.251756197641953e-09
catapro,r_4395_ENZ_YJL214W_FWD,0.0,2.012541244766908e-10
catapro,r_4395_ENZ_YJL214W_REV,0.0,3.2085267775983084e-10
catapro,r_4395_ENZ_YJL219W_FWD,0.0,8.233746484620498e-08
catapro,r_4395_ENZ_YJL219W_REV,0.0,1.1894485396624075e-10
catapro,r_4395_ENZ_YJR158W_FWD,0.0,8.233746484620498e-08
catapro,r_4395_ENZ_YJR158W_REV,0.0,3.251756197641953e-09
catapro,r_4395_ENZ_YMR011W_FWD,0.0,5.220783805270911e-10
catapro,r_4395_ENZ_YMR011W_REV,0.0,4.330846650191234e-07
catapro,r_4395_ENZ_YNR072W_FWD,0.0,8.233746484620498e-08
catapro,r_4395_ENZ_YNR072W_REV,0.0,3.251756197641953e-09
catapro,r_4395_ENZ_YOL156W_FWD,0.0,8.233746484620498e-08
catapro,r_4395_ENZ_YOL156W_REV,0.0,2.1397312366389087e-08
catapro,r_4396,0.0,2.562826811150498e-05
catapro,r_4397_FWD,0.0,0.0
catapro,r_4397_REV,0.0,1.5220478618571676e-05
catapro,r_4398_ENZ_YJR152W_FWD,0.0,0.0
catapro,r_4398_ENZ_YJR152W_REV,0.0,0.0
catapro,r_4398_ENZ_YKR093W_FWD,0.0,0.0
catapro,r_4398_ENZ_YKR093W_REV,0.0,0.0
catapro,r_4399_FWD,0.0,0.0
catapro,r_4399_REV,0.0,0.0
catapro,r_4400_ENZ_YBR299W,0.0,0.0
catapro,r_4400_ENZ_YGR292W,0.0,0.0
catapro,r_4401_FWD,0.0,0.0
catapro,r_4401_REV,0.0,0.0
catapro,r_4402_ENZ_YJR152W_FWD,0.0,0.0
catapro,r_4402_ENZ_YJR152W_REV,0.0,0.0
catapro,r_4402_ENZ_YKR093W_FWD,0.0,0.0
catapro,r_4402_ENZ_YKR093W_REV,0.0,0.0
catapro,r_4403_ENZ_YDR452W,0.0,0.0
catapro,r_4403_ENZ_YHR201C,0.0,0.0
catapro,r_4404_ENZ_YJR152W_FWD,0.0,0.0
catapro,r_4404_ENZ_YJR152W_REV,0.0,0.0
catapro,r_4404_ENZ_YKR093W_FWD,0.0,0.0
catapro,r_4404_ENZ_YKR093W_REV,0.0,0.0
catapro,r_4405_FWD,0.0,0.0
catapro,r_4405_REV,0.0,0.0
catapro,r_4406_FWD,0.0,0.0
catapro,r_4406_REV,0.0,0.0
catapro,r_4407_FWD,0.0,0.0
catapro,r_4407_REV,0.0,0.0
catapro,r_4408_ENZ_YJR152W_FWD,0.0,0.0
catapro,r_4408_ENZ_YJR152W_REV,0.0,0.0
catapro,r_4408_ENZ_YKR093W_FWD,0.0,0.0
catapro,r_4408_ENZ_YKR093W_REV,0.0,0.0
catapro,r_4409,0.0,0.0
catapro,r_4410_FWD,0.0,0.0
catapro,r_4410_REV,0.0,4.931072494900046e-05
catapro,r_4411,0.0,0.0
catapro,r_4412_ENZ_YGR247W,0.0,0.0
catapro,r_4413,0.0,0.0
catapro,r_4414,0.0,0.0
catapro,r_4415,0.0,0.0
catapro,r_4416,0.0,0.0
catapro,r_4417,0.0,0.0
catapro,r_4418,0.0,0.0
catapro,r_4419_FWD,0.0,0.0
catapro,r_4419_REV,0.0,0.0
catapro,r_4420_ENZ_YBR299W_FWD,0.0,0.0
catapro,r_4420_ENZ_YBR299W_REV,0.0,0.0
catapro,r_4420_ENZ_YGR292W_FWD,0.0,0.0
catapro,r_4420_ENZ_YGR292W_REV,0.0,0.0
catapro,r_4421_FWD,0.0,0.0
catapro,r_4421_REV,0.0,0.0
catapro,r_4422_FWD,0.0,0.0
catapro,r_4422_REV,0.0,6.139994011541278e-05
catapro,r_4423_FWD,0.0,0.0
catapro,r_4423_REV,0.0,0.0
catapro,r_4424_ENZ_YJR152W_FWD,0.0,0.0
catapro,r_4424_ENZ_YJR152W_REV,0.0,0.0
catapro,r_4424_ENZ_YKR093W_FWD,0.0,0.0
catapro,r_4424_ENZ_YKR093W_REV,0.0,0.0
catapro,r_4425_FWD,0.0,0.0
catapro,r_4425_REV,0.0,0.0
catapro,r_4426_FWD,0.0,0.0
catapro,r_4426_REV,0.0,0.0
catapro,r_4427_FWD,0.0,0.0
catapro,r_4427_REV,0.0,1.5220618182369694e-05
catapro,r_4428_FWD,0.0,0.0
catapro,r_4428_REV,0.0,0.0
catapro,r_4429_ENZ_YJR152W_FWD,0.0,0.0
catapro,r_4429_ENZ_YJR152W_REV,0.0,0.0
catapro,r_4429_ENZ_YKR093W_FWD,0.0,0.0
catapro,r_4429_ENZ_YKR093W_REV,0.0,0.0
catapro,r_4430_FWD,0.0,0.0
catapro,r_4430_REV,0.0,0.0
catapro,r_4431_FWD,0.0,0.0
catapro,r_4431_REV,0.0,0.0
catapro,r_4432,0.0,0.0
catapro,r_4433_FWD,0.0,0.0
catapro,r_4433_REV,0.0,0.0
catapro,r_4434_FWD,0.0,0.0
catapro,r_4434_REV,0.0,0.0
catapro,r_4435_ENZ_YER062C,0.0,0.0
catapro,r_4435_ENZ_YIL053W,0.0,0.0
catapro,r_4436,0.0,0.0
catapro,r_4437_ENZ_YJR152W_FWD,0.0,0.0
catapro,r_4437_ENZ_YJR152W_REV,0.0,0.0
catapro,r_4437_ENZ_YKR093W_FWD,0.0,0.0
catapro,r_4437_ENZ_YKR093W_REV,0.0,0.0
catapro,r_4438_FWD,0.0,0.0
catapro,r_4438_REV,0.0,0.0
catapro,r_4439,0.0,0.0
catapro,r_4440_FWD,0.0,1.3692145141776246e-05
catapro,r_4440_REV,0.0,0.0
catapro,r_4441_FWD,0.0,0.0
catapro,r_4441_REV,0.0,0.0
catapro,r_4442,0.0,0.0
catapro,r_4443_FWD,0.0,0.0
catapro,r_4443_REV,0.0,0.0
catapro,r_4444_FWD,0.0,0.0
catapro,r_4444_REV,0.0,0.0001495207366328
catapro,r_4445_FWD,0.0,0.0
catapro,r_4445_REV,0.0,0.0001556991907716
catapro,r_4446_FWD,0.0,0.0
catapro,r_4446_REV,0.0,0.0001098583005629
catapro,r_4447_FWD,0.0,0.0
catapro,r_4447_REV,0.0,3.768206768312715e-05
catapro,r_4448_ENZ_YJR152W_FWD,0.0,0.0
catapro,r_4448_ENZ_YJR152W_REV,0.0,1.3553168317234632e-05
catapro,r_4448_ENZ_YKR093W_FWD,0.0,0.0
catapro,r_4448_ENZ_YKR093W_REV,0.0,1.2853405626817029e-05
catapro,r_4449_FWD,0.0,0.0
catapro,r_4449_REV,0.0,1.348129995239894e-05
catapro,r_4450_FWD,0.0,0.0
catapro,r_4450_REV,0.0,8.990490850935284e-05
catapro,r_4451_FWD,0.0,0.0
catapro,r_4451_REV,0.0,7.495824162123254e-06
catapro,r_4452_FWD,0.0,0.0
catapro,r_4452_REV,0.0,0.0
catapro,r_4453_FWD,0.0,0.0
catapro,r_4453_REV,0.0,0.0001084875124628
catapro,r_4454_FWD,0.0,0.0
catapro,r_4454_REV,0.0,1.602074741074641e-05
catapro,r_4455_FWD,0.0,0.0
catapro,r_4455_REV,0.0,0.0001290238016835
catapro,r_4456_FWD,0.0,0.0
catapro,r_4456_REV,0.0,0.0001098583009133
catapro,r_4457_ENZ_YDR093W_FWD,0.0,0.0
catapro,r_4457_ENZ_YDR093W_REV,0.0,0.0
catapro,r_4458_FWD,0.0,0.0
catapro,r_4458_REV,0.0,0.0001173964392651
catapro,r_4459_FWD,0.0,0.0
catapro,r_4459_REV,0.0,0.0001397426805442
catapro,r_4460_FWD,0.0,0.0
catapro,r_4460_REV,0.5071670950508652,0.5079122923272795
catapro,r_4461_FWD,0.0,0.0
catapro,r_4461_REV,0.0,7.380692625683126e-06
catapro,r_4462_FWD,0.0,0.0
catapro,r_4462_REV,0.0,0.0
catapro,r_4463_FWD,0.0,0.0
catapro,r_4463_REV,0.0,4.588777696266574e-06
catapro,r_4464_FWD,0.0,0.0
catapro,r_4464_REV,0.0,0.0
catapro,r_4465_FWD,0.0,0.0
catapro,r_4465_REV,0.0,0.0
catapro,r_4466_FWD,0.0,0.0
catapro,r_4466_REV,0.0,1.481548714275284e-05
catapro,r_4467_FWD,0.0,0.0
catapro,r_4467_REV,0.0,0.0
catapro,r_4468_ENZ_YDR342C_FWD,0.0,0.0
catapro,r_4468_ENZ_YDR342C_REV,0.0,0.0
catapro,r_4468_ENZ_YHR092C_FWD,0.0,0.0
catapro,r_4468_ENZ_YHR092C_REV,0.0,0.0
catapro,r_4469_ENZ_YKR039W_FWD,0.0,0.0
catapro,r_4469_ENZ_YKR039W_REV,0.0,1.419554087045416e-05
catapro,r_4470_FWD,0.0,0.0
catapro,r_4470_REV,0.0,8.842481818724292e-05
catapro,r_4471_ENZ_YJR152W_FWD,0.0,0.0
catapro,r_4471_ENZ_YJR152W_REV,0.0,4.000052773769913e-05
catapro,r_4471_ENZ_YKR093W_FWD,0.0,0.0
catapro,r_4471_ENZ_YKR093W_REV,0.0,3.932641313740548e-05
catapro,r_4472_FWD,0.0,0.0
catapro,r_4472_REV,0.0,4.13564541009992e-05
catapro,r_4473_ENZ_YJR152W_FWD,0.0,0.0
catapro,r_4473_ENZ_YJR152W_REV,0.0,9.521887949948128e-05
catapro,r_4473_ENZ_YKR093W_FWD,0.0,0.0
catapro,r_4473_ENZ_YKR093W_REV,0.0,9.099196372880368e-05
catapro,r_4474_FWD,0.0,0.0
catapro,r_4474_REV,0.0,9.521888210373142e-05
catapro,r_4475_FWD,0.0,0.0
catapro,r_4475_REV,0.0,3.679865368599877e-05
catapro,r_4476_FWD,0.0,0.0
catapro,r_4476_REV,0.0,3.679865345074251e-05
catapro,r_4477_FWD,0.0,0.0
catapro,r_4477_REV,0.0,0.0
catapro,r_4478_FWD,0.0,0.0
catapro,r_4478_REV,0.0,1.5641575602083624e-05
catapro,r_4479_FWD,0.0,0.0
catapro,r_4479_REV,0.0,0.0
catapro,r_4480_FWD,0.0,0.0
catapro,r_4480_REV,0.0,0.0
catapro,r_4481,0.0,3.918153393156487e-05
catapro,r_4482_FWD,0.0,9.209398964858671e-05
catapro,r_4482_REV,0.0,0.0
catapro,r_4483_FWD,0.0,9.638252966887027e-05
catapro,r_4483_REV,0.0,0.0
catapro,r_4484_ENZ_YJR130C_FWD,0.0,0.0
catapro,r_4484_ENZ_YJR130C_REV,0.0,3.185856077096011e-05
catapro,r_4484_ENZ_YLL058W_FWD,0.0,0.0
catapro,r_4484_ENZ_YLL058W_REV,0.0,3.233085957399255e-05
catapro,r_4484_ENZ_YML082W_FWD,0.0,0.0
catapro,r_4484_ENZ_YML082W_REV,0.0,3.311743093693115e-05
catapro,r_4485,0.0,2.56952823215334e-05
catapro,r_4486,0.0,2.56952823215334e-05
catapro,r_4487,0.0,2.56952823215334e-05
catapro,r_4488,0.0,2.56952823215334e-05
catapro,r_4489,0.0,0.0
catapro,r_4490_FWD,0.0,0.0
catapro,r_4490_REV,0.0,0.0
catapro,r_4491,0.0,0.0
catapro,r_4492,0.0,0.0
catapro,r_4493_ENZ_YNL065W_FWD,0.0,0.0
catapro,r_4493_ENZ_YNL065W_REV,0.0,2.015723289724644e-05
catapro,r_4494,0.0,-0.0
catapro,r_4495,0.0,0.0
catapro,r_4496,0.0,9.545969456536962e-05
catapro,r_4497,0.0,4.972146834283237e-05
catapro,r_4498,0.0,0.0
catapro,r_4499,0.0,0.0
catapro,r_4500,0.0,-0.0
catapro,r_4501,0.0,0.0
catapro,r_4502,0.0,0.0001101435951448
catapro,r_4503,0.0,0.0
catapro,r_4504,0.0,0.0001144227084959
catapro,r_4505,0.0,0.0
catapro,r_4506,0.0,0.0
catapro,r_4507,0.0,8.899762908780653e-05
catapro,r_4508,0.0,0.0
catapro,r_4509,0.0,4.0000527651924e-05
catapro,r_4510,0.0,0.0
catapro,r_4511,0.0,-0.0
catapro,r_4512,0.0,0.0
catapro,r_4513,0.0,0.0
catapro,r_4514,0.0,0.0
catapro,r_4515,0.0,0.0
catapro,r_4516,0.0,0.0
catapro,r_4517,0.0,0.0
catapro,r_4518,0.0,1.348129995239894e-05
catapro,r_4519,0.0,1.412045509086024e-05
catapro,r_4520,0.0,6.518110340855698e-05
catapro,r_4521,0.0,7.51289390502524e-06
catapro,r_4522,0.0,0.0
catapro,r_4523,0.0,0.0001491455397486
catapro,r_4524,0.0,7.193287190431982e-06
catapro,r_4525,0.0,9.013999820817188e-05
catapro,r_4526,0.0,-0.0
catapro,r_4527,0.5071670950508652,0.507891504641861
catapro,r_4528,0.0,0.0
catapro,r_4529,0.0,0.0001281111900244
catapro,r_4530,0.0,9.685501833792132e-06
catapro,r_4531,0.0,3.8058678430437365e-05
catapro,r_4532,0.0,0.0
catapro,r_4533,0.0,0.0
catapro,r_4534,0.0,0.0
catapro,r_4535,0.0,0.0
catapro,r_4536,0.0,0.0
catapro,r_4537,0.0,0.0
catapro,r_4538,0.0,0.0001173964399491
catapro,r_4539,0.0,0.0001081732268535
catapro,r_4540,0.0,0.0
catapro,r_4541,0.0,0.0
catapro,r_4542,0.0,0.0
catapro,r_4543,0.0,0.00015089643291
catapro,r_4544,0.0,0.0
catapro,r_4545,0.0,0.0
catapro,r_4546,0.0,0.0
catapro,r_4547,0.0,0.0001416498470898
catapro,r_4548,0.0,4.943230700455575e-06
catapro,r_4549,0.0,1.0920882487053252e-05
catapro,r_4550,0.0,1.0214006367921524e-05
catapro,r_4551,0.0,0.0
catapro,r_4552,0.0,1.372974233854185e-05
catapro,r_4553,0.0,0.0
catapro,r_4554,0.0,0.0
catapro,r_4555,0.0,1.869477391000171e-05
catapro,r_4556,0.0,3.726362110234582e-05
catapro,r_4557,0.0,1.6631474231539045e-05
catapro,r_4558,0.0,1.4251717912503598e-05
catapro,r_4559,0.0,0.0
catapro,r_4560,0.0,0.0
catapro,r_4561,0.0,0.0
catapro,r_4562,0.0,0.0
catapro,r_4563,0.0,0.0
catapro,r_4564,0.0,0.0
catapro,r_4565,0.0,0.0
catapro,r_4567,0.0,0.0001414865944493
catapro,r_4568,0.0,0.0
catapro,r_4569,0.0,-0.0
catapro,r_4570_ENZ_YER081W_FWD,0.0,0.0
catapro,r_4570_ENZ_YER081W_REV,0.0,0.0
catapro,r_4570_ENZ_YIL074C_FWD,0.0,0.0
catapro,r_4570_ENZ_YIL074C_REV,0.0458431248835482,0.0459760646797664
catapro,r_4571_FWD,0.0458462949454197,0.0459789663550321
catapro,r_4571_REV,0.0,0.0
catapro,r_4572_FWD,0.0,1.3691029143142464e-05
catapro,r_4572_REV,0.0,0.0
catapro,r_4573,0.0,2.0460480485292115e-05
catapro,r_4574,0.0,2.097076670800474e-05
catapro,r_4575,0.0,1.65432837096937e-05
catapro,r_4581,0.045810864282164,0.0459361862375664
catapro,r_4582,0.045810864282164,0.0459361862375664
catapro,r_4583,0.0,7.408503870437455e-05
catapro,r_4584_ENZ_YER015W,0.0,7.7124004100107e-05
catapro,r_4584_ENZ_YIL009W,0.0,6.2141583796263e-05
catapro,r_4584_ENZ_YMR246W,0.0,7.479959491297344e-05
catapro,r_4584_ENZ_YOR317W,0.0,7.049635021983552e-05
catapro,r_4585,0.0,0.0
catapro,r_4586,0.0,0.0
catapro,r_4587_ENZ_YOL122C_FWD,4.659660501543136e-05,4.6596684172010704e-05
catapro,r_4587_ENZ_YOL122C_REV,0.0,0.0
catapro,r_4588_ENZ_YNL275W_FWD,0.0002770028771064,0.0002770040119553
catapro,r_4588_ENZ_YNL275W_REV,0.0,0.0
catapro,r_4589_ENZ_YOL122C_FWD,0.0001415076691188,0.0001415082951307
catapro,r_4589_ENZ_YOL122C_REV,0.0,0.0
catapro,r_4590_ENZ_YOL130W_FWD,0.0005862153852721,0.0005862179980767
catapro,r_4590_ENZ_YOL130W_REV,0.0,0.0
catapro,r_4591_ENZ_YGL255W_FWD,0.0,0.0001606190225383
catapro,r_4591_ENZ_YGL255W_REV,0.0,0.0
catapro,r_4591_ENZ_YLR130C_FWD,0.0,0.0001606189614582
catapro,r_4591_ENZ_YLR130C_REV,0.0,0.0
catapro,r_4592_ENZ_YGR191W_FWD,0.0,0.0002668136484827
catapro,r_4592_ENZ_YGR191W_REV,0.0,0.0
catapro,r_4592_ENZ_YOL130W_FWD,0.0,0.0002668126497099
catapro,r_4592_ENZ_YOL130W_REV,0.0,0.0
catapro,r_4593_FWD,0.0,0.0
catapro,r_4593_REV,0.0002770028771064,0.0002770041117283
catapro,r_4594_FWD,0.0,0.0
catapro,r_4594_REV,0.0001415076691188,0.0001415082998288
catapro,r_4595_FWD,0.0,0.0
catapro,r_4595_REV,0.0005862153852721,0.0005862179893969
catapro,r_4596_FWD,0.0,0.0
catapro,r_4596_REV,0.0001606187152142,0.0001606194287253
catapro,r_4597_FWD,0.0,0.0
catapro,r_4597_REV,0.0002668123806879,0.0002668128322043
catapro,r_4598,0.2147309051931643,0.2147319042564084
catapro,r_4599,0.2147309051931643,0.2147319042564084
catapro,r_4600_FWD,0.0,0.0
catapro,r_4600_REV,4.659660501543136e-05,4.6596812699883694e-05
catapro,r_4601_FWD,0.0,0.0
catapro,r_4601_REV,0.0,0.0
catapro,r_4602_FWD,0.0,0.0
catapro,r_4602_REV,0.0,0.0
catapro,r_4603_FWD,0.0,0.0
catapro,r_4603_REV,0.0,0.0
catapro,r_4604_FWD,0.0,0.0
catapro,r_4604_REV,0.0,0.0
catapro,r_4605_FWD,0.0,0.0
catapro,r_4605_REV,0.0,0.0
catapro,r_4606_FWD,0.0,0.0
catapro,r_4606_REV,0.0,0.0
catapro,r_4607_FWD,0.0,0.0
catapro,r_4607_REV,0.0,0.0001685266363762
catapro,r_4608,0.0,6.072657189126751e-05
catapro,r_4609_FWD,0.0,0.0001612077119949
catapro,r_4609_REV,0.0,0.0
catapro,r_4610_FWD,0.0,0.0
catapro,r_4610_REV,0.0,0.0107400564545945
catapro,r_4611_FWD,0.0,0.0
catapro,r_4611_REV,0.0,0.0001614682041815
catapro,r_4612_FWD,0.0,0.0
catapro,r_4612_REV,0.0,0.0
catapro,r_4613_FWD,0.0,0.0
catapro,r_4613_REV,0.0,0.0
catapro,r_4614_FWD,0.0,0.0
catapro,r_4614_REV,0.0,0.0
catapro,r_4615_FWD,0.0,0.0
catapro,r_4615_REV,0.0,0.0
catapro,r_4616_FWD,0.0,0.0
catapro,r_4616_REV,0.0,0.0
catapro,r_4617_FWD,0.0,0.0
catapro,r_4617_REV,0.0,0.0
catapro,r_4618_FWD,0.0,0.0
catapro,r_4618_REV,0.0,0.0
catapro,r_4619_FWD,0.0,0.0
catapro,r_4619_REV,0.0,0.0
catapro,r_4620_FWD,0.0,0.0
catapro,r_4620_REV,0.0,0.0
catapro,r_4621_FWD,0.0,3.393206553958805e-05
catapro,r_4621_REV,0.0,0.0
catapro,r_4622_FWD,0.0,0.0
catapro,r_4622_REV,0.0,0.0
catapro,r_4623_FWD,0.0,0.0
catapro,r_4623_REV,0.0,0.0
catapro,r_4624_FWD,0.0,0.0
catapro,r_4624_REV,0.0,0.0
catapro,r_4625_FWD,0.0,0.0
catapro,r_4625_REV,0.0,0.0
catapro,r_4626_FWD,0.0,0.0
catapro,r_4626_REV,0.0,0.0
catapro,r_4627_FWD,0.0,0.0
catapro,r_4627_REV,0.0,0.0
catapro,r_4628_FWD,0.0,0.0
catapro,r_4628_REV,0.0,0.0
catapro,r_4629_ENZ_YBR177C_FWD,0.0,8.22491333300294e-06
catapro,r_4629_ENZ_YBR177C_REV,0.0,0.0
catapro,r_4629_ENZ_YPL095C_FWD,0.0,8.258308883391657e-06
catapro,r_4629_ENZ_YPL095C_REV,0.0,0.0
catapro,r_4630_ENZ_YBR177C_FWD,0.0,7.1959420324690165e-06
catapro,r_4630_ENZ_YBR177C_REV,0.0,0.0
catapro,r_4630_ENZ_YPL095C_FWD,0.0,4.948469645331463e-06
catapro,r_4630_ENZ_YPL095C_REV,0.0,0.0
catapro,r_4631_ENZ_YBR177C_FWD,0.0,5.603488384275935e-06
catapro,r_4631_ENZ_YBR177C_REV,0.0,0.0
catapro,r_4631_ENZ_YPL095C_FWD,0.0,8.163341876445823e-06
catapro,r_4631_ENZ_YPL095C_REV,0.0,0.0
catapro,r_4632_ENZ_YGR015C_FWD,0.0,0.0
catapro,r_4632_ENZ_YGR015C_REV,0.0,0.0
catapro,r_4632_ENZ_YGR177C_FWD,0.0,0.0
catapro,r_4632_ENZ_YGR177C_REV,0.0,0.0
catapro,r_4632_ENZ_YOR377W_FWD,0.0,0.0
catapro,r_4632_ENZ_YOR377W_REV,0.0,0.0
catapro,r_4633_ENZ_YBR177C_FWD,0.0,4.216080207915451e-06
catapro,r_4633_ENZ_YBR177C_REV,0.0,0.0
catapro,r_4633_ENZ_YPL095C_FWD,0.0,4.556439245560916e-06
catapro,r_4633_ENZ_YPL095C_REV,0.0,0.0
catapro,r_4634_FWD,0.0,4.996667237103064e-06
catapro,r_4634_REV,0.0,0.0
catapro,r_4635_FWD,0.0,4.946686761686329e-06
catapro,r_4635_REV,0.0,0.0
catapro,r_4636_FWD,0.0,5.031538497357478e-06
catapro,r_4636_REV,0.0,0.0
catapro,r_4637,0.0,0.0
catapro,r_4638,0.0,5.486016301638555e-06
catapro,r_4639_FWD,0.0,4.9933901758225935e-06
catapro,r_4639_REV,0.0,0.0
catapro,r_4640_FWD,0.0,5.019089177011616e-06
catapro,r_4640_REV,0.0,0.0
catapro,r_4641_FWD,0.0,7.960511902776066e-06
catapro,r_4641_REV,0.0,0.0
catapro,r_4642,0.0,0.0
catapro,r_4643,0.0,4.229805850777903e-06
catapro,r_4644,0.0,5.770761416089089e-06
catapro,r_4645,0.0,0.0
catapro,r_4646,0.0,6.745595235825395e-06
catapro,r_4647,0.0,0.0
catapro,r_4648,0.0,5.101338545237394e-06
catapro,r_4649_ENZ_YGR015C,0.0,0.0001240379593914
catapro,r_4650,0.0,0.0001315518683663
catapro,r_4651_ENZ_YGR087C,0.0,4.755392517719059e-05
catapro,r_4651_ENZ_YLR044C,0.0,0.0003931751336571
catapro,r_4651_ENZ_YLR134W,0.0,7.449511554307592e-05
catapro,r_4652_ENZ_YBR145W,0.0,7.17679740516522e-05
catapro,r_4652_ENZ_YDL168W,0.0,7.124980150517018e-05
catapro,r_4652_ENZ_YOL086C,0.0,7.028976406867754e-05
catapro,r_4653_ENZ_YGL256W,0.0,0.0
catapro,r_4653_ENZ_YMR083W,0.0,0.0
catapro,r_4654_ENZ_YCR105W,0.0,7.13951621636455e-05
catapro,r_4654_ENZ_YDR368W,0.0,6.812377203257308e-05
catapro,r_4654_ENZ_YMR318C,0.0,6.806687249560212e-05
catapro,r_4655_FWD,0.0,0.0
catapro,r_4655_REV,0.0,0.0
catapro,r_4656_FWD,0.0,7.363895496132616e-05
catapro,r_4656_REV,0.0,0.0
catapro,r_4657_FWD,0.0,7.106397890372512e-05
catapro,r_4657_REV,0.0,0.0
catapro,r_4658,0.0,7.375794563008187e-05
catapro,r_4659,0.0,7.113485651866875e-05
catapro,r_4660_ENZ_YHR137W_FWD,0.0,1.4745674513733098e-05
catapro,r_4660_ENZ_YHR137W_REV,0.0,0.0
catapro,r_4661_ENZ_YBR145W,0.0,1.413554225394853e-05
catapro,r_4661_ENZ_YDL168W,0.0,1.448815569752085e-05
catapro,r_4661_ENZ_YOL086C,0.0,1.4453353683538396e-05
catapro,r_4662_ENZ_YGL256W,0.0,0.0
catapro,r_4662_ENZ_YMR083W,0.0,0.0
catapro,r_4663_ENZ_YCR105W,0.0,1.439824755822966e-05
catapro,r_4663_ENZ_YDR368W,0.0,1.4560970622759515e-05
catapro,r_4663_ENZ_YMR318C,0.0,1.4537767729617956e-05
catapro,r_4664_FWD,0.0,0.0
catapro,r_4664_REV,0.0,0.0
catapro,r_4665_FWD,0.0,1.5134816047885497e-05
catapro,r_4665_REV,0.0,0.0
catapro,r_4666_FWD,0.0,1.4943778038740974e-05
catapro,r_4666_REV,0.0,0.0
catapro,r_4667,0.0,1.5134816158793307e-05
catapro,r_4668,0.0,1.4943778036608998e-05
catapro,r_4669_ENZ_YGR087C,0.0,1.795762493414163e-05
catapro,r_4669_ENZ_YLR044C,0.0,1.797611218820258e-05
catapro,r_4669_ENZ_YLR134W,0.0,1.8072580516417108e-05
catapro,r_4670_ENZ_YBR145W,0.0,1.830286063514777e-05
catapro,r_4670_ENZ_YDL168W,0.0,1.80498797871069e-05
catapro,r_4670_ENZ_YOL086C,0.0,1.7819147645228156e-05
catapro,r_4671_ENZ_YGL256W,0.0,0.0
catapro,r_4671_ENZ_YMR083W,0.0,0.0
catapro,r_4672_ENZ_YCR105W,0.0,1.161688999841079e-05
catapro,r_4672_ENZ_YDR368W,0.0,1.773406943508457e-05
catapro,r_4672_ENZ_YMR318C,0.0,1.7726100745702605e-05
catapro,r_4673_FWD,0.0,0.0
catapro,r_4673_REV,0.0,0.0
catapro,r_4674_FWD,0.0,1.8786580456352925e-05
catapro,r_4674_REV,0.0,0.0
catapro,r_4675_FWD,0.0,1.798053330203872e-05
catapro,r_4675_REV,0.0,0.0
catapro,r_4676,0.0,1.8786580456352925e-05
catapro,r_4677,0.0,1.803185491342993e-05
catapro,r_4678_ENZ_YMR169C_FWD,0.0,0.0002475525140889
catapro,r_4678_ENZ_YMR169C_REV,0.0,3.1192422656263485e-05
catapro,r_4678_ENZ_YMR170C_FWD,0.0,3.340691241304761e-05
catapro,r_4678_ENZ_YMR170C_REV,0.0,0.000369785439899
catapro,r_4678_ENZ_YOR374W_FWD,0.0,3.631266179336679e-05
catapro,r_4678_ENZ_YOR374W_REV,0.0,3.6027611847920527e-05
catapro,r_4679_ENZ_YER015W_FWD,0.0,0.0007552875018271
catapro,r_4679_ENZ_YER015W_REV,0.0,0.0004637413134298
catapro,r_4679_ENZ_YIL009W_FWD,0.0,0.0004055074097568
catapro,r_4679_ENZ_YIL009W_REV,0.0,0.0003646819239261
catapro,r_4679_ENZ_YMR246W_FWD,0.0,0.0006123849969339
catapro,r_4679_ENZ_YMR246W_REV,0.0,0.0007276943620499
catapro,r_4679_ENZ_YOR317W_FWD,0.0,0.000478748774821
catapro,r_4679_ENZ_YOR317W_REV,0.0,0.0003405287508003
catapro,r_4680_ENZ_YBR177C_FWD,0.0,9.605917722116386e-05
catapro,r_4680_ENZ_YBR177C_REV,0.0,0.0
catapro,r_4680_ENZ_YPL095C_FWD,0.0,9.647315634014886e-05
catapro,r_4680_ENZ_YPL095C_REV,0.0,0.0
catapro,r_4681_FWD,0.0,9.632721226879422e-05
catapro,r_4681_REV,0.0,6.072657189304387e-05
catapro,r_4682_FWD,0.0,7.877467372778094e-06
catapro,r_4682_REV,0.0,0.0
catapro,r_4683_FWD,0.0,8.573937403381915e-06
catapro,r_4683_REV,0.0,0.0
catapro,r_4684_FWD,0.0,7.293952990009064e-06
catapro,r_4684_REV,0.0,0.0
catapro,r_4685_FWD,0.0,4.229805850997929e-06
catapro,r_4685_REV,0.0,0.0
catapro,r_4686_FWD,0.0,2.8881295625989424e-05
catapro,r_4686_REV,0.0,4.134229448460314e-05
catapro,r_4687_ENZ_YGR015C,0.0,1.0037197818474342e-05
catapro,r_4687_ENZ_YGR177C,0.0,1.072099548603267e-05
catapro,r_4687_ENZ_YOR377W,0.0,1.0720995554144852e-05
catapro,r_4688,0.0,9.460869082447698e-06
catapro,r_4689,0.0,9.460869082447698e-06
catapro,r_4690_ENZ_YGR015C,0.0,1.2789684157330644e-05
catapro,r_4690_ENZ_YGR177C,0.0,1.2888409327158068e-05
catapro,r_4690_ENZ_YOR377W,0.0,1.2888409334296162e-05
catapro,r_4691,0.0,1.2944947570116966e-05
catapro,r_4692,0.0,1.2944947570116966e-05
catapro,r_4693_ENZ_YGR015C,0.0,2.5849842307745785e-05
catapro,r_4693_ENZ_YGR177C,0.0,3.52822535935049e-05
catapro,r_4693_ENZ_YOR377W,0.0,3.251135979323583e-05
catapro,r_4694,0.0,2.404467972039193e-05
catapro,r_4695,0.0,2.404467972039193e-05
catapro,r_4697_FWD,0.0,9.951901597327062e-05
catapro,r_4697_REV,0.0,0.0
catapro,r_4698_ENZ_YKL217W,0.0,9.926475141986552e-05
catapro,r_4698_ENZ_YNL065W,0.0,9.717662548136552e-05
catapro,r_4699,0.0,9.836227009213384e-05
catapro,r_4700_ENZ_YIL166C,0.0,4.075094658279044e-05
catapro,r_4701_ENZ_YFR055W_FWD,0.0,3.393206535591276e-05
catapro,r_4701_ENZ_YFR055W_REV,0.0,0.0
catapro,r_4702_FWD,0.0,1.9421130914125395e-05
catapro,r_4702_REV,0.0,0.0
catapro,r_4703_ENZ_YOR251C,0.0,2.043976360045774e-05
catapro,r_4704_ENZ_YIL166C,0.0,0.0
catapro,r_4705_ENZ_YIL166C,0.0,0.0
catapro,r_4706_ENZ_YLL057C_FWD,0.0,0.0
catapro,r_4706_ENZ_YLL057C_REV,0.0,0.0
catapro,r_4707_FWD,0.0,0.0
catapro,r_4707_REV,0.0,0.0
catapro,r_4708,0.0,2.723686430074201e-05
catapro,r_4709,0.0,0.0
catapro,r_4710,0.0,-0.0
catapro,r_4711_ENZ_YOR126C_FWD,0.0,6.0301866618539535e-05
catapro,r_4711_ENZ_YOR126C_REV,0.0,0.0
catapro,r_4712_ENZ_YOR126C_FWD,0.0,5.55159678483168e-05
catapro,r_4712_ENZ_YOR126C_REV,0.0,0.0
catapro,r_4713_ENZ_YOR126C_FWD,0.0,0.0002171577376713
catapro,r_4713_ENZ_YOR126C_REV,0.0,0.0
catapro,r_4714_ENZ_YOR126C_FWD,0.0,0.0002286827021372
catapro,r_4714_ENZ_YOR126C_REV,0.0,0.0
catapro,r_4715_ENZ_YOR126C_FWD,0.0,0.0
catapro,r_4715_ENZ_YOR126C_REV,0.0,0.0
catapro,r_4716_ENZ_YOR126C_FWD,0.0,0.0008399871792472
catapro,r_4716_ENZ_YOR126C_REV,0.0,0.0
catapro,r_4717_ENZ_YOR126C_FWD,0.0,0.0
catapro,r_4717_ENZ_YOR126C_REV,0.0,0.0
catapro,r_4718_ENZ_YOR374W_FWD,0.0,4.774320973766066e-05
catapro,r_4718_ENZ_YOR374W_REV,0.0,0.0
catapro,r_4718_ENZ_YPL061W_FWD,0.0,5.058737502852684e-05
catapro,r_4718_ENZ_YPL061W_REV,0.0,0.0
catapro,r_4719_ENZ_YOR374W_FWD,0.0,4.660628780648463e-05
catapro,r_4719_ENZ_YOR374W_REV,0.0,0.0
catapro,r_4719_ENZ_YPL061W_FWD,0.0,4.65614935670558e-05
catapro,r_4719_ENZ_YPL061W_REV,0.0,0.0
catapro,r_4720_ENZ_YOR126C_FWD,0.0,4.856940636843721e-05
catapro,r_4720_ENZ_YOR126C_REV,0.0,0.0
catapro,r_4721_ENZ_YOR126C_FWD,0.0,4.668324538138064e-05
catapro,r_4721_ENZ_YOR126C_REV,0.0,0.0
catapro,r_4722_ENZ_YJL012C,0.0,4.148693729799646e-05
catapro,r_4723_ENZ_YDR452W_FWD,0.0,0.0001547173921118
catapro,r_4723_ENZ_YDR452W_REV,0.0,0.0001562408904138
catapro,r_4723_ENZ_YHR201C_FWD,0.0,0.0001604555119893
catapro,r_4723_ENZ_YHR201C_REV,0.0,0.0001673990188536
catapro,r_4724_ENZ_YDR452W_FWD,0.0,0.0
catapro,r_4724_ENZ_YDR452W_REV,0.0,0.0007175627826074
catapro,r_4724_ENZ_YHR201C_FWD,4.045972722952776,4.048683718135268
catapro,r_4724_ENZ_YHR201C_REV,0.0,0.0020774510780716
catapro,r_4725_ENZ_YDR452W_FWD,0.0,0.0
catapro,r_4725_ENZ_YDR452W_REV,0.0,0.0
catapro,r_4725_ENZ_YHR201C_FWD,0.0,0.0
catapro,r_4725_ENZ_YHR201C_REV,0.0,0.0
catapro,r_4726_FWD,0.0,8.158922691359205e-05
catapro,r_4726_REV,0.0,0.0
catapro,r_4727,0.0,7.928553284131112e-05
catapro,r_4728_FWD,0.0,8.873263261987817e-05
catapro,r_4728_REV,0.0,0.0
catapro,r_4729,0.0,8.456082820606364e-05
catapro,r_4730_FWD,0.0,0.0002295778350593
catapro,r_4730_REV,0.0,0.0
catapro,r_4731,0.0,0.0002286593616038
catapro,r_4732_FWD,0.0,0.0002274379628028
catapro,r_4732_REV,0.0,0.0
catapro,r_4733,0.0,0.0002286827021372
catapro,r_4734_FWD,0.0,0.0
catapro,r_4734_REV,0.0,0.0
catapro,r_4735,0.0,0.0
catapro,r_4736_FWD,0.0,0.0008481798563278
catapro,r_4736_REV,0.0,0.0
catapro,r_4737,0.0,0.0008399871792472
catapro,r_4738_FWD,0.0,0.0
catapro,r_4738_REV,0.0,0.0
catapro,r_4739,0.0,0.0
catapro,r_4740_FWD,0.0,5.0587375005461954e-05
catapro,r_4740_REV,0.0,0.0
catapro,r_4741,0.0,5.046124350488457e-05
catapro,r_4742_FWD,0.0,3.198806541702265e-05
catapro,r_4742_REV,0.0,0.0
catapro,r_4743,0.0,3.073984732371998e-05
catapro,r_4744_FWD,0.0,0.0001760967090485
catapro,r_4744_REV,0.0,0.0001608591593866
catapro,r_4745_FWD,4.045993687940751,4.048019258970518
catapro,r_4745_REV,0.0,0.0
catapro,r_4746_FWD,0.0,0.0
catapro,r_4746_REV,0.0,0.0
catapro,r_4747_ENZ_YDR020C,0.0,3.669074272827381e-05
catapro,r_4747_ENZ_YNR012W,0.0,0.0001082199525654
catapro,r_4748_ENZ_YFL053W,0.0,0.0
catapro,r_4748_ENZ_YML070W,0.0,0.0
catapro,r_4749_ENZ_YLR209C_FWD,0.0,0.0002001659004395
catapro,r_4749_ENZ_YLR209C_REV,0.0,6.171532153647491e-05
catapro,r_4750_ENZ_YBR019C_FWD,0.0,0.0
catapro,r_4750_ENZ_YBR019C_REV,0.0,0.0
catapro,r_4751_ENZ_YEL066W,0.0,0.0
catapro,r_4751_ENZ_YPR193C,0.0,0.0
catapro,r_4752_ENZ_YLR146C,0.0,0.0
catapro,r_4752_ENZ_YPR069C,0.0,0.0
catapro,r_4753_ENZ_YPL214C_FWD,0.0,0.0
catapro,r_4753_ENZ_YPL214C_REV,0.0,0.0
catapro,r_4754_ENZ_YDR538W_FWD,0.0,0.0
catapro,r_4754_ENZ_YDR538W_REV,0.0,0.0
catapro,r_4755_ENZ_YDL178W,0.0,0.0
catapro,r_4755_ENZ_YEL071W,0.0,0.0
catapro,r_4756_ENZ_YDR400W,0.0,5.079794272127257e-05
catapro,r_4757_ENZ_YDR109C_FWD,0.0,0.0
catapro,r_4757_ENZ_YDR109C_REV,0.0,0.0
catapro,r_4758_ENZ_YLR209C_FWD,0.0,0.0
catapro,r_4758_ENZ_YLR209C_REV,0.0,0.0
catapro,r_4759_ENZ_YGL067W,0.0,-0.0
catapro,r_4760_ENZ_YER023W_FWD,0.0,0.0002969027577341
catapro,r_4760_ENZ_YER023W_REV,0.0,0.0
catapro,r_4761_ENZ_YJL060W,0.0,0.0
catapro,r_4762_ENZ_YDR036C_FWD,0.0,0.0
catapro,r_4762_ENZ_YDR036C_REV,0.0,0.0
catapro,r_4763_ENZ_YAL060W_FWD,0.0,0.0
catapro,r_4763_ENZ_YAL060W_REV,0.0,0.0
catapro,r_4763_ENZ_YAL061W_FWD,0.0,0.0
catapro,r_4763_ENZ_YAL061W_REV,0.0,0.0
catapro,r_4764_ENZ_YPR062W,0.0,-0.0
catapro,r_4765_ENZ_YIR032C,0.0,0.0
catapro,r_4766_ENZ_YJL005W,0.0,8.568055672489652e-05
catapro,r_4767_ENZ_YJL060W,0.0,0.0
catapro,r_4768_ENZ_YDR481C,0.0,0.0
catapro,r_4769_ENZ_YDR305C,0.0,-0.0
catapro,r_4770_ENZ_YKL067W,0.0,-0.0
catapro,r_4771_ENZ_YKL067W,0.0,0.0
catapro,r_4772_ENZ_YKL067W,0.0,-0.0
catapro,r_4773_ENZ_YKL067W,0.0,0.0
catapro,r_4774_ENZ_YKL067W,0.0,-0.0
catapro,r_4775_ENZ_YKL067W,0.0,0.0005800371435213
catapro,r_4776_ENZ_YKL067W,0.0,0.0
catapro,r_4777_ENZ_YKL067W_FWD,0.0,0.0
catapro,r_4777_ENZ_YKL067W_REV,0.0,0.0
catapro,r_4778_ENZ_YKL067W_FWD,0.0,0.0
catapro,r_4778_ENZ_YKL067W_REV,0.0,0.0
catapro,r_4779_FWD,0.0,2.3574147822830057e-06
catapro,r_4779_REV,0.0,0.0
catapro,r_4780,0.0,2.357414768627272e-06
catapro,r_4781_ENZ_YGR144W,0.0,2.576770953460569e-07
catapro,r_4782_ENZ_YGR144W,0.0,2.576770953460569e-07
