tool,reaction,min_flux,max_flux
unikp,r_0001_ENZ_YDL174C_and_YEL039C,0.0,0.0025642355023015
unikp,r_0001_ENZ_YDL174C_and_YJR048W,0.0,0.0025062341571815
unikp,r_0001_ENZ_YEL039C_and_YEL071W,0.0,0.0025067076146281
unikp,r_0001_ENZ_YEL071W_and_YJR048W,0.0,0.002506707714879
unikp,r_0002_ENZ_YDL178W_and_YEL039C,0.0,0.0025067076147378
unikp,r_0002_ENZ_YDL178W_and_YJR048W,0.0,0.0025055934215547
unikp,r_0003_ENZ_YAL060W_FWD,0.0,0.0
unikp,r_0003_ENZ_YAL060W_REV,0.0,0.0186157265555735
unikp,r_0004_ENZ_YEL039C_and_YML054C,0.0,0.0018075359270006
unikp,r_0004_ENZ_YJR048W_and_YML054C,0.0,0.0018075359270379
unikp,r_0005_ENZ_YPR165W_and_YGR032W,0.0,0.1569267935632366
unikp,r_0005_ENZ_YPR165W_and_YLR342W,0.0,0.1569267935631444
unikp,r_0005_ENZ_YPR165W_and_YMR306W,0.0,0.1569267934936954
unikp,r_0006_ENZ_YGR143W,0.0,0.0524320216326696
unikp,r_0006_ENZ_YPR159W,0.0,0.0524323259236557
unikp,r_0007_ENZ_YIL020C,0.0161673977697862,0.0163259845908959
unikp,r_0012_ENZ_YHR037W,0.0,0.0011840879671378
unikp,r_0013_ENZ_YEL038W_and_YMR009W,4.033506771769502e-05,0.0003359001253144
unikp,r_0014_ENZ_YOL066C,0.0002101669189045,0.0002123057992459
unikp,r_0015_ENZ_YBR153W,0.0002101669189045,0.0002123057105562
unikp,r_0016_ENZ_YCL009C_and_YMR108W,0.046993829566273,0.0476563186987446
unikp,r_0016_ENZ_YMR108W,0.0,0.0
unikp,r_0017_ENZ_YNL256W,0.0,1.3459277515116718e-05
unikp,r_0018_ENZ_YER152C_FWD,0.0,0.0
unikp,r_0018_ENZ_YER152C_REV,0.0,0.0
unikp,r_0018_ENZ_YGL202W_FWD,0.0697904859917226,0.0699952961134052
unikp,r_0018_ENZ_YGL202W_REV,0.0,0.0
unikp,r_0018_ENZ_YJL060W_FWD,0.0,0.0
unikp,r_0018_ENZ_YJL060W_REV,0.0,0.0
unikp,r_0019_ENZ_YHR063C,4.033506771761175e-05,0.0001798760100384
unikp,r_0020_ENZ_YBR249C,0.0642893863203357,0.0661242894861294
unikp,r_0020_ENZ_YDR035W,0.0,0.0
unikp,r_0021_ENZ_YDR204W_and_YGR255C_and_YLR201C_and_YML110C_and_YOL096C_and_YOR125C,0.0,0.0
unikp,r_0022_ENZ_YDR204W_and_YGR255C_and_YLR201C_and_YML110C_and_YOL096C_and_YOR125C,0.0,0.0
unikp,r_0023_ENZ_YGL009C_FWD,0.0,0.0
unikp,r_0023_ENZ_YGL009C_REV,0.0722777838261592,0.0733289835028426
unikp,r_0024_ENZ_YNL104C,0.0,0.0005058692529134
unikp,r_0024_ENZ_YOR108W,0.0,0.0004839940620652
unikp,r_0025_ENZ_YNL104C,0.071774777782496,0.0733279546113744
unikp,r_0026_ENZ_YGL202W,0.0,0.0003312439120577
unikp,r_0026_ENZ_YHR137W,0.0,0.0003181783200858
unikp,r_0026_ENZ_YHR208W,0.0,0.00036000610422
unikp,r_0026_ENZ_YJR148W,0.0,0.0003333635544819
unikp,r_0027_ENZ_YDR234W_FWD,0.0697904859917226,0.0699923428253981
unikp,r_0027_ENZ_YDR234W_REV,0.0,0.0
unikp,r_0028_ENZ_YPR001W,0.0,0.0004685466349664
unikp,r_0029,0.0722777838261947,0.0733306105246425
unikp,r_0030,0.0,0.0
unikp,r_0032_ENZ_YOL064C,0.0139193721300148,0.0144669349543109
unikp,r_0033_ENZ_YGL248W,0.0,0.0003183965518742
unikp,r_0033_ENZ_YOR360C,0.0,0.0002570157296315
unikp,r_0034_ENZ_YOR360C,0.0,-0.0
unikp,r_0035_ENZ_YOR360C,0.0,-0.0
unikp,r_0036_ENZ_YOR360C,0.0,0.0012660943226925
unikp,r_0037_ENZ_YOR360C,0.0,-0.0
unikp,r_0038_ENZ_YDR487C,0.000420333837809,0.0004245872774381
unikp,r_0039_ENZ_YDR127W,0.0657533688322676,0.0661367064958262
unikp,r_0040_ENZ_YDR127W,0.0657521851764481,0.0661352571967143
unikp,r_0041_ENZ_YBR265W,0.0,0.0
unikp,r_0042_ENZ_YBR249C,0.0,0.0014603426633752
unikp,r_0042_ENZ_YDR035W,0.0,0.0013883923589184
unikp,r_0043_ENZ_YDR376W,0.0,0.0
unikp,r_0043_ENZ_YPL252C,0.0,0.0
unikp,r_0044_ENZ_YDR538W_and_YDR539W,0.0,0.0
unikp,r_0045_ENZ_YLR231C,0.0012885992216757,0.0012885992216757
unikp,r_0057_ENZ_YKR009C,0.0,0.0001722447039834
unikp,r_0058_ENZ_YJR025C,0.0012885992216757,0.0012885992216757
unikp,r_0059_ENZ_YER175C,0.0,0.0
unikp,r_0060_ENZ_YGL009C_FWD,0.0,0.0
unikp,r_0060_ENZ_YGL009C_REV,0.0722777838261947,0.073329220749462
unikp,r_0061_ENZ_YCL018W,0.0722777838261947,0.0733294857020195
unikp,r_0062_ENZ_YGR087C,0.0,0.0005714011439879
unikp,r_0062_ENZ_YLR044C,0.0,0.000592712190019
unikp,r_0062_ENZ_YLR134W,0.0,0.0005950349019989
unikp,r_0063_ENZ_YBR176W,4.033506771772277e-05,0.0001801900706165
unikp,r_0064_ENZ_YDL080C,0.0,0.0006136735376144
unikp,r_0064_ENZ_YGR087C,0.0,0.0006654499473483
unikp,r_0064_ENZ_YLR044C,0.0,0.0006489919542192
unikp,r_0064_ENZ_YLR134W,0.0,0.000655339545158
unikp,r_0065_ENZ_YDR127W,0.0657521851764774,0.0661266416592527
unikp,r_0066_ENZ_YNR033W,1.3459175335205076e-05,0.0001807315579659
unikp,r_0067_ENZ_YMR289W,1.3459175335205076e-05,0.0001806386404588
unikp,r_0068_ENZ_YGR019W,0.0,0.0008726359212825
unikp,r_0069_ENZ_YCR053W,0.0,-0.0
unikp,r_0070,0.0,-0.0
unikp,r_0072_ENZ_YDL080C,0.0,0.0010529077971198
unikp,r_0073_ENZ_YLR410W,0.0,0.0
unikp,r_0073_ENZ_YOR163W,0.0,0.0
unikp,r_0074_ENZ_YDR017C,0.0,0.0
unikp,r_0075_ENZ_YLR017W,4.033506771775053e-05,0.0003354360985683
unikp,r_0076_ENZ_YER037W,0.0,0.0018059768165032
unikp,r_0076_ENZ_YGL224C,0.0,0.0014947804601979
unikp,r_0077_ENZ_YOR155C,0.0,0.0022148074989626
unikp,r_0078_ENZ_YER037W,0.0,0.0022194532348258
unikp,r_0078_ENZ_YGL224C,0.0,0.0022206686547496
unikp,r_0079_ENZ_YGR061C,0.0217391283266961,0.0218638478195946
unikp,r_0080_ENZ_YGL125W,0.0,0.0425052148280495
unikp,r_0080_ENZ_YGL125W_and_YPL023C,0.0,0.0425037732772875
unikp,r_0081_ENZ_YDR232W,0.0,0.0002901799893196
unikp,r_0082_ENZ_YOR163W,0.0,0.0006520634562212
unikp,r_0083_ENZ_YDR017C,0.0,0.0006520634562212
unikp,r_0084_ENZ_YER183C,0.0,0.0
unikp,r_0085_ENZ_YER091C,0.0,-0.0
unikp,r_0086_ENZ_YJR024C,4.033506771769502e-05,0.0003354333390319
unikp,r_0087_ENZ_YPR118W_FWD,4.033506771772277e-05,0.0003358001658298
unikp,r_0087_ENZ_YPR118W_REV,0.0,0.0
unikp,r_0088_ENZ_YLR410W_FWD,0.0,0.0
unikp,r_0088_ENZ_YLR410W_REV,0.0,0.0
unikp,r_0089_ENZ_YLR410W_FWD,0.0,0.0003957629641801
unikp,r_0089_ENZ_YLR410W_REV,0.0,1.754839921231326e-05
unikp,r_0090_ENZ_YIL107C,0.0,0.0009650901294584
unikp,r_0090_ENZ_YOL136C,0.0,0.0011962791977371
unikp,r_0091_ENZ_YGR248W,0.0,0.0
unikp,r_0091_ENZ_YHR163W,0.9242995935545676,0.9454870875693154
unikp,r_0092_ENZ_YLR410W,0.0,0.0
unikp,r_0092_ENZ_YOR163W,0.0,0.0
unikp,r_0093_ENZ_YDR017C,0.0,0.0
unikp,r_0094,0.0,-0.0
unikp,r_0095_ENZ_YGR087C,0.0,0.0053799295190386
unikp,r_0095_ENZ_YLR044C,0.0,0.006288979683934
unikp,r_0095_ENZ_YLR134W,0.0,0.0071689658725544
unikp,r_0096_ENZ_YLR355C,0.1368402748223986,0.1378934027163442
unikp,r_0097_ENZ_YCL009C_and_YMR108W,0.0,0.0
unikp,r_0097_ENZ_YMR108W,0.1368414034691907,0.137890893662603
unikp,r_0099_ENZ_YKL192C_FWD,0.0,0.0
unikp,r_0099_ENZ_YKL192C_REV,0.0,0.0
unikp,r_0100_ENZ_YIL160C,0.0,0.0001992493558232
unikp,r_0101_ENZ_YIL160C,0.0,5.744526963305989e-05
unikp,r_0102_ENZ_YIL160C,0.0,0.0001969614867913
unikp,r_0103_ENZ_YPL028W_FWD,0.0,0.0
unikp,r_0103_ENZ_YPL028W_REV,0.0,0.0003738676900642
unikp,r_0104_ENZ_YPL028W_FWD,0.0469722217011536,0.0473862836315424
unikp,r_0104_ENZ_YPL028W_REV,0.0,0.0
unikp,r_0105_ENZ_YIL160C,0.0,0.0001722447039834
unikp,r_0106_ENZ_YIL160C,0.0,6.113473324693627e-05
unikp,r_0107_ENZ_YIL160C,0.0,5.716849228204228e-05
unikp,r_0108_ENZ_YMR207C,0.0,-0.0
unikp,r_0109_ENZ_YDL141W_and_YNR016C,0.2513443962855332,0.2517890623809271
unikp,r_0111_ENZ_YBL015W,0.0,0.0012737197837049
unikp,r_0112_ENZ_YAL054C,0.3043636795986918,0.3059009809681346
unikp,r_0112_ENZ_YLR153C,0.0,0.0
unikp,r_0113_ENZ_YAL054C,0.0,0.0019899771770642
unikp,r_0114_ENZ_YLR153C,0.0,0.0
unikp,r_0115_ENZ_YER069W,0.039187041049258,0.0396641714775431
unikp,r_0116_ENZ_YAR071W,0.0,0.0
unikp,r_0116_ENZ_YBR092C,0.0,0.0
unikp,r_0116_ENZ_YBR093C,0.0,0.0
unikp,r_0116_ENZ_YHR215W,0.0,0.0
unikp,r_0117_ENZ_YPR002W_FWD,0.0,0.0004675315746016
unikp,r_0117_ENZ_YPR002W_REV,0.0,0.0
unikp,r_0118_ENZ_YOL140W,0.039187041049258,0.0396641714775257
unikp,r_0119_ENZ_YPL148C,0.0,0.0003643921467953
unikp,r_0120_ENZ_YGL205W,0.0,5.697824876395655e-05
unikp,r_0121_ENZ_YGL205W,0.0,5.639522690862527e-05
unikp,r_0122_ENZ_YGL205W,0.0,5.744526963321606e-05
unikp,r_0123_ENZ_YGL205W,0.0,0.0001969614867913
unikp,r_0124_ENZ_YGL205W,0.0,0.0001992493558232
unikp,r_0125_ENZ_YGL205W,0.0,0.0001722329484849
unikp,r_0126_ENZ_YCR048W_FWD,0.0,0.0005048836434482
unikp,r_0126_ENZ_YCR048W_REV,0.0,0.0
unikp,r_0127_ENZ_YCR048W,0.0,0.0025427009127676
unikp,r_0127_ENZ_YNR019W,0.0,0.0026545925927575
unikp,r_0128_ENZ_YCR048W_FWD,0.0,0.0004137934208221
unikp,r_0128_ENZ_YCR048W_REV,0.0,0.0
unikp,r_0129_ENZ_YCR048W,0.0,0.0003514702521703
unikp,r_0130_ENZ_YCR048W_FWD,0.0,0.0003858121160778
unikp,r_0130_ENZ_YCR048W_REV,0.0,0.0
unikp,r_0131_ENZ_YCR048W_FWD,0.0,0.0005632798624667
unikp,r_0131_ENZ_YCR048W_REV,0.0,0.0
unikp,r_0132_ENZ_YCR048W_FWD,0.0,0.0009396249469835
unikp,r_0132_ENZ_YCR048W_REV,0.0,0.0
unikp,r_0132_ENZ_YNR019W_FWD,0.0,0.0013616398714166
unikp,r_0132_ENZ_YNR019W_REV,0.0,0.0
unikp,r_0133_ENZ_YCR048W_FWD,0.0,0.0004699246102707
unikp,r_0133_ENZ_YCR048W_REV,0.0,0.0
unikp,r_0134_ENZ_YCR048W_FWD,0.0,0.0003365143115522
unikp,r_0134_ENZ_YCR048W_REV,0.0,0.0
unikp,r_0135_ENZ_YCR048W_FWD,0.0,0.0004416333388276
unikp,r_0135_ENZ_YCR048W_REV,0.0,0.0
unikp,r_0137_ENZ_YJL091C_FWD,0.0,0.0
unikp,r_0137_ENZ_YJL091C_REV,0.0,0.0
unikp,r_0138_ENZ_YNL141W,0.0,0.0009136760906791
unikp,r_0139_ENZ_YDR441C,0.0,0.0016341801841214
unikp,r_0139_ENZ_YML022W,0.0,0.0016341802842849
unikp,r_0140_ENZ_YNL141W,0.0,0.0008441602869094
unikp,r_0142_ENZ_YJR105W,0.0281740540194308,0.0316835474890089
unikp,r_0143_ENZ_YML035C,0.0,0.0008677239599474
unikp,r_0144_ENZ_YER043C,0.0296259647743378,0.0302518314109355
unikp,r_0145_ENZ_YOL052C,4.033506771769502e-05,0.0003354295485422
unikp,r_0146_ENZ_YNR058W_FWD,0.0,0.0
unikp,r_0146_ENZ_YNR058W_REV,0.0,0.0
unikp,r_0147_ENZ_YJL005W,0.0,0.0003168391800352
unikp,r_0148_ENZ_YDL166C,0.0,0.0
unikp,r_0148_ENZ_YDR226W,1.4798318516493008,1.4826816330127082
unikp,r_0149_ENZ_YER170W,0.0,0.0017961948382268
unikp,r_0150_ENZ_YER170W_FWD,0.0,0.0019699033683333
unikp,r_0150_ENZ_YER170W_REV,0.0,0.0
unikp,r_0151_ENZ_YLR359W,0.0217391283267041,0.0218641628085707
unikp,r_0152_ENZ_YLR359W_FWD,0.0277169899059828,0.0286310610852726
unikp,r_0152_ENZ_YLR359W_REV,0.0,0.0
unikp,r_0153_ENZ_YNL220W,0.0277169899059912,0.0286275763338887
unikp,r_0154_ENZ_YKL001C,0.0140132766601121,0.014466079750239
unikp,r_0155_ENZ_YGR247W,0.0,0.0
unikp,r_0156_ENZ_YFL030W,0.0,0.0010556142527599
unikp,r_0157_ENZ_YOR335C,0.1118793696697303,0.1118793696697303
unikp,r_0158_ENZ_YGR177C,0.0,0.0003640922721863
unikp,r_0158_ENZ_YOR377W,0.0,0.0003416314302862
unikp,r_0159_ENZ_YGR177C,0.0,0.0007267372276424
unikp,r_0159_ENZ_YOR377W,0.0,0.0006203274085958
unikp,r_0160_ENZ_YGR177C,0.0,0.0006921475277236
unikp,r_0160_ENZ_YOR377W,0.0,0.0006508304390023
unikp,r_0161_ENZ_YGR177C,0.0,0.0006802030804821
unikp,r_0161_ENZ_YOR377W,0.0,0.0007555858802227
unikp,r_0162_ENZ_YGR177C,0.0,0.0001679954141957
unikp,r_0162_ENZ_YOR377W,0.0,0.0001649722320045
unikp,r_0163_ENZ_YMR303C,0.0,0.1045904684029146
unikp,r_0164_ENZ_YDR368W,0.0,0.0
unikp,r_0164_ENZ_YHR104W,0.0,0.0
unikp,r_0165_ENZ_YGL256W,0.0,0.0204417181552394
unikp,r_0165_ENZ_YMR083W,0.0,0.0491443874011567
unikp,r_0166_ENZ_YBR145W,0.0,0.0006658229242962
unikp,r_0166_ENZ_YDL168W,0.0,0.0006548321678487
unikp,r_0166_ENZ_YOL086C,0.0,0.0006616977938078
unikp,r_0167_ENZ_YGL256W,0.0,0.0006450647838727
unikp,r_0167_ENZ_YMR083W,0.0,0.0006563489757091
unikp,r_0168_ENZ_YCR105W,0.0,0.0006127453615231
unikp,r_0168_ENZ_YDR368W,0.0,0.000599730060865
unikp,r_0168_ENZ_YMR318C,0.0,0.0006129281074684
unikp,r_0169_ENZ_YBR145W,0.0,0.0002145697762733
unikp,r_0169_ENZ_YDL168W,0.0,0.0002148462828106
unikp,r_0169_ENZ_YOL086C,0.0,0.0002148780009874
unikp,r_0170_ENZ_YGL256W,0.0,0.0002115251039008
unikp,r_0170_ENZ_YMR083W,0.0,0.0002177224488457
unikp,r_0171_ENZ_YCR105W,0.0,0.000209461753797
unikp,r_0171_ENZ_YMR318C,0.0,0.000209458233409
unikp,r_0172_ENZ_YMR169C,0.0,0.0003323284728651
unikp,r_0172_ENZ_YMR170C,0.0,0.0003350902860006
unikp,r_0173_ENZ_YPL061W,0.2848356192201979,0.2951304138126023
unikp,r_0174_ENZ_YOR374W,0.0,0.0015116118357963
unikp,r_0175_ENZ_YER073W,0.0,0.0013742521970779
unikp,r_0175_ENZ_YOR374W,0.0,0.0013297453754152
unikp,r_0176_ENZ_YOR374W,0.0,0.0
unikp,r_0177_ENZ_YPL061W,0.0,0.0
unikp,r_0178_ENZ_YER073W,0.0,0.0
unikp,r_0178_ENZ_YOR374W,0.0,0.0
unikp,r_0179_ENZ_YBR145W,0.0,0.0010766914597765
unikp,r_0179_ENZ_YDL168W,0.0,0.0010324125984118
unikp,r_0179_ENZ_YOL086C,0.0,0.0010435162286161
unikp,r_0180_ENZ_YGL256W,0.0,0.0010069364476976
unikp,r_0180_ENZ_YMR083W,0.0,0.0010320935772746
unikp,r_0181_ENZ_YCR105W,0.0,0.0009389804237401
unikp,r_0181_ENZ_YMR318C,0.0,0.0009204418959214
unikp,r_0182_ENZ_YBR145W,0.0,0.0005999188250635
unikp,r_0182_ENZ_YDL168W,0.0,0.0005870480261106
unikp,r_0182_ENZ_YOL086C,0.0,0.000592211560195
unikp,r_0183_ENZ_YGL256W,0.0,0.00062244097909
unikp,r_0183_ENZ_YMR083W,0.0,0.0005875738123809
unikp,r_0184_ENZ_YCR105W,0.0,0.0005555988496614
unikp,r_0184_ENZ_YMR318C,0.0,0.000555598949717
unikp,r_0185_ENZ_YMR169C,0.0,0.0
unikp,r_0185_ENZ_YMR170C,0.0,0.0
unikp,r_0186_ENZ_YBR145W,0.0,0.0001498703187853
unikp,r_0186_ENZ_YDL168W,0.0,0.0001498703187853
unikp,r_0186_ENZ_YOL086C,0.0,0.0001498703187853
unikp,r_0187_ENZ_YGL256W,0.0,0.0001496721153604
unikp,r_0187_ENZ_YMR083W,0.0,0.0001496722153753
unikp,r_0188_ENZ_YDR481C,0.0,1.3459330625397736e-05
unikp,r_0189_ENZ_YIR029W_FWD,0.0,0.0
unikp,r_0189_ENZ_YIR029W_REV,0.0,0.0
unikp,r_0190_ENZ_YIR027C_FWD,0.0,0.0
unikp,r_0190_ENZ_YIR027C_REV,0.0,0.0
unikp,r_0191_ENZ_YBR208C,0.0,0.000221241164592
unikp,r_0192_ENZ_YBR199W,0.0,0.0
unikp,r_0192_ENZ_YBR205W,0.0,0.0
unikp,r_0192_ENZ_YDR483W,0.0,0.0
unikp,r_0192_ENZ_YJL139C,0.0,0.0
unikp,r_0192_ENZ_YKR061W,0.0,0.0
unikp,r_0192_ENZ_YNL029C,0.0,0.0
unikp,r_0192_ENZ_YOR099W,0.0,0.0
unikp,r_0192_ENZ_YPL053C,0.0,0.0
unikp,r_0193_ENZ_YBR001C,0.0,0.0004457758457352
unikp,r_0193_ENZ_YPR026W,0.0,0.0004364648394692
unikp,r_0194_ENZ_YDR001C,0.0,0.0005043606770617
unikp,r_0195_ENZ_YBR126C_and_YDR074W_and_YML100W,0.0,0.0294892849745509
unikp,r_0195_ENZ_YBR126C_and_YDR074W_and_YMR261C,0.0,0.0294892849745532
unikp,r_0198_ENZ_YBR299W,0.0,0.0
unikp,r_0198_ENZ_YGR287C,0.0,0.0
unikp,r_0198_ENZ_YGR292W,0.0,0.0
unikp,r_0198_ENZ_YIL172C,0.0,0.0
unikp,r_0198_ENZ_YJL216C,0.0,0.0
unikp,r_0198_ENZ_YJL221C,0.0,0.0
unikp,r_0199_ENZ_YDR242W,0.0,0.0
unikp,r_0199_ENZ_YMR293C,0.0,0.0
unikp,r_0200,0.0,0.0
unikp,r_0201_ENZ_YOR374W,0.0,0.0024828813308841
unikp,r_0202_ENZ_YDR354W,0.008214000708555,0.0087537194883635
unikp,r_0203_ENZ_YER090W_and_YKL211C,0.008214000708555,0.0083639292707302
unikp,r_0204_ENZ_YDR305C_FWD,0.0,0.0013889891208478
unikp,r_0204_ENZ_YDR305C_REV,0.0,0.0
unikp,r_0205_ENZ_YHR104W,0.0,0.0
unikp,r_0206_ENZ_YPL111W,0.0,0.0002772083995249
unikp,r_0207_ENZ_YHR018C_FWD,0.039187041049258,0.0394640155819928
unikp,r_0207_ENZ_YHR018C_REV,0.0,0.0
unikp,r_0208_ENZ_YOL058W_FWD,0.039187041049258,0.0394708840957213
unikp,r_0208_ENZ_YOL058W_REV,0.0,0.0
unikp,r_0209_ENZ_YDR341C,0.039187041049258,0.0391901630865587
unikp,r_0210_ENZ_YHR091C,0.0,0.0
unikp,r_0211_ENZ_YGR124W,0.0,0.0
unikp,r_0211_ENZ_YPR145W,0.0247997651356688,0.0253572293221952
unikp,r_0212_ENZ_YHR019C,0.0247997651356688,0.0248021293881821
unikp,r_0213_ENZ_YCR024C,0.0,0.0
unikp,r_0214_ENZ_YJL130C,0.0227719761219561,0.0229542773637796
unikp,r_0215_ENZ_YER052C,0.0606865823073111,0.0615009870165599
unikp,r_0216_ENZ_YLR027C_FWD,0.0,0.0
unikp,r_0216_ENZ_YLR027C_REV,0.2690993970519965,0.2703602197149335
unikp,r_0217_ENZ_YKL106W,0.0,0.0
unikp,r_0218_ENZ_YLR027C_FWD,0.0,6.959815464913663e-05
unikp,r_0218_ENZ_YLR027C_REV,0.0,0.000356923835266
unikp,r_0219_ENZ_YDR158W,0.0606865823072021,0.0615005653594962
unikp,r_0220_ENZ_YLL018C,0.0725460221130498,0.0725460221130498
unikp,r_0221_ENZ_YPL104W,0.0,0.0
unikp,r_0222_ENZ_YDR530C,0.0,0.0013943563650604
unikp,r_0223_ENZ_YCL050C,0.0,0.0
unikp,r_0224_ENZ_YCL050C,0.0,0.0
unikp,r_0225_ENZ_YER055C,0.0161673977697862,0.0163263102247214
unikp,r_0226_ENZ_Q0080_and_Q0085_and_Q0130_and_YBL099W_and_YBR039W_and_YDL004W_and_YDR298C_and_YDR377W_and_YJR121W_and_YKL016C_and_YLR295C_and_YML081C-A_and_YPL078C_and_YPL271W_and_YDR322C-A_and_YPR020W_and_YOL077W-A,4.284520596488985,4.352105696120696
unikp,r_0227_ENZ_YCR024C-A_and_YEL017C-A_and_YGL008C,0.0,0.0017012969296148
unikp,r_0227_ENZ_YCR024C-A_and_YEL017C-A_and_YPL036W,0.0,0.0018480792989943
unikp,r_0227_ENZ_YER005W,0.0,0.00182622794154
unikp,r_0228_ENZ_YBR110W,0.0,0.0
unikp,r_0229_ENZ_YGR286C_FWD,0.0,0.0
unikp,r_0229_ENZ_YGR286C_REV,0.0,0.0
unikp,r_0230_ENZ_YDL141W,0.0,0.0
unikp,r_0231_ENZ_YNL280C,0.0078287036168589,0.0078863025661455
unikp,r_0233_ENZ_YMR015C,0.0,0.0001423646379573
unikp,r_0234_ENZ_YGL001C,0.0078286923449154,0.0078863840261726
unikp,r_0235_ENZ_YGL001C,0.0078287036168589,0.0078878632165226
unikp,r_0236_ENZ_YLR100W,0.0078287036168589,0.0078878632165227
unikp,r_0237_ENZ_YLR100W,0.0078287036168589,0.0078875874481245
unikp,r_0238_ENZ_YGR060W,0.0078287036168589,0.0078878632165227
unikp,r_0239_ENZ_YGR060W,0.0078287036168589,0.0078875874481245
unikp,r_0240_ENZ_YGR060W,0.0078287036168589,0.0078878632165227
unikp,r_0241_ENZ_YGR060W,0.0078287036168589,0.0078875874481245
unikp,r_0242_ENZ_YLR056W,0.0,0.0001435473955911
unikp,r_0243_ENZ_YMR202W,0.0,0.000146188556513
unikp,r_0244_ENZ_YGL012W,0.0078287036168589,0.007886512259427
unikp,r_0249_ENZ_YDL090C_and_YKL019W,0.0,0.0
unikp,r_0250_ENZ_YJL130C,0.0619584174018054,0.0624052540853997
unikp,r_0250_ENZ_YJR109C_and_YOR303W,0.0,0.0
unikp,r_0252_ENZ_YAR035W,0.0,0.0007760342756256
unikp,r_0252_ENZ_YER024W,0.0,0.0007693518261809
unikp,r_0253_ENZ_YML042W,0.0,0.0003443644993522
unikp,r_0254_ENZ_YML042W,0.0,0.0007729992829893
unikp,r_0255_ENZ_YGR088W,0.0,0.0006226030334051
unikp,r_0256_ENZ_YDR256C,0.0,0.0001757697394847
unikp,r_0259_ENZ_YDR297W,0.0,0.0
unikp,r_0260_ENZ_YMR272C,0.0,0.0
unikp,r_0261_ENZ_YDR297W,0.0,0.0
unikp,r_0262_ENZ_YMR272C,0.0,0.0
unikp,r_0263_ENZ_YKL008C_and_YHL003C_and_YMR298W,0.0,0.0005925617149853
unikp,r_0264_ENZ_YKL008C_and_YHL003C_and_YMR298W,0.0,0.0005909680844822
unikp,r_0265_ENZ_YKL008C_and_YHL003C_and_YMR298W,0.0,0.0005862123877229
unikp,r_0266_ENZ_YKL008C_and_YHL003C_and_YMR298W,0.0,0.0006440422387323
unikp,r_0267_ENZ_YMR272C,0.0,0.0
unikp,r_0268_ENZ_YMR272C,0.0,0.0
unikp,r_0269_ENZ_YMR272C,0.0,0.0
unikp,r_0270_ENZ_YMR272C,0.0,0.0
unikp,r_0271_ENZ_YLR307W,0.0,0.0
unikp,r_0271_ENZ_YLR308W,0.0,0.0
unikp,r_0272_ENZ_YBR023C,0.0,0.0050125353066812
unikp,r_0272_ENZ_YBR038W,0.0,0.005012257711672
unikp,r_0272_ENZ_YNL192W,0.0,0.0050121631290174
unikp,r_0273_ENZ_YLR133W,0.0,0.0004704825189576
unikp,r_0274_ENZ_YGR202C,0.0,0.0004712298521507
unikp,r_0278_ENZ_YPR060C,0.0575247252925872,0.0578984192468892
unikp,r_0279_ENZ_YGL148W,0.0657521851764483,0.0661344794091869
unikp,r_0280_ENZ_YLR304C_FWD,0.0,0.014156372392289
unikp,r_0280_ENZ_YLR304C_REV,0.0,0.0056193438952918
unikp,r_0281_ENZ_YBR002C,0.0,0.0
unikp,r_0281_ENZ_YMR101C,0.0,0.0
unikp,r_0282_ENZ_YBR002C,0.0,0.0
unikp,r_0282_ENZ_YMR101C,0.0,0.0
unikp,r_0283_ENZ_YBR002C,0.0,0.0
unikp,r_0283_ENZ_YMR101C,0.0,0.0
unikp,r_0284_ENZ_YBR002C,0.0,0.0
unikp,r_0284_ENZ_YMR101C,0.0,0.0
unikp,r_0285_ENZ_YBR002C,0.0,0.0
unikp,r_0285_ENZ_YMR101C,0.0,0.0
unikp,r_0286_ENZ_YBR002C,0.0,0.0
unikp,r_0286_ENZ_YMR101C,0.0,0.0
unikp,r_0287_ENZ_YBR002C,0.0,0.0
unikp,r_0287_ENZ_YMR101C,0.0,0.0
unikp,r_0288_ENZ_YBR002C,0.0,0.0
unikp,r_0288_ENZ_YMR101C,0.0,0.0
unikp,r_0289_ENZ_YBR002C,0.0,0.0
unikp,r_0289_ENZ_YMR101C,0.0,0.0
unikp,r_0290_ENZ_YBR002C,0.0,0.0
unikp,r_0290_ENZ_YMR101C,0.0,0.0
unikp,r_0291_ENZ_YBR002C,0.0,0.0
unikp,r_0291_ENZ_YMR101C,0.0,0.0
unikp,r_0292_ENZ_YBR002C,0.0,0.0
unikp,r_0292_ENZ_YMR101C,0.0,0.0
unikp,r_0293_ENZ_YBR002C,0.0,0.0
unikp,r_0293_ENZ_YMR101C,0.0,0.0
unikp,r_0294_ENZ_YBR002C_FWD,0.0,0.0
unikp,r_0294_ENZ_YBR002C_REV,0.0,0.0
unikp,r_0294_ENZ_YMR101C_FWD,0.0,0.0
unikp,r_0294_ENZ_YMR101C_REV,0.0,0.0
unikp,r_0295_ENZ_YBR002C_FWD,0.0,0.0
unikp,r_0295_ENZ_YBR002C_REV,0.0,0.0
unikp,r_0295_ENZ_YMR101C_FWD,0.0,0.0
unikp,r_0295_ENZ_YMR101C_REV,0.0,0.0
unikp,r_0296_ENZ_YBR002C,0.0,0.0
unikp,r_0296_ENZ_YMR101C,0.0,0.0
unikp,r_0297_ENZ_YBR002C,0.0,0.0
unikp,r_0297_ENZ_YMR101C,0.0,0.0
unikp,r_0298_ENZ_YBR002C,0.0,0.0
unikp,r_0298_ENZ_YMR101C,0.0,0.0
unikp,r_0299_ENZ_YBR002C,0.0,0.0
unikp,r_0299_ENZ_YMR101C,0.0,0.0
unikp,r_0300_ENZ_YNR001C,0.2929887708886852,0.295349974710262
unikp,r_0300_ENZ_YPR001W,0.0,0.0
unikp,r_0301_ENZ_YCR005C,0.0,0.0004272129838742
unikp,r_0302_ENZ_YLR304C_FWD,0.0,0.0141245215265228
unikp,r_0302_ENZ_YLR304C_REV,0.0,0.0055625780180294
unikp,r_0303_ENZ_YLR304C_FWD,0.0,0.0784146396925877
unikp,r_0303_ENZ_YLR304C_REV,0.0,0.0015990409857967
unikp,r_0304_ENZ_YDR044W,0.0,3.633662791811473e-05
unikp,r_0306_ENZ_YBL039C,0.0,0.0021076371308963
unikp,r_0306_ENZ_YJR103W,0.0,0.0021109631279794
unikp,r_0307_ENZ_YBL039C,0.0,0.011525700530224
unikp,r_0307_ENZ_YJR103W,0.0,0.0115255406965602
unikp,r_0308_ENZ_YFR055W,0.0,0.0009483755039163
unikp,r_0308_ENZ_YGL184C,0.0,0.0008214367200634
unikp,r_0309_ENZ_YGR155W,0.0016499716275533,0.0025966345164218
unikp,r_0310_ENZ_YAL012W,0.0016499716275533,0.0020613743967671
unikp,r_0311_ENZ_YJR130C,0.0,0.0004114027692138
unikp,r_0312_ENZ_YLR303W,0.0,0.0
unikp,r_0313_ENZ_YNL247W,0.0016094242700123,0.0016094242700123
unikp,r_0314_ENZ_YLR245C,0.0,0.0010273517108354
unikp,r_0315_ENZ_YNR012W,0.0,0.0018060112396831
unikp,r_0317_ENZ_YHR007C_and_YHR042W,0.0078287036168589,0.0078863025661455
unikp,r_0318_ENZ_YPR062W,0.0,0.0010652795347187
unikp,r_0319_ENZ_YML086C,0.0,0.0
unikp,r_0320_ENZ_YMR041C,0.0,0.0
unikp,r_0321_ENZ_YBR149W,0.0,0.0
unikp,r_0322_ENZ_YKL060C_FWD,0.0,0.0
unikp,r_0322_ENZ_YKL060C_REV,0.0,0.0
unikp,r_0323_ENZ_YDL246C,0.0,0.0
unikp,r_0323_ENZ_YJR159W,0.0,0.0
unikp,r_0326_ENZ_YHR144C_FWD,0.0,0.0009219975293088
unikp,r_0326_ENZ_YHR144C_REV,0.0,0.0015325976424953
unikp,r_0327_ENZ_YHR144C,0.0,0.0013811895004224
unikp,r_0328_ENZ_YNL141W,0.0,0.0
unikp,r_0329_ENZ_YLR245C,0.0,0.0017722172504377
unikp,r_0330_ENZ_YDR454C_FWD,0.0,0.0017084427289136
unikp,r_0330_ENZ_YDR454C_REV,0.0,0.0005095467013299
unikp,r_0331_ENZ_YHR068W,0.0,0.0
unikp,r_0332_ENZ_YCR036W,0.0,0.0
unikp,r_0334_ENZ_YDR196C,0.0,0.0002854214511215
unikp,r_0335_ENZ_YNR057C_FWD,0.0,0.0
unikp,r_0335_ENZ_YNR057C_REV,0.0,0.0
unikp,r_0340_ENZ_YPL087W_FWD,0.0,0.0
unikp,r_0340_ENZ_YPL087W_REV,0.0,0.0005915746835203
unikp,r_0341_ENZ_YPL087W_FWD,0.0,0.0
unikp,r_0341_ENZ_YPL087W_REV,0.0,0.0005909573566524
unikp,r_0342_ENZ_YPL087W,0.0,0.003537599731045
unikp,r_0343_ENZ_YPL087W,0.0,0.0013056202759948
unikp,r_0344_ENZ_YOR236W,0.0007777025259489,0.000935971263598
unikp,r_0345_ENZ_YOR236W,0.0,0.0
unikp,r_0346_ENZ_YMR113W,1.3459175335205076e-05,1.3459175335205076e-05
unikp,r_0347_ENZ_YNL256W,1.3459175335205076e-05,1.3459175335205076e-05
unikp,r_0348_ENZ_YDL100C,0.0,1.3459373326487956e-05
unikp,r_0349_ENZ_YLR420W_FWD,0.0,0.0
unikp,r_0349_ENZ_YLR420W_REV,0.0227723111092518,0.0229546436527708
unikp,r_0350_ENZ_YNL256W,0.0,1.3459181482125026e-05
unikp,r_0351_ENZ_YNL256W,0.0,1.3459256458019618e-05
unikp,r_0352_ENZ_YJR016C,0.1368414034690149,0.1378903107284525
unikp,r_0353_ENZ_YJR016C,0.0469903115585353,0.0476562416744886
unikp,r_0354_ENZ_YFL053W,0.0,0.0019358143304475
unikp,r_0354_ENZ_YML070W,0.0,0.0017434955603611
unikp,r_0355_ENZ_YJL167W,0.0156574072337178,0.0157727725598788
unikp,r_0356_ENZ_YKL152C_FWD,0.0,0.0
unikp,r_0356_ENZ_YKL152C_REV,0.0,0.0
unikp,r_0357_ENZ_YOR163W,0.0,0.0007106833119993
unikp,r_0358_ENZ_YDR017C,0.0,0.000710918368185
unikp,r_0359_ENZ_YLR172C,0.0,-0.0
unikp,r_0360_ENZ_YMR013C,0.0,-0.0
unikp,r_0361_ENZ_YPR183W,0.1490359475225633,0.1490359475225633
unikp,r_0362_ENZ_YAL023C_and_YDL095W,0.0,0.1490507874025274
unikp,r_0362_ENZ_YDL093W,0.0,0.1490488176716018
unikp,r_0362_ENZ_YJR143C,0.0,0.1490488176716018
unikp,r_0362_ENZ_YOR321W,0.0,0.1490488176716024
unikp,r_0363_ENZ_YJR057W,0.0,0.0012563438690103
unikp,r_0364_ENZ_YBR252W,0.0,0.0020117165889152
unikp,r_0364_ENZ_YJR069C,0.0,0.0020085283793822
unikp,r_0365_ENZ_YJR153W,0.0,0.0
unikp,r_0366_ENZ_YGR254W_FWD,13.972785971713945,14.0387256494588
unikp,r_0366_ENZ_YGR254W_REV,0.0,0.0
unikp,r_0366_ENZ_YHR174W_FWD,0.0,0.0
unikp,r_0366_ENZ_YHR174W_REV,0.0,0.0
unikp,r_0366_ENZ_YMR323W_FWD,0.0,0.0
unikp,r_0366_ENZ_YMR323W_REV,0.0,0.0
unikp,r_0366_ENZ_YOR393W_FWD,0.0,0.0
unikp,r_0366_ENZ_YOR393W_REV,0.0,0.0
unikp,r_0366_ENZ_YPL281C_FWD,0.0,0.0
unikp,r_0366_ENZ_YPL281C_REV,0.0,0.0
unikp,r_0368_ENZ_YDR147W,0.0,0.0
unikp,r_0368_ENZ_YLR133W,0.0,0.0
unikp,r_0369_ENZ_YOR126C,0.0,0.0016249759889541
unikp,r_0370_ENZ_YDR261C,0.0,0.0
unikp,r_0370_ENZ_YGR282C,0.0,0.0
unikp,r_0370_ENZ_YLR300W,0.0,0.0
unikp,r_0370_ENZ_YNR067C,0.0,0.0
unikp,r_0370_ENZ_YOR190W,0.0,0.0
unikp,r_0373_ENZ_YPL069C,0.0,0.0
unikp,r_0399_ENZ_YER015W_FWD,0.0,0.0005996707806501
unikp,r_0399_ENZ_YER015W_REV,0.0,5.727429306574647e-05
unikp,r_0400_ENZ_YER015W_FWD,0.0,0.0005647446620513
unikp,r_0400_ENZ_YER015W_REV,0.0,0.000191752151613
unikp,r_0402_ENZ_YER015W_FWD,0.0,0.0005497313782463
unikp,r_0402_ENZ_YER015W_REV,0.0,0.0002524671089948
unikp,r_0410_ENZ_YER015W_FWD,0.0,0.0006223179894127
unikp,r_0410_ENZ_YER015W_REV,0.0,6.055301407605768e-05
unikp,r_0412_ENZ_YER015W_FWD,0.0,0.0005732148807118
unikp,r_0412_ENZ_YER015W_REV,0.0,0.0002271145879906
unikp,r_0436_ENZ_YOR176W,0.0,3.633662791811473e-05
unikp,r_0437_ENZ_YEL039C_and_YKR066C,0.0,0.0
unikp,r_0437_ENZ_YJR048W_and_YKR066C,0.0,0.0
unikp,r_0438_ENZ_Q0045_and_Q0250_and_Q0275_and_YDL067C_and_YEL039C_and_YGL187C_and_YGL191W_and_YHR051W_and_YIL111W_and_YLR038C_and_YLR395C_and_YMR256C,0.0,6.161436112881216
unikp,r_0438_ENZ_Q0045_and_Q0250_and_Q0275_and_YDL067C_and_YEL039C_and_YGL187C_and_YGL191W_and_YHR051W_and_YLR038C_and_YLR395C_and_YMR256C_and_YNL052W,0.0,6.161142989859016
unikp,r_0438_ENZ_Q0045_and_Q0250_and_Q0275_and_YDL067C_and_YGL187C_and_YGL191W_and_YHR051W_and_YIL111W_and_YJR048W_and_YLR038C_and_YLR395C_and_YMR256C,0.0,6.161427637914857
unikp,r_0438_ENZ_Q0045_and_Q0250_and_Q0275_and_YDL067C_and_YGL187C_and_YGL191W_and_YHR051W_and_YJR048W_and_YLR038C_and_YLR395C_and_YMR256C_and_YNL052W,0.0,6.161427638629476
unikp,r_0438_ENZ_Q0045_and_Q0250_and_Q0275_and_YDL067C_and_YHR116W_and_YDR231C_and_YGR062C_and_YJL003W_and_YPL132W_and_YLL018C-A,0.0,6.161427638629476
unikp,r_0439_ENZ_Q0105_and_YBL045C_and_YDR529C_and_YEL024W_and_YEL039C_and_YFR033C_and_YGR183C_and_YHR001W-A_and_YJL166W_and_YOR065W_and_YPR191W,0.0,3.0807138189574284
unikp,r_0439_ENZ_Q0105_and_YBL045C_and_YDR529C_and_YEL024W_and_YFR033C_and_YGR183C_and_YHR001W-A_and_YJL166W_and_YJR048W_and_YOR065W_and_YPR191W,0.0,3.080714010017584
unikp,r_0440_ENZ_YDL045C,0.0,2.1230163410754653e-06
unikp,r_0441_ENZ_YLR011W,0.0,0.0065912131957932
unikp,r_0442_ENZ_YLR011W,0.0,0.0039635146568656
unikp,r_0443_ENZ_YDL168W,0.0,-0.0
unikp,r_0445_ENZ_YOR388C,0.0,0.0063487100059289
unikp,r_0446_ENZ_YGR204W,0.0034466224311855,0.0113520243151009
unikp,r_0447_ENZ_YBR084W_FWD,0.0,0.0
unikp,r_0447_ENZ_YBR084W_REV,0.0,0.0025146854185641
unikp,r_0448_ENZ_YJL155C,0.0,0.0011937874933192
unikp,r_0448_ENZ_YLR345W,0.0,0.0010436303467358
unikp,r_0449_ENZ_YLR377C,0.0,0.0011329854921404
unikp,r_0450_ENZ_YKL060C_FWD,6.945244637145416,6.981847181892356
unikp,r_0450_ENZ_YKL060C_REV,0.0,0.0
unikp,r_0451_ENZ_YPL262W_FWD,0.0,0.0015529551745352
unikp,r_0451_ENZ_YPL262W_REV,0.0,0.0002880177284616
unikp,r_0452_ENZ_YPL262W_FWD,0.0864663567873296,0.0897051396902156
unikp,r_0452_ENZ_YPL262W_REV,0.0,0.0
unikp,r_0453_ENZ_YKL216W,0.0227719761219561,0.0229543799107589
unikp,r_0454_ENZ_YEL047C_FWD,0.0,0.0080600279097901
unikp,r_0454_ENZ_YEL047C_REV,0.0,2.123028099094941e-06
unikp,r_0455_ENZ_YEL047C_FWD,0.0,2.122900575701693e-06
unikp,r_0455_ENZ_YEL047C_REV,0.0,0.0
unikp,r_0457_ENZ_YLR299W,0.0,0.0
unikp,r_0458_ENZ_YBR020W,0.0,-0.0
unikp,r_0459_ENZ_YBR018C,0.0,1000.0
unikp,r_0460_ENZ_YJL101C,0.0,0.0004802007341817
unikp,r_0461,0.0,0.0
unikp,r_0462_ENZ_YJL167W,0.0156574072337178,0.0157727707928374
unikp,r_0463_ENZ_YPR184W,0.0,0.0012639783771408
unikp,r_0464_ENZ_YIL099W,0.0,0.0011324875980756
unikp,r_0465,0.0,0.001139546906
unikp,r_0466_ENZ_YNL241C,0.924294039468024,0.9454531513222624
unikp,r_0467_ENZ_YBR196C_FWD,6.537519507963212,6.588480467483127
unikp,r_0467_ENZ_YBR196C_REV,0.0,0.0
unikp,r_0468_ENZ_YDR300C,0.0396845495410669,0.0413393559777945
unikp,r_0469_ENZ_YMR250W,0.0,0.0008726359212825
unikp,r_0470_ENZ_YDL215C,0.0,0.0013408186928581
unikp,r_0471_ENZ_YAL062W,0.0,0.0
unikp,r_0471_ENZ_YOR375C,1.152200855178954,1.156965515730055
unikp,r_0472_ENZ_YDL171C,0.0,0.0016398587441249
unikp,r_0473_ENZ_YOR323C,0.0396839996558497,0.0413455616162387
unikp,r_0475_ENZ_YFL060C,0.0,0.0018348581683754
unikp,r_0475_ENZ_YNL334C,0.0,0.0017797756474078
unikp,r_0476_ENZ_YPR035W,0.1968178449373283,0.1989255072995428
unikp,r_0477_ENZ_YKL104C,0.005012162727206,0.0061501398489056
unikp,r_0478_ENZ_YOR168W,0.0257020188787772,0.0257020188787772
unikp,r_0479_ENZ_YGL245W,0.0735945859972608,0.0735945859972608
unikp,r_0480_ENZ_YOL033W,0.0,0.0
unikp,r_0481_ENZ_YCL035C_and_YPL091W,0.0,0.0010695046489548
unikp,r_0481_ENZ_YDR098C_and_YPL091W,0.0,0.0010693556190463
unikp,r_0481_ENZ_YDR513W_and_YPL091W,0.0,0.0010693730948648
unikp,r_0481_ENZ_YER174C_and_YPL091W,0.0,0.0010694372402962
unikp,r_0482_ENZ_YPL059W_and_YPL091W,0.0,0.0
unikp,r_0483_ENZ_YBR244W,0.0,0.0010653367695468
unikp,r_0483_ENZ_YCL035C,0.0,0.0010527582962768
unikp,r_0483_ENZ_YDR513W,0.0,0.0010527562141612
unikp,r_0483_ENZ_YIR037W,0.0,0.0010349561351998
unikp,r_0483_ENZ_YKL026C,0.0,0.0010342659781943
unikp,r_0483_ENZ_YNL229C,0.0,0.000957902126518
unikp,r_0484_ENZ_YPL059W,0.0,0.0
unikp,r_0485_ENZ_YOL049W,0.0,0.000480887793913
unikp,r_0486_ENZ_YGR192C_FWD,0.0,0.0
unikp,r_0486_ENZ_YGR192C_REV,0.0,0.0
unikp,r_0486_ENZ_YJL052W_FWD,14.130902045189105,14.197573210830976
unikp,r_0486_ENZ_YJL052W_REV,0.0,0.0
unikp,r_0486_ENZ_YJR009C_FWD,0.0,0.0
unikp,r_0486_ENZ_YJR009C_REV,0.0,0.0
unikp,r_0487_ENZ_YOR120W,0.0,0.0019399167495537
unikp,r_0488_ENZ_YHL032C,0.0,0.0015164102878353
unikp,r_0489_ENZ_YER062C,0.0,0.0019300464356185
unikp,r_0489_ENZ_YIL053W,0.0,0.0018568110892999
unikp,r_0490_ENZ_YIL155C,0.0,0.0080597773426459
unikp,r_0491_ENZ_YDL022W,0.0,0.0150251034259585
unikp,r_0491_ENZ_YOL059W,0.0,0.0160471758911904
unikp,r_0492_ENZ_YOL059W,0.0,0.0155561984309181
unikp,r_0497_ENZ_YPL110C,0.0,0.0001857137911867
unikp,r_0499_ENZ_YDR408C,0.0217391283267112,0.0218631757616508
unikp,r_0500,0.0,0.0
unikp,r_0501_ENZ_YAL044C_and_YDR019C_and_YFL018C_and_YMR189W,0.0,0.0032957281899677
unikp,r_0502_ENZ_YLR058C_FWD,0.0911825979686195,0.0990838709981555
unikp,r_0502_ENZ_YLR058C_REV,0.0,0.0
unikp,r_0503_ENZ_YBR263W_FWD,0.0,0.0014838206391231
unikp,r_0503_ENZ_YBR263W_REV,0.0,0.0032435170448706
unikp,r_0504_ENZ_YAL044C_and_YDR019C_and_YFL018C_and_YMR189W,0.0,0.0017831406286839
unikp,r_0505_ENZ_YAL044C_and_YDR019C_and_YFL018C_and_YMR189W,0.0,0.0017831406286839
unikp,r_0505_ENZ_YDR148C_and_YFL018C_and_YIL125W,0.0,0.0017757933495766
unikp,r_0506_ENZ_YAL044C_and_YDR019C_and_YFL018C_and_YMR189W,0.0,0.0032966540885765
unikp,r_0507_ENZ_YAL044C_and_YDR019C_and_YFL018C_and_YMR189W,0.0,0.0032966540885765
unikp,r_0508_ENZ_YAL044C_and_YDR019C_and_YFL018C_and_YMR189W,0.0,0.0032966540885765
unikp,r_0509_ENZ_YAL044C_and_YDR019C_and_YFL018C_and_YMR189W,0.0,0.0017831406286839
unikp,r_0510_ENZ_YFR015C_and_YJL137C,0.0,0.0786700830080354
unikp,r_0510_ENZ_YFR015C_and_YKR058W,0.0,0.0786972239000482
unikp,r_0510_ENZ_YJL137C_and_YLR258W,0.0,0.0786972240145438
unikp,r_0510_ENZ_YKR058W_and_YLR258W,0.0,0.0786972240145438
unikp,r_0511_ENZ_YPR160W,0.0,0.0029331089765491
unikp,r_0512_ENZ_YBR121C,0.0,0.070814663264006
unikp,r_0512_ENZ_YPR081C,0.0,0.0708146678805444
unikp,r_0514_ENZ_YMR217W,0.0101874132922792,0.0105971598799315
unikp,r_0518_ENZ_YMR281W_FWD,0.0,0.0
unikp,r_0518_ENZ_YMR281W_REV,0.0,0.0
unikp,r_0519_ENZ_YCL052C_and_YJR013W_FWD,0.0,0.0
unikp,r_0519_ENZ_YCL052C_and_YJR013W_REV,0.0,0.0
unikp,r_0520_ENZ_YKL165C_FWD,0.0,0.0
unikp,r_0520_ENZ_YKL165C_REV,0.0,0.0
unikp,r_0521_ENZ_YBR004C_FWD,0.0,0.0
unikp,r_0521_ENZ_YBR004C_REV,0.0,0.0
unikp,r_0522_ENZ_YGL142C_FWD,0.0,0.0
unikp,r_0522_ENZ_YGL142C_REV,0.0,0.0
unikp,r_0523_ENZ_YDR302W_FWD,0.0,0.0
unikp,r_0523_ENZ_YDR302W_REV,0.0,0.0
unikp,r_0523_ENZ_YLL031C_FWD,0.0,0.0
unikp,r_0523_ENZ_YLL031C_REV,0.0,0.0
unikp,r_0524_ENZ_YGR267C,1.3459175335212016e-05,1.3459175335212016e-05
unikp,r_0525_ENZ_YBL033C,0.0002101669189045,0.0002123057452457
unikp,r_0526_ENZ_YDL238C,0.0,0.0004084779987923
unikp,r_0527_ENZ_YDR399W,0.0,0.0008771760029291
unikp,r_0528_ENZ_YDR454C,0.0,0.0029537577287089
unikp,r_0529_ENZ_YDR454C_FWD,0.0,0.0028716972572936
unikp,r_0529_ENZ_YDR454C_REV,0.0,0.0013948384847146
unikp,r_0530_ENZ_YDR376W_and_YPL252C,0.0,3.633593878957791e-05
unikp,r_0530_ENZ_YER141W,0.0,3.632213418788832e-05
unikp,r_0531_ENZ_YPL172C,0.0,3.633593878957791e-05
unikp,r_0532_ENZ_YDR204W_and_YGR255C_and_YLR201C_and_YML110C_and_YOL096C_and_YOR125C,0.0,0.0
unikp,r_0533_ENZ_YFR053C,0.0,0.0
unikp,r_0533_ENZ_YGL253W,0.0,0.0
unikp,r_0533_ENZ_YLR446W,0.0,0.0
unikp,r_0534_ENZ_YCL040W,0.0,7.858129878459479
unikp,r_0534_ENZ_YDR516C,0.0,7.858349568697583
unikp,r_0534_ENZ_YFR053C,0.0,7.858131218063546
unikp,r_0534_ENZ_YGL253W,0.0,7.858349568697583
unikp,r_0534_ENZ_YLR446W,0.0,7.858129238434799
unikp,r_0535_ENZ_YFR053C,0.0,0.0
unikp,r_0535_ENZ_YGL253W,0.0,0.0
unikp,r_0535_ENZ_YLR446W,0.0,0.0
unikp,r_0536_ENZ_YCL030C,0.0161673977697862,0.0163259819310687
unikp,r_0537_ENZ_YFR025C,0.0161673977697862,0.0163261004727774
unikp,r_0538_ENZ_YIL116W,0.0161673977697862,0.0163255743352077
unikp,r_0539_ENZ_YPR033C,0.0161673977706751,0.0161688154992136
unikp,r_0540_ENZ_YPR033C,0.0,0.0
unikp,r_0541_ENZ_YBR034C,0.0,0.0
unikp,r_0542_ENZ_YDR234W_FWD,0.0,0.0
unikp,r_0542_ENZ_YDR234W_REV,0.0,0.0
unikp,r_0542_ENZ_YJL200C_FWD,0.0697904859917226,0.0699952959535177
unikp,r_0542_ENZ_YJL200C_REV,0.0,0.0
unikp,r_0543_ENZ_YDL131W,0.0,0.0
unikp,r_0543_ENZ_YDL182W,0.0,0.0
unikp,r_0544_ENZ_YLL062C,0.0,0.0004853289750437
unikp,r_0544_ENZ_YPL273W,0.0,0.0004848559353796
unikp,r_0545_ENZ_YIL094C,0.0697904859917226,0.0699915486619695
unikp,r_0546_ENZ_YJR139C,0.0504969796006367,0.0614996878737011
unikp,r_0547_ENZ_YJR139C,0.0,0.0101909111703406
unikp,r_0548_ENZ_YHR025W,0.0466733056471991,0.0474910351387947
unikp,r_0549_ENZ_YNL277W,0.014013276660112,0.0144494030601715
unikp,r_0550_ENZ_YDR453C_and_YGR209C,0.0,0.0011021733893268
unikp,r_0550_ENZ_YDR453C_and_YLR043C,0.0,0.0011026196548683
unikp,r_0551_ENZ_YBL064C_and_YCR083W,0.0,0.0
unikp,r_0552_ENZ_YGR209C_and_YLR109W,0.0,0.0003389696056196
unikp,r_0552_ENZ_YLR043C_and_YLR109W,0.0,0.0003389712878184
unikp,r_0553_ENZ_YDR272W,0.0,0.0145588145392107
unikp,r_0554_ENZ_YOR040W,0.0,-0.0
unikp,r_0555_ENZ_YNR041C,0.0,0.0
unikp,r_0556_ENZ_YPL214C,0.0,0.0005176245228414
unikp,r_0557_ENZ_YDL205C,0.0,3.633662791811473e-05
unikp,r_0558_ENZ_YLR450W,0.0469721537163713,0.0473852134939729
unikp,r_0558_ENZ_YML075C,0.0,0.0
unikp,r_0560_ENZ_YML126C,0.0469728585706218,0.0473858220937101
unikp,r_0561_ENZ_YOL055C,0.0,0.000512639750515
unikp,r_0561_ENZ_YPL258C,0.0,0.0005202653170166
unikp,r_0561_ENZ_YPR121W,0.0,0.0005202653170166
unikp,r_0562_ENZ_YDR399W,0.0,0.0008552329839428
unikp,r_0563_ENZ_YBR248C,0.0161673977697862,0.0163263102247214
unikp,r_0564_ENZ_YOR202W,0.0161673977697862,0.0163263809378328
unikp,r_0565_ENZ_YHR216W,0.0,0.0102962198030442
unikp,r_0565_ENZ_YLR432W,0.0,0.0102968899211251
unikp,r_0565_ENZ_YML056C,0.0,0.010296551886689
unikp,r_0566_ENZ_YKL211C,0.0082140007085548,0.0087540759363814
unikp,r_0567_ENZ_YGR087C,0.0,0.0001502377447885
unikp,r_0567_ENZ_YLR044C,0.0,0.0001502377456774
unikp,r_0567_ENZ_YLR134W,0.0,0.0001502377456774
unikp,r_0568_ENZ_YBR011C,0.0,0.0074829162033167
unikp,r_0569_ENZ_YMR267W,1.4986096936599784,1.509147445885915
unikp,r_0570_ENZ_YLR028C_FWD,0.0,0.0380650878234132
unikp,r_0570_ENZ_YLR028C_REV,0.0,0.0
unikp,r_0570_ENZ_YMR120C_FWD,0.0,0.038063912504732
unikp,r_0570_ENZ_YMR120C_REV,0.0,0.0
unikp,r_0571_ENZ_YDR315C,0.0,0.0003962009633888
unikp,r_0572_ENZ_YDR173C,0.0,0.0
unikp,r_0573_ENZ_YDR173C,0.0,0.0
unikp,r_0574_ENZ_YDR173C,0.0,0.0
unikp,r_0575_ENZ_YDR173C,0.0,0.0
unikp,r_0596_ENZ_YER019W,0.0,0.0
unikp,r_0597_ENZ_YER019W,0.0,0.0
unikp,r_0598_ENZ_YER019W,0.0,0.0
unikp,r_0599_ENZ_YER019W,0.0,0.0
unikp,r_0600_ENZ_YER019W,0.0,0.0
unikp,r_0601_ENZ_YER019W,0.0,0.0
unikp,r_0602_ENZ_YER019W,0.0,0.0
unikp,r_0603_ENZ_YER019W,0.0,0.0
unikp,r_0604_ENZ_YER019W,0.0,0.0
unikp,r_0605_ENZ_YER019W,0.0,0.0
unikp,r_0606_ENZ_YER019W,0.0,0.0
unikp,r_0607_ENZ_YER019W,0.0,0.0
unikp,r_0608_ENZ_YER019W,0.0,0.0
unikp,r_0609_ENZ_YER019W,0.0,0.0
unikp,r_0610_ENZ_YER019W,0.0,0.0
unikp,r_0611_ENZ_YER019W,0.0,0.0
unikp,r_0612_ENZ_YER019W,0.0,0.0
unikp,r_0613_ENZ_YER019W,0.0,0.0
unikp,r_0614_ENZ_YER019W,0.0,0.0
unikp,r_0615_ENZ_YER019W,0.0,0.0
unikp,r_0616_ENZ_YER019W,0.0,-0.0
unikp,r_0617_ENZ_YER019W,0.0,-0.0
unikp,r_0618_ENZ_YER019W,0.0,-0.0
unikp,r_0619_ENZ_YER019W,0.0,-0.0
unikp,r_0620_ENZ_YER019W,0.0,-0.0
unikp,r_0621_ENZ_YER019W,0.0,-0.0
unikp,r_0622_ENZ_YER019W,0.0,-0.0
unikp,r_0623_ENZ_YER019W,0.0,-0.0
unikp,r_0624_ENZ_YER019W,0.0,-0.0
unikp,r_0625_ENZ_YER019W,0.0,-0.0
unikp,r_0626_ENZ_YER019W,0.0,-0.0
unikp,r_0627_ENZ_YER019W,0.0,-0.0
unikp,r_0628_ENZ_YER019W,0.0,-0.0
unikp,r_0629_ENZ_YER019W,0.0,-0.0
unikp,r_0630_ENZ_YER019W,0.0,-0.0
unikp,r_0631_ENZ_YER019W,0.0,-0.0
unikp,r_0632_ENZ_YER019W,0.0,-0.0
unikp,r_0633_ENZ_YER019W,0.0,-0.0
unikp,r_0634_ENZ_YER019W,0.0,-0.0
unikp,r_0635_ENZ_YER019W,0.0,-0.0
unikp,r_0636_ENZ_YER019W,0.0,-0.0
unikp,r_0637_ENZ_YER019W,0.0,-0.0
unikp,r_0638_ENZ_YER019W,0.0,-0.0
unikp,r_0639_ENZ_YER019W,0.0,-0.0
unikp,r_0640_ENZ_YER019W,0.0,-0.0
unikp,r_0641_ENZ_YER019W,0.0,-0.0
unikp,r_0642_ENZ_YER019W,0.0,-0.0
unikp,r_0643_ENZ_YER019W,0.0,-0.0
unikp,r_0644_ENZ_YER019W,0.0,-0.0
unikp,r_0645_ENZ_YER019W,0.0,-0.0
unikp,r_0646_ENZ_YER019W,0.0,0.0008809176098834
unikp,r_0647_ENZ_YER019W,0.0,0.0008402136393126
unikp,r_0648_ENZ_YER019W,0.0,0.0007917877894529
unikp,r_0649_ENZ_YER019W,0.0,0.0008979813518732
unikp,r_0650_ENZ_YER019W,0.0,0.0008604270291521
unikp,r_0651_ENZ_YER019W,0.0,0.00070721995445
unikp,r_0652_ENZ_YER019W,0.0,0.0009637392768102
unikp,r_0653_ENZ_YER019W,0.0,0.0008883406780347
unikp,r_0654_ENZ_YER019W,0.0,0.0008682052783433
unikp,r_0655_ENZ_YER019W,0.0,0.0008514351866298
unikp,r_0656_ENZ_YOR126C,0.0,0.0006920860036041
unikp,r_0657_ENZ_YOR126C,0.0,0.0007568643407539
unikp,r_0658_ENZ_YNL037C_and_YOR136W,0.0,0.0339671528288575
unikp,r_0659_ENZ_YLR174W_FWD,0.036099439384528,0.0784218997742216
unikp,r_0659_ENZ_YLR174W_REV,0.0,0.0
unikp,r_0661_ENZ_YNL009W,0.0,6.963975399354914e-05
unikp,r_0662_ENZ_YER065C,0.0,0.0010586037208129
unikp,r_0663_ENZ_YJR148W_FWD,0.0,0.0
unikp,r_0663_ENZ_YJR148W_REV,0.0461819591133285,0.0475328612605036
unikp,r_0664_ENZ_YHR208W_FWD,0.0,0.0
unikp,r_0664_ENZ_YHR208W_REV,0.0,0.0008082656764541
unikp,r_0665_ENZ_YBL076C,0.0469903115585353,0.0469903115585353
unikp,r_0666_ENZ_YPL040C,0.0,0.0
unikp,r_0667_ENZ_YPL117C_FWD,0.0156574072337178,0.0157730503693394
unikp,r_0667_ENZ_YPL117C_REV,0.0,0.0
unikp,r_0668_ENZ_YGR244C_and_YOR142W_FWD,0.0,0.0
unikp,r_0668_ENZ_YGR244C_and_YOR142W_REV,0.0,0.0
unikp,r_0669_ENZ_YLR355C,0.0469903115585353,0.0476562416744886
unikp,r_0670_ENZ_YLR231C,0.0,0.0005404505641211
unikp,r_0671_ENZ_YBL098W,0.0012885992216759,0.0012888539694726
unikp,r_0672_ENZ_YHR037W_FWD,0.0,0.0
unikp,r_0672_ENZ_YHR037W_REV,0.0,0.0023096069791886
unikp,r_0673_ENZ_YHR037W_FWD,0.0,0.0023094423345205
unikp,r_0673_ENZ_YHR037W_REV,0.0,0.0
unikp,r_0674_ENZ_YLR089C_FWD,0.0,0.0
unikp,r_0674_ENZ_YLR089C_REV,0.0,0.0007691020788671
unikp,r_0675_ENZ_YEL046C,0.0,-0.0
unikp,r_0676_ENZ_YMR226C_FWD,0.0,0.0
unikp,r_0676_ENZ_YMR226C_REV,0.0,0.0
unikp,r_0678_ENZ_YBR115C_and_YGL154C,0.0697904859917226,0.0699923534274966
unikp,r_0679_ENZ_YDR321W,0.0,0.0005591507721721
unikp,r_0680_ENZ_YLR155C,0.0,0.0004730026760486
unikp,r_0680_ENZ_YLR157C,0.0,0.0004702877236388
unikp,r_0680_ENZ_YLR158C,0.0,0.0004722237307078
unikp,r_0680_ENZ_YLR160C,0.0,0.0004747439402054
unikp,r_0681_ENZ_YLR027C,0.0,0.0
unikp,r_0682_ENZ_YKL106W,0.0,0.0
unikp,r_0683_ENZ_YLR027C,0.0,0.0
unikp,r_0687_ENZ_YER023W,0.0,0.0048807797467596
unikp,r_0688_ENZ_YHR104W,0.0,0.001718289483757
unikp,r_0688_ENZ_YOL151W,0.0,0.0018076852999555
unikp,r_0689_ENZ_YCL064C,0.0,0.0011093939945556
unikp,r_0690_ENZ_YMR226C,0.0,0.0
unikp,r_0691_ENZ_YJR159W,0.0,0.0
unikp,r_0692_ENZ_YCL064C,0.0,0.0008157473299282
unikp,r_0693_ENZ_YER086W,0.0,0.0007686835240556
unikp,r_0694_ENZ_YJR078W,0.0012885992216757,0.0018293934169823
unikp,r_0695_ENZ_YDR403W,0.0,0.0001676139252226
unikp,r_0696_ENZ_YOL151W,0.0,0.0018080151879603
unikp,r_0697_ENZ_YML004C,0.0,0.0140380539070092
unikp,r_0698_ENZ_YHR072W,0.0078287036168589,0.0078862883663998
unikp,r_0699_ENZ_YJR148W_FWD,0.0,0.0
unikp,r_0699_ENZ_YJR148W_REV,0.0722777838261947,0.0731065667177384
unikp,r_0700_ENZ_YHR208W_FWD,0.0,0.0
unikp,r_0700_ENZ_YHR208W_REV,0.0,0.0
unikp,r_0701_ENZ_YPL160W,0.0722777838262942,0.0722777838262942
unikp,r_0702_ENZ_YLR382C,0.0,0.0
unikp,r_0703_ENZ_YNL045W_FWD,0.0,0.0
unikp,r_0703_ENZ_YNL045W_REV,0.0,0.0
unikp,r_0704_ENZ_YNL045W_FWD,0.0,0.0
unikp,r_0704_ENZ_YNL045W_REV,0.0,0.0
unikp,r_0705_ENZ_YNL045W_FWD,0.0,0.0
unikp,r_0705_ENZ_YNL045W_REV,0.0,0.0
unikp,r_0706_ENZ_YNL045W_FWD,0.0,0.0
unikp,r_0706_ENZ_YNL045W_REV,0.0,0.0
unikp,r_0707_ENZ_YNL045W_FWD,0.0,0.0
unikp,r_0707_ENZ_YNL045W_REV,0.0,0.0
unikp,r_0708_ENZ_YNL045W_FWD,0.0,0.0
unikp,r_0708_ENZ_YNL045W_REV,0.0,0.0
unikp,r_0711_ENZ_YDR037W,0.0697904859917837,0.0697904859917837
unikp,r_0712_ENZ_YNL073W,0.0,0.0
unikp,r_0713_ENZ_YKL085W_FWD,0.2922573013780501,0.2953180763547072
unikp,r_0713_ENZ_YKL085W_REV,0.0,0.0
unikp,r_0714_ENZ_YOL126C_FWD,0.0,0.0
unikp,r_0714_ENZ_YOL126C_REV,0.2421935219287601,0.2452776110030981
unikp,r_0715_ENZ_YDL078C_FWD,0.0,0.0
unikp,r_0715_ENZ_YDL078C_REV,0.0,0.000375237558147
unikp,r_0716_ENZ_YIR031C,0.0,0.0008217279378669
unikp,r_0716_ENZ_YNL117W,0.0,0.0008217279378669
unikp,r_0717_ENZ_YNL117W,0.0,0.0003567099266004
unikp,r_0718_ENZ_YKL029C,0.0235064310752258,0.0394865796501776
unikp,r_0719_ENZ_YKL029C,0.0,0.0143975394674342
unikp,r_0721_ENZ_YKL192C_and_YOR221C_FWD,0.0,0.0
unikp,r_0721_ENZ_YKL192C_and_YOR221C_REV,0.0,0.0
unikp,r_0722_ENZ_YDL055C,0.1490359475225633,0.1490359475225633
unikp,r_0723_ENZ_YER003C_FWD,0.0,0.0
unikp,r_0723_ENZ_YER003C_REV,0.1490359475225204,0.1506260846357816
unikp,r_0724_ENZ_YBR084W_FWD,0.0,0.0025099769620367
unikp,r_0724_ENZ_YBR084W_REV,0.0,0.0
unikp,r_0725_ENZ_YGR204W_FWD,0.0482900574794323,0.0561910577843196
unikp,r_0725_ENZ_YGR204W_REV,0.0,0.0
unikp,r_0726_ENZ_YDR502C,0.0296664096071517,0.0302912256227551
unikp,r_0726_ENZ_YLR180W,0.0,0.0
unikp,r_0727_ENZ_YER091C,0.0419893770020863,0.0425058419152774
unikp,r_0728_ENZ_YBL013W,0.0,0.0
unikp,r_0729_ENZ_YGR264C,0.0123633050325587,0.0123633050325587
unikp,r_0730_ENZ_YGR171C,0.0,0.0
unikp,r_0731_ENZ_YKR080W,0.0,0.0098808152135674
unikp,r_0732_ENZ_YGR204W_FWD,0.039956872676639,0.0561668406885948
unikp,r_0732_ENZ_YGR204W_REV,0.0,0.0
unikp,r_0733_ENZ_YBR084W_FWD,0.0,0.0025190795763359
unikp,r_0733_ENZ_YBR084W_REV,0.0,0.0
unikp,r_0734_ENZ_YPR006C,0.0,0.0004685466349664
unikp,r_0735_ENZ_YMR208W,0.0,0.0044126972052749
unikp,r_0736_ENZ_YMR208W,0.0,0.0029208434696454
unikp,r_0737_ENZ_YMR208W,0.0,0.0473181029818422
unikp,r_0738_ENZ_YMR208W,0.0,0.0473162413757584
unikp,r_0739_ENZ_YNR043W,0.0469728585706218,0.0473166640100204
unikp,r_0747_ENZ_YBR036C_and_YBR161W,0.0,0.0
unikp,r_0747_ENZ_YBR036C_and_YPL057C,0.0,0.0
unikp,r_0748_ENZ_YBR036C_and_YBR161W,0.0,0.0
unikp,r_0748_ENZ_YBR036C_and_YPL057C,0.0,0.0
unikp,r_0749_ENZ_YBR036C_and_YBR161W,0.0,0.0
unikp,r_0749_ENZ_YBR036C_and_YPL057C,0.0,0.0
unikp,r_0750_ENZ_YBR036C_and_YBR161W,0.0,0.0
unikp,r_0750_ENZ_YBR036C_and_YPL057C,0.0,0.0
unikp,r_0751_ENZ_YBR036C_and_YBR161W,0.0,0.0
unikp,r_0751_ENZ_YBR036C_and_YPL057C,0.0,0.0
unikp,r_0752_ENZ_YBR036C_and_YBR161W,0.0,0.0
unikp,r_0752_ENZ_YBR036C_and_YPL057C,0.0,0.0
unikp,r_0753_ENZ_YBR036C_and_YBR161W,0.0,0.0
unikp,r_0753_ENZ_YBR036C_and_YPL057C,0.0,0.0
unikp,r_0754_ENZ_YBR036C_and_YBR161W,0.0,0.0
unikp,r_0754_ENZ_YBR036C_and_YPL057C,0.0,0.0
unikp,r_0755_ENZ_YBR036C_and_YBR161W,0.0,0.0
unikp,r_0755_ENZ_YBR036C_and_YPL057C,0.0,0.0
unikp,r_0756_ENZ_YBR036C_and_YBR161W,0.0,0.0
unikp,r_0756_ENZ_YBR036C_and_YPL057C,0.0,0.0
unikp,r_0757_ENZ_YDR287W,0.0,0.0027770974652545
unikp,r_0757_ENZ_YHR046C,0.0,0.0026111701009329
unikp,r_0758_ENZ_YJL153C,0.0017133940973586,0.0020119968761356
unikp,r_0759_ENZ_YER069W,0.039187041049258,0.0396641714775257
unikp,r_0760_ENZ_YFL017C,0.005012162727206,0.005012162727206
unikp,r_0761_ENZ_YJL071W_FWD,0.0,0.000332005102284
unikp,r_0761_ENZ_YJL071W_REV,0.0,0.0
unikp,r_0761_ENZ_YMR062C_FWD,0.0,0.0003620930385306
unikp,r_0761_ENZ_YMR062C_REV,0.0,0.0
unikp,r_0762_ENZ_YDR428C,0.0012885992216759,0.0018293934169823
unikp,r_0763_ENZ_YDR402C_and_YDR403W,0.0,8.381258898924188e-05
unikp,r_0764_ENZ_YGL067W,0.0,0.0
unikp,r_0765_ENZ_YEL041W,0.0,0.0006941895379937
unikp,r_0765_ENZ_YJR049C,0.0,0.0006942250925455
unikp,r_0766_ENZ_YEL041W,0.0,0.0
unikp,r_0766_ENZ_YJR049C,0.0,0.0
unikp,r_0766_ENZ_YPL188W,0.0,0.0
unikp,r_0767_ENZ_YDL042C,0.0,0.0
unikp,r_0767_ENZ_YDR191W,0.0,0.0
unikp,r_0767_ENZ_YOL068C,0.0,0.0
unikp,r_0767_ENZ_YOR025W,0.0,0.0
unikp,r_0767_ENZ_YPL015C,0.0,0.0
unikp,r_0768_ENZ_YHR074W,0.0012885992216757,0.0012888897183013
unikp,r_0769_ENZ_YHR074W_FWD,0.0,0.0
unikp,r_0769_ENZ_YHR074W_REV,0.0,0.0
unikp,r_0770_ENZ_YDL085W,0.0,0.0
unikp,r_0770_ENZ_YMR145C,2.036891214565242,2.096208619722944
unikp,r_0771_ENZ_YEL041W,0.0,0.0006942008869685
unikp,r_0771_ENZ_YJR049C,0.0,0.0006941874004671
unikp,r_0772_ENZ_YEL041W,0.0,0.0
unikp,r_0772_ENZ_YJR049C,0.0,0.0
unikp,r_0772_ENZ_YPL188W,0.0,0.0
unikp,r_0773_ENZ_YML120C,0.9329967332122376,1.0121230615746466
unikp,r_0774_ENZ_YOR209C,0.0,2.5474779692455025e-07
unikp,r_0775_ENZ_YOR209C,0.0,0.0
unikp,r_0781_ENZ_YGL037C,0.0,2.5474779692455025e-07
unikp,r_0782_ENZ_YLR285W,0.0,0.0
unikp,r_0783_ENZ_YCL047C,0.0,0.0
unikp,r_0783_ENZ_YLR328W,0.0,0.0
unikp,r_0784_ENZ_YGR010W,0.0,0.0
unikp,r_0784_ENZ_YLR328W,0.0,0.0
unikp,r_0785_ENZ_YGR010W,0.0,0.0012889387810044
unikp,r_0785_ENZ_YLR328W,0.0,0.0012889436488758
unikp,r_0786_ENZ_YFR047C,0.0012885992216756,0.0012889434093666
unikp,r_0787_ENZ_YFR047C,0.0,0.0
unikp,r_0788_ENZ_YER005W,0.0,0.001256973703959
unikp,r_0789_ENZ_YER005W,0.0,0.0022148429998862
unikp,r_0790_ENZ_YER005W,0.0,0.0022190778391077
unikp,r_0791_ENZ_YEL042W,0.0,0.0022192800377955
unikp,r_0792_ENZ_YER005W,0.0,0.0012927706441132
unikp,r_0793_ENZ_YER005W,0.0,0.0006036065876938
unikp,r_0795_ENZ_YKL067W,0.0014437349875571,0.0054812337794848
unikp,r_0796_ENZ_YKL067W,0.0,0.0028540772102449
unikp,r_0797_ENZ_YKL067W,0.0,0.0012762346914922
unikp,r_0798_ENZ_YKL067W,0.0,0.0022186224268905
unikp,r_0799_ENZ_YKL067W,0.0,0.001262960511434
unikp,r_0800_ENZ_YKL067W,0.1769765635227962,0.2261959098572734
unikp,r_0801_ENZ_YKL067W,0.0,0.0022194134419928
unikp,r_0802_ENZ_YKL067W_FWD,0.0,0.0
unikp,r_0802_ENZ_YKL067W_REV,0.0,0.0
unikp,r_0803_ENZ_YKL067W_FWD,0.0,0.0012643091551233
unikp,r_0803_ENZ_YKL067W_REV,0.0,0.0
unikp,r_0804_ENZ_YAL035W,0.0,0.0022252630189057
unikp,r_0804_ENZ_YER005W,0.0,0.0022195732208603
unikp,r_0804_ENZ_YLL001W,0.0,0.0022245169683043
unikp,r_0805_ENZ_YER005W,0.0,0.0022195087381655
unikp,r_0806_ENZ_YER005W,0.0,0.0011806811698195
unikp,r_0807_ENZ_YER005W,0.0,0.0022195596358598
unikp,r_0810_ENZ_YEL042W,0.0,0.0022202189119496
unikp,r_0811_ENZ_YKL067W,0.329564291954194,0.3794431185088072
unikp,r_0812_ENZ_YLR303W,0.0,-0.0
unikp,r_0813_ENZ_YLR303W,0.0140132766601119,0.0144475380668569
unikp,r_0815_ENZ_YAL012W,0.0,0.0003037211615638
unikp,r_0815_ENZ_YLL058W,0.0,0.0003493056277046
unikp,r_0815_ENZ_YML082W,0.0,0.0003573271111462
unikp,r_0816_ENZ_YJL088W,0.039187041049157,0.0394646523318058
unikp,r_0817_ENZ_YKL184W,0.0,0.0001992625396683
unikp,r_0818_ENZ_YMR062C,0.0391870410491357,0.0396638608396272
unikp,r_0819_ENZ_YLR438W,0.0,0.0004783356373827
unikp,r_0820_ENZ_YML106W_FWD,0.0,0.0
unikp,r_0820_ENZ_YML106W_REV,0.0,0.0229536933216519
unikp,r_0820_ENZ_YMR271C_FWD,0.0,0.0
unikp,r_0820_ENZ_YMR271C_REV,0.0,0.0229543937309838
unikp,r_0821_ENZ_YEL021W,0.0227719761219561,0.0229544387854483
unikp,r_0831_ENZ_YDR148C_and_YFL018C_and_YIL125W,0.0,0.0015447435651589
unikp,r_0831_ENZ_YDR148C_and_YFL018C_and_YIL125W_and_YFR049W,0.0,0.0015794558262114
unikp,r_0832_ENZ_YDR148C_and_YFL018C_and_YIL125W,0.0,0.0015494101730457
unikp,r_0832_ENZ_YDR148C_and_YFL018C_and_YIL125W_and_YFR049W,0.0,0.0015097060708022
unikp,r_0841_ENZ_YGR277C,0.0,0.000404748704802
unikp,r_0842_ENZ_YDR531W,4.033506771766726e-05,4.033506771766726e-05
unikp,r_0843_ENZ_YIL145C,4.033506771766726e-05,0.000179873565588
unikp,r_0844_ENZ_YJR019C,0.0,0.0005996916752857
unikp,r_0845_ENZ_YJR019C,0.0,0.0005637900555097
unikp,r_0847_ENZ_YJR019C,0.0,0.0005498100056589
unikp,r_0848_ENZ_YJR019C,0.0,0.0005733305106947
unikp,r_0849_ENZ_YJR019C,0.0,0.0005076055838006
unikp,r_0850_ENZ_YJR019C,0.0,0.0006227227720601
unikp,r_0851_ENZ_YGL202W_FWD,0.0,0.0
unikp,r_0851_ENZ_YGL202W_REV,0.0282279572088691,0.0475854848922279
unikp,r_0852_ENZ_YFL022C_and_YLR060W,0.0326518050863669,0.0326518050863669
unikp,r_0853_ENZ_YPR047W,0.0,0.0
unikp,r_0854_ENZ_YDR380W,0.0,0.0002141316582168
unikp,r_0855_ENZ_YGL234W,0.0217370054284842,0.0218636201947529
unikp,r_0882_ENZ_YEL058W_FWD,0.005012162727206,0.005012162727206
unikp,r_0882_ENZ_YEL058W_REV,0.0,0.0
unikp,r_0883_ENZ_YGR209C_and_YPR167C,0.0,0.0144662154236587
unikp,r_0883_ENZ_YLR043C_and_YPR167C,0.0,0.0144662154236587
unikp,r_0884_ENZ_YKR097W,0.0,0.001617487924007
unikp,r_0885_ENZ_YGR007W,0.0,0.0
unikp,r_0886_ENZ_YGR240C_and_YMR205C,6.944845079668729,6.981672774427568
unikp,r_0887_ENZ_YGR240C_and_YMR205C,0.0,0.0073099988169725
unikp,r_0888_ENZ_YKL127W_FWD,0.0,0.3153300585815592
unikp,r_0888_ENZ_YKL127W_REV,0.0,0.0
unikp,r_0888_ENZ_YMR105C_FWD,0.0,0.315330058581559
unikp,r_0888_ENZ_YMR105C_REV,0.0,0.0
unikp,r_0889_ENZ_YGR256W,0.924299635819291,0.9454327271295
unikp,r_0889_ENZ_YHR183W,0.0,0.0
unikp,r_0890_ENZ_YEL058W_FWD,0.0,0.0
unikp,r_0890_ENZ_YEL058W_REV,0.0,0.0
unikp,r_0891_ENZ_YER081W,0.1583337581545709,0.1620271933830505
unikp,r_0891_ENZ_YIL074C,0.0,0.0
unikp,r_0892_ENZ_YCR012W_FWD,14.131730205026876,14.197573210831376
unikp,r_0892_ENZ_YCR012W_REV,0.0,0.0
unikp,r_0893_ENZ_YKL152C_FWD,13.971904490999528,14.03871983758429
unikp,r_0893_ENZ_YKL152C_REV,0.0,0.0
unikp,r_0893_ENZ_YOR283W_FWD,0.0,0.0
unikp,r_0893_ENZ_YOR283W_REV,0.0,0.0
unikp,r_0902_ENZ_YFL045C_FWD,0.0,0.0
unikp,r_0902_ENZ_YFL045C_REV,0.1490359475225633,0.150625970166135
unikp,r_0903_ENZ_YOL055C,0.0,0.0005081478948453
unikp,r_0903_ENZ_YPL258C,0.0,0.000523552333814
unikp,r_0903_ENZ_YPR121W,0.0,0.0005160904743857
unikp,r_0904_ENZ_YMR220W,0.0469722217011536,0.0473177429849793
unikp,r_0905_ENZ_YIL083C,4.03350677176291e-05,4.03350677176291e-05
unikp,r_0906_ENZ_YKL088W_and_YKR072C_and_YOR054C,4.03350677176291e-05,4.03350677176291e-05
unikp,r_0907_ENZ_YKL127W_FWD,0.0,0.0014929442844484
unikp,r_0907_ENZ_YKL127W_REV,0.0,0.0018764191367304
unikp,r_0907_ENZ_YMR105C_FWD,0.0,0.0015231822504328
unikp,r_0907_ENZ_YMR105C_REV,0.0,0.0019440075685065
unikp,r_0907_ENZ_YMR278W_FWD,0.0,0.0016073445556394
unikp,r_0907_ENZ_YMR278W_REV,0.0,0.0019673454031141
unikp,r_0908_ENZ_YAR015W,0.0217391283638264,0.0218638567942314
unikp,r_0909_ENZ_YCL030C,0.0161673977697862,0.0163263102247208
unikp,r_0910_ENZ_YCL030C,0.0161673977697862,0.0163263809378328
unikp,r_0911_ENZ_YOR128C,0.0217391283267005,0.0218638567167936
unikp,r_0912_ENZ_YLR028C_FWD,0.0,0.0380653365280913
unikp,r_0912_ENZ_YLR028C_REV,0.0,0.0
unikp,r_0912_ENZ_YMR120C_FWD,0.0,0.0380646788930007
unikp,r_0912_ENZ_YMR120C_REV,0.0,0.0
unikp,r_0913_ENZ_YDR007W,0.0082140007085551,0.0087578673124399
unikp,r_0914_ENZ_YGL234W,0.0217370054284806,0.0218629457813937
unikp,r_0915_ENZ_YMR300C,0.0217370054284806,0.0218641552172321
unikp,r_0916_ENZ_YBL068W_and_YOL061W,0.0,0.0
unikp,r_0916_ENZ_YER099C_and_YOL061W,0.0,0.071804427533127
unikp,r_0916_ENZ_YKL181W_and_YBL068W,0.0,0.0712440358022064
unikp,r_0916_ENZ_YKL181W_and_YER099C,0.0,0.0
unikp,r_0916_ENZ_YKL181W_and_YHL011C,0.0,0.0
unikp,r_0917_ENZ_YGR208W,0.1583315089134906,0.1620278773709029
unikp,r_0918_ENZ_YOR184W,0.1583219015309945,0.1620268270782694
unikp,r_0919_ENZ_YBR183W,0.0,0.0035320097615731
unikp,r_0920_ENZ_YDR402C,0.0,0.0012799968394744
unikp,r_0921_ENZ_YDR294C,0.0,0.0
unikp,r_0922_ENZ_YDR297W,0.0,0.0
unikp,r_0929_ENZ_YMR020W,0.0,0.0
unikp,r_0935_ENZ_YGL040C,0.0,0.0001453369897918
unikp,r_0936_ENZ_YMR020W,0.0,0.0
unikp,r_0937_ENZ_YMR020W,4.033506771777828e-05,0.0003354414471415
unikp,r_0938_ENZ_YNL316C,0.0326518050863669,0.032865952006214
unikp,r_0939_ENZ_YBR166C,0.0248729202062203,0.0252464864600574
unikp,r_0940_ENZ_YLR142W,0.0,0.00118408796719
unikp,r_0941_ENZ_YHR020W,0.040162451679758,0.040162451679758
unikp,r_0942_ENZ_YER014W,0.0,1.821036907825717e-05
unikp,r_0943_ENZ_YLR209C,0.0,0.0
unikp,r_0949_ENZ_YLR209C_FWD,0.0,0.0008787045951767
unikp,r_0949_ENZ_YLR209C_REV,0.0,0.0
unikp,r_0950_ENZ_YLR209C_FWD,0.0,0.0
unikp,r_0950_ENZ_YLR209C_REV,0.0,0.0
unikp,r_0951_ENZ_YLR209C_FWD,0.0,0.000855183200707
unikp,r_0951_ENZ_YLR209C_REV,0.0,0.0009118420036624
unikp,r_0953_ENZ_YBR035C,0.0,0.0
unikp,r_0954_ENZ_YBR035C,0.0,0.0
unikp,r_0955_ENZ_YBR035C,0.0,0.0
unikp,r_0956_ENZ_YBR035C,0.0,0.001211467616639
unikp,r_0957_ENZ_YER023W,0.040162451679758,0.0413438882317826
unikp,r_0958_ENZ_YBR218C,0.0,0.0
unikp,r_0958_ENZ_YGL062W,0.511748483792553,0.5146938733081509
unikp,r_0959_ENZ_YGR087C,0.0,0.0
unikp,r_0959_ENZ_YLR044C,0.0,0.0
unikp,r_0959_ENZ_YLR134W,12.365942824959616,12.433336255635467
unikp,r_0960_ENZ_YGR087C,0.0,0.0067235008031243
unikp,r_0960_ENZ_YLR044C,0.0,0.01018423235175
unikp,r_0960_ENZ_YLR134W,0.0,0.0185675339458759
unikp,r_0961_ENZ_YBR221C_and_YER178W_and_YFL018C_and_YGR193C_and_YNL071W,0.5752938907120309,0.5785066871682603
unikp,r_0962_ENZ_YAL038W,0.0,0.0
unikp,r_0962_ENZ_YOR347C,13.840366486724628,13.907532195891845
unikp,r_0963_ENZ_YDR204W_and_YGR255C_and_YLR201C_and_YML110C_and_YOL096C_and_YOR125C,0.0,0.0
unikp,r_0964_ENZ_YDR135C,0.0,0.0004638662559396
unikp,r_0965_ENZ_YDR236C,0.0,0.0014257254574707
unikp,r_0966_ENZ_YDR236C,0.0,2.122898679736019e-06
unikp,r_0967_ENZ_YOL143C,0.000420333837809,0.0004245800339937
unikp,r_0968_ENZ_YBR256C,0.0002101669189045,0.0002122900166768
unikp,r_0969_ENZ_YCR036W,0.0,0.001922817963381
unikp,r_0970_ENZ_YGR209C,0.0,0.0007642957733413
unikp,r_0971_ENZ_YGR209C,0.0,0.0012768400511074
unikp,r_0972_ENZ_YGR209C,0.0,0.0005095121616057
unikp,r_0973_ENZ_YGR209C,0.0,0.0013606809509075
unikp,r_0974_ENZ_YER070W,0.0,0.0007642463711835
unikp,r_0974_ENZ_YGR180C,0.0,0.0007642846467642
unikp,r_0974_ENZ_YIL066C,0.0,0.0007642846467642
unikp,r_0974_ENZ_YJL026W,0.0,0.0007642467194294
unikp,r_0975_ENZ_YER070W,0.0,0.0
unikp,r_0975_ENZ_YGR180C,0.0,0.0
unikp,r_0975_ENZ_YIL066C,0.0,0.0
unikp,r_0975_ENZ_YJL026W,0.0,0.0
unikp,r_0976_ENZ_YER070W,0.0,0.0014313410030585
unikp,r_0976_ENZ_YGR180C,0.0,0.001512850458616
unikp,r_0976_ENZ_YIL066C,0.0,0.0014305601250999
unikp,r_0976_ENZ_YJL026W,0.0,0.0014305601250999
unikp,r_0977_ENZ_YER070W,0.0,0.0
unikp,r_0977_ENZ_YGR180C,0.0,0.0
unikp,r_0977_ENZ_YIL066C,0.0,0.0
unikp,r_0977_ENZ_YJL026W,0.0,0.0
unikp,r_0978_ENZ_YER070W,0.0,0.00050952222665
unikp,r_0978_ENZ_YGR180C,0.0,0.0005095219896618
unikp,r_0978_ENZ_YIL066C,0.0,0.0005095219896618
unikp,r_0978_ENZ_YJL026W,0.0,0.0005094956005711
unikp,r_0979_ENZ_YER070W,0.0,0.0
unikp,r_0979_ENZ_YGR180C,0.0,0.0
unikp,r_0979_ENZ_YIL066C,0.0,0.0
unikp,r_0979_ENZ_YJL026W,0.0,0.0
unikp,r_0982_ENZ_YOR095C_FWD,0.376695609096596,0.3837310287538574
unikp,r_0982_ENZ_YOR095C_REV,0.0,0.0
unikp,r_0983_ENZ_YNL129W,0.0,0.0
unikp,r_0984_ENZ_YJL121C_FWD,0.5471579340720929,0.5612908863344741
unikp,r_0984_ENZ_YJL121C_REV,0.0,0.0
unikp,r_0985_ENZ_YDR204W_and_YGR255C_and_YLR201C_and_YML110C_and_YOL096C_and_YOR125C,0.0,0.0
unikp,r_0986_ENZ_YML008C,0.0,0.0001426619133266
unikp,r_0987_ENZ_YJL068C,0.0,-0.0
unikp,r_0988_ENZ_YIR034C,0.0697904859917226,0.0699923724821625
unikp,r_0989_ENZ_YNR050C,0.0697904859917226,0.0700132989659122
unikp,r_0990_ENZ_YKL060C_FWD,0.0,0.0073096491509397
unikp,r_0990_ENZ_YKL060C_REV,0.0,0.0008110705308341
unikp,r_0992_ENZ_YHR013C_and_YDL040C_and_YOR253W,0.0,0.0004041476072093
unikp,r_0993_ENZ_YMR296C_and_YKL212W_and_YDR062W_and_YGR038W_and_YLR350W_and_YBR058C-A,0.0,0.0
unikp,r_0995_ENZ_YDR023W,0.0,0.0452102983301102
unikp,r_0995_ENZ_YHR011W,0.0,0.0452101897014488
unikp,r_0996_ENZ_YDR127W,0.0657522647082968,0.0661200505479403
unikp,r_0997_ENZ_YDR127W,0.0657521851764481,0.0661250081343616
unikp,r_0998_ENZ_YBR213W,0.0,0.0
unikp,r_0999_ENZ_YBR213W,0.0,0.0
unikp,r_1000_ENZ_YEL047C_FWD,0.0,0.0065790883612851
unikp,r_1000_ENZ_YEL047C_REV,0.0,0.0
unikp,r_1001_ENZ_YPR069C,0.0,0.0001071095291618
unikp,r_1002_ENZ_YLR146C,4.033506771767032e-05,0.0003367104125686
unikp,r_1003_ENZ_YDR294C,0.0,0.0
unikp,r_1004_ENZ_YJL134W,0.0,0.0008520756385936
unikp,r_1004_ENZ_YKR053C,0.0,0.0007901892697539
unikp,r_1005_ENZ_YJL134W,0.0,0.0008263859575651
unikp,r_1005_ENZ_YKR053C,0.0,0.0007539233426447
unikp,r_1006_ENZ_YLR260W,0.0,0.0007337433596852
unikp,r_1006_ENZ_YOR171C,0.0,0.0008520941231511
unikp,r_1007_ENZ_YLR260W,0.0,0.0008357587623391
unikp,r_1007_ENZ_YOR171C,0.0,0.0008357587623391
unikp,r_1008_FWD,0.0,0.0
unikp,r_1008_REV,0.0,0.0
unikp,r_1009_FWD,0.0,0.0
unikp,r_1009_REV,0.0,0.0
unikp,r_1010_ENZ_YGR175C,0.0,0.0
unikp,r_1011_ENZ_YGR175C,0.0078287036128183,0.0078863818857022
unikp,r_1012_ENZ_YHR190W,0.0078287036168589,0.0078859077726594
unikp,r_1021_ENZ_YDR178W_and_YJL045W_and_YKL141W_and_YLL041C_FWD,0.0,0.0
unikp,r_1021_ENZ_YDR178W_and_YJL045W_and_YKL141W_and_YLL041C_REV,0.0,0.0
unikp,r_1021_ENZ_YDR178W_and_YKL141W_and_YKL148C_and_YLL041C_FWD,0.0,0.025068645365669
unikp,r_1021_ENZ_YDR178W_and_YKL141W_and_YKL148C_and_YLL041C_REV,0.0,0.0
unikp,r_1021_ENZ_YLR164W_and_YJL045W_and_YKL141W_and_YLL041C_FWD,0.0,0.0308444937710877
unikp,r_1021_ENZ_YLR164W_and_YJL045W_and_YKL141W_and_YLL041C_REV,0.0,0.0
unikp,r_1022_ENZ_YGR244C_and_YOR142W,0.0,0.001990878216456
unikp,r_1023_ENZ_YBR006W,0.0,0.0008726359212825
unikp,r_1024_ENZ_YIL162W,0.0,0.0
unikp,r_1025_ENZ_YJR010W,0.0140133191180857,0.0154957663984687
unikp,r_1026_ENZ_YCL050C,0.0,0.0014822349905597
unikp,r_1027_ENZ_YFR030W_and_YJR137C,0.014013531407909,0.0143876471700818
unikp,r_1028_ENZ_YLL048C,0.0,-0.0
unikp,r_1029_ENZ_YLL057C,0.0,0.0
unikp,r_1030_ENZ_YAL044C_and_YDR019C_and_YFL018C_and_YMR189W,0.0,0.0035382748799127
unikp,r_1031_ENZ_YKL132C_FWD,0.0,0.0
unikp,r_1031_ENZ_YKL132C_REV,0.0,0.0
unikp,r_1031_ENZ_YOR241W_FWD,0.0,0.0
unikp,r_1031_ENZ_YOR241W_REV,0.0,0.0
unikp,r_1032_ENZ_YBR092C,0.0,0.0
unikp,r_1033_ENZ_YBR092C,0.0,0.0
unikp,r_1034_ENZ_YOR143C,0.0,2.5474779692455025e-07
unikp,r_1035_ENZ_YOR143C,0.0,0.0
unikp,r_1036_ENZ_YPL214C,0.0,0.000517571427227
unikp,r_1037_ENZ_YGR209C_and_YIL010W,0.0,0.0
unikp,r_1037_ENZ_YIL010W_and_YLR043C,0.0,0.0
unikp,r_1038_ENZ_YDR353W,0.0,0.0176592969102171
unikp,r_1038_ENZ_YDR353W_and_YGR209C,0.0,0.0176592968792887
unikp,r_1038_ENZ_YDR353W_and_YLR043C,0.0,0.0176592968948056
unikp,r_1039_ENZ_YCR083W_and_YHR106W,0.0,0.0
unikp,r_1039_ENZ_YCR083W_and_YPL091W,0.0,0.0
unikp,r_1040_ENZ_YEL046C,0.0,0.0005242575528586
unikp,r_1041_ENZ_YCR053W,0.04667330564709,0.0474857175264999
unikp,r_1042_ENZ_YIL078W,0.0466733056471991,0.0466733056471991
unikp,r_1043_ENZ_YKL194C,0.0,0.0
unikp,r_1045_ENZ_YOR074C,0.0007642433506137,0.0009227796994282
unikp,r_1046_ENZ_YER175C,0.0,0.0
unikp,r_1047_ENZ_YBR003W,0.0,0.0
unikp,r_1048_ENZ_YGR043C_FWD,0.0,0.0
unikp,r_1048_ENZ_YGR043C_REV,0.0,0.0
unikp,r_1048_ENZ_YLR354C_FWD,0.301392398458293,0.3134981923931709
unikp,r_1048_ENZ_YLR354C_REV,0.0,0.0
unikp,r_1049_ENZ_YBR117C_FWD,0.0,0.0
unikp,r_1049_ENZ_YBR117C_REV,0.0,0.0
unikp,r_1049_ENZ_YPR074C_FWD,0.306470302086692,0.3135197572968498
unikp,r_1049_ENZ_YPR074C_REV,0.0,0.0
unikp,r_1050_ENZ_YBR117C_FWD,0.0,0.0
unikp,r_1050_ENZ_YBR117C_REV,0.0,0.0
unikp,r_1050_ENZ_YPR074C_FWD,0.2406860197889166,0.2477602806787705
unikp,r_1050_ENZ_YPR074C_REV,0.0,0.0
unikp,r_1051_ENZ_YBR126C_and_YDR074W_and_YML100W,0.0,0.0294892725575559
unikp,r_1051_ENZ_YBR126C_and_YDR074W_and_YMR261C,0.0,0.029431110750691
unikp,r_1054_ENZ_YDR050C_FWD,6.930093814731582,6.966944395028839
unikp,r_1054_ENZ_YDR050C_REV,0.0,0.0
unikp,r_1055_ENZ_YGL026C,0.0082140007085548,0.0087542182848703
unikp,r_1056_ENZ_YGL202W,0.0,0.0001479638067453
unikp,r_1057_ENZ_YOL097C,0.0069254014868793,0.0069254014868793
unikp,r_1058_ENZ_YDR268W,0.0,0.0
unikp,r_1063_ENZ_YGL202W_FWD,0.0206283402471371,0.0347404247705078
unikp,r_1063_ENZ_YGL202W_REV,0.0,0.0
unikp,r_1065_ENZ_YLR027C,0.0,-0.0
unikp,r_1066_ENZ_YGR185C,0.0248729202062203,0.0248729202062203
unikp,r_1067_ENZ_YPL097W,0.0,0.0
unikp,r_1068_ENZ_YLR189C,0.0,0.0
unikp,r_1069_ENZ_YDL103C_FWD,0.005012162727206,0.005012162727206
unikp,r_1069_ENZ_YDL103C_REV,0.0,0.0
unikp,r_1070_ENZ_YBR019C_FWD,0.0,0.0
unikp,r_1070_ENZ_YBR019C_REV,0.0,0.0
unikp,r_1071_ENZ_YBR018C_FWD,0.0,0.0
unikp,r_1071_ENZ_YBR018C_REV,0.0,1000.0
unikp,r_1072_ENZ_YKL024C,0.0,0.0126791413330675
unikp,r_1073_ENZ_YKL024C,0.0,0.0126817976191633
unikp,r_1074_ENZ_YHR128W,0.0,0.000878878206617
unikp,r_1075_ENZ_YBR208C,0.0,0.000221466349588
unikp,r_1076_ENZ_YIR032C,0.0,0.0
unikp,r_1077_ENZ_YDR020C,0.0,0.0022339304769036
unikp,r_1077_ENZ_YNR012W,0.0,0.0022339304770392
unikp,r_1078_ENZ_YDR020C,0.0,0.0022338130381281
unikp,r_1078_ENZ_YNR012W,0.0,0.0022192930993858
unikp,r_1079_ENZ_YKL024C,0.0,0.0012614410544404
unikp,r_1080_ENZ_YKL024C,0.0,0.0012669032533101
unikp,r_1081_ENZ_YDR047W,0.0,3.633662791811473e-05
unikp,r_1082_ENZ_YKR069W,0.0,0.0
unikp,r_1083_ENZ_YOR278W,0.0,3.657252089788246e-05
unikp,r_1084_ENZ_YHL012W_FWD,0.0,0.3174674846976044
unikp,r_1084_ENZ_YHL012W_REV,0.0,999.6859087148914
unikp,r_1084_ENZ_YKL035W_FWD,0.0,0.3170158432860831
unikp,r_1084_ENZ_YKL035W_REV,0.0,999.6859087148914
unikp,r_1085_ENZ_YBR127C_and_YDL185W_and_YOR332W_and_YHR026W_and_YEL027W_and_YKL080W_and_YLR447C_and_YEL051W_and_YPL234C_and_YMR054W_and_YGR020C_and_YPR036W_and_YHR039C-A_and_YGR106C_and_YCL005W-A,0.0,0.0006360195378745
unikp,r_1085_ENZ_YPR170W-B_and_YBR127C_and_YDL185W_and_YOR332W_and_YHR026W_and_YEL027W_and_YKL080W_and_YLR447C_and_YEL051W_and_YPL234C_and_YMR054W_and_YGR020C_and_YPR036W_and_YHR039C-A_and_YGR106C_and_YCL005W-A,0.0,0.0005323068694819
unikp,r_1086_ENZ_YBR127C_and_YDL185W_and_YEL027W_and_YEL051W_and_YGR020C_and_YHR026W_and_YHR039C-A_and_YKL080W_and_YLR447C_and_YOR270C_and_YOR332W_and_YPL234C_and_YPR036W_and_YGR106C_and_YCL005W-A,0.0,0.0005891997579534
unikp,r_1086_ENZ_YBR127C_and_YDL185W_and_YEL027W_and_YEL051W_and_YGR020C_and_YHR026W_and_YHR039C-A_and_YKL080W_and_YLR447C_and_YOR270C_and_YOR332W_and_YPL234C_and_YPR036W_and_YPR170W-B_and_YGR106C_and_YCL005W-A,0.0,0.0005989900564259
unikp,r_1087_ENZ_YJR148W_FWD,0.0,0.0005943297532873
unikp,r_1087_ENZ_YJR148W_REV,0.0,0.0
unikp,r_1088_ENZ_YHR208W_FWD,0.0,0.0
unikp,r_1088_ENZ_YHR208W_REV,0.0645232845752783,0.0651176050481494
unikp,r_1089_ENZ_YGR094W,0.0645232845752783,0.0645232845752783
unikp,r_1090_ENZ_YGR094W,0.0,0.0
unikp,r_1091_ENZ_YJR133W,0.0,0.0004084905640688
unikp,r_1092_ENZ_YLR070C,0.0,0.0
unikp,r_1093_ENZ_YHR104W,0.0,0.0
unikp,r_1094_ENZ_YGR194C,0.0,0.0
unikp,r_1095_ENZ_YFL001W_FWD,0.0,0.0
unikp,r_1095_ENZ_YFL001W_REV,0.0,0.0
unikp,r_1095_ENZ_YGL063W_FWD,0.0,0.0
unikp,r_1095_ENZ_YGL063W_REV,0.0,0.0
unikp,r_1095_ENZ_YNL292W_FWD,0.0,0.0
unikp,r_1095_ENZ_YNL292W_REV,0.0,0.0
unikp,r_1095_ENZ_YPL212C_FWD,0.0,0.0
unikp,r_1095_ENZ_YPL212C_REV,0.0,0.0
unikp,r_1096_ENZ_YKL217W_FWD,0.0,0.0
unikp,r_1096_ENZ_YKL217W_REV,0.0,0.0004182470344386
unikp,r_1096_ENZ_YNL065W_FWD,0.0,0.0
unikp,r_1096_ENZ_YNL065W_REV,0.0,0.000407394079719
unikp,r_1097_FWD,0.0,0.0186297935324226
unikp,r_1097_REV,0.0,0.0
unikp,r_1098,0.0,0.0003631936572195
unikp,r_1099_ENZ_YOR222W_FWD,0.0,0.0
unikp,r_1099_ENZ_YOR222W_REV,0.0,0.0
unikp,r_1099_ENZ_YPL134C_FWD,0.0697904859917226,0.0699924138073526
unikp,r_1099_ENZ_YPL134C_REV,0.0,0.0
unikp,r_1100_FWD,0.0,0.0
unikp,r_1100_REV,0.0,0.0
unikp,r_1101_ENZ_YDL210W,0.0,0.0
unikp,r_1101_ENZ_YOR348C,0.0,0.0
unikp,r_1102_ENZ_YDL210W,0.0,0.0
unikp,r_1103_FWD,0.0,0.0
unikp,r_1103_REV,0.0,0.0
unikp,r_1104_ENZ_YNR056C_FWD,0.0,0.0
unikp,r_1104_ENZ_YNR056C_REV,0.0,0.0
unikp,r_1106_ENZ_YCR010C_FWD,0.0,0.0040874008006973
unikp,r_1106_ENZ_YCR010C_REV,0.0,0.0
unikp,r_1107,0.0,0.0017668164557519
unikp,r_1108_ENZ_YER056C,0.0,0.0
unikp,r_1108_ENZ_YER060W,0.0,0.0
unikp,r_1108_ENZ_YER060W-A,0.0,0.0
unikp,r_1109_ENZ_YAL022C,0.0,0.0
unikp,r_1110_ENZ_YBL030C_FWD,0.0,0.0
unikp,r_1110_ENZ_YBL030C_REV,0.0,0.0
unikp,r_1110_ENZ_YBR085W_FWD,4.245416342293085,4.312816817752462
unikp,r_1110_ENZ_YBR085W_REV,0.0,0.0
unikp,r_1110_ENZ_YMR056C_FWD,0.0,0.0
unikp,r_1110_ENZ_YMR056C_REV,0.0,0.0
unikp,r_1111_ENZ_YPR128C,0.0,-0.0
unikp,r_1112_ENZ_YMR241W_FWD,0.0,0.0107880556443779
unikp,r_1112_ENZ_YMR241W_REV,0.0,0.0288098161135099
unikp,r_1113_ENZ_YJR152W,0.0,0.0
unikp,r_1114_ENZ_YIR028W,0.0,0.0
unikp,r_1115_ENZ_YDR384C_FWD,1.358391108594047,1.3604425346471942
unikp,r_1115_ENZ_YDR384C_REV,0.0,0.0
unikp,r_1115_ENZ_YGR121C_FWD,0.0,0.0
unikp,r_1115_ENZ_YGR121C_REV,0.0,0.0
unikp,r_1115_ENZ_YNL142W_FWD,0.0,0.0
unikp,r_1115_ENZ_YNL142W_REV,0.0,0.0
unikp,r_1115_ENZ_YPR138C_FWD,0.0,0.0
unikp,r_1115_ENZ_YPR138C_REV,0.0,0.0
unikp,r_1116_ENZ_YPR128C,0.0,0.0006211260059081
unikp,r_1118_ENZ_YPR021C,0.0,-0.0
unikp,r_1119_ENZ_YGR065C,0.0,0.0
unikp,r_1120_ENZ_YOR100C,0.0,0.0007738013366293
unikp,r_1121_FWD,0.0,0.0007905019604543
unikp,r_1121_REV,0.0,0.0
unikp,r_1122_FWD,0.0,0.0008981357036946
unikp,r_1122_REV,0.0,0.0
unikp,r_1123_FWD,0.0,0.0009619525558446
unikp,r_1123_REV,0.0,0.0
unikp,r_1124_FWD,0.0,0.0008882978994413
unikp,r_1124_REV,0.0,0.0
unikp,r_1125_ENZ_YGL077C,0.0,0.0018276811347333
unikp,r_1126_ENZ_YBR291C_FWD,0.0,0.0060551337826242
unikp,r_1126_ENZ_YBR291C_REV,0.0,0.0164136244645415
unikp,r_1127_ENZ_YBR291C_FWD,0.0,0.0
unikp,r_1127_ENZ_YBR291C_REV,0.0642861438361646,0.0661232306023021
unikp,r_1128_ENZ_YBR291C_FWD,0.0,0.0728591859947916
unikp,r_1128_ENZ_YBR291C_REV,0.0,0.0049684623956728
unikp,r_1129_ENZ_YHR002W,0.0464592522582981,0.0473833556346185
unikp,r_1130_ENZ_YBR192W,0.0,0.0006501154359304
unikp,r_1131_ENZ_YBR192W,0.0,0.0006119859037185
unikp,r_1132_ENZ_YAL022C,0.0,0.0
unikp,r_1133_ENZ_YER056C,0.0,0.0
unikp,r_1133_ENZ_YER060W,0.0,0.0
unikp,r_1133_ENZ_YER060W-A,0.0,0.0
unikp,r_1133_ENZ_YGL186C,0.0,0.0
unikp,r_1134_ENZ_YDL245C,0.0,0.0
unikp,r_1134_ENZ_YDR342C,0.0,0.0
unikp,r_1134_ENZ_YDR343C,0.0,0.0
unikp,r_1134_ENZ_YDR345C,0.0,0.0
unikp,r_1134_ENZ_YEL069C,0.0,0.0
unikp,r_1134_ENZ_YFL011W,0.0,0.0
unikp,r_1134_ENZ_YHR092C,0.0,0.0
unikp,r_1134_ENZ_YHR094C,0.0,0.0
unikp,r_1134_ENZ_YHR096C,0.0,0.0
unikp,r_1134_ENZ_YJL214W,0.0,0.0
unikp,r_1134_ENZ_YJL219W,0.0,0.0
unikp,r_1134_ENZ_YJR158W,0.0,0.0
unikp,r_1134_ENZ_YMR011W,0.0,0.0
unikp,r_1134_ENZ_YNR072W,0.0,0.0
unikp,r_1134_ENZ_YOL156W,0.0,0.0
unikp,r_1135_ENZ_YFL011W,0.0,0.0
unikp,r_1135_ENZ_YJL219W,0.0,0.0
unikp,r_1135_ENZ_YLR081W,0.0,0.0
unikp,r_1135_ENZ_YNL318C,0.0,0.0
unikp,r_1135_ENZ_YOL156W,0.0,0.0
unikp,r_1136_ENZ_YKL217W_FWD,0.0,0.0
unikp,r_1136_ENZ_YKL217W_REV,0.0,0.001150686591351
unikp,r_1137,0.8360491271198495,0.8625781288115517
unikp,r_1138_FWD,0.0,0.0
unikp,r_1138_REV,0.8360267464318119,0.8626235312238496
unikp,r_1139_ENZ_YDL245C,0.0,0.0
unikp,r_1139_ENZ_YDR342C,0.0,0.0
unikp,r_1139_ENZ_YDR343C,0.0,0.0
unikp,r_1139_ENZ_YDR345C,0.0,0.0
unikp,r_1139_ENZ_YEL069C,0.0,0.0
unikp,r_1139_ENZ_YFL011W,0.0,0.0
unikp,r_1139_ENZ_YHR094C,0.0,0.0
unikp,r_1139_ENZ_YHR096C,0.0,0.0
unikp,r_1139_ENZ_YJL214W,0.0,0.0
unikp,r_1139_ENZ_YJL219W,0.0,0.0
unikp,r_1139_ENZ_YJR158W,0.0,0.0
unikp,r_1139_ENZ_YNR072W,0.0,0.0
unikp,r_1139_ENZ_YOL156W,0.0,0.0
unikp,r_1146_ENZ_YIL013C_FWD,0.0,0.0
unikp,r_1146_ENZ_YIL013C_REV,0.0,2.4452235877669287e-05
unikp,r_1146_ENZ_YOR011W_FWD,0.0,0.0
unikp,r_1146_ENZ_YOR011W_REV,0.0,2.461200226266079e-05
unikp,r_1147_ENZ_YIL013C_FWD,0.0,0.0
unikp,r_1147_ENZ_YIL013C_REV,0.0,2.7386641294148764e-05
unikp,r_1147_ENZ_YOR011W_FWD,0.0,0.0
unikp,r_1147_ENZ_YOR011W_REV,0.0,2.76007770382055e-05
unikp,r_1148_ENZ_YIL013C_FWD,0.0,0.0
unikp,r_1148_ENZ_YIL013C_REV,0.0,0.0
unikp,r_1148_ENZ_YOR011W_FWD,0.0,0.0
unikp,r_1148_ENZ_YOR011W_REV,0.0,0.0
unikp,r_1149_ENZ_YGL077C_FWD,0.0,0.0
unikp,r_1149_ENZ_YGL077C_REV,0.0,0.0
unikp,r_1151_ENZ_YIL134W,0.0,2.122939171784512e-06
unikp,r_1161_ENZ_YIL013C_FWD,0.0,0.0
unikp,r_1161_ENZ_YIL013C_REV,0.0,2.4365439938637757e-05
unikp,r_1161_ENZ_YOR011W_FWD,0.0,0.0
unikp,r_1161_ENZ_YOR011W_REV,0.0,2.468985088046119e-05
unikp,r_1162_ENZ_YIL013C_FWD,0.0,0.0
unikp,r_1162_ENZ_YIL013C_REV,0.0,0.0
unikp,r_1162_ENZ_YOR011W_FWD,0.0,0.0
unikp,r_1162_ENZ_YOR011W_REV,0.0,0.0
unikp,r_1164_FWD,0.0,0.0
unikp,r_1164_REV,0.0,0.0
unikp,r_1165_ENZ_YGL225W,0.0,0.0022202189119496
unikp,r_1166_ENZ_YDL245C,0.0,0.0
unikp,r_1166_ENZ_YDL247W,0.0,0.0
unikp,r_1166_ENZ_YDR342C,0.0,0.0
unikp,r_1166_ENZ_YDR343C,0.0,0.0
unikp,r_1166_ENZ_YDR345C,0.0,0.0
unikp,r_1166_ENZ_YDR387C,0.0,0.0
unikp,r_1166_ENZ_YDR536W,0.0,0.0
unikp,r_1166_ENZ_YEL069C,0.0,0.0
unikp,r_1166_ENZ_YFL011W,7.827895838257114,7.858284669865855
unikp,r_1166_ENZ_YHR092C,0.0,0.0
unikp,r_1166_ENZ_YHR094C,0.0,0.0
unikp,r_1166_ENZ_YHR096C,0.0,0.0
unikp,r_1166_ENZ_YJL214W,0.0,0.0
unikp,r_1166_ENZ_YJL219W,0.0,0.0
unikp,r_1166_ENZ_YJR158W,0.0,0.0
unikp,r_1166_ENZ_YJR160C,0.0,0.0
unikp,r_1166_ENZ_YLR081W,0.0,0.0
unikp,r_1166_ENZ_YMR011W,0.0,0.0
unikp,r_1166_ENZ_YNR072W,0.0,0.0
unikp,r_1166_ENZ_YOL156W,0.0,0.0
unikp,r_1167_ENZ_YJL212C,0.0,0.0
unikp,r_1168_ENZ_YDR135C_FWD,0.0,0.0
unikp,r_1168_ENZ_YDR135C_REV,0.0,0.0004219868408377
unikp,r_1168_ENZ_YLL015W_FWD,0.0,0.0
unikp,r_1168_ENZ_YLL015W_REV,0.0,0.0004631230467189
unikp,r_1169_ENZ_YCR098C_FWD,0.0,0.0
unikp,r_1169_ENZ_YCR098C_REV,0.0,0.0001935500902845
unikp,r_1170_ENZ_YCR098C_FWD,0.0,0.0
unikp,r_1170_ENZ_YCR098C_REV,0.0,7.675875047852406e-05
unikp,r_1171_ENZ_YDR536W,0.0,0.002132730903523
unikp,r_1171_ENZ_YGL084C,0.0,0.0015860154865807
unikp,r_1171_ENZ_YPL189W,0.0,0.0011638962476316
unikp,r_1172_ENZ_YFL054C,0.0,0.0023053824873251
unikp,r_1172_ENZ_YLL043W,0.0,0.0020185484995476
unikp,r_1173_ENZ_YCL025C_FWD,0.0,0.0
unikp,r_1173_ENZ_YCL025C_REV,0.0,0.0019033358636393
unikp,r_1173_ENZ_YKR039W_FWD,0.0,0.0
unikp,r_1173_ENZ_YKR039W_REV,0.0,0.0021564073986983
unikp,r_1173_ENZ_YOL020W_FWD,0.0,0.0
unikp,r_1173_ENZ_YOL020W_REV,0.0,0.0019169879002787
unikp,r_1173_ENZ_YOR348C_FWD,0.0,0.0
unikp,r_1173_ENZ_YOR348C_REV,0.0,0.0019538932556318
unikp,r_1173_ENZ_YPL265W_FWD,0.0,0.0
unikp,r_1173_ENZ_YPL265W_REV,0.0,0.0020602793805406
unikp,r_1174,0.0,0.0011306557128733
unikp,r_1175_ENZ_YDL198C,0.0,0.0015526056454301
unikp,r_1176_ENZ_YER056C_FWD,0.0,0.0
unikp,r_1176_ENZ_YER056C_REV,0.0,0.0001053036239223
unikp,r_1176_ENZ_YER060W-A_FWD,0.0,0.0
unikp,r_1176_ENZ_YER060W-A_REV,0.0,0.0001057955384586
unikp,r_1176_ENZ_YER060W_FWD,0.0,0.0
unikp,r_1176_ENZ_YER060W_REV,0.0,0.0001053036239223
unikp,r_1177_ENZ_YDR497C,0.0,0.0
unikp,r_1177_ENZ_YOL103W,0.0,0.0
unikp,r_1178_ENZ_YMR058W,0.0,4.2131790557741605e-05
unikp,r_1178_ENZ_YMR319C,0.0,4.313069947761223e-05
unikp,r_1179_ENZ_YJL133W,0.0,3.608172217871991e-05
unikp,r_1179_ENZ_YKR052C,0.0,3.640434762651121e-05
unikp,r_1180,0.0,0.0004273957544529
unikp,r_1181,0.0,0.0003391806738668
unikp,r_1182_FWD,0.0,0.0
unikp,r_1182_REV,0.0,0.0
unikp,r_1183_ENZ_YCL025C_FWD,0.0,0.0
unikp,r_1183_ENZ_YCL025C_REV,0.0,0.0016835061826038
unikp,r_1183_ENZ_YKR039W_FWD,0.0,0.0
unikp,r_1183_ENZ_YKR039W_REV,0.0,0.0018883831164541
unikp,r_1183_ENZ_YOR348C_FWD,0.0,0.0
unikp,r_1183_ENZ_YOR348C_REV,0.0,0.0014494074922423
unikp,r_1183_ENZ_YPL265W_FWD,0.0,0.0
unikp,r_1183_ENZ_YPL265W_REV,0.0,0.0020784892818106
unikp,r_1184_ENZ_YEL063C_FWD,0.0,0.0
unikp,r_1184_ENZ_YEL063C_REV,0.0,0.0001182859577874
unikp,r_1184_ENZ_YKR039W_FWD,0.0,0.0
unikp,r_1184_ENZ_YKR039W_REV,0.0,0.0001179947272164
unikp,r_1184_ENZ_YNL270C_FWD,0.0,0.0
unikp,r_1184_ENZ_YNL270C_REV,0.0,0.0001178577102101
unikp,r_1185_ENZ_YBR293W,0.0,0.0027243594793162
unikp,r_1185_ENZ_YOL092W,0.0,0.0031383066039977
unikp,r_1186_ENZ_YCL025C_FWD,0.0,0.0
unikp,r_1186_ENZ_YCL025C_REV,0.0,0.0004648957732672
unikp,r_1186_ENZ_YDR508C_FWD,0.0,0.0
unikp,r_1186_ENZ_YDR508C_REV,0.0,0.0004653891459522
unikp,r_1186_ENZ_YKR039W_FWD,0.0,0.0
unikp,r_1186_ENZ_YKR039W_REV,0.0,0.0004794445802394
unikp,r_1186_ENZ_YPL265W_FWD,0.0,0.0
unikp,r_1186_ENZ_YPL265W_REV,0.0,0.0004794445651254
unikp,r_1187_ENZ_YJR001W,0.0,0.0024413190963567
unikp,r_1188_ENZ_YKL146W,0.0,0.0024170604096093
unikp,r_1188_ENZ_YNL101W,0.0,0.0024474957358305
unikp,r_1189_ENZ_YER119C,0.0,0.0
unikp,r_1190_ENZ_YFL055W_FWD,0.0,0.0004562138936972
unikp,r_1190_ENZ_YFL055W_REV,0.0,0.0008289182802828
unikp,r_1190_ENZ_YKR039W_FWD,0.0,0.0004730553592452
unikp,r_1190_ENZ_YKR039W_REV,0.0,0.0008519377715865
unikp,r_1190_ENZ_YPL265W_FWD,0.0,0.0004713806594811
unikp,r_1190_ENZ_YPL265W_REV,0.0,0.0008492516318016
unikp,r_1191_ENZ_YBR132C_FWD,0.0,0.0
unikp,r_1191_ENZ_YBR132C_REV,0.0,0.0
unikp,r_1192_ENZ_YBR068C_FWD,0.0,0.0
unikp,r_1192_ENZ_YBR068C_REV,0.0,0.0001791285460523
unikp,r_1192_ENZ_YBR069C_FWD,0.0,0.0
unikp,r_1192_ENZ_YBR069C_REV,0.0,0.0001791285161947
unikp,r_1192_ENZ_YCL025C_FWD,0.0,0.0
unikp,r_1192_ENZ_YCL025C_REV,0.0,0.0001791285061009
unikp,r_1192_ENZ_YDR046C_FWD,0.0,0.0
unikp,r_1192_ENZ_YDR046C_REV,0.0,0.0001795719060405
unikp,r_1192_ENZ_YDR508C_FWD,0.0,0.0
unikp,r_1192_ENZ_YDR508C_REV,0.0,0.0001714916024513
unikp,r_1192_ENZ_YKR039W_FWD,0.0,0.0
unikp,r_1192_ENZ_YKR039W_REV,0.0,0.0001817022144791
unikp,r_1192_ENZ_YOL020W_FWD,0.0,0.0
unikp,r_1192_ENZ_YOL020W_REV,0.0,0.0001817022144791
unikp,r_1193_ENZ_YCR075C,0.0,0.0
unikp,r_1194_ENZ_YPR021C,0.1417166232497698,0.1438523219270867
unikp,r_1195_ENZ_YER119C,0.0,-0.0
unikp,r_1196_ENZ_YCL025C_FWD,0.0,0.0
unikp,r_1196_ENZ_YCL025C_REV,0.0,0.0005985018680996
unikp,r_1196_ENZ_YFL055W_FWD,0.0,0.0
unikp,r_1196_ENZ_YFL055W_REV,0.0,0.0006180592936513
unikp,r_1196_ENZ_YKR039W_FWD,0.0,0.0
unikp,r_1196_ENZ_YKR039W_REV,0.0,0.000636864497711
unikp,r_1196_ENZ_YPL265W_FWD,0.0,0.0
unikp,r_1196_ENZ_YPL265W_REV,0.0,0.0006242789038364
unikp,r_1197_ENZ_YJR001W,0.0,0.0022136472592244
unikp,r_1198_ENZ_YKL146W,0.0,0.0022136472592244
unikp,r_1198_ENZ_YNL101W,0.0,0.002094024417707
unikp,r_1199_ENZ_YCL025C_FWD,0.0,0.0
unikp,r_1199_ENZ_YCL025C_REV,0.0,0.0004576836409316
unikp,r_1199_ENZ_YDR508C_FWD,0.0,0.0
unikp,r_1199_ENZ_YDR508C_REV,0.0,0.0004780059604285
unikp,r_1199_ENZ_YKR039W_FWD,0.0,0.0
unikp,r_1199_ENZ_YKR039W_REV,0.0,0.0004780034730522
unikp,r_1199_ENZ_YPL265W_FWD,0.0,0.0
unikp,r_1199_ENZ_YPL265W_REV,0.0,0.0004816160270411
unikp,r_1200_ENZ_YBR293W,0.0,1000.0
unikp,r_1200_ENZ_YCL069W,0.0,1000.0
unikp,r_1200_ENZ_YMR088C,0.0,1000.0
unikp,r_1200_ENZ_YOL092W,0.0,1000.0
unikp,r_1201_ENZ_YBR069C_FWD,0.0,0.0
unikp,r_1201_ENZ_YBR069C_REV,0.0,0.0001588399567081
unikp,r_1201_ENZ_YGR191W_FWD,0.0,0.0
unikp,r_1201_ENZ_YGR191W_REV,0.0,0.0001663879453677
unikp,r_1201_ENZ_YKR039W_FWD,0.0,0.0
unikp,r_1201_ENZ_YKR039W_REV,0.0,0.0001592062061305
unikp,r_1202_ENZ_YCL038C_FWD,0.0,0.0021940632442241
unikp,r_1202_ENZ_YCL038C_REV,0.0,0.0018135085751631
unikp,r_1203_ENZ_YJR001W,0.0,0.0021996323375445
unikp,r_1204_ENZ_YKL146W,0.0,0.0019524543936026
unikp,r_1204_ENZ_YNL101W,0.0,0.0017777375728807
unikp,r_1205_ENZ_YBR068C_FWD,0.0,0.0
unikp,r_1205_ENZ_YBR068C_REV,0.0,0.0004817286212077
unikp,r_1205_ENZ_YBR069C_FWD,0.0,0.0
unikp,r_1205_ENZ_YBR069C_REV,0.0,0.0005250883792364
unikp,r_1205_ENZ_YCL025C_FWD,0.0,0.0
unikp,r_1205_ENZ_YCL025C_REV,0.0,0.0005411735110174
unikp,r_1205_ENZ_YDR046C_FWD,0.0,0.0
unikp,r_1205_ENZ_YDR046C_REV,0.0,0.000527642800651
unikp,r_1205_ENZ_YKR039W_FWD,0.0,0.0
unikp,r_1205_ENZ_YKR039W_REV,0.0,0.0005483361819582
unikp,r_1206_ENZ_YKL217W_FWD,0.0,0.0
unikp,r_1206_ENZ_YKL217W_REV,0.0,0.0
unikp,r_1207_ENZ_YKL217W,0.0,0.0
unikp,r_1208_ENZ_YCL038C_FWD,0.0,0.002588974299617
unikp,r_1208_ENZ_YCL038C_REV,0.0,0.0017887499407061
unikp,r_1209_ENZ_YJR001W,0.0,0.002588974299617
unikp,r_1210_ENZ_YKL146W,0.0,0.0023092186678051
unikp,r_1210_ENZ_YNL101W,0.0,0.0024412596359476
unikp,r_1211_ENZ_YBR068C_FWD,0.0,0.0
unikp,r_1211_ENZ_YBR068C_REV,0.0,0.0007499522055922
unikp,r_1211_ENZ_YBR069C_FWD,0.0,0.0
unikp,r_1211_ENZ_YBR069C_REV,0.0,0.0007886830705554
unikp,r_1211_ENZ_YCL025C_FWD,0.0,0.0
unikp,r_1211_ENZ_YCL025C_REV,0.0,0.0007787068652423
unikp,r_1211_ENZ_YDR046C_FWD,0.0,0.0
unikp,r_1211_ENZ_YDR046C_REV,0.0,0.000778705624439
unikp,r_1211_ENZ_YDR508C_FWD,0.0,0.0
unikp,r_1211_ENZ_YDR508C_REV,0.0,0.0007677556681884
unikp,r_1211_ENZ_YKR039W_FWD,0.0,0.0
unikp,r_1211_ENZ_YKR039W_REV,0.0,0.0008319450252863
unikp,r_1212_ENZ_YBR293W,0.0,0.0021808564470299
unikp,r_1212_ENZ_YCL069W,0.0,0.0037213219681936
unikp,r_1212_ENZ_YMR088C,0.0,0.0027796982572607
unikp,r_1212_ENZ_YOL092W,0.0,0.003613919998171
unikp,r_1213_ENZ_YKR039W_FWD,0.0,0.0
unikp,r_1213_ENZ_YKR039W_REV,0.0,0.0002050734009865
unikp,r_1213_ENZ_YNL268W_FWD,0.0,0.0
unikp,r_1213_ENZ_YNL268W_REV,0.0,0.000203498904506
unikp,r_1214_ENZ_YBR068C_FWD,0.0,0.0
unikp,r_1214_ENZ_YBR068C_REV,0.0,0.0001713599675275
unikp,r_1214_ENZ_YCL025C_FWD,0.0,0.0
unikp,r_1214_ENZ_YCL025C_REV,0.0,0.0001730306981564
unikp,r_1214_ENZ_YDR046C_FWD,0.0,0.0
unikp,r_1214_ENZ_YDR046C_REV,0.0,0.0001742900558246
unikp,r_1214_ENZ_YDR508C_FWD,0.0,0.0
unikp,r_1214_ENZ_YDR508C_REV,0.0,0.0001686054704556
unikp,r_1214_ENZ_YGR055W_FWD,0.0,0.0
unikp,r_1214_ENZ_YGR055W_REV,0.0,0.0001720231911955
unikp,r_1214_ENZ_YHL036W_FWD,0.0,0.0
unikp,r_1214_ENZ_YHL036W_REV,0.0,0.000172023191596
unikp,r_1214_ENZ_YKR039W_FWD,0.0,0.0
unikp,r_1214_ENZ_YKR039W_REV,0.0,0.0001756279226205
unikp,r_1215_ENZ_YBR068C_FWD,0.0,0.0
unikp,r_1215_ENZ_YBR068C_REV,0.0,0.0002067145299969
unikp,r_1215_ENZ_YCL025C_FWD,0.0,0.0
unikp,r_1215_ENZ_YCL025C_REV,0.0,0.0002121556568914
unikp,r_1215_ENZ_YDR046C_FWD,0.0,0.0
unikp,r_1215_ENZ_YDR046C_REV,0.0,0.0002121539749117
unikp,r_1215_ENZ_YKR039W_FWD,0.0,0.0
unikp,r_1215_ENZ_YKR039W_REV,0.0,0.0002176232658364
unikp,r_1215_ENZ_YOL020W_FWD,0.0,0.0
unikp,r_1215_ENZ_YOL020W_REV,0.0,0.0002112121120564
unikp,r_1216_ENZ_YKR039W_FWD,0.0,0.0
unikp,r_1216_ENZ_YKR039W_REV,0.0,0.0004406505853738
unikp,r_1216_ENZ_YOR348C_FWD,0.0,0.0
unikp,r_1216_ENZ_YOR348C_REV,0.0,0.0004275802385764
unikp,r_1217_ENZ_YCL025C_FWD,0.0,0.0
unikp,r_1217_ENZ_YCL025C_REV,0.0,0.0010477524490498
unikp,r_1217_ENZ_YDR105C_FWD,0.0,0.0
unikp,r_1217_ENZ_YDR105C_REV,0.0,0.0008955610284405
unikp,r_1217_ENZ_YDR508C_FWD,0.0,0.0
unikp,r_1217_ENZ_YDR508C_REV,0.0,0.0009162427161461
unikp,r_1217_ENZ_YFL055W_FWD,0.0,0.0
unikp,r_1217_ENZ_YFL055W_REV,0.0,0.0011140136509613
unikp,r_1217_ENZ_YKR039W_FWD,0.0,0.0
unikp,r_1217_ENZ_YKR039W_REV,0.0,0.0011675847240403
unikp,r_1217_ENZ_YPL265W_FWD,0.0,0.0
unikp,r_1217_ENZ_YPL265W_REV,0.0,0.0011391874852558
unikp,r_1218_ENZ_YCL025C_FWD,0.0,0.0
unikp,r_1218_ENZ_YCL025C_REV,0.0,0.0004361974301271
unikp,r_1218_ENZ_YDR508C_FWD,0.0,0.0
unikp,r_1218_ENZ_YDR508C_REV,0.0,0.000427355710726
unikp,r_1218_ENZ_YKR039W_FWD,0.0,0.0
unikp,r_1218_ENZ_YKR039W_REV,0.0,0.0004547394878433
unikp,r_1219_ENZ_YBR068C_FWD,0.0,0.0
unikp,r_1219_ENZ_YBR068C_REV,0.0,0.0001425341105655
unikp,r_1219_ENZ_YBR069C_FWD,0.0,0.0
unikp,r_1219_ENZ_YBR069C_REV,0.0,0.0001425687220244
unikp,r_1219_ENZ_YDR046C_FWD,0.0,0.0
unikp,r_1219_ENZ_YDR046C_REV,0.0,0.0001425685935459
unikp,r_1219_ENZ_YKR039W_FWD,0.0,0.0
unikp,r_1219_ENZ_YKR039W_REV,0.0,0.0001425684650674
unikp,r_1219_ENZ_YOL020W_FWD,0.0,0.0
unikp,r_1219_ENZ_YOL020W_REV,0.0,0.0001425684159754
unikp,r_1220_ENZ_YCL038C_FWD,0.0,0.0017768945884306
unikp,r_1220_ENZ_YCL038C_REV,0.0,0.0014565031679237
unikp,r_1221_ENZ_YBR293W,0.0,0.0019136474393644
unikp,r_1221_ENZ_YJR001W,0.0,0.0015497014757495
unikp,r_1222_ENZ_YKL146W,0.0,0.0015381624357406
unikp,r_1222_ENZ_YNL101W,0.0,0.0019045133937639
unikp,r_1223_ENZ_YBR068C_FWD,0.0,0.0
unikp,r_1223_ENZ_YBR068C_REV,0.0,0.0002121072185526
unikp,r_1223_ENZ_YBR069C_FWD,0.0,0.0
unikp,r_1223_ENZ_YBR069C_REV,0.0,0.000217813849057
unikp,r_1223_ENZ_YCL025C_FWD,0.0,0.0
unikp,r_1223_ENZ_YCL025C_REV,0.0,0.0002140945353203
unikp,r_1223_ENZ_YDR046C_FWD,0.0,0.0
unikp,r_1223_ENZ_YDR046C_REV,0.0,0.0002140946353417
unikp,r_1223_ENZ_YKR039W_FWD,0.0,0.0
unikp,r_1223_ENZ_YKR039W_REV,0.0,0.0002227905759504
unikp,r_1223_ENZ_YOL020W_FWD,0.0,0.0
unikp,r_1223_ENZ_YOL020W_REV,0.0,0.0002185874642828
unikp,r_1224_ENZ_YBR068C_FWD,0.0,0.0
unikp,r_1224_ENZ_YBR068C_REV,0.0,0.0004691184730705
unikp,r_1224_ENZ_YBR069C_FWD,0.0,0.0
unikp,r_1224_ENZ_YBR069C_REV,0.0,0.0004918862047186
unikp,r_1224_ENZ_YCL025C_FWD,0.0,0.0
unikp,r_1224_ENZ_YCL025C_REV,0.0,0.0005015512472354
unikp,r_1224_ENZ_YDR046C_FWD,0.0,0.0
unikp,r_1224_ENZ_YDR046C_REV,0.0,0.0005047639812618
unikp,r_1224_ENZ_YKR039W_FWD,0.0,0.0
unikp,r_1224_ENZ_YKR039W_REV,0.0,0.0005373616251833
unikp,r_1225_ENZ_YIL013C_FWD,0.0,0.0
unikp,r_1225_ENZ_YIL013C_REV,0.0,3.218413185231833e-05
unikp,r_1225_ENZ_YOR011W_FWD,0.0,0.0
unikp,r_1225_ENZ_YOR011W_REV,0.0,3.28980922236384e-05
unikp,r_1226_ENZ_YLR348C,0.0,0.0013677497016104
unikp,r_1227_ENZ_YBR298C,0.0,0.0
unikp,r_1227_ENZ_YDL247W,0.0,0.0
unikp,r_1227_ENZ_YGR289C,0.0,0.0
unikp,r_1227_ENZ_YJR160C,0.0,0.0
unikp,r_1228_ENZ_YBR180W,0.0,8.381230599537742e-05
unikp,r_1229_ENZ_YEL006W,0.0,0.0
unikp,r_1229_ENZ_YIL006W,0.0,0.0
unikp,r_1230_ENZ_YIL006W,0.0,-0.0
unikp,r_1231_ENZ_YIL006W,0.0,0.0
unikp,r_1232_ENZ_YIL006W,0.0,-0.0
unikp,r_1235_ENZ_YGR260W_FWD,0.0,0.0
unikp,r_1235_ENZ_YGR260W_REV,0.0,2.5474779692455025e-07
unikp,r_1236_ENZ_YKL188C_and_YPL147W_FWD,0.0,0.0001992489658007
unikp,r_1236_ENZ_YKL188C_and_YPL147W_REV,0.0,0.0002173260507714
unikp,r_1237_ENZ_YOR130C,0.039187041049258,0.0396641714775257
unikp,r_1238_ENZ_YKR039W_FWD,0.0,0.0
unikp,r_1238_ENZ_YKR039W_REV,0.0,0.0002250682411865
unikp,r_1239_ENZ_YKL120W,0.0,0.0015329659238361
unikp,r_1241_ENZ_YCR028C_FWD,0.0,0.0
unikp,r_1241_ENZ_YCR028C_REV,0.0,0.0001395167109736
unikp,r_1242_FWD,0.0,0.0
unikp,r_1242_REV,0.0,0.0
unikp,r_1243,0.0,0.0001682692648381
unikp,r_1244_ENZ_YBR296C_FWD,1.0561460488279513,1.070605046688458
unikp,r_1244_ENZ_YBR296C_REV,0.0,0.0
unikp,r_1244_ENZ_YCR037C_FWD,0.0,0.0
unikp,r_1244_ENZ_YCR037C_REV,0.0,0.0
unikp,r_1244_ENZ_YJL198W_FWD,0.0,0.0
unikp,r_1244_ENZ_YJL198W_REV,0.0,0.0
unikp,r_1244_ENZ_YML123C_FWD,0.0,0.0
unikp,r_1244_ENZ_YML123C_REV,0.0,0.0
unikp,r_1244_ENZ_YNR013C_FWD,0.0,0.0
unikp,r_1244_ENZ_YNR013C_REV,0.0,0.0
unikp,r_1245_ENZ_YER053C,0.0,0.0
unikp,r_1245_ENZ_YJR077C,1.167533899126834,1.2349835579657835
unikp,r_1249_ENZ_YDR456W_FWD,0.0,0.0007706135152387
unikp,r_1249_ENZ_YDR456W_REV,0.0,0.0
unikp,r_1249_ENZ_YJL129C_FWD,0.0,0.000770612125985
unikp,r_1249_ENZ_YJL129C_REV,0.0,0.0
unikp,r_1250_ENZ_YKL174C,0.0,0.0
unikp,r_1251_ENZ_YLL028W_FWD,0.0,0.0
unikp,r_1251_ENZ_YLL028W_REV,0.0,0.0001992251851279
unikp,r_1251_ENZ_YOR273C_FWD,0.0,0.0
unikp,r_1251_ENZ_YOR273C_REV,0.0,0.0001956311252804
unikp,r_1252_ENZ_YLL028W_FWD,0.0,0.0
unikp,r_1252_ENZ_YLL028W_REV,0.0,0.0
unikp,r_1252_ENZ_YOR273C_FWD,0.0,0.0
unikp,r_1252_ENZ_YOR273C_REV,0.0,0.0
unikp,r_1253_ENZ_YGL186C_FWD,0.0,0.0
unikp,r_1253_ENZ_YGL186C_REV,0.0,0.0
unikp,r_1254_ENZ_YKL217W_FWD,0.0,0.0
unikp,r_1254_ENZ_YKL217W_REV,0.0,0.0100759956072439
unikp,r_1255_ENZ_YPL274W,0.0,0.0
unikp,r_1256_ENZ_YNL003C_FWD,0.0,0.0
unikp,r_1256_ENZ_YNL003C_REV,0.0,0.0
unikp,r_1257_ENZ_YLL061W,0.0,0.0
unikp,r_1258_ENZ_YDR456W_FWD,0.0,0.0
unikp,r_1258_ENZ_YDR456W_REV,0.0,0.0032524614832145
unikp,r_1258_ENZ_YLR138W_FWD,0.0,0.0
unikp,r_1258_ENZ_YLR138W_REV,0.0,0.0033208640017711
unikp,r_1259_ENZ_YKL174C,0.0,0.0
unikp,r_1260_ENZ_YBR132C_FWD,0.0,0.0
unikp,r_1260_ENZ_YBR132C_REV,0.0,9.894520096716264e-05
unikp,r_1260_ENZ_YHL016C_FWD,0.0,0.0
unikp,r_1260_ENZ_YHL016C_REV,0.0,0.0001066892588974
unikp,r_1260_ENZ_YKR039W_FWD,0.0,0.0
unikp,r_1260_ENZ_YKR039W_REV,0.0,0.0001073612061489
unikp,r_1260_ENZ_YLL028W_FWD,0.0,0.0
unikp,r_1260_ENZ_YLL028W_REV,0.0,0.00010736120615
unikp,r_1260_ENZ_YOR273C_FWD,0.0,0.0
unikp,r_1260_ENZ_YOR273C_REV,0.0,0.0001063547784333
unikp,r_1260_ENZ_YPL274W_FWD,0.0,0.0
unikp,r_1260_ENZ_YPL274W_REV,0.0,0.000106354878444
unikp,r_1261_ENZ_YLL028W_FWD,0.0,0.0
unikp,r_1261_ENZ_YLL028W_REV,0.0,0.0
unikp,r_1261_ENZ_YOR273C_FWD,0.0,0.0
unikp,r_1261_ENZ_YOR273C_REV,0.0,0.0
unikp,r_1262_ENZ_YGR138C_FWD,0.0,0.0
unikp,r_1262_ENZ_YGR138C_REV,0.0,7.258195064428763e-05
unikp,r_1262_ENZ_YLL028W_FWD,0.0,0.0
unikp,r_1262_ENZ_YLL028W_REV,0.0,7.277460107979472e-05
unikp,r_1262_ENZ_YOR273C_FWD,0.0,0.0
unikp,r_1262_ENZ_YOR273C_REV,0.0,7.277470108713047e-05
unikp,r_1262_ENZ_YPR156C_FWD,0.0,0.0
unikp,r_1262_ENZ_YPR156C_REV,0.0,7.30789170774182e-05
unikp,r_1263_ENZ_YGR138C_FWD,0.0,0.0
unikp,r_1263_ENZ_YGR138C_REV,0.0,0.0
unikp,r_1263_ENZ_YLL028W_FWD,0.0,0.0
unikp,r_1263_ENZ_YLL028W_REV,0.0,0.0
unikp,r_1263_ENZ_YOR273C_FWD,0.0,0.0
unikp,r_1263_ENZ_YOR273C_REV,0.0,0.0
unikp,r_1263_ENZ_YPR156C_FWD,0.0,0.0
unikp,r_1263_ENZ_YPR156C_REV,0.0,0.0
unikp,r_1264_ENZ_YLR348C,0.0,0.0014896181850514
unikp,r_1265_ENZ_YJR095W,0.0205173891297136,0.0293777463538248
unikp,r_1266_ENZ_YBR294W,0.0182593277782397,0.0187119978051274
unikp,r_1266_ENZ_YLR092W,0.0,0.0
unikp,r_1267_ENZ_YPL092W,0.0,0.0004552586215106
unikp,r_1268_FWD,0.0,0.0
unikp,r_1268_REV,0.0,0.0
unikp,r_1269_ENZ_YGR096W,0.0,0.0
unikp,r_1270_ENZ_YLR237W,0.0,0.0
unikp,r_1270_ENZ_YOR071C,0.0,0.0
unikp,r_1270_ENZ_YOR192C,0.0,0.0
unikp,r_1271_ENZ_YPL244C,0.0,0.0
unikp,r_1272_ENZ_YBR021W,0.0,0.0
unikp,r_1273_ENZ_YHL016C_FWD,0.0,0.0
unikp,r_1273_ENZ_YHL016C_REV,0.0,0.0002773581811611
unikp,r_1274_ENZ_YBL042C,0.0,0.0
unikp,r_1275_ENZ_YBR192W,0.0,0.0
unikp,r_1276_ENZ_YBR192W,0.0,0.0
unikp,r_1277_ENZ_YLL052C_FWD,0.0,0.0
unikp,r_1277_ENZ_YLL052C_REV,6.287202118819779,6.315896559419041
unikp,r_1277_ENZ_YPR192W_FWD,0.0,0.0
unikp,r_1277_ENZ_YPR192W_REV,0.0,0.0
unikp,r_1278_ENZ_YIL013C_FWD,0.0,0.0
unikp,r_1278_ENZ_YIL013C_REV,0.0,2.875305978196352e-05
unikp,r_1278_ENZ_YOR011W_FWD,0.0,0.0
unikp,r_1278_ENZ_YOR011W_REV,0.0,2.9146641903643813e-05
unikp,r_1449,0.0,0.0
unikp,r_1450,0.0,0.0
unikp,r_1451,0.0,0.0
unikp,r_1452,0.0,0.0
unikp,r_1453,0.0,0.0
unikp,r_1454,0.0,0.0
unikp,r_1455,0.0,0.0
unikp,r_1456,0.0,0.0
unikp,r_1457,0.0,0.0
unikp,r_1458,0.0,0.0
unikp,r_1479,0.0,0.0
unikp,r_1480,0.0,0.0
unikp,r_1481,0.0,0.0
unikp,r_1482,0.0,0.0
unikp,r_1483,0.0,0.0
unikp,r_1484,0.0,0.0
unikp,r_1485,0.0,0.0
unikp,r_1486,0.0,0.0
unikp,r_1487,0.0,0.0
unikp,r_1488,0.0,0.0
unikp,r_1509,0.0,0.0
unikp,r_1510,0.0,0.0
unikp,r_1511,0.0,0.0
unikp,r_1512,0.0,0.0
unikp,r_1513,0.0,0.0
unikp,r_1514,0.0,0.0
unikp,r_1515,0.0,0.0
unikp,r_1516,0.0,0.0
unikp,r_1517,0.0,0.0
unikp,r_1518,0.0,0.0
unikp,r_1542,0.0,0.0
unikp,r_1543_FWD,0.0,0.0
unikp,r_1543_REV,0.0,0.0
unikp,r_1545,0.0,0.0
unikp,r_1546,0.0,0.0011533820325615
unikp,r_1547,0.0,0.0004140328178836
unikp,r_1548,0.0,0.0001392846582157
unikp,r_1549,0.0,0.0185888666521303
unikp,r_1550,0.0,0.0005869257759318
unikp,r_1551,0.0,0.0
unikp,r_1552,0.0,0.0009645374151873
unikp,r_1553,0.0,0.0001935963326994
unikp,r_1554,0.0,-0.0
unikp,r_1560_FWD,0.0,0.0003961737065923
unikp,r_1560_REV,0.0,0.0
unikp,r_1562_FWD,0.0,0.0009619129035123
unikp,r_1562_REV,0.0,0.0
unikp,r_1563,0.0,0.0
unikp,r_1564,0.0,0.0
unikp,r_1565,0.0,0.0
unikp,r_1566,0.0,0.0
unikp,r_1567_FWD,0.0,0.0
unikp,r_1567_REV,0.0642864342367477,0.0661193226321271
unikp,r_1568_FWD,0.0,0.0
unikp,r_1568_REV,4.033506771766726e-05,0.0001795555765576
unikp,r_1572,0.0,0.0008473652017494
unikp,r_1573_FWD,0.0,0.0008473652018488
unikp,r_1573_REV,0.0,0.0
unikp,r_1574_ENZ_YKL120W_FWD,0.0,0.0
unikp,r_1574_ENZ_YKL120W_REV,0.0717780328783601,0.0733324200305322
unikp,r_1575_FWD,0.0,0.0006660238774582
unikp,r_1575_REV,0.0,0.0
unikp,r_1576_FWD,0.0,0.0
unikp,r_1576_REV,0.0,0.0006563103996583
unikp,r_1577,0.0,0.0006453441824435
unikp,r_1578_FWD,0.0,0.0006456472701188
unikp,r_1578_REV,0.0,0.0
unikp,r_1579_FWD,0.0,0.0006563103996583
unikp,r_1579_REV,0.0,0.0
unikp,r_1580,0.0,0.0006649006457562
unikp,r_1581,0.0,0.0003631936572195
unikp,r_1582_FWD,0.0,0.0005797995013223
unikp,r_1582_REV,0.0,0.0
unikp,r_1583_FWD,0.0,0.0005887715796801
unikp,r_1583_REV,0.0,0.0
unikp,r_1585_ENZ_YKL217W_FWD,0.0462199598389263,0.0476497928600244
unikp,r_1585_ENZ_YKL217W_REV,0.0,0.0
unikp,r_1585_ENZ_YNL065W_FWD,0.0,0.0
unikp,r_1585_ENZ_YNL065W_REV,0.0,0.0
unikp,r_1586,0.0,0.0006644576116727
unikp,r_1587_FWD,0.0,0.0
unikp,r_1587_REV,0.0,0.0
unikp,r_1588_FWD,0.0,1000.0
unikp,r_1588_REV,0.0,1000.0
unikp,r_1589,0.0,0.000214543419686
unikp,r_1590_FWD,0.0,0.0
unikp,r_1590_REV,0.0,0.000214543419686
unikp,r_1591_FWD,0.0,0.0002129664364764
unikp,r_1591_REV,0.0,0.0
unikp,r_1595_FWD,0.0,0.0
unikp,r_1595_REV,0.0,0.0
unikp,r_1596_FWD,0.0,0.0
unikp,r_1596_REV,0.0461835760914374,0.0476516216540455
unikp,r_1597_FWD,0.0,0.0
unikp,r_1597_REV,0.0,0.0005869575914491
unikp,r_1598,0.0,0.0010068296404955
unikp,r_1599_FWD,0.0,0.0010068297405965
unikp,r_1599_REV,0.0,0.0
unikp,r_1600_FWD,0.0,0.0010342609186347
unikp,r_1600_REV,0.0,0.0
unikp,r_1601_FWD,0.0,0.0
unikp,r_1601_REV,0.0,0.0
unikp,r_1603_ENZ_YFL058W,0.0,2.5474779692455025e-07
unikp,r_1604,0.0,0.0001670850913876
unikp,r_1605_FWD,0.0,0.0001673246696274
unikp,r_1605_REV,0.0,2.2304993138946852e-14
unikp,r_1606_FWD,1.3459175335208544e-05,1.3459175335208544e-05
unikp,r_1606_REV,0.0,0.0
unikp,r_1607_FWD,0.0,0.0024828806315313
unikp,r_1607_REV,0.0,0.0
unikp,r_1608_FWD,0.0,0.0
unikp,r_1608_REV,0.0,0.0024853423838879
unikp,r_1609_FWD,0.0,0.0
unikp,r_1609_REV,0.0,0.0
unikp,r_1610_FWD,0.0,0.0
unikp,r_1610_REV,0.0,0.0
unikp,r_1611_FWD,0.0,0.0
unikp,r_1611_REV,0.0,0.0
unikp,r_1613,0.0,0.0018865010747227
unikp,r_1614_ENZ_YBR242W,0.0,0.0
unikp,r_1614_ENZ_YGL101W,0.0,0.0
unikp,r_1615_ENZ_YBR242W,0.0,0.0017642677926908
unikp,r_1615_ENZ_YGL101W,0.0,0.001494631683646
unikp,r_1616_ENZ_YBR242W,0.0,0.0
unikp,r_1616_ENZ_YGL101W,0.0,0.0
unikp,r_1617_ENZ_YBR242W,0.0,0.0022203501364694
unikp,r_1617_ENZ_YGL101W,0.0,0.0022203501364694
unikp,r_1618,0.0,0.0022187220188607
unikp,r_1619_ENZ_YER037W,0.0,0.0022222997505161
unikp,r_1620,0.0,0.0
unikp,r_1621,0.0,0.0
unikp,r_1622_FWD,0.0,0.0
unikp,r_1622_REV,0.0,0.0002905139489239
unikp,r_1623_ENZ_YER183C,0.0,0.0035382748799127
unikp,r_1624_ENZ_YER183C,0.0,0.0
unikp,r_1625,0.0,0.0
unikp,r_1627,0.0,0.0
unikp,r_1628_FWD,0.0,0.0
unikp,r_1628_REV,0.0,0.0
unikp,r_1629,0.0,0.0
unikp,r_1630,0.0,0.0001080919635959
unikp,r_1631,0.0,0.0220512328217221
unikp,r_1632_FWD,0.0,0.0
unikp,r_1632_REV,0.0,0.0447359598067595
unikp,r_1633_FWD,0.0,0.0
unikp,r_1633_REV,0.0,0.0232054678348899
unikp,r_1634,0.0,0.004048767289073
unikp,r_1635_FWD,0.0,0.0
unikp,r_1635_REV,0.0,0.0
unikp,r_1637_FWD,0.0,0.0
unikp,r_1637_REV,0.0,0.0
unikp,r_1638,0.0,0.0003438312353483
unikp,r_1639,0.0,0.0
unikp,r_1640_FWD,0.0,0.0
unikp,r_1640_REV,0.0,0.0
unikp,r_1641,0.0,9.401226361945882e-05
unikp,r_1642_ENZ_YPR011C_FWD,0.0,0.0
unikp,r_1642_ENZ_YPR011C_REV,0.0,0.0003644026377039
unikp,r_1643,0.0,0.0
unikp,r_1644_FWD,0.0,0.0
unikp,r_1644_REV,0.0,0.0129769649156102
unikp,r_1645_FWD,0.0,0.0
unikp,r_1645_REV,0.0,0.000850502655898
unikp,r_1647_FWD,0.0,0.0
unikp,r_1647_REV,0.0,0.0003571446459558
unikp,r_1648,0.0,0.0
unikp,r_1649,0.0,0.0
unikp,r_1650,0.0,0.0004775197181982
unikp,r_1651,0.0,0.0005335963667736
unikp,r_1652_FWD,0.0,1000.0
unikp,r_1652_REV,0.0,1000.0
unikp,r_1654_FWD,0.0,0.0
unikp,r_1654_REV,1.358373248901272,1.3605411870875492
unikp,r_1656_FWD,0.0,0.0
unikp,r_1656_REV,0.0,0.0
unikp,r_1657_ENZ_YBR147W,0.0,0.0
unikp,r_1658_ENZ_YDR508C,0.0,0.0
unikp,r_1659_FWD,0.0,6.971259699953692e-05
unikp,r_1659_REV,0.0,0.00035622790251
unikp,r_1660_FWD,0.0,0.0129769649156102
unikp,r_1660_REV,0.0,0.0
unikp,r_1661_FWD,0.0,0.0008574589649241
unikp,r_1661_REV,0.0,0.0
unikp,r_1663,0.0,0.0
unikp,r_1664_FWD,0.0,0.0
unikp,r_1664_REV,0.0,0.0
unikp,r_1665_FWD,0.0,10.938820275911196
unikp,r_1665_REV,0.0,38.5935027746724
unikp,r_1667_ENZ_YNL036W_FWD,0.0,39.4263918905265
unikp,r_1667_ENZ_YNL036W_REV,0.0,10.11296504091355
unikp,r_1668_FWD,0.0,0.0
unikp,r_1668_REV,0.0,0.0
unikp,r_1669_FWD,0.0,38.50540540571227
unikp,r_1669_REV,0.0,10.99912447653596
unikp,r_1671,0.0,0.0
unikp,r_1672,14.15700782535002,14.205836884780588
unikp,r_1673,0.0,0.0003438312353483
unikp,r_1674,0.0,0.000344981423676
unikp,r_1675_FWD,0.0,0.0
unikp,r_1675_REV,0.0,0.0
unikp,r_1676_FWD,0.0,0.0
unikp,r_1676_REV,0.0,0.0008808902446518
unikp,r_1677_FWD,0.0,0.0
unikp,r_1677_REV,0.0,0.0008631388895088
unikp,r_1678_FWD,0.0,0.0
unikp,r_1678_REV,0.0,0.0008668360739662
unikp,r_1679_FWD,0.0,0.0
unikp,r_1679_REV,0.0,0.0008413984481732
unikp,r_1680_FWD,0.0,0.0
unikp,r_1680_REV,0.0,0.000708605409027
unikp,r_1681_FWD,0.0,0.0
unikp,r_1681_REV,0.0,0.0008528706930832
unikp,r_1682,0.0076866288479965,0.0078862249822268
unikp,r_1683,0.0,0.0001054842692051
unikp,r_1684_ENZ_YGL077C_FWD,0.0,0.0004706566085935
unikp,r_1684_ENZ_YGL077C_REV,0.0,0.0
unikp,r_1684_ENZ_YOR161C_FWD,0.0,0.0004616601215937
unikp,r_1684_ENZ_YOR161C_REV,0.0,0.0
unikp,r_1685,0.0,0.0
unikp,r_1686_FWD,0.0,0.0
unikp,r_1686_REV,0.0,0.000640882120249
unikp,r_1687,0.0,0.0006432236197058
unikp,r_1688_FWD,0.0,0.0
unikp,r_1688_REV,0.0,6.959977041807032e-05
unikp,r_1689_FWD,0.0,0.0004270335221988
unikp,r_1689_REV,0.0,6.313439996593191e-05
unikp,r_1690,0.0,0.0010661697136251
unikp,r_1691_FWD,0.0,0.0
unikp,r_1691_REV,0.0,0.0
unikp,r_1694_FWD,0.0,38.52399451870627
unikp,r_1694_REV,0.0,10.99788403962383
unikp,r_1695_FWD,0.0,0.0
unikp,r_1695_REV,0.0,6.95865984604185e-05
unikp,r_1696_FWD,0.0,0.0
unikp,r_1696_REV,1.0837952508664668,1.1253413428791017
unikp,r_1697_FWD,14.156972012770064,14.206412927561104
unikp,r_1697_REV,0.0,0.0
unikp,r_1698_FWD,0.0,0.0
unikp,r_1698_REV,0.0,0.0006450953001342
unikp,r_1699_FWD,0.0,0.0
unikp,r_1699_REV,0.0,0.0
unikp,r_1700_FWD,0.0,0.0003126829097101
unikp,r_1700_REV,0.0,0.0004569892586073
unikp,r_1702,0.0,0.0
unikp,r_1703_ENZ_YKL024C,0.0027199876294978,0.0050734893529546
unikp,r_1704_ENZ_YKL024C_FWD,0.0,0.0006922364416974
unikp,r_1704_ENZ_YKL024C_REV,0.0,0.0014320015410031
unikp,r_1705,0.0,0.0
unikp,r_1706,0.0,-0.0
unikp,r_1707_ENZ_YDR342C_FWD,0.0,0.0
unikp,r_1707_ENZ_YDR342C_REV,0.0,0.0
unikp,r_1707_ENZ_YHR092C_FWD,0.0,0.0
unikp,r_1707_ENZ_YHR092C_REV,0.0,0.0
unikp,r_1708_FWD,0.0642923980951901,0.0661241555605016
unikp,r_1708_REV,0.0,0.0
unikp,r_1709,0.0,0.0
unikp,r_1710,0.0,0.0
unikp,r_1711,0.0,0.0
unikp,r_1712,0.0,0.0
unikp,r_1713_FWD,0.0,0.0
unikp,r_1713_REV,0.0,0.0005327259039068
unikp,r_1714_FWD,0.0,0.0
unikp,r_1714_REV,7.827979222786749,7.8582846168324
unikp,r_1715,0.0,0.0
unikp,r_1716,0.0,0.0
unikp,r_1717_ENZ_YDL245C_FWD,0.0,0.0
unikp,r_1717_ENZ_YDL245C_REV,0.0,0.0
unikp,r_1717_ENZ_YEL069C_FWD,0.0,0.0
unikp,r_1717_ENZ_YEL069C_REV,0.0,0.0
unikp,r_1717_ENZ_YJR158W_FWD,0.0,0.0
unikp,r_1717_ENZ_YJR158W_REV,0.0,0.0
unikp,r_1717_ENZ_YNR072W_FWD,0.0,0.0
unikp,r_1717_ENZ_YNR072W_REV,0.0,0.0
unikp,r_1718,0.0,0.0
unikp,r_1719_ENZ_YHR092C_FWD,0.0,0.0
unikp,r_1719_ENZ_YHR092C_REV,0.0,0.0
unikp,r_1720_FWD,0.0,0.0
unikp,r_1720_REV,0.0,0.0
unikp,r_1721_FWD,0.0,0.0
unikp,r_1721_REV,0.0,0.0
unikp,r_1722,0.0,0.0004747101541544
unikp,r_1723,0.0,0.0
unikp,r_1724,0.0,0.0006026758577487
unikp,r_1725,0.0,0.0
unikp,r_1726_FWD,0.0,0.0
unikp,r_1726_REV,0.0,0.0
unikp,r_1727,0.0,5.7020307470055424e-05
unikp,r_1728,0.0,0.0
unikp,r_1729_ENZ_YDL166C_FWD,0.0,0.0004468158489556
unikp,r_1729_ENZ_YDL166C_REV,0.0,0.0007642433506137
unikp,r_1730,0.0,0.0
unikp,r_1731,0.0,0.0
unikp,r_1732,0.0,0.0
unikp,r_1733,0.0,0.0
unikp,r_1734,0.0,0.0022195207348518
unikp,r_1735_ENZ_YBL042C,0.0,0.0
unikp,r_1736_ENZ_YDR196C,0.0,0.0004149907406443
unikp,r_1737_FWD,0.0,0.0
unikp,r_1737_REV,0.0,0.0
unikp,r_1738_FWD,1.3459175335205076e-05,1.3459845761929911e-05
unikp,r_1738_REV,0.0,0.0
unikp,r_1739_ENZ_YDR071C,0.0,0.0
unikp,r_1743_FWD,0.0,0.0
unikp,r_1743_REV,0.0,0.0
unikp,r_1744,0.0,1.3459242460010986e-05
unikp,r_1745_FWD,0.0,0.0
unikp,r_1745_REV,1.3459242460010986e-05,1.3459242460010986e-05
unikp,r_1746_FWD,0.0,0.0080755523456866
unikp,r_1746_REV,0.0,0.014432083360374
unikp,r_1747_FWD,0.0,0.0
unikp,r_1747_REV,0.0,0.0006209753824639
unikp,r_1748_FWD,0.0,0.0
unikp,r_1748_REV,0.1490359475225633,0.1490359475225633
unikp,r_1749,0.0,0.0001276720743504
unikp,r_1750_FWD,0.0,0.0
unikp,r_1750_REV,0.0,0.0001276720743504
unikp,r_1751_FWD,0.0,0.0
unikp,r_1751_REV,0.0,0.0013964495536579
unikp,r_1752_FWD,0.0,0.0013964495536579
unikp,r_1752_REV,0.0,0.0
unikp,r_1753,0.0,2.4608879637157133e-05
unikp,r_1754_FWD,0.0078287036168589,0.0078865229145841
unikp,r_1754_REV,0.0,0.0
unikp,r_1757,0.0,2.763403812567136e-05
unikp,r_1758_FWD,0.0,1000.0
unikp,r_1758_REV,0.0,999.9929445016786
unikp,r_1759_FWD,0.0,0.0
unikp,r_1759_REV,0.0,0.0004821281827054
unikp,r_1761,12.060076910577592,12.142022929387457
unikp,r_1762_FWD,12.060122055616926,12.141716748914984
unikp,r_1762_REV,0.0,0.0
unikp,r_1763_FWD,0.0,0.0017632320731978
unikp,r_1763_REV,0.0,0.0448461467819515
unikp,r_1764,0.0,0.0
unikp,r_1765,0.0,0.0017713159117531
unikp,r_1766_FWD,0.0,3.625476037300707e-05
unikp,r_1766_REV,0.0,0.0
unikp,r_1770_ENZ_YBR041W_FWD,0.0,0.0
unikp,r_1770_ENZ_YBR041W_REV,0.0,5.705407955288594e-05
unikp,r_1771_ENZ_YKL188C_and_YPL147W_FWD,0.0,0.0
unikp,r_1771_ENZ_YKL188C_and_YPL147W_REV,0.0,0.0002010614397989
unikp,r_1772_ENZ_YKL188C_and_YPL147W_FWD,0.0,0.0001726978447623
unikp,r_1772_ENZ_YKL188C_and_YPL147W_REV,0.0,0.0002450286677085
unikp,r_1774_ENZ_YKL188C_and_YPL147W_FWD,0.0,0.0001974411552435
unikp,r_1774_ENZ_YKL188C_and_YPL147W_REV,0.0,0.0002596731484238
unikp,r_1775_ENZ_YBR041W_FWD,0.0,6.12311047156755e-05
unikp,r_1775_ENZ_YBR041W_REV,0.0,0.0002956780675088
unikp,r_1776_FWD,0.0,0.0
unikp,r_1776_REV,0.0,6.061459421689867e-05
unikp,r_1777_FWD,0.0,0.0
unikp,r_1777_REV,0.0,5.6579691119455e-05
unikp,r_1788,0.0,2.4718944568312418e-05
unikp,r_1790_ENZ_YDL045C,0.0,2.122939171784512e-06
unikp,r_1791,0.0,0.0
unikp,r_1792,0.0,-0.0
unikp,r_1793,0.0,0.002802149597208
unikp,r_1794,0.0,0.0025208147099662
unikp,r_1795_ENZ_YNL065W_FWD,0.0,0.0
unikp,r_1795_ENZ_YNL065W_REV,0.0,0.0028158977882586
unikp,r_1796_FWD,0.0,0.0
unikp,r_1796_REV,0.0,0.0009809333237498
unikp,r_1797,0.0,0.0
unikp,r_1798,0.0,0.000982103899281
unikp,r_1800,0.0,0.0
unikp,r_1801_FWD,0.0,0.0
unikp,r_1801_REV,0.0,0.0022204327610149
unikp,r_1802_FWD,0.0,0.0
unikp,r_1802_REV,0.0,0.0
unikp,r_1803_ENZ_YGL225W_FWD,0.0,0.0
unikp,r_1803_ENZ_YGL225W_REV,0.0,0.0022204327610149
unikp,r_1805_ENZ_YBR241C_FWD,0.0,0.0
unikp,r_1805_ENZ_YBR241C_REV,0.0,0.0011325017501307
unikp,r_1806,0.0,0.0
unikp,r_1807,0.0,0.0
unikp,r_1808,0.0,0.0012189632384121
unikp,r_1809_FWD,0.0,0.0083162216764704
unikp,r_1809_REV,0.0,0.0144087745383184
unikp,r_1810,0.0,0.0022005489134958
unikp,r_1811_ENZ_YPR058W_FWD,0.0,0.006549780675319
unikp,r_1811_ENZ_YPR058W_REV,0.0,0.0013759838531964
unikp,r_1812_FWD,0.0,0.0
unikp,r_1812_REV,1.3459175335205076e-05,1.3459175335205076e-05
unikp,r_1813_FWD,0.0,0.0
unikp,r_1813_REV,1.3459175335205076e-05,1.3459175335205076e-05
unikp,r_1814,1.3459175335205076e-05,1.3714067810317324e-05
unikp,r_1815,0.0,0.0009099169433851
unikp,r_1816_ENZ_YNL065W_FWD,0.0,0.0009099169433851
unikp,r_1816_ENZ_YNL065W_REV,0.0,0.0
unikp,r_1817_FWD,0.0,0.0003566313192764
unikp,r_1817_REV,0.0,0.0
unikp,r_1818,0.0,0.000105287736135
unikp,r_1819_FWD,0.0,0.0
unikp,r_1819_REV,0.0,0.0
unikp,r_1820,0.0,0.0
unikp,r_1821,0.0,0.0022159933672147
unikp,r_1822,0.0,0.0
unikp,r_1823,0.0,0.0
unikp,r_1824,0.0,0.0035802040853243
unikp,r_1825_FWD,0.0137307502728109,0.015772353664161
unikp,r_1825_REV,0.0,0.0
unikp,r_1826_FWD,0.0,0.0
unikp,r_1826_REV,0.0,0.0022205298709598
unikp,r_1827_FWD,0.0,0.0202899225099268
unikp,r_1827_REV,0.0,0.0016662228795137
unikp,r_1829_FWD,0.0,38.60192772005368
unikp,r_1829_REV,0.0,10.976779432822076
unikp,r_1830_FWD,0.0,0.0005303953525847
unikp,r_1830_REV,0.0,0.0004225652827644
unikp,r_1831_FWD,0.0,1000.0
unikp,r_1831_REV,0.0,0.002101424133844
unikp,r_1832_FWD,0.0,0.0
unikp,r_1832_REV,0.0503225324242426,0.0639753968108073
unikp,r_1833_FWD,0.0,0.0006451443253003
unikp,r_1833_REV,0.0,0.0
unikp,r_1834,0.0,-0.0
unikp,r_1835_ENZ_YBR041W_FWD,0.0,0.0
unikp,r_1835_ENZ_YBR041W_REV,0.0,6.380752134787715e-05
unikp,r_1836_ENZ_YBR041W_FWD,0.0,0.0
unikp,r_1836_ENZ_YBR041W_REV,0.0,6.126500239885067e-05
unikp,r_1837_ENZ_YBR147W,0.0,0.0
unikp,r_1838_ENZ_YDL131W,0.0,0.0698564827781995
unikp,r_1838_ENZ_YDL182W,0.0,0.0699952961620792
unikp,r_1839_FWD,0.0,0.0
unikp,r_1839_REV,0.0,0.0
unikp,r_1840_FWD,0.0,0.0
unikp,r_1840_REV,0.0469722217011536,0.0473848675845581
unikp,r_1841,0.0,0.0001248296084329
unikp,r_1842_FWD,0.0,0.0
unikp,r_1842_REV,0.0,0.0001248296084329
unikp,r_1843,0.0,0.0001485949514571
unikp,r_1844_FWD,0.0,0.0001496814067034
unikp,r_1844_REV,0.0,0.0
unikp,r_1845_FWD,0.0,0.0001486621561012
unikp,r_1845_REV,0.0,0.0
unikp,r_1846_FWD,0.0,0.0
unikp,r_1846_REV,0.0,0.0
unikp,r_1847,0.0,0.0
unikp,r_1848,0.0,0.0
unikp,r_1849_FWD,0.0,0.0
unikp,r_1849_REV,0.0,0.000396220510304
unikp,r_1850,0.0,0.0022162549175588
unikp,r_1851_FWD,0.0,0.0008822639303106
unikp,r_1851_REV,0.0,0.0
unikp,r_1852_FWD,0.0,0.0008570075992704
unikp,r_1852_REV,0.0,0.0
unikp,r_1853_FWD,0.0,0.0007916189478716
unikp,r_1853_REV,0.0,0.0
unikp,r_1854_FWD,0.0,0.0009860350993116
unikp,r_1854_REV,0.0,0.0
unikp,r_1855_FWD,0.0,0.0008682611762314
unikp,r_1855_REV,0.0,0.0
unikp,r_1856_FWD,0.0,0.000841608854222
unikp,r_1856_REV,0.0,0.0
unikp,r_1857_FWD,0.0,0.0007101943978632
unikp,r_1857_REV,0.0,0.0
unikp,r_1858_FWD,0.0,0.0008964644813807
unikp,r_1858_REV,0.0,0.0
unikp,r_1859_FWD,0.0,0.0008868869392973
unikp,r_1859_REV,0.0,0.0
unikp,r_1860_FWD,0.0,0.0008530792316863
unikp,r_1860_REV,0.0,0.0
unikp,r_1861_FWD,0.0,0.0
unikp,r_1861_REV,0.0,4.276453321677592e-05
unikp,r_1862,0.0,0.0004273957544529
unikp,r_1863_FWD,0.0,0.0010530997891118
unikp,r_1863_REV,0.0,0.0
unikp,r_1864_FWD,0.0,0.0
unikp,r_1864_REV,0.0,0.0010309940267188
unikp,r_1865,0.0,0.0011491122404736
unikp,r_1866,0.0,0.0005946258925897
unikp,r_1867,0.0,0.0003391806738668
unikp,r_1868_FWD,0.0,0.0005954521173942
unikp,r_1868_REV,0.0,0.0
unikp,r_1869_FWD,0.0,0.0
unikp,r_1869_REV,0.0,0.0005888850798865
unikp,r_1870,0.0,0.000579830194567
unikp,r_1871,0.0,0.0023046937125049
unikp,r_1872,0.0,0.0
unikp,r_1873,0.0,0.0020792368720009
unikp,r_1874,0.0,0.0008057123745904
unikp,r_1875,0.0,0.0
unikp,r_1876_FWD,0.0,0.0
unikp,r_1876_REV,0.0,0.0
unikp,r_1877_ENZ_YDR342C_FWD,0.0,0.0
unikp,r_1877_ENZ_YDR342C_REV,0.0,0.0
unikp,r_1877_ENZ_YHR092C_FWD,0.0,0.0
unikp,r_1877_ENZ_YHR092C_REV,0.0,0.0
unikp,r_1878,0.0,-0.0
unikp,r_1879,0.0,0.0001180937049753
unikp,r_1880,0.0,0.0003396095511649
unikp,r_1881,0.0,0.0008531072383725
unikp,r_1882_ENZ_YOR100C,0.0,0.0007092635716392
unikp,r_1883,0.0,0.0001801548048593
unikp,r_1884_FWD,0.0,0.0
unikp,r_1884_REV,0.0,0.0
unikp,r_1885_FWD,0.0,0.0
unikp,r_1885_REV,0.0,0.0
unikp,r_1886,0.0,0.0
unikp,r_1887_FWD,0.040162451679758,0.0413438882317826
unikp,r_1887_REV,0.0,0.0
unikp,r_1889,0.0,0.0006360194664134
unikp,r_1890_FWD,0.0,0.0
unikp,r_1890_REV,0.0,0.0
unikp,r_1891,0.0,0.0004807698750568
unikp,r_1892_FWD,0.0,0.0
unikp,r_1892_REV,0.0,0.0
unikp,r_1893,0.0,0.0001592042114234
unikp,r_1895_FWD,0.0,0.0
unikp,r_1895_REV,0.0,0.0005837005474625
unikp,r_1896,0.0,0.0005837005474625
unikp,r_1897,0.0,0.0005530540981405
unikp,r_1898,0.0,0.0008063729973062
unikp,r_1899,0.0,0.0008317506680472
unikp,r_1900,0.0,0.0002050805845215
unikp,r_1901_FWD,0.0,1000.0
unikp,r_1901_REV,0.0,1000.0
unikp,r_1902,0.0,0.0001762486598301
unikp,r_1903,0.0,0.0002143692996623
unikp,r_1904,0.0,0.0004418062882042
unikp,r_1905_FWD,0.0,0.0011839582391949
unikp,r_1905_REV,0.0,0.0
unikp,r_1906,0.0,0.0011625021543749
unikp,r_1907_ENZ_YKR039W_FWD,0.0,0.0
unikp,r_1907_ENZ_YKR039W_REV,0.0,0.0
unikp,r_1908_ENZ_YDL245C_FWD,0.0,0.0
unikp,r_1908_ENZ_YDL245C_REV,0.0,0.0
unikp,r_1908_ENZ_YEL069C_FWD,0.0,0.0
unikp,r_1908_ENZ_YEL069C_REV,0.0,0.0
unikp,r_1908_ENZ_YJR158W_FWD,0.0,0.0
unikp,r_1908_ENZ_YJR158W_REV,0.0,0.0
unikp,r_1908_ENZ_YNR072W_FWD,0.0,0.0
unikp,r_1908_ENZ_YNR072W_REV,0.0,0.0
unikp,r_1909,0.0,0.0
unikp,r_1910_ENZ_YDL245C_FWD,0.0,0.0
unikp,r_1910_ENZ_YDL245C_REV,0.0,0.0
unikp,r_1910_ENZ_YDR342C_FWD,0.0,0.0
unikp,r_1910_ENZ_YDR342C_REV,0.0,0.0
unikp,r_1910_ENZ_YDR343C_FWD,0.0,0.0
unikp,r_1910_ENZ_YDR343C_REV,0.0,0.0
unikp,r_1910_ENZ_YDR345C_FWD,0.0,0.0
unikp,r_1910_ENZ_YDR345C_REV,0.0,0.0
unikp,r_1910_ENZ_YEL069C_FWD,0.0,0.0
unikp,r_1910_ENZ_YEL069C_REV,0.0,0.0
unikp,r_1910_ENZ_YFL011W_FWD,0.0,0.0
unikp,r_1910_ENZ_YFL011W_REV,0.0,0.0
unikp,r_1910_ENZ_YHR092C_FWD,0.0,0.0
unikp,r_1910_ENZ_YHR092C_REV,0.0,0.0
unikp,r_1910_ENZ_YHR096C_FWD,0.0,0.0
unikp,r_1910_ENZ_YHR096C_REV,0.0,0.0
unikp,r_1910_ENZ_YJL214W_FWD,0.0,0.0
unikp,r_1910_ENZ_YJL214W_REV,0.0,0.0
unikp,r_1910_ENZ_YJL219W_FWD,0.0,0.0
unikp,r_1910_ENZ_YJL219W_REV,0.0,0.0
unikp,r_1910_ENZ_YJR158W_FWD,0.0,0.0
unikp,r_1910_ENZ_YJR158W_REV,0.0,0.0
unikp,r_1910_ENZ_YNR072W_FWD,0.0,0.0
unikp,r_1910_ENZ_YNR072W_REV,0.0,0.0
unikp,r_1910_ENZ_YOL156W_FWD,0.0,0.0
unikp,r_1910_ENZ_YOL156W_REV,0.0,0.0
unikp,r_1911,0.0,0.0004554840215933
unikp,r_1912,0.0,0.0001425427351445
unikp,r_1913,0.0,0.0002206919453886
unikp,r_1914,0.0,0.000537448447721
unikp,r_1915,0.0,3.29768641481841e-05
unikp,r_1916,0.0,5.555732312298445e-05
unikp,r_1919_ENZ_YBR147W,0.0,0.0
unikp,r_1920_FWD,0.0,0.0
unikp,r_1920_REV,0.0,0.0
unikp,r_1921_FWD,0.0,0.0
unikp,r_1921_REV,0.0,0.0
unikp,r_1922_FWD,0.0,0.0
unikp,r_1922_REV,0.0,0.0
unikp,r_1923_FWD,0.0,0.0
unikp,r_1923_REV,0.0,0.0
unikp,r_1924_FWD,0.0,0.0
unikp,r_1924_REV,0.0,0.0
unikp,r_1925_FWD,0.0,0.0
unikp,r_1925_REV,0.0,0.0
unikp,r_1926_FWD,0.0,0.0
unikp,r_1926_REV,0.0,0.0
unikp,r_1927_FWD,0.0,0.0
unikp,r_1927_REV,0.0,0.0
unikp,r_1928_FWD,0.0,0.0
unikp,r_1928_REV,0.0,0.0
unikp,r_1929_FWD,0.0,0.0
unikp,r_1929_REV,0.0,0.0
unikp,r_1930_FWD,0.0,0.0008017477324714
unikp,r_1930_REV,0.0,0.0
unikp,r_1931,0.0,0.0
unikp,r_1932_FWD,0.0,0.0
unikp,r_1932_REV,0.1490359475225633,0.1490359475225633
unikp,r_1935_ENZ_YDR508C,0.0,0.0
unikp,r_1936,0.0,0.0025054370398444
unikp,r_1937_FWD,0.0,0.0
unikp,r_1937_REV,0.0,0.0
unikp,r_1938_FWD,0.0,0.0
unikp,r_1938_REV,0.0,0.0
unikp,r_1939_FWD,0.0,0.0
unikp,r_1939_REV,0.0,0.0
unikp,r_1940_FWD,0.0,0.0
unikp,r_1940_REV,0.0,0.0
unikp,r_1941_FWD,0.0,0.0
unikp,r_1941_REV,0.0,0.0
unikp,r_1942_FWD,0.0,0.0
unikp,r_1942_REV,0.0,0.0
unikp,r_1943_FWD,0.0,0.0
unikp,r_1943_REV,0.0,0.0
unikp,r_1944_FWD,0.0,0.0
unikp,r_1944_REV,0.0,0.0
unikp,r_1945_FWD,0.0,0.0
unikp,r_1945_REV,0.0,0.0
unikp,r_1946_FWD,0.0,0.0
unikp,r_1946_REV,0.0,0.0
unikp,r_1947,0.0,0.0
unikp,r_1952,0.0,8.381209308244708e-05
unikp,r_1963_FWD,0.0,0.0
unikp,r_1963_REV,0.0156574072337178,0.0157730265590735
unikp,r_1964_FWD,0.0156574072337178,0.0157717876953544
unikp,r_1964_REV,0.0,0.0
unikp,r_1965_FWD,0.0,0.0
unikp,r_1965_REV,0.0,0.0032811674603647
unikp,r_1966_FWD,0.0,0.0
unikp,r_1966_REV,0.0,0.0
unikp,r_1967,0.0,2.5474779692455025e-07
unikp,r_1968,0.0,0.0
unikp,r_1970_FWD,0.0,0.0
unikp,r_1970_REV,0.0,0.0
unikp,r_1971_FWD,0.0,0.0
unikp,r_1971_REV,0.0,0.0
unikp,r_1972,0.0,0.0
unikp,r_1974,0.0,0.0022195042282406
unikp,r_1975,0.0,0.0022191962190811
unikp,r_1976_ENZ_YOR100C,0.0,0.0007076272549109
unikp,r_1977_FWD,0.0078287036168589,0.0078863215091296
unikp,r_1977_REV,0.0,0.0
unikp,r_1978_FWD,1.5191985248943085,1.5404391037783454
unikp,r_1978_REV,0.0,0.0
unikp,r_1979_FWD,1.6356661353705273,1.6568166651158958
unikp,r_1979_REV,0.0,0.0
unikp,r_1980_FWD,0.0,0.000339190084276
unikp,r_1980_REV,0.0,0.0
unikp,r_1981_ENZ_YBR041W_FWD,0.0,0.0
unikp,r_1981_ENZ_YBR041W_REV,0.0,5.490647873906615e-05
unikp,r_1984,0.0,6.054739679441437e-05
unikp,r_1987,0.0,0.0002250567394945
unikp,r_1988_FWD,0.0,0.0009555240444489
unikp,r_1988_REV,0.0,0.0
unikp,r_1989,0.0,0.0009555240444489
unikp,r_1990_ENZ_YJL212C,0.0,0.0
unikp,r_1991_FWD,0.0,0.0
unikp,r_1991_REV,0.0,0.0003393330626295
unikp,r_1992_FWD,0.0,0.0
unikp,r_1992_REV,1.6356448266080266,1.65681175470222
unikp,r_1993,0.0,6.368731493594947e-05
unikp,r_1994,0.0,6.127434599816507e-05
unikp,r_1995_FWD,0.0,0.0
unikp,r_1995_REV,0.0,0.0
unikp,r_1996_FWD,0.0,4.033787813691316e-05
unikp,r_1996_REV,0.0,0.0003649869895158
unikp,r_1997,0.0,0.0002856354607749
unikp,r_1998_FWD,0.0,0.0
unikp,r_1998_REV,0.0,9.413427282928266e-05
unikp,r_1999,0.0,0.0
unikp,r_2000,0.0,0.0001682692648381
unikp,r_2001,0.0,0.000212456591651
unikp,r_2002_FWD,0.0,0.0002133223258755
unikp,r_2002_REV,0.0,0.0
unikp,r_2003_FWD,0.0,0.0002129664364764
unikp,r_2003_REV,0.0,0.0
unikp,r_2004,0.0,0.0
unikp,r_2005_FWD,0.0,0.0
unikp,r_2005_REV,1.0561638995444609,1.0705863206152169
unikp,r_2008_ENZ_YNR013C_FWD,0.0,0.001941796244586
unikp,r_2008_ENZ_YNR013C_REV,0.0,0.0020930497222218
unikp,r_2020_FWD,0.0,0.0
unikp,r_2020_REV,0.0007706120443783,0.0007706120443783
unikp,r_2022_FWD,0.0,3.632938586989552e-05
unikp,r_2022_REV,0.0,0.0
unikp,r_2023_FWD,0.0,0.0
unikp,r_2023_REV,0.0,0.0
unikp,r_2024,0.0,0.0001992621780413
unikp,r_2025_ENZ_YNR027W,0.0,0.0
unikp,r_2026_ENZ_YNR027W,0.0,0.0014876288693006
unikp,r_2027,0.0,0.0014876289694498
unikp,r_2028,0.0,0.0
unikp,r_2029_ENZ_YEL029C,0.0,0.0
unikp,r_2030,0.0002101669189045,0.0002123061694705
unikp,r_2031_FWD,0.0,0.0010771421000994
unikp,r_2031_REV,0.0,0.001924298680018
unikp,r_2032_FWD,1.498577632466063,1.5091472335942215
unikp,r_2032_REV,0.0,0.0
unikp,r_2033,0.0,0.0100551018242356
unikp,r_2034_ENZ_YGL080W_and_YGR243W,0.0,0.0240704226109947
unikp,r_2034_ENZ_YGL080W_and_YHR162W,0.0,0.0144748764747329
unikp,r_2036_FWD,0.0,0.0
unikp,r_2036_REV,0.0,0.0
unikp,r_2037_FWD,0.0,0.0003393155867319
unikp,r_2037_REV,0.0,0.0
unikp,r_2038,0.0,0.0
unikp,r_2039,0.0,2.122939171784512e-06
unikp,r_2040_ENZ_YOR306C,0.0,0.0
unikp,r_2041_ENZ_YDR342C,0.0,0.0
unikp,r_2041_ENZ_YHR092C,0.0,0.0
unikp,r_2042_FWD,0.0,0.0
unikp,r_2042_REV,0.0,0.0
unikp,r_2043,0.0,0.0
unikp,r_2044,0.0,-0.0
unikp,r_2045_ENZ_YDR508C_FWD,0.0,0.0014843256800818
unikp,r_2045_ENZ_YDR508C_REV,0.0,0.0033833419602071
unikp,r_2046,0.0,7.689007639457234e-05
unikp,r_2049_FWD,0.0,0.0
unikp,r_2049_REV,0.000842790590187,0.000842790590187
unikp,r_2050,0.0,0.0
unikp,r_2051,0.0,0.0001071306265637
unikp,r_2052,0.0,7.337841773613629e-05
unikp,r_2053_FWD,0.0078287036168589,0.0078864183928312
unikp,r_2053_REV,0.0,0.0
unikp,r_2054_FWD,0.0078287036168589,0.0078861885815861
unikp,r_2054_REV,0.0,0.0
unikp,r_2055,0.0,5.481674362104068e-05
unikp,r_2056,0.0,0.0012185963630824
unikp,r_2057_FWD,0.0,0.0
unikp,r_2057_REV,0.0,0.0012211153921156
unikp,r_2058,0.0,0.0
unikp,r_2060_FWD,0.0,0.0
unikp,r_2060_REV,0.0182590730304428,0.0187139331264421
unikp,r_2061,0.0,0.0004555804320771
unikp,r_2062,0.0,0.0
unikp,r_2063_FWD,0.0,0.0005914402661073
unikp,r_2063_REV,0.0,0.0
unikp,r_2064_ENZ_YDL024C,0.0,0.0005195459032042
unikp,r_2065,0.0,0.0005192911554073
unikp,r_2066,0.0,0.0
unikp,r_2067,0.0,-0.0
unikp,r_2068,0.0,0.0
unikp,r_2069,0.0,2.5474779692455025e-07
unikp,r_2072_ENZ_YDR508C,0.0,0.0007677296832528
unikp,r_2073,0.0,0.0001585722217561
unikp,r_2074,0.0,0.0022195227698804
unikp,r_2075_FWD,0.0,0.0
unikp,r_2075_REV,0.0,0.0001585643095672
unikp,r_2079_ENZ_YGR289C_FWD,0.0,0.0004785093231837
unikp,r_2079_ENZ_YGR289C_REV,0.0,0.0
unikp,r_2080_FWD,0.0,0.000446430839315
unikp,r_2080_REV,0.0,0.0
unikp,r_2082,0.0,0.0
unikp,r_2083,0.0,0.0001502366576321
unikp,r_2084_FWD,0.0,0.0001502366576321
unikp,r_2084_REV,0.0,0.0
unikp,r_2085_FWD,0.0,0.0
unikp,r_2085_REV,0.0,0.0001496796746676
unikp,r_2086,0.0,0.0
unikp,r_2087_FWD,0.0,0.0
unikp,r_2087_REV,0.0,0.0
unikp,r_2089_FWD,0.0,0.0126737481478655
unikp,r_2089_REV,0.0,0.0
unikp,r_2090,0.0,0.0
unikp,r_2091,0.0,0.0002772045072049
unikp,r_2092,0.0,0.0
unikp,r_2093_FWD,0.0,0.0
unikp,r_2093_REV,0.0645232845752783,0.0651183838406658
unikp,r_2094_ENZ_YLL052C_FWD,0.0,0.0
unikp,r_2094_ENZ_YLL052C_REV,0.0,0.0078779281934987
unikp,r_2094_ENZ_YPR192W_FWD,0.0,0.0
unikp,r_2094_ENZ_YPR192W_REV,0.0,0.0078863147132457
unikp,r_2095_FWD,0.0,0.0022194160664834
unikp,r_2095_REV,0.0,0.0
unikp,r_2096_FWD,0.0,0.0
unikp,r_2096_REV,5.452381581786093,5.563740745491562
unikp,r_2097_FWD,0.0,10.978234438582838
unikp,r_2097_REV,0.0,38.67426295606971
unikp,r_2098_FWD,0.0,0.0006205115674182
unikp,r_2098_REV,0.0,0.0002765737181296
unikp,r_2099_FWD,0.0,0.0011307081424686
unikp,r_2099_REV,0.0,0.0009688215213868
unikp,r_2100_FWD,6.287332969092616,6.31553122696252
unikp,r_2100_REV,0.0,0.0
unikp,r_2101_FWD,0.0,0.0
unikp,r_2101_REV,0.0,0.0001075204471979
unikp,r_2102,0.0,0.0
unikp,r_2103,0.0,0.0
unikp,r_2104,0.0,0.0
unikp,r_2105_ENZ_YDL245C_FWD,0.0,0.0
unikp,r_2105_ENZ_YDL245C_REV,0.0,0.0
unikp,r_2105_ENZ_YLL043W_FWD,0.0,0.0
unikp,r_2105_ENZ_YLL043W_REV,0.0,0.0
unikp,r_2106,0.0,2.9027422372231854e-05
unikp,r_2107_ENZ_YIL013C_FWD,0.0,0.0002661120822116
unikp,r_2107_ENZ_YIL013C_REV,0.0,2.852527076112332e-05
unikp,r_2107_ENZ_YOR011W_FWD,0.0,0.0003147632397215
unikp,r_2107_ENZ_YOR011W_REV,0.0,2.914695248296302e-05
unikp,r_2108,0.2122898232615853,0.2122898232615853
unikp,r_2111,0.2122898232618313,0.2122898232618313
unikp,r_2112_ENZ_YJL060W_FWD,0.0,0.0
unikp,r_2112_ENZ_YJL060W_REV,0.0,0.0
unikp,r_2113,0.0,0.0
unikp,r_2114,0.0012885992216748,0.0012885992216748
unikp,r_2115_ENZ_YBR145W,12.060088705690305,12.226105942047852
unikp,r_2115_ENZ_YOL086C,0.0,0.0
unikp,r_2116_ENZ_YER073W,0.0,0.0059542690337301
unikp,r_2116_ENZ_YMR110C,0.0,0.0039663316700289
unikp,r_2116_ENZ_YMR170C,0.0,0.0059030135223949
unikp,r_2116_ENZ_YOR374W,0.0,0.0062619633691383
unikp,r_2117_ENZ_YHR137W_FWD,0.0,0.0149254879667147
unikp,r_2117_ENZ_YHR137W_REV,0.0,0.0044127412993063
unikp,r_2118_ENZ_YHR137W,0.0,0.0001498650148748
unikp,r_2119_ENZ_YHR137W_FWD,0.0,0.0042465377544649
unikp,r_2119_ENZ_YHR137W_REV,0.0,0.0098536736232036
unikp,r_2125_FWD,0.0,0.0030001448645719
unikp,r_2125_REV,0.0,0.0194282984269265
unikp,r_2126_ENZ_YKR043C,0.0,0.0009547229328793
unikp,r_2129,0.0,0.0435603002665085
unikp,r_2131_ENZ_YDL066W,0.2086221255771948,0.2240962153001198
unikp,r_2132_ENZ_YOR222W,0.0,0.0
unikp,r_2132_ENZ_YPL134C,0.3153077609133123,0.3377575792716758
unikp,r_2134,0.0,3.27196258198062e-05
unikp,r_2136_FWD,0.0,0.0
unikp,r_2136_REV,0.0,3.2746048759265886e-05
unikp,r_2137,0.0,2.831996339920997e-05
unikp,r_2139_FWD,0.0,0.0
unikp,r_2139_REV,0.0,2.851585640411061e-05
unikp,r_2140_ENZ_YKL182W_and_YPL231W,0.0262967260810669,0.0275706570977718
unikp,r_2141_ENZ_YKL182W_and_YPL231W,0.0071592953120626,0.008432994490198
unikp,r_2142_ENZ_YER061C_and_YKL192C,0.0,0.0
unikp,r_2143_ENZ_YER061C_and_YKL192C,0.0,0.0
unikp,r_2144_ENZ_YER061C_and_YKL192C,0.0,-0.0
unikp,r_2145_ENZ_YKL055C,0.0,0.0
unikp,r_2146_ENZ_YKL055C,0.0,0.0
unikp,r_2147_ENZ_YKL055C,0.0,-0.0
unikp,r_2148_ENZ_YHR067W_FWD,0.0,0.0
unikp,r_2148_ENZ_YHR067W_REV,0.0,0.0
unikp,r_2149_ENZ_YHR067W_FWD,0.0,0.0
unikp,r_2149_ENZ_YHR067W_REV,0.0,0.0
unikp,r_2150_ENZ_YHR067W_FWD,0.0,0.0
unikp,r_2150_ENZ_YHR067W_REV,0.0,0.0
unikp,r_2151_ENZ_YBR026C,0.0,0.0
unikp,r_2152_ENZ_YBR026C,0.0,0.0
unikp,r_2153_ENZ_YBR026C,0.0,-0.0
unikp,r_2154_ENZ_YJL196C,0.0,0.0001722749410691
unikp,r_2155_ENZ_YJL196C,0.0,0.0001969611198131
unikp,r_2156_ENZ_YCR034W,0.0,0.0010744922608404
unikp,r_2157_ENZ_YCR034W,0.0,0.000136769364854
unikp,r_2157_ENZ_YLR372W,0.0,0.0001413695871622
unikp,r_2158_ENZ_YCR034W,0.0,0.000102815311246
unikp,r_2158_ENZ_YLR372W,0.0,0.000103762385475
unikp,r_2159_ENZ_YCR034W,0.0,7.46607245877726e-05
unikp,r_2159_ENZ_YLR372W,0.0,7.570421322811512e-05
unikp,r_2160_ENZ_YLR372W,0.0,5.742845366930004e-05
unikp,r_2161_ENZ_YBR159W,0.0,0.0001722749410691
unikp,r_2162_ENZ_YBR159W,0.0,0.0001969611198131
unikp,r_2163_ENZ_YBR159W,0.0,0.0010744922608404
unikp,r_2164_ENZ_YBR159W,0.0,0.0001413688094531
unikp,r_2165_ENZ_YBR159W,0.0,0.0001039196835741
unikp,r_2166_ENZ_YBR159W,0.0,7.579227034630958e-05
unikp,r_2167_ENZ_YBR159W,0.0,5.732135194748383e-05
unikp,r_2168_ENZ_YJL097W_FWD,0.0,0.0001719911914302
unikp,r_2168_ENZ_YJL097W_REV,0.0,0.0
unikp,r_2169_ENZ_YJL097W_FWD,0.0,0.0001969839314929
unikp,r_2169_ENZ_YJL097W_REV,0.0,0.0
unikp,r_2170_ENZ_YJL097W_FWD,0.0,0.001076567581902
unikp,r_2170_ENZ_YJL097W_REV,0.0,0.0
unikp,r_2171_ENZ_YJL097W_FWD,0.0,0.0001411372506632
unikp,r_2171_ENZ_YJL097W_REV,0.0,0.0
unikp,r_2172_ENZ_YJL097W_FWD,0.0,0.0001037528030205
unikp,r_2172_ENZ_YJL097W_REV,0.0,0.0
unikp,r_2173_ENZ_YJL097W,0.0,7.579227034630958e-05
unikp,r_2174_ENZ_YJL097W_FWD,0.0,5.7583356532934544e-05
unikp,r_2174_ENZ_YJL097W_REV,0.0,0.0
unikp,r_2175_ENZ_YDL015C,0.0,0.0001722749410691
unikp,r_2176_ENZ_YDL015C,0.0,0.0001969611198131
unikp,r_2177_ENZ_YDL015C,0.0,0.0010744922608404
unikp,r_2178_ENZ_YDL015C,0.0,0.0001413688094531
unikp,r_2179_ENZ_YDL015C,0.0,0.0001039196835741
unikp,r_2180_ENZ_YDL015C,0.0,7.579227034630958e-05
unikp,r_2181_ENZ_YDL015C,0.0,5.732135194748383e-05
unikp,r_2182_ENZ_YGL055W,0.0198011968540094,0.0198622829464616
unikp,r_2183_ENZ_YGL055W,0.0065435337147908,0.0066127513167051
unikp,r_2184_FWD,0.0,0.0
unikp,r_2184_REV,0.0,6.061412728880869e-05
unikp,r_2185_FWD,0.0,0.0
unikp,r_2185_REV,0.0,5.702996101857537e-05
unikp,r_2186_ENZ_YBR041W_FWD,0.0,0.0
unikp,r_2186_ENZ_YBR041W_REV,0.0,5.555770502692001e-05
unikp,r_2187,0.0,5.274152152059258e-05
unikp,r_2188,0.0,5.46000274153276e-05
unikp,r_2189,0.0,5.293718518147375e-05
unikp,r_2190_ENZ_YNL065W_FWD,0.0,0.0
unikp,r_2190_ENZ_YNL065W_REV,0.0,5.2757368019767936e-05
unikp,r_2191_ENZ_YNL065W_FWD,0.0,0.0
unikp,r_2191_ENZ_YNL065W_REV,0.0,5.4661021247123104e-05
unikp,r_2192_ENZ_YBR041W_FWD,0.0,0.0
unikp,r_2192_ENZ_YBR041W_REV,0.0,5.300910619997559e-05
unikp,r_2193,0.0,5.681055728453538e-05
unikp,r_2194_ENZ_YOR317W_FWD,0.0,0.0032650811037721
unikp,r_2194_ENZ_YOR317W_REV,0.0,0.002917756185067
unikp,r_2195_ENZ_YMR246W_FWD,0.0,0.0031748872977192
unikp,r_2195_ENZ_YMR246W_REV,0.0,0.003114774282724
unikp,r_2195_ENZ_YOR317W_FWD,0.0,0.0030096430902256
unikp,r_2195_ENZ_YOR317W_REV,0.0,0.0034639610377281
unikp,r_2196_ENZ_YMR246W_FWD,0.0,0.0036812457337552
unikp,r_2196_ENZ_YMR246W_REV,0.0,0.0046592108046894
unikp,r_2196_ENZ_YOR317W_FWD,0.0,0.0031078663757303
unikp,r_2196_ENZ_YOR317W_REV,0.0,0.0038578982986474
unikp,r_2197_ENZ_YMR246W_FWD,0.0,0.003267169025909
unikp,r_2197_ENZ_YMR246W_REV,0.0,0.0042734488346043
unikp,r_2197_ENZ_YOR317W_FWD,0.0,0.0037109239913242
unikp,r_2197_ENZ_YOR317W_REV,0.0,0.0036392010933069
unikp,r_2198_ENZ_YMR246W_FWD,0.0,0.0030329664039368
unikp,r_2198_ENZ_YMR246W_REV,0.0,0.0028151545581528
unikp,r_2198_ENZ_YOR317W_FWD,0.0,0.0031253160397933
unikp,r_2198_ENZ_YOR317W_REV,0.0,0.0032739550388262
unikp,r_2199_ENZ_YMR246W_FWD,0.0,0.0029510967166302
unikp,r_2199_ENZ_YMR246W_REV,0.0,0.0031760496449648
unikp,r_2199_ENZ_YOR317W_FWD,0.0,0.0031232114379165
unikp,r_2199_ENZ_YOR317W_REV,0.0,0.0026431247443746
unikp,r_2200_ENZ_YOR317W_FWD,0.0,0.0029176681581138
unikp,r_2200_ENZ_YOR317W_REV,0.0,0.0032569892401601
unikp,r_2201_ENZ_YMR246W_FWD,0.0,0.0028924557663166
unikp,r_2201_ENZ_YMR246W_REV,0.0,0.003169259525693
unikp,r_2201_ENZ_YOR317W_FWD,0.0,0.0034706946306056
unikp,r_2201_ENZ_YOR317W_REV,0.0,0.002929905833398
unikp,r_2202_ENZ_YMR246W_FWD,0.0,0.0035851146702513
unikp,r_2202_ENZ_YMR246W_REV,0.0,0.0044468140881691
unikp,r_2202_ENZ_YOR317W_FWD,0.0,0.0030828350355309
unikp,r_2202_ENZ_YOR317W_REV,0.0,0.004896211085283
unikp,r_2203_ENZ_YMR246W_FWD,0.0,0.0030902979842925
unikp,r_2203_ENZ_YMR246W_REV,0.0,0.0046656207631647
unikp,r_2203_ENZ_YOR317W_FWD,0.0,0.0030467619890183
unikp,r_2203_ENZ_YOR317W_REV,0.0,0.0049700525648359
unikp,r_2204_ENZ_YMR246W_FWD,0.0,0.0032808374669353
unikp,r_2204_ENZ_YMR246W_REV,0.0,0.00284030580068
unikp,r_2204_ENZ_YOR317W_FWD,0.0,0.00286275682501
unikp,r_2204_ENZ_YOR317W_REV,0.0,0.0031382008322785
unikp,r_2205_ENZ_YMR246W_FWD,0.0,0.0031694205039181
unikp,r_2205_ENZ_YMR246W_REV,0.0,0.0031184804739741
unikp,r_2205_ENZ_YOR317W_FWD,0.0,0.0029166686809047
unikp,r_2205_ENZ_YOR317W_REV,0.0,0.002809452953056
unikp,r_2206_ENZ_YER015W_FWD,0.0,0.0005325981256145
unikp,r_2206_ENZ_YER015W_REV,0.0,0.0002820111436937
unikp,r_2207_ENZ_YER015W_FWD,0.0,0.0005074454679274
unikp,r_2207_ENZ_YER015W_REV,0.0,0.0002148542732108
unikp,r_2208_ENZ_YER015W_FWD,0.0,0.0005641064865733
unikp,r_2208_ENZ_YER015W_REV,0.0,0.0002114641599556
unikp,r_2209_ENZ_YIL009W_FWD,0.0,0.0
unikp,r_2209_ENZ_YIL009W_REV,0.0,0.0
unikp,r_2210_ENZ_YIL009W_FWD,0.0,0.0
unikp,r_2210_ENZ_YIL009W_REV,0.0,0.0
unikp,r_2211_ENZ_YIL009W_FWD,0.0,0.0014315182556053
unikp,r_2211_ENZ_YIL009W_REV,0.0,0.001756729698695
unikp,r_2212_ENZ_YIL009W_FWD,0.0,0.0017521418460019
unikp,r_2212_ENZ_YIL009W_REV,0.0,0.0014315182556053
unikp,r_2213_ENZ_YBR041W_FWD,0.0,0.0
unikp,r_2213_ENZ_YBR041W_REV,0.0,0.0
unikp,r_2214_ENZ_YBR041W_FWD,0.0,0.0034047779329964
unikp,r_2214_ENZ_YBR041W_REV,0.0,0.003797589347514
unikp,r_2215_ENZ_YBR041W_FWD,0.0,0.0032839798495481
unikp,r_2215_ENZ_YBR041W_REV,0.0,0.0033836815938733
unikp,r_2216_ENZ_YBR041W_FWD,0.0,0.0
unikp,r_2216_ENZ_YBR041W_REV,0.0,0.0
unikp,r_2217_ENZ_YBR041W_FWD,0.0,0.0037883265913099
unikp,r_2217_ENZ_YBR041W_REV,0.0,0.0034106562671325
unikp,r_2218_ENZ_YBR041W_FWD,0.0,0.0033918439673127
unikp,r_2218_ENZ_YBR041W_REV,0.0,0.0032838874726725
unikp,r_2219_ENZ_YKL188C_and_YPL147W,0.0,0.0002010136666451
unikp,r_2220_ENZ_YKL188C_and_YPL147W,0.0,0.0002451855330531
unikp,r_2221_ENZ_YKL188C_and_YPL147W,0.0,0.0002601097897322
unikp,r_2222_ENZ_YKL188C_and_YPL147W,0.0,0.0002951454182245
unikp,r_2223_ENZ_YKL188C_and_YPL147W,0.0,0.0002175374304318
unikp,r_2224_ENZ_YKL188C_and_YPL147W,0.0,0.000221514301713
unikp,r_2225_ENZ_YKL188C_and_YPL147W,0.0,0.0001411419392644
unikp,r_2226_ENZ_YKL188C_and_YPL147W,0.0,0.0001039227373262
unikp,r_2227_ENZ_YKL188C_and_YPL147W,0.0,7.59332207130915e-05
unikp,r_2228_ENZ_YKL188C_and_YPL147W,0.0,5.744526963305989e-05
unikp,r_2229_FWD,0.0,0.0
unikp,r_2229_REV,0.0,5.284368578252138e-05
unikp,r_2230_FWD,0.0,0.0
unikp,r_2230_REV,0.0,5.468237670616313e-05
unikp,r_2231_ENZ_YKL188C_and_YPL147W_FWD,0.0,6.970987639691021e-05
unikp,r_2231_ENZ_YKL188C_and_YPL147W_REV,0.0,0.0002218984944779
unikp,r_2232_ENZ_YJR019C,0.0,5.272997798954719e-05
unikp,r_2233_ENZ_YJR019C,0.0,5.46000274153276e-05
unikp,r_2234_ENZ_YJR019C,0.0,0.0005338711951521
unikp,r_2235_ENZ_YJR019C,0.0,0.000564130017433
unikp,r_2236_ENZ_YGL205W,0.0,5.360384753066084e-05
unikp,r_2237_ENZ_YGL205W,0.0,5.811683921400773e-05
unikp,r_2238_ENZ_YGL205W,0.0,6.0936534281016165e-05
unikp,r_2239_ENZ_YGL205W,0.0,0.0001411611155476
unikp,r_2240_ENZ_YGL205W,0.0,0.0001041733483712
unikp,r_2241_ENZ_YGL205W,0.0,7.574109014841425e-05
unikp,r_2242_ENZ_YGL205W,0.0,6.114514834063e-05
unikp,r_2243_ENZ_YGL205W,0.0,6.114514834063e-05
unikp,r_2244_ENZ_YGL205W,0.0,6.114514834063e-05
unikp,r_2245_ENZ_YGL205W,0.0,6.899421855069558e-05
unikp,r_2246_ENZ_YGL205W,0.0,6.971815549365358e-05
unikp,r_2247_ENZ_YGL205W,0.0,7.035327846696834e-05
unikp,r_2248_ENZ_YKR009C,0.0,6.113473324693627e-05
unikp,r_2249_ENZ_YKR009C,0.0,5.716849228204228e-05
unikp,r_2250_ENZ_YKR009C,0.0,0.0001722447039819
unikp,r_2251_ENZ_YKR009C,0.0,0.0001969614867913
unikp,r_2252_ENZ_YKR009C,0.0,0.0001992493558232
unikp,r_2253_ENZ_YKR009C,0.0,5.744526963305989e-05
unikp,r_2254_ENZ_YKR009C,0.0,5.360384753066084e-05
unikp,r_2255_ENZ_YKR009C,0.0,5.811683921400773e-05
unikp,r_2256_ENZ_YKR009C,0.0,6.0936534281016165e-05
unikp,r_2257_ENZ_YKR009C,0.0,0.0001411611155476
unikp,r_2258_ENZ_YKR009C,0.0,0.0001041733483712
unikp,r_2259_ENZ_YKR009C,0.0,7.574109014841425e-05
unikp,r_2260_ENZ_YKR009C,0.0,6.114514834063e-05
unikp,r_2261_ENZ_YKR009C,0.0,6.114514834063e-05
unikp,r_2262_ENZ_YKR009C,0.0,6.267791662993706e-05
unikp,r_2263_ENZ_YKR009C,0.0,6.899421855069558e-05
unikp,r_2264_ENZ_YKR009C,0.0,6.971815549365358e-05
unikp,r_2265_ENZ_YKR009C,0.0,4.476475212672297e-05
unikp,r_2266_ENZ_YKR009C,0.0,6.113473324693627e-05
unikp,r_2267_ENZ_YKR009C,0.0,5.716849228204228e-05
unikp,r_2268_ENZ_YKR009C,0.0,0.0001969614867913
unikp,r_2269_ENZ_YKR009C,0.0,0.0001992493558232
unikp,r_2270_ENZ_YKR009C,0.0,5.744526963305989e-05
unikp,r_2271_ENZ_YKR009C,0.0,5.360384753066084e-05
unikp,r_2272_ENZ_YKR009C,0.0,5.811683921400773e-05
unikp,r_2273_ENZ_YKR009C,0.0,6.0936534281016165e-05
unikp,r_2274_ENZ_YKR009C,0.0,0.0001411611155476
unikp,r_2275_ENZ_YKR009C,0.0,0.0001041733483712
unikp,r_2276_ENZ_YKR009C,0.0,7.574109014841425e-05
unikp,r_2277_ENZ_YKR009C,0.0,6.114514834063e-05
unikp,r_2278_ENZ_YKR009C,0.0,6.114514834063e-05
unikp,r_2279_ENZ_YKR009C,0.0,6.267791662993706e-05
unikp,r_2280_ENZ_YKR009C,0.0,6.899421855069558e-05
unikp,r_2281_ENZ_YKR009C,0.0,6.971815549365358e-05
unikp,r_2282_ENZ_YKR009C,0.0,4.476475212672297e-05
unikp,r_2283_ENZ_YIL160C,0.0,5.360384753066084e-05
unikp,r_2284_ENZ_YIL160C,0.0,5.811683921400773e-05
unikp,r_2285_ENZ_YIL160C,0.0,6.0936534281016165e-05
unikp,r_2286_ENZ_YIL160C,0.0,0.0001411611155476
unikp,r_2287_ENZ_YIL160C,0.0,0.0001041733483712
unikp,r_2288_ENZ_YIL160C,0.0,7.574109014841425e-05
unikp,r_2289_ENZ_YIL160C,0.0,6.114514834063e-05
unikp,r_2290_ENZ_YIL160C,0.0,6.114514834063e-05
unikp,r_2291_ENZ_YIL160C,0.0,6.267791662993706e-05
unikp,r_2292_ENZ_YIL160C,0.0,6.899421855069558e-05
unikp,r_2293_ENZ_YIL160C,0.0,6.971815549365358e-05
unikp,r_2294_ENZ_YIL160C,0.0,4.476475212672297e-05
unikp,r_2295_ENZ_YLR284C,0.0,6.132176305636075e-05
unikp,r_2296_ENZ_YLR284C,0.0,5.715975464440013e-05
unikp,r_2297_ENZ_YLR284C,0.0,5.7445865196476417e-05
unikp,r_2298_ENZ_YLR284C,0.0,4.473756584966182e-05
unikp,r_2299_ENZ_YLR284C,0.0,6.970517681661296e-05
unikp,r_2300_ENZ_YLR284C,0.0,7.036297837007329e-05
unikp,r_2301_ENZ_YOR180C,0.0,5.715975464440013e-05
unikp,r_2302_ENZ_YOR180C,0.0,6.970517681661296e-05
unikp,r_2303_ENZ_YNL202W,0.0,5.715975464440013e-05
unikp,r_2304_ENZ_YNL202W,0.0,6.970517681661296e-05
unikp,r_2305_ENZ_YLR304C_FWD,0.0,0.0784111859044517
unikp,r_2305_ENZ_YLR304C_REV,0.0,0.001588583116966
unikp,r_2308_ENZ_YBL011W,0.0,0.0068617515767103
unikp,r_2308_ENZ_YKR067W,0.0,0.0069613756621665
unikp,r_2309_ENZ_YBL011W,0.0,0.0061936690149055
unikp,r_2309_ENZ_YKR067W,0.0,0.0042469182268975
unikp,r_2310_ENZ_YKR067W,0.0,0.0019509144588899
unikp,r_2311_ENZ_YKR067W,0.0,0.0012671110802576
unikp,r_2312_ENZ_YBL011W,0.0,0.0067708176234122
unikp,r_2312_ENZ_YKR067W,0.0,0.0037013298084997
unikp,r_2313_ENZ_YBL011W,0.0,0.0094589243869102
unikp,r_2313_ENZ_YKR067W,0.0,0.0094589229553661
unikp,r_2314_ENZ_YKR067W,0.0,0.0018322499182871
unikp,r_2315_ENZ_YKR067W,0.0,0.0009312801117219
unikp,r_2316_ENZ_YKR067W,0.0,0.0018754672190103
unikp,r_2317_ENZ_YKR067W,0.0,0.0049076929578218
unikp,r_2318_ENZ_YKR067W,0.0,0.0018836011984369
unikp,r_2319_ENZ_YKR067W,0.0,0.0005932068621433
unikp,r_2320_ENZ_YKR067W,0.0,0.0014659360392103
unikp,r_2321_ENZ_YKR067W,0.0,0.0067644187476533
unikp,r_2322_ENZ_YKR067W,0.0,0.0017915868314358
unikp,r_2323_ENZ_YKR067W,0.0,0.0005516620975041
unikp,r_2324_ENZ_YIL124W,0.0,0.0067714281679649
unikp,r_2325_ENZ_YIL124W,0.0,0.0094590880750744
unikp,r_2326_ENZ_YIL124W,0.0,0.0018322499182871
unikp,r_2327_ENZ_YIL124W,0.0,0.0009312801117219
unikp,r_2328_ENZ_YIL124W,0.0,0.0014659360392103
unikp,r_2329_ENZ_YIL124W,0.0,0.0067644187476533
unikp,r_2330_ENZ_YIL124W,0.0,0.0017915868314358
unikp,r_2331_ENZ_YIL124W,0.0,0.0005516620975041
unikp,r_2332_ENZ_YOR175C,0.0031264852247272,0.0069345936969949
unikp,r_2333_ENZ_YDL052C,0.0,0.0020467650694688
unikp,r_2333_ENZ_YOR175C,0.0,0.001223139119346
unikp,r_2334_ENZ_YOR175C,0.0007758587416132,0.0065011469744991
unikp,r_2335_ENZ_YDL052C,0.0,0.0060804418476354
unikp,r_2335_ENZ_YOR175C,0.0,0.0031821261979035
unikp,r_2336_ENZ_YOR175C,0.0,0.0019455403232689
unikp,r_2337_ENZ_YDL052C,0.0,0.0018362674850797
unikp,r_2337_ENZ_YOR175C,0.0,0.0016738957510466
unikp,r_2338_ENZ_YOR175C,0.0,0.0012651299203145
unikp,r_2339_ENZ_YDL052C,0.0,0.0007018124482774
unikp,r_2339_ENZ_YOR175C,0.0,0.0005796148045259
unikp,r_2340_ENZ_YDL052C,0.0,0.0018726994520947
unikp,r_2340_ENZ_YKR089C,0.0,0.0013896881776992
unikp,r_2340_ENZ_YOR081C,0.0,0.0010099526900403
unikp,r_2341_ENZ_YDL052C,0.0,0.0067752904834146
unikp,r_2341_ENZ_YKR089C,0.0,0.0016353548801028
unikp,r_2341_ENZ_YOR081C,0.0,0.0013058163699087
unikp,r_2342_ENZ_YDL052C,0.0,0.0018840171117151
unikp,r_2342_ENZ_YKR089C,0.0,0.0017762172484414
unikp,r_2342_ENZ_YOR081C,0.0,0.0017178044219703
unikp,r_2343_ENZ_YDL052C,0.0,0.0005958050696016
unikp,r_2343_ENZ_YKR089C,0.0,0.0004692041710549
unikp,r_2343_ENZ_YOR081C,0.0,0.0004451146050371
unikp,r_2344_ENZ_YMR165C,0.0,0.0015607979322335
unikp,r_2345_ENZ_YMR165C,0.0,0.0010588828064292
unikp,r_2346_ENZ_YMR165C,0.0,0.0027485467279904
unikp,r_2347_ENZ_YMR165C,0.0,0.0013561297097523
unikp,r_2348_ENZ_YMR165C,0.0,0.0013806350932667
unikp,r_2349_ENZ_YMR165C,0.0,0.0008703219225436
unikp,r_2350_ENZ_YMR165C,0.0,0.0009762780107311
unikp,r_2351_ENZ_YMR165C,0.0,0.0009098973688983
unikp,r_2352_ENZ_YDR284C,0.0,0.0
unikp,r_2353_ENZ_YDR284C,0.0,0.0
unikp,r_2354_ENZ_YDR284C,0.0,0.0
unikp,r_2355_ENZ_YDR284C,0.0,0.0
unikp,r_2356_ENZ_YDR284C,0.0,0.0
unikp,r_2357_ENZ_YDR284C,0.0,0.0
unikp,r_2358_ENZ_YDR284C,0.0,0.0
unikp,r_2359_ENZ_YDR284C,0.0,0.0
unikp,r_2360_ENZ_YDR503C,0.0,0.0019042930589165
unikp,r_2361_ENZ_YDR503C,0.0,0.0006766237801113
unikp,r_2362_ENZ_YDR503C,0.0,0.0015490951506906
unikp,r_2363_ENZ_YDR503C,0.0,0.0014168577367658
unikp,r_2364_ENZ_YDR503C,0.0,0.0011187787242432
unikp,r_2365_ENZ_YDR503C,0.0,0.000669174806475
unikp,r_2366_ENZ_YDR503C,0.0,0.0006777523723195
unikp,r_2367_ENZ_YDR503C,0.0,0.0008347052735213
unikp,r_2368_ENZ_YCR048W,0.0,0.0005668827739572
unikp,r_2368_ENZ_YNR019W,0.0,0.0006629213996167
unikp,r_2368_ENZ_YOR245C,0.0,0.0012213208362264
unikp,r_2369_ENZ_YCR048W,0.0,0.0005504620132072
unikp,r_2369_ENZ_YNR019W,0.0,0.0005038703380222
unikp,r_2369_ENZ_YOR245C,0.0,0.0008411934528357
unikp,r_2370_ENZ_YCR048W,0.0,0.0027114759863365
unikp,r_2370_ENZ_YNR019W,0.0,0.0027202007240406
unikp,r_2370_ENZ_YOR245C,0.0,0.0027202004581776
unikp,r_2371_ENZ_YCR048W,0.0,0.0013269415203598
unikp,r_2371_ENZ_YNR019W,0.0,0.0013278274126066
unikp,r_2371_ENZ_YOR245C,0.0,0.0013278274126066
unikp,r_2372_ENZ_YCR048W,0.0,0.0014458668274283
unikp,r_2372_ENZ_YNR019W,0.0,0.0014459562006539
unikp,r_2372_ENZ_YOR245C,0.0,0.0014488685027174
unikp,r_2373_ENZ_YCR048W,0.0,0.0004363796154282
unikp,r_2373_ENZ_YNR019W,0.0,0.0005175646658428
unikp,r_2373_ENZ_YOR245C,0.0,0.0008631703972649
unikp,r_2374_ENZ_YCR048W,0.0,0.00130310163076
unikp,r_2374_ENZ_YNR019W,0.0,0.0012998960557028
unikp,r_2374_ENZ_YOR245C,0.0,0.0012998837164681
unikp,r_2375_ENZ_YCR048W,0.0,0.0003918011550101
unikp,r_2375_ENZ_YNR019W,0.0,0.0004506319285683
unikp,r_2375_ENZ_YOR245C,0.0,0.0008324986128876
unikp,r_2376_ENZ_YCR048W,0.0,0.0010563764931387
unikp,r_2376_ENZ_YNR019W,0.0,0.0013746530532926
unikp,r_2376_ENZ_YOR245C,0.0,0.0033523055919454
unikp,r_2377_ENZ_YCR048W,0.0,0.0039651083948094
unikp,r_2377_ENZ_YNR019W,0.0,0.0039812389403995
unikp,r_2377_ENZ_YOR245C,0.0,0.0039878148292906
unikp,r_2378_ENZ_YCR048W,0.0,0.0008998761938833
unikp,r_2378_ENZ_YNR019W,0.0,0.0011825412820174
unikp,r_2378_ENZ_YOR245C,0.0,0.0029013297939042
unikp,r_2379_ENZ_YCR048W,0.0,0.0039692363435807
unikp,r_2379_ENZ_YNR019W,0.0,0.0039778874122656
unikp,r_2379_ENZ_YOR245C,0.0,0.0039863523684689
unikp,r_2380_ENZ_YCR048W,0.0,0.0007562146265987
unikp,r_2380_ENZ_YNR019W,0.0,0.0012988066945505
unikp,r_2380_ENZ_YOR245C,0.0,0.0029789462966351
unikp,r_2381_ENZ_YCR048W,0.0,0.0039658115852754
unikp,r_2381_ENZ_YNR019W,0.0,0.0039658115852754
unikp,r_2381_ENZ_YOR245C,0.0,0.0039658115852754
unikp,r_2382_ENZ_YCR048W,0.0,0.003962061919825
unikp,r_2382_ENZ_YNR019W,0.0,0.0039853228964951
unikp,r_2382_ENZ_YOR245C,0.0,0.0039899656821917
unikp,r_2383_ENZ_YCR048W,0.0,0.0039651683432204
unikp,r_2383_ENZ_YNR019W,0.0,0.0039871033696773
unikp,r_2383_ENZ_YOR245C,0.0,0.0040673389755496
unikp,r_2384_ENZ_YCR048W,0.0,0.0005488032569185
unikp,r_2384_ENZ_YNR019W,0.0,0.0005926736942189
unikp,r_2384_ENZ_YOR245C,0.0,0.0010192212022693
unikp,r_2385_ENZ_YCR048W,0.0,0.0004540452683536
unikp,r_2385_ENZ_YNR019W,0.0,0.0004558329181243
unikp,r_2385_ENZ_YOR245C,0.0,0.0007359855922091
unikp,r_2386_ENZ_YCR048W,0.0,0.0016945815385084
unikp,r_2386_ENZ_YNR019W,0.0,0.0017033274985356
unikp,r_2386_ENZ_YOR245C,0.0,0.0017033274985356
unikp,r_2387_ENZ_YCR048W,0.0,0.0010479917304414
unikp,r_2387_ENZ_YNR019W,0.0,0.0010493876311536
unikp,r_2387_ENZ_YOR245C,0.0,0.0010503266488699
unikp,r_2388_ENZ_YCR048W,0.0,0.0004993332834535
unikp,r_2388_ENZ_YNR019W,0.0,0.0004959023403667
unikp,r_2388_ENZ_YOR245C,0.0,0.000864628843082
unikp,r_2389_ENZ_YCR048W,0.0,0.0004508401650245
unikp,r_2389_ENZ_YNR019W,0.0,0.0004879503538217
unikp,r_2389_ENZ_YOR245C,0.0,0.0007844656658502
unikp,r_2390_ENZ_YCR048W,0.0,0.0009998963430932
unikp,r_2390_ENZ_YNR019W,0.0,0.0009998963432863
unikp,r_2390_ENZ_YOR245C,0.0,0.0009994929849563
unikp,r_2391_ENZ_YCR048W,0.0,0.0010024245428379
unikp,r_2391_ENZ_YNR019W,0.0,0.0010024246725505
unikp,r_2391_ENZ_YOR245C,0.0,0.0010051746138518
unikp,r_2392_ENZ_YCR048W,0.0,0.0016313797079302
unikp,r_2392_ENZ_YNR019W,0.0,0.001707210469319
unikp,r_2392_ENZ_YOR245C,0.0,0.001707211469319
unikp,r_2393_ENZ_YCR048W,0.0,0.0016314765676243
unikp,r_2393_ENZ_YNR019W,0.0,0.0016330187782531
unikp,r_2393_ENZ_YOR245C,0.0,0.001633018778293
unikp,r_2394_ENZ_YCR048W,0.0,0.0006102426828992
unikp,r_2394_ENZ_YNR019W,0.0,0.0006482249000886
unikp,r_2394_ENZ_YOR245C,0.0,0.0012526694449901
unikp,r_2395_ENZ_YCR048W,0.0,0.0006506120306262
unikp,r_2395_ENZ_YNR019W,0.0,0.0007211996659718
unikp,r_2395_ENZ_YOR245C,0.0,0.0013064530395713
unikp,r_2396_ENZ_YCR048W,0.0,0.001632678570151
unikp,r_2396_ENZ_YNR019W,0.0,0.0016330076564322
unikp,r_2396_ENZ_YOR245C,0.0,0.0016313583256772
unikp,r_2397_ENZ_YCR048W,0.0,0.0016346407307353
unikp,r_2397_ENZ_YNR019W,0.0,0.0016346407307353
unikp,r_2397_ENZ_YOR245C,0.0,0.0016329197593995
unikp,r_2398_ENZ_YCR048W,0.0,0.0006580158830644
unikp,r_2398_ENZ_YNR019W,0.0,0.0006814913596093
unikp,r_2398_ENZ_YOR245C,0.0,0.0013680973805886
unikp,r_2399_ENZ_YCR048W,0.0,0.0005519366997414
unikp,r_2399_ENZ_YNR019W,0.0,0.0006172626720254
unikp,r_2399_ENZ_YOR245C,0.0,0.0013001523537547
unikp,r_2400_ENZ_YOR245C,0.0,0.0012159312851826
unikp,r_2401_ENZ_YOR245C,0.0,0.000850004419768
unikp,r_2402_ENZ_YOR245C,0.0,0.0027119401648398
unikp,r_2403_ENZ_YOR245C,0.0,0.0013227971621642
unikp,r_2404_ENZ_YOR245C,0.0,0.0014486155444094
unikp,r_2405_ENZ_YOR245C,0.0,0.0008399763834967
unikp,r_2406_ENZ_YOR245C,0.0,0.001297621169189
unikp,r_2407_ENZ_YOR245C,0.0,0.0008200423445759
unikp,r_2408_ENZ_YOR245C,0.0,0.0031748330249339
unikp,r_2409_ENZ_YOR245C,0.0,0.0039650192625216
unikp,r_2410_ENZ_YOR245C,0.0,0.0032925765623837
unikp,r_2411_ENZ_YOR245C,0.0,0.0039923901112245
unikp,r_2412_ENZ_YOR245C,0.0,0.0030564260676234
unikp,r_2413_ENZ_YOR245C,0.0,0.0039614679438229
unikp,r_2414_ENZ_YOR245C,0.0,0.0039650686439746
unikp,r_2415_ENZ_YOR245C,0.0,0.0039642169426075
unikp,r_2416_ENZ_YOR245C,0.0,0.001041750104298
unikp,r_2417_ENZ_YOR245C,0.0,0.0007277395407406
unikp,r_2418_ENZ_YOR245C,0.0,0.0016985530405087
unikp,r_2419_ENZ_YOR245C,0.0,0.0010475324393559
unikp,r_2420_ENZ_YOR245C,0.0,0.000827931944406
unikp,r_2421_ENZ_YOR245C,0.0,0.0007949706629672
unikp,r_2422_ENZ_YOR245C,0.0,0.0009999835118359
unikp,r_2423_ENZ_YOR245C,0.0,0.0009998809911631
unikp,r_2424_ENZ_YOR245C,0.0,0.0016328690177215
unikp,r_2425_ENZ_YOR245C,0.0,0.0016314626444968
unikp,r_2426_ENZ_YOR245C,0.0,0.0013618314852616
unikp,r_2427_ENZ_YOR245C,0.0,0.0012728756795748
unikp,r_2428_ENZ_YOR245C,0.0,0.0016356416654902
unikp,r_2429_ENZ_YOR245C,0.0,0.0016329822703139
unikp,r_2430_ENZ_YOR245C,0.0,0.0012564677745744
unikp,r_2431_ENZ_YOR245C,0.0,0.0013409607141652
unikp,r_2432_ENZ_YBR029C_FWD,0.003126295729219,0.0071411745454343
unikp,r_2432_ENZ_YBR029C_REV,0.0,0.0
unikp,r_2433_ENZ_YBR029C_FWD,0.0,0.0047093739427029
unikp,r_2433_ENZ_YBR029C_REV,0.0,0.0
unikp,r_2434_ENZ_YBR029C_FWD,0.0,0.0021154924390764
unikp,r_2434_ENZ_YBR029C_REV,0.0,0.0
unikp,r_2435_ENZ_YBR029C_FWD,0.0,0.0013155762772257
unikp,r_2435_ENZ_YBR029C_REV,0.0,0.0
unikp,r_2436_ENZ_YBR029C_FWD,0.0,0.0020486918151401
unikp,r_2436_ENZ_YBR029C_REV,0.0,0.0
unikp,r_2437_ENZ_YBR029C_FWD,0.0011994659585259,0.0067619375816284
unikp,r_2437_ENZ_YBR029C_REV,0.0,0.0
unikp,r_2438_ENZ_YBR029C_FWD,0.0,0.0020109304046865
unikp,r_2438_ENZ_YBR029C_REV,0.0,0.0
unikp,r_2439_ENZ_YBR029C_FWD,0.0,0.0008195993538656
unikp,r_2439_ENZ_YBR029C_REV,0.0,0.0
unikp,r_2440_ENZ_YBR029C_FWD,0.0,0.0006511571084344
unikp,r_2440_ENZ_YBR029C_REV,0.0,0.0
unikp,r_2441_ENZ_YBR029C_FWD,0.0,0.0006366703110218
unikp,r_2441_ENZ_YBR029C_REV,0.0,0.0
unikp,r_2442_ENZ_YBR029C_FWD,0.0,0.0004313598577011
unikp,r_2442_ENZ_YBR029C_REV,0.0,0.0
unikp,r_2443_ENZ_YBR029C_FWD,0.0,0.0003290127101395
unikp,r_2443_ENZ_YBR029C_REV,0.0,0.0
unikp,r_2444_ENZ_YBR029C_FWD,0.0,0.0004036018703291
unikp,r_2444_ENZ_YBR029C_REV,0.0,0.0
unikp,r_2445_ENZ_YBR029C_FWD,0.0,0.0003557746301951
unikp,r_2445_ENZ_YBR029C_REV,0.0,0.0
unikp,r_2446_ENZ_YER026C,0.0026554690590525,0.0070665463004308
unikp,r_2447_ENZ_YER026C,0.0,0.0031874850314221
unikp,r_2448_ENZ_YER026C,0.0,0.0018664099218697
unikp,r_2449_ENZ_YER026C,0.0,0.001259505036403
unikp,r_2450_ENZ_YER026C,0.0,0.0020511448792195
unikp,r_2451_ENZ_YER026C,0.0010215744678922,0.0067646994117781
unikp,r_2452_ENZ_YER026C,0.0,0.0018810407787395
unikp,r_2453_ENZ_YER026C,0.0,0.000699733180198
unikp,r_2454_ENZ_YPR113W,0.0,0.0022872613507604
unikp,r_2455_ENZ_YPR113W,0.0,0.0027866676567497
unikp,r_2456_ENZ_YPR113W,0.0,0.0020450453963378
unikp,r_2457_ENZ_YPR113W,0.0,0.0012587224806749
unikp,r_2458_ENZ_YPR113W,0.0,0.0011040075988188
unikp,r_2459_ENZ_YPR113W,0.0,0.0019112454141397
unikp,r_2460_ENZ_YPR113W,0.0,0.0013841283517123
unikp,r_2461_ENZ_YPR113W,0.0,0.0005778881010887
unikp,r_2462_ENZ_YBR042C_FWD,0.0,0.0
unikp,r_2462_ENZ_YBR042C_REV,0.0,0.0
unikp,r_2463_ENZ_YBR042C_FWD,0.0,0.0
unikp,r_2463_ENZ_YBR042C_REV,0.0,0.0
unikp,r_2464_ENZ_YNL169C,0.0,0.006903577001508
unikp,r_2465_ENZ_YNL169C,0.0,0.0019524283196623
unikp,r_2466_ENZ_YNL169C,0.0,0.0017093704033937
unikp,r_2467_ENZ_YNL169C,0.0,0.0009413060590336
unikp,r_2468_ENZ_YNL169C,0.0,0.0020454321445895
unikp,r_2469_ENZ_YNL169C,0.0,0.0069813073879324
unikp,r_2470_ENZ_YNL169C,0.0,0.0018809159776112
unikp,r_2471_ENZ_YNL169C,0.0,0.0006998983266462
unikp,r_2472_ENZ_YGR170W,0.0,0.001198722917176
unikp,r_2473_ENZ_YGR170W,0.0,0.0004505667827777
unikp,r_2474_ENZ_YGR170W,0.0,0.0002854566272875
unikp,r_2475_ENZ_YGR170W,0.0,0.0002923802506608
unikp,r_2476_ENZ_YGR170W,0.0,0.0005409363639846
unikp,r_2477_ENZ_YGR170W,0.0,0.0015172677761167
unikp,r_2478_ENZ_YGR170W,0.0,0.0006133498063658
unikp,r_2479_ENZ_YGR170W,0.0,0.0003921542989936
unikp,r_2480_ENZ_YGR170W,0.0,0.0068930679188082
unikp,r_2481_ENZ_YGR170W,0.0,0.0010564878491318
unikp,r_2482_ENZ_YGR170W,0.0,0.0005022040773792
unikp,r_2483_ENZ_YGR170W,0.0,0.0005594792983669
unikp,r_2484_ENZ_YGR170W,0.0,0.0020454717528845
unikp,r_2485_ENZ_YGR170W,0.0,0.0067718301727375
unikp,r_2486_ENZ_YGR170W,0.0,0.0018810221520947
unikp,r_2487_ENZ_YGR170W,0.0,0.0006999161082447
unikp,r_2488_ENZ_YGR157W,0.0,0.0068927225173775
unikp,r_2489_ENZ_YGR157W,0.0,0.006644249944153
unikp,r_2490_ENZ_YGR157W,0.0,0.0015482809539954
unikp,r_2491_ENZ_YGR157W,0.0,0.0008311302992647
unikp,r_2492_ENZ_YGR157W,0.0,0.0068930002698086
unikp,r_2493_ENZ_YGR157W,0.0,0.006640287611222
unikp,r_2494_ENZ_YGR157W,0.0,0.0015470900098041
unikp,r_2495_ENZ_YGR157W,0.0,0.0007006577596798
unikp,r_2496_ENZ_YJR073C,0.0,0.0068927225175504
unikp,r_2497_ENZ_YJR073C,0.0,0.0066435106676985
unikp,r_2498_ENZ_YJR073C,0.0,0.0015482809539954
unikp,r_2499_ENZ_YJR073C,0.0,0.0008311302992647
unikp,r_2500_ENZ_YJR073C,0.0,0.0068930002698086
unikp,r_2501_ENZ_YJR073C,0.0,0.006640287611222
unikp,r_2502_ENZ_YJR073C,0.0,0.0015470900098041
unikp,r_2503_ENZ_YJR073C,0.0,0.0007006577596798
unikp,r_2504_ENZ_YJR073C,0.0,0.0068927225175504
unikp,r_2505_ENZ_YJR073C,0.0,0.0066435106676985
unikp,r_2506_ENZ_YJR073C,0.0,0.0015482809539954
unikp,r_2507_ENZ_YJR073C,0.0,0.0008311302992647
unikp,r_2508_ENZ_YJR073C,0.0,0.0068930002698086
unikp,r_2509_ENZ_YJR073C,0.0,0.006640287611222
unikp,r_2510_ENZ_YJR073C,0.0,0.0015470900098041
unikp,r_2511_ENZ_YJR073C,0.0,0.0007006577596798
unikp,r_2512_ENZ_YOR311C,0.0,0.0008255713764597
unikp,r_2513_ENZ_YOR311C,0.0,0.0009357574557011
unikp,r_2514_ENZ_YOR311C,0.0,0.0008742696060647
unikp,r_2515_ENZ_YOR311C,0.0,0.000976416244212
unikp,r_2516_ENZ_YOR311C,0.0,0.0008295689614863
unikp,r_2517_ENZ_YOR311C,0.0,0.0009964963786526
unikp,r_2518_ENZ_YOR311C,0.0,0.0008701064734042
unikp,r_2519_ENZ_YOR311C,0.0,0.0009113633128571
unikp,r_2520_ENZ_YHR123W,0.0,0.0
unikp,r_2521_ENZ_YHR123W,0.0,0.0
unikp,r_2522_ENZ_YHR123W,0.0,0.0
unikp,r_2523_ENZ_YHR123W,0.0,0.0
unikp,r_2524_ENZ_YHR123W,0.0,0.0
unikp,r_2525_ENZ_YHR123W,0.0,0.0
unikp,r_2526_ENZ_YHR123W,0.0,0.0
unikp,r_2527_ENZ_YHR123W,0.0,0.0
unikp,r_2528_ENZ_YHR123W,0.0,0.0004506491879758
unikp,r_2528_ENZ_YNL130C,0.0,0.0004623450610356
unikp,r_2529_ENZ_YHR123W,0.0,0.0004372796336618
unikp,r_2529_ENZ_YNL130C,0.0,0.0004528550896933
unikp,r_2530_ENZ_YHR123W,0.0,0.0003523297822614
unikp,r_2530_ENZ_YNL130C,0.0,0.0003869488365088
unikp,r_2531_ENZ_YHR123W,0.0,0.0003026650585361
unikp,r_2531_ENZ_YNL130C,0.0,0.0003241371343453
unikp,r_2532_ENZ_YHR123W,0.0,0.000471116234416
unikp,r_2532_ENZ_YNL130C,0.0,0.000471116234416
unikp,r_2533_ENZ_YHR123W,0.0,0.0003867708506604
unikp,r_2533_ENZ_YNL130C,0.0,0.0004067308976101
unikp,r_2534_ENZ_YHR123W,0.0,0.0003476696327214
unikp,r_2534_ENZ_YNL130C,0.0,0.0003710006655055
unikp,r_2535_ENZ_YHR123W,0.0,0.0002797164077777
unikp,r_2535_ENZ_YNL130C,0.0,0.0002752116463499
unikp,r_2536_ENZ_YCL004W,0.0,0.0006499700304854
unikp,r_2537_ENZ_YCL004W,0.0,0.00063566163282
unikp,r_2538_ENZ_YCL004W,0.0,0.0004313654328243
unikp,r_2539_ENZ_YCL004W,0.0,0.0003290168683817
unikp,r_2540_ENZ_YCL004W,0.0,0.0004035962064029
unikp,r_2541_ENZ_YCL004W,0.0,0.0003552045562088
unikp,r_2542_ENZ_YHR100C,0.0,0.0006499700304854
unikp,r_2543_ENZ_YHR100C,0.0,0.00063566163282
unikp,r_2544_ENZ_YHR100C,0.0,0.0004313654328243
unikp,r_2545_ENZ_YHR100C,0.0,0.0003290168683817
unikp,r_2546_ENZ_YHR100C,0.0,0.0004035962064029
unikp,r_2547_ENZ_YHR100C,0.0,0.0003552045562088
unikp,r_2548_ENZ_YDL142C,0.0,0.0
unikp,r_2549_ENZ_YDL142C,0.0,0.0
unikp,r_2550_ENZ_YDL142C,0.0,0.0
unikp,r_2551_ENZ_YDL142C,0.0,0.0
unikp,r_2552_ENZ_YDL142C,0.0,0.0
unikp,r_2553_ENZ_YDL142C,0.0,0.0
unikp,r_2554_ENZ_YDL142C,0.0,0.0
unikp,r_2555_ENZ_YDL142C,0.0,0.0
unikp,r_2556_ENZ_YDL142C,0.0,0.0
unikp,r_2557_ENZ_YDL142C,0.0,0.0
unikp,r_2558_ENZ_YDL142C,0.0,0.0
unikp,r_2559_ENZ_YDL142C,0.0,0.0
unikp,r_2560_ENZ_YDL142C,0.0,0.0
unikp,r_2561_ENZ_YDL142C,0.0,0.0
unikp,r_2562_ENZ_YDL142C,0.0,0.0
unikp,r_2563_ENZ_YDL142C,0.0,0.0
unikp,r_2564_ENZ_YDL142C,0.0,0.0
unikp,r_2565_ENZ_YDL142C,0.0,0.0
unikp,r_2566_ENZ_YDL142C,0.0,0.0
unikp,r_2567_ENZ_YDL142C,0.0,0.0
unikp,r_2568_ENZ_YDL142C,0.0,0.0
unikp,r_2569_ENZ_YDL142C,0.0,0.0
unikp,r_2570_ENZ_YDL142C,0.0,0.0
unikp,r_2571_ENZ_YDL142C,0.0,0.0
unikp,r_2572_ENZ_YDL142C,0.0,0.0
unikp,r_2573_ENZ_YDL142C,0.0,0.0
unikp,r_2574_ENZ_YDL142C,0.0,0.0
unikp,r_2575_ENZ_YDL142C,0.0,0.0
unikp,r_2576_ENZ_YDL142C,0.0,0.0
unikp,r_2577_ENZ_YDL142C,0.0,0.0
unikp,r_2578_ENZ_YDL142C,0.0,0.0
unikp,r_2579_ENZ_YDL142C,0.0,0.0
unikp,r_2580_ENZ_YDL142C,0.0,0.0
unikp,r_2581_ENZ_YDL142C,0.0,0.0
unikp,r_2582_ENZ_YDL142C,0.0,0.0
unikp,r_2583_ENZ_YDL142C,0.0,0.0
unikp,r_2584_ENZ_YGR110W,0.0,0.0
unikp,r_2585_ENZ_YGR110W,0.0,0.0
unikp,r_2586_ENZ_YGR110W,0.0,0.0
unikp,r_2587_ENZ_YGR110W,0.0,0.0
unikp,r_2588_ENZ_YGR110W,0.0,0.0
unikp,r_2589_ENZ_YGR110W,0.0,0.0
unikp,r_2590_ENZ_YGR110W,0.0,0.0
unikp,r_2591_ENZ_YGR110W,0.0,0.0
unikp,r_2592_ENZ_YGR110W,0.0,0.0
unikp,r_2593_ENZ_YGR110W,0.0,0.0
unikp,r_2594_ENZ_YGR110W,0.0,0.0
unikp,r_2595_ENZ_YGR110W,0.0,0.0
unikp,r_2596_ENZ_YGR110W,0.0,0.0
unikp,r_2597_ENZ_YGR110W,0.0,0.0
unikp,r_2598_ENZ_YGR110W,0.0,0.0
unikp,r_2599_ENZ_YGR110W,0.0,0.0
unikp,r_2600_ENZ_YGR110W,0.0,0.0
unikp,r_2601_ENZ_YGR110W,0.0,0.0
unikp,r_2602_ENZ_YGR110W,0.0,0.0
unikp,r_2603_ENZ_YGR110W,0.0,0.0
unikp,r_2604_ENZ_YGR110W,0.0,0.0
unikp,r_2605_ENZ_YGR110W,0.0,0.0
unikp,r_2606_ENZ_YGR110W,0.0,0.0
unikp,r_2607_ENZ_YGR110W,0.0,0.0
unikp,r_2608_ENZ_YGR110W,0.0,0.0
unikp,r_2609_ENZ_YGR110W,0.0,0.0
unikp,r_2610_ENZ_YGR110W,0.0,0.0
unikp,r_2611_ENZ_YGR110W,0.0,0.0
unikp,r_2612_ENZ_YGR110W,0.0,0.0
unikp,r_2613_ENZ_YGR110W,0.0,0.0
unikp,r_2614_ENZ_YGR110W,0.0,0.0
unikp,r_2615_ENZ_YGR110W,0.0,0.0
unikp,r_2616_ENZ_YGR110W,0.0,0.0
unikp,r_2617_ENZ_YGR110W,0.0,0.0
unikp,r_2618_ENZ_YGR110W,0.0,0.0
unikp,r_2619_ENZ_YGR110W,0.0,0.0
unikp,r_2620_ENZ_YPR140W_FWD,0.0,1000.0
unikp,r_2620_ENZ_YPR140W_REV,0.0,1000.0
unikp,r_2621_ENZ_YPR140W_FWD,0.0,1000.0
unikp,r_2621_ENZ_YPR140W_REV,0.0,1000.0
unikp,r_2622_ENZ_YPR140W_FWD,0.0,1000.0
unikp,r_2622_ENZ_YPR140W_REV,0.0,1000.0
unikp,r_2623_ENZ_YPR140W_FWD,0.0,1000.0
unikp,r_2623_ENZ_YPR140W_REV,0.0,1000.0
unikp,r_2624_ENZ_YPR140W_FWD,0.0,1000.0
unikp,r_2624_ENZ_YPR140W_REV,0.0,1000.0
unikp,r_2625_ENZ_YPR140W_FWD,0.0,1000.0
unikp,r_2625_ENZ_YPR140W_REV,0.0,1000.0
unikp,r_2626_ENZ_YPR140W_FWD,0.0,1000.0
unikp,r_2626_ENZ_YPR140W_REV,0.0,1000.0
unikp,r_2627_ENZ_YPR140W_FWD,0.0,1000.0
unikp,r_2627_ENZ_YPR140W_REV,0.0,1000.0
unikp,r_2628_ENZ_YPR140W_FWD,0.0,1000.0
unikp,r_2628_ENZ_YPR140W_REV,0.0,1000.0
unikp,r_2629_ENZ_YPR140W_FWD,0.0,1000.0
unikp,r_2629_ENZ_YPR140W_REV,0.0,1000.0
unikp,r_2630_ENZ_YPR140W_FWD,0.0,1000.0
unikp,r_2630_ENZ_YPR140W_REV,0.0,1000.0
unikp,r_2631_ENZ_YPR140W_FWD,0.0,1000.0
unikp,r_2631_ENZ_YPR140W_REV,0.0,1000.0
unikp,r_2632_ENZ_YPR140W_FWD,0.0,1000.0
unikp,r_2632_ENZ_YPR140W_REV,0.0,1000.0
unikp,r_2633_ENZ_YPR140W_FWD,0.0,1000.0
unikp,r_2633_ENZ_YPR140W_REV,0.0,1000.0
unikp,r_2634_ENZ_YPR140W_FWD,0.0,1000.0
unikp,r_2634_ENZ_YPR140W_REV,0.0,1000.0
unikp,r_2635_ENZ_YPR140W_FWD,0.0,1000.0
unikp,r_2635_ENZ_YPR140W_REV,0.0,1000.0
unikp,r_2636_ENZ_YPR140W_FWD,0.0,1000.0
unikp,r_2636_ENZ_YPR140W_REV,0.0,1000.0
unikp,r_2637_ENZ_YPR140W_FWD,0.0,1000.0
unikp,r_2637_ENZ_YPR140W_REV,0.0,1000.0
unikp,r_2638_ENZ_YPR140W_FWD,0.0,1000.0
unikp,r_2638_ENZ_YPR140W_REV,0.0,1000.0
unikp,r_2639_ENZ_YPR140W_FWD,0.0,1000.0
unikp,r_2639_ENZ_YPR140W_REV,0.0,1000.0
unikp,r_2640_ENZ_YPR140W_FWD,0.0,1000.0
unikp,r_2640_ENZ_YPR140W_REV,0.0,1000.0
unikp,r_2641_ENZ_YPR140W_FWD,0.0,1000.0
unikp,r_2641_ENZ_YPR140W_REV,0.0,1000.0
unikp,r_2642_ENZ_YPR140W_FWD,0.0,1000.0
unikp,r_2642_ENZ_YPR140W_REV,0.0,1000.0
unikp,r_2643_ENZ_YPR140W_FWD,0.0,1000.0
unikp,r_2643_ENZ_YPR140W_REV,0.0,1000.0
unikp,r_2644_ENZ_YPR140W_FWD,0.0,1000.0
unikp,r_2644_ENZ_YPR140W_REV,0.0,1000.0
unikp,r_2645_ENZ_YPR140W_FWD,0.0,1000.0
unikp,r_2645_ENZ_YPR140W_REV,0.0,1000.0
unikp,r_2646_ENZ_YPR140W_FWD,0.0,1000.0
unikp,r_2646_ENZ_YPR140W_REV,0.0,1000.0
unikp,r_2647_ENZ_YPR140W_FWD,0.0,1000.0
unikp,r_2647_ENZ_YPR140W_REV,0.0,1000.0
unikp,r_2648_ENZ_YPR140W_FWD,0.0,1000.0
unikp,r_2648_ENZ_YPR140W_REV,0.0,1000.0
unikp,r_2649_ENZ_YPR140W_FWD,0.0,1000.0
unikp,r_2649_ENZ_YPR140W_REV,0.0,1000.0
unikp,r_2650_ENZ_YPR140W_FWD,0.0,1000.0
unikp,r_2650_ENZ_YPR140W_REV,0.0,1000.0
unikp,r_2651_ENZ_YPR140W_FWD,0.0,1000.0
unikp,r_2651_ENZ_YPR140W_REV,0.0,1000.0
unikp,r_2652_ENZ_YPR140W_FWD,0.0,1000.0
unikp,r_2652_ENZ_YPR140W_REV,0.0,1000.0
unikp,r_2653_ENZ_YPR140W_FWD,0.0,1000.0
unikp,r_2653_ENZ_YPR140W_REV,0.0,1000.0
unikp,r_2654_ENZ_YPR140W_FWD,0.0,1000.0
unikp,r_2654_ENZ_YPR140W_REV,0.0,1000.0
unikp,r_2655_ENZ_YPR140W_FWD,0.0,1000.0
unikp,r_2655_ENZ_YPR140W_REV,0.0,1000.0
unikp,r_2656_ENZ_YPR140W_FWD,0.0,1000.0
unikp,r_2656_ENZ_YPR140W_REV,0.0,1000.0
unikp,r_2657_ENZ_YPR140W_FWD,0.0,1000.0
unikp,r_2657_ENZ_YPR140W_REV,0.0,1000.0
unikp,r_2658_ENZ_YPR140W_FWD,0.0,1000.0
unikp,r_2658_ENZ_YPR140W_REV,0.0,1000.0
unikp,r_2659_ENZ_YPR140W_FWD,0.0,1000.0
unikp,r_2659_ENZ_YPR140W_REV,0.0,1000.0
unikp,r_2660_ENZ_YPR140W_FWD,0.0,1000.0
unikp,r_2660_ENZ_YPR140W_REV,0.0,1000.0
unikp,r_2661_ENZ_YPR140W_FWD,0.0,1000.0
unikp,r_2661_ENZ_YPR140W_REV,0.0,1000.0
unikp,r_2662_ENZ_YPR140W_FWD,0.0,1000.0
unikp,r_2662_ENZ_YPR140W_REV,0.0,1000.0
unikp,r_2663_ENZ_YPR140W_FWD,0.0,1000.0
unikp,r_2663_ENZ_YPR140W_REV,0.0,1000.0
unikp,r_2664_ENZ_YPR140W_FWD,0.0,1000.0
unikp,r_2664_ENZ_YPR140W_REV,0.0,1000.0
unikp,r_2665_ENZ_YPR140W_FWD,0.0,1000.0
unikp,r_2665_ENZ_YPR140W_REV,0.0,1000.0
unikp,r_2666_ENZ_YPR140W_FWD,0.0,1000.0
unikp,r_2666_ENZ_YPR140W_REV,0.0,1000.0
unikp,r_2667_ENZ_YPR140W_FWD,0.0,1000.0
unikp,r_2667_ENZ_YPR140W_REV,0.0,1000.0
unikp,r_2668_ENZ_YPR140W_FWD,0.0,1000.0
unikp,r_2668_ENZ_YPR140W_REV,0.0,1000.0
unikp,r_2669_ENZ_YPR140W_FWD,0.0,1000.0
unikp,r_2669_ENZ_YPR140W_REV,0.0,1000.0
unikp,r_2670_ENZ_YPR140W_FWD,0.0,1000.0
unikp,r_2670_ENZ_YPR140W_REV,0.0,1000.0
unikp,r_2671_ENZ_YPR140W_FWD,0.0,1000.0
unikp,r_2671_ENZ_YPR140W_REV,0.0,1000.0
unikp,r_2672_ENZ_YPR140W_FWD,0.0,1000.0
unikp,r_2672_ENZ_YPR140W_REV,0.0,1000.0
unikp,r_2673_ENZ_YPR140W_FWD,0.0,1000.0
unikp,r_2673_ENZ_YPR140W_REV,0.0,1000.0
unikp,r_2674_ENZ_YPR140W_FWD,0.0,1000.0
unikp,r_2674_ENZ_YPR140W_REV,0.0,1000.0
unikp,r_2675_ENZ_YPR140W_FWD,0.0,1000.0
unikp,r_2675_ENZ_YPR140W_REV,0.0,1000.0
unikp,r_2676_ENZ_YPR140W_FWD,0.0,1000.0
unikp,r_2676_ENZ_YPR140W_REV,0.0,1000.0
unikp,r_2677_ENZ_YPR140W_FWD,0.0,1000.0
unikp,r_2677_ENZ_YPR140W_REV,0.0,1000.0
unikp,r_2678_ENZ_YPR140W_FWD,0.0,1000.0
unikp,r_2678_ENZ_YPR140W_REV,0.0,1000.0
unikp,r_2679_ENZ_YPR140W_FWD,0.0,1000.0
unikp,r_2679_ENZ_YPR140W_REV,0.0,1000.0
unikp,r_2680_ENZ_YPR140W_FWD,0.0,1000.0
unikp,r_2680_ENZ_YPR140W_REV,0.0,1000.0
unikp,r_2681_ENZ_YPR140W_FWD,0.0,1000.0
unikp,r_2681_ENZ_YPR140W_REV,0.0,1000.0
unikp,r_2682_ENZ_YPR140W_FWD,0.0,1000.0
unikp,r_2682_ENZ_YPR140W_REV,0.0,1000.0
unikp,r_2683_ENZ_YPR140W_FWD,0.0,1000.0
unikp,r_2683_ENZ_YPR140W_REV,0.0,1000.0
unikp,r_2684_ENZ_YPR140W_FWD,0.0,1000.0
unikp,r_2684_ENZ_YPR140W_REV,0.0,1000.0
unikp,r_2685_ENZ_YPR140W_FWD,0.0,1000.0
unikp,r_2685_ENZ_YPR140W_REV,0.0,1000.0
unikp,r_2686_ENZ_YPR140W_FWD,0.0,1000.0
unikp,r_2686_ENZ_YPR140W_REV,0.0,1000.0
unikp,r_2687_ENZ_YPR140W_FWD,0.0,1000.0
unikp,r_2687_ENZ_YPR140W_REV,0.0,1000.0
unikp,r_2688_ENZ_YPR140W_FWD,0.0,1000.0
unikp,r_2688_ENZ_YPR140W_REV,0.0,1000.0
unikp,r_2689_ENZ_YPR140W_FWD,0.0,1000.0
unikp,r_2689_ENZ_YPR140W_REV,0.0,1000.0
unikp,r_2690_ENZ_YPR140W_FWD,0.0,1000.0
unikp,r_2690_ENZ_YPR140W_REV,0.0,1000.0
unikp,r_2691_ENZ_YPR140W_FWD,0.0,1000.0
unikp,r_2691_ENZ_YPR140W_REV,0.0,1000.0
unikp,r_2692_ENZ_YPR140W_FWD,0.0,1000.0
unikp,r_2692_ENZ_YPR140W_REV,0.0,1000.0
unikp,r_2693_ENZ_YPR140W_FWD,0.0,1000.0
unikp,r_2693_ENZ_YPR140W_REV,0.0,1000.0
unikp,r_2694_ENZ_YPR140W_FWD,0.0,1000.0
unikp,r_2694_ENZ_YPR140W_REV,0.0,1000.0
unikp,r_2695_ENZ_YPR140W_FWD,0.0,1000.0
unikp,r_2695_ENZ_YPR140W_REV,0.0,1000.0
unikp,r_2696_ENZ_YPR140W_FWD,0.0,1000.0
unikp,r_2696_ENZ_YPR140W_REV,0.0,1000.0
unikp,r_2697_ENZ_YPR140W_FWD,0.0,1000.0
unikp,r_2697_ENZ_YPR140W_REV,0.0,1000.0
unikp,r_2698_ENZ_YPR140W_FWD,0.0,1000.0
unikp,r_2698_ENZ_YPR140W_REV,0.0,1000.0
unikp,r_2699_ENZ_YPR140W_FWD,0.0,1000.0
unikp,r_2699_ENZ_YPR140W_REV,0.0,1000.0
unikp,r_2700_ENZ_YPR140W_FWD,0.0,1000.0
unikp,r_2700_ENZ_YPR140W_REV,0.0,1000.0
unikp,r_2701_ENZ_YPR140W_FWD,0.0,1000.0
unikp,r_2701_ENZ_YPR140W_REV,0.0,1000.0
unikp,r_2702_ENZ_YPR140W_FWD,0.0,1000.0
unikp,r_2702_ENZ_YPR140W_REV,0.0,1000.0
unikp,r_2703_ENZ_YPR140W_FWD,0.0,1000.0
unikp,r_2703_ENZ_YPR140W_REV,0.0,1000.0
unikp,r_2704_ENZ_YPR140W_FWD,0.0,1000.0
unikp,r_2704_ENZ_YPR140W_REV,0.0,1000.0
unikp,r_2705_ENZ_YPR140W_FWD,0.0,1000.0
unikp,r_2705_ENZ_YPR140W_REV,0.0,1000.0
unikp,r_2706_ENZ_YPR140W_FWD,0.0,1000.0
unikp,r_2706_ENZ_YPR140W_REV,0.0,1000.0
unikp,r_2707_ENZ_YPR140W_FWD,0.0,1000.0
unikp,r_2707_ENZ_YPR140W_REV,0.0,1000.0
unikp,r_2708_ENZ_YPR140W_FWD,0.0,1000.0
unikp,r_2708_ENZ_YPR140W_REV,0.0,1000.0
unikp,r_2709_ENZ_YPR140W_FWD,0.0,1000.0
unikp,r_2709_ENZ_YPR140W_REV,0.0,1000.0
unikp,r_2710_ENZ_YPR140W_FWD,0.0,1000.0
unikp,r_2710_ENZ_YPR140W_REV,0.0,1000.0
unikp,r_2711_ENZ_YPR140W_FWD,0.0,1000.0
unikp,r_2711_ENZ_YPR140W_REV,0.0,1000.0
unikp,r_2712_ENZ_YPR140W_FWD,0.0,1000.0
unikp,r_2712_ENZ_YPR140W_REV,0.0,1000.0
unikp,r_2713_ENZ_YPR140W_FWD,0.0,1000.0
unikp,r_2713_ENZ_YPR140W_REV,0.0,1000.0
unikp,r_2714_ENZ_YPR140W_FWD,0.0,1000.0
unikp,r_2714_ENZ_YPR140W_REV,0.0,1000.0
unikp,r_2715_ENZ_YPR140W_FWD,0.0,1000.0
unikp,r_2715_ENZ_YPR140W_REV,0.0,1000.0
unikp,r_2716_ENZ_YPR140W_FWD,0.0,1000.0
unikp,r_2716_ENZ_YPR140W_REV,0.0,1000.0
unikp,r_2717_ENZ_YPR140W_FWD,0.0,1000.0
unikp,r_2717_ENZ_YPR140W_REV,0.0,1000.0
unikp,r_2718_ENZ_YPR140W_FWD,0.0,1000.0
unikp,r_2718_ENZ_YPR140W_REV,0.0,1000.0
unikp,r_2719_ENZ_YPR140W_FWD,0.0,1000.0
unikp,r_2719_ENZ_YPR140W_REV,0.0,1000.0
unikp,r_2720_ENZ_YPR140W_FWD,0.0,1000.0
unikp,r_2720_ENZ_YPR140W_REV,0.0,1000.0
unikp,r_2721_ENZ_YPR140W_FWD,0.0,1000.0
unikp,r_2721_ENZ_YPR140W_REV,0.0,1000.0
unikp,r_2722_ENZ_YPR140W_FWD,0.0,1000.0
unikp,r_2722_ENZ_YPR140W_REV,0.0,1000.0
unikp,r_2723_ENZ_YPR140W_FWD,0.0,1000.0
unikp,r_2723_ENZ_YPR140W_REV,0.0,1000.0
unikp,r_2724_ENZ_YPR140W_FWD,0.0,1000.0
unikp,r_2724_ENZ_YPR140W_REV,0.0,1000.0
unikp,r_2725_ENZ_YPR140W_FWD,0.0,1000.0
unikp,r_2725_ENZ_YPR140W_REV,0.0,1000.0
unikp,r_2726_ENZ_YPR140W_FWD,0.0,1000.0
unikp,r_2726_ENZ_YPR140W_REV,0.0,1000.0
unikp,r_2727_ENZ_YPR140W_FWD,0.0,1000.0
unikp,r_2727_ENZ_YPR140W_REV,0.0,1000.0
unikp,r_2728_ENZ_YPR140W_FWD,0.0,1000.0
unikp,r_2728_ENZ_YPR140W_REV,0.0,1000.0
unikp,r_2729_ENZ_YPR140W_FWD,0.0,1000.0
unikp,r_2729_ENZ_YPR140W_REV,0.0,1000.0
unikp,r_2730_ENZ_YPR140W_FWD,0.0,1000.0
unikp,r_2730_ENZ_YPR140W_REV,0.0,1000.0
unikp,r_2731_ENZ_YPR140W_FWD,0.0,1000.0
unikp,r_2731_ENZ_YPR140W_REV,0.0,1000.0
unikp,r_2732_ENZ_YPR140W_FWD,0.0,1000.0
unikp,r_2732_ENZ_YPR140W_REV,0.0,1000.0
unikp,r_2733_ENZ_YPR140W_FWD,0.0,1000.0
unikp,r_2733_ENZ_YPR140W_REV,0.0,1000.0
unikp,r_2734_ENZ_YPR140W_FWD,0.0,1000.0
unikp,r_2734_ENZ_YPR140W_REV,0.0,1000.0
unikp,r_2735_ENZ_YPR140W_FWD,0.0,1000.0
unikp,r_2735_ENZ_YPR140W_REV,0.0,1000.0
unikp,r_2736_ENZ_YPR140W_FWD,0.0,1000.0
unikp,r_2736_ENZ_YPR140W_REV,0.0,1000.0
unikp,r_2737_ENZ_YPR140W_FWD,0.0,1000.0
unikp,r_2737_ENZ_YPR140W_REV,0.0,1000.0
unikp,r_2738_ENZ_YPR140W_FWD,0.0,1000.0
unikp,r_2738_ENZ_YPR140W_REV,0.0,1000.0
unikp,r_2739_ENZ_YPR140W_FWD,0.0,1000.0
unikp,r_2739_ENZ_YPR140W_REV,0.0,1000.0
unikp,r_2740_ENZ_YPR140W_FWD,0.0,1000.0
unikp,r_2740_ENZ_YPR140W_REV,0.0,1000.0
unikp,r_2741_ENZ_YPR140W_FWD,0.0,1000.0
unikp,r_2741_ENZ_YPR140W_REV,0.0,1000.0
unikp,r_2742_ENZ_YPR140W_FWD,0.0,1000.0
unikp,r_2742_ENZ_YPR140W_REV,0.0,1000.0
unikp,r_2743_ENZ_YPR140W_FWD,0.0,1000.0
unikp,r_2743_ENZ_YPR140W_REV,0.0,1000.0
unikp,r_2744_ENZ_YPR140W_FWD,0.0,1000.0
unikp,r_2744_ENZ_YPR140W_REV,0.0,1000.0
unikp,r_2745_ENZ_YPR140W_FWD,0.0,1000.0
unikp,r_2745_ENZ_YPR140W_REV,0.0,1000.0
unikp,r_2746_ENZ_YPR140W_FWD,0.0,1000.0
unikp,r_2746_ENZ_YPR140W_REV,0.0,1000.0
unikp,r_2747_ENZ_YPR140W_FWD,0.0,1000.0
unikp,r_2747_ENZ_YPR140W_REV,0.0,1000.0
unikp,r_2748_ENZ_YPR140W_FWD,0.0,1000.0
unikp,r_2748_ENZ_YPR140W_REV,0.0,1000.0
unikp,r_2749_ENZ_YPR140W_FWD,0.0,1000.0
unikp,r_2749_ENZ_YPR140W_REV,0.0,1000.0
unikp,r_2750_ENZ_YPR140W_FWD,0.0,1000.0
unikp,r_2750_ENZ_YPR140W_REV,0.0,1000.0
unikp,r_2751_ENZ_YPR140W_FWD,0.0,1000.0
unikp,r_2751_ENZ_YPR140W_REV,0.0,1000.0
unikp,r_2752_ENZ_YPR140W_FWD,0.0,1000.0
unikp,r_2752_ENZ_YPR140W_REV,0.0,1000.0
unikp,r_2753_ENZ_YPR140W_FWD,0.0,1000.0
unikp,r_2753_ENZ_YPR140W_REV,0.0,1000.0
unikp,r_2754_ENZ_YPR140W_FWD,0.0,1000.0
unikp,r_2754_ENZ_YPR140W_REV,0.0,1000.0
unikp,r_2755_ENZ_YPR140W_FWD,0.0,1000.0
unikp,r_2755_ENZ_YPR140W_REV,0.0,1000.0
unikp,r_2756_ENZ_YPR140W_FWD,0.0,1000.0
unikp,r_2756_ENZ_YPR140W_REV,0.0,1000.0
unikp,r_2757_ENZ_YPR140W_FWD,0.0,1000.0
unikp,r_2757_ENZ_YPR140W_REV,0.0,1000.0
unikp,r_2758_ENZ_YPR140W_FWD,0.0,1000.0
unikp,r_2758_ENZ_YPR140W_REV,0.0,1000.0
unikp,r_2759_ENZ_YPR140W_FWD,0.0,1000.0
unikp,r_2759_ENZ_YPR140W_REV,0.0,1000.0
unikp,r_2760_ENZ_YPR140W_FWD,0.0,1000.0
unikp,r_2760_ENZ_YPR140W_REV,0.0,1000.0
unikp,r_2761_ENZ_YPR140W_FWD,0.0,1000.0
unikp,r_2761_ENZ_YPR140W_REV,0.0,1000.0
unikp,r_2762_ENZ_YPR140W_FWD,0.0,1000.0
unikp,r_2762_ENZ_YPR140W_REV,0.0,1000.0
unikp,r_2763_ENZ_YPR140W_FWD,0.0,1000.0
unikp,r_2763_ENZ_YPR140W_REV,0.0,1000.0
unikp,r_2764_ENZ_YPR140W_FWD,0.0,1000.0
unikp,r_2764_ENZ_YPR140W_REV,0.0,1000.0
unikp,r_2765_ENZ_YPR140W_FWD,0.0,1000.0
unikp,r_2765_ENZ_YPR140W_REV,0.0,1000.0
unikp,r_2766_ENZ_YPR140W_FWD,0.0,1000.0
unikp,r_2766_ENZ_YPR140W_REV,0.0,1000.0
unikp,r_2767_ENZ_YPR140W_FWD,0.0,1000.0
unikp,r_2767_ENZ_YPR140W_REV,0.0,1000.0
unikp,r_2768_ENZ_YPR140W_FWD,0.0,1000.0
unikp,r_2768_ENZ_YPR140W_REV,0.0,1000.0
unikp,r_2769_ENZ_YPR140W_FWD,0.0,1000.0
unikp,r_2769_ENZ_YPR140W_REV,0.0,1000.0
unikp,r_2770_ENZ_YPR140W_FWD,0.0,1000.0
unikp,r_2770_ENZ_YPR140W_REV,0.0,1000.0
unikp,r_2771_ENZ_YPR140W_FWD,0.0,1000.0
unikp,r_2771_ENZ_YPR140W_REV,0.0,1000.0
unikp,r_2772_ENZ_YPR140W_FWD,0.0,1000.0
unikp,r_2772_ENZ_YPR140W_REV,0.0,1000.0
unikp,r_2773_ENZ_YPR140W_FWD,0.0,1000.0
unikp,r_2773_ENZ_YPR140W_REV,0.0,1000.0
unikp,r_2774_ENZ_YPR140W_FWD,0.0,1000.0
unikp,r_2774_ENZ_YPR140W_REV,0.0,1000.0
unikp,r_2775_ENZ_YPR140W_FWD,0.0,1000.0
unikp,r_2775_ENZ_YPR140W_REV,0.0,1000.0
unikp,r_2776_ENZ_YPR140W_FWD,0.0,1000.0
unikp,r_2776_ENZ_YPR140W_REV,0.0,1000.0
unikp,r_2777_ENZ_YPR140W_FWD,0.0,1000.0
unikp,r_2777_ENZ_YPR140W_REV,0.0,1000.0
unikp,r_2778_ENZ_YPR140W_FWD,0.0,1000.0
unikp,r_2778_ENZ_YPR140W_REV,0.0,1000.0
unikp,r_2779_ENZ_YPR140W_FWD,0.0,1000.0
unikp,r_2779_ENZ_YPR140W_REV,0.0,1000.0
unikp,r_2780_ENZ_YPR140W_FWD,0.0,1000.0
unikp,r_2780_ENZ_YPR140W_REV,0.0,1000.0
unikp,r_2781_ENZ_YPR140W_FWD,0.0,1000.0
unikp,r_2781_ENZ_YPR140W_REV,0.0,1000.0
unikp,r_2782_ENZ_YPR140W_FWD,0.0,1000.0
unikp,r_2782_ENZ_YPR140W_REV,0.0,1000.0
unikp,r_2783_ENZ_YPR140W_FWD,0.0,1000.0
unikp,r_2783_ENZ_YPR140W_REV,0.0,1000.0
unikp,r_2784_ENZ_YPR140W_FWD,0.0,1000.0
unikp,r_2784_ENZ_YPR140W_REV,0.0,1000.0
unikp,r_2785_ENZ_YPR140W_FWD,0.0,1000.0
unikp,r_2785_ENZ_YPR140W_REV,0.0,1000.0
unikp,r_2786_ENZ_YPR140W_FWD,0.0,1000.0
unikp,r_2786_ENZ_YPR140W_REV,0.0,1000.0
unikp,r_2787_ENZ_YPR140W_FWD,0.0,1000.0
unikp,r_2787_ENZ_YPR140W_REV,0.0,1000.0
unikp,r_2788_ENZ_YPR140W_FWD,0.0,1000.0
unikp,r_2788_ENZ_YPR140W_REV,0.0,1000.0
unikp,r_2789_ENZ_YPR140W_FWD,0.0,1000.0
unikp,r_2789_ENZ_YPR140W_REV,0.0,1000.0
unikp,r_2790_ENZ_YPR140W_FWD,0.0,1000.0
unikp,r_2790_ENZ_YPR140W_REV,0.0,1000.0
unikp,r_2791_ENZ_YPR140W_FWD,0.0,1000.0
unikp,r_2791_ENZ_YPR140W_REV,0.0,1000.0
unikp,r_2792_ENZ_YPR140W_FWD,0.0,1000.0
unikp,r_2792_ENZ_YPR140W_REV,0.0,1000.0
unikp,r_2793_ENZ_YPR140W_FWD,0.0,1000.0
unikp,r_2793_ENZ_YPR140W_REV,0.0,1000.0
unikp,r_2794_ENZ_YPR140W_FWD,0.0,1000.0
unikp,r_2794_ENZ_YPR140W_REV,0.0,1000.0
unikp,r_2795_ENZ_YPR140W_FWD,0.0,1000.0
unikp,r_2795_ENZ_YPR140W_REV,0.0,1000.0
unikp,r_2796_ENZ_YPR140W_FWD,0.0,1000.0
unikp,r_2796_ENZ_YPR140W_REV,0.0,1000.0
unikp,r_2797_ENZ_YPR140W_FWD,0.0,1000.0
unikp,r_2797_ENZ_YPR140W_REV,0.0,1000.0
unikp,r_2798_ENZ_YPR140W_FWD,0.0,1000.0
unikp,r_2798_ENZ_YPR140W_REV,0.0,1000.0
unikp,r_2799_ENZ_YPR140W_FWD,0.0,1000.0
unikp,r_2799_ENZ_YPR140W_REV,0.0,1000.0
unikp,r_2800_ENZ_YPR140W_FWD,0.0,1000.0
unikp,r_2800_ENZ_YPR140W_REV,0.0,1000.0
unikp,r_2801_ENZ_YPR140W_FWD,0.0,1000.0
unikp,r_2801_ENZ_YPR140W_REV,0.0,1000.0
unikp,r_2802_ENZ_YPR140W_FWD,0.0,1000.0
unikp,r_2802_ENZ_YPR140W_REV,0.0,1000.0
unikp,r_2803_ENZ_YPR140W_FWD,0.0,1000.0
unikp,r_2803_ENZ_YPR140W_REV,0.0,1000.0
unikp,r_2804_ENZ_YPR140W_FWD,0.0,1000.0
unikp,r_2804_ENZ_YPR140W_REV,0.0,1000.0
unikp,r_2805_ENZ_YPR140W_FWD,0.0,1000.0
unikp,r_2805_ENZ_YPR140W_REV,0.0,1000.0
unikp,r_2806_ENZ_YPR140W_FWD,0.0,1000.0
unikp,r_2806_ENZ_YPR140W_REV,0.0,1000.0
unikp,r_2807_ENZ_YPR140W_FWD,0.0,1000.0
unikp,r_2807_ENZ_YPR140W_REV,0.0,1000.0
unikp,r_2808_ENZ_YPR140W_FWD,0.0,1000.0
unikp,r_2808_ENZ_YPR140W_REV,0.0,1000.0
unikp,r_2809_ENZ_YPR140W_FWD,0.0,1000.0
unikp,r_2809_ENZ_YPR140W_REV,0.0,1000.0
unikp,r_2810_ENZ_YPR140W_FWD,0.0,1000.0
unikp,r_2810_ENZ_YPR140W_REV,0.0,1000.0
unikp,r_2811_ENZ_YPR140W_FWD,0.0,1000.0
unikp,r_2811_ENZ_YPR140W_REV,0.0,1000.0
unikp,r_2812,0.0,0.0
unikp,r_2813,0.0,0.0
unikp,r_2814,0.0,0.0
unikp,r_2815,0.0,0.0
unikp,r_2816,0.0,0.0
unikp,r_2817,0.0,0.0
unikp,r_2818,0.0,0.0
unikp,r_2819,0.0,0.0
unikp,r_2820_ENZ_YJL100W,0.0,0.002521728921678
unikp,r_2820_ENZ_YLR305C,0.0,0.0025225856968669
unikp,r_2821_ENZ_YJL100W,0.0,0.0025236861628803
unikp,r_2821_ENZ_YLR305C,0.0,0.0025240517929381
unikp,r_2822_ENZ_YJL100W,0.0,0.0025234194129382
unikp,r_2822_ENZ_YLR305C,0.0,0.0025234194129106
unikp,r_2823_ENZ_YJL100W,0.0,0.0025195868507053
unikp,r_2823_ENZ_YLR305C,0.0,0.0025226401550861
unikp,r_2824_ENZ_YJL100W,0.0,0.0025183658285365
unikp,r_2824_ENZ_YLR305C,0.0,0.0025237571034839
unikp,r_2825_ENZ_YJL100W,0.0,0.0025194572844234
unikp,r_2825_ENZ_YLR305C,0.0,0.0025234562958162
unikp,r_2826_ENZ_YJL100W,0.0,0.0007401736222929
unikp,r_2826_ENZ_YLR305C,0.0,0.0003810343311828
unikp,r_2827_ENZ_YJL100W,0.0,0.0025243257522165
unikp,r_2827_ENZ_YLR305C,0.0,0.0025243258524689
unikp,r_2828_ENZ_YJL100W,0.0,0.0
unikp,r_2829_ENZ_YJL100W,0.0,0.0
unikp,r_2830_ENZ_YJL100W,0.0,0.0
unikp,r_2831_ENZ_YJL100W,0.0,0.0
unikp,r_2832_ENZ_YJL100W,0.0,0.0
unikp,r_2833_ENZ_YJL100W,0.0,0.0
unikp,r_2834_ENZ_YJL100W,0.0,0.0
unikp,r_2835_ENZ_YJL100W,0.0,0.0
unikp,r_2836_ENZ_YDR373W_and_YNL267W,0.0,0.00221505232156
unikp,r_2837_ENZ_YDR373W_and_YNL267W,0.0,0.0023008639932313
unikp,r_2838_ENZ_YDR373W_and_YNL267W,0.0,0.00221505232156
unikp,r_2839_ENZ_YDR373W_and_YNL267W,0.0,0.0023008639932313
unikp,r_2840_ENZ_YDR373W_and_YNL267W,0.0,0.00221505232156
unikp,r_2841_ENZ_YDR373W_and_YNL267W,0.0,0.0023008639932313
unikp,r_2842_ENZ_YDR373W_and_YNL267W,0.0,0.0005364808755699
unikp,r_2843_ENZ_YDR373W_and_YNL267W,0.0,0.0022150523214659
unikp,r_2844_ENZ_YNL267W,0.0,0.0012616359057964
unikp,r_2845_ENZ_YNL267W,0.0,0.0012596436842575
unikp,r_2846_ENZ_YNL267W,0.0,0.001261696197381
unikp,r_2847_ENZ_YNL267W,0.0,0.0012600657920485
unikp,r_2848_ENZ_YNL267W,0.0,0.0012620316297715
unikp,r_2849_ENZ_YNL267W,0.0,0.0012597359860708
unikp,r_2850_ENZ_YNL267W,0.0,0.0003168913906953
unikp,r_2851_ENZ_YNL267W,0.0,0.0012596893777957
unikp,r_2852_ENZ_YBR097W_and_YLR240W,0.0,0.0025184306840104
unikp,r_2852_ENZ_YBR097W_and_YLR240W_and_YBR128C_and_YPL120W_and_YLR211C,0.0,0.0025184307840131
unikp,r_2852_ENZ_YBR097W_and_YLR240W_and_YPL120W_and_YLR360W,0.0,0.0025184307840131
unikp,r_2853_ENZ_YBR097W_and_YLR240W,0.0,0.0025182669711769
unikp,r_2853_ENZ_YBR097W_and_YLR240W_and_YBR128C_and_YPL120W_and_YLR211C,0.0,0.00260770661141
unikp,r_2853_ENZ_YBR097W_and_YLR240W_and_YPL120W_and_YLR360W,0.0,0.0026077066114097
unikp,r_2854_ENZ_YBR097W_and_YLR240W,0.0,0.0026077066113982
unikp,r_2854_ENZ_YBR097W_and_YLR240W_and_YBR128C_and_YPL120W_and_YLR211C,0.0,0.0026077067116618
unikp,r_2854_ENZ_YBR097W_and_YLR240W_and_YPL120W_and_YLR360W,0.0,0.0026077067116618
unikp,r_2855_ENZ_YBR097W_and_YLR240W,0.0,0.0026077066113982
unikp,r_2855_ENZ_YBR097W_and_YLR240W_and_YBR128C_and_YPL120W_and_YLR211C,0.0,0.0026077067116618
unikp,r_2855_ENZ_YBR097W_and_YLR240W_and_YPL120W_and_YLR360W,0.0,0.0026077067116618
unikp,r_2856_ENZ_YBR097W_and_YLR240W,0.0,0.0025223768024076
unikp,r_2856_ENZ_YBR097W_and_YLR240W_and_YBR128C_and_YPL120W_and_YLR211C,0.0,0.0025223768022065
unikp,r_2856_ENZ_YBR097W_and_YLR240W_and_YPL120W_and_YLR360W,0.0,0.0025223768022065
unikp,r_2857_ENZ_YBR097W_and_YLR240W,0.0,0.0025223768023053
unikp,r_2857_ENZ_YBR097W_and_YLR240W_and_YBR128C_and_YPL120W_and_YLR211C,0.0,0.0025225959778878
unikp,r_2857_ENZ_YBR097W_and_YLR240W_and_YPL120W_and_YLR360W,0.0,0.0025225959778878
unikp,r_2858_ENZ_YBR097W_and_YLR240W,0.0,0.0004431346527997
unikp,r_2858_ENZ_YBR097W_and_YLR240W_and_YBR128C_and_YPL120W_and_YLR211C,0.0,0.0003531726056058
unikp,r_2858_ENZ_YBR097W_and_YLR240W_and_YPL120W_and_YLR360W,0.0,0.0003462017298435
unikp,r_2859_ENZ_YBR097W_and_YLR240W,0.0,0.0003689494725733
unikp,r_2859_ENZ_YBR097W_and_YLR240W_and_YBR128C_and_YPL120W_and_YLR211C,0.0,0.0003422752915606
unikp,r_2859_ENZ_YBR097W_and_YLR240W_and_YPL120W_and_YLR360W,0.0,0.0003585223711561
unikp,r_2860_ENZ_YDR208W,0.0,0.0012604094178193
unikp,r_2861_ENZ_YDR208W,0.0,0.0012596436842575
unikp,r_2862_ENZ_YDR208W,0.0,0.001261696197381
unikp,r_2863_ENZ_YDR208W,0.0,0.0012600657920485
unikp,r_2864_ENZ_YDR208W,0.0,0.0012620316297715
unikp,r_2865_ENZ_YDR208W,0.0,0.0012597359860708
unikp,r_2866_ENZ_YDR208W,0.0,0.0003168913906953
unikp,r_2867_ENZ_YDR208W,0.0,0.0012596893777957
unikp,r_2868_ENZ_YDR208W,0.0,0.0025235094158053
unikp,r_2869_ENZ_YDR208W,0.0,0.0025181597375025
unikp,r_2870_ENZ_YDR208W,0.0,0.0025244888638917
unikp,r_2871_ENZ_YDR208W,0.0,0.002522241978943
unikp,r_2872_ENZ_YDR208W,0.0,0.0025224831347048
unikp,r_2873_ENZ_YDR208W,0.0,0.0025180630545077
unikp,r_2874_ENZ_YDR208W,0.0,0.0006790672244602
unikp,r_2875_ENZ_YDR208W,0.0,0.0025224581885936
unikp,r_2876_ENZ_YFR019W,0.0,0.0011100924277358
unikp,r_2877_ENZ_YFR019W,0.0,0.001109848277411
unikp,r_2878_ENZ_YFR019W,0.0,0.0011097253325846
unikp,r_2879_ENZ_YFR019W,0.0,0.0011098073653763
unikp,r_2880_ENZ_YFR019W,0.0,0.001112755624005
unikp,r_2881_ENZ_YFR019W,0.0,0.0011098129440355
unikp,r_2882_ENZ_YFR019W,0.0,0.001082604309416
unikp,r_2883_ENZ_YFR019W,0.0,0.0010842811462229
unikp,r_2884_ENZ_YNR008W_FWD,0.0,1000.0
unikp,r_2884_ENZ_YNR008W_REV,0.0,1000.0
unikp,r_2885_ENZ_YNR008W_FWD,0.0,1000.0
unikp,r_2885_ENZ_YNR008W_REV,0.0,1000.0
unikp,r_2886_ENZ_YNR008W_FWD,0.0,1000.0
unikp,r_2886_ENZ_YNR008W_REV,0.0,1000.0
unikp,r_2887_ENZ_YNR008W_FWD,0.0,1000.0
unikp,r_2887_ENZ_YNR008W_REV,0.0,1000.0
unikp,r_2888_ENZ_YNR008W_FWD,0.0,1000.0
unikp,r_2888_ENZ_YNR008W_REV,0.0,1000.0
unikp,r_2889_ENZ_YNR008W_FWD,0.0,1000.0
unikp,r_2889_ENZ_YNR008W_REV,0.0,1000.0
unikp,r_2890_ENZ_YNR008W_FWD,0.0,1000.0
unikp,r_2890_ENZ_YNR008W_REV,0.0,1000.0
unikp,r_2891_ENZ_YNR008W_FWD,0.0,1000.0
unikp,r_2891_ENZ_YNR008W_REV,0.0,1000.0
unikp,r_2892_ENZ_YNR008W_FWD,0.0,1000.0
unikp,r_2892_ENZ_YNR008W_REV,0.0,1000.0
unikp,r_2893_ENZ_YNR008W_FWD,0.0,1000.0
unikp,r_2893_ENZ_YNR008W_REV,0.0,1000.0
unikp,r_2894_ENZ_YNR008W_FWD,0.0,1000.0
unikp,r_2894_ENZ_YNR008W_REV,0.0,1000.0
unikp,r_2895_ENZ_YNR008W_FWD,0.0,1000.0
unikp,r_2895_ENZ_YNR008W_REV,0.0,1000.0
unikp,r_2896_ENZ_YNR008W_FWD,0.0,1000.0
unikp,r_2896_ENZ_YNR008W_REV,0.0,1000.0
unikp,r_2897_ENZ_YNR008W_FWD,0.0,1000.0
unikp,r_2897_ENZ_YNR008W_REV,0.0,1000.0
unikp,r_2898_ENZ_YNR008W_FWD,0.0,1000.0
unikp,r_2898_ENZ_YNR008W_REV,0.0,1000.0
unikp,r_2899_ENZ_YNR008W_FWD,0.0,1000.0
unikp,r_2899_ENZ_YNR008W_REV,0.0,1000.0
unikp,r_2900_ENZ_YNR008W_FWD,0.0,1000.0
unikp,r_2900_ENZ_YNR008W_REV,0.0,1000.0
unikp,r_2901_ENZ_YNR008W_FWD,0.0,1000.0
unikp,r_2901_ENZ_YNR008W_REV,0.0,1000.0
unikp,r_2902_ENZ_YNR008W_FWD,0.0,1000.0
unikp,r_2902_ENZ_YNR008W_REV,0.0,1000.0
unikp,r_2903_ENZ_YNR008W_FWD,0.0,1000.0
unikp,r_2903_ENZ_YNR008W_REV,0.0,1000.0
unikp,r_2904_ENZ_YNR008W_FWD,0.0,1000.0
unikp,r_2904_ENZ_YNR008W_REV,0.0,1000.0
unikp,r_2905_ENZ_YNR008W_FWD,0.0,1000.0
unikp,r_2905_ENZ_YNR008W_REV,0.0,1000.0
unikp,r_2906_ENZ_YNR008W_FWD,0.0,1000.0
unikp,r_2906_ENZ_YNR008W_REV,0.0,1000.0
unikp,r_2907_ENZ_YNR008W_FWD,0.0,1000.0
unikp,r_2907_ENZ_YNR008W_REV,0.0,1000.0
unikp,r_2908_ENZ_YNR008W_FWD,0.0,1000.0
unikp,r_2908_ENZ_YNR008W_REV,0.0,1000.0
unikp,r_2909_ENZ_YNR008W_FWD,0.0,1000.0
unikp,r_2909_ENZ_YNR008W_REV,0.0,1000.0
unikp,r_2910_ENZ_YNR008W_FWD,0.0,999.9996609396928
unikp,r_2910_ENZ_YNR008W_REV,0.0,1000.0
unikp,r_2911_ENZ_YNR008W_FWD,0.0,1000.0
unikp,r_2911_ENZ_YNR008W_REV,0.0,1000.0
unikp,r_2912_ENZ_YNR008W_FWD,0.0,1000.0
unikp,r_2912_ENZ_YNR008W_REV,0.0,1000.0
unikp,r_2913_ENZ_YNR008W_FWD,0.0,1000.0
unikp,r_2913_ENZ_YNR008W_REV,0.0,1000.0
unikp,r_2914_ENZ_YNR008W_FWD,0.0,1000.0
unikp,r_2914_ENZ_YNR008W_REV,0.0,1000.0
unikp,r_2915_ENZ_YNR008W_FWD,0.0,1000.0
unikp,r_2915_ENZ_YNR008W_REV,0.0,1000.0
unikp,r_2916_ENZ_YNR008W_FWD,0.0,1000.0
unikp,r_2916_ENZ_YNR008W_REV,0.0,1000.0
unikp,r_2917_ENZ_YNR008W_FWD,0.0,1000.0
unikp,r_2917_ENZ_YNR008W_REV,0.0,1000.0
unikp,r_2918_ENZ_YNR008W_FWD,0.0,1000.0
unikp,r_2918_ENZ_YNR008W_REV,0.0,1000.0
unikp,r_2919_ENZ_YNR008W_FWD,0.0,1000.0
unikp,r_2919_ENZ_YNR008W_REV,0.0,1000.0
unikp,r_2920_ENZ_YNR008W_FWD,0.0,1000.0
unikp,r_2920_ENZ_YNR008W_REV,0.0,1000.0
unikp,r_2921_ENZ_YNR008W_FWD,0.0,1000.0
unikp,r_2921_ENZ_YNR008W_REV,0.0,1000.0
unikp,r_2922_ENZ_YNR008W_FWD,0.0,1000.0
unikp,r_2922_ENZ_YNR008W_REV,0.0,1000.0
unikp,r_2923_ENZ_YNR008W_FWD,0.0,1000.0
unikp,r_2923_ENZ_YNR008W_REV,0.0,1000.0
unikp,r_2924_ENZ_YNR008W_FWD,0.0,1000.0
unikp,r_2924_ENZ_YNR008W_REV,0.0,1000.0
unikp,r_2925_ENZ_YNR008W_FWD,0.0,1000.0
unikp,r_2925_ENZ_YNR008W_REV,0.0,1000.0
unikp,r_2926_ENZ_YNR008W_FWD,0.0,1000.0
unikp,r_2926_ENZ_YNR008W_REV,0.0,1000.0
unikp,r_2927_ENZ_YNR008W_FWD,0.0,1000.0
unikp,r_2927_ENZ_YNR008W_REV,0.0,1000.0
unikp,r_2928_ENZ_YNR008W_FWD,0.0,1000.0
unikp,r_2928_ENZ_YNR008W_REV,0.0,1000.0
unikp,r_2929_ENZ_YNR008W_FWD,0.0,1000.0
unikp,r_2929_ENZ_YNR008W_REV,0.0,1000.0
unikp,r_2930_ENZ_YNR008W_FWD,0.0,1000.0
unikp,r_2930_ENZ_YNR008W_REV,0.0,1000.0
unikp,r_2931_ENZ_YNR008W_FWD,0.0,1000.0
unikp,r_2931_ENZ_YNR008W_REV,0.0,1000.0
unikp,r_2932_ENZ_YNR008W_FWD,0.0,1000.0
unikp,r_2932_ENZ_YNR008W_REV,0.0,1000.0
unikp,r_2933_ENZ_YNR008W_FWD,0.0,999.9992763273506
unikp,r_2933_ENZ_YNR008W_REV,0.0,1000.0
unikp,r_2934_ENZ_YNR008W_FWD,0.0,1000.0
unikp,r_2934_ENZ_YNR008W_REV,0.0,1000.0
unikp,r_2935_ENZ_YNR008W_FWD,0.0,1000.0
unikp,r_2935_ENZ_YNR008W_REV,0.0,1000.0
unikp,r_2936_ENZ_YNR008W_FWD,0.0,1000.0
unikp,r_2936_ENZ_YNR008W_REV,0.0,1000.0
unikp,r_2937_ENZ_YNR008W_FWD,0.0,1000.0
unikp,r_2937_ENZ_YNR008W_REV,0.0,1000.0
unikp,r_2938_ENZ_YNR008W_FWD,0.0,1000.0
unikp,r_2938_ENZ_YNR008W_REV,0.0,1000.0
unikp,r_2939_ENZ_YNR008W_FWD,0.0,1000.0
unikp,r_2939_ENZ_YNR008W_REV,0.0,1000.0
unikp,r_2940_ENZ_YNR008W_FWD,0.0,1000.0
unikp,r_2940_ENZ_YNR008W_REV,0.0,1000.0
unikp,r_2941_ENZ_YNR008W_FWD,0.0,999.9994944634634
unikp,r_2941_ENZ_YNR008W_REV,0.0,1000.0
unikp,r_2942_ENZ_YNR008W_FWD,0.0,1000.0
unikp,r_2942_ENZ_YNR008W_REV,0.0,1000.0
unikp,r_2943_ENZ_YNR008W_FWD,0.0,999.9994716904848
unikp,r_2943_ENZ_YNR008W_REV,0.0,1000.0
unikp,r_2944_ENZ_YNR008W_FWD,0.0,1000.0
unikp,r_2944_ENZ_YNR008W_REV,0.0,1000.0
unikp,r_2945_ENZ_YNR008W_FWD,0.0,1000.0
unikp,r_2945_ENZ_YNR008W_REV,0.0,1000.0
unikp,r_2946_ENZ_YNR008W_FWD,0.0,1000.0
unikp,r_2946_ENZ_YNR008W_REV,0.0,1000.0
unikp,r_2947_ENZ_YNR008W_FWD,0.0,1000.0
unikp,r_2947_ENZ_YNR008W_REV,0.0,1000.0
unikp,r_2948_ENZ_YNR008W_FWD,0.0,1000.0
unikp,r_2948_ENZ_YNR008W_REV,0.0,1000.0
unikp,r_2949_ENZ_YNR008W_FWD,0.0,0.0032976044046243
unikp,r_2949_ENZ_YNR008W_REV,0.0,0.0019653109621575
unikp,r_2950_ENZ_YNR008W_FWD,0.0,0.0027113276427828
unikp,r_2950_ENZ_YNR008W_REV,0.0,0.0018741740626498
unikp,r_2951_ENZ_YNR008W_FWD,0.0,0.0031476095170926
unikp,r_2951_ENZ_YNR008W_REV,0.0,0.0022472483520771
unikp,r_2952_ENZ_YNR008W_FWD,0.0,1000.0
unikp,r_2952_ENZ_YNR008W_REV,0.0,1000.0
unikp,r_2953_ENZ_YNR008W_FWD,0.0,1000.0
unikp,r_2953_ENZ_YNR008W_REV,0.0,1000.0
unikp,r_2954_ENZ_YNR008W_FWD,0.0,1000.0
unikp,r_2954_ENZ_YNR008W_REV,0.0,1000.0
unikp,r_2955_ENZ_YNR008W_FWD,0.0,1000.0
unikp,r_2955_ENZ_YNR008W_REV,0.0,1000.0
unikp,r_2956_ENZ_YNR008W_FWD,0.0,1000.0
unikp,r_2956_ENZ_YNR008W_REV,0.0,1000.0
unikp,r_2957_ENZ_YNR008W_FWD,0.0,0.0025051341894917
unikp,r_2957_ENZ_YNR008W_REV,0.0,0.0019802548254346
unikp,r_2958_ENZ_YNR008W_FWD,0.0,0.0022456991229682
unikp,r_2958_ENZ_YNR008W_REV,0.0,0.0019122601478559
unikp,r_2959_ENZ_YNR008W_FWD,0.0,0.0030405489487284
unikp,r_2959_ENZ_YNR008W_REV,0.0,0.002396755776267
unikp,r_2960_ENZ_YNR008W_FWD,0.0,1000.0
unikp,r_2960_ENZ_YNR008W_REV,0.0,1000.0
unikp,r_2961_ENZ_YNR008W_FWD,0.0,0.0038117368124571
unikp,r_2961_ENZ_YNR008W_REV,0.0,0.0027079972199095
unikp,r_2962_ENZ_YNR008W_FWD,0.0,0.0025787289519962
unikp,r_2962_ENZ_YNR008W_REV,0.0,0.001914348368576
unikp,r_2963_ENZ_YNR008W_FWD,0.0,0.0030091618369144
unikp,r_2963_ENZ_YNR008W_REV,0.0,0.0025014958814056
unikp,r_2964_ENZ_YNR008W_FWD,0.0,1000.0
unikp,r_2964_ENZ_YNR008W_REV,0.0,1000.0
unikp,r_2965_ENZ_YNR008W_FWD,0.0,0.0033201550689986
unikp,r_2965_ENZ_YNR008W_REV,0.0,0.0022917233996742
unikp,r_2966_ENZ_YNR008W_FWD,0.0,0.0016181436341283
unikp,r_2966_ENZ_YNR008W_REV,0.0,0.002337065487301
unikp,r_2967_ENZ_YNR008W_FWD,0.0,0.0032950358054836
unikp,r_2967_ENZ_YNR008W_REV,0.0,0.001652492938471
unikp,r_2968_ENZ_YNR008W_FWD,0.0,1000.0
unikp,r_2968_ENZ_YNR008W_REV,0.0,1000.0
unikp,r_2969_ENZ_YNR008W_FWD,0.0,1000.0
unikp,r_2969_ENZ_YNR008W_REV,0.0,1000.0
unikp,r_2970_ENZ_YNR008W_FWD,0.0,1000.0
unikp,r_2970_ENZ_YNR008W_REV,0.0,1000.0
unikp,r_2971_ENZ_YNR008W_FWD,0.0,1000.0
unikp,r_2971_ENZ_YNR008W_REV,0.0,1000.0
unikp,r_2972_ENZ_YNR008W_FWD,0.0,999.9999072162822
unikp,r_2972_ENZ_YNR008W_REV,0.0,1000.0
unikp,r_2973_ENZ_YNR008W_FWD,0.0,1000.0
unikp,r_2973_ENZ_YNR008W_REV,0.0,1000.0
unikp,r_2974_ENZ_YNR008W_FWD,0.0,1000.0
unikp,r_2974_ENZ_YNR008W_REV,0.0,1000.0
unikp,r_2975_ENZ_YNR008W_FWD,0.0,1000.0
unikp,r_2975_ENZ_YNR008W_REV,0.0,1000.0
unikp,r_2976_ENZ_YNR008W_FWD,0.0,1000.0
unikp,r_2976_ENZ_YNR008W_REV,0.0,1000.0
unikp,r_2977_ENZ_YNR008W_FWD,0.0,0.0027978195438341
unikp,r_2977_ENZ_YNR008W_REV,0.0,0.0022119038673952
unikp,r_2978_ENZ_YNR008W_FWD,0.0,0.0019241212668127
unikp,r_2978_ENZ_YNR008W_REV,0.0,0.0021096639740519
unikp,r_2979_ENZ_YNR008W_FWD,0.0,0.0023980155848769
unikp,r_2979_ENZ_YNR008W_REV,0.0,0.0019980778066456
unikp,r_2980_ENZ_YNR008W_FWD,0.0,1000.0
unikp,r_2980_ENZ_YNR008W_REV,0.0,1000.0
unikp,r_2981_ENZ_YNR008W_FWD,0.0,1000.0
unikp,r_2981_ENZ_YNR008W_REV,0.0,1000.0
unikp,r_2982_ENZ_YNR008W_FWD,0.0,1000.0
unikp,r_2982_ENZ_YNR008W_REV,0.0,1000.0
unikp,r_2983_ENZ_YNR008W_FWD,0.0,1000.0
unikp,r_2983_ENZ_YNR008W_REV,0.0,1000.0
unikp,r_2984_ENZ_YNR008W_FWD,0.0,1000.0
unikp,r_2984_ENZ_YNR008W_REV,0.0,1000.0
unikp,r_2985_ENZ_YNR008W_FWD,0.0,1000.0
unikp,r_2985_ENZ_YNR008W_REV,0.0,1000.0
unikp,r_2986_ENZ_YNR008W_FWD,0.0,1000.0
unikp,r_2986_ENZ_YNR008W_REV,0.0,1000.0
unikp,r_2987_ENZ_YNR008W_FWD,0.0,1000.0
unikp,r_2987_ENZ_YNR008W_REV,0.0,1000.0
unikp,r_2988_ENZ_YNR008W_FWD,0.0,1000.0
unikp,r_2988_ENZ_YNR008W_REV,0.0,1000.0
unikp,r_2989_ENZ_YNR008W_FWD,0.0,1000.0
unikp,r_2989_ENZ_YNR008W_REV,0.0,1000.0
unikp,r_2990_ENZ_YNR008W_FWD,0.0,1000.0
unikp,r_2990_ENZ_YNR008W_REV,0.0,1000.0
unikp,r_2991_ENZ_YNR008W_FWD,0.0,1000.0
unikp,r_2991_ENZ_YNR008W_REV,0.0,1000.0
unikp,r_2992_ENZ_YNR008W_FWD,0.0,1000.0
unikp,r_2992_ENZ_YNR008W_REV,0.0,1000.0
unikp,r_2993_ENZ_YNR008W_FWD,0.0,0.0023598316752508
unikp,r_2993_ENZ_YNR008W_REV,0.0,0.0020368285828237
unikp,r_2994_ENZ_YNR008W_FWD,0.0,0.0025995048799196
unikp,r_2994_ENZ_YNR008W_REV,0.0,0.0021066548731888
unikp,r_2995_ENZ_YNR008W_FWD,0.0,0.0027127656756527
unikp,r_2995_ENZ_YNR008W_REV,0.0,0.0023046808387141
unikp,r_2996_ENZ_YNR008W_FWD,0.0,1000.0
unikp,r_2996_ENZ_YNR008W_REV,0.0,1000.0
unikp,r_2997_ENZ_YNR008W_FWD,0.0,1000.0
unikp,r_2997_ENZ_YNR008W_REV,0.0,1000.0
unikp,r_2998_ENZ_YNR008W_FWD,0.0,1000.0
unikp,r_2998_ENZ_YNR008W_REV,0.0,1000.0
unikp,r_2999_ENZ_YNR008W_FWD,0.0,1000.0
unikp,r_2999_ENZ_YNR008W_REV,0.0,1000.0
unikp,r_3000_ENZ_YNR008W_FWD,0.0,1000.0
unikp,r_3000_ENZ_YNR008W_REV,0.0,1000.0
unikp,r_3001_ENZ_YNR008W_FWD,0.0,1000.0
unikp,r_3001_ENZ_YNR008W_REV,0.0,1000.0
unikp,r_3002_ENZ_YNR008W_FWD,0.0,1000.0
unikp,r_3002_ENZ_YNR008W_REV,0.0,1000.0
unikp,r_3003_ENZ_YNR008W_FWD,0.0,1000.0
unikp,r_3003_ENZ_YNR008W_REV,0.0,1000.0
unikp,r_3004_ENZ_YNR008W_FWD,0.0,1000.0
unikp,r_3004_ENZ_YNR008W_REV,0.0,1000.0
unikp,r_3005_ENZ_YNR008W_FWD,0.0,1000.0
unikp,r_3005_ENZ_YNR008W_REV,0.0,1000.0
unikp,r_3006_ENZ_YNR008W_FWD,0.0,1000.0
unikp,r_3006_ENZ_YNR008W_REV,0.0,1000.0
unikp,r_3007_ENZ_YNR008W_FWD,0.0,1000.0
unikp,r_3007_ENZ_YNR008W_REV,0.0,1000.0
unikp,r_3008_ENZ_YNR008W_FWD,0.0,1000.0
unikp,r_3008_ENZ_YNR008W_REV,0.0,1000.0
unikp,r_3009_ENZ_YNR008W_FWD,0.0,0.0021686663983139
unikp,r_3009_ENZ_YNR008W_REV,0.0,0.0020095457604027
unikp,r_3010_ENZ_YNR008W_FWD,0.0,0.0023156772268364
unikp,r_3010_ENZ_YNR008W_REV,0.0,0.0020612177155183
unikp,r_3011_ENZ_YNR008W_FWD,0.0,0.0022766676828534
unikp,r_3011_ENZ_YNR008W_REV,0.0,0.0021564379322605
unikp,r_3022_ENZ_YML059C,0.0,0.0013851433229028
unikp,r_3023_ENZ_YML059C,0.0,0.0003054071875966
unikp,r_3024_ENZ_YML059C,0.0,0.0003890032710897
unikp,r_3025_ENZ_YML059C,0.0,0.0003477787132605
unikp,r_3026_ENZ_YML059C,0.0,0.0025000932206528
unikp,r_3027_ENZ_YML059C,0.0,0.0003925663600285
unikp,r_3028_ENZ_YML059C,0.0,0.0003965404685881
unikp,r_3029_ENZ_YML059C,0.0,0.0003565850123064
unikp,r_3030_ENZ_YML059C,0.0,0.0001789476317217
unikp,r_3031_ENZ_YML059C,0.0,0.0001638687477851
unikp,r_3032_ENZ_YML059C,0.0,0.0001661467977884
unikp,r_3033_ENZ_YML059C,0.0,0.0001492351018075
unikp,r_3034_ENZ_YMR008C,0.0,0.0001756338314452
unikp,r_3035_ENZ_YMR008C,0.0,0.0001671670126432
unikp,r_3036_ENZ_YMR008C,0.0,0.0001565366893866
unikp,r_3037_ENZ_YMR008C,0.0,0.0001585181463219
unikp,r_3038_ENZ_YMR008C,0.0,0.0001853628686932
unikp,r_3039_ENZ_YMR008C,0.0,0.0001787067856629
unikp,r_3040_ENZ_YMR008C,0.0,0.0001659413034377
unikp,r_3041_ENZ_YMR008C,0.0,0.0001646883593601
unikp,r_3042_ENZ_YMR008C,0.0,0.0001861658535822
unikp,r_3043_ENZ_YMR008C,0.0,0.000178669944421
unikp,r_3044_ENZ_YMR008C,0.0,0.0001662183279818
unikp,r_3045_ENZ_YMR008C,0.0,0.0001646723014755
unikp,r_3046_ENZ_YMR006C,0.0,0.0
unikp,r_3046_ENZ_YMR008C,0.0,0.0
unikp,r_3047_ENZ_YMR006C,0.0,0.0
unikp,r_3047_ENZ_YMR008C,0.0,0.0
unikp,r_3048_ENZ_YMR006C,0.0,0.0
unikp,r_3048_ENZ_YMR008C,0.0,0.0
unikp,r_3049_ENZ_YMR006C,0.0,0.0
unikp,r_3049_ENZ_YMR008C,0.0,0.0
unikp,r_3050_ENZ_YMR006C,0.0,0.0
unikp,r_3050_ENZ_YMR008C,0.0,0.0
unikp,r_3051_ENZ_YMR006C,0.0,0.0
unikp,r_3051_ENZ_YMR008C,0.0,0.0
unikp,r_3052_ENZ_YMR006C,0.0,0.0
unikp,r_3052_ENZ_YMR008C,0.0,0.0
unikp,r_3053_ENZ_YMR006C,0.0,0.0
unikp,r_3053_ENZ_YMR008C,0.0,0.0
unikp,r_3054_ENZ_YMR006C,0.0,0.0
unikp,r_3054_ENZ_YMR008C,0.0,0.0
unikp,r_3055_ENZ_YMR006C,0.0,0.0
unikp,r_3055_ENZ_YMR008C,0.0,0.0
unikp,r_3056_ENZ_YMR006C,0.0,0.0
unikp,r_3056_ENZ_YMR008C,0.0,0.0
unikp,r_3057_ENZ_YMR006C,0.0,0.0
unikp,r_3057_ENZ_YMR008C,0.0,0.0
unikp,r_3058_ENZ_YMR006C,0.0,0.0
unikp,r_3058_ENZ_YOL011W,0.0,0.0
unikp,r_3059_ENZ_YMR006C,0.0,0.0
unikp,r_3059_ENZ_YOL011W,0.0,0.0
unikp,r_3060_ENZ_YMR006C,0.0,0.0
unikp,r_3060_ENZ_YOL011W,0.0,0.0
unikp,r_3061_ENZ_YMR006C,0.0,0.0
unikp,r_3061_ENZ_YOL011W,0.0,0.0
unikp,r_3062_ENZ_YMR006C,0.0,0.0
unikp,r_3062_ENZ_YOL011W,0.0,0.0
unikp,r_3063_ENZ_YMR006C,0.0,0.0
unikp,r_3063_ENZ_YOL011W,0.0,0.0
unikp,r_3064_ENZ_YMR006C,0.0,0.0
unikp,r_3064_ENZ_YOL011W,0.0,0.0
unikp,r_3065_ENZ_YMR006C,0.0,0.0
unikp,r_3065_ENZ_YOL011W,0.0,0.0
unikp,r_3066_ENZ_YMR006C,0.0,0.0
unikp,r_3066_ENZ_YOL011W,0.0,0.0
unikp,r_3067_ENZ_YMR006C,0.0,0.0
unikp,r_3067_ENZ_YOL011W,0.0,0.0
unikp,r_3068_ENZ_YMR006C,0.0,0.0
unikp,r_3068_ENZ_YOL011W,0.0,0.0
unikp,r_3069_ENZ_YMR006C,0.0,0.0
unikp,r_3069_ENZ_YOL011W,0.0,0.0
unikp,r_3070_ENZ_YOL011W,0.0,0.000174398962398
unikp,r_3071_ENZ_YOL011W,0.0,0.0001890836184736
unikp,r_3072_ENZ_YOL011W,0.0,0.0001685215731806
unikp,r_3073_ENZ_YOL011W,0.0,0.0001748703354679
unikp,r_3074_ENZ_YOL011W,0.0,0.0001840324461653
unikp,r_3075_ENZ_YOL011W,0.0,0.0001938929931904
unikp,r_3076_ENZ_YOL011W,0.0,0.0001808707512946
unikp,r_3077_ENZ_YOL011W,0.0,0.0001678405536538
unikp,r_3078_ENZ_YOL011W,0.0,0.0001840186328429
unikp,r_3079_ENZ_YOL011W,0.0,0.0001935894693251
unikp,r_3080_ENZ_YOL011W,0.0,0.0001811484762713
unikp,r_3081_ENZ_YOL011W,0.0,0.000175135358496
unikp,r_3082_ENZ_YPL268W,0.0,0.0
unikp,r_3083_ENZ_YPL268W,0.0,0.0
unikp,r_3084_ENZ_YPL268W,0.0,0.0
unikp,r_3085_ENZ_YPL268W,0.0,0.0
unikp,r_3086_ENZ_YPL268W,0.0,0.0
unikp,r_3087_ENZ_YPL268W,0.0,0.0
unikp,r_3088_ENZ_YPL268W,0.0,0.0
unikp,r_3089_ENZ_YPL268W,0.0,0.0
unikp,r_3090_ENZ_YPL268W,0.0,0.0
unikp,r_3091_ENZ_YPL268W,0.0,0.0
unikp,r_3092_ENZ_YPL268W,0.0,0.0
unikp,r_3093_ENZ_YPL268W,0.0,0.0
unikp,r_3094_ENZ_YPL268W,0.0,0.0
unikp,r_3095_ENZ_YPL268W,0.0,0.0
unikp,r_3096_ENZ_YPL268W,0.0,0.0
unikp,r_3097_ENZ_YPL268W,0.0,0.0
unikp,r_3098_ENZ_YPL206C,0.0,0.0006499885382358
unikp,r_3099_ENZ_YPL206C,0.0,0.0006366976013989
unikp,r_3100_ENZ_YPL206C,0.0,0.0004313757982229
unikp,r_3101_ENZ_YPL206C,0.0,0.0003294992584382
unikp,r_3102_ENZ_YPL206C,0.0,0.0004043397045356
unikp,r_3103_ENZ_YPL206C,0.0,0.0003557666669471
unikp,r_3104_ENZ_YKR031C,0.0,0.000469991319153
unikp,r_3105_ENZ_YKR031C,0.0,0.0002017205061796
unikp,r_3106_ENZ_YKR031C,0.0,0.0002044945074606
unikp,r_3107_ENZ_YKR031C,0.0,0.0002313273934984
unikp,r_3108_ENZ_YKR031C,0.0,0.0004525949207177
unikp,r_3109_ENZ_YKR031C,0.0,0.0002584913611862
unikp,r_3110_ENZ_YKR031C,0.0,0.0002706041704743
unikp,r_3111_ENZ_YKR031C,0.0,0.0002488368420588
unikp,r_3112_ENZ_YNL106C,0.0,0.0009200184042795
unikp,r_3112_ENZ_YOR109W,0.0,0.0009212951131556
unikp,r_3113_ENZ_YNL106C,0.0,0.0009212994610741
unikp,r_3113_ENZ_YOR109W,0.0,0.0009212994618506
unikp,r_3114_ENZ_YNL106C,0.0,0.0009176375215277
unikp,r_3114_ENZ_YOR109W,0.0,0.00092130195679
unikp,r_3115_ENZ_YNL106C,0.0,0.000919963972128
unikp,r_3115_ENZ_YOR109W,0.0,0.0009235093414381
unikp,r_3116_ENZ_YNL106C,0.0,0.0009197867784376
unikp,r_3116_ENZ_YOR109W,0.0,0.0009213168049941
unikp,r_3117_ENZ_YNL106C,0.0,0.0009212856560441
unikp,r_3117_ENZ_YOR109W,0.0,0.0009212857561362
unikp,r_3118_ENZ_YNL106C,0.0,0.0002303048959499
unikp,r_3118_ENZ_YOR109W,0.0,0.0001697140199286
unikp,r_3119_ENZ_YNL106C,0.0,0.0002062527870325
unikp,r_3119_ENZ_YOR109W,0.0,0.0001703934589645
unikp,r_3120_ENZ_YJR110W,0.0,0.0011087228730941
unikp,r_3120_ENZ_YNL106C,0.0,0.0011098150519428
unikp,r_3120_ENZ_YOR109W,0.0,0.0011501785859426
unikp,r_3121_ENZ_YJR110W,0.0,0.0011097352085793
unikp,r_3121_ENZ_YNL106C,0.0,0.0011097352085651
unikp,r_3121_ENZ_YOR109W,0.0,0.0011097352083633
unikp,r_3122_ENZ_YJR110W,0.0,0.0011102593296405
unikp,r_3122_ENZ_YNL106C,0.0,0.0011102593301912
unikp,r_3122_ENZ_YOR109W,0.0,0.0011082085798532
unikp,r_3123_ENZ_YJR110W,0.0,0.001107893970389
unikp,r_3123_ENZ_YNL106C,0.0,0.0011450896729094
unikp,r_3123_ENZ_YOR109W,0.0,0.0011100306582041
unikp,r_3124_ENZ_YJR110W,0.0,0.0011082855186095
unikp,r_3124_ENZ_YNL106C,0.0,0.0012608580659906
unikp,r_3124_ENZ_YOR109W,0.0,0.0011097908236807
unikp,r_3125_ENZ_YJR110W,0.0,0.001108817267552
unikp,r_3125_ENZ_YNL106C,0.0,0.0011088172678651
unikp,r_3125_ENZ_YOR109W,0.0,0.0011075777837246
unikp,r_3126_ENZ_YJR110W,0.0,0.0003642843909121
unikp,r_3126_ENZ_YNL106C,0.0,0.0002578541968038
unikp,r_3126_ENZ_YOR109W,0.0,0.0001765045620234
unikp,r_3127_ENZ_YJR110W,0.0,0.0003343500634844
unikp,r_3127_ENZ_YNL106C,0.0,0.0002375622805068
unikp,r_3127_ENZ_YOR109W,0.0,0.0001764371897157
unikp,r_3128_ENZ_YKL212W,0.0,0.0025184161578846
unikp,r_3129_ENZ_YKL212W,0.0,0.0025182691291624
unikp,r_3130_ENZ_YKL212W,0.0,0.0025185237486864
unikp,r_3131_ENZ_YKL212W,0.0,0.002518304055661
unikp,r_3132_ENZ_YKL212W,0.0,0.002518184380552
unikp,r_3133_ENZ_YKL212W,0.0,0.0025194821775507
unikp,r_3134_ENZ_YKL212W,0.0,0.0004438656841383
unikp,r_3135_ENZ_YKL212W,0.0,0.0003684090622995
unikp,r_3136_ENZ_YKL212W,0.0,0.0022160993195017
unikp,r_3137_ENZ_YKL212W,0.0,0.0022160095163623
unikp,r_3138_ENZ_YKL212W,0.0,0.0022161290523206
unikp,r_3139_ENZ_YKL212W,0.0,0.0022252084160105
unikp,r_3140_ENZ_YKL212W,0.0,0.0022158385830381
unikp,r_3141_ENZ_YKL212W,0.0,0.0022160553532311
unikp,r_3142_ENZ_YKL212W,0.0,0.0004272206262223
unikp,r_3143_ENZ_YKL212W,0.0,0.0003444068252296
unikp,r_3144_ENZ_YNL106C,0.0,0.0018425334387606
unikp,r_3144_ENZ_YOR109W,0.0,0.0018425335389478
unikp,r_3145_ENZ_YNL106C,0.0,0.0018396090588036
unikp,r_3145_ENZ_YOR109W,0.0,0.0018429930240062
unikp,r_3146_ENZ_YNL106C,0.0,0.0018396063398862
unikp,r_3146_ENZ_YOR109W,0.0,0.001842598260576
unikp,r_3147_ENZ_YNL106C,0.0,0.0018425494242352
unikp,r_3147_ENZ_YOR109W,0.0,0.001842549524414
unikp,r_3148_ENZ_YNL106C,0.0,0.0018396242764042
unikp,r_3148_ENZ_YOR109W,0.0,0.0018939910146489
unikp,r_3149_ENZ_YNL106C,0.0,0.0018429934416061
unikp,r_3149_ENZ_YOR109W,0.0,0.0018429934421035
unikp,r_3150_ENZ_YNL106C,0.0,0.0002527512096648
unikp,r_3150_ENZ_YOR109W,0.0,0.0002053587973973
unikp,r_3151_ENZ_YNL106C,0.0,0.0018424142184742
unikp,r_3151_ENZ_YOR109W,0.0,0.0018424142196537
unikp,r_3152_ENZ_YNL106C,0.0,0.0022160546328064
unikp,r_3152_ENZ_YOR109W,0.0,0.0023493789026138
unikp,r_3153_ENZ_YNL106C,0.0,0.0022195055339757
unikp,r_3153_ENZ_YOR109W,0.0,0.002220048836885
unikp,r_3154_ENZ_YNL106C,0.0,0.0022196681000563
unikp,r_3154_ENZ_YOR109W,0.0,0.0022196682002784
unikp,r_3155_ENZ_YNL106C,0.0,0.0022159305733235
unikp,r_3155_ENZ_YOR109W,0.0,0.0022159305733235
unikp,r_3156_ENZ_YNL106C,0.0,0.00221591852313
unikp,r_3156_ENZ_YOR109W,0.0,0.0022193735582503
unikp,r_3157_ENZ_YNL106C,0.0,0.0022285627118154
unikp,r_3157_ENZ_YOR109W,0.0,0.0022285628120384
unikp,r_3158_ENZ_YNL106C,0.0,0.0002700539112696
unikp,r_3158_ENZ_YOR109W,0.0,0.0002169153952324
unikp,r_3159_ENZ_YNL106C,0.0,0.002219660092769
unikp,r_3159_ENZ_YOR109W,0.0,0.0022196600931492
unikp,r_3160_ENZ_YKL212W,0.0,0.0025224464292303
unikp,r_3161_ENZ_YKL212W,0.0,0.0025224465700309
unikp,r_3162_ENZ_YKL212W,0.0,0.0025223351505532
unikp,r_3163_ENZ_YKL212W,0.0,0.0025242291041804
unikp,r_3164_ENZ_YKL212W,0.0,0.0025242098056388
unikp,r_3165_ENZ_YKL212W,0.0,0.0025242098056388
unikp,r_3166_ENZ_YKL212W,0.0,0.0007409946094201
unikp,r_3167_ENZ_YKL212W,0.0,0.002524055134276
unikp,r_3168_ENZ_YKL212W,0.0,0.00221505232156
unikp,r_3169_ENZ_YKL212W,0.0,0.0023008639932313
unikp,r_3170_ENZ_YKL212W,0.0,0.00221505232156
unikp,r_3171_ENZ_YKL212W,0.0,0.0023008639932313
unikp,r_3172_ENZ_YKL212W,0.0,0.00221505232156
unikp,r_3173_ENZ_YKL212W,0.0,0.0023008639932313
unikp,r_3174_ENZ_YKL212W,0.0,0.0005364808755699
unikp,r_3175_ENZ_YKL212W,0.0,0.0022150523214659
unikp,r_3176_ENZ_YNL106C,0.0,0.000919783043169
unikp,r_3176_ENZ_YOR109W,0.0,0.000919783143261
unikp,r_3177_ENZ_YNL106C,0.0,0.0009212851114361
unikp,r_3177_ENZ_YOR109W,0.0,0.0009212851118341
unikp,r_3178_ENZ_YNL106C,0.0,0.0009216828156222
unikp,r_3178_ENZ_YOR109W,0.0,0.0009216829157143
unikp,r_3179_ENZ_YNL106C,0.0,0.0009198166102404
unikp,r_3179_ENZ_YOR109W,0.0,0.0009212185395107
unikp,r_3180_ENZ_YNL106C,0.0,0.000919743528732
unikp,r_3180_ENZ_YOR109W,0.0,0.000921241503939
unikp,r_3181_ENZ_YNL106C,0.0,0.0009217510718577
unikp,r_3181_ENZ_YOR109W,0.0,0.0009217511719499
unikp,r_3182_ENZ_YNL106C,0.0,0.0002312129136698
unikp,r_3182_ENZ_YOR109W,0.0,0.0002510343122244
unikp,r_3183_ENZ_YNL106C,0.0,0.0002067637599663
unikp,r_3183_ENZ_YOR109W,0.0,0.0002073597514343
unikp,r_3184_ENZ_YNL106C,0.0,0.0011120596787654
unikp,r_3184_ENZ_YOR109W,0.0,0.0011120597518496
unikp,r_3185_ENZ_YNL106C,0.0,0.0011097378309075
unikp,r_3185_ENZ_YOR109W,0.0,0.0011097374626425
unikp,r_3186_ENZ_YNL106C,0.0,0.0011103160479408
unikp,r_3186_ENZ_YOR109W,0.0,0.0011103160479408
unikp,r_3187_ENZ_YNL106C,0.0,0.001109333428708
unikp,r_3187_ENZ_YOR109W,0.0,0.0011095023153107
unikp,r_3188_ENZ_YNL106C,0.0,0.001107471505279
unikp,r_3188_ENZ_YOR109W,0.0,0.0011092179067874
unikp,r_3189_ENZ_YNL106C,0.0,0.0011097532820438
unikp,r_3189_ENZ_YOR109W,0.0,0.0011138474302419
unikp,r_3190_ENZ_YNL106C,0.0,0.0003648166856167
unikp,r_3190_ENZ_YOR109W,0.0,0.0003656361634091
unikp,r_3191_ENZ_YNL106C,0.0,0.0003343905212435
unikp,r_3191_ENZ_YOR109W,0.0,0.0003343905212265
unikp,r_3192_ENZ_YIL002C,0.0,0.0018428969796963
unikp,r_3192_ENZ_YNL106C,0.0,0.0018428969951079
unikp,r_3192_ENZ_YOR109W,0.0,0.0018428969951168
unikp,r_3193_ENZ_YIL002C,0.0,0.0018399793762692
unikp,r_3193_ENZ_YNL106C,0.0,0.0018399793774309
unikp,r_3193_ENZ_YOR109W,0.0,0.0018398594853223
unikp,r_3194_ENZ_YIL002C,0.0,0.0018423209722389
unikp,r_3194_ENZ_YNL106C,0.0,0.0018423209727647
unikp,r_3194_ENZ_YOR109W,0.0,0.0018423366047164
unikp,r_3195_ENZ_YIL002C,0.0,0.0018423366047206
unikp,r_3195_ENZ_YNL106C,0.0,0.0018429696860637
unikp,r_3195_ENZ_YOR109W,0.0,0.001842969686117
unikp,r_3196_ENZ_YIL002C,0.0,0.0018470691850839
unikp,r_3196_ENZ_YNL106C,0.0,0.0018470692852652
unikp,r_3196_ENZ_YOR109W,0.0,0.0018470691850826
unikp,r_3197_ENZ_YIL002C,0.0,0.0018470691850822
unikp,r_3197_ENZ_YNL106C,0.0,0.0018470691849834
unikp,r_3197_ENZ_YOR109W,0.0,0.0018398871159801
unikp,r_3198_ENZ_YIL002C,0.0,0.0001952793115869
unikp,r_3198_ENZ_YNL106C,0.0,0.0002257972372647
unikp,r_3198_ENZ_YOR109W,0.0,0.0001835630133877
unikp,r_3199_ENZ_YIL002C,0.0,0.0018472116995014
unikp,r_3199_ENZ_YNL106C,0.0,0.0018398491344626
unikp,r_3199_ENZ_YOR109W,0.0,0.0018398491353721
unikp,r_3200_ENZ_YIL002C,0.0,0.0022196026924496
unikp,r_3200_ENZ_YNL106C,0.0,0.0022196026924496
unikp,r_3200_ENZ_YOR109W,0.0,0.0022196026924496
unikp,r_3201_ENZ_YIL002C,0.0,0.0022201825966972
unikp,r_3201_ENZ_YNL106C,0.0,0.0022161620291027
unikp,r_3201_ENZ_YOR109W,0.0,0.0022201874304673
unikp,r_3202_ENZ_YIL002C,0.0,0.0022159320387631
unikp,r_3202_ENZ_YNL106C,0.0,0.0022159320387631
unikp,r_3202_ENZ_YOR109W,0.0,0.0022159320387631
unikp,r_3203_ENZ_YIL002C,0.0,0.0022251142583185
unikp,r_3203_ENZ_YNL106C,0.0,0.0022251143585414
unikp,r_3203_ENZ_YOR109W,0.0,0.0022251143585414
unikp,r_3204_ENZ_YIL002C,0.0,0.0022161123741542
unikp,r_3204_ENZ_YNL106C,0.0,0.0022161123741542
unikp,r_3204_ENZ_YOR109W,0.0,0.0022195307903389
unikp,r_3205_ENZ_YIL002C,0.0,0.0022252276276626
unikp,r_3205_ENZ_YNL106C,0.0,0.0022252277278855
unikp,r_3205_ENZ_YOR109W,0.0,0.0022252277278855
unikp,r_3206_ENZ_YIL002C,0.0,0.0002784511494136
unikp,r_3206_ENZ_YNL106C,0.0,0.0002293972459987
unikp,r_3206_ENZ_YOR109W,0.0,0.0001585212691836
unikp,r_3207_ENZ_YIL002C,0.0,0.002216147474264
unikp,r_3207_ENZ_YNL106C,0.0,0.0022166411688981
unikp,r_3207_ENZ_YOR109W,0.0,0.0022166412691202
unikp,r_3208_ENZ_YOL065C,0.0,0.0025241158193516
unikp,r_3209_ENZ_YOL065C,0.0,0.0025241772688859
unikp,r_3210_ENZ_YOL065C,0.0,0.0025235145042464
unikp,r_3211_ENZ_YOL065C,0.0,0.0025193760090832
unikp,r_3212_ENZ_YOL065C,0.0,0.002519590591422
unikp,r_3213_ENZ_YOL065C,0.0,0.0025235341774114
unikp,r_3214_ENZ_YOL065C,0.0,0.0006776837967077
unikp,r_3215_ENZ_YOL065C,0.0,0.0025773756791343
unikp,r_3216_ENZ_YFR019W_and_YNL325C_and_YFR021W_and_YNL054W_and_YLR386W,0.0,0.0010828597055944
unikp,r_3217_ENZ_YFR019W_and_YNL325C_and_YFR021W_and_YNL054W_and_YLR386W,0.0,0.0010843798688894
unikp,r_3218_ENZ_YFR019W_and_YNL325C_and_YFR021W_and_YNL054W_and_YLR386W,0.0,0.001084254600569
unikp,r_3219_ENZ_YFR019W_and_YNL325C_and_YFR021W_and_YNL054W_and_YLR386W,0.0,0.0010843798688958
unikp,r_3220_ENZ_YFR019W_and_YNL325C_and_YFR021W_and_YNL054W_and_YLR386W,0.0,0.0010842546005687
unikp,r_3221_ENZ_YFR019W_and_YNL325C_and_YFR021W_and_YNL054W_and_YLR386W,0.0,0.0010842546005693
unikp,r_3222_ENZ_YFR019W_and_YNL325C_and_YFR021W_and_YNL054W_and_YLR386W,0.0,0.0010842546005687
unikp,r_3223_ENZ_YFR019W_and_YNL325C_and_YFR021W_and_YNL054W_and_YLR386W,0.0,0.0010843798688958
unikp,r_3224_ENZ_YDR284C,0.0,0.0010843798688958
unikp,r_3225_ENZ_YDR284C,0.0,0.001091271125739
unikp,r_3226_ENZ_YDR284C,0.0,0.0010912988734876
unikp,r_3227_ENZ_YDR284C,0.0,0.0010912988734876
unikp,r_3228_ENZ_YDR284C,0.0,0.0008086161221756
unikp,r_3229_ENZ_YDR284C,0.0,0.0010801231606286
unikp,r_3230_ENZ_YDR284C,0.0,0.0011042625521599
unikp,r_3231_ENZ_YDR284C,0.0,0.0011042625523107
unikp,r_3232_ENZ_YDR503C,0.0,0.0022184246368626
unikp,r_3233_ENZ_YDR503C,0.0,0.0022184246368626
unikp,r_3234_ENZ_YDR503C,0.0,0.0022184246368626
unikp,r_3235_ENZ_YDR503C,0.0,0.0022184246368626
unikp,r_3236_ENZ_YDR503C,0.0,0.0005683264770304
unikp,r_3237_ENZ_YDR503C,0.0,0.0022184246368626
unikp,r_3238_ENZ_YDR503C,0.0,0.0022184246368626
unikp,r_3239_ENZ_YDR503C,0.0,0.0022184246368626
unikp,r_3240_ENZ_YER037W,0.0,-0.0
unikp,r_3241_ENZ_YER037W,0.0,-0.0
unikp,r_3242_ENZ_YER037W,0.0,-0.0
unikp,r_3243_ENZ_YER037W,0.0,-0.0
unikp,r_3244_ENZ_YDR284C,0.0,-0.0
unikp,r_3245_ENZ_YDR284C,0.0,-0.0
unikp,r_3246_ENZ_YDR284C,0.0,-0.0
unikp,r_3247_ENZ_YDR284C,0.0,-0.0
unikp,r_3248_ENZ_YDR503C,0.0,-0.0
unikp,r_3249_ENZ_YDR503C,0.0,-0.0
unikp,r_3250_ENZ_YDR503C,0.0,-0.0
unikp,r_3251_ENZ_YDR503C,0.0,-0.0
unikp,r_3252_ENZ_YKL140W,0.0,0.0004337807086775
unikp,r_3252_ENZ_YLL012W,0.0,0.0004827300057536
unikp,r_3253_ENZ_YKL140W,0.0,0.0004101327083065
unikp,r_3253_ENZ_YLL012W,0.0,0.000458437969079
unikp,r_3254_ENZ_YLL012W,0.0,0.0005632271594126
unikp,r_3255_ENZ_YLL012W,0.0,0.0005039161154524
unikp,r_3256_ENZ_YLL012W,0.0,0.0004706607974611
unikp,r_3257_ENZ_YLL012W,0.0,0.00041451251254
unikp,r_3258_ENZ_YLL012W,0.0,0.0003359745323687
unikp,r_3259_ENZ_YLL012W,0.0,0.0003514702521703
unikp,r_3260_ENZ_YLL012W,0.0,0.0004398336974339
unikp,r_3261_ENZ_YLL012W,0.0,0.0003806327177184
unikp,r_3262_ENZ_YLR020C,0.0,0.0003130475936176
unikp,r_3263_ENZ_YLR020C,0.0,0.000281659252737
unikp,r_3264_ENZ_YBR204C,0.0,0.0008533763500594
unikp,r_3264_ENZ_YCR068W,0.0,0.00095466653789
unikp,r_3264_ENZ_YKR089C,0.0,0.00054440465401
unikp,r_3264_ENZ_YMR313C,0.0,0.0007374580882357
unikp,r_3264_ENZ_YOR081C,0.0,0.0004267398449808
unikp,r_3265_ENZ_YBR204C,0.0,0.0009536296231084
unikp,r_3265_ENZ_YKR089C,0.0,0.0005883588290355
unikp,r_3265_ENZ_YMR313C,0.0,0.0008018567138909
unikp,r_3265_ENZ_YOR081C,0.0,0.0005360124855288
unikp,r_3266_ENZ_YBR204C,0.0,0.0006882018871889
unikp,r_3266_ENZ_YKR089C,0.0,0.0005576007242951
unikp,r_3266_ENZ_YMR313C,0.0,0.0006082293008071
unikp,r_3266_ENZ_YOR081C,0.0,0.0004930122329727
unikp,r_3267_ENZ_YBR204C,0.0,0.0022132098222036
unikp,r_3267_ENZ_YKR089C,0.0,0.0022439016865942
unikp,r_3267_ENZ_YMR313C,0.0,0.0022439016835473
unikp,r_3267_ENZ_YOR081C,0.0,0.0022439016832774
unikp,r_3268_ENZ_YBR204C,0.0,0.0012974455218308
unikp,r_3268_ENZ_YKR089C,0.0,0.0012975128681146
unikp,r_3268_ENZ_YMR313C,0.0,0.0012975128680176
unikp,r_3268_ENZ_YOR081C,0.0,0.0012975063524073
unikp,r_3269_ENZ_YBR204C,0.0,0.0009423579674847
unikp,r_3269_ENZ_YKR089C,0.0,0.0007572069046254
unikp,r_3269_ENZ_YMR313C,0.0,0.0007775810181704
unikp,r_3269_ENZ_YOR081C,0.0,0.0005426122680051
unikp,r_3270_ENZ_YBR204C,0.0,0.0009976183878692
unikp,r_3270_ENZ_YKR089C,0.0,0.0010918938066415
unikp,r_3270_ENZ_YMR313C,0.0,0.0009996452917597
unikp,r_3270_ENZ_YOR081C,0.0,0.0009996454080388
unikp,r_3271_ENZ_YBR204C,0.0,0.0014039695159843
unikp,r_3271_ENZ_YKR089C,0.0,0.0007892877371602
unikp,r_3271_ENZ_YMR313C,0.0,0.001028392169613
unikp,r_3271_ENZ_YOR081C,0.0,0.000703425779263
unikp,r_3272_ENZ_YBR204C,0.0,0.0012979787400485
unikp,r_3272_ENZ_YKR089C,0.0,0.0012969934749841
unikp,r_3272_ENZ_YMR313C,0.0,0.0012969934749841
unikp,r_3272_ENZ_YOR081C,0.0,0.0012969934749803
unikp,r_3273_ENZ_YBR204C,0.0,0.0009591031279825
unikp,r_3273_ENZ_YKR089C,0.0,0.0006854034530689
unikp,r_3273_ENZ_YMR313C,0.0,0.0008279458659453
unikp,r_3273_ENZ_YOR081C,0.0,0.0005055608451038
unikp,r_3274_ENZ_YBR204C,0.0,0.0006929941023408
unikp,r_3274_ENZ_YKR089C,0.0,0.000474650388883
unikp,r_3274_ENZ_YMR313C,0.0,0.000624712551454
unikp,r_3274_ENZ_YOR081C,0.0,0.0004743911920299
unikp,r_3275_ENZ_YBR204C,0.0,0.0022120210443399
unikp,r_3275_ENZ_YKR089C,0.0,0.0022120210443399
unikp,r_3275_ENZ_YMR313C,0.0,0.0022120210443399
unikp,r_3275_ENZ_YOR081C,0.0,0.0022120210443399
unikp,r_3276_ENZ_YBR204C,0.0,0.0013039338807147
unikp,r_3276_ENZ_YKR089C,0.0,0.0012972800594876
unikp,r_3276_ENZ_YMR313C,0.0,0.0012958617975335
unikp,r_3276_ENZ_YOR081C,0.0,0.0012958617973889
unikp,r_3277_ENZ_YBR204C,0.0,0.0013138646307171
unikp,r_3277_ENZ_YKR089C,0.0,0.0013176929384256
unikp,r_3277_ENZ_YMR313C,0.0,0.0013135477830998
unikp,r_3277_ENZ_YOR081C,0.0,0.0013135477830998
unikp,r_3278_ENZ_YBR204C,0.0,0.0009992013104778
unikp,r_3278_ENZ_YKR089C,0.0,0.0009980793158363
unikp,r_3278_ENZ_YMR313C,0.0,0.0009980793158308
unikp,r_3278_ENZ_YOR081C,0.0,0.0009980793157597
unikp,r_3279_ENZ_YBR204C,0.0,0.0014260848987808
unikp,r_3279_ENZ_YKR089C,0.0,0.0008570246017803
unikp,r_3279_ENZ_YMR313C,0.0,0.0010000025211313
unikp,r_3279_ENZ_YOR081C,0.0,0.0005384089300379
unikp,r_3280_ENZ_YBR204C,0.0,0.0007950954464894
unikp,r_3280_ENZ_YKR089C,0.0,0.00058514559743
unikp,r_3280_ENZ_YMR313C,0.0,0.0007140395261962
unikp,r_3280_ENZ_YOR081C,0.0,0.0005341537376043
unikp,r_3281_ENZ_YBR204C,0.0,0.0013356485651513
unikp,r_3281_ENZ_YKR089C,0.0,0.0013138976644329
unikp,r_3281_ENZ_YMR313C,0.0,0.0013138976644329
unikp,r_3281_ENZ_YOR081C,0.0,0.0013138976644329
unikp,r_3282_ENZ_YBR204C,0.0,0.0006618006797729
unikp,r_3282_ENZ_YKR089C,0.0,0.0004483058640936
unikp,r_3282_ENZ_YMR313C,0.0,0.0005726317230296
unikp,r_3282_ENZ_YOR081C,0.0,0.0003992215551311
unikp,r_3283_ENZ_YBR204C,0.0,0.0022110937047631
unikp,r_3283_ENZ_YKR089C,0.0,0.002212466431132
unikp,r_3283_ENZ_YMR313C,0.0,0.002212466431132
unikp,r_3283_ENZ_YOR081C,0.0,0.002212466431132
unikp,r_3284_ENZ_YBR204C,0.0,0.0012979038440441
unikp,r_3284_ENZ_YKR089C,0.0,0.0012974173389851
unikp,r_3284_ENZ_YMR313C,0.0,0.0012974757903752
unikp,r_3284_ENZ_YOR081C,0.0,0.0012974452378767
unikp,r_3285_ENZ_YBR204C,0.0,0.0013136901925731
unikp,r_3285_ENZ_YKR089C,0.0,0.0013136901925731
unikp,r_3285_ENZ_YMR313C,0.0,0.0013109621696532
unikp,r_3285_ENZ_YOR081C,0.0,0.001310962169769
unikp,r_3286_ENZ_YBR204C,0.0,0.0009997388043201
unikp,r_3286_ENZ_YKR089C,0.0,0.0009997389205992
unikp,r_3286_ENZ_YMR313C,0.0,0.0010421467295975
unikp,r_3286_ENZ_YOR081C,0.0,0.0010421468297039
unikp,r_3287_ENZ_YBR204C,0.0,0.0014433224406959
unikp,r_3287_ENZ_YKR089C,0.0,0.0006810200173912
unikp,r_3287_ENZ_YMR313C,0.0,0.0011500924138598
unikp,r_3287_ENZ_YOR081C,0.0,0.000552614231319
unikp,r_3288_ENZ_YBR204C,0.0,0.0008643744371672
unikp,r_3288_ENZ_YKR089C,0.0,0.0004863806308846
unikp,r_3288_ENZ_YMR313C,0.0,0.000679068278404
unikp,r_3288_ENZ_YOR081C,0.0,0.0004415803069051
unikp,r_3289_ENZ_YBR204C,0.0,0.0013096106692413
unikp,r_3289_ENZ_YKR089C,0.0,0.0013138895449442
unikp,r_3289_ENZ_YMR313C,0.0,0.0013138895449442
unikp,r_3289_ENZ_YOR081C,0.0,0.0013138895449442
unikp,r_3290_ENZ_YBR204C,0.0,0.000794689584374
unikp,r_3290_ENZ_YKR089C,0.0,0.0006445299697956
unikp,r_3290_ENZ_YMR313C,0.0,0.0006771066159281
unikp,r_3290_ENZ_YOR081C,0.0,0.0006490645900762
unikp,r_3291_ENZ_YBR204C,0.0,0.0022133844703573
unikp,r_3291_ENZ_YKR089C,0.0,0.002212271805412
unikp,r_3291_ENZ_YMR313C,0.0,0.002212271805412
unikp,r_3291_ENZ_YOR081C,0.0,0.002212271805412
unikp,r_3292_ENZ_YBR204C,0.0,0.0008350021369621
unikp,r_3292_ENZ_YKR089C,0.0,0.0006064631458774
unikp,r_3292_ENZ_YMR313C,0.0,0.0006287392607214
unikp,r_3292_ENZ_YOR081C,0.0,0.0005020926578277
unikp,r_3293_ENZ_YBR204C,0.0,0.0013090549650263
unikp,r_3293_ENZ_YKR089C,0.0,0.0013132162570989
unikp,r_3293_ENZ_YMR313C,0.0,0.0013156582636326
unikp,r_3293_ENZ_YOR081C,0.0,0.0013156584800433
unikp,r_3294_ENZ_YBR204C,0.0,0.0009980815303674
unikp,r_3294_ENZ_YKR089C,0.0,0.0010020235005487
unikp,r_3294_ENZ_YMR313C,0.0,0.0010020235005487
unikp,r_3294_ENZ_YOR081C,0.0,0.0010020235005487
unikp,r_3295_ENZ_YBR204C,0.0,0.001450197996249
unikp,r_3295_ENZ_YKR089C,0.0,0.0009769468175258
unikp,r_3295_ENZ_YMR313C,0.0,0.0006796569966722
unikp,r_3295_ENZ_YOR081C,0.0,0.0005361481405502
unikp,r_3296_ENZ_YMR313C,0.0,0.0002704107777574
unikp,r_3297_ENZ_YCR068W,0.0,0.0002873849388813
unikp,r_3297_ENZ_YMR313C,0.0,0.0002576182523897
unikp,r_3298_ENZ_YMR313C,0.0,0.0002653448827224
unikp,r_3299_ENZ_YMR313C,0.0,0.0002751124498474
unikp,r_3300_ENZ_YMR313C,0.0,0.0003035637320472
unikp,r_3301_ENZ_YMR313C,0.0,0.0002561394954851
unikp,r_3302_ENZ_YMR313C,0.0,0.0002723628828885
unikp,r_3303_ENZ_YMR313C,0.0,0.0002641541543347
unikp,r_3304_ENZ_YDR058C,0.0,-0.0
unikp,r_3305_ENZ_YDR058C,0.0,-0.0
unikp,r_3306_ENZ_YDR058C,0.0,-0.0
unikp,r_3307_ENZ_YDR058C,0.0,-0.0
unikp,r_3308_ENZ_YKL094W,0.0,0.0003035588346643
unikp,r_3309_ENZ_YKL094W,0.0,0.0002881072702445
unikp,r_3310_ENZ_YKL094W,0.0,0.0002717637491508
unikp,r_3311_ENZ_YKL094W,0.0,0.0002757286882881
unikp,r_3312_ENZ_YMR313C,0.0,0.0016329381928044
unikp,r_3313_ENZ_YMR313C,0.0,0.0016330315507666
unikp,r_3314_ENZ_YMR313C,0.0,0.0016310583336571
unikp,r_3315_ENZ_YMR313C,0.0,0.0016330145812323
unikp,r_3316_ENZ_YKR089C,0.0,0.0013114528168437
unikp,r_3317_ENZ_YKR089C,0.0,0.0006399035282991
unikp,r_3318_ENZ_YKR089C,0.0,0.0005332861347688
unikp,r_3319_ENZ_YKR089C,0.0,0.000675269492303
unikp,r_3320_ENZ_YKR089C,0.0,0.0022132625030327
unikp,r_3321_ENZ_YKR089C,0.0,0.0007680426885589
unikp,r_3322_ENZ_YKR089C,0.0,0.0005418281532933
unikp,r_3323_ENZ_YKR089C,0.0,0.0007738314399969
unikp,r_3324_ENZ_YKR089C,0.0,0.0013134456570077
unikp,r_3325_ENZ_YKR089C,0.0,0.0013111611581977
unikp,r_3326_ENZ_YKR089C,0.0,0.0013137350115516
unikp,r_3327_ENZ_YKR089C,0.0,0.0013152606383472
unikp,r_3328_ENZ_YKR089C,0.0,0.0022157154930922
unikp,r_3329_ENZ_YKR089C,0.0,0.0022166717643655
unikp,r_3330_ENZ_YKR089C,0.0,0.0022207114073175
unikp,r_3331_ENZ_YKR089C,0.0,0.002216787013296
unikp,r_3332_FWD,0.0,0.0022249359744348
unikp,r_3332_REV,0.0,0.0
unikp,r_3333_FWD,0.0,0.0022249359543581
unikp,r_3333_REV,0.0,0.0
unikp,r_3334_FWD,0.0,0.0022249359543581
unikp,r_3334_REV,0.0,0.0
unikp,r_3335_FWD,0.0,0.0022249359543581
unikp,r_3335_REV,0.0,0.0
unikp,r_3336_FWD,0.0,0.0005706174866464
unikp,r_3336_REV,0.0,0.0
unikp,r_3337_FWD,0.0,0.0022174754194015
unikp,r_3337_REV,0.0,0.0
unikp,r_3338_FWD,0.0,0.0022174754254566
unikp,r_3338_REV,0.0,0.0
unikp,r_3339_FWD,0.0,0.0022174754254566
unikp,r_3339_REV,0.0,0.0
unikp,r_3340_FWD,0.0,0.0010843995911655
unikp,r_3340_REV,0.0,0.0
unikp,r_3341_FWD,0.0,0.0010843995910688
unikp,r_3341_REV,0.0,0.0
unikp,r_3342_FWD,0.0,0.0010843995910688
unikp,r_3342_REV,0.0,0.0
unikp,r_3343_FWD,0.0,0.0010843995910688
unikp,r_3343_REV,0.0,0.0
unikp,r_3344_FWD,0.0,0.000808565614945
unikp,r_3344_REV,0.0,0.0
unikp,r_3345_FWD,0.0,0.0010802810959822
unikp,r_3345_REV,0.0,0.0
unikp,r_3346_FWD,0.0,0.0010802810959794
unikp,r_3346_REV,0.0,0.0
unikp,r_3347_FWD,0.0,0.001080281095953
unikp,r_3347_REV,0.0,0.0
unikp,r_3348_ENZ_YDR072C,0.0,0.0
unikp,r_3349_ENZ_YDR072C,0.0,0.0
unikp,r_3350_ENZ_YDR072C,0.0,0.0
unikp,r_3351_ENZ_YDR072C,0.0,0.0
unikp,r_3352_ENZ_YDR072C,0.0,0.0
unikp,r_3353_ENZ_YDR072C,0.0,0.0
unikp,r_3354_ENZ_YDR072C,0.0,0.0
unikp,r_3355_ENZ_YDR072C,0.0,0.0
unikp,r_3356_ENZ_YDR072C,0.0,0.0
unikp,r_3357_ENZ_YDR072C,0.0,0.0
unikp,r_3358_ENZ_YDR072C,0.0,0.0
unikp,r_3359_ENZ_YDR072C,0.0,0.0
unikp,r_3360_ENZ_YDR072C,0.0,0.0
unikp,r_3361_ENZ_YDR072C,0.0,0.0
unikp,r_3362_ENZ_YDR072C,0.0,0.0
unikp,r_3363_ENZ_YDR072C,0.0,0.0
unikp,r_3364_ENZ_YDR072C,0.0,0.0
unikp,r_3365_ENZ_YDR072C,0.0,0.0
unikp,r_3366_ENZ_YDR072C,0.0,0.0
unikp,r_3367_ENZ_YDR072C,0.0,0.0
unikp,r_3368_ENZ_YDR072C,0.0,0.0
unikp,r_3369_ENZ_YDR072C,0.0,0.0
unikp,r_3370_ENZ_YDR072C,0.0,0.0
unikp,r_3371_ENZ_YDR072C,0.0,0.0
unikp,r_3372_ENZ_YDR072C,0.0,0.0
unikp,r_3373_ENZ_YDR072C,0.0,0.0
unikp,r_3374_ENZ_YDR072C,0.0,0.0
unikp,r_3375_ENZ_YDR072C,0.0,0.0
unikp,r_3376_ENZ_YDR072C,0.0,0.0
unikp,r_3377_ENZ_YDR072C,0.0,0.0
unikp,r_3378_ENZ_YDR072C,0.0,0.0
unikp,r_3379_ENZ_YDR072C,0.0,0.0
unikp,r_3380_ENZ_YDR072C,0.0,0.0
unikp,r_3381_ENZ_YDR072C,0.0,0.0
unikp,r_3382_ENZ_YDR072C,0.0,0.0
unikp,r_3383_ENZ_YDR072C,0.0,0.0
unikp,r_3384_ENZ_YDR072C,0.0,0.0
unikp,r_3385_ENZ_YDR072C,0.0,0.0
unikp,r_3386_ENZ_YDR072C,0.0,0.0
unikp,r_3387_ENZ_YDR072C,0.0,0.0
unikp,r_3388_ENZ_YDR072C,0.0,0.0
unikp,r_3389_ENZ_YDR072C,0.0,0.0
unikp,r_3390_ENZ_YDR072C,0.0,0.0
unikp,r_3391_ENZ_YDR072C,0.0,0.0
unikp,r_3392_ENZ_YDR072C,0.0,0.0
unikp,r_3393_ENZ_YDR072C,0.0,0.0
unikp,r_3394_ENZ_YDR072C,0.0,0.0
unikp,r_3395_ENZ_YDR072C,0.0,0.0
unikp,r_3396_ENZ_YDR072C,0.0,0.0
unikp,r_3397_ENZ_YDR072C,0.0,0.0
unikp,r_3398_ENZ_YDR072C,0.0,0.0
unikp,r_3399_ENZ_YDR072C,0.0,0.0
unikp,r_3400_ENZ_YDR072C,0.0,0.0
unikp,r_3401_ENZ_YDR072C,0.0,0.0
unikp,r_3402_ENZ_YDR072C,0.0,0.0
unikp,r_3403_ENZ_YDR072C,0.0,0.0
unikp,r_3404_ENZ_YDR072C,0.0,0.0
unikp,r_3405_ENZ_YDR072C,0.0,0.0
unikp,r_3406_ENZ_YDR072C,0.0,0.0
unikp,r_3407_ENZ_YDR072C,0.0,0.0
unikp,r_3408_ENZ_YDR072C,0.0,0.0
unikp,r_3409_ENZ_YDR072C,0.0,0.0
unikp,r_3410_ENZ_YDR072C,0.0,0.0
unikp,r_3411_ENZ_YDR072C,0.0,0.0
unikp,r_3412_ENZ_YDR072C,0.0,0.0
unikp,r_3413_ENZ_YDR072C,0.0,0.0
unikp,r_3414_ENZ_YDR072C,0.0,0.0
unikp,r_3415_ENZ_YDR072C,0.0,0.0
unikp,r_3416_ENZ_YDR072C,0.0,0.0
unikp,r_3417_ENZ_YDR072C,0.0,0.0
unikp,r_3418_ENZ_YDR072C,0.0,0.0
unikp,r_3419_ENZ_YDR072C,0.0,0.0
unikp,r_3420_ENZ_YDR072C,0.0,0.0
unikp,r_3421_ENZ_YDR072C,0.0,0.0
unikp,r_3422_ENZ_YDR072C,0.0,0.0
unikp,r_3423_ENZ_YDR072C,0.0,0.0
unikp,r_3424_ENZ_YDR072C,0.0,0.0
unikp,r_3425_ENZ_YDR072C,0.0,0.0
unikp,r_3426_ENZ_YDR072C,0.0,0.0
unikp,r_3427_ENZ_YDR072C,0.0,0.0
unikp,r_3428_ENZ_YDR367W_and_YKL004W,0.0,0.0006583662326342
unikp,r_3429_ENZ_YDR367W_and_YKL004W,0.0,0.0008810118343096
unikp,r_3430_ENZ_YDR367W_and_YKL004W,0.0,0.0006032668561278
unikp,r_3431_ENZ_YDR367W_and_YKL004W,0.0,0.0004357731058849
unikp,r_3432_ENZ_YDR367W_and_YKL004W,0.0,0.000443583814465
unikp,r_3433_ENZ_YDR367W_and_YKL004W,0.0,0.0005416494949412
unikp,r_3434_ENZ_YDR367W_and_YKL004W,0.0,0.0004508342860673
unikp,r_3435_ENZ_YDR367W_and_YKL004W,0.0,0.0004079561925214
unikp,r_3436_ENZ_YDR367W_and_YKL004W,0.0,0.0006595174965245
unikp,r_3437_ENZ_YDR367W_and_YKL004W,0.0,0.0008415790833296
unikp,r_3438_ENZ_YDR367W_and_YKL004W,0.0,0.0005912427481705
unikp,r_3439_ENZ_YDR367W_and_YKL004W,0.0,0.0004273419477343
unikp,r_3440_ENZ_YDR367W_and_YKL004W,0.0,0.00044098430624
unikp,r_3441_ENZ_YDR367W_and_YKL004W,0.0,0.0005046852575861
unikp,r_3442_ENZ_YDR367W_and_YKL004W,0.0,0.0004230643706478
unikp,r_3443_ENZ_YDR367W_and_YKL004W,0.0,0.000380314819468
unikp,r_3444_ENZ_YDR367W_and_YKL004W,0.0,0.0006112717000715
unikp,r_3445_ENZ_YDR367W_and_YKL004W,0.0,0.0007937487945988
unikp,r_3446_ENZ_YDR367W_and_YKL004W,0.0,0.0005518291446037
unikp,r_3447_ENZ_YDR367W_and_YKL004W,0.0,0.0004067318504835
unikp,r_3448_ENZ_YDR367W_and_YKL004W,0.0,0.0004131035111313
unikp,r_3449_ENZ_YDR367W_and_YKL004W,0.0,0.0004717299384352
unikp,r_3450_ENZ_YDR367W_and_YKL004W,0.0,0.0004051922266101
unikp,r_3451_ENZ_YDR367W_and_YKL004W,0.0,0.0003755315029011
unikp,r_3452_ENZ_YDR367W_and_YKL004W,0.0,0.0006868281478391
unikp,r_3453_ENZ_YDR367W_and_YKL004W,0.0,0.0008980112237548
unikp,r_3454_ENZ_YDR367W_and_YKL004W,0.0,0.0005947602496791
unikp,r_3455_ENZ_YDR367W_and_YKL004W,0.0,0.0004602210539162
unikp,r_3456_ENZ_YDR367W_and_YKL004W,0.0,0.0004440493817681
unikp,r_3457_ENZ_YDR367W_and_YKL004W,0.0,0.0005336371773152
unikp,r_3458_ENZ_YDR367W_and_YKL004W,0.0,0.0004381900196608
unikp,r_3459_ENZ_YDR367W_and_YKL004W,0.0,0.0003873267240874
unikp,r_3460_ENZ_YDR367W_and_YKL004W,0.0,0.0006389861148362
unikp,r_3461_ENZ_YDR367W_and_YKL004W,0.0,0.0008570105093227
unikp,r_3462_ENZ_YDR367W_and_YKL004W,0.0,0.0006177771706631
unikp,r_3463_ENZ_YDR367W_and_YKL004W,0.0,0.0004455825010638
unikp,r_3464_ENZ_YDR367W_and_YKL004W,0.0,0.0004295096962484
unikp,r_3465_ENZ_YDR367W_and_YKL004W,0.0,0.0005119378825074
unikp,r_3466_ENZ_YDR367W_and_YKL004W,0.0,0.0004269993533876
unikp,r_3467_ENZ_YDR367W_and_YKL004W,0.0,0.0003902324894318
unikp,r_3468_ENZ_YDR367W_and_YKL004W,0.0,0.0005557265798689
unikp,r_3469_ENZ_YDR367W_and_YKL004W,0.0,0.000708442548975
unikp,r_3470_ENZ_YDR367W_and_YKL004W,0.0,0.0004859657670591
unikp,r_3471_ENZ_YDR367W_and_YKL004W,0.0,0.0003785161500169
unikp,r_3472_ENZ_YDR367W_and_YKL004W,0.0,0.0003903634708035
unikp,r_3473_ENZ_YDR367W_and_YKL004W,0.0,0.0004178599305805
unikp,r_3474_ENZ_YDR367W_and_YKL004W,0.0,0.0003920654914463
unikp,r_3475_ENZ_YDR367W_and_YKL004W,0.0,0.0003504355607208
unikp,r_3476_ENZ_YDR367W_and_YKL004W,0.0,0.0007162551127069
unikp,r_3477_ENZ_YDR367W_and_YKL004W,0.0,0.0009617448400374
unikp,r_3478_ENZ_YDR367W_and_YKL004W,0.0,0.0006156145813007
unikp,r_3479_ENZ_YDR367W_and_YKL004W,0.0,0.0004403712781297
unikp,r_3480_ENZ_YDR367W_and_YKL004W,0.0,0.0004521240838578
unikp,r_3481_ENZ_YDR367W_and_YKL004W,0.0,0.0005508734158255
unikp,r_3482_ENZ_YDR367W_and_YKL004W,0.0,0.0004336000485129
unikp,r_3483_ENZ_YDR367W_and_YKL004W,0.0,0.000417783055967
unikp,r_3484_ENZ_YDR367W_and_YKL004W,0.0,0.0006898896860507
unikp,r_3485_ENZ_YDR367W_and_YKL004W,0.0,0.0008903524532182
unikp,r_3486_ENZ_YDR367W_and_YKL004W,0.0,0.000597748610655
unikp,r_3487_ENZ_YDR367W_and_YKL004W,0.0,0.0004155747471725
unikp,r_3488_ENZ_YDR367W_and_YKL004W,0.0,0.0004408975265702
unikp,r_3489_ENZ_YDR367W_and_YKL004W,0.0,0.000521640278088
unikp,r_3490_ENZ_YDR367W_and_YKL004W,0.0,0.0004464974024409
unikp,r_3491_ENZ_YDR367W_and_YKL004W,0.0,0.0004110037941
unikp,r_3492_ENZ_YDR367W_and_YKL004W,0.0,0.0006566803133389
unikp,r_3493_ENZ_YDR367W_and_YKL004W,0.0,0.0008680954544377
unikp,r_3494_ENZ_YDR367W_and_YKL004W,0.0,0.0006077787790909
unikp,r_3495_ENZ_YDR367W_and_YKL004W,0.0,0.0004277472603915
unikp,r_3496_ENZ_YDR367W_and_YKL004W,0.0,0.0004348313294327
unikp,r_3497_ENZ_YDR367W_and_YKL004W,0.0,0.0005097686235967
unikp,r_3498_ENZ_YDR367W_and_YKL004W,0.0,0.0004390159477365
unikp,r_3499_ENZ_YDR367W_and_YKL004W,0.0,0.0003947032914131
unikp,r_3500_ENZ_YDR367W_and_YKL004W,0.0,0.0006583193004572
unikp,r_3501_ENZ_YDR367W_and_YKL004W,0.0,0.0008528511776817
unikp,r_3502_ENZ_YDR367W_and_YKL004W,0.0,0.0005882678568977
unikp,r_3503_ENZ_YDR367W_and_YKL004W,0.0,0.0004291824885066
unikp,r_3504_ENZ_YDR367W_and_YKL004W,0.0,0.0004324435554753
unikp,r_3505_ENZ_YDR367W_and_YKL004W,0.0,0.0005474117532502
unikp,r_3506_ENZ_YDR367W_and_YKL004W,0.0,0.0004361708889521
unikp,r_3507_ENZ_YDR367W_and_YKL004W,0.0,0.0003851729862194
unikp,r_3508_FWD,0.0,0.0002001879590212
unikp,r_3508_REV,0.0,0.0
unikp,r_3509_FWD,0.0,0.0002450266066472
unikp,r_3509_REV,0.0,0.0001726594638294
unikp,r_3510_FWD,0.0,0.0037529732322542
unikp,r_3510_REV,0.0,0.0046508619648652
unikp,r_3511_FWD,0.0,0.0037264084276747
unikp,r_3511_REV,0.0,0.0042727990957804
unikp,r_3512_FWD,0.0,0.0031302171517643
unikp,r_3512_REV,0.0,0.0032727158215629
unikp,r_3513_FWD,0.0,0.0031181742626069
unikp,r_3513_REV,0.0,0.0031661545072146
unikp,r_3514_FWD,0.0,0.0010745421800425
unikp,r_3514_REV,0.0,0.0
unikp,r_3515_FWD,0.0,0.0029129966516683
unikp,r_3515_REV,0.0,0.0032650121229749
unikp,r_3516_FWD,0.0,0.0034686685884536
unikp,r_3516_REV,0.0,0.0031698293870342
unikp,r_3517_FWD,0.0212549132820669,0.0300762122845844
unikp,r_3517_REV,0.0,0.0
unikp,r_3518_FWD,0.0,0.0025162777226573
unikp,r_3518_REV,0.0,0.0112495299188505
unikp,r_3519_FWD,0.0041093996355418,0.0114399567821817
unikp,r_3519_REV,0.0,0.0
unikp,r_3520_FWD,0.0,0.0025094041413289
unikp,r_3520_REV,0.0,0.0074731125183655
unikp,r_3521_FWD,0.0,0.0
unikp,r_3521_REV,0.0,0.0001413238831104
unikp,r_3522_FWD,0.0,0.0
unikp,r_3522_REV,0.0,0.000104186040307
unikp,r_3523_FWD,0.0,0.0037882297101301
unikp,r_3523_REV,0.0,0.0034106450880271
unikp,r_3524_FWD,0.0,0.0033834855470406
unikp,r_3524_REV,0.0,0.0032841802143853
unikp,r_3525_FWD,0.0,0.008098707631813
unikp,r_3525_REV,0.0,0.020258756146968
unikp,r_3526_ENZ_YLL052C_FWD,0.0,0.0
unikp,r_3526_ENZ_YLL052C_REV,0.0,0.0
unikp,r_3526_ENZ_YPR192W_FWD,0.0,0.0
unikp,r_3526_ENZ_YPR192W_REV,0.0483296670894159,0.0528475164531005
unikp,r_3527_FWD,0.0,0.0
unikp,r_3527_REV,0.0,0.0010759192303317
unikp,r_3528_FWD,0.0,0.0
unikp,r_3528_REV,0.0154345061873111,0.0376296461760326
unikp,r_3529_FWD,0.0,0.0142776605751888
unikp,r_3529_REV,0.0,0.0
unikp,r_3530_FWD,0.0,0.0
unikp,r_3530_REV,0.0,0.0143596929352969
unikp,r_3531_FWD,0.0263447305688003,0.0264127073485282
unikp,r_3531_REV,0.0,0.0
unikp,r_3532_FWD,0.0498308414193771,0.050004840957942
unikp,r_3532_REV,0.0,0.0
unikp,r_3533_FWD,0.0,0.0
unikp,r_3533_REV,0.0498308414193771,0.0500048409579419
unikp,r_3534_FWD,0.0,0.0140195908922052
unikp,r_3534_REV,0.0,0.0
unikp,r_3535_FWD,0.0,0.0143596929388592
unikp,r_3535_REV,0.0,0.0
unikp,r_3536_FWD,0.0,0.0
unikp,r_3536_REV,0.0079240488808518,0.0166435141195247
unikp,r_3537_FWD,0.0,0.0
unikp,r_3537_REV,0.0,0.0043388427669403
unikp,r_3538_FWD,0.0129009020942576,0.0139282837885355
unikp,r_3538_REV,0.0,0.0
unikp,r_3539_FWD,0.0,0.0
unikp,r_3539_REV,0.0,0.0009956466293825
unikp,r_3540_FWD,0.0,0.0
unikp,r_3540_REV,0.0129007613484938,0.013893692104865
unikp,r_3541_FWD,0.0,0.0
unikp,r_3541_REV,0.0,0.0
unikp,r_3542_FWD,0.0,0.0004710204978887
unikp,r_3542_REV,0.0,0.0
unikp,r_3543_FWD,0.0,0.0037171093500198
unikp,r_3543_REV,0.0,0.005019755013665
unikp,r_3544_FWD,0.0,0.0049303781297239
unikp,r_3544_REV,0.0,0.0037171093500198
unikp,r_3545_ENZ_YKR039W_FWD,0.0110875081282116,0.0112704291132546
unikp,r_3545_ENZ_YKR039W_REV,0.0,0.0
unikp,r_3546_FWD,0.001713278770797,0.0027838379899293
unikp,r_3546_REV,0.0,0.0
unikp,r_3547_FWD,0.0217407993942573,0.0223137680772068
unikp,r_3547_REV,0.0,0.0
unikp,r_3548_FWD,0.0,0.0
unikp,r_3548_REV,0.021741421869814,0.0223157219727156
unikp,r_3549_FWD,0.0,0.0
unikp,r_3549_REV,0.0,0.0
unikp,r_3550_FWD,0.0,0.0
unikp,r_3550_REV,0.0,0.0
unikp,r_3551_FWD,0.0,0.0
unikp,r_3551_REV,0.0,0.0
unikp,r_3552_FWD,0.0,999.9947941807592
unikp,r_3552_REV,0.0,999.998030419966
unikp,r_3553_FWD,0.0,0.0003138911739481
unikp,r_3553_REV,0.0,0.0
unikp,r_3554_FWD,0.0,0.0022124188393541
unikp,r_3554_REV,0.0,0.0031817568895307
unikp,r_3555_FWD,0.0,0.0014047554324392
unikp,r_3555_REV,0.0,0.0037867372644881
unikp,r_3556_FWD,0.0,0.0022168125404145
unikp,r_3556_REV,0.0,0.0030452511548593
unikp,r_3557_FWD,0.0,0.0014224860435927
unikp,r_3557_REV,0.0,0.0039613074466222
unikp,r_3558_FWD,0.0,0.0022126995445963
unikp,r_3558_REV,0.0,0.0039648678773488
unikp,r_3559_FWD,0.0,0.0014459543975316
unikp,r_3559_REV,0.0,0.0039612767647797
unikp,r_3560_FWD,0.0,0.0022219651028163
unikp,r_3560_REV,0.0,0.0039641321132365
unikp,r_3561_FWD,0.0,0.0014521935962239
unikp,r_3561_REV,0.0,0.0039612276334833
unikp,r_3562_FWD,0.0,0.0022171752916548
unikp,r_3562_REV,0.0,0.0018132681856202
unikp,r_3563_FWD,0.0,0.0020541287204558
unikp,r_3563_REV,0.0,0.0018179336957633
unikp,r_3564_FWD,0.0,0.0022245738734545
unikp,r_3564_REV,0.0,0.0016913257667961
unikp,r_3565_FWD,0.0,0.0022181146602973
unikp,r_3565_REV,0.0,0.0012604481892893
unikp,r_3566_FWD,0.0,0.0022191785889133
unikp,r_3566_REV,0.0,0.0011025525451685
unikp,r_3567_FWD,0.0,0.0022170433657677
unikp,r_3567_REV,0.0,0.001756735551022
unikp,r_3568_FWD,0.0,0.000364231507115
unikp,r_3568_REV,0.0,0.0013820544017232
unikp,r_3569_FWD,0.0,0.0022246939468262
unikp,r_3569_REV,0.0,0.000576882332611
unikp,r_3570_FWD,0.0,0.0001792303991461
unikp,r_3570_REV,0.0,0.0
unikp,r_3571_FWD,0.0,0.0035785499311884
unikp,r_3571_REV,0.0,0.0049104596359842
unikp,r_3572_FWD,0.0,0.0030974835726043
unikp,r_3572_REV,0.0,0.0049628701630592
unikp,r_3573_FWD,0.0,0.0032745971031557
unikp,r_3573_REV,0.0,0.0031275954610155
unikp,r_3574_FWD,0.0,0.0031627004740742
unikp,r_3574_REV,0.0,0.0031174468543339
unikp,r_3575_FWD,0.0,0.0032572655146354
unikp,r_3575_REV,0.0,0.0029176714783776
unikp,r_3576_FWD,0.0,0.0031749155783215
unikp,r_3576_REV,0.0,0.0034700973047884
unikp,r_3577_FWD,0.0,0.0052333798598359
unikp,r_3577_REV,0.0,0.0035843015152634
unikp,r_3578_FWD,0.0,0.0109757753835024
unikp,r_3578_REV,0.0,0.0025090602355943
unikp,r_3579_FWD,0.0,0.0041209562408023
unikp,r_3579_REV,0.0,0.0032160583923733
unikp,r_3580_FWD,0.0,0.0074719518233679
unikp,r_3580_REV,0.0,0.0025079428782651
unikp,r_3581_FWD,0.0,0.0051319332424843
unikp,r_3581_REV,0.0,0.0
unikp,r_3582_FWD,0.0,0.0067643607810611
unikp,r_3582_REV,0.0,0.0
unikp,r_3583_FWD,0.0,0.0067844440890249
unikp,r_3583_REV,0.0,0.0
unikp,r_3584_FWD,0.0,0.0
unikp,r_3584_REV,0.0,0.0067844440890249
unikp,r_3585_FWD,0.0,0.0036799505213521
unikp,r_3585_REV,0.0,0.0050128042323824
unikp,r_3586_FWD,0.0,0.0049522599562502
unikp,r_3586_REV,0.0,0.0036818342676173
unikp,r_3587_FWD,0.0,0.0049529899486671
unikp,r_3587_REV,0.0,0.003686014865298
unikp,r_3588_FWD,0.0,0.0031772377139842
unikp,r_3588_REV,0.0,0.002212488303508
unikp,r_3589_FWD,0.0,0.0037844538205572
unikp,r_3589_REV,0.0,0.0014020178332999
unikp,r_3590_FWD,0.0,0.0030561866815545
unikp,r_3590_REV,0.0,0.0022127076691102
unikp,r_3591_FWD,0.0,0.0039641312425354
unikp,r_3591_REV,0.0,0.0014259926632829
unikp,r_3592_FWD,0.0,0.0039649856332256
unikp,r_3592_REV,0.0,0.0022171287970663
unikp,r_3593_FWD,0.0,0.003961354742599
unikp,r_3593_REV,0.0,0.0014486090322507
unikp,r_3594_FWD,0.0,0.0039623001015763
unikp,r_3594_REV,0.0,0.0022212929686313
unikp,r_3595_FWD,0.0,0.0039612741290366
unikp,r_3595_REV,0.0,0.0014496425998613
unikp,r_3596_FWD,0.0,0.002217051264528
unikp,r_3596_REV,0.0,0.0
unikp,r_3597_FWD,0.0,0.0003043646561381
unikp,r_3597_REV,0.0,0.0
unikp,r_3598_FWD,0.0,0.0
unikp,r_3598_REV,0.0,0.0
unikp,r_3599_FWD,0.0,0.0037883343073702
unikp,r_3599_REV,0.0,0.0034052666130938
unikp,r_3600_FWD,0.0,0.0033782245040061
unikp,r_3600_REV,0.0,0.0032772282140677
unikp,r_3601_FWD,0.0,0.00251860869181
unikp,r_3601_REV,0.0,0.0
unikp,r_3602_FWD,0.0,0.0
unikp,r_3602_REV,0.0,0.0025195192854295
unikp,r_3603_FWD,0.0,0.0025193654009738
unikp,r_3603_REV,0.0,0.0036789680125739
unikp,r_3604_ENZ_YLL052C_FWD,0.0,0.0017320319955169
unikp,r_3604_ENZ_YLL052C_REV,0.0,0.0
unikp,r_3604_ENZ_YLL053C_FWD,0.0,0.0018162738313045
unikp,r_3604_ENZ_YLL053C_REV,0.0,0.0
unikp,r_3604_ENZ_YPR192W_FWD,0.0,0.0018436785315792
unikp,r_3604_ENZ_YPR192W_REV,0.0,0.0
unikp,r_3605_ENZ_YCR037C_FWD,0.0,0.0
unikp,r_3605_ENZ_YCR037C_REV,0.0,0.0015126864242214
unikp,r_3605_ENZ_YJL198W_FWD,0.0,0.0
unikp,r_3605_ENZ_YJL198W_REV,0.0,0.0012652625040999
unikp,r_3605_ENZ_YML123C_FWD,0.0,0.0
unikp,r_3605_ENZ_YML123C_REV,0.0,0.0018430979475882
unikp,r_3606_ENZ_YCR098C_FWD,0.0,0.0001866660752808
unikp,r_3606_ENZ_YCR098C_REV,0.0,0.0
unikp,r_3607_ENZ_YCR098C_FWD,0.0,0.0001938989415254
unikp,r_3607_ENZ_YCR098C_REV,0.0,0.0
unikp,r_3608_FWD,0.0,0.0001855880831694
unikp,r_3608_REV,0.0,0.0
unikp,r_3609_FWD,0.0,0.0003775985237225
unikp,r_3609_REV,0.0,0.0
unikp,r_3610_FWD,0.0,0.0001811050058498
unikp,r_3610_REV,0.0,0.0
unikp,r_3611_FWD,0.0,0.0003348369012671
unikp,r_3611_REV,0.0,0.0
unikp,r_3612_FWD,0.0,0.0
unikp,r_3612_REV,0.0,0.0
unikp,r_3613_FWD,0.0,0.0
unikp,r_3613_REV,0.0,0.0
unikp,r_3614_FWD,0.0,0.0014257545121687
unikp,r_3614_REV,0.0,0.001749168188074
unikp,r_3615_FWD,0.0,0.001749252349313
unikp,r_3615_REV,0.0,0.0014454579893875
unikp,r_3616_FWD,0.0,0.0022207685163593
unikp,r_3616_REV,0.0,0.0012611415802006
unikp,r_3617_FWD,0.0,0.0022159662874461
unikp,r_3617_REV,0.0,0.0012611627894254
unikp,r_3618_FWD,0.0,0.0022161325000628
unikp,r_3618_REV,0.0,0.0012612385547998
unikp,r_3619_FWD,0.0,0.0022195984683678
unikp,r_3619_REV,0.0,0.001261250984692
unikp,r_3620_FWD,0.0,0.0022196411805286
unikp,r_3620_REV,0.0,0.0012597348950908
unikp,r_3621_FWD,0.0,0.0022252162893865
unikp,r_3621_REV,0.0,0.0012616383151713
unikp,r_3622_FWD,0.0,0.0002777472485577
unikp,r_3622_REV,0.0,0.0003176892946318
unikp,r_3623_FWD,0.0,0.0022252754348617
unikp,r_3623_REV,0.0,0.001264359763223
unikp,r_3624_FWD,0.0,0.0022160522500905
unikp,r_3624_REV,0.0,0.002219443907613
unikp,r_3625_FWD,0.0,0.0022161259123896
unikp,r_3625_REV,0.0,0.0022298535235518
unikp,r_3626_FWD,0.0,0.0022195708169404
unikp,r_3626_REV,0.0,0.0022146821431405
unikp,r_3627_FWD,0.0,0.0022157683665781
unikp,r_3627_REV,0.0,0.0022150427808798
unikp,r_3628_FWD,0.0,0.0022205608400893
unikp,r_3628_REV,0.0,0.0022635747450543
unikp,r_3629_FWD,0.0,0.0022193441637297
unikp,r_3629_REV,0.0,0.0022185697126388
unikp,r_3630_FWD,0.0,0.0002704958597803
unikp,r_3630_REV,0.0,0.0002778823412904
unikp,r_3631_FWD,0.0,0.0022192276322492
unikp,r_3631_REV,0.0,0.0022241556222864
unikp,r_3632_FWD,0.0,0.001261861282451
unikp,r_3632_REV,0.0,0.0
unikp,r_3633_FWD,0.0,0.0012596853953188
unikp,r_3633_REV,0.0,0.0
unikp,r_3634_FWD,0.0,0.0012616780394156
unikp,r_3634_REV,0.0,0.0
unikp,r_3635_FWD,0.0,0.0012597359691852
unikp,r_3635_REV,0.0,0.0
unikp,r_3636_FWD,0.0,0.0012591691684229
unikp,r_3636_REV,0.0,0.0
unikp,r_3637_FWD,0.0,0.0012612534194036
unikp,r_3637_REV,0.0,0.0
unikp,r_3638_FWD,0.0,0.0003169018499842
unikp,r_3638_REV,0.0,0.0
unikp,r_3639_FWD,0.0,0.0012612668190756
unikp,r_3639_REV,0.0,0.0
unikp,r_3640_FWD,0.0,0.0
unikp,r_3640_REV,0.0,0.0
unikp,r_3641_FWD,0.0,0.0
unikp,r_3641_REV,0.0,0.0
unikp,r_3642_FWD,0.0,0.0
unikp,r_3642_REV,0.0,0.0
unikp,r_3643_FWD,0.0,0.0
unikp,r_3643_REV,0.0,0.0
unikp,r_3644_FWD,0.0,0.0
unikp,r_3644_REV,0.0,0.0
unikp,r_3645_FWD,0.0,0.0
unikp,r_3645_REV,0.0,0.0
unikp,r_3646_FWD,0.0,0.0
unikp,r_3646_REV,0.0,0.0
unikp,r_3647_FWD,0.0,0.0
unikp,r_3647_REV,0.0,0.0
unikp,r_3648_FWD,0.0,0.0010825397455667
unikp,r_3648_REV,0.0,0.0
unikp,r_3649_ENZ_YNR013C_FWD,0.0,0.0
unikp,r_3649_ENZ_YNR013C_REV,0.0,0.0010924786405265
unikp,r_3650_FWD,0.0,0.0025194189106683
unikp,r_3650_REV,0.0,0.0010924786405265
unikp,r_3651_FWD,0.0,0.002520466113095
unikp,r_3651_REV,0.0,0.0
unikp,r_3652_FWD,0.0,0.0
unikp,r_3652_REV,0.0,0.002523565983334
unikp,r_3653_FWD,0.0,0.0
unikp,r_3653_REV,0.0,0.0095620980914491
unikp,r_3654_FWD,0.0,0.0011125746435527
unikp,r_3654_REV,0.0,0.0
unikp,r_3655_FWD,0.0,0.0011093183940018
unikp,r_3655_REV,0.0,0.0
unikp,r_3656_FWD,0.0,0.001109729831116
unikp,r_3656_REV,0.0,0.0
unikp,r_3657_FWD,0.0,0.0011084892055025
unikp,r_3657_REV,0.0,0.0
unikp,r_3658_FWD,0.0,0.001112373763129
unikp,r_3658_REV,0.0,0.0
unikp,r_3659_FWD,0.0,0.0011100478237748
unikp,r_3659_REV,0.0,0.0
unikp,r_3660_FWD,0.0,0.0003649006462114
unikp,r_3660_REV,0.0,0.0
unikp,r_3661_FWD,0.0,0.000334346510491
unikp,r_3661_REV,0.0,0.0
unikp,r_3662_FWD,0.0,0.0022594671130093
unikp,r_3662_REV,0.0,0.0
unikp,r_3663_FWD,0.0,0.0
unikp,r_3663_REV,0.0,0.0022692881241317
unikp,r_3664_FWD,0.0,0.0
unikp,r_3664_REV,0.0,0.0045259002570111
unikp,r_3665_FWD,0.0,0.0
unikp,r_3665_REV,0.0,0.0015164877954219
unikp,r_3666_FWD,0.0,0.0022187750708484
unikp,r_3666_REV,0.0,0.0
unikp,r_3667_FWD,0.0,0.0
unikp,r_3667_REV,0.0,0.0022187750708484
unikp,r_3668_FWD,0.0,0.0013031088265455
unikp,r_3668_REV,0.0,0.0
unikp,r_3669_FWD,0.0,0.0
unikp,r_3669_REV,0.0,0.0095620928384239
unikp,r_3670_FWD,0.0,0.0
unikp,r_3670_REV,0.0,0.0
unikp,r_3671_FWD,0.0,0.0
unikp,r_3671_REV,0.0,0.0
unikp,r_3672_FWD,0.0,0.0006501198030736
unikp,r_3672_REV,0.0,0.0
unikp,r_3673_FWD,0.0,0.0006367155124431
unikp,r_3673_REV,0.0,0.0
unikp,r_3674_FWD,0.0,0.0004320407846993
unikp,r_3674_REV,0.0,0.0
unikp,r_3675_FWD,0.0,0.0003289584032888
unikp,r_3675_REV,0.0,0.0
unikp,r_3676_FWD,0.0,0.0004052105036683
unikp,r_3676_REV,0.0,0.0
unikp,r_3677_FWD,0.0,0.000355261400541
unikp,r_3677_REV,0.0,0.0
unikp,r_3678_FWD,0.0,0.0
unikp,r_3678_REV,0.0,0.0
unikp,r_3679_FWD,0.0,0.0
unikp,r_3679_REV,0.0,0.0
unikp,r_3680_ENZ_YHR002W_FWD,0.0,0.0
unikp,r_3680_ENZ_YHR002W_REV,0.0,0.0
unikp,r_3681_FWD,0.0,0.0029129498906699
unikp,r_3681_REV,0.0,0.0032517300253505
unikp,r_3682_FWD,0.0,0.0034774679477717
unikp,r_3682_REV,0.0,0.003169738457959
unikp,r_3683_FWD,0.0,0.0037818559479845
unikp,r_3683_REV,0.0,0.0034051148720496
unikp,r_3684_FWD,0.0,0.0034249261475121
unikp,r_3684_REV,0.0,0.0032788739876853
unikp,r_3685_FWD,0.0,0.0009568040271536
unikp,r_3685_REV,0.0,0.0012059504095112
unikp,r_3686_FWD,0.0,0.0009561319570387
unikp,r_3686_REV,0.0,0.0031783533426382
unikp,r_3687_FWD,0.0,0.0006758520869352
unikp,r_3687_REV,0.0,0.0009779295007515
unikp,r_3688_FWD,0.0,0.0022166770747735
unikp,r_3688_REV,0.0,0.001632969727409
unikp,r_3689_FWD,0.0,0.0013048726336088
unikp,r_3689_REV,0.0,0.001812141537512
unikp,r_3690_FWD,0.0,0.0009461869294215
unikp,r_3690_REV,0.0,0.0033001837074693
unikp,r_3691_FWD,0.0,0.0009997610776673
unikp,r_3691_REV,0.0,0.0013440555981727
unikp,r_3692_FWD,0.0,0.0014000688390739
unikp,r_3692_REV,0.0,0.0013616226522338
unikp,r_3693_FWD,0.0,0.0012974234360082
unikp,r_3693_REV,0.0,0.0011034135133716
unikp,r_3694_FWD,0.0,0.0009590726470982
unikp,r_3694_REV,0.0,0.0030454694024002
unikp,r_3695_FWD,0.0,0.0006900338318187
unikp,r_3695_REV,0.0,0.0005943848527421
unikp,r_3696_FWD,0.0,0.002212352154936
unikp,r_3696_REV,0.0,0.0016311219595734
unikp,r_3697_FWD,0.0,0.0012972583173755
unikp,r_3697_REV,0.0,0.0008126218319833
unikp,r_3698_FWD,0.0,0.0013133334717155
unikp,r_3698_REV,0.0,0.0039740434442736
unikp,r_3699_FWD,0.0,0.0010022777102285
unikp,r_3699_REV,0.0,0.0006694340737363
unikp,r_3700_FWD,0.0,0.0014238817266616
unikp,r_3700_REV,0.0,0.0012579024489199
unikp,r_3701_FWD,0.0,0.0007847899231718
unikp,r_3701_REV,0.0,0.0007344821613608
unikp,r_3702_FWD,0.0,0.0013097882369627
unikp,r_3702_REV,0.0,0.0039648320310401
unikp,r_3703_FWD,0.0,0.0006627905299245
unikp,r_3703_REV,0.0,0.0006804596800258
unikp,r_3704_FWD,0.0,0.0022122416348831
unikp,r_3704_REV,0.0,0.0016312544439842
unikp,r_3705_FWD,0.0,0.0012997333465363
unikp,r_3705_REV,0.0,0.0010846729788803
unikp,r_3706_FWD,0.0,0.001311919866242
unikp,r_3706_REV,0.0,0.0039709061298081
unikp,r_3707_FWD,0.0,0.0010022672059684
unikp,r_3707_REV,0.0,0.0007734430168368
unikp,r_3708_FWD,0.0,0.0014428716346814
unikp,r_3708_REV,0.0,0.0012723492303694
unikp,r_3709_FWD,0.0,0.0008656371303924
unikp,r_3709_REV,0.0,0.0006607216583586
unikp,r_3710_FWD,0.0,0.0013110118163673
unikp,r_3710_REV,0.0,0.0039650381382491
unikp,r_3711_FWD,0.0,0.0007856194752149
unikp,r_3711_REV,0.0,0.000459834542279
unikp,r_3712_FWD,0.0,0.0022156944041261
unikp,r_3712_REV,0.0,0.0016329110443068
unikp,r_3713_FWD,0.0,0.0008335991926475
unikp,r_3713_REV,0.0,0.0004393861105909
unikp,r_3714_FWD,0.0,0.0013134291664002
unikp,r_3714_REV,0.0,0.0039641232203178
unikp,r_3715_FWD,0.0,0.0009996626860571
unikp,r_3715_REV,0.0,0.0004160785944565
unikp,r_3716_FWD,0.0,0.0014525816596097
unikp,r_3716_REV,0.0,0.0013381778863645
unikp,r_3717_FWD,0.0,0.0
unikp,r_3717_REV,0.0,0.0005623141799888
unikp,r_3718_FWD,0.0,0.0
unikp,r_3718_REV,0.0,0.0004708762727497
unikp,r_3719_FWD,0.0,0.0
unikp,r_3719_REV,0.0,0.0003514518847347
unikp,r_3720_FWD,0.0,0.0
unikp,r_3720_REV,0.0,0.000442588488343
unikp,r_3721_FWD,0.0,0.0004829118086364
unikp,r_3721_REV,0.0,0.0
unikp,r_3722_FWD,0.0,0.0004586361163858
unikp,r_3722_REV,0.0,0.0
unikp,r_3723_FWD,0.0,0.0005632329235193
unikp,r_3723_REV,0.0,0.0
unikp,r_3724_FWD,0.0,0.0005039123674652
unikp,r_3724_REV,0.0,0.0
unikp,r_3725_FWD,0.0,0.0004707121568351
unikp,r_3725_REV,0.0,0.0
unikp,r_3726_FWD,0.0,0.0004138125839172
unikp,r_3726_REV,0.0,0.0
unikp,r_3727_FWD,0.0,0.0003373461650137
unikp,r_3727_REV,0.0,0.0
unikp,r_3728_FWD,0.0,0.0003532150631346
unikp,r_3728_REV,0.0,0.0
unikp,r_3729_FWD,0.0,0.0004405434778562
unikp,r_3729_REV,0.0,0.0
unikp,r_3730_FWD,0.0,0.000380650793835
unikp,r_3730_REV,0.0,0.0
unikp,r_3731_FWD,0.0,0.0013133366677561
unikp,r_3731_REV,0.0,0.0
unikp,r_3732_FWD,0.0,0.0006397745630516
unikp,r_3732_REV,0.0,0.0
unikp,r_3733_FWD,0.0,0.0005319842998398
unikp,r_3733_REV,0.0,0.0
unikp,r_3734_FWD,0.0,0.000675257684379
unikp,r_3734_REV,0.0,0.0
unikp,r_3735_FWD,0.0,0.0022117271396343
unikp,r_3735_REV,0.0,0.0
unikp,r_3736_FWD,0.0,0.0007692270046186
unikp,r_3736_REV,0.0,0.0
unikp,r_3737_FWD,0.0,0.0005420758722643
unikp,r_3737_REV,0.0,0.0
unikp,r_3738_FWD,0.0,0.0007750728121487
unikp,r_3738_REV,0.0,0.0
unikp,r_3739_FWD,0.0,0.0013091364158363
unikp,r_3739_REV,0.0,0.0
unikp,r_3740_FWD,0.0,0.0013103295822451
unikp,r_3740_REV,0.0,0.0
unikp,r_3741_FWD,0.0,0.0013097118097823
unikp,r_3741_REV,0.0,0.0
unikp,r_3742_FWD,0.0,0.0013224120950511
unikp,r_3742_REV,0.0,0.0
unikp,r_3743_FWD,0.0,0.002219872940438
unikp,r_3743_REV,0.0,0.0016329108032414
unikp,r_3744_FWD,0.0,0.0022208490627924
unikp,r_3744_REV,0.0,0.0016314379511073
unikp,r_3745_FWD,0.0,0.0022167449483096
unikp,r_3745_REV,0.0,0.0016355319068664
unikp,r_3746_FWD,0.0,0.0022124086733439
unikp,r_3746_REV,0.0,0.0016327735989015
unikp,r_3747_FWD,0.0,0.0
unikp,r_3747_REV,0.0,0.0022212483200121
unikp,r_3748_FWD,0.0,0.0
unikp,r_3748_REV,0.0,0.0007711347345216
unikp,r_3749_FWD,0.0,0.0
unikp,r_3749_REV,0.0,0.0005432006816124
unikp,r_3750_FWD,0.0,0.0
unikp,r_3750_REV,0.0,0.000775432542397
unikp,r_3751_FWD,0.0,0.0016312177839705
unikp,r_3751_REV,0.0,0.0022134303988021
unikp,r_3752_FWD,0.0,0.0016331325569495
unikp,r_3752_REV,0.0,0.0022134614481785
unikp,r_3753_FWD,0.0,0.0016303684927281
unikp,r_3753_REV,0.0,0.0022131019535552
unikp,r_3754_FWD,0.0,0.0016315133116738
unikp,r_3754_REV,0.0,0.0022157529831209
unikp,r_3755_FWD,0.0,0.001872351155921
unikp,r_3755_REV,0.0,0.0
unikp,r_3756_FWD,0.0,0.006777640116724
unikp,r_3756_REV,0.0,0.0
unikp,r_3757_FWD,0.0,0.0018921484183099
unikp,r_3757_REV,0.0,0.0
unikp,r_3758_FWD,0.0,0.0005943868193192
unikp,r_3758_REV,0.0,0.0
unikp,r_3759_FWD,0.0,0.0006514469064729
unikp,r_3759_REV,0.0,0.0
unikp,r_3760_FWD,0.0,0.0006368495517352
unikp,r_3760_REV,0.0,0.0
unikp,r_3761_FWD,0.0,0.0004313764091631
unikp,r_3761_REV,0.0,0.0
unikp,r_3762_FWD,0.0,0.0003296287472016
unikp,r_3762_REV,0.0,0.0
unikp,r_3763_FWD,0.0,0.000404234471841
unikp,r_3763_REV,0.0,0.0
unikp,r_3764_FWD,0.0,0.0003557633076749
unikp,r_3764_REV,0.0,0.0
unikp,r_3765_FWD,0.0,0.006892994694323
unikp,r_3765_REV,0.0,0.0
unikp,r_3766_FWD,0.0,0.0018609099913546
unikp,r_3766_REV,0.0,0.0
unikp,r_3767_FWD,0.0,0.0017089610860371
unikp,r_3767_REV,0.0,0.0
unikp,r_3768_FWD,0.0,0.0009397518860317
unikp,r_3768_REV,0.0,0.0
unikp,r_3769_FWD,0.0,0.002048126506689
unikp,r_3769_REV,0.0,0.0
unikp,r_3770_FWD,0.0,0.0067762654179329
unikp,r_3770_REV,0.0,0.0
unikp,r_3771_FWD,0.0,0.0018806114262168
unikp,r_3771_REV,0.0,0.0
unikp,r_3772_FWD,0.0,0.0007005091138709
unikp,r_3772_REV,0.0,0.0
unikp,r_3773_FWD,0.0,0.0068927115714389
unikp,r_3773_REV,0.0,0.0
unikp,r_3774_FWD,0.0,0.0018609190956192
unikp,r_3774_REV,0.0,0.0
unikp,r_3775_FWD,0.0,0.0017126502682347
unikp,r_3775_REV,0.0,0.0
unikp,r_3776_FWD,0.0,0.0009408719081953
unikp,r_3776_REV,0.0,0.0
unikp,r_3777_FWD,0.0,0.0020479059837082
unikp,r_3777_REV,0.0,0.0
unikp,r_3778_FWD,0.0,0.0067758450387083
unikp,r_3778_REV,0.0,0.0
unikp,r_3779_FWD,0.0,0.0018810262957067
unikp,r_3779_REV,0.0,0.0
unikp,r_3780_FWD,0.0,0.0007005091138671
unikp,r_3780_REV,0.0,0.0
unikp,r_3781_FWD,0.0,1000.0
unikp,r_3781_REV,0.0,1000.0
unikp,r_3782_FWD,0.0,1000.0
unikp,r_3782_REV,0.0,1000.0
unikp,r_3783_FWD,0.0,1000.0
unikp,r_3783_REV,0.0,1000.0
unikp,r_3784_FWD,0.0,1000.0
unikp,r_3784_REV,0.0,1000.0
unikp,r_3785_FWD,0.0,1000.0
unikp,r_3785_REV,0.0,1000.0
unikp,r_3786_FWD,0.0,1000.0
unikp,r_3786_REV,0.0,1000.0
unikp,r_3787_FWD,0.0,1000.0
unikp,r_3787_REV,0.0,1000.0
unikp,r_3788_FWD,0.0,1000.0
unikp,r_3788_REV,0.0,1000.0
unikp,r_3789_FWD,0.0,0.0
unikp,r_3789_REV,0.0,0.0019045457514588
unikp,r_3790_FWD,0.0,0.0
unikp,r_3790_REV,0.0,0.0015554023532188
unikp,r_3791_FWD,0.0,0.0
unikp,r_3791_REV,0.0,0.0011170594232108
unikp,r_3792_FWD,0.0,0.0
unikp,r_3792_REV,0.0,0.0006778268870808
unikp,r_3793_FWD,0.0,0.0
unikp,r_3793_REV,0.0,0.0006766361769852
unikp,r_3794_FWD,0.0,0.0
unikp,r_3794_REV,0.0,0.0014134829123157
unikp,r_3795_FWD,0.0,0.0
unikp,r_3795_REV,0.0,0.0006692757878861
unikp,r_3796_FWD,0.0,0.0
unikp,r_3796_REV,0.0,0.000836816614588
unikp,r_3797_FWD,0.0,0.001902888896186
unikp,r_3797_REV,0.0,0.0
unikp,r_3798_FWD,0.0,0.0015473248500353
unikp,r_3798_REV,0.0,0.0
unikp,r_3799_FWD,0.0,0.0011190451622637
unikp,r_3799_REV,0.0,0.0
unikp,r_3800_FWD,0.0,0.0006766739466455
unikp,r_3800_REV,0.0,0.0
unikp,r_3801_FWD,0.0,0.0006756338998806
unikp,r_3801_REV,0.0,0.0
unikp,r_3802_FWD,0.0,0.0014116104060738
unikp,r_3802_REV,0.0,0.0
unikp,r_3803_FWD,0.0,0.0006721045504693
unikp,r_3803_REV,0.0,0.0
unikp,r_3804_FWD,0.0,0.0008333588219908
unikp,r_3804_REV,0.0,0.0
unikp,r_3805_FWD,0.0,0.000714848269689
unikp,r_3805_REV,0.0,0.0022196820177748
unikp,r_3806_FWD,0.0,0.0009622003247027
unikp,r_3806_REV,0.0,0.0022252920672931
unikp,r_3807_FWD,0.0,0.0006174621852304
unikp,r_3807_REV,0.0,0.0022159356710022
unikp,r_3808_FWD,0.0,0.0004598953294962
unikp,r_3808_REV,0.0,0.0022158973593793
unikp,r_3809_FWD,0.0,0.0004509565656369
unikp,r_3809_REV,0.0,0.0023327754136595
unikp,r_3810_FWD,0.0,0.0005531451287447
unikp,r_3810_REV,0.0,0.0022197198085031
unikp,r_3811_FWD,0.0,0.0004508013085073
unikp,r_3811_REV,0.0,0.0004262547325933
unikp,r_3812_FWD,0.0,0.0004177122231687
unikp,r_3812_REV,0.0,0.0003445416626276
unikp,r_3813_ENZ_YIL048W_FWD,0.0,0.0011986332327773
unikp,r_3813_ENZ_YIL048W_REV,0.0,0.0
unikp,r_3813_ENZ_YMR162C_FWD,0.0,0.0004998221827336
unikp,r_3813_ENZ_YMR162C_REV,0.0,0.0
unikp,r_3814_ENZ_YIL048W_FWD,0.0,0.0004498390492634
unikp,r_3814_ENZ_YIL048W_REV,0.0,0.0
unikp,r_3814_ENZ_YMR162C_FWD,0.0,0.0002923880636811
unikp,r_3814_ENZ_YMR162C_REV,0.0,0.0
unikp,r_3815_ENZ_YIL048W_FWD,0.0,0.0002847536991441
unikp,r_3815_ENZ_YIL048W_REV,0.0,0.0
unikp,r_3815_ENZ_YMR162C_FWD,0.0,0.00018388054847
unikp,r_3815_ENZ_YMR162C_REV,0.0,0.0
unikp,r_3816_ENZ_YIL048W_FWD,0.0,0.0002922838649834
unikp,r_3816_ENZ_YIL048W_REV,0.0,0.0
unikp,r_3816_ENZ_YMR162C_FWD,0.0,0.0002335464159406
unikp,r_3816_ENZ_YMR162C_REV,0.0,0.0
unikp,r_3817_ENZ_YIL048W_FWD,0.0,0.0005401827951271
unikp,r_3817_ENZ_YIL048W_REV,0.0,0.0
unikp,r_3817_ENZ_YMR162C_FWD,0.0,0.0003424617951248
unikp,r_3817_ENZ_YMR162C_REV,0.0,0.0
unikp,r_3818_ENZ_YIL048W_FWD,0.0,0.0015139527591084
unikp,r_3818_ENZ_YIL048W_REV,0.0,0.0
unikp,r_3818_ENZ_YMR162C_FWD,0.0,0.0004899600195001
unikp,r_3818_ENZ_YMR162C_REV,0.0,0.0
unikp,r_3819_ENZ_YIL048W_FWD,0.0,0.0006157893461924
unikp,r_3819_ENZ_YIL048W_REV,0.0,0.0
unikp,r_3819_ENZ_YMR162C_FWD,0.0,0.0002311460815026
unikp,r_3819_ENZ_YMR162C_REV,0.0,0.0
unikp,r_3820_ENZ_YIL048W_FWD,0.0,0.0003921348121638
unikp,r_3820_ENZ_YIL048W_REV,0.0,0.0
unikp,r_3820_ENZ_YMR162C_FWD,0.0,0.0001686936648865
unikp,r_3820_ENZ_YMR162C_REV,0.0,0.0
unikp,r_3821_ENZ_YAL026C_FWD,0.0,0.0012000287765835
unikp,r_3821_ENZ_YAL026C_REV,0.0,0.0
unikp,r_3822_ENZ_YAL026C_FWD,0.0,0.0004498394565304
unikp,r_3822_ENZ_YAL026C_REV,0.0,0.0
unikp,r_3823_ENZ_YAL026C_FWD,0.0,0.0002843228693194
unikp,r_3823_ENZ_YAL026C_REV,0.0,0.0
unikp,r_3824_ENZ_YAL026C_FWD,0.0,0.0002919050185625
unikp,r_3824_ENZ_YAL026C_REV,0.0,0.0
unikp,r_3825_ENZ_YAL026C_FWD,0.0,0.0005416651271846
unikp,r_3825_ENZ_YAL026C_REV,0.0,0.0
unikp,r_3826_ENZ_YAL026C_FWD,0.0,0.0015181610551168
unikp,r_3826_ENZ_YAL026C_REV,0.0,0.0
unikp,r_3827_ENZ_YAL026C_FWD,0.0,0.000613289678237
unikp,r_3827_ENZ_YAL026C_REV,0.0,0.0
unikp,r_3828_ENZ_YAL026C_FWD,0.0,0.0003927357102769
unikp,r_3828_ENZ_YAL026C_REV,0.0,0.0
unikp,r_3829_FWD,0.0,0.0
unikp,r_3829_REV,0.0,0.0
unikp,r_3830_FWD,0.0,0.0
unikp,r_3830_REV,0.0,0.0
unikp,r_3831_FWD,0.0,0.0
unikp,r_3831_REV,0.0,0.0
unikp,r_3832_FWD,0.0,0.0
unikp,r_3832_REV,0.0,0.0
unikp,r_3833_FWD,0.0,0.0
unikp,r_3833_REV,0.0,0.0
unikp,r_3834_FWD,0.0,0.0
unikp,r_3834_REV,0.0,0.0
unikp,r_3835_FWD,0.0,0.0
unikp,r_3835_REV,0.0,0.0
unikp,r_3836_FWD,0.0,0.0
unikp,r_3836_REV,0.0,0.0
unikp,r_3837_FWD,0.0,0.0025294343988973
unikp,r_3837_REV,0.0,0.0
unikp,r_3838_FWD,0.0,0.0025223772275255
unikp,r_3838_REV,0.0,0.0
unikp,r_3839_FWD,0.0,0.0025221717718346
unikp,r_3839_REV,0.0,0.0
unikp,r_3840_FWD,0.0,0.0025244121731917
unikp,r_3840_REV,0.0,0.0
unikp,r_3841_FWD,0.0,0.0025241920531355
unikp,r_3841_REV,0.0,0.0
unikp,r_3842_FWD,0.0,0.0025241169145802
unikp,r_3842_REV,0.0,0.0
unikp,r_3843_FWD,0.0,0.0004438735371749
unikp,r_3843_REV,0.0,0.0
unikp,r_3844_FWD,0.0,0.0003683550420632
unikp,r_3844_REV,0.0,0.0
unikp,r_3845_FWD,0.0,0.0068929916230087
unikp,r_3845_REV,0.0,0.0
unikp,r_3846_FWD,0.0,0.0010537112822775
unikp,r_3846_REV,0.0,0.0
unikp,r_3847_FWD,0.0,0.000502373151084
unikp,r_3847_REV,0.0,0.0
unikp,r_3848_FWD,0.0,0.0005601255263702
unikp,r_3848_REV,0.0,0.0
unikp,r_3849_FWD,0.0,0.0020481058000171
unikp,r_3849_REV,0.0,0.0
unikp,r_3850_FWD,0.0,0.0067756012870669
unikp,r_3850_REV,0.0,0.0
unikp,r_3851_FWD,0.0,0.0018809181722834
unikp,r_3851_REV,0.0,0.0
unikp,r_3852_FWD,0.0,0.0006998657363074
unikp,r_3852_REV,0.0,0.0
unikp,r_3853_FWD,0.0,0.0068925304369457
unikp,r_3853_REV,0.0,0.0
unikp,r_3854_FWD,0.0,0.0010564089955919
unikp,r_3854_REV,0.0,0.0
unikp,r_3855_FWD,0.0,0.000502373151084
unikp,r_3855_REV,0.0,0.0
unikp,r_3856_FWD,0.0,0.0005601255262281
unikp,r_3856_REV,0.0,0.0
unikp,r_3857_FWD,0.0,0.0020512090258628
unikp,r_3857_REV,0.0,0.0
unikp,r_3858_FWD,0.0,0.0067754824509541
unikp,r_3858_REV,0.0,0.0
unikp,r_3859_FWD,0.0,0.0018808674622973
unikp,r_3859_REV,0.0,0.0
unikp,r_3860_FWD,0.0,0.0007027992119115
unikp,r_3860_REV,0.0,0.0
unikp,r_3861_FWD,0.0,0.0025247030657365
unikp,r_3861_REV,0.0,0.0
unikp,r_3862_FWD,0.0,0.0025293375006298
unikp,r_3862_REV,0.0,0.0
unikp,r_3863_FWD,0.0,0.0025323330901146
unikp,r_3863_REV,0.0,0.0
unikp,r_3864_FWD,0.0,0.002519917003493
unikp,r_3864_REV,0.0,0.0
unikp,r_3865_FWD,0.0,0.0025235618107251
unikp,r_3865_REV,0.0,0.0
unikp,r_3866_FWD,0.0,0.0025233421285548
unikp,r_3866_REV,0.0,0.0
unikp,r_3867_FWD,0.0,0.0004432266571708
unikp,r_3867_REV,0.0,0.0
unikp,r_3868_FWD,0.0,0.0003689263430965
unikp,r_3868_REV,0.0,0.0
unikp,r_3869_FWD,0.0,0.0025235347618828
unikp,r_3869_REV,0.0,0.0010631973772881
unikp,r_3870_FWD,0.0,0.0025191342311243
unikp,r_3870_REV,0.0,0.0010631579672711
unikp,r_3871_FWD,0.0,0.0025237170280636
unikp,r_3871_REV,0.0,0.0010670880998139
unikp,r_3872_FWD,0.0,0.0025235881917078
unikp,r_3872_REV,0.0,0.0010649565927507
unikp,r_3873_FWD,0.0,0.0025237328735183
unikp,r_3873_REV,0.0,0.0010649658890509
unikp,r_3874_FWD,0.0,0.0025237328731151
unikp,r_3874_REV,0.0,0.0010649387833074
unikp,r_3875_FWD,0.0,0.000741029865084
unikp,r_3875_REV,0.0,0.0002303533504779
unikp,r_3876_FWD,0.0,0.002519426256863
unikp,r_3876_REV,0.0,0.0010633031821285
unikp,r_3877_FWD,0.0,0.0004702342520398
unikp,r_3877_REV,0.0,0.0
unikp,r_3878_FWD,0.0,0.0002012589453421
unikp,r_3878_REV,0.0,0.0
unikp,r_3879_FWD,0.0,0.0002049967258515
unikp,r_3879_REV,0.0,0.0
unikp,r_3880_FWD,0.0,0.000231790266176
unikp,r_3880_REV,0.0,0.0
unikp,r_3881_FWD,0.0,0.000453537453111
unikp,r_3881_REV,0.0,0.0
unikp,r_3882_FWD,0.0,0.0002587984825112
unikp,r_3882_REV,0.0,0.0
unikp,r_3883_FWD,0.0,0.000271102406443
unikp,r_3883_REV,0.0,0.0
unikp,r_3884_FWD,0.0,0.0002487811617577
unikp,r_3884_REV,0.0,0.0
unikp,r_3885_ENZ_YAL026C_FWD,0.0,0.0
unikp,r_3885_ENZ_YAL026C_REV,0.0,0.0
unikp,r_3886_ENZ_YAL026C_FWD,0.0,0.0
unikp,r_3886_ENZ_YAL026C_REV,0.0,0.0
unikp,r_3887_ENZ_YAL026C_FWD,0.0,0.0
unikp,r_3887_ENZ_YAL026C_REV,0.0,0.0
unikp,r_3888_ENZ_YAL026C_FWD,0.0,0.0
unikp,r_3888_ENZ_YAL026C_REV,0.0,0.0
unikp,r_3889_ENZ_YAL026C_FWD,0.0,0.0
unikp,r_3889_ENZ_YAL026C_REV,0.0,0.0
unikp,r_3890_ENZ_YAL026C_FWD,0.0,0.0
unikp,r_3890_ENZ_YAL026C_REV,0.0,0.0
unikp,r_3891_ENZ_YAL026C_FWD,0.0,0.0
unikp,r_3891_ENZ_YAL026C_REV,0.0,0.0
unikp,r_3892_ENZ_YAL026C_FWD,0.0,0.0
unikp,r_3892_ENZ_YAL026C_REV,0.0,0.0
unikp,r_3893_ENZ_YIL048W_FWD,0.0,0.0
unikp,r_3893_ENZ_YIL048W_REV,0.0,0.0
unikp,r_3894_ENZ_YIL048W_FWD,0.0,0.0
unikp,r_3894_ENZ_YIL048W_REV,0.0,0.0
unikp,r_3895_ENZ_YIL048W_FWD,0.0,0.0
unikp,r_3895_ENZ_YIL048W_REV,0.0,0.0
unikp,r_3896_ENZ_YIL048W_FWD,0.0,0.0
unikp,r_3896_ENZ_YIL048W_REV,0.0,0.0
unikp,r_3897_ENZ_YIL048W_FWD,0.0,0.0
unikp,r_3897_ENZ_YIL048W_REV,0.0,0.0
unikp,r_3898_ENZ_YIL048W_FWD,0.0,0.0
unikp,r_3898_ENZ_YIL048W_REV,0.0,0.0
unikp,r_3899_ENZ_YIL048W_FWD,0.0,0.0
unikp,r_3899_ENZ_YIL048W_REV,0.0,0.0
unikp,r_3900_ENZ_YIL048W_FWD,0.0,0.0
unikp,r_3900_ENZ_YIL048W_REV,0.0,0.0
unikp,r_3901_FWD,0.0,0.00174927618822
unikp,r_3901_REV,0.0,0.0014281233840501
unikp,r_3902_FWD,0.0,0.0014257053371029
unikp,r_3902_REV,0.0,0.0017668341401365
unikp,r_3903_FWD,0.0,0.0004710414044332
unikp,r_3903_REV,0.0,0.0
unikp,r_3904_FWD,0.0,0.0002017070244418
unikp,r_3904_REV,0.0,0.0
unikp,r_3905_FWD,0.0,0.0002045381650497
unikp,r_3905_REV,0.0,0.0
unikp,r_3906_FWD,0.0,0.0002308201628527
unikp,r_3906_REV,0.0,0.0
unikp,r_3907_FWD,0.0,0.0004521045066853
unikp,r_3907_REV,0.0,0.0
unikp,r_3908_FWD,0.0,0.0002584299337943
unikp,r_3908_REV,0.0,0.0
unikp,r_3909_FWD,0.0,0.0002924437666899
unikp,r_3909_REV,0.0,0.0
unikp,r_3910_FWD,0.0,0.0002487837183436
unikp,r_3910_REV,0.0,0.0
unikp,r_3911_FWD,0.0,0.0025224737226592
unikp,r_3911_REV,0.0,0.002523718059479
unikp,r_3912_FWD,0.0,0.0025239426409873
unikp,r_3912_REV,0.0,0.0025223505353944
unikp,r_3913_FWD,0.0,0.0025237180593584
unikp,r_3913_REV,0.0,0.0025224717123544
unikp,r_3914_FWD,0.0,0.0025236391108188
unikp,r_3914_REV,0.0,0.0025243406543786
unikp,r_3915_FWD,0.0,0.0025275623735295
unikp,r_3915_REV,0.0,0.0025234492608552
unikp,r_3916_FWD,0.0,0.0025261143810428
unikp,r_3916_REV,0.0,0.0025237409425891
unikp,r_3917_FWD,0.0,0.0007398612488289
unikp,r_3917_REV,0.0,0.0006909696375611
unikp,r_3918_FWD,0.0,0.0025225505596907
unikp,r_3918_REV,0.0,0.002519600862338
unikp,r_3919_FWD,0.0,0.0025391711732631
unikp,r_3919_REV,0.0,0.0
unikp,r_3920_FWD,0.0,0.0025224347721435
unikp,r_3920_REV,0.0,0.0
unikp,r_3921_FWD,0.0,0.0025226340053041
unikp,r_3921_REV,0.0,0.0
unikp,r_3922_FWD,0.0,0.0025234818479384
unikp,r_3922_REV,0.0,0.0
unikp,r_3923_FWD,0.0,0.0025224044029945
unikp,r_3923_REV,0.0,0.0
unikp,r_3924_FWD,0.0,0.0025223718055779
unikp,r_3924_REV,0.0,0.0
unikp,r_3925_FWD,0.0,0.000678137664563
unikp,r_3925_REV,0.0,0.0
unikp,r_3926_FWD,0.0,0.002518534111032
unikp,r_3926_REV,0.0,0.0
unikp,r_3927_FWD,0.0,0.0003143326086023
unikp,r_3927_REV,0.0,0.0
unikp,r_3928_FWD,0.0,0.0002812071219953
unikp,r_3928_REV,0.0,0.0
unikp,r_3929_FWD,0.0,0.0012597598486148
unikp,r_3929_REV,0.0,0.0
unikp,r_3930_FWD,0.0,0.0012600500753463
unikp,r_3930_REV,0.0,0.0
unikp,r_3931_FWD,0.0,0.0012597111432355
unikp,r_3931_REV,0.0,0.0
unikp,r_3932_FWD,0.0,0.0012617108400783
unikp,r_3932_REV,0.0,0.0
unikp,r_3933_FWD,0.0,0.001261888087967
unikp,r_3933_REV,0.0,0.0
unikp,r_3934_FWD,0.0,0.001261167929289
unikp,r_3934_REV,0.0,0.0
unikp,r_3935_FWD,0.0,0.0003163699256076
unikp,r_3935_REV,0.0,0.0
unikp,r_3936_FWD,0.0,0.0012616246448908
unikp,r_3936_REV,0.0,0.0
unikp,r_3937_FWD,0.0,0.0
unikp,r_3937_REV,0.0,0.0005939328824051
unikp,r_3938_FWD,0.0,0.0
unikp,r_3938_REV,0.0,0.0006466920224028
unikp,r_3939_FWD,0.0,1000.0
unikp,r_3939_REV,0.0,999.9929445016786
unikp,r_3940,0.0,0.00085093831881
unikp,r_3941_FWD,0.0,0.0022141464666569
unikp,r_3941_REV,0.0,0.0
unikp,r_3942_FWD,0.0,0.0022161096918713
unikp,r_3942_REV,0.0,0.0
unikp,r_3943_FWD,0.0,0.0022195650864809
unikp,r_3943_REV,0.0,0.0
unikp,r_3944_FWD,0.0,0.002219713661822
unikp,r_3944_REV,0.0,0.0
unikp,r_3945_FWD,0.0,0.0022201640434655
unikp,r_3945_REV,0.0,0.0
unikp,r_3946_FWD,0.0,0.0022158203732205
unikp,r_3946_REV,0.0,0.0
unikp,r_3947_FWD,0.0,0.0004262228869964
unikp,r_3947_REV,0.0,0.0
unikp,r_3948_FWD,0.0,0.0003437932998062
unikp,r_3948_REV,0.0,0.0
unikp,r_3949_FWD,0.0,0.0009197744993927
unikp,r_3949_REV,0.0,0.0
unikp,r_3950_FWD,0.0,0.0009212907864379
unikp,r_3950_REV,0.0,0.0
unikp,r_3951_FWD,0.0,0.000921286018892
unikp,r_3951_REV,0.0,0.0
unikp,r_3952_FWD,0.0,0.0009208627847097
unikp,r_3952_REV,0.0,0.0
unikp,r_3953_FWD,0.0,0.0009212855186579
unikp,r_3953_REV,0.0,0.0
unikp,r_3954_FWD,0.0,0.0009208989666555
unikp,r_3954_REV,0.0,0.0
unikp,r_3955_FWD,0.0,0.0002303299773389
unikp,r_3955_REV,0.0,0.0
unikp,r_3956_FWD,0.0,0.0002059185911513
unikp,r_3956_REV,0.0,0.0
unikp,r_3957_FWD,0.0,0.0
unikp,r_3957_REV,0.0,0.0019528571548249
unikp,r_3958_FWD,0.0,0.0
unikp,r_3958_REV,0.0,0.0
unikp,r_3959_ENZ_YBR192W_FWD,0.0,0.0
unikp,r_3959_ENZ_YBR192W_REV,0.0,0.0006509523849416
unikp,r_3960_ENZ_YBR192W_FWD,0.0,0.0006509523849416
unikp,r_3960_ENZ_YBR192W_REV,0.0,0.0
unikp,r_3961_ENZ_YER053C_FWD,0.0,0.0
unikp,r_3961_ENZ_YER053C_REV,0.0,0.0006436043309933
unikp,r_3961_ENZ_YJR077C_FWD,0.0,0.0
unikp,r_3961_ENZ_YJR077C_REV,0.0,0.0006488919663506
unikp,r_3962_FWD,0.0,0.0
unikp,r_3962_REV,0.0,0.0006534798420892
unikp,r_3963,0.0,0.001813268484614
unikp,r_3964,0.0,0.0018179390191072
unikp,r_3965,0.0,0.0016912751235216
unikp,r_3966,0.0,0.0012547295220301
unikp,r_3967,0.0,0.0011032393684139
unikp,r_3968,0.0,0.001756730570366
unikp,r_3969,0.0,0.00138310647985
unikp,r_3970,0.0,0.0005761448547731
unikp,r_3971,0.0,0.0013636426335827
unikp,r_3972,0.000879647203506,0.002185446464486
unikp,r_3973_FWD,0.0014448166657506,0.0014448166657506
unikp,r_3973_REV,0.0,0.0
unikp,r_3975,0.0,0.0012301652806434
unikp,r_3976,0.0,0.0012399585461473
unikp,r_3977,0.0,0.0011084240152459
unikp,r_3978,0.0,0.000820367141576
unikp,r_3979,0.0,0.001721276252649
unikp,r_3980,0.0,0.0017260031041031
unikp,r_3981,0.0,0.0016579237838952
unikp,r_3982,0.0,0.0012540096625783
unikp,r_3983,0.0,0.0010535841107932
unikp,r_3984,0.0,0.0016622862252915
unikp,r_3985,0.0,0.0015989693703673
unikp,r_3986,0.0,0.0005579093174315
unikp,r_3987_FWD,0.0012632943205466,0.0012632943205466
unikp,r_3987_REV,0.0,0.0
unikp,r_3988,0.0,0.0064199261690569
unikp,r_3989,0.0,0.0050184383116424
unikp,r_3990,0.0,0.0015467273829233
unikp,r_3991,0.0,0.0008317408319264
unikp,r_3992,0.0,0.0051742574140783
unikp,r_3993,0.0,0.0052160141136725
unikp,r_3994,0.0,0.0015480088102755
unikp,r_3995,0.0,0.000830257042452
unikp,r_3996_FWD,0.0054734686815646,0.0054734686815646
unikp,r_3996_REV,0.0,0.0
unikp,r_3997,0.0,0.0021322521897102
unikp,r_3998,0.0,0.0021383462991601
unikp,r_3999,0.0,0.0016912008314495
unikp,r_4000,0.0,0.0008925015028338
unikp,r_4001,0.0,0.0020487523974583
unikp,r_4002,0.0,0.0020545495645418
unikp,r_4003,0.0,0.0014834942023436
unikp,r_4004,0.0,0.0007023056783776
unikp,r_4005_FWD,0.0014710198978225,0.0014710198978225
unikp,r_4005_REV,0.0,0.0
unikp,r_4006,0.0,0.0012114235041912
unikp,r_4007,0.0,0.0007335807405437
unikp,r_4008,0.0,0.0018121358580346
unikp,r_4009,0.0,0.0010797460402051
unikp,r_4010,0.0,0.0011023199817405
unikp,r_4011,0.0,0.0007168980138536
unikp,r_4012,0.0,0.0008122035419423
unikp,r_4013,0.0,0.0004423192701569
unikp,r_4014,0.0,0.0018121321251946
unikp,r_4015,0.0,0.000991063112368
unikp,r_4016,0.0,0.0018167904955468
unikp,r_4017,0.0,0.0014102480056545
unikp,r_4018,0.0,0.0011681034990845
unikp,r_4019,0.0,0.0007104947032811
unikp,r_4020,0.0,0.000872988314274
unikp,r_4021,0.0,0.0004834277385713
unikp,r_4022,0.0,0.0009777821163498
unikp,r_4023,0.0,0.000684314589778
unikp,r_4024,0.0,0.001342953319291
unikp,r_4025,0.0,0.0007726717802674
unikp,r_4026,0.0,0.0006033026422953
unikp,r_4027,0.0,0.0004548048846818
unikp,r_4028,0.0,0.0006686531959615
unikp,r_4029,0.0,0.0004164933527754
unikp,r_4030,0.0,0.0010935352229481
unikp,r_4031,0.0,0.0007427319731145
unikp,r_4032,0.0,0.0017552523391653
unikp,r_4033,0.0,0.00086417805119
unikp,r_4034,0.0,0.0007824210307738
unikp,r_4035,0.0,0.0005439690941797
unikp,r_4036,0.0,0.0006253270700063
unikp,r_4037,0.0,0.000395792185646
unikp,r_4038_FWD,0.0014556925497856,0.0014556925497856
unikp,r_4038_REV,0.0,0.0
unikp,r_4039_ENZ_YBL015W_FWD,0.0,0.0011022989287969
unikp,r_4039_ENZ_YBL015W_REV,0.0,0.0019948855503855
unikp,r_4040_FWD,0.0,3.633086695913057e-05
unikp,r_4040_REV,0.0,0.0
unikp,r_4041,0.2122898232615853,0.2122898232615853
unikp,r_4042,0.0,0.0
unikp,r_4043,0.0,0.0
unikp,r_4044,0.0,0.0
unikp,r_4045_ENZ_YDR400W,0.0,0.0019268186297605
unikp,r_4046,0.7,0.7
unikp,r_4047,0.2122898232615853,0.2122898232615853
unikp,r_4048,0.2122898232615853,0.2122898232615853
unikp,r_4049,0.2122898232615853,0.2122898232615853
unikp,r_4050,0.2122898232615853,0.2122898232615853
unikp,r_4051,0.0,0.0
unikp,r_4052,0.0,0.0
unikp,r_4053,0.0,0.0
unikp,r_4054,0.0,0.0
unikp,r_4055,0.0,0.0
unikp,r_4056,0.0,0.0
unikp,r_4057,0.0,0.0
unikp,r_4058,0.0,0.0
unikp,r_4059,0.0,0.0
unikp,r_4060,0.0,0.0
unikp,r_4061,0.0,0.0
unikp,r_4062,0.0,0.0
unikp,r_4063,0.2122898232615853,0.2122898232615853
unikp,r_4064,0.0,0.0
unikp,r_4065,0.2122898232615853,0.2122898232615853
unikp,r_4066,0.0,0.0
unikp,r_4067,0.0,0.0
unikp,r_4068,0.0,0.0
unikp,r_4069,0.0,0.0
unikp,r_4070,0.0,0.0
unikp,r_4071,0.0,0.0
unikp,r_4072,0.0,0.0
unikp,r_4073,0.0,0.0
unikp,r_4074,0.0,0.0
unikp,r_4075,0.0,0.0
unikp,r_4076,0.0,0.0
unikp,r_4077,0.0,0.0
unikp,r_4078,0.0,0.0
unikp,r_4079,0.0,0.0
unikp,r_4080,0.0,0.0
unikp,r_4081,0.0,0.0
unikp,r_4082,0.0,0.0
unikp,r_4083,0.0,0.0
unikp,r_4084,0.0,0.0
unikp,r_4085,0.0,0.0
unikp,r_4086,0.0,0.0
unikp,r_4087,0.0,0.0
unikp,r_4088,0.0,0.0
unikp,r_4089,0.0,0.0
unikp,r_4090,0.0,0.0
unikp,r_4091,0.0,0.0
unikp,r_4092,0.0,0.0
unikp,r_4093,0.0,0.0
unikp,r_4094,0.0,0.0
unikp,r_4095,0.0,0.0
unikp,r_4096,0.0,0.0
unikp,r_4097,0.0,0.0
unikp,r_4098,0.0,0.0
unikp,r_4099,0.0,0.0
unikp,r_4100,0.0,0.0
unikp,r_4101,0.0,0.0
unikp,r_4102,0.0,0.0
unikp,r_4103,0.0,0.0
unikp,r_4104,0.0,0.0
unikp,r_4105,0.0,0.0
unikp,r_4106,0.0,0.0
unikp,r_4107,0.0,0.0
unikp,r_4108,0.0,0.0
unikp,r_4109,0.0,0.0
unikp,r_4110,0.0,0.0
unikp,r_4111,0.0,0.0
unikp,r_4112,0.0,0.0
unikp,r_4113,0.0,0.0
unikp,r_4114,0.0,0.0
unikp,r_4115,0.0,0.0
unikp,r_4116,0.0,0.0
unikp,r_4117,0.0,0.0
unikp,r_4118,0.0,0.0
unikp,r_4119,0.0,0.0
unikp,r_4120,0.0,0.0
unikp,r_4121,0.0,0.0
unikp,r_4122,0.0,0.0
unikp,r_4123,0.0,0.0
unikp,r_4124,0.0,0.0
unikp,r_4125,0.0,0.0
unikp,r_4126,0.0,0.0
unikp,r_4127,0.0,0.0
unikp,r_4128,0.0,0.0
unikp,r_4129,0.0,0.0
unikp,r_4130,0.0,0.0
unikp,r_4131,0.0,0.0
unikp,r_4132,0.0,0.0
unikp,r_4133,0.0,0.0
unikp,r_4134,0.0,0.0
unikp,r_4135,0.0,0.0
unikp,r_4136,0.0,0.0
unikp,r_4137,0.0,0.0
unikp,r_4138,0.0,0.0
unikp,r_4139,0.0,0.0
unikp,r_4140,0.0,0.0
unikp,r_4141,0.0,0.0
unikp,r_4142,0.0,0.0
unikp,r_4143,0.0,0.0
unikp,r_4144,0.0,0.0
unikp,r_4145,0.0,0.0
unikp,r_4146,0.0,0.0
unikp,r_4147,0.0,0.0
unikp,r_4148,0.0,0.0
unikp,r_4149,0.0,0.0
unikp,r_4150,0.0,0.0
unikp,r_4151,0.0,0.0
unikp,r_4152_ENZ_YAL039C_FWD,0.0,0.0
unikp,r_4152_ENZ_YAL039C_REV,0.0,0.0
unikp,r_4152_ENZ_YKL087C_FWD,0.0,0.0
unikp,r_4152_ENZ_YKL087C_REV,0.0,0.0
unikp,r_4153_ENZ_YAL061W,0.0,-0.0
unikp,r_4154_ENZ_YAL061W_FWD,0.0,0.0
unikp,r_4154_ENZ_YAL061W_REV,0.0,0.0
unikp,r_4155_ENZ_YBL080C,0.0,-0.0
unikp,r_4156_ENZ_YBL091C_FWD,0.0,0.0
unikp,r_4156_ENZ_YBL091C_REV,0.0,0.0001534757054228
unikp,r_4156_ENZ_YLR244C_FWD,0.0,0.0
unikp,r_4156_ENZ_YLR244C_REV,0.0,0.0001498441427739
unikp,r_4157_ENZ_YBR022W_FWD,0.0,0.0
unikp,r_4157_ENZ_YBR022W_REV,0.0,0.0
unikp,r_4157_ENZ_YMR087W_FWD,0.0,0.0
unikp,r_4157_ENZ_YMR087W_REV,0.0,0.0
unikp,r_4158_ENZ_YBR046C_FWD,0.0,0.0
unikp,r_4158_ENZ_YBR046C_REV,0.0,0.0
unikp,r_4159_ENZ_YBR070C_and_YGL047W_FWD,0.0,0.0
unikp,r_4159_ENZ_YBR070C_and_YGL047W_REV,0.0,0.0
unikp,r_4160_ENZ_YBR111C_FWD,0.0,0.0
unikp,r_4160_ENZ_YBR111C_REV,0.0,0.0
unikp,r_4161_ENZ_YBR147W_FWD,0.0,0.0030271578393424
unikp,r_4161_ENZ_YBR147W_REV,0.0,0.0
unikp,r_4161_ENZ_YDR352W_FWD,0.0,0.0031397335528696
unikp,r_4161_ENZ_YDR352W_REV,0.0,0.0
unikp,r_4162_ENZ_YBR147W_FWD,0.0,1000.0
unikp,r_4162_ENZ_YBR147W_REV,0.0,0.0
unikp,r_4162_ENZ_YDR352W_FWD,0.0,1000.0
unikp,r_4162_ENZ_YDR352W_REV,0.0,0.0
unikp,r_4163_ENZ_YBR147W_FWD,0.0,0.0036946408584741
unikp,r_4163_ENZ_YBR147W_REV,0.0,0.0
unikp,r_4163_ENZ_YDR352W_FWD,0.0,0.0031126543202028
unikp,r_4163_ENZ_YDR352W_REV,0.0,0.0
unikp,r_4164_ENZ_YBR222C_FWD,0.0,0.0
unikp,r_4164_ENZ_YBR222C_REV,0.0,0.0
unikp,r_4165_ENZ_YBR229C_FWD,0.0,0.0
unikp,r_4165_ENZ_YBR229C_REV,0.0,0.0
unikp,r_4166_ENZ_YBR229C_FWD,0.0,0.0
unikp,r_4166_ENZ_YBR229C_REV,0.0,0.0
unikp,r_4167_ENZ_YBR235W_FWD,0.0,0.0
unikp,r_4167_ENZ_YBR235W_REV,0.0,0.0
unikp,r_4168_ENZ_YBR241C_FWD,0.0,0.0
unikp,r_4168_ENZ_YBR241C_REV,0.0,0.0
unikp,r_4169_ENZ_YBR241C_FWD,0.0,0.0
unikp,r_4169_ENZ_YBR241C_REV,0.0,0.0
unikp,r_4170_ENZ_YBR243C_FWD,0.0,0.0
unikp,r_4170_ENZ_YBR243C_REV,0.0,0.0
unikp,r_4171_ENZ_YBR281C_and_YNL191W,0.0,0.0004799888973339
unikp,r_4172_ENZ_YBR295W,0.0,-0.0
unikp,r_4173_ENZ_YCL017C_FWD,0.0,0.0
unikp,r_4173_ENZ_YCL017C_REV,0.0,0.0
unikp,r_4174_ENZ_YCR011C_FWD,0.0,0.0
unikp,r_4174_ENZ_YCR011C_REV,0.0,0.0
unikp,r_4175_ENZ_YCR107W_FWD,0.0,0.0
unikp,r_4175_ENZ_YCR107W_REV,0.0,0.0
unikp,r_4175_ENZ_YDL243C_FWD,0.0,0.0
unikp,r_4175_ENZ_YDL243C_REV,0.0,0.0
unikp,r_4175_ENZ_YJR155W_FWD,0.0,0.0
unikp,r_4175_ENZ_YJR155W_REV,0.0,0.0
unikp,r_4175_ENZ_YNL331C_FWD,0.0,0.0
unikp,r_4175_ENZ_YNL331C_REV,0.0,0.0
unikp,r_4175_ENZ_YOL165C_FWD,0.0,0.0
unikp,r_4175_ENZ_YOL165C_REV,0.0,0.0
unikp,r_4175_ENZ_YPL088W_FWD,0.0,0.0
unikp,r_4175_ENZ_YPL088W_REV,0.0,0.0
unikp,r_4176_ENZ_YCR107W_FWD,0.0,0.0
unikp,r_4176_ENZ_YCR107W_REV,0.0,0.0
unikp,r_4176_ENZ_YDL243C_FWD,0.0,0.0
unikp,r_4176_ENZ_YDL243C_REV,0.0,0.0
unikp,r_4176_ENZ_YJR155W_FWD,0.0,0.0
unikp,r_4176_ENZ_YJR155W_REV,0.0,0.0
unikp,r_4176_ENZ_YNL331C_FWD,0.0,0.0
unikp,r_4176_ENZ_YNL331C_REV,0.0,0.0
unikp,r_4176_ENZ_YOL165C_FWD,0.0,0.0
unikp,r_4176_ENZ_YOL165C_REV,0.0,0.0
unikp,r_4176_ENZ_YPL088W_FWD,0.0,0.0
unikp,r_4176_ENZ_YPL088W_REV,0.0,0.0
unikp,r_4177_ENZ_YCR107W_FWD,0.0,0.0
unikp,r_4177_ENZ_YCR107W_REV,0.0,0.0
unikp,r_4177_ENZ_YDL243C_FWD,0.0,0.0
unikp,r_4177_ENZ_YDL243C_REV,0.0,0.0
unikp,r_4177_ENZ_YJR155W_FWD,0.0,0.0
unikp,r_4177_ENZ_YJR155W_REV,0.0,0.0
unikp,r_4177_ENZ_YNL331C_FWD,0.0,0.0
unikp,r_4177_ENZ_YNL331C_REV,0.0,0.0
unikp,r_4177_ENZ_YOL165C_FWD,0.0,0.0
unikp,r_4177_ENZ_YOL165C_REV,0.0,0.0
unikp,r_4177_ENZ_YPL088W_FWD,0.0,0.0
unikp,r_4177_ENZ_YPL088W_REV,0.0,0.0
unikp,r_4178_ENZ_YCR107W_FWD,0.0,0.0
unikp,r_4178_ENZ_YCR107W_REV,0.0,0.0
unikp,r_4178_ENZ_YDL243C_FWD,0.0,0.0
unikp,r_4178_ENZ_YDL243C_REV,0.0,0.0
unikp,r_4178_ENZ_YJR155W_FWD,0.0,0.0
unikp,r_4178_ENZ_YJR155W_REV,0.0,0.0
unikp,r_4178_ENZ_YNL331C_FWD,0.0,0.0
unikp,r_4178_ENZ_YNL331C_REV,0.0,0.0
unikp,r_4178_ENZ_YOL165C_FWD,0.0,0.0
unikp,r_4178_ENZ_YOL165C_REV,0.0,0.0
unikp,r_4178_ENZ_YPL088W_FWD,0.0,0.0
unikp,r_4178_ENZ_YPL088W_REV,0.0,0.0
unikp,r_4179_ENZ_YCR107W_FWD,0.0,0.0
unikp,r_4179_ENZ_YCR107W_REV,0.0,0.0
unikp,r_4179_ENZ_YDL243C_FWD,0.0,0.0
unikp,r_4179_ENZ_YDL243C_REV,0.0,0.0
unikp,r_4179_ENZ_YJR155W_FWD,0.0,0.0
unikp,r_4179_ENZ_YJR155W_REV,0.0,0.0
unikp,r_4179_ENZ_YNL331C_FWD,0.0,0.0
unikp,r_4179_ENZ_YNL331C_REV,0.0,0.0
unikp,r_4179_ENZ_YOL165C_FWD,0.0,0.0
unikp,r_4179_ENZ_YOL165C_REV,0.0,0.0
unikp,r_4179_ENZ_YPL088W_FWD,0.0,0.0
unikp,r_4179_ENZ_YPL088W_REV,0.0,0.0
unikp,r_4180_ENZ_YCR107W_FWD,0.0,0.0
unikp,r_4180_ENZ_YCR107W_REV,0.0,0.0
unikp,r_4180_ENZ_YDL243C_FWD,0.0,0.0
unikp,r_4180_ENZ_YDL243C_REV,0.0,0.0
unikp,r_4180_ENZ_YJR155W_FWD,0.0,0.0
unikp,r_4180_ENZ_YJR155W_REV,0.0,0.0
unikp,r_4180_ENZ_YNL331C_FWD,0.0,0.0
unikp,r_4180_ENZ_YNL331C_REV,0.0,0.0
unikp,r_4180_ENZ_YOL165C_FWD,0.0,0.0
unikp,r_4180_ENZ_YOL165C_REV,0.0,0.0
unikp,r_4180_ENZ_YPL088W_FWD,0.0,0.0
unikp,r_4180_ENZ_YPL088W_REV,0.0,0.0
unikp,r_4181_ENZ_YEL031W_FWD,0.0,0.0
unikp,r_4181_ENZ_YEL031W_REV,0.0,0.0
unikp,r_4183_ENZ_YEL070W_FWD,0.0,0.0
unikp,r_4183_ENZ_YEL070W_REV,0.0,0.0
unikp,r_4183_ENZ_YNR073C_FWD,0.0,0.0
unikp,r_4183_ENZ_YNR073C_REV,0.0,0.0
unikp,r_4184_ENZ_YER010C_FWD,0.0,0.0
unikp,r_4184_ENZ_YER010C_REV,0.0,0.0
unikp,r_4185_ENZ_YER010C,0.0,0.0005959560248797
unikp,r_4186_ENZ_YER042W_FWD,0.0,0.0
unikp,r_4186_ENZ_YER042W_REV,0.0,0.0
unikp,r_4187_ENZ_YER087W,0.0,-0.0
unikp,r_4188_ENZ_YER163C,0.0,0.0003478210955225
unikp,r_4189_ENZ_YHL018W_FWD,0.0,0.0
unikp,r_4189_ENZ_YHL018W_REV,0.0,0.0
unikp,r_4190_ENZ_YHR008C,0.0,-0.0
unikp,r_4191_ENZ_YHR043C_FWD,0.0,0.0
unikp,r_4191_ENZ_YHR043C_REV,0.0,0.0
unikp,r_4191_ENZ_YHR044C_FWD,0.0,0.0
unikp,r_4191_ENZ_YHR044C_REV,0.0,0.0
unikp,r_4192_ENZ_YHR109W_FWD,0.0,0.0
unikp,r_4192_ENZ_YHR109W_REV,0.0,0.0
unikp,r_4193_ENZ_YDR440W_FWD,0.0,0.0
unikp,r_4193_ENZ_YDR440W_REV,0.0,0.0
unikp,r_4193_ENZ_YHR119W_FWD,0.0,0.0
unikp,r_4193_ENZ_YHR119W_REV,0.0,0.0
unikp,r_4193_ENZ_YJL168C_FWD,0.0,0.0
unikp,r_4193_ENZ_YJL168C_REV,0.0,0.0
unikp,r_4194_ENZ_YIL023C_FWD,0.0,0.0
unikp,r_4194_ENZ_YIL023C_REV,0.0,0.0
unikp,r_4195_ENZ_YMR243C_FWD,0.0,0.0
unikp,r_4195_ENZ_YMR243C_REV,0.0,0.0
unikp,r_4195_ENZ_YOR316C_FWD,0.0,0.0
unikp,r_4195_ENZ_YOR316C_REV,0.0,0.0
unikp,r_4196_ENZ_YIL043C_FWD,0.0,0.0236590907168589
unikp,r_4196_ENZ_YIL043C_REV,0.0,0.0
unikp,r_4196_ENZ_YML125C_FWD,0.0,0.0236882770535835
unikp,r_4196_ENZ_YML125C_REV,0.0,0.0
unikp,r_4197_ENZ_YIL043C_FWD,0.0,0.0
unikp,r_4197_ENZ_YIL043C_REV,0.0,0.0
unikp,r_4197_ENZ_YKL150W_FWD,0.0,0.0
unikp,r_4197_ENZ_YKL150W_REV,0.0,0.0
unikp,r_4197_ENZ_YML125C_FWD,0.0,0.0
unikp,r_4197_ENZ_YML125C_REV,0.0,0.0
unikp,r_4198_ENZ_YIR036C_FWD,0.0,0.0
unikp,r_4198_ENZ_YIR036C_REV,0.0,0.0
unikp,r_4199_ENZ_YIR038C_FWD,0.0,0.0
unikp,r_4199_ENZ_YIR038C_REV,0.0,0.0
unikp,r_4200_ENZ_YKR076W_FWD,0.0,0.0
unikp,r_4200_ENZ_YKR076W_REV,0.0,0.0
unikp,r_4200_ENZ_YMR251W_FWD,0.0,0.0
unikp,r_4200_ENZ_YMR251W_REV,0.0,0.0
unikp,r_4201_ENZ_YLL060C_FWD,0.0,0.0
unikp,r_4201_ENZ_YLL060C_REV,0.0,0.0
unikp,r_4202_ENZ_YKL069W_FWD,0.0,0.0001729347959714
unikp,r_4202_ENZ_YKL069W_REV,0.0,0.0
unikp,r_4203_ENZ_YKL103C_FWD,0.0,0.0
unikp,r_4203_ENZ_YKL103C_REV,0.0,0.0007933075230161
unikp,r_4204_ENZ_YKL103C_FWD,0.0,0.0
unikp,r_4204_ENZ_YKL103C_REV,0.0,0.0004608329404299
unikp,r_4205_ENZ_YKL215C,0.0,0.0003478210955225
unikp,r_4206_ENZ_YKL218C_FWD,0.0,0.0
unikp,r_4206_ENZ_YKL218C_REV,0.0,0.0
unikp,r_4207_ENZ_YGR154C_FWD,0.0,0.0
unikp,r_4207_ENZ_YGR154C_REV,0.0,0.0
unikp,r_4208_ENZ_YKR076W_FWD,0.0,0.0
unikp,r_4208_ENZ_YKR076W_REV,0.0,0.0
unikp,r_4209_ENZ_YGR154C_FWD,0.0,0.0
unikp,r_4209_ENZ_YGR154C_REV,0.0,0.0
unikp,r_4210_ENZ_YFL061W_FWD,0.0,0.0
unikp,r_4210_ENZ_YFL061W_REV,0.0,0.0
unikp,r_4210_ENZ_YNL335W_FWD,0.0,0.0
unikp,r_4210_ENZ_YNL335W_REV,0.0,0.0
unikp,r_4211_ENZ_YFL060C_FWD,0.0,0.0
unikp,r_4211_ENZ_YFL060C_REV,0.0,0.0
unikp,r_4211_ENZ_YNL334C_FWD,0.0,0.0
unikp,r_4211_ENZ_YNL334C_REV,0.0,0.0
unikp,r_4212_ENZ_YFL059W_FWD,0.0,0.0
unikp,r_4212_ENZ_YFL059W_REV,0.0,0.0
unikp,r_4212_ENZ_YNL333W_FWD,0.0,0.0
unikp,r_4212_ENZ_YNL333W_REV,0.0,0.0
unikp,r_4214_ENZ_YFR044C_FWD,0.0,0.0004805227864865
unikp,r_4214_ENZ_YFR044C_REV,0.0,0.0
unikp,r_4215_ENZ_YFR044C_FWD,0.0,0.0
unikp,r_4215_ENZ_YFR044C_REV,0.0,0.0
unikp,r_4216_ENZ_YDL024C_FWD,0.0,0.0014226476188535
unikp,r_4216_ENZ_YDL024C_REV,0.0,2.1228981789869323e-06
unikp,r_4217_ENZ_YDL120W_FWD,0.0,0.0
unikp,r_4217_ENZ_YDL120W_REV,0.0,0.0
unikp,r_4218_ENZ_YDL219W_FWD,0.0,0.0
unikp,r_4218_ENZ_YDL219W_REV,0.0,0.0
unikp,r_4219_ENZ_YDL219W_FWD,0.0,0.0
unikp,r_4219_ENZ_YDL219W_REV,0.0,0.0
unikp,r_4220_ENZ_YDL236W_FWD,0.0,0.0
unikp,r_4220_ENZ_YDL236W_REV,0.0,0.0
unikp,r_4221_ENZ_YDL246C_FWD,0.0,0.0
unikp,r_4221_ENZ_YDL246C_REV,0.0,0.0
unikp,r_4222_ENZ_YDR009W,0.0,-0.0
unikp,r_4223_ENZ_YDR036C,0.0,-0.0
unikp,r_4224_ENZ_YDR038C,0.0,0.0024699434478083
unikp,r_4224_ENZ_YDR039C,0.0,0.002400653246442
unikp,r_4224_ENZ_YDR040C,0.0,0.0024012414898376
unikp,r_4225_ENZ_YDR051C_FWD,0.0,0.0
unikp,r_4225_ENZ_YDR051C_REV,0.0,0.0
unikp,r_4225_ENZ_YOL075C_FWD,0.0,0.0
unikp,r_4225_ENZ_YOL075C_REV,0.0,0.0
unikp,r_4226_ENZ_YDR111C_FWD,0.0,0.0
unikp,r_4226_ENZ_YDR111C_REV,0.0956693029458027,0.1149812546033234
unikp,r_4227_ENZ_YDR242W_FWD,0.0,0.0
unikp,r_4227_ENZ_YDR242W_REV,0.0,0.0
unikp,r_4228_ENZ_YDR242W,0.0,-0.0
unikp,r_4230_ENZ_YDR242W_FWD,0.0,0.0
unikp,r_4230_ENZ_YDR242W_REV,0.0,0.0
unikp,r_4231_ENZ_YDR242W_FWD,0.0,0.0
unikp,r_4231_ENZ_YDR242W_REV,0.0,0.0
unikp,r_4232_ENZ_YDR248C_FWD,0.0,0.0020050972505956
unikp,r_4232_ENZ_YDR248C_REV,0.0,0.0
unikp,r_4233_ENZ_YDR410C_FWD,0.0,0.0
unikp,r_4233_ENZ_YDR410C_REV,0.0,0.0
unikp,r_4234_ENZ_YDR437W_and_YGR216C_and_YNL038W_and_YPL076W_and_YPL175W_and_YPL096C-A_FWD,0.0,0.0
unikp,r_4234_ENZ_YDR437W_and_YGR216C_and_YNL038W_and_YPL076W_and_YPL175W_and_YPL096C-A_REV,0.0,0.0
unikp,r_4236_ENZ_YDR533C_FWD,0.0,0.0105416148877175
unikp,r_4236_ENZ_YDR533C_REV,0.0,0.002425013185028
unikp,r_4236_ENZ_YMR322C_FWD,0.0,0.014015992133198
unikp,r_4236_ENZ_YMR322C_REV,0.0,0.0024662793596658
unikp,r_4236_ENZ_YOR391C_FWD,0.0,0.0140312776885849
unikp,r_4236_ENZ_YOR391C_REV,0.0,0.0024360374734203
unikp,r_4236_ENZ_YPL280W_FWD,0.0,0.0140629676531593
unikp,r_4236_ENZ_YPL280W_REV,0.0,0.0023881060619008
unikp,r_4237_ENZ_YGL006W,0.0,0.0
unikp,r_4238_ENZ_YGL167C,0.0,-0.0
unikp,r_4239_ENZ_YGL017W_FWD,0.0,0.0
unikp,r_4239_ENZ_YGL017W_REV,0.0,0.0
unikp,r_4241_ENZ_YGL027C_FWD,0.0,0.0
unikp,r_4241_ENZ_YGL027C_REV,0.0,0.0
unikp,r_4242_ENZ_YGL038C_FWD,0.0,0.0
unikp,r_4242_ENZ_YGL038C_REV,0.0,0.0
unikp,r_4243_ENZ_YGL065C_FWD,0.0,0.0
unikp,r_4243_ENZ_YGL065C_REV,0.0,0.0
unikp,r_4244_ENZ_YGL065C_FWD,0.0,0.0
unikp,r_4244_ENZ_YGL065C_REV,0.0,0.0
unikp,r_4245_ENZ_YGL156W,0.0,-0.0
unikp,r_4246_ENZ_YGL156W,0.0,-0.0
unikp,r_4247_ENZ_YGL169W,0.0,0.0
unikp,r_4248_ENZ_YGL196W,0.0,0.0
unikp,r_4249_ENZ_YGR012W_FWD,0.0,0.0004052748341029
unikp,r_4249_ENZ_YGR012W_REV,0.0,0.0
unikp,r_4250_ENZ_YGR036C_FWD,0.0,0.0
unikp,r_4250_ENZ_YGR036C_REV,0.0,0.0
unikp,r_4251_ENZ_YGR046W_FWD,0.0,0.0
unikp,r_4251_ENZ_YGR046W_REV,0.0,0.0
unikp,r_4252_ENZ_YGR144W_FWD,0.0,0.0
unikp,r_4252_ENZ_YGR144W_REV,0.0,0.0
unikp,r_4253_ENZ_YGR227W_FWD,0.0,0.0
unikp,r_4253_ENZ_YGR227W_REV,0.0,0.0
unikp,r_4254_ENZ_YGR234W,0.0,0.0
unikp,r_4255_ENZ_YGR234W,0.0,0.0
unikp,r_4256_ENZ_YJL046W,0.0,0.0
unikp,r_4258_ENZ_YJL046W,0.0,-0.0
unikp,r_4260_ENZ_YJL126W_FWD,0.0,0.0
unikp,r_4260_ENZ_YJL126W_REV,0.0,0.0
unikp,r_4261_ENZ_YJL126W_FWD,0.0,0.0
unikp,r_4261_ENZ_YJL126W_REV,0.0,0.0
unikp,r_4262_ENZ_YJL200C_FWD,0.2114673694391949,0.2963970911145337
unikp,r_4262_ENZ_YJL200C_REV,0.0,0.0
unikp,r_4263_ENZ_YJR040W_FWD,0.0,0.0
unikp,r_4263_ENZ_YJR040W_REV,0.0,0.0
unikp,r_4264_ENZ_YJR051W,0.0,0.0060522937344192
unikp,r_4265_ENZ_YJR069C,0.0,-0.0
unikp,r_4266_ENZ_YJR069C,0.0,0.0012063818987694
unikp,r_4267_ENZ_YJR069C,0.0,0.0012668952387606
unikp,r_4268_ENZ_YJR069C,0.0,0.0012628907722368
unikp,r_4269_ENZ_YJR069C_FWD,0.0,0.0
unikp,r_4269_ENZ_YJR069C_REV,0.0,0.0
unikp,r_4270_ENZ_YJR104C,0.0,-0.0
unikp,r_4271_ENZ_YJR131W_FWD,0.0,0.0
unikp,r_4271_ENZ_YJR131W_REV,0.0,0.0
unikp,r_4271_ENZ_YLR057W_FWD,0.0,0.0
unikp,r_4271_ENZ_YLR057W_REV,0.0,0.0
unikp,r_4272_ENZ_YJR131W_FWD,0.0,0.0
unikp,r_4272_ENZ_YJR131W_REV,0.0,0.0
unikp,r_4272_ENZ_YLR057W_FWD,0.0,0.0
unikp,r_4272_ENZ_YLR057W_REV,0.0,0.0
unikp,r_4273_ENZ_YJR149W_FWD,0.0,0.0
unikp,r_4273_ENZ_YJR149W_REV,0.0,0.0
unikp,r_4274_ENZ_YLL058W,0.0,0.0003749773873869
unikp,r_4274_ENZ_YML082W,0.0,0.0004351946456258
unikp,r_4275_ENZ_YKL220C_FWD,0.0,0.0
unikp,r_4275_ENZ_YKL220C_REV,0.0,0.0
unikp,r_4275_ENZ_YLR047C_FWD,0.0,0.0
unikp,r_4275_ENZ_YLR047C_REV,0.0,0.0
unikp,r_4275_ENZ_YLR214W_FWD,0.0,0.0
unikp,r_4275_ENZ_YLR214W_REV,0.0,0.0
unikp,r_4275_ENZ_YNR060W_FWD,0.0,0.0
unikp,r_4275_ENZ_YNR060W_REV,0.0,0.0
unikp,r_4275_ENZ_YOL152W_FWD,0.0,0.0
unikp,r_4275_ENZ_YOL152W_REV,0.0,0.0
unikp,r_4275_ENZ_YOR381W_FWD,0.0,0.0
unikp,r_4275_ENZ_YOR381W_REV,0.0,0.0
unikp,r_4275_ENZ_YOR384W_FWD,0.0,0.0
unikp,r_4275_ENZ_YOR384W_REV,0.0,0.0
unikp,r_4276_ENZ_YLL051C_FWD,0.0,0.0
unikp,r_4276_ENZ_YLL051C_REV,0.0,0.0
unikp,r_4277_ENZ_YLR099C_FWD,0.0,0.0
unikp,r_4277_ENZ_YLR099C_REV,0.0,0.0
unikp,r_4277_ENZ_YPR139C_FWD,0.0,0.0
unikp,r_4277_ENZ_YPR139C_REV,0.0,0.0
unikp,r_4278_ENZ_YLR143W,0.0,-0.0
unikp,r_4279_ENZ_YLR151C,0.0,-0.0
unikp,r_4280_ENZ_YLR239C_FWD,0.0,0.0018681745993698
unikp,r_4280_ENZ_YLR239C_REV,0.0,0.002209509766444
unikp,r_4281_ENZ_YLR239C_FWD,0.0,0.0022060863725304
unikp,r_4281_ENZ_YLR239C_REV,0.0,0.0018825980343635
unikp,r_4282_ENZ_YLR345W,0.0,0.0
unikp,r_4283_ENZ_YLR446W,0.0,0.0
unikp,r_4284_ENZ_YLR446W,0.0,-0.0
unikp,r_4285_ENZ_YLR446W,0.0,0.0
unikp,r_4286_ENZ_YLR446W,0.0,0.0
unikp,r_4287_ENZ_YLR446W,0.0,-0.0
unikp,r_4288_ENZ_YMR099C_FWD,0.0,0.0
unikp,r_4288_ENZ_YMR099C_REV,0.0,0.0
unikp,r_4291_ENZ_YMR110C_FWD,0.0,0.0
unikp,r_4291_ENZ_YMR110C_REV,0.0,0.0
unikp,r_4292_ENZ_YMR110C_FWD,0.0,0.0
unikp,r_4292_ENZ_YMR110C_REV,0.0,0.002486747723629
unikp,r_4293_ENZ_YMR110C,0.0,0.002166568242
unikp,r_4294_ENZ_YMR110C,0.0,0.0
unikp,r_4295_ENZ_YMR110C_FWD,0.0,0.0
unikp,r_4295_ENZ_YMR110C_REV,0.0,0.0
unikp,r_4296_ENZ_YMR110C,0.0,-0.0
unikp,r_4297_ENZ_YMR110C_FWD,0.0,0.0
unikp,r_4297_ENZ_YMR110C_REV,0.0,0.0
unikp,r_4298_ENZ_YMR110C_FWD,0.0,0.0
unikp,r_4298_ENZ_YMR110C_REV,0.0,0.0
unikp,r_4299_ENZ_YMR110C_FWD,0.0,0.0
unikp,r_4299_ENZ_YMR110C_REV,0.0,0.0
unikp,r_4300_ENZ_YMR110C_FWD,0.0,0.0
unikp,r_4300_ENZ_YMR110C_REV,0.0,0.0
unikp,r_4301_ENZ_YMR110C_FWD,0.0,0.0
unikp,r_4301_ENZ_YMR110C_REV,0.0,0.0
unikp,r_4302_ENZ_YMR110C_FWD,0.0,0.0
unikp,r_4302_ENZ_YMR110C_REV,0.0,0.0
unikp,r_4303_ENZ_YMR110C_FWD,0.0,0.0
unikp,r_4303_ENZ_YMR110C_REV,0.0,0.0
unikp,r_4304_ENZ_YMR110C_FWD,0.0,0.0
unikp,r_4304_ENZ_YMR110C_REV,0.0,0.0
unikp,r_4305_ENZ_YMR110C_FWD,0.0,0.0
unikp,r_4305_ENZ_YMR110C_REV,0.0,0.0
unikp,r_4306_ENZ_YMR110C_FWD,0.0,0.0
unikp,r_4306_ENZ_YMR110C_REV,0.0,0.0
unikp,r_4307_ENZ_YMR110C_FWD,0.0,0.0
unikp,r_4307_ENZ_YMR110C_REV,0.0,0.0
unikp,r_4308_ENZ_YMR162C,0.0,-0.0
unikp,r_4309_ENZ_YMR210W,0.0,-0.0
unikp,r_4310_ENZ_YNL048W_FWD,0.0,0.0
unikp,r_4310_ENZ_YNL048W_REV,0.0,0.0
unikp,r_4311_ENZ_YNL048W_FWD,0.0,0.0
unikp,r_4311_ENZ_YNL048W_REV,0.0,0.0
unikp,r_4312_ENZ_YNL092W_FWD,0.0,0.0
unikp,r_4312_ENZ_YNL092W_REV,0.0,0.0
unikp,r_4313_ENZ_YNL219C_FWD,0.0,0.0
unikp,r_4313_ENZ_YNL219C_REV,0.0,0.0
unikp,r_4314_ENZ_YNL219C_FWD,0.0,0.0
unikp,r_4314_ENZ_YNL219C_REV,0.0,0.0
unikp,r_4315_ENZ_YNL274C_FWD,0.0,0.0
unikp,r_4315_ENZ_YNL274C_REV,0.0,0.0
unikp,r_4316_ENZ_YNR030W_FWD,0.0,0.0
unikp,r_4316_ENZ_YNR030W_REV,0.0,0.0
unikp,r_4317_ENZ_YOL157C_FWD,0.0,0.0
unikp,r_4317_ENZ_YOL157C_REV,0.0,0.0
unikp,r_4318_ENZ_YOL157C_FWD,0.0,0.0
unikp,r_4318_ENZ_YOL157C_REV,0.0,0.0
unikp,r_4319_ENZ_YOL157C_FWD,0.0,0.0
unikp,r_4319_ENZ_YOL157C_REV,0.0,0.0
unikp,r_4320_ENZ_YOR002W_FWD,0.0,0.0
unikp,r_4320_ENZ_YOR002W_REV,0.0,0.0
unikp,r_4321_ENZ_YOR067C_FWD,0.0,0.0
unikp,r_4321_ENZ_YOR067C_REV,0.0,0.0
unikp,r_4322_ENZ_YOR149C_FWD,0.0,0.0
unikp,r_4322_ENZ_YOR149C_REV,0.0,0.0
unikp,r_4323_ENZ_YOR196C_FWD,0.0,0.0018728115404746
unikp,r_4323_ENZ_YOR196C_REV,0.0,0.0022095506834502
unikp,r_4324_ENZ_YOR196C_FWD,0.0,0.0022095273613917
unikp,r_4324_ENZ_YOR196C_REV,0.0,0.0019593884883728
unikp,r_4325_ENZ_YOR226C,0.0,0.0
unikp,r_4325_ENZ_YPL135W,0.0,0.0
unikp,r_4326_ENZ_YOR251C_FWD,0.0,0.0
unikp,r_4326_ENZ_YOR251C_REV,0.0,0.0
unikp,r_4326_ENZ_YOR285W_FWD,0.0,0.0
unikp,r_4326_ENZ_YOR285W_REV,0.0,0.0
unikp,r_4326_ENZ_YOR286W_FWD,0.0,0.0
unikp,r_4326_ENZ_YOR286W_REV,0.0,0.0
unikp,r_4327_ENZ_YOR334W_FWD,0.0,0.0
unikp,r_4327_ENZ_YOR334W_REV,0.0,0.0
unikp,r_4327_ENZ_YPL060W_FWD,0.0,0.0
unikp,r_4327_ENZ_YPL060W_REV,0.0,0.0
unikp,r_4328_ENZ_YPL227C_FWD,0.0,0.0
unikp,r_4328_ENZ_YPL227C_REV,0.0,0.0
unikp,r_4329_ENZ_YPR003C_FWD,0.0,0.0
unikp,r_4329_ENZ_YPR003C_REV,0.0,0.0
unikp,r_4330_ENZ_YPR127W_FWD,0.0,0.0
unikp,r_4330_ENZ_YPR127W_REV,0.0,0.0012092948070347
unikp,r_4331_ENZ_YDR371W_FWD,0.0,0.0
unikp,r_4331_ENZ_YDR371W_REV,0.0,0.0
unikp,r_4331_ENZ_YLR286C_FWD,0.0,0.0
unikp,r_4331_ENZ_YLR286C_REV,0.0,0.0
unikp,r_4332_ENZ_YOR161C_FWD,0.0,0.0018285252833809
unikp,r_4332_ENZ_YOR161C_REV,0.0,0.0
unikp,r_4333_ENZ_YDR452W_FWD,0.0,0.0025843101386782
unikp,r_4333_ENZ_YDR452W_REV,0.0,0.0061489933564583
unikp,r_4333_ENZ_YHR201C_FWD,0.0,0.0030237086203486
unikp,r_4333_ENZ_YHR201C_REV,0.0,0.0066016930887785
unikp,r_4334_ENZ_YDR270W,0.0,0.0
unikp,r_4335_ENZ_YDR452W,0.0,0.0014184631804324
unikp,r_4336_ENZ_YLR351C_FWD,0.0,0.0
unikp,r_4336_ENZ_YLR351C_REV,0.0,0.0
unikp,r_4337_ENZ_YMR301C_FWD,0.0,0.0
unikp,r_4337_ENZ_YMR301C_REV,0.0,0.0
unikp,r_4338_ENZ_YOL157C_FWD,0.0,0.0
unikp,r_4338_ENZ_YOL157C_REV,0.0,0.0
unikp,r_4339_ENZ_YEL004W_FWD,0.0,0.0
unikp,r_4339_ENZ_YEL004W_REV,0.0,0.0
unikp,r_4340_ENZ_YEL066W_FWD,0.0,0.0
unikp,r_4340_ENZ_YEL066W_REV,0.0,0.0
unikp,r_4341_FWD,0.0,0.0
unikp,r_4341_REV,0.0,0.0
unikp,r_4342,0.0,0.0
unikp,r_4343_FWD,0.0,0.0
unikp,r_4343_REV,0.0,0.0
unikp,r_4344,0.0,0.0
unikp,r_4345,0.0,0.0
unikp,r_4346_FWD,0.0,0.0
unikp,r_4346_REV,0.0,0.0
unikp,r_4347,0.0,0.0
unikp,r_4348_FWD,0.0,0.0
unikp,r_4348_REV,0.0,0.0
unikp,r_4349_FWD,0.0,0.0
unikp,r_4349_REV,0.0,0.0
unikp,r_4350,0.0,0.0
unikp,r_4351,0.0,0.0
unikp,r_4352_FWD,0.0,0.0
unikp,r_4352_REV,0.0,0.0
unikp,r_4353,0.0,0.0
unikp,r_4354,0.0,0.0
unikp,r_4355_FWD,0.0,0.0008183167112611
unikp,r_4355_REV,0.0,0.0
unikp,r_4356_FWD,0.0,0.0
unikp,r_4356_REV,0.0,0.0008183167112611
unikp,r_4357,0.0,0.0
unikp,r_4358_FWD,0.0,0.0
unikp,r_4358_REV,0.0,0.0
unikp,r_4359,0.0,0.0
unikp,r_4360_FWD,0.0,0.0
unikp,r_4360_REV,0.0,0.0
unikp,r_4361_ENZ_YJR152W_FWD,0.0,0.0
unikp,r_4361_ENZ_YJR152W_REV,0.0,0.0
unikp,r_4361_ENZ_YKR093W_FWD,0.0,0.0
unikp,r_4361_ENZ_YKR093W_REV,0.0,0.0
unikp,r_4362,0.0,0.0
unikp,r_4363,0.0,-0.0
unikp,r_4364_FWD,0.0,0.0
unikp,r_4364_REV,0.0,0.0
unikp,r_4365_FWD,0.0,0.0
unikp,r_4365_REV,0.0,0.0
unikp,r_4366_FWD,0.0,0.0
unikp,r_4366_REV,0.0,0.0001093266859678
unikp,r_4367_FWD,0.0,0.0
unikp,r_4367_REV,0.0,0.0001111249940848
unikp,r_4368,0.0,0.0
unikp,r_4369_FWD,0.0,0.0
unikp,r_4369_REV,0.0,0.0
unikp,r_4370,0.0,0.0
unikp,r_4371_FWD,0.0,0.0
unikp,r_4371_REV,0.0,0.0
unikp,r_4372_ENZ_YGR247W,0.0,0.0
unikp,r_4373_FWD,0.0,0.0
unikp,r_4373_REV,0.0,0.0
unikp,r_4374,0.0,0.0
unikp,r_4375_FWD,0.0,0.0
unikp,r_4375_REV,0.0,0.0
unikp,r_4376,0.0,0.0
unikp,r_4377_FWD,0.0,0.0
unikp,r_4377_REV,0.0,0.0
unikp,r_4378,0.0,0.0
unikp,r_4379_FWD,0.0,0.0
unikp,r_4379_REV,0.0,0.0
unikp,r_4380_FWD,0.0,0.0
unikp,r_4380_REV,0.0,0.0001518950750245
unikp,r_4381_FWD,0.0,0.0
unikp,r_4381_REV,0.0,0.0001518951750405
unikp,r_4382_FWD,0.0,0.0
unikp,r_4382_REV,0.0,0.0
unikp,r_4383_FWD,0.0,0.0
unikp,r_4383_REV,0.0,0.0
unikp,r_4384,0.0,0.0
unikp,r_4385_FWD,0.0,0.0
unikp,r_4385_REV,0.0,0.0
unikp,r_4386,0.0,0.0
unikp,r_4387_ENZ_YJR152W_FWD,0.0,0.0
unikp,r_4387_ENZ_YJR152W_REV,0.0,0.0
unikp,r_4387_ENZ_YKR093W_FWD,0.0,0.0
unikp,r_4387_ENZ_YKR093W_REV,0.0,0.0
unikp,r_4388_ENZ_YGR247W,0.0,0.0
unikp,r_4389_FWD,0.0,0.0
unikp,r_4389_REV,0.0,0.0
unikp,r_4390_FWD,0.0,0.0
unikp,r_4390_REV,0.0,0.0
unikp,r_4391,0.0,-0.0
unikp,r_4392_FWD,0.0,0.0
unikp,r_4392_REV,0.0,0.0
unikp,r_4393,0.0,0.0
unikp,r_4394_FWD,0.0,0.0
unikp,r_4394_REV,0.0,0.0
unikp,r_4395_ENZ_YDL245C_FWD,0.0,0.0
unikp,r_4395_ENZ_YDL245C_REV,0.0,0.0
unikp,r_4395_ENZ_YDR342C_FWD,0.0,0.0
unikp,r_4395_ENZ_YDR342C_REV,0.0,6.045736711257632e-08
unikp,r_4395_ENZ_YDR343C_FWD,0.0,2.1432498442663928e-08
unikp,r_4395_ENZ_YDR343C_REV,0.0,6.234586180653422e-10
unikp,r_4395_ENZ_YDR345C_FWD,0.0,2.6326200952553336e-07
unikp,r_4395_ENZ_YDR345C_REV,0.0,1.7592370227248466e-08
unikp,r_4395_ENZ_YEL069C_FWD,0.0,3.840142426270177e-09
unikp,r_4395_ENZ_YEL069C_REV,0.0,0.0
unikp,r_4395_ENZ_YFL011W_FWD,0.0,3.840142426270177e-09
unikp,r_4395_ENZ_YFL011W_REV,0.0,0.0
unikp,r_4395_ENZ_YHR092C_FWD,0.0,0.0
unikp,r_4395_ENZ_YHR092C_REV,0.0,2.2317863113130443e-09
unikp,r_4395_ENZ_YHR094C_FWD,0.0,2.1432498442663928e-08
unikp,r_4395_ENZ_YHR094C_REV,0.0,0.0
unikp,r_4395_ENZ_YHR096C_FWD,0.0,0.0
unikp,r_4395_ENZ_YHR096C_REV,0.0,0.0
unikp,r_4395_ENZ_YJL214W_FWD,0.0,1.6083561149571322e-09
unikp,r_4395_ENZ_YJL214W_REV,0.0,3.2371936242725496e-07
unikp,r_4395_ENZ_YJL219W_FWD,0.0,3.840142426270177e-09
unikp,r_4395_ENZ_YJL219W_REV,0.0,2.6190605240117293e-10
unikp,r_4395_ENZ_YJR158W_FWD,0.0,3.615525656641694e-10
unikp,r_4395_ENZ_YJR158W_REV,0.0,6.045736711257632e-08
unikp,r_4395_ENZ_YMR011W_FWD,0.0,0.0
unikp,r_4395_ENZ_YMR011W_REV,0.0,6.045736711257632e-08
unikp,r_4395_ENZ_YNR072W_FWD,0.0,3.840142426270177e-09
unikp,r_4395_ENZ_YNR072W_REV,0.0,6.234586180653422e-10
unikp,r_4395_ENZ_YOL156W_FWD,0.0,2.6326200952553336e-07
unikp,r_4395_ENZ_YOL156W_REV,0.0,6.045736711257632e-08
unikp,r_4396,0.0,0.0003740499936684
unikp,r_4397_FWD,0.0,0.0
unikp,r_4397_REV,0.0,0.0001694759767215
unikp,r_4398_ENZ_YJR152W_FWD,0.0,0.0
unikp,r_4398_ENZ_YJR152W_REV,0.0,0.0
unikp,r_4398_ENZ_YKR093W_FWD,0.0,0.0
unikp,r_4398_ENZ_YKR093W_REV,0.0,0.0
unikp,r_4399_FWD,0.0,0.0
unikp,r_4399_REV,0.0,0.0
unikp,r_4400_ENZ_YBR299W,0.0,0.0
unikp,r_4400_ENZ_YGR292W,0.0,0.0
unikp,r_4401_FWD,0.0,0.0
unikp,r_4401_REV,0.0,0.0
unikp,r_4402_ENZ_YJR152W_FWD,0.0,0.0
unikp,r_4402_ENZ_YJR152W_REV,0.0,0.0
unikp,r_4402_ENZ_YKR093W_FWD,0.0,0.0
unikp,r_4402_ENZ_YKR093W_REV,0.0,0.0
unikp,r_4403_ENZ_YDR452W,0.0,0.0
unikp,r_4403_ENZ_YHR201C,0.0,0.0
unikp,r_4404_ENZ_YJR152W_FWD,0.0,0.0
unikp,r_4404_ENZ_YJR152W_REV,0.0,0.0
unikp,r_4404_ENZ_YKR093W_FWD,0.0,0.0
unikp,r_4404_ENZ_YKR093W_REV,0.0,0.0
unikp,r_4405_FWD,0.0,0.0
unikp,r_4405_REV,0.0,0.0
unikp,r_4406_FWD,0.0,0.0
unikp,r_4406_REV,0.0,0.0
unikp,r_4407_FWD,0.0,0.0
unikp,r_4407_REV,0.0,0.0
unikp,r_4408_ENZ_YJR152W_FWD,0.0,0.0
unikp,r_4408_ENZ_YJR152W_REV,0.0,0.0
unikp,r_4408_ENZ_YKR093W_FWD,0.0,0.0
unikp,r_4408_ENZ_YKR093W_REV,0.0,0.0
unikp,r_4409,0.0,0.0
unikp,r_4410_FWD,0.0,0.0
unikp,r_4410_REV,0.0,0.0005556951289187
unikp,r_4411,0.0,0.0
unikp,r_4412_ENZ_YGR247W,0.0,0.0
unikp,r_4413,0.0,0.0
unikp,r_4414,0.0,0.0
unikp,r_4415,0.0,0.0
unikp,r_4416,0.0,0.0
unikp,r_4417,0.0,0.0
unikp,r_4418,0.0,0.0
unikp,r_4419_FWD,0.0,0.0
unikp,r_4419_REV,0.0,0.0
unikp,r_4420_ENZ_YBR299W_FWD,0.0,0.0
unikp,r_4420_ENZ_YBR299W_REV,0.0,0.0
unikp,r_4420_ENZ_YGR292W_FWD,0.0,0.0
unikp,r_4420_ENZ_YGR292W_REV,0.0,0.0
unikp,r_4421_FWD,0.0,0.0
unikp,r_4421_REV,0.0,0.0
unikp,r_4422_FWD,0.0,0.0
unikp,r_4422_REV,0.0,0.0005556951289187
unikp,r_4423_FWD,0.0,0.0
unikp,r_4423_REV,0.0,0.0
unikp,r_4424_ENZ_YJR152W_FWD,0.0,0.0
unikp,r_4424_ENZ_YJR152W_REV,0.0,0.0
unikp,r_4424_ENZ_YKR093W_FWD,0.0,0.0
unikp,r_4424_ENZ_YKR093W_REV,0.0,0.0
unikp,r_4425_FWD,0.0,0.0
unikp,r_4425_REV,0.0,0.0
unikp,r_4426_FWD,0.0,0.0
unikp,r_4426_REV,0.0,0.0
unikp,r_4427_FWD,0.0,0.0
unikp,r_4427_REV,0.0,0.0001692312610574
unikp,r_4428_FWD,0.0,0.0
unikp,r_4428_REV,0.0,0.0
unikp,r_4429_ENZ_YJR152W_FWD,0.0,0.0
unikp,r_4429_ENZ_YJR152W_REV,0.0,0.0
unikp,r_4429_ENZ_YKR093W_FWD,0.0,0.0
unikp,r_4429_ENZ_YKR093W_REV,0.0,0.0
unikp,r_4430_FWD,0.0,0.0
unikp,r_4430_REV,0.0,0.0
unikp,r_4431_FWD,0.0,0.0
unikp,r_4431_REV,0.0,0.0
unikp,r_4432,0.0,0.0
unikp,r_4433_FWD,0.0,0.0
unikp,r_4433_REV,0.0,0.0
unikp,r_4434_FWD,0.0,0.0
unikp,r_4434_REV,0.0,0.0
unikp,r_4435_ENZ_YER062C,0.0,0.0
unikp,r_4435_ENZ_YIL053W,0.0,0.0
unikp,r_4436,0.0,0.0
unikp,r_4437_ENZ_YJR152W_FWD,0.0,0.0
unikp,r_4437_ENZ_YJR152W_REV,0.0,0.0
unikp,r_4437_ENZ_YKR093W_FWD,0.0,0.0
unikp,r_4437_ENZ_YKR093W_REV,0.0,0.0
unikp,r_4438_FWD,0.0,0.0
unikp,r_4438_REV,0.0,0.0
unikp,r_4439,0.0,0.0
unikp,r_4440_FWD,0.0,0.000153464951474
unikp,r_4440_REV,0.0,0.0
unikp,r_4441_FWD,0.0,0.0
unikp,r_4441_REV,0.0,0.0
unikp,r_4442,0.0,0.0
unikp,r_4443_FWD,0.0,0.0
unikp,r_4443_REV,0.0,0.0
unikp,r_4444_FWD,0.0,0.0
unikp,r_4444_REV,0.0,0.0014341714977598
unikp,r_4445_FWD,0.0,0.0
unikp,r_4445_REV,0.0,0.0014897747447052
unikp,r_4446_FWD,0.0,0.0
unikp,r_4446_REV,0.0,0.0010995767182087
unikp,r_4447_FWD,0.0,0.0
unikp,r_4447_REV,0.0,0.0004474117427618
unikp,r_4448_ENZ_YJR152W_FWD,0.0,0.0
unikp,r_4448_ENZ_YJR152W_REV,0.0,0.0001535074103827
unikp,r_4448_ENZ_YKR093W_FWD,0.0,0.0
unikp,r_4448_ENZ_YKR093W_REV,0.0,0.0001497239676614
unikp,r_4449_FWD,0.0,0.0
unikp,r_4449_REV,0.0,0.0001533618575027
unikp,r_4450_FWD,0.0,0.0
unikp,r_4450_REV,0.0,0.0009452307248794
unikp,r_4451_FWD,0.0,0.0
unikp,r_4451_REV,0.0,9.694191826936129e-05
unikp,r_4452_FWD,0.0,0.0
unikp,r_4452_REV,0.0,0.0
unikp,r_4453_FWD,0.0,0.0
unikp,r_4453_REV,0.0,0.001099281618668
unikp,r_4454_FWD,0.0,0.0
unikp,r_4454_REV,0.0,0.0001829635532104
unikp,r_4455_FWD,0.0,0.0
unikp,r_4455_REV,0.0,0.001226810689978
unikp,r_4456_FWD,0.0,0.0
unikp,r_4456_REV,0.0,0.0010992617034293
unikp,r_4457_ENZ_YDR093W_FWD,0.0,0.0
unikp,r_4457_ENZ_YDR093W_REV,0.0,0.0
unikp,r_4458_FWD,0.0,0.0
unikp,r_4458_REV,0.0,0.0011442222533666
unikp,r_4459_FWD,0.0,0.0
unikp,r_4459_REV,0.0,0.0015912019660464
unikp,r_4460_FWD,0.0,0.0
unikp,r_4460_REV,0.4984400280434632,0.5056783787882804
unikp,r_4461_FWD,0.0,9.999976488508707e-05
unikp,r_4461_REV,0.0,9.63661638228048e-05
unikp,r_4462_FWD,0.0,0.0
unikp,r_4462_REV,0.0,0.0
unikp,r_4463_FWD,0.0,0.0
unikp,r_4463_REV,0.0,9.822900608408769e-05
unikp,r_4464_FWD,0.0,0.0
unikp,r_4464_REV,0.0,0.0
unikp,r_4465_FWD,0.0,0.0
unikp,r_4465_REV,0.0,0.0
unikp,r_4466_FWD,0.0,0.0
unikp,r_4466_REV,0.0,0.0001673809849959
unikp,r_4467_FWD,0.0,0.0
unikp,r_4467_REV,0.0,0.0
unikp,r_4468_ENZ_YDR342C_FWD,0.0,0.0
unikp,r_4468_ENZ_YDR342C_REV,0.0,0.0
unikp,r_4468_ENZ_YHR092C_FWD,0.0,0.0
unikp,r_4468_ENZ_YHR092C_REV,0.0,0.0
unikp,r_4469_ENZ_YKR039W_FWD,0.0,0.0
unikp,r_4469_ENZ_YKR039W_REV,0.0,0.0001535503097564
unikp,r_4470_FWD,0.0,0.0
unikp,r_4470_REV,0.0,0.0013796006416843
unikp,r_4471_ENZ_YJR152W_FWD,0.0,0.0
unikp,r_4471_ENZ_YJR152W_REV,0.0,0.0004609487975366
unikp,r_4471_ENZ_YKR093W_FWD,0.0,0.0
unikp,r_4471_ENZ_YKR093W_REV,0.0,0.0004314982188974
unikp,r_4472_FWD,0.0,0.0
unikp,r_4472_REV,0.0,0.0004633764038089
unikp,r_4473_ENZ_YJR152W_FWD,0.0,0.0
unikp,r_4473_ENZ_YJR152W_REV,0.0,0.0007942571428481
unikp,r_4473_ENZ_YKR093W_FWD,0.0,0.0
unikp,r_4473_ENZ_YKR093W_REV,0.0,0.0007246207110652
unikp,r_4474_FWD,0.0,0.0
unikp,r_4474_REV,0.0,0.0007955988182053
unikp,r_4475_FWD,0.0,0.0
unikp,r_4475_REV,0.0,0.0003621238931952
unikp,r_4476_FWD,0.0,0.0
unikp,r_4476_REV,0.0,0.0003621238931952
unikp,r_4477_FWD,0.0,0.0
unikp,r_4477_REV,0.0,0.0
unikp,r_4478_FWD,0.0,0.0
unikp,r_4478_REV,0.0,0.0001731307569477
unikp,r_4479_FWD,0.0,0.0
unikp,r_4479_REV,0.0,0.0
unikp,r_4480_FWD,0.0,0.0
unikp,r_4480_REV,0.0,0.0
unikp,r_4481,0.0,0.0003746554161022
unikp,r_4482_FWD,0.0,0.0007929388732551
unikp,r_4482_REV,0.0,0.0
unikp,r_4483_FWD,0.0,0.0007929388732551
unikp,r_4483_REV,0.0,0.0
unikp,r_4484_ENZ_YJR130C_FWD,0.0,0.0
unikp,r_4484_ENZ_YJR130C_REV,0.0,0.000426851708256
unikp,r_4484_ENZ_YLL058W_FWD,0.0,0.0
unikp,r_4484_ENZ_YLL058W_REV,0.0,0.000436934913869
unikp,r_4484_ENZ_YML082W_FWD,0.0,0.0
unikp,r_4484_ENZ_YML082W_REV,0.0,0.0004250408920766
unikp,r_4485,0.0,0.0003738754581227
unikp,r_4486,0.0,0.0003750461525036
unikp,r_4487,0.0,0.0003750461525036
unikp,r_4488,0.0,0.0003750461525036
unikp,r_4489,0.0,0.0
unikp,r_4490_FWD,0.0,0.0
unikp,r_4490_REV,0.0,0.0
unikp,r_4491,0.0,0.0
unikp,r_4492,0.0,0.0
unikp,r_4493_ENZ_YNL065W_FWD,0.0,0.0
unikp,r_4493_ENZ_YNL065W_REV,0.0,0.0002539379544511
unikp,r_4494,0.0,-0.0
unikp,r_4495,0.0,0.0
unikp,r_4496,0.0,0.0007942509154679
unikp,r_4497,0.0,0.0005585453073443
unikp,r_4498,0.0,0.0
unikp,r_4499,0.0,0.0
unikp,r_4500,0.0,-0.0
unikp,r_4501,0.0,0.0
unikp,r_4502,0.0,0.0011014065863318
unikp,r_4503,0.0,0.0
unikp,r_4504,0.0,0.0011014065863347
unikp,r_4505,0.0,0.0
unikp,r_4506,0.0,0.0
unikp,r_4507,0.0,0.0013804168367987
unikp,r_4508,0.0,0.0
unikp,r_4509,0.0,0.0004617037655087
unikp,r_4510,0.0,0.0
unikp,r_4511,0.0,-0.0
unikp,r_4512,0.0,0.0
unikp,r_4513,0.0,0.0
unikp,r_4514,0.0,0.0
unikp,r_4515,0.0,0.0
unikp,r_4516,0.0,0.0
unikp,r_4517,0.0,0.0
unikp,r_4518,0.0,0.0001534798748514
unikp,r_4519,0.0,0.0001536081097719
unikp,r_4520,0.0,0.0008185595539946
unikp,r_4521,0.0,9.684747141913524e-05
unikp,r_4522,0.0,0.0
unikp,r_4523,0.0,0.0014318980646681
unikp,r_4524,0.0,9.710500878476644e-05
unikp,r_4525,0.0,0.0009437609084144
unikp,r_4526,0.0,-0.0
unikp,r_4527,0.4984362413227268,0.5056795567978853
unikp,r_4528,0.0,0.0
unikp,r_4529,0.0,0.0012261277166807
unikp,r_4530,0.0,0.0001093285002404
unikp,r_4531,0.0,0.0004484161702223
unikp,r_4532,0.0,0.0
unikp,r_4533,0.0,0.0
unikp,r_4534,0.0,0.0
unikp,r_4535,0.0,0.0
unikp,r_4536,0.0,0.0
unikp,r_4537,0.0,0.0
unikp,r_4538,0.0,0.0011442822532408
unikp,r_4539,0.0,0.0010996915663044
unikp,r_4540,0.0,0.0
unikp,r_4541,0.0,0.0
unikp,r_4542,0.0,0.0
unikp,r_4543,0.0,0.0014896812511568
unikp,r_4544,0.0,0.0
unikp,r_4545,0.0,0.0
unikp,r_4546,0.0,0.0
unikp,r_4547,0.0,0.0015873984494263
unikp,r_4548,0.0,9.857328217321992e-05
unikp,r_4549,0.0,0.000169195368844
unikp,r_4550,0.0,0.0001731264485591
unikp,r_4551,0.0,0.0
unikp,r_4552,0.0,0.0001516131272552
unikp,r_4553,0.0,0.0
unikp,r_4554,0.0,0.0
unikp,r_4555,0.0,0.0002543484275193
unikp,r_4556,0.0,0.0003627020031267
unikp,r_4557,0.0,0.0001934482818503
unikp,r_4558,0.0,0.0001671635674226
unikp,r_4559,0.0,0.0
unikp,r_4560,0.0,0.0
unikp,r_4561,0.0,0.0
unikp,r_4562,0.0,0.0
unikp,r_4563,0.0,0.0
unikp,r_4564,0.0,0.0
unikp,r_4565,0.0,0.0
unikp,r_4567,0.0,0.002008485147777
unikp,r_4568,0.0,0.0
unikp,r_4569,0.0,-0.0
unikp,r_4570_ENZ_YER081W_FWD,0.0,0.0
unikp,r_4570_ENZ_YER081W_REV,0.044525970242276,0.0462796190689264
unikp,r_4570_ENZ_YIL074C_FWD,0.0,0.0
unikp,r_4570_ENZ_YIL074C_REV,0.0,0.0
unikp,r_4571_FWD,0.0445255113257291,0.046280419011954
unikp,r_4571_REV,0.0,0.0
unikp,r_4572_FWD,0.0,0.0002951044937894
unikp,r_4572_REV,0.0,0.0
unikp,r_4573,0.0,0.0002866853326499
unikp,r_4574,0.0,0.0002977250264724
unikp,r_4575,0.0,0.0002318834331573
unikp,r_4581,0.0445261701470786,0.0462786964881848
unikp,r_4582,0.044531945211087,0.0462800793035918
unikp,r_4583,0.0,0.0009943449991371
unikp,r_4584_ENZ_YER015W,0.0,0.0009713455323525
unikp,r_4584_ENZ_YIL009W,0.0,0.0009917462088206
unikp,r_4584_ENZ_YMR246W,0.0,0.0009512811757015
unikp,r_4584_ENZ_YOR317W,0.0,0.0009825608164264
unikp,r_4585,0.0,0.0
unikp,r_4586,0.0,0.0
unikp,r_4587_ENZ_YOL122C_FWD,4.606689025232462e-05,4.606689025232462e-05
unikp,r_4587_ENZ_YOL122C_REV,0.0,0.0
unikp,r_4588_ENZ_YNL275W_FWD,0.0002738538813077,0.0002738538813077
unikp,r_4588_ENZ_YNL275W_REV,0.0,0.0
unikp,r_4589_ENZ_YOL122C_FWD,0.0001398989960964,0.0001398989960964
unikp,r_4589_ENZ_YOL122C_REV,0.0,0.0
unikp,r_4590_ENZ_YOL130W_FWD,0.0005795512314387,0.0005795512314387
unikp,r_4590_ENZ_YOL130W_REV,0.0,0.0
unikp,r_4591_ENZ_YGL255W_FWD,0.0,0.0001587955702334
unikp,r_4591_ENZ_YGL255W_REV,0.0,0.0
unikp,r_4591_ENZ_YLR130C_FWD,0.0,0.0001587947776992
unikp,r_4591_ENZ_YLR130C_REV,0.0,0.0
unikp,r_4592_ENZ_YGR191W_FWD,0.0,0.0002637818131384
unikp,r_4592_ENZ_YGR191W_REV,0.0,0.0
unikp,r_4592_ENZ_YOL130W_FWD,0.0,0.0002637807828606
unikp,r_4592_ENZ_YOL130W_REV,0.0,0.0
unikp,r_4593_FWD,0.0,0.0
unikp,r_4593_REV,0.0002738538813077,0.0002738679177173
unikp,r_4594_FWD,0.0,0.0
unikp,r_4594_REV,0.0001398989960964,0.0001399067777227
unikp,r_4595_FWD,0.0,0.0
unikp,r_4595_REV,0.0005795512314387,0.0005795809862175
unikp,r_4596_FWD,0.0,0.0
unikp,r_4596_REV,0.0001587927859506,0.0001588003877069
unikp,r_4597_FWD,0.0,0.0
unikp,r_4597_REV,0.0002637792314492,0.0002637920369606
unikp,r_4598,0.2122898232615853,0.2123088951946236
unikp,r_4599,0.2122898232615853,0.2123088951946236
unikp,r_4600_FWD,0.0,0.0
unikp,r_4600_REV,4.606689025232462e-05,4.606914125955956e-05
unikp,r_4601_FWD,0.0,0.0
unikp,r_4601_REV,0.0,0.0
unikp,r_4602_FWD,0.0,0.0
unikp,r_4602_REV,0.0,0.0
unikp,r_4603_FWD,0.0,0.0
unikp,r_4603_REV,0.0,0.0
unikp,r_4604_FWD,0.0,0.0
unikp,r_4604_REV,0.0,0.0
unikp,r_4605_FWD,0.0,0.0
unikp,r_4605_REV,0.0,0.0
unikp,r_4606_FWD,0.0,0.0
unikp,r_4606_REV,0.0,0.0
unikp,r_4607_FWD,0.0,0.0
unikp,r_4607_REV,0.0,0.0022170432289048
unikp,r_4608,0.0,0.0002859254508241
unikp,r_4609_FWD,0.0,0.0022150628167123
unikp,r_4609_REV,0.0,0.0
unikp,r_4610_FWD,0.0,0.0
unikp,r_4610_REV,0.0,0.0126753344836869
unikp,r_4611_FWD,0.0,0.0
unikp,r_4611_REV,0.0,0.0022267124668709
unikp,r_4612_FWD,0.0,0.0
unikp,r_4612_REV,0.0,0.0
unikp,r_4613_FWD,0.0,0.0
unikp,r_4613_REV,0.0,0.0
unikp,r_4614_FWD,0.0,0.0
unikp,r_4614_REV,0.0,0.0
unikp,r_4615_FWD,0.0,0.0
unikp,r_4615_REV,0.0,0.0
unikp,r_4616_FWD,0.0,0.0
unikp,r_4616_REV,0.0,0.0
unikp,r_4617_FWD,0.0,0.0
unikp,r_4617_REV,0.0,0.0
unikp,r_4618_FWD,0.0,0.0
unikp,r_4618_REV,0.0,0.0
unikp,r_4619_FWD,0.0,0.0
unikp,r_4619_REV,0.0,0.0
unikp,r_4620_FWD,0.0,0.0
unikp,r_4620_REV,0.0,0.0
unikp,r_4621_FWD,0.0,0.0004053245844988
unikp,r_4621_REV,0.0,0.0
unikp,r_4622_FWD,0.0,0.0
unikp,r_4622_REV,0.0,0.0
unikp,r_4623_FWD,0.0,0.0
unikp,r_4623_REV,0.0,0.0
unikp,r_4624_FWD,0.0,0.0
unikp,r_4624_REV,0.0,0.0
unikp,r_4625_FWD,0.0,0.0
unikp,r_4625_REV,0.0,0.0
unikp,r_4626_FWD,0.0,0.0
unikp,r_4626_REV,0.0,0.0
unikp,r_4627_FWD,0.0,0.0
unikp,r_4627_REV,0.0,0.0
unikp,r_4628_FWD,0.0,0.0
unikp,r_4628_REV,0.0,0.0
unikp,r_4629_ENZ_YBR177C_FWD,0.0,6.126996744017926e-05
unikp,r_4629_ENZ_YBR177C_REV,0.0,0.0
unikp,r_4629_ENZ_YPL095C_FWD,0.0,6.12699674406902e-05
unikp,r_4629_ENZ_YPL095C_REV,0.0,0.0
unikp,r_4630_ENZ_YBR177C_FWD,0.0,5.841673197701236e-05
unikp,r_4630_ENZ_YBR177C_REV,0.0,0.0
unikp,r_4630_ENZ_YPL095C_FWD,0.0,5.84822592691587e-05
unikp,r_4630_ENZ_YPL095C_REV,0.0,0.0
unikp,r_4631_ENZ_YBR177C_FWD,0.0,5.813298936544764e-05
unikp,r_4631_ENZ_YBR177C_REV,0.0,0.0
unikp,r_4631_ENZ_YPL095C_FWD,0.0,5.826402770012576e-05
unikp,r_4631_ENZ_YPL095C_REV,0.0,0.0
unikp,r_4632_ENZ_YGR015C_FWD,0.0,0.0
unikp,r_4632_ENZ_YGR015C_REV,0.0,0.0
unikp,r_4632_ENZ_YGR177C_FWD,0.0,0.0
unikp,r_4632_ENZ_YGR177C_REV,0.0,0.0
unikp,r_4632_ENZ_YOR377W_FWD,0.0,0.0
unikp,r_4632_ENZ_YOR377W_REV,0.0,0.0
unikp,r_4633_ENZ_YBR177C_FWD,0.0,5.5588956743863466e-05
unikp,r_4633_ENZ_YBR177C_REV,0.0,0.0
unikp,r_4633_ENZ_YPL095C_FWD,0.0,5.563097362701015e-05
unikp,r_4633_ENZ_YPL095C_REV,0.0,0.0
unikp,r_4634_FWD,0.0,6.222692938596505e-05
unikp,r_4634_REV,0.0,0.0
unikp,r_4635_FWD,0.0,5.9441048169657725e-05
unikp,r_4635_REV,0.0,0.0
unikp,r_4636_FWD,0.0,5.816322870355953e-05
unikp,r_4636_REV,0.0,0.0
unikp,r_4637,0.0,0.0
unikp,r_4638,0.0,5.674746359509469e-05
unikp,r_4639_FWD,0.0,6.113383335597938e-05
unikp,r_4639_REV,0.0,0.0
unikp,r_4640_FWD,0.0,5.950850636672164e-05
unikp,r_4640_REV,0.0,0.0
unikp,r_4641_FWD,0.0,5.825252944727013e-05
unikp,r_4641_REV,0.0,0.0
unikp,r_4642,0.0,0.0
unikp,r_4643,0.0,5.674679999339332e-05
unikp,r_4644,0.0,6.138381962230571e-05
unikp,r_4645,0.0,5.951801107047485e-05
unikp,r_4646,0.0,5.824939712807675e-05
unikp,r_4647,0.0,0.0
unikp,r_4648,0.0,5.674679999339332e-05
unikp,r_4649_ENZ_YGR015C,0.0,0.0017712380739296
unikp,r_4650,0.0,0.0017712380739296
unikp,r_4651_ENZ_YGR087C,0.0,0.0008736603550176
unikp,r_4651_ENZ_YLR044C,0.0,0.0009308692408152
unikp,r_4651_ENZ_YLR134W,0.0,0.0009424053421176
unikp,r_4652_ENZ_YBR145W,0.0,0.0009424053421176
unikp,r_4652_ENZ_YDL168W,0.0,0.00091209327462
unikp,r_4652_ENZ_YOL086C,0.0,0.0009524186016461
unikp,r_4653_ENZ_YGL256W,0.0,0.0
unikp,r_4653_ENZ_YMR083W,0.0,0.0
unikp,r_4654_ENZ_YCR105W,0.0,0.0008400279345124
unikp,r_4654_ENZ_YDR368W,0.0,0.0008240996615193
unikp,r_4654_ENZ_YMR318C,0.0,0.0008401481666978
unikp,r_4655_FWD,0.0,0.0
unikp,r_4655_REV,0.0,0.0
unikp,r_4656_FWD,0.0,0.0009012245506351
unikp,r_4656_REV,0.0,0.0
unikp,r_4657_FWD,0.0,0.0009349936595327
unikp,r_4657_REV,0.0,0.0
unikp,r_4658,0.0,0.0009018747568009
unikp,r_4659,0.0,0.0009412550250909
unikp,r_4660_ENZ_YHR137W_FWD,0.0,0.0001295941394461
unikp,r_4660_ENZ_YHR137W_REV,0.0,0.0
unikp,r_4661_ENZ_YBR145W,0.0,0.0001297406772261
unikp,r_4661_ENZ_YDL168W,0.0,0.0001289943668667
unikp,r_4661_ENZ_YOL086C,0.0,0.0001294080548897
unikp,r_4662_ENZ_YGL256W,0.0,0.0
unikp,r_4662_ENZ_YMR083W,0.0,0.0
unikp,r_4663_ENZ_YCR105W,0.0,0.0001277747155472
unikp,r_4663_ENZ_YDR368W,0.0,0.0001277747155472
unikp,r_4663_ENZ_YMR318C,0.0,0.0001278310878643
unikp,r_4664_FWD,0.0,0.0
unikp,r_4664_REV,0.0,0.0
unikp,r_4665_FWD,0.0,0.0001287597881395
unikp,r_4665_REV,0.0,0.0
unikp,r_4666_FWD,0.0,0.0001296429465648
unikp,r_4666_REV,0.0,0.0
unikp,r_4667,0.0,0.0001291822281124
unikp,r_4668,0.0,0.0001296396529737
unikp,r_4669_ENZ_YGR087C,0.0,0.0002376729159352
unikp,r_4669_ENZ_YLR044C,0.0,0.0002424647386634
unikp,r_4669_ENZ_YLR134W,0.0,0.000240597449622
unikp,r_4670_ENZ_YBR145W,0.0,0.0002425574203404
unikp,r_4670_ENZ_YDL168W,0.0,0.000240503547005
unikp,r_4670_ENZ_YOL086C,0.0,0.0002420354435792
unikp,r_4671_ENZ_YGL256W,0.0,0.0
unikp,r_4671_ENZ_YMR083W,0.0,0.0
unikp,r_4672_ENZ_YCR105W,0.0,0.0002355150822841
unikp,r_4672_ENZ_YDR368W,0.0,0.0002335011802914
unikp,r_4672_ENZ_YMR318C,0.0,0.0002407375522388
unikp,r_4673_FWD,0.0,0.0
unikp,r_4673_REV,0.0,0.0
unikp,r_4674_FWD,0.0,0.0002402875869095
unikp,r_4674_REV,0.0,0.0
unikp,r_4675_FWD,0.0,0.0002429442162703
unikp,r_4675_REV,0.0,0.0
unikp,r_4676,0.0,0.0002393224506291
unikp,r_4677,0.0,0.0002423559439964
unikp,r_4678_ENZ_YMR169C_FWD,0.0,0.000448284286604
unikp,r_4678_ENZ_YMR169C_REV,0.0,0.0002349243390042
unikp,r_4678_ENZ_YMR170C_FWD,0.0,0.0004571243942827
unikp,r_4678_ENZ_YMR170C_REV,0.0,0.0002388364157052
unikp,r_4678_ENZ_YOR374W_FWD,0.0,0.0004534577372916
unikp,r_4678_ENZ_YOR374W_REV,0.0,0.000238914466053
unikp,r_4679_ENZ_YER015W_FWD,0.0,0.0004300052823627
unikp,r_4679_ENZ_YER015W_REV,0.0,0.0002388473453996
unikp,r_4679_ENZ_YIL009W_FWD,0.0,0.0004459677286724
unikp,r_4679_ENZ_YIL009W_REV,0.0,0.0002337187454452
unikp,r_4679_ENZ_YMR246W_FWD,0.0,0.0004580237609736
unikp,r_4679_ENZ_YMR246W_REV,0.0,0.0002389326431262
unikp,r_4679_ENZ_YOR317W_FWD,0.0,0.0004247809696672
unikp,r_4679_ENZ_YOR317W_REV,0.0,0.0002395129417376
unikp,r_4680_ENZ_YBR177C_FWD,0.0,0.0004736882116786
unikp,r_4680_ENZ_YBR177C_REV,0.0,0.0
unikp,r_4680_ENZ_YPL095C_FWD,0.0,0.0005029924801933
unikp,r_4680_ENZ_YPL095C_REV,0.0,0.0
unikp,r_4681_FWD,0.0,0.0004570319006724
unikp,r_4681_REV,0.0,0.0002406433809487
unikp,r_4682_FWD,0.0,5.824939712807675e-05
unikp,r_4682_REV,0.0,0.0
unikp,r_4683_FWD,0.0,6.138381962230571e-05
unikp,r_4683_REV,0.0,0.0
unikp,r_4684_FWD,0.0,5.951801107047485e-05
unikp,r_4684_REV,0.0,0.0
unikp,r_4685_FWD,0.0,5.674679999339332e-05
unikp,r_4685_REV,0.0,0.0
unikp,r_4686_FWD,0.0,0.0002391019831923
unikp,r_4686_REV,0.0,0.0004570256450512
unikp,r_4687_ENZ_YGR015C,0.0,0.0001974766580595
unikp,r_4687_ENZ_YGR177C,0.0,0.000197153195274
unikp,r_4687_ENZ_YOR377W,0.0,0.000197153195274
unikp,r_4688,0.0,0.0001974766580595
unikp,r_4689,0.0,0.0001974766580595
unikp,r_4690_ENZ_YGR015C,0.0,0.0001173475491722
unikp,r_4690_ENZ_YGR177C,0.0,0.0001171324724276
unikp,r_4690_ENZ_YOR377W,0.0,0.000117132572199
unikp,r_4691,0.0,0.0001173475491722
unikp,r_4692,0.0,0.0001173475491722
unikp,r_4693_ENZ_YGR015C,0.0,0.0004166541084021
unikp,r_4693_ENZ_YGR177C,0.0,0.0003960778823927
unikp,r_4693_ENZ_YOR377W,0.0,0.0004099268361274
unikp,r_4694,0.0,0.0004166541084021
unikp,r_4695,0.0,0.0004166541084021
unikp,r_4697_FWD,0.0,0.0004775710576489
unikp,r_4697_REV,0.0,0.0
unikp,r_4698_ENZ_YKL217W,0.0,0.0004632086233209
unikp,r_4698_ENZ_YNL065W,0.0,0.0004775710576489
unikp,r_4699,0.0,0.0004758013748284
unikp,r_4700_ENZ_YIL166C,0.0,0.0003726705970873
unikp,r_4701_ENZ_YFR055W_FWD,0.0,0.000404186317168
unikp,r_4701_ENZ_YFR055W_REV,0.0,0.0
unikp,r_4702_FWD,0.0,0.0003362146746887
unikp,r_4702_REV,0.0,0.0
unikp,r_4703_ENZ_YOR251C,0.0,0.0003373340797857
unikp,r_4704_ENZ_YIL166C,0.0,0.0
unikp,r_4705_ENZ_YIL166C,0.0,0.0
unikp,r_4706_ENZ_YLL057C_FWD,0.0,0.0
unikp,r_4706_ENZ_YLL057C_REV,0.0,0.0
unikp,r_4707_FWD,0.0,0.0
unikp,r_4707_REV,0.0,0.0
unikp,r_4708,0.0,0.000372742654513
unikp,r_4709,0.0,0.0
unikp,r_4710,0.0,-0.0
unikp,r_4711_ENZ_YOR126C_FWD,0.0,0.0009567616723227
unikp,r_4711_ENZ_YOR126C_REV,0.0,0.0
unikp,r_4712_ENZ_YOR126C_FWD,0.0,0.0011230514109152
unikp,r_4712_ENZ_YOR126C_REV,0.0,0.0
unikp,r_4713_ENZ_YOR126C_FWD,0.0,0.0021803982530691
unikp,r_4713_ENZ_YOR126C_REV,0.0,0.0
unikp,r_4714_ENZ_YOR126C_FWD,0.0,0.0015002195899011
unikp,r_4714_ENZ_YOR126C_REV,0.0,0.0
unikp,r_4715_ENZ_YOR126C_FWD,0.0,0.0
unikp,r_4715_ENZ_YOR126C_REV,0.0,0.0
unikp,r_4716_ENZ_YOR126C_FWD,0.0,0.0076174515766678
unikp,r_4716_ENZ_YOR126C_REV,0.0,0.0
unikp,r_4717_ENZ_YOR126C_FWD,0.0,0.0
unikp,r_4717_ENZ_YOR126C_REV,0.0,0.0
unikp,r_4718_ENZ_YOR374W_FWD,0.0,0.0005300839183668
unikp,r_4718_ENZ_YOR374W_REV,0.0,0.0
unikp,r_4718_ENZ_YPL061W_FWD,0.0,0.0005422050842412
unikp,r_4718_ENZ_YPL061W_REV,0.0,0.0
unikp,r_4719_ENZ_YOR374W_FWD,0.0,0.0005658261812149
unikp,r_4719_ENZ_YOR374W_REV,0.0,0.0
unikp,r_4719_ENZ_YPL061W_FWD,0.0,0.0005888047928823
unikp,r_4719_ENZ_YPL061W_REV,0.0,0.0
unikp,r_4720_ENZ_YOR126C_FWD,0.0,0.0005409929333558
unikp,r_4720_ENZ_YOR126C_REV,0.0,0.0
unikp,r_4721_ENZ_YOR126C_FWD,0.0,0.0005878700774507
unikp,r_4721_ENZ_YOR126C_REV,0.0,0.0
unikp,r_4722_ENZ_YJL012C,0.0,0.0007107745545336
unikp,r_4723_ENZ_YDR452W_FWD,0.0,0.0010466317920847
unikp,r_4723_ENZ_YDR452W_REV,0.0,0.0009692902452106
unikp,r_4723_ENZ_YHR201C_FWD,0.0,0.001008326470511
unikp,r_4723_ENZ_YHR201C_REV,0.0,0.0009510740666668
unikp,r_4724_ENZ_YDR452W_FWD,0.0,0.0066272200249111
unikp,r_4724_ENZ_YDR452W_REV,0.0,0.0030278855713006
unikp,r_4724_ENZ_YHR201C_FWD,0.0,0.0056349231452524
unikp,r_4724_ENZ_YHR201C_REV,0.0,0.0028567712697814
unikp,r_4725_ENZ_YDR452W_FWD,0.0,0.0
unikp,r_4725_ENZ_YDR452W_REV,0.0,0.0
unikp,r_4725_ENZ_YHR201C_FWD,0.0,0.0
unikp,r_4725_ENZ_YHR201C_REV,0.0,0.0
unikp,r_4726_FWD,0.0,0.0009591664362538
unikp,r_4726_REV,0.0,0.0
unikp,r_4727,0.0,0.0009591664362538
unikp,r_4728_FWD,0.0,0.0011230497821834
unikp,r_4728_REV,0.0,0.0
unikp,r_4729,0.0,0.0011236379313501
unikp,r_4730_FWD,0.0,0.0021856583754538
unikp,r_4730_REV,0.0,0.0
unikp,r_4731,0.0,0.0021856583754538
unikp,r_4732_FWD,0.0,0.0015061603870687
unikp,r_4732_REV,0.0,0.0
unikp,r_4733,0.0,0.0015061603870687
unikp,r_4734_FWD,0.0,0.0
unikp,r_4734_REV,0.0,0.0
unikp,r_4735,0.0,0.0
unikp,r_4736_FWD,0.0,0.0075977928605435
unikp,r_4736_REV,0.0,0.0
unikp,r_4737,0.0,0.0076357258550192
unikp,r_4738_FWD,0.0,0.0
unikp,r_4738_REV,0.0,0.0
unikp,r_4739,0.0,0.0
unikp,r_4740_FWD,0.0,0.000540969196053
unikp,r_4740_REV,0.0,0.0
unikp,r_4741,0.0,0.000540969196053
unikp,r_4742_FWD,0.0,0.0005878615746573
unikp,r_4742_REV,0.0,0.0
unikp,r_4743,0.0,0.0005946991969065
unikp,r_4744_FWD,0.0,0.0009693242498845
unikp,r_4744_REV,0.0,0.0010505578735121
unikp,r_4745_FWD,0.0,0.0066003560408937
unikp,r_4745_REV,0.0,0.0030355173342168
unikp,r_4746_FWD,0.0,0.0
unikp,r_4746_REV,0.0,0.0
unikp,r_4747_ENZ_YDR020C,0.0,0.00120624948718
unikp,r_4747_ENZ_YNR012W,0.0,0.0014271715557576
unikp,r_4748_ENZ_YFL053W,0.0,0.0
unikp,r_4748_ENZ_YML070W,0.0,0.0
unikp,r_4749_ENZ_YLR209C_FWD,0.0,0.0015943106191041
unikp,r_4749_ENZ_YLR209C_REV,0.0,0.000335293804099
unikp,r_4750_ENZ_YBR019C_FWD,0.0,0.0
unikp,r_4750_ENZ_YBR019C_REV,0.0,0.0
unikp,r_4751_ENZ_YEL066W,0.0,0.0
unikp,r_4751_ENZ_YPR193C,0.0,0.0
unikp,r_4752_ENZ_YLR146C,0.0,0.0
unikp,r_4752_ENZ_YPR069C,0.0,0.0
unikp,r_4753_ENZ_YPL214C_FWD,0.0,0.0
unikp,r_4753_ENZ_YPL214C_REV,0.0,0.0
unikp,r_4754_ENZ_YDR538W_FWD,0.0,0.0
unikp,r_4754_ENZ_YDR538W_REV,0.0,0.0
unikp,r_4755_ENZ_YDL178W,0.0,0.0
unikp,r_4755_ENZ_YEL071W,0.0,0.0
unikp,r_4756_ENZ_YDR400W,0.0,0.0006693024782406
unikp,r_4757_ENZ_YDR109C_FWD,0.0,0.0
unikp,r_4757_ENZ_YDR109C_REV,0.0,0.0
unikp,r_4758_ENZ_YLR209C_FWD,0.0,0.0
unikp,r_4758_ENZ_YLR209C_REV,0.0,0.0
unikp,r_4759_ENZ_YGL067W,0.0,-0.0
unikp,r_4760_ENZ_YER023W_FWD,0.0,0.004890089425839
unikp,r_4760_ENZ_YER023W_REV,0.0,0.0
unikp,r_4761_ENZ_YJL060W,0.0,0.0
unikp,r_4762_ENZ_YDR036C_FWD,0.0,0.0
unikp,r_4762_ENZ_YDR036C_REV,0.0,0.0
unikp,r_4763_ENZ_YAL060W_FWD,0.0,0.0
unikp,r_4763_ENZ_YAL060W_REV,0.0,0.0
unikp,r_4763_ENZ_YAL061W_FWD,0.0,0.0
unikp,r_4763_ENZ_YAL061W_REV,0.0,0.0
unikp,r_4764_ENZ_YPR062W,0.0,-0.0
unikp,r_4765_ENZ_YIR032C,0.0,0.0
unikp,r_4766_ENZ_YJL005W,0.0,0.0012660943226925
unikp,r_4767_ENZ_YJL060W,0.0,0.0
unikp,r_4768_ENZ_YDR481C,0.0,0.0
unikp,r_4769_ENZ_YDR305C,0.0,-0.0
unikp,r_4770_ENZ_YKL067W,0.0,-0.0
unikp,r_4771_ENZ_YKL067W,0.0,0.0
unikp,r_4772_ENZ_YKL067W,0.0,-0.0
unikp,r_4773_ENZ_YKL067W,0.0,0.0
unikp,r_4774_ENZ_YKL067W,0.0,-0.0
unikp,r_4775_ENZ_YKL067W,0.0,0.0019944637226526
unikp,r_4776_ENZ_YKL067W,0.0,0.0
unikp,r_4777_ENZ_YKL067W_FWD,0.0,0.0
unikp,r_4777_ENZ_YKL067W_REV,0.0,0.0
unikp,r_4778_ENZ_YKL067W_FWD,0.0,0.0
unikp,r_4778_ENZ_YKL067W_REV,0.0,0.0
unikp,r_4779_FWD,0.0,3.617714389259972e-05
unikp,r_4779_REV,0.0,2.069382087931487e-05
unikp,r_4780,0.0,3.617714389259972e-05
unikp,r_4781_ENZ_YGR144W,0.0,2.5474779692455025e-07
unikp,r_4782_ENZ_YGR144W,0.0,2.5474779692455025e-07
